datetime,open,high,low,close,volume
2020-01-02 00:00:00-05:00,71.34405442839761,72.39408555090253,71.0911838210517,72.33387756347656,135480400
2020-01-03 00:00:00-05:00,71.56320547713457,72.38925722098051,71.40666619485818,71.6306381225586,146322800
2020-01-06 00:00:00-05:00,70.75402846338375,72.23995764322866,70.5035611498287,72.20142364501953,118387200
2020-01-07 00:00:00-05:00,72.21105649751387,72.46633779595872,71.6426965801033,71.86185455322266,108872000
2020-01-08 00:00:00-05:00,71.56561372170107,73.31886979288494,71.56561372170107,73.01782989501953,132079200
2020-01-09 00:00:00-05:00,73.99319481949146,74.76144921222713,73.7427349209394,74.56878662109375,170108400
2020-01-10 00:00:00-05:00,74.8024026801614,75.30092656417412,74.23644614635045,74.73737335205078,140644800
2020-01-13 00:00:00-05:00,75.05287082554342,76.36058652225458,74.93485817482635,76.33409118652344,121532000
2020-01-14 00:00:00-05:00,76.27147857331117,76.48100118582082,75.18051017572739,75.30332946777344,161954400
2020-01-15 00:00:00-05:00,75.10344798902688,75.98248317068368,74.54953007278792,74.98062133789062,121923600
2020-01-16 00:00:00-05:00,75.52251236445157,76.03067174908531,75.16126433399904,75.91988372802734,108829200
2020-01-17 00:00:00-05:00,76.16790133072386,76.76275640961391,75.86204746774389,76.7603530883789,137816400
2020-01-21 00:00:00-05:00,76.38948797518701,76.8302072165908,76.10289736234121,76.24017333984375,110843200
2020-01-22 00:00:00-05:00,76.72423978617735,77.06381371935198,76.41838585398544,76.51231384277344,101832400
2020-01-23 00:00:00-05:00,76.56529382668359,76.96025438766408,76.01860061750638,76.88078308105469,104472000
2020-01-24 00:00:00-05:00,77.1264324079885,77.86819158420508,76.46895853504518,76.65921783447266,146537600
2020-01-27 00:00:00-05:00,74.67235687385795,75.08417746726008,73.42484908589569,74.40503692626953,161940000
2020-01-28 00:00:00-05:00,75.28406170066347,76.68088393464757,75.18531972883665,76.50989532470703,162234000
2020-01-29 00:00:00-05:00,78.13793790519387,78.95676515736241,77.39858197163568,78.11144256591797,216229200
2020-01-30 00:00:00-05:00,77.19628560206807,78.05123619869995,76.7651942962083,77.99825286865234,126743200
2020-01-31 00:00:00-05:00,77.29020649112265,77.71166246110458,74.24609404973549,74.53990936279297,199588400
2020-02-03 00:00:00-05:00,73.28515870612867,75.4984048922783,72.78423148900761,74.33518981933594,173788400
2020-02-04 00:00:00-05:00,75.93672133535755,76.97952779146334,75.53212542449515,76.78926849365234,136616400
2020-02-05 00:00:00-05:00,77.91396771511286,78.21260439944355,76.81337103650588,77.41545104980469,118826800
2020-02-06 00:00:00-05:00,77.68517600247516,78.32337929968051,77.12885469909907,78.32096862792969,105425600
2020-02-07 00:00:00-05:00,77.82125391424971,78.06989925267796,76.76632167871378,77.2563705444336,117684000
2020-02-10 00:00:00-05:00,75.84414097834794,77.62328338623047,75.76448107418051,77.62328338623047,109348800
2020-02-11 00:00:00-05:00,78.11818867514276,78.19060679185898,76.93772180330761,77.15498352050781,94323200
2020-02-12 00:00:00-05:00,77.60396869052254,78.99203855171046,77.60396869052254,78.98721313476562,113730400
2020-02-13 00:00:00-05:00,78.26060628866534,78.7506551305069,78.05782821966719,78.42475891113281,94747600
2020-02-14 00:00:00-05:00,78.3933612458328,78.69270656111114,77.93711251400148,78.44406127929688,80113600
2020-02-18 00:00:00-05:00,76.12897845098405,77.18874299339366,75.94792588727789,77.0076904296875,152531200
2020-02-19 00:00:00-05:00,77.24912158938099,78.35233737517142,77.24912158938099,78.12300109863281,93984000
2020-02-20 00:00:00-05:00,77.88401513292217,78.37164756799683,76.81700838375629,77.32154083251953,100566000
2020-02-21 00:00:00-05:00,76.9160079617277,77.35778064143899,74.95581205860155,75.5713882446289,129554000
2020-02-24 00:00:00-05:00,71.75959476642028,73.43010258149737,69.82112528029087,71.98168182373047,222195200
2020-02-25 00:00:00-05:00,72.65040328612861,73.0318176639516,69.07280081018256,69.54353332519531,230673600
2020-02-26 00:00:00-05:00,69.16935530367469,71.90928692764982,69.16211349223191,70.64674377441406,198054800
2020-02-27 00:00:00-05:00,67.85852144500781,69.04139705399142,65.8934935311334,66.02867889404297,320605600
2020-02-28 00:00:00-05:00,62.10346116385855,67.20914325476264,61.88860853206062,65.99005126953125,426510000
2020-03-02 00:00:00-05:00,68.14338175177791,72.76867383608672,67.04258234775999,72.13378143310547,341397200
2020-03-03 00:00:00-05:00,73.30702283331924,73.3866827671886,68.99313499680584,69.84288024902344,319475600
2020-03-04 00:00:00-05:00,71.56165746891385,73.24182384454771,70.76261243598904,73.0824966430664,219178400
2020-03-05 00:00:00-05:00,71.33957264179317,72.31242862903635,70.3474076125405,70.71192932128906,187572800
2020-03-06 00:00:00-05:00,68.07579124975517,70.2049720207652,67.88991319528947,69.77285766601562,226176800
2020-03-09 00:00:00-04:00,63.67016438238683,67.13188921300795,63.48911178224734,64.25436401367188,286744800
2020-03-10 00:00:00-04:00,66.90257561810807,69.14762542571471,65.0268655374001,68.882080078125,285290000
2020-03-11 00:00:00-04:00,66.96294054735044,67.88751298901103,65.62797171834961,66.48978424072266,255598800
2020-03-12 00:00:00-04:00,61.78482214303871,65.17895530003963,59.868077460777144,59.92359924316406,418474000
2020-03-13 00:00:00-04:00,63.94537376560975,67.57366791219874,61.06301183278901,67.1029281616211,370732000
2020-03-16 00:00:00-04:00,58.40756965352153,62.54280864814437,57.93683361708763,58.4703369140625,322423600
2020-03-17 00:00:00-04:00,59.74978006097213,62.1879532458274,57.55059398806874,61.041290283203125,324056000
2020-03-18 00:00:00-04:00,57.881318208922394,60.35087498179023,57.24159672400037,59.547000885009766,300233600
2020-03-19 00:00:00-04:00,59.72081496454535,61.03646337436918,58.56690646649194,59.09075164794922,271857200
2020-03-20 00:00:00-04:00,59.67010772190427,60.79263606329375,55.03999095282429,55.339332580566406,401693200
2020-03-23 00:00:00-04:00,55.05931255400759,55.16070158535809,51.32479999006741,54.16370391845703,336752800
2020-03-24 00:00:00-04:00,57.05812866753022,59.79323063321941,56.56083807077307,59.597694396972656,287531200
2020-03-25 00:00:00-04:00,60.53192941719469,62.34245572079971,58.974877532799404,59.26939010620117,303602000
2020-03-26 00:00:00-04:00,59.51080620940923,62.44627067816228,59.472180756044146,62.388336181640625,252087200
2020-03-27 00:00:00-04:00,61.01473571142301,61.767913466106,59.638736473627105,59.80530548095703,204216800
2020-03-30 00:00:00-04:00,60.529513617295876,61.683422027854625,60.206030134757754,61.51202392578125,167976400
2020-03-31 00:00:00-04:00,61.70274302705608,63.3660094986333,60.8336888557072,61.38650131225586,197002000
2020-04-01 00:00:00-04:00,59.50596168562525,60.041877740721404,57.726819101176545,58.156517028808594,176218400
2020-04-02 00:00:00-04:00,58.018915768998035,59.18006600388776,57.188487147319506,59.126956939697266,165934000
2020-04-03 00:00:00-04:00,58.61276473473643,59.3128333420279,57.688188979235456,58.27721405029297,129880000
2020-04-06 00:00:00-04:00,60.568138982385115,63.51567376682207,60.201208300554335,63.36117935180664,201820400
2020-04-07 00:00:00-04:00,65.37207245676143,65.58934152567265,62.52351377225885,62.627315521240234,202887200
2020-04-08 00:00:00-04:00,63.42636197678972,64.54406151460887,63.061847651130236,64.23023986816406,168895200
2020-04-09 00:00:00-04:00,64.86512738575412,65.19584902236409,63.89951332637289,64.6937255859375,161834800
2020-04-13 00:00:00-04:00,64.77095221186505,66.07212020557337,64.17226906721153,65.96348571777344,131022800
2020-04-14 00:00:00-04:00,67.59298426311395,69.58456326372355,67.12224446160415,69.29487609863281,194994800
2020-04-15 00:00:00-04:00,68.17235803124424,69.12107217268907,67.74507641878203,68.66240692138672,131154400
2020-04-16 00:00:00-04:00,69.37454631683273,69.57249897577765,68.16028687860133,69.20797729492188,157125200
2020-04-17 00:00:00-04:00,68.72516946310567,69.27074378183441,66.83497575491855,68.26891326904297,215250000
2020-04-20 00:00:00-04:00,67.09809629652644,67.9985265094596,66.83255101061553,66.85186004638672,130015200
2020-04-21 00:00:00-04:00,66.69494058852548,66.92910221467082,64.07571185080862,64.78543853759766,180991600
2020-04-22 00:00:00-04:00,66.05041238241853,67.0860355273564,65.71003990834832,66.6515121459961,116862400
2020-04-23 00:00:00-04:00,66.59598178954948,68.01543553598502,66.35457829164004,66.39320373535156,124814400
2020-04-24 00:00:00-04:00,66.91704870248016,68.31960235496462,66.86876505886688,68.30994415283203,126161200
2020-04-27 00:00:00-04:00,68.02750920842628,68.68895986495261,67.58091858862758,68.35823822021484,117087600
2020-04-28 00:00:00-04:00,68.81931364694016,69.00036629064134,67.1584635837108,67.25019073486328,112004800
2020-04-29 00:00:00-04:00,68.73481211774124,69.92734583940624,68.53203408860236,69.45902252197266,137280800
2020-04-30 00:00:00-04:00,69.99735834734561,71.10057413486881,69.60870223992275,70.92434692382812,183064000
2020-05-01 00:00:00-04:00,69.10176434791705,72.1796595284793,69.00520440389795,69.78252410888672,240616800
2020-05-04 00:00:00-04:00,69.80665406694762,70.89779524622708,69.11865261133845,70.76985168457031,133568000
2020-05-05 00:00:00-04:00,71.2285148811078,72.66245223551824,71.08367131021836,71.83202362060547,147751200
2020-05-06 00:00:00-04:00,72.5321011645588,73.20320267035598,72.14827044329485,72.5731430053711,142333600
2020-05-07 00:00:00-04:00,73.19838637752463,73.66912625746833,72.89663193321505,73.32391357421875,115215200
2020-05-08 00:00:00-04:00,73.98229650289032,75.1223827731926,73.65551811313698,75.06912994384766,133838400
2020-05-11 00:00:00-04:00,74.57777409776222,76.74418013279127,74.36960120604306,76.2503890991211,145946400
2020-05-12 00:00:00-04:00,76.93297679324957,77.3832066763356,75.25794640867731,75.37897491455078,162301200
2020-05-13 00:00:00-04:00,75.55808267285332,76.4779036027934,73.39409274246334,74.46882629394531,200622400
2020-05-14 00:00:00-04:00,73.70877656980059,74.98683718466037,72.98744407851115,74.92632293701172,158929200
2020-05-15 00:00:00-04:00,72.70180190645536,74.52932881095421,72.66791038979864,74.48333740234375,166348400
2020-05-18 00:00:00-04:00,75.80499689236754,76.61104348348049,75.11513293810333,76.23827362060547,135178400
2020-05-19 00:00:00-04:00,76.2552363889688,77.10001317641341,75.7662837802092,75.7977523803711,101729600
2020-05-20 00:00:00-04:00,76.65460843756124,77.34204942619355,76.6158784313997,77.27185821533203,111504800
2020-05-21 00:00:00-04:00,77.1338698714014,77.67365953830173,76.45852890117943,76.69574737548828,102688800
2020-05-22 00:00:00-04:00,76.43434344951643,77.27186606725144,76.3326836366315,77.18956756591797,81803200
2020-05-26 00:00:00-04:00,78.30543299444078,78.48455279572174,76.61103413521022,76.66670989990234,125522000
2020-05-27 00:00:00-04:00,76.52390248864035,77.14598335609439,75.78562421645006,77.00074768066406,112945200
2020-05-28 00:00:00-04:00,76.67639044487011,78.29091382648822,76.4004493161322,77.03463745117188,133560800
2020-05-29 00:00:00-04:00,77.27666578832086,77.7365724236802,76.60374789776591,76.9595718383789,153532400
2020-06-01 00:00:00-04:00,76.91359380175058,78.02705721931588,76.78288098389504,77.9060287475586,80791200
2020-06-02 00:00:00-04:00,77.63976650286615,78.2909002875674,77.19922108217762,78.26669311523438,87642800
2020-06-03 00:00:00-04:00,78.58621903033732,78.95898884323296,78.01496072344597,78.69756317138672,104491200
2020-06-04 00:00:00-04:00,78.52085794063949,78.81858326292213,77.64702850562604,78.0197982788086,87560400
2020-06-05 00:00:00-04:00,78.26913445919533,80.3024118345787,78.24008880036028,80.24189758300781,137250400
2020-06-08 00:00:00-04:00,79.93929273959654,80.75018484735844,79.23006778203666,80.71629333496094,95654400
2020-06-09 00:00:00-04:00,80.39681304328083,83.6573136410901,80.36534445233356,83.26518249511719,147712400
2020-06-10 00:00:00-04:00,84.21159457751038,85.87452430935225,83.77347217663464,85.40735626220703,166651600
2020-06-11 00:00:00-04:00,84.55293109627195,84.97653085136815,81.20528599627451,81.30694580078125,201662400
2020-06-12 00:00:00-04:00,83.44189186655679,84.18742419889422,80.90029328946143,82.0089111328125,200146000
2020-06-15 00:00:00-04:00,80.665491974399,83.67425858934295,80.50331054070764,83.02312469482422,138808800
2020-06-16 00:00:00-04:00,85.07332981023045,85.49451390772815,83.44186840333514,85.22340393066406,165428800
2020-06-17 00:00:00-04:00,85.96653487900272,86.02704912393895,84.98378413219785,85.10481262207031,114406400
2020-06-18 00:00:00-04:00,85.06123476532262,85.55503301794639,84.53112944713651,85.1386947631836,96820400
2020-06-19 00:00:00-04:00,85.84308414219812,86.30782937031772,83.54595856056092,84.65216064453125,264476000
2020-06-22 00:00:00-04:00,85.04429286253834,87.00979422869749,84.99830144840965,86.86698150634766,135445200
2020-06-23 00:00:00-04:00,88.10871902854637,90.13715720348478,87.68995789692363,88.72112274169922,212155600
2020-06-24 00:00:00-04:00,88.35079901624333,89.26819705246864,86.78226710315806,87.15503692626953,192623200
2020-06-25 00:00:00-04:00,87.30994555491553,88.35078749388231,86.55230611311778,88.31205749511719,137522400
2020-06-26 00:00:00-04:00,88.20797597788908,88.42824869367755,85.4509437109353,85.59860229492188,205256800
2020-06-29 00:00:00-04:00,85.50661981464565,87.66577111516035,85.02976731524565,87.57136535644531,130646000
2020-06-30 00:00:00-04:00,87.15985911945725,88.58800096545747,87.1404978146636,88.3023681640625,140223200
2020-07-01 00:00:00-04:00,88.37984062385425,88.92204587845694,88.08695375546539,88.13536071777344,110737200
2020-07-02 00:00:00-04:00,89.04065881814572,89.67484690422407,88.02160103220285,88.13536071777344,114041600
2020-07-06 00:00:00-04:00,89.56109809240039,90.96018738333704,89.52962949763806,90.4930191040039,118655600
2020-07-07 00:00:00-04:00,90.87061453958542,91.6476154008952,90.10087509241899,90.21221923828125,112424400
2020-07-08 00:00:00-04:00,91.1877146099101,92.34474679060094,91.10057024745561,92.31327819824219,117092000
2020-07-09 00:00:00-04:00,93.20403412942578,93.2572869587544,91.66455533300416,92.71024322509766,125642800
2020-07-10 00:00:00-04:00,92.30599364635842,92.93050469526396,91.69601281004776,92.87240600585938,90257200
2020-07-13 00:00:00-04:00,94.17468319640058,96.77921853086478,92.23096604261153,92.44397735595703,191649200
2020-07-14 00:00:00-04:00,91.82672629574613,94.16499745387678,90.89481289415856,93.9737777709961,170989200
2020-07-15 00:00:00-04:00,95.84488685944433,96.09420527190387,93.42431687945134,94.62007904052734,153198000
2020-07-16 00:00:00-04:00,93.49449476804814,94.31022548870118,92.8578838224014,93.45576477050781,110577600
2020-07-17 00:00:00-04:00,93.90600938284572,94.06092201052024,92.79496133182224,93.26697540283203,92186800
2020-07-20 00:00:00-04:00,93.35411067179673,95.37044189094031,93.01038653957822,95.23246765136719,90318000
2020-07-21 00:00:00-04:00,96.02160517867179,96.0966422680727,93.66881051834147,93.91812896728516,103433200
2020-07-22 00:00:00-04:00,93.62038702393836,94.86214066616996,93.53325004616464,94.18196105957031,89001600
2020-07-23 00:00:00-04:00,93.91568143989768,93.99314144318696,89.08664931990235,89.8951187133789,197004400
2020-07-24 00:00:00-04:00,88.09664593771886,90.01615612762265,86.31267968652797,89.67243194580078,185438800
2020-07-27 00:00:00-04:00,90.7326345162056,91.88966654711753,90.50994623863684,91.79768371582031,121214000
2020-07-28 00:00:00-04:00,91.36925259131361,91.54595685387366,90.28483461346657,90.28968048095703,103625600
2020-07-29 00:00:00-04:00,90.7713632677891,92.20434377285328,90.73505619988047,92.02037811279297,90329200
2020-07-30 00:00:00-04:00,91.19496376791191,93.23792519284922,90.78830982976133,93.13384246826172,158130000
2020-07-31 00:00:00-04:00,99.61612680199143,103.03397001244983,97.62157236005555,102.88389587402344,374336800
2020-08-03 00:00:00-04:00,104.76227011908288,108.0905539794476,104.46454472688619,105.4763412475586,308151200
2020-08-04 00:00:00-04:00,105.66515768756337,107.26999701904283,104.94382506056965,106.18074035644531,173071600
2020-08-05 00:00:00-04:00,105.90235611566642,106.88510690463526,105.43760344433963,106.56558990478516,121776800
2020-08-06 00:00:00-04:00,106.89720218347466,110.77737527223312,106.30900549573542,110.28357696533203,202428800
2020-08-07 00:00:00-04:00,109.80588355038324,110.26177241107233,106.98083639595373,107.77621459960938,198045600
2020-08-10 00:00:00-04:00,109.21903076531765,110.35875275642206,106.69710077257369,109.34270477294922,212403600
2020-08-11 00:00:00-04:00,108.60794103965802,109.10504953060087,105.83138875527999,106.09085845947266,187902400
2020-08-12 00:00:00-04:00,107.17967383850515,109.8737798216829,106.98568204543375,109.61673736572266,165598000
2020-08-13 00:00:00-04:00,110.99406946976315,112.55815472074357,110.50665541102485,111.55665588378906,210082000
2020-08-14 00:00:00-04:00,111.38208013380518,111.54697388434195,109.65067355223327,111.4572525024414,165565200
2020-08-17 00:00:00-04:00,112.57755783182,112.60180865121056,110.54061480830164,111.16624450683594,119561600
2020-08-18 00:00:00-04:00,110.91890789561272,112.51693852673742,110.58426581680665,112.09257507324219,105633600
2020-08-19 00:00:00-04:00,112.49998249055456,113.64455185030188,112.1386696245519,112.23323822021484,145538000
2020-08-20 00:00:00-04:00,112.27444791147464,114.83760501028006,112.25747159683876,114.7236328125,126907200
2020-08-21 00:00:00-04:00,115.68148161330981,121.1181872782855,115.66935990258521,120.63562774658203,338054800
2020-08-24 00:00:00-04:00,124.83319799639226,124.91807958440302,120.21612802925294,122.07847595214844,345937600
2020-08-25 00:00:00-04:00,120.95328347307442,121.42129395286675,119.35767277780953,121.07695007324219,211495600
2020-08-26 00:00:00-04:00,122.39125024317393,123.17935367146738,121.3267008294225,122.72346496582031,163022400
2020-08-27 00:00:00-04:00,123.32488497435537,123.65709978806709,120.11426694187719,121.25641632080078,155552400
2020-08-28 00:00:00-04:00,122.22877945314914,122.6458683430527,120.83686988582103,121.05996704101562,187630000
2020-08-31 00:00:00-04:00,123.74922926791106,127.06653708598974,122.2166692582802,125.1653823852539,225702700
2020-09-01 00:00:00-04:00,128.7737011544299,130.75245576113278,126.61066398001222,130.15106201171875,151948100
2020-09-02 00:00:00-04:00,133.4586759232684,133.8369650688364,123.18665813924054,127.45453643798828,200119000
2020-09-03 00:00:00-04:00,123.09935930505591,124.97140134269283,116.8818246649217,117.25041198730469,257599600
2020-09-04 00:00:00-04:00,116.46473461185484,119.98573625952378,107.56037630423063,117.32801055908203,332607200
2020-09-08 00:00:00-04:00,110.52850942019397,115.41717816603585,109.29664597406735,109.43244171142578,231366600
2020-09-09 00:00:00-04:00,113.73911382379356,115.56266164657546,111.79916649731042,113.79730987548828,176940500
2020-09-10 00:00:00-04:00,116.74602745349068,116.88182317054356,109.12203408038299,110.08230590820312,182274400
2020-09-11 00:00:00-04:00,111.12987875287997,111.77006490232608,106.69709954942977,108.63704681396484,180860300
2020-09-14 00:00:00-04:00,111.27537379227499,112.44904097306566,109.41302623599448,111.89615631103516,140150100
2020-09-15 00:00:00-04:00,114.7769823425134,115.26196916143692,110.1987055878256,112.07075500488281,184642000
2020-09-16 00:00:00-04:00,111.77006975767836,112.51694623083202,108.6758513682307,108.76314544677734,154679000
2020-09-17 00:00:00-04:00,106.42549948987329,108.83102975873638,105.44582412860575,107.0268783569336,178011000
2020-09-18 00:00:00-04:00,107.08509211161683,107.5506753180143,102.9045006607274,103.6319808959961,287104900
2020-09-21 00:00:00-04:00,101.40103443810513,106.88138640178967,100.00427017683465,106.77468872070312,195713800
2020-09-22 00:00:00-04:00,109.29663858587081,109.47123415071694,105.88233436259476,108.4527587890625,183055400
2020-09-23 00:00:00-04:00,108.2684611226227,108.74374613747926,103.56408301527631,103.90357971191406,150718700
2020-09-24 00:00:00-04:00,102.01212050333626,106.93958810787352,101.84722676940335,104.97054290771484,167743300
2020-09-25 00:00:00-04:00,105.17424100477153,109.0638373334494,104.43705897382922,108.90863800048828,149981400
2020-09-28 00:00:00-04:00,111.55667272467461,111.85736219121794,109.39362820642745,111.50817108154297,137672400
2020-09-29 00:00:00-04:00,111.11046279750276,111.84763729884212,110.15988555061436,110.66426849365234,99382200
2020-09-30 00:00:00-04:00,110.37329066576835,113.73910005377913,110.20839693905525,112.33263397216797,142675200
2020-10-01 00:00:00-04:00,114.10770215411938,114.18530182393523,112.35205217632898,113.2832260131836,116120400
2020-10-02 00:00:00-04:00,109.5003403977725,111.90587864952262,108.85045973551675,109.62643432617188,144712000
2020-10-05 00:00:00-04:00,110.48970949498322,113.14743540361185,110.14051836534591,113.00193786621094,106243800
2020-10-06 00:00:00-04:00,112.22594886007512,112.63334341918222,108.87954271233731,109.76222229003906,161498200
2020-10-07 00:00:00-04:00,111.17839334850785,112.08046922763401,110.70310088509402,111.62458038330078,96849000
2020-10-08 00:00:00-04:00,112.75942537460811,112.90492288741173,111.14926572678705,111.51786041259766,83477200
2020-10-09 00:00:00-04:00,111.81855926916633,113.48691510258755,111.46936816913343,113.45781707763672,100506900
2020-10-12 00:00:00-04:00,116.45503667336371,121.42130453731181,115.6984583933761,120.66472625732422,240226800
2020-10-13 00:00:00-04:00,121.50860234126793,121.62500184957032,116.05735487456657,117.46381378173828,262330500
2020-10-14 00:00:00-04:00,117.36679671702483,119.33584179194668,116.02823591444664,117.55109405517578,150712000
2020-10-15 00:00:00-04:00,115.15527240046332,117.56080289760202,114.60238771843201,117.08551788330078,112559200
2020-10-16 00:00:00-04:00,117.63839325335097,117.90029026113083,115.24255735409358,115.44625091552734,115393800
2020-10-19 00:00:00-04:00,116.358026294525,116.80421323996534,112.18714446524658,112.4975357055664,120639300
2020-10-20 00:00:00-04:00,112.71094256212962,115.4074757022461,112.15805784138063,113.98161315917969,124423700
2020-10-21 00:00:00-04:00,113.1668101796244,115.14555707254407,112.95341481857757,113.36080932617188,89946000
2020-10-22 00:00:00-04:00,113.92341222842757,114.49570058030427,111.14928675399084,112.27445983886719,101988000
2020-10-23 00:00:00-04:00,112.89522488264528,113.05042420827988,110.84858002778377,111.58576202392578,82572600
2020-10-26 00:00:00-04:00,110.58670829378724,113.05044248419397,109.49063323015535,111.5954818725586,111850700
2020-10-27 00:00:00-04:00,112.02224386138344,113.75849741390176,111.10077194371063,113.09891510009766,92276800
2020-10-28 00:00:00-04:00,111.59546536731106,111.96405267029793,107.76406521649079,107.8610610961914,143937800
2020-10-29 00:00:00-04:00,108.99594897135509,113.41902674173545,108.83104781563942,111.85736846923828,146129200
2020-10-30 00:00:00-04:00,107.72527832227131,108.6273541724171,104.4855696692542,105.59133911132812,190272600
2020-11-02 00:00:00-05:00,105.83383850866505,107.35669702970988,104.09758457442842,105.50404357910156,122866900
2020-11-03 00:00:00-05:00,106.36730788899447,108.14235394209176,105.46523215040254,107.12388610839844,107624400
2020-11-04 00:00:00-05:00,110.71279779031768,112.119256698551,108.97654397513469,111.49847412109375,138235500
2020-11-05 00:00:00-05:00,114.40838224963099,116.02824377297978,113.3608163942021,115.4559555053711,126387100
2020-11-06 00:00:00-05:00,114.96527887670223,115.8203256136095,112.83736946099638,115.32479095458984,114457900
2020-11-09 00:00:00-05:00,117.08347300114552,118.53122507296646,112.7596464655049,113.02198791503906,154515300
2020-11-10 00:00:00-05:00,112.27382528066764,114.25597883957684,110.8940807658282,112.68191528320312,138023400
2020-11-11 00:00:00-05:00,113.86732789743012,116.23814181960135,113.13859256042241,116.10211181640625,112295000
2020-11-12 00:00:00-05:00,116.22841881317535,117.1126137436234,115.20818648034917,115.83003997802734,103162300
2020-11-13 00:00:00-05:00,116.05355128357041,116.27702600238625,114.52806537956721,115.87865447998047,81581900
2020-11-16 00:00:00-05:00,115.54828228699445,117.55959167779801,114.80011721095168,116.88916015625,91183000
2020-11-17 00:00:00-05:00,116.16041093814378,117.24865091924097,115.5871353083196,116.00494384765625,74271000
2020-11-18 00:00:00-05:00,115.24705927558566,116.42275133775613,114.65435397133162,114.68350219726562,76322100
2020-11-19 00:00:00-05:00,114.25598215062608,115.68430461397098,113.49809857736044,115.27621459960938,74113000
2020-11-20 00:00:00-05:00,115.27621337018954,115.40252482669361,113.96449124482857,114.01306915283203,73604300
2020-11-23 00:00:00-05:00,113.85759556092404,114.28512261237464,110.52484606012634,110.62200927734375,127959300
2020-11-24 00:00:00-05:00,110.68033196208322,112.56532241854126,109.39775058959653,111.90460205078125,113874200
2020-11-25 00:00:00-05:00,112.27381743371453,113.43979090606146,111.90458681744444,112.74020385742188,76499200
2020-11-27 00:00:00-05:00,113.26487971081116,114.158793086573,112.9248047758015,113.28430938720703,46691300
2020-11-30 00:00:00-05:00,113.65355580646789,117.54014397849063,113.49808872130923,115.6745834350586,169410200
2020-12-01 00:00:00-05:00,117.57902381222483,119.9692749139944,116.60737666127397,119.24053955078125,127728200
2020-12-02 00:00:00-05:00,118.56038101970898,119.87211059203429,117.46242241782213,119.59033203125,89004200
2020-12-03 00:00:00-05:00,120.01783429457547,120.27046459048226,118.74497909552679,119.45428466796875,78967600
2020-12-04 00:00:00-05:00,119.12393425897255,119.3765645833526,118.07455360054387,118.78385925292969,78260400
2020-12-07 00:00:00-05:00,118.8421361387792,121.03806032248434,118.78383969393643,120.2413101196289,86712000
2020-12-08 00:00:00-05:00,120.84373582820557,121.43644107050238,119.6000214847598,120.85344696044922,82225500
2020-12-09 00:00:00-05:00,120.99921619827668,122.37895334699282,117.56930300737729,118.32718658447266,115089200
2020-12-10 00:00:00-05:00,117.08347009062476,120.35792333365181,116.7433951040976,119.74578094482422,81312200
2020-12-11 00:00:00-05:00,118.95874547462877,119.2793907717679,117.13205173775964,118.93931579589844,86939800
2020-12-14 00:00:00-05:00,119.12393693642923,119.85267228564851,118.09399334838469,118.32718658447266,79184500
2020-12-15 00:00:00-05:00,120.81458769248664,124.27365614702585,120.610542706532,124.25421905517578,157243700
2020-12-16 00:00:00-05:00,123.79755012617825,124.73032296084445,122.97164423038534,124.18620300292969,98208600
2020-12-17 00:00:00-05:00,125.24530607028412,125.90603381216341,124.40968896582861,125.05097961425781,94359800
2020-12-18 00:00:00-05:00,125.30360051877908,125.43963050234059,122.54411925279229,123.06880950927734,192541500
2020-12-21 00:00:00-05:00,121.47531311924551,124.67203286094654,119.94982751976666,124.59429931640625,121251600
2020-12-22 00:00:00-05:00,127.8784592702847,130.599073771845,125.9740246713456,128.14080810546875,168904800
2020-12-23 00:00:00-05:00,128.4128374482598,128.67517139472446,127.07196019505183,127.24686431884766,88223700
2020-12-24 00:00:00-05:00,127.59672197110412,129.67604646021374,127.38295839338778,128.22828674316406,54930100
2020-12-28 00:00:00-05:00,130.1910087492954,133.44601785068772,129.72460743607215,132.814453125,124486200
2020-12-29 00:00:00-05:00,134.13588116304936,134.85489050709643,130.53106400488656,131.04603576660156,121047300
2020-12-30 00:00:00-05:00,131.7359140805847,132.13429294527648,129.61771571736733,129.92864990234375,96452100
2020-12-31 00:00:00-05:00,130.27846074381847,130.91975146585497,127.9853727167279,128.92787170410156,99116600
2021-01-04 00:00:00-05:00,129.73433819675842,129.82178288641367,123.1660010540864,125.7408676147461,143301900
2021-01-05 00:00:00-05:00,125.23556923440636,128.00476884946957,124.78860513373438,127.29545593261719,97664900
2021-01-06 00:00:00-05:00,124.0987683518539,127.33435496235823,122.7967573877346,123.0105209350586,155088000
2021-01-07 00:00:00-05:00,124.72061661130184,127.89790663345559,124.23479308365204,127.2080307006836,109578200
2021-01-08 00:00:00-05:00,128.67521556411702,128.86955684085643,126.53759495540402,128.30599975585938,105158200
2021-01-11 00:00:00-05:00,125.5270656786526,126.4792754915705,124.85662694388971,125.32301330566406,100384500
2021-01-12 00:00:00-05:00,124.85664288048969,126.0129052139805,123.26314235039197,125.14813995361328,91951100
2021-01-13 00:00:00-05:00,125.10927337732423,127.72300640920702,124.84693933910279,127.17888641357422,88636800
2021-01-14 00:00:00-05:00,127.0914246638891,127.28575108963446,125.10925657328106,125.25501251220703,90221800
2021-01-15 00:00:00-05:00,125.1287025525268,126.52787663913662,123.39917203606663,123.53520202636719,111598500
2021-01-19 00:00:00-05:00,124.15706500945309,125.0607045202907,123.34088500532488,124.20565032958984,90757300
2021-01-20 00:00:00-05:00,125.0121142129877,128.73352422939956,124.90523244341398,128.28656005859375,104319500
2021-01-21 00:00:00-05:00,130.00638521290585,135.7099489572785,129.80233279797613,132.9893341064453,120150900
2021-01-22 00:00:00-05:00,132.41604973812463,135.88483658611096,131.19177987621222,135.126953125,114459400
2021-01-25 00:00:00-05:00,139.013584357772,140.97630120112478,132.66871393860882,138.86782836914062,157611700
2021-01-26 00:00:00-05:00,139.52854031294,140.20869037046396,137.3617564370404,139.10101318359375,98390600
2021-01-27 00:00:00-05:00,139.363363343346,140.20870656534407,136.42899920964183,138.03221130371094,140843800
2021-01-28 00:00:00-05:00,135.56422012291074,137.9641898687069,132.82416793009364,133.20310974121094,142621100
2021-01-29 00:00:00-05:00,131.97880528014946,132.86300755142042,126.51815423658083,128.21853637695312,177523800
2021-02-01 00:00:00-05:00,129.9577892114423,131.54157860190338,127.21773749244758,130.33673095703125,106239800
2021-02-02 00:00:00-05:00,131.88166811874655,132.44522526454477,130.79342801715512,131.16265869140625,83305400
2021-02-03 00:00:00-05:00,131.9108002272906,131.92052618668296,129.82176496768204,130.1424102783203,89880900
2021-02-04 00:00:00-05:00,132.43549143917588,133.5042942626405,130.7739685158837,133.4945831298828,84183100
2021-02-05 00:00:00-05:00,133.65514858435046,133.72325779067754,132.20522578325316,133.0810089111328,75693800
2021-02-08 00:00:00-05:00,132.37068818260687,133.27567819524438,131.29054743428753,133.22702026367188,71297200
2021-02-09 00:00:00-05:00,132.94478730279516,134.17090160726997,132.19551172596402,132.3511962890625,76774200
2021-02-10 00:00:00-05:00,132.80856880476307,133.30485887781032,130.78452077617774,131.74789428710938,73046600
2021-02-11 00:00:00-05:00,132.24416393424985,132.72098784651604,130.17147291387968,131.49488830566406,64280000
2021-02-12 00:00:00-05:00,130.73585850968206,131.88410821935858,130.0936095966532,131.72840881347656,60145100
2021-02-16 00:00:00-05:00,131.84515524560578,132.3511559058319,129.21777673672364,129.60702514648438,80576300
2021-02-17 00:00:00-05:00,127.71921790831898,128.6631249352014,125.98710322664614,127.32024383544922,97918500
2021-02-18 00:00:00-05:00,125.72439023440656,126.50287241895496,123.98254952435698,126.2206802368164,96856700
2021-02-19 00:00:00-05:00,126.73642239782728,127.19378012757379,125.33515742569439,126.3763656616211,87668800
2021-02-22 00:00:00-05:00,124.56641277376495,126.2304187991235,122.22124775949521,122.61048889160156,103916400
2021-02-23 00:00:00-05:00,120.43072170415333,123.30136048380355,115.20517794881079,122.47422790527344,158273000
2021-02-24 00:00:00-05:00,121.57899194807914,122.18230857916163,118.94189453786483,121.97795867919922,111039900
2021-02-25 00:00:00-05:00,121.32598240071049,123.05809741548158,117.29735317502876,117.73524475097656,148199500
2021-02-26 00:00:00-05:00,119.29220956982277,121.49141551253575,117.93960247752109,117.99799346923828,164560400
2021-03-01 00:00:00-05:00,120.42098970661608,124.48854343367245,119.48681564706342,124.35231018066406,116307900
2021-03-02 00:00:00-05:00,124.95564701355688,125.25730532990295,121.64710890595583,121.754150390625,102260900
2021-03-03 00:00:00-05:00,121.45246532404101,122.32825577553972,118.56236054617285,118.77644348144531,112966300
2021-03-04 00:00:00-05:00,118.47481493176636,120.27504677444026,115.4290174341431,116.89839172363281,178155000
2021-03-05 00:00:00-05:00,117.72552798386944,118.65970219404976,114.40725661331615,118.1536865234375,153766600
2021-03-08 00:00:00-05:00,117.67685145453473,117.74496808125187,113.08382341259126,113.22978973388672,154376600
2021-03-09 00:00:00-05:00,115.82797605727136,118.77646492277744,115.5944343694315,117.83255767822266,129525800
2021-03-10 00:00:00-05:00,118.41642461584055,118.88350799775948,116.23667741969722,116.75242614746094,111943300
2021-03-11 00:00:00-05:00,119.24353731422019,119.89551178020834,117.99797193915168,118.67913818359375,103026500
2021-03-12 00:00:00-05:00,117.16112781873039,117.91041082516712,115.9544870681418,117.77417755126953,88105100
2021-03-15 00:00:00-04:00,118.14395874848536,120.6642817142442,117.18058534747087,120.65454864501953,92403800
2021-03-16 00:00:00-04:00,122.31853968534864,123.79765430298438,121.36490683570095,122.1920394897461,115227900
2021-03-17 00:00:00-04:00,120.71292450730932,122.47423118424491,119.04891881379946,121.40382385253906,111932600
2021-03-18 00:00:00-04:00,119.57440169521924,119.86633436304555,117.08327064661763,117.2876205444336,121229700
2021-03-19 00:00:00-04:00,116.67457065039011,118.16341092060107,116.4604876842397,116.76214599609375,185549500
2021-03-22 00:00:00-04:00,117.09300574322106,120.53777713211232,117.02488910943605,120.07068634033203,111912300
2021-03-23 00:00:00-04:00,120.01230226774646,120.89781850320577,118.85431207414345,119.2435531616211,95467100
2021-03-24 00:00:00-04:00,119.51602254128295,119.59387224546333,116.84000020937296,116.85945892333984,88530500
2021-03-25 00:00:00-04:00,116.32426633816141,118.38723908571315,115.79879193762964,117.34601593017578,98844700
2021-03-26 00:00:00-04:00,117.11248257706046,118.21208938078492,115.72095047944185,117.94934844970703,94071200
2021-03-29 00:00:00-04:00,118.37749665321657,119.28247903408416,117.48224734126221,118.1244888305664,80819200
2021-03-30 00:00:00-04:00,116.87891806940085,117.16111766205535,115.66254435493632,116.67456817626953,85671900
2021-03-31 00:00:00-04:00,118.37750228821312,120.19719278132602,117.89095275757859,118.86405181884766,118323800
2021-04-01 00:00:00-04:00,120.33342627373456,120.83943448866229,119.19489479787379,119.69117736816406,75089100
2021-04-05 00:00:00-04:00,120.53775598934625,122.76615322395301,119.75927394764648,122.51314544677734,88651200
2021-04-06 00:00:00-04:00,123.09701892635115,123.71006860087718,122.26988629191437,122.8148193359375,80171300
2021-04-07 00:00:00-04:00,122.44506618695044,124.47883981962588,121.77362540670963,124.45938110351562,83466700
2021-04-08 00:00:00-04:00,125.48112193995918,126.88238697462579,125.0626964676061,126.85319519042969,88844600
2021-04-09 00:00:00-04:00,126.3082809200934,129.46111286986317,125.98715639774359,129.4221954345703,106686700
2021-04-12 00:00:00-04:00,128.95507626413877,129.276200697575,127.11591985323048,127.70951080322266,91420000
2021-04-13 00:00:00-04:00,128.87724772998885,131.03752892907758,128.380957683949,130.81370544433594,91266500
2021-04-14 00:00:00-04:00,131.3099622056929,131.36834576141277,128.11819914098413,128.47824096679688,87222800
2021-04-15 00:00:00-04:00,130.22013564136392,131.36838551347583,130.04497007288896,130.8818359375,89347100
2021-04-16 00:00:00-04:00,130.6872281698665,131.0472701296793,129.69466280828593,130.55099487304688,84922400
2021-04-19 00:00:00-04:00,129.91848365422268,131.82576483686614,129.753058553166,131.21270751953125,94264200
2021-04-20 00:00:00-04:00,131.38781245275527,131.8840875267871,128.2641585737153,129.52919006347656,94812300
2021-04-21 00:00:00-04:00,128.7993896114448,130.15199668398512,127.76790700410929,129.90872192382812,68847100
2021-04-22 00:00:00-04:00,129.46107065350094,130.5412110225183,127.87492954910141,128.3906707763672,84566500
2021-04-23 00:00:00-04:00,128.60475261832673,131.4851170121257,128.60475261832673,130.70664978027344,78657500
2021-04-26 00:00:00-04:00,131.20294297565732,131.426751593288,129.9671030596472,131.0959014892578,66905100
2021-04-27 00:00:00-04:00,131.3781122600293,131.76736083305914,130.5023289552631,130.77479553222656,66015800
2021-04-28 00:00:00-04:00,130.69696109558785,131.38786811328342,129.50005314627617,129.98660278320312,107760100
2021-04-29 00:00:00-04:00,132.79880749394718,133.38267277073504,128.88694577541443,129.8892364501953,151101000
2021-04-30 00:00:00-04:00,128.23498319758693,129.96709820494203,127.54409123252586,127.92359924316406,109839500
2021-05-03 00:00:00-04:00,128.48796838679135,130.4633727552625,128.283625938946,128.97451782226562,75135100
2021-05-04 00:00:00-04:00,127.66087574180307,127.9528084470389,123.29165535400072,124.41072082519531,137564700
2021-05-05 00:00:00-04:00,125.72438402846821,126.9407577416854,124.5274764521898,124.65398406982422,84000900
2021-05-06 00:00:00-04:00,124.44962368045476,126.25958831497178,123.71006640231249,126.24986267089844,78128300
2021-05-07 00:00:00-04:00,127.54631080549646,127.94594783933177,126.2108903922729,126.92247009277344,78973300
2021-05-10 00:00:00-04:00,126.14264776926625,126.26935540308767,123.60828686336556,123.64727783203125,88071200
2021-05-11 00:00:00-04:00,120.38186236478138,123.08192191649415,119.67029018955704,122.73101806640625,126142800
2021-05-12 00:00:00-04:00,120.28439421406758,121.49308457084182,119.16342796467423,119.67029571533203,112172300
2021-05-13 00:00:00-04:00,121.43458279999426,122.96494285084451,121.12266251691543,121.81473541259766,105861300
2021-05-14 00:00:00-04:00,123.06241748790161,124.66100988052594,122.67251527187383,124.23211669921875,81918000
2021-05-17 00:00:00-04:00,123.61803331863223,123.72525662054227,122.0096912267483,123.08191680908203,74244600
2021-05-18 00:00:00-04:00,123.36459396598383,123.78373756646234,121.62953683178752,121.69776916503906,63342900
2021-05-19 00:00:00-04:00,120.050447495282,121.76600548369002,119.75801895076617,121.54181671142578,92612000
2021-05-20 00:00:00-04:00,122.06817161997536,124.49530152830624,121.94144912599474,124.09564971923828,76857100
2021-05-21 00:00:00-04:00,124.59280216593018,124.76825782596866,122.04869881375613,122.26314544677734,79295400
2021-05-24 00:00:00-04:00,122.82849229292907,124.70976380781524,122.76025995557121,123.8909683227539,63092900
2021-05-25 00:00:00-04:00,124.59279971373591,125.08018314804377,123.13067172111496,123.69602966308594,72009500
2021-05-26 00:00:00-04:00,123.75450113667013,124.17364475386753,123.22813421483384,123.64727783203125,56575900
2021-05-27 00:00:00-04:00,123.24763627844212,124.41733561849655,121.92197306010468,122.1169204711914,94625600
2021-05-28 00:00:00-04:00,122.3995899273286,122.6237861257757,121.40534630909178,121.46382904052734,71311100
2021-06-01 00:00:00-04:00,121.92194760458094,122.18512729827664,120.81073123250488,121.14214324951172,67637100
2021-06-02 00:00:00-04:00,121.14216055572481,122.07792145343016,120.9179717914318,121.9024658203125,59278900
2021-06-03 00:00:00-04:00,121.53206925104124,121.6977752920281,120.02120080570538,120.42085266113281,76229200
2021-06-04 00:00:00-04:00,120.93748419375007,122.97471980574441,120.72303755703825,122.71153259277344,75169300
2021-06-07 00:00:00-04:00,122.98443215380105,123.13064641036082,121.67826831853665,122.72125244140625,71057600
2021-06-08 00:00:00-04:00,123.4035896495703,125.21663622404847,123.02343700167279,123.54005432128906,74403800
2021-06-09 00:00:00-04:00,123.99820136642403,124.52456834027448,123.32562010482052,123.92021942138672,56877900
2021-06-10 00:00:00-04:00,123.81298472926724,124.95345011953233,122.76025831506651,122.92596435546875,71186400
2021-06-11 00:00:00-04:00,123.33536251537065,124.22239035571975,122.91621888119515,124.13465881347656,53522400
2021-06-14 00:00:00-04:00,124.59279446771667,127.24411353581664,123.86173050218788,127.18563079833984,96906500
2021-06-15 00:00:00-04:00,126.65926509447159,127.30260492232891,126.12314857125716,126.36683654785156,62746300
2021-06-16 00:00:00-04:00,127.0783839579929,127.58525904482703,125.21661937439929,126.86393737792969,91815000
2021-06-17 00:00:00-04:00,126.52280804022224,129.20337594415264,126.37658632134162,128.46255493164062,96721700
2021-06-18 00:00:00-04:00,127.40981802299594,128.1896075868194,126.95168347380675,127.16613006591797,108953300
2021-06-21 00:00:00-04:00,127.01018237446559,129.06690958900398,125.9477063159808,128.95968627929688,79663300
2021-06-22 00:00:00-04:00,128.79399242175575,130.69475593415476,128.2968593599112,130.59727478027344,74783600
2021-06-23 00:00:00-04:00,130.39256533356104,130.92868185123652,129.8661909803765,130.32432556152344,60214200
2021-06-24 00:00:00-04:00,131.0553765632134,131.24058178501798,129.57374966230876,130.04164123535156,68711000
2021-06-25 00:00:00-04:00,130.09039090512184,130.50952706925113,129.45679326652197,129.7492218017578,70783700
2021-06-28 00:00:00-04:00,130.04165459260284,131.83519451956099,129.98317185834844,131.37705993652344,62111300
2021-06-29 00:00:00-04:00,131.39653993588485,133.043872786454,130.95790461954863,132.88790893554688,64556100
2021-06-30 00:00:00-04:00,132.7319822442512,133.94068011687085,132.439553660315,133.50204467773438,63261400
2021-07-01 00:00:00-04:00,133.15111722207564,133.86268195374564,132.3323143115352,133.80419921875,52485800
2021-07-02 00:00:00-04:00,134.41828334809892,136.46526832234767,134.27207651002422,136.42628479003906,78852600
2021-07-06 00:00:00-04:00,136.53348691022637,139.53570925876045,136.53348691022637,138.4342498779297,108181800
2021-07-07 00:00:00-04:00,139.91586805219615,141.231788943126,139.05809657469072,140.9198760986328,104911600
2021-07-08 00:00:00-04:00,138.00539740279086,140.422778328839,137.11836946520646,139.6234893798828,105575500
2021-07-09 00:00:00-04:00,139.1458132863032,141.97258743167365,139.04833216120844,141.44622802734375,99890800
2021-07-12 00:00:00-04:00,142.51847096001342,142.62569425576672,140.36426288116348,140.8516387939453,76299700
2021-07-13 00:00:00-04:00,140.39353920017592,143.73694652851253,140.00364432229037,141.962890625,100827100
2021-07-14 00:00:00-04:00,144.36072372738016,145.79360982701007,143.95131495017475,145.3842010498047,127050800
2021-07-15 00:00:00-04:00,145.47197634550716,146.21278242197315,143.37625087333885,144.7311553955078,106820300
2021-07-16 00:00:00-04:00,144.7116519617399,145.9788173432772,142.19679065127386,142.69390869140625,93251400
2021-07-19 00:00:00-04:00,140.1205738932986,140.43250161447835,138.09308832622733,138.8533935546875,121434600
2021-07-20 00:00:00-04:00,139.83792120496685,143.38601770583355,139.35054523026795,142.45999145507812,96350000
2021-07-21 00:00:00-04:00,141.8556195804996,142.4404765741107,140.97834896361408,141.72889709472656,74993500
2021-07-22 00:00:00-04:00,142.2552645840674,144.4581980577568,142.12854210433372,143.0935516357422,77338200
2021-07-23 00:00:00-04:00,143.82464898024415,144.9651069434816,143.2105505102186,144.80914306640625,71447400
2021-07-26 00:00:00-04:00,144.52644902049065,146.04705940106285,143.97083337261068,145.228271484375,72434100
2021-07-27 00:00:00-04:00,145.35501995009983,145.44275893789174,141.87516288945258,143.06436157226562,104818600
2021-07-28 00:00:00-04:00,141.1538434950934,143.2593115153304,138.94115215326465,141.31954956054688,118931200
2021-07-29 00:00:00-04:00,141.03687913486968,142.84991857675627,140.92965581242072,141.962890625,56699500
2021-07-30 00:00:00-04:00,140.73469364228038,142.63545700170118,140.47150644681145,142.1773223876953,70440600
2021-08-02 00:00:00-04:00,142.6647202141764,143.23982039265098,141.58274477107045,141.84593200683594,62880000
2021-08-03 00:00:00-04:00,142.1286117502495,144.30230492815897,141.51451312265684,143.6394805908203,64786600
2021-08-04 00:00:00-04:00,143.55168904021573,144.05854922239413,142.58667948918819,143.23976135253906,56368300
2021-08-05 00:00:00-04:00,143.26903344221475,144.107320690727,142.47948676454712,143.34701538085938,46397700
2021-08-06 00:00:00-04:00,142.86867690985883,143.61059289976055,142.16580285802874,142.66366577148438,54126800
2021-08-09 00:00:00-04:00,142.72223685529076,143.21034301067533,142.05841963396023,142.61485290527344,48908700
2021-08-10 00:00:00-04:00,142.9565505100319,144.196344465899,141.84366893661831,142.13653564453125,69023100
2021-08-11 00:00:00-04:00,142.57583309295842,143.22989365517753,142.06819844175104,142.39035034179688,48493500
2021-08-12 00:00:00-04:00,142.71251102910742,145.50447943892834,142.3708306879483,145.34828186035156,72282600
2021-08-13 00:00:00-04:00,145.42634081402107,145.88516176552068,144.74299521470792,145.55325317382812,59375000
2021-08-16 00:00:00-04:00,145.00657783567002,147.59354953492934,142.98582599022765,147.52520751953125,103296000
2021-08-17 00:00:00-04:00,146.65639729187643,148.07190241442922,145.54351565601462,146.6173553466797,92229700
2021-08-18 00:00:00-04:00,146.23660593235846,147.134719463398,142.67342208980006,142.87843322753906,86326000
2021-08-19 00:00:00-04:00,141.5800847276963,144.4794367790495,141.06269334170713,143.21035766601562,86960300
2021-08-20 00:00:00-04:00,143.93275769698107,144.96754045087513,143.28845394220284,144.6649169921875,60549600
2021-08-23 00:00:00-04:00,144.78202147056598,146.61730507779947,144.3720141553827,146.1487274169922,60131800
2021-08-24 00:00:00-04:00,145.89492826143862,147.27139120779157,145.60206158624175,146.06088256835938,48606400
2021-08-25 00:00:00-04:00,146.24634576040117,146.7442235104866,144.28416462153382,144.83084106445312,58991300
2021-08-26 00:00:00-04:00,144.82110951404735,145.57278230599707,144.00107981111,144.03036499023438,48597200
2021-08-27 00:00:00-04:00,143.97177197062845,145.21156564308194,143.33723999505236,145.0651397705078,55802400
2021-08-30 00:00:00-04:00,145.45565533870288,149.83885461039787,145.07493307828,149.47764587402344,90956700
2021-08-31 00:00:00-04:00,149.0285807911714,149.16524992421503,147.6911597437249,148.21832275390625,86453100
2021-09-01 00:00:00-04:00,149.1945515081308,151.2934023311897,148.71620204197066,148.8821563720703,80313700
2021-09-02 00:00:00-04:00,150.20979354918074,151.0395800272227,148.77476016459727,149.99502563476562,71115500
2021-09-03 00:00:00-04:00,150.10238418360416,150.9516989362315,149.44832378980732,150.62954711914062,57808700
2021-09-07 00:00:00-04:00,151.2836513561049,153.5191714127496,150.7174463222015,152.96273803710938,82278300
2021-09-08 00:00:00-04:00,153.24581573453693,153.3043860941943,150.31717858511598,151.42030334472656,74420200
2021-09-09 00:00:00-04:00,151.79123351222952,152.39648028234163,150.28785845020124,150.40501403808594,57305700
2021-09-10 00:00:00-04:00,151.31293648668662,151.78151431271888,145.1627947987088,145.42637634277344,140893200
2021-09-13 00:00:00-04:00,147.04684942260073,147.8180505115286,145.21156570783384,145.99253845214844,102404300
2021-09-14 00:00:00-04:00,146.7735062300835,147.4763801866019,143.4153339702326,144.59654235839844,109296300
2021-09-15 00:00:00-04:00,145.0261185341006,145.88519025288556,142.88821089491876,145.4849395751953,83281300
2021-09-16 00:00:00-04:00,144.90894501042473,145.4263362978241,143.71796490468603,145.2506103515625,68034100
2021-09-17 00:00:00-04:00,145.27991132028194,145.27991132028194,142.29268938190515,142.58555603027344,129868800
2021-09-20 00:00:00-04:00,140.37932278347847,141.39457695669392,137.90950701335717,139.53977966308594,123478900
2021-09-21 00:00:00-04:00,140.50621829477157,141.1602935933769,139.38358019514303,140.0181121826172,75834000
2021-09-22 00:00:00-04:00,141.0138330802469,142.94672884294354,140.2816740145179,142.3805389404297,76404300
2021-09-23 00:00:00-04:00,143.16153904107028,143.581318108749,142.1755699033987,143.33726501464844,64838200
2021-09-24 00:00:00-04:00,142.1950877231893,143.96202960944674,142.09746053449825,143.42510986328125,53477900
2021-09-27 00:00:00-04:00,142.0096450384804,142.48799456461782,140.39890024168955,141.91201782226562,74150700
2021-09-28 00:00:00-04:00,139.8424381686271,141.3067568929059,138.31954907870838,138.53431701660156,108972300
2021-09-29 00:00:00-04:00,139.08099698388077,141.0138935757981,138.65146109771675,139.43243408203125,74602000
2021-09-30 00:00:00-04:00,140.2426397437822,140.94551367693097,137.91925008166186,138.13401794433594,89056700
2021-10-01 00:00:00-04:00,138.52453927839463,139.52028013802934,135.80091312494108,139.25669860839844,94639600
2021-10-04 00:00:00-04:00,138.38785651091933,138.82716398233575,134.98088496397907,135.83018493652344,98322000
2021-10-05 00:00:00-04:00,136.17188224652747,138.85646652806082,136.04496985928344,137.7533416748047,80861100
2021-10-06 00:00:00-04:00,136.15236065284557,138.7686030429388,135.07852092806354,138.62217712402344,83221100
2021-10-07 00:00:00-04:00,139.6568841058204,140.78929358272666,139.32497560611736,139.88140869140625,61732700
2021-10-08 00:00:00-04:00,140.60382633425183,140.75025218963773,139.16879336821262,139.50070190429688,58773200
2021-10-11 00:00:00-04:00,138.88572424122802,141.36529686032225,138.43666004151856,139.41287231445312,64452200
2021-10-12 00:00:00-04:00,139.82288519545196,139.84241361250955,137.68497785008697,138.143798828125,73035900
2021-10-13 00:00:00-04:00,137.88022678873125,138.0364094315763,135.88874541033104,137.55807495117188,78762700
2021-10-14 00:00:00-04:00,138.72955687137625,140.45745714105692,138.14382342191217,140.34030151367188,69907100
2021-10-15 00:00:00-04:00,140.3500831153651,141.4531931726663,140.09625831789816,141.39462280273438,67940300
2021-10-18 00:00:00-04:00,140.03765490452832,143.34701408719482,139.7545598847163,143.0639190673828,85589200
2021-10-19 00:00:00-04:00,143.51298745891924,145.62160993395176,143.06393807186709,145.2213592529297,76378900
2021-10-20 00:00:00-04:00,145.16279603857302,146.1878221446277,144.59659100003023,145.70947265625,58418800
2021-10-21 00:00:00-04:00,145.27016433537898,146.0804224119474,144.35252229936606,145.92422485351562,61421000
2021-10-22 00:00:00-04:00,146.12927356040422,146.60760822426354,145.10424730155546,145.15306091308594,58883400
2021-10-25 00:00:00-04:00,145.14325947301697,145.8168484447923,144.1084766625064,145.10421752929688,50720600
2021-10-26 00:00:00-04:00,145.77780790953028,147.25188335627817,145.46541277347194,145.76805114746094,60893400
2021-10-27 00:00:00-04:00,145.80705169170784,146.168245431377,144.95775186240334,145.30918884277344,56094900
2021-10-28 00:00:00-04:00,146.25615073002083,149.5264533730465,146.15852353048365,148.94073486328125,100077900
2021-10-29 00:00:00-04:00,143.718003300801,146.37330245291255,142.92727357091124,146.23663330078125,124953200
2021-11-01 00:00:00-04:00,145.44586537540286,146.13896771640327,144.28417043944881,145.4165802001953,74588300
2021-11-02 00:00:00-04:00,145.12375118515345,147.96453308347574,145.113979527006,146.45140075683594,69122000
2021-11-03 00:00:00-04:00,146.8125588879088,148.35497602206758,146.25612565424197,147.8863983154297,54511500
2021-11-04 00:00:00-04:00,147.9742194627662,148.8039907405044,147.05657778259774,147.3689727783203,60394600
2021-11-05 00:00:00-04:00,148.49330137784227,148.79636649786093,146.70422366033108,147.89694213867188,65463900
2021-11-08 00:00:00-05:00,148.02405391839477,148.18047945260236,146.80200740282297,147.07574462890625,55020900
2021-11-09 00:00:00-05:00,146.8410949734435,148.0435844748696,146.70422637098488,147.4374542236328,56787900
2021-11-10 00:00:00-05:00,146.66511965093986,146.7726603269792,144.54364896685252,144.61207580566406,65187100
2021-11-11 00:00:00-05:00,145.6288070022433,146.0882826457482,144.37741797894228,144.56317138671875,41000000
2021-11-12 00:00:00-05:00,145.11064651980587,147.03659252052734,144.18189439318962,146.63577270507812,63804000
2021-11-15 00:00:00-05:00,147.00727451410145,148.48351596746593,146.08829332480207,146.6455535888672,59222800
2021-11-16 00:00:00-05:00,146.5869216938867,148.1022623119589,146.0003334167105,147.6232147216797,59256200
2021-11-17 00:00:00-05:00,147.62315882272418,151.53370607630626,147.61338782490964,150.05747985839844,88807000
2021-11-18 00:00:00-05:00,150.2726099643279,155.12168178008048,149.627365877677,154.33956909179688,137827700
2021-11-19 00:00:00-05:00,154.12446895909494,157.41911583313842,153.02952027938457,156.95962524414062,117305600
2021-11-22 00:00:00-05:00,158.0643575600625,161.99446283900974,157.39957149925132,157.41912841796875,117467900
2021-11-23 00:00:00-05:00,157.5169071447605,158.18170822428823,155.50297681960475,157.80043029785156,96041900
2021-11-24 00:00:00-05:00,157.1551065919777,158.51402106938352,156.06992920947715,158.31849670410156,69463600
2021-11-26 00:00:00-05:00,156.00158738073347,156.8618980401627,152.86336515925657,153.3032989501953,76959800
2021-11-29 00:00:00-05:00,155.80598568259293,157.5852919747901,155.23895449884512,156.6565399169922,88748200
2021-11-30 00:00:00-05:00,156.41215841772612,161.8184901598309,156.34371666317804,161.60340881347656,174048100
2021-12-01 00:00:00-05:00,163.7346542506034,166.49159798116264,160.85062784337472,161.08526611328125,152052500
2021-12-02 00:00:00-05:00,155.19014164372396,160.52803264766237,154.27116024660182,160.09786987304688,136739200
2021-12-03 00:00:00-05:00,160.3520514474846,161.271032766341,156.14820866843903,158.22079467773438,118023100
2021-12-06 00:00:00-05:00,160.61596032861834,164.12568814988214,160.60618932990224,161.62294006347656,107497000
2021-12-07 00:00:00-05:00,165.2988844701773,167.7429772469704,164.57542763792551,167.35191345214844,120405400
2021-12-08 00:00:00-05:00,168.2806769394803,172.02502878126478,166.88264814477856,171.16470336914062,116998900
2021-12-09 00:00:00-05:00,170.9984899495763,172.7973384356804,170.03062395661757,170.65631103515625,108923700
2021-12-10 00:00:00-05:00,171.29179439045112,175.61294836881706,170.78341894665584,175.4369659423828,115402700
2021-12-13 00:00:00-05:00,177.06961358561998,178.0570365302883,171.6046261840087,171.8099365234375,153237000
2021-12-14 00:00:00-05:00,171.3308817563336,173.76520322122326,168.35887188331523,170.43145751953125,139380400
2021-12-15 00:00:00-05:00,171.1940123824784,175.48583813344078,168.45662585148168,175.29031372070312,131063300
2021-12-16 00:00:00-05:00,175.27077720416733,177.08918279763162,166.93153397693786,168.4077606201172,150185800
2021-12-17 00:00:00-05:00,166.12985777423478,169.59070130648584,165.89523442801953,167.31280517578125,195432700
2021-12-20 00:00:00-05:00,164.51676029378936,166.76532847471316,163.71510567618958,165.95388793945312,107499100
2021-12-21 00:00:00-05:00,167.72344617879446,169.32677069078633,165.3380088741713,169.12147521972656,91185900
2021-12-22 00:00:00-05:00,169.17028106062807,171.9272242537676,168.3001848243109,171.71214294433594,92135300
2021-12-23 00:00:00-05:00,171.9174985527305,172.8951357013555,171.35046721642092,172.33787536621094,68356600
2021-12-27 00:00:00-05:00,173.12973764737882,176.38527073958,173.11019564746687,176.2972869873047,74919600
2021-12-28 00:00:00-05:00,176.1310871789595,177.27492068975482,174.5375340801528,175.28053283691406,79144300
2021-12-29 00:00:00-05:00,175.31966069433915,176.59059189162147,174.15627017338588,175.36854553222656,62348900
2021-12-30 00:00:00-05:00,175.45653864701075,176.53194546765312,174.10739462067014,174.21493530273438,59773000
2021-12-31 00:00:00-05:00,174.1073747963206,175.22188041192248,173.29593427269404,173.59901428222656,64062300
2022-01-03 00:00:00-05:00,173.85321176039008,178.79028222604728,173.73590007898758,177.93972778320312,104487900
2022-01-04 00:00:00-05:00,178.54586564233023,178.84893075193062,175.1143499260673,175.68138122558594,99310400
2022-01-05 00:00:00-05:00,175.59335905952486,176.140833320671,170.73450261552068,171.00823974609375,94537600
2022-01-06 00:00:00-05:00,168.83792269234627,171.3797850968752,167.80162976232634,168.15357971191406,96904000
2022-01-07 00:00:00-05:00,169.0236630282213,170.2457092977057,167.2052575825263,168.31976318359375,86709100
2022-01-10 00:00:00-05:00,165.2988431820016,168.64235947540746,164.40919005325154,168.33929443359375,106765600
2022-01-11 00:00:00-05:00,168.46643037323963,171.26245812752686,166.99997473942338,171.16470336914062,76138300
2022-01-12 00:00:00-05:00,172.1814317936139,173.21772467571947,170.91051556767007,171.60462951660156,74805200
2022-01-13 00:00:00-05:00,171.84900720420214,172.67021859186923,167.94823073645128,168.33929443359375,84505800
2022-01-14 00:00:00-05:00,167.50833831927105,169.89377524696252,167.26392904254132,169.1996612548828,80440800
2022-01-18 00:00:00-05:00,167.6745435442064,168.68150862321704,165.62151446360372,166.00279235839844,90956700
2022-01-19 00:00:00-05:00,166.19831524532339,167.25416515581253,162.22911080921511,162.5126190185547,94815000
2022-01-20 00:00:00-05:00,163.24581922868165,165.8854360990158,160.50843269303434,160.8310546875,91420500
2022-01-21 00:00:00-05:00,160.74307541554964,162.61036568511253,158.67048972769118,158.7780303955078,122848900
2022-01-24 00:00:00-05:00,156.44148123567246,158.67049246380245,151.2404450916643,158.0056915283203,162294600
2022-01-25 00:00:00-05:00,155.424720331175,159.1201868610098,153.50856023591945,156.2068328857422,115798400
2022-01-26 00:00:00-05:00,159.84364519078215,160.713741500623,154.2906743409117,156.1188507080078,108275300
2022-01-27 00:00:00-05:00,158.8171416631375,160.1760566161972,154.74039680395836,155.6593780517578,121954600
2022-01-28 00:00:00-05:00,162.00425626677838,166.54049197821774,159.15932862262193,166.52093505859375,179935700
2022-01-31 00:00:00-05:00,166.35473547583268,171.0864955438015,165.71926239899202,170.8714141845703,115541600
2022-02-01 00:00:00-05:00,170.1186272242385,170.93006781127377,168.45664712970438,170.70521545410156,86213900
2022-02-02 00:00:00-05:00,170.8421090824681,171.94684394629172,169.45386598046034,171.90773010253906,84914300
2022-02-03 00:00:00-05:00,170.57811566132818,172.29876649074853,168.27089152715305,169.033447265625,89418100
2022-02-04 00:00:00-05:00,168.05454433189513,170.42345318106436,167.07566180917001,168.7495574951172,82465400
2022-02-07 00:00:00-05:00,169.20965988540354,170.2766384169295,167.33999039041194,168.03500366210938,77251200
2022-02-08 00:00:00-05:00,168.10348925040896,171.64705409326743,167.80982151011347,171.13803100585938,74829200
2022-02-09 00:00:00-05:00,172.33232573026677,172.91964646810396,171.2066015104205,172.55746459960938,71285000
2022-02-10 00:00:00-05:00,170.46260694632986,171.77430598076174,167.92730472233933,168.48526000976562,90865900
2022-02-11 00:00:00-05:00,168.690860750742,169.4250227899619,164.4914455219278,165.0787811279297,98670700
2022-02-14 00:00:00-05:00,163.83558309476697,165.99892030677,163.04269054419584,165.31370544433594,86185500
2022-02-15 00:00:00-05:00,167.35956986279012,169.29775335068365,166.65477315145358,169.14112854003906,62527400
2022-02-16 00:00:00-05:00,168.2209893560315,169.67951494494773,166.45899759893967,168.9062042236328,61177400
2022-02-17 00:00:00-05:00,167.4182971510757,168.27971865617212,164.91235997613748,165.31370544433594,69589300
2022-02-18 00:00:00-05:00,166.23383213199764,166.93861378532614,162.68048390268257,163.7670440673828,82772700
2022-02-22 00:00:00-05:00,161.49607262837773,163.16996871038384,158.7258326412145,160.8500213623047,91162800
2022-02-23 00:00:00-05:00,162.0442643977581,162.64138354838985,156.37653912911182,156.68978881835938,90009200
2022-02-24 00:00:00-05:00,149.357894860665,159.41102239990326,148.79014121364656,159.3033447265625,141147500
2022-02-25 00:00:00-05:00,160.38010876655954,161.6330771993794,157.472826482258,161.36878967285156,91974200
2022-02-28 00:00:00-05:00,159.6165763607333,161.92673963359974,158.9998756125995,161.63307189941406,95056600
2022-03-01 00:00:00-05:00,161.22197083806662,163.0818568508139,158.5496253630897,159.75364685058594,83474400
2022-03-02 00:00:00-05:00,160.91852050375005,163.82580321014547,159.50892707803538,163.04269409179688,79724800
2022-03-03 00:00:00-05:00,164.91236813214016,165.34307890598984,162.0540324670775,162.71966552734375,76678400
2022-03-04 00:00:00-05:00,161.01642127862274,162.0540345545001,158.67689221468046,159.7242889404297,83737200
2022-03-07 00:00:00-05:00,159.91029698865853,161.53524604361925,155.68151606537282,155.93603515625,96418800
2022-03-08 00:00:00-05:00,155.46614292973925,159.44040392728598,152.50991327214726,154.1152801513672,131148300
2022-03-09 00:00:00-05:00,158.06996768709067,159.95921898709753,156.04368834876885,159.50892639160156,91454900
2022-03-10 00:00:00-05:00,156.81698565051138,157.00297572975708,152.68609998585092,155.17247009277344,105342000
2022-03-11 00:00:00-05:00,155.57381332247203,155.91642822664025,151.23737032666907,151.46250915527344,96970100
2022-03-14 00:00:00-04:00,148.25177493215907,150.86538982544317,146.9302923114544,147.43930053710938,108732100
2022-03-15 00:00:00-04:00,147.71340492610565,152.28480063427574,147.204396636905,151.81492614746094,92964300
2022-03-16 00:00:00-04:00,153.73349374971625,156.62119402728206,151.19819175617425,156.2198486328125,102300200
2022-03-17 00:00:00-04:00,155.2606154453612,157.60014494995056,154.30131439746998,157.22816467285156,75615400
2022-03-18 00:00:00-04:00,157.1204572234023,161.00662274780382,156.38629519642316,160.51718139648438,123511700
2022-03-21 00:00:00-04:00,160.0571133745572,162.8371517415441,159.5676719986422,161.88763427734375,95811400
2022-03-22 00:00:00-04:00,162.01487524148183,165.84231029999864,161.42755456550663,165.25498962402344,81532000
2022-03-23 00:00:00-04:00,164.44251031244588,168.99430889731204,164.1096788423283,166.61563110351562,98062700
2022-03-24 00:00:00-04:00,167.44765777264146,170.46261801995993,166.61561651162776,170.39410400390625,90131400
2022-03-25 00:00:00-04:00,170.20810721060892,171.578536843318,169.10196511927478,171.03036499023438,80546200
2022-03-28 00:00:00-04:00,168.53419473681177,172.01901397467847,168.36778650765086,171.8917694091797,90371900
2022-03-29 00:00:00-04:00,172.95877935054617,175.22977935165113,172.6161644453855,175.18084716796875,100589400
2022-03-30 00:00:00-04:00,174.77948791199498,175.8171010585222,172.96854916161706,174.01596069335938,92633200
2022-03-31 00:00:00-04:00,174.08448573079536,174.27047582290578,170.7171270473916,170.92269897460938,103049300
2022-04-01 00:00:00-04:00,170.35492714540266,171.18698327855927,168.30906622272897,170.62901306152344,78751300
2022-04-04 00:00:00-04:00,170.88355800105404,174.72077634534207,170.75629847192283,174.6718292236328,76468400
2022-04-05 00:00:00-04:00,173.7516811601631,174.53479031608524,170.73672061862993,171.3632049560547,73401800
2022-04-06 00:00:00-04:00,168.72019203962893,169.96337702443967,166.53728819844997,168.20138549804688,89058800
2022-04-07 00:00:00-04:00,167.54556668896316,169.69910564386342,166.26323274049562,168.50486755371094,77594700
2022-04-08 00:00:00-04:00,168.15243700693318,168.15243700693318,165.6269183292227,166.4981231689453,76575500
2022-04-11 00:00:00-04:00,165.14726983208973,165.46050445879015,162.00505049807634,162.24977111816406,72246700
2022-04-12 00:00:00-04:00,164.47185939466212,166.28278325109693,163.1209966207163,164.1194610595703,79265200
2022-04-13 00:00:00-04:00,163.85517369033073,167.42808955183875,163.24827119923606,166.80160522460938,70618900
2022-04-14 00:00:00-04:00,167.01694559853848,167.65322825491936,161.55477886000992,161.79949951171875,75329400
2022-04-18 00:00:00-04:00,160.45845861462905,163.08187215208477,160.1158586140106,161.5841827392578,69023900
2022-04-19 00:00:00-04:00,161.53521398147984,164.2760883021938,160.44865367684753,163.8649444580078,67723800
2022-04-20 00:00:00-04:00,165.19622127922986,165.31369734743882,162.59240492951264,163.6985321044922,67929800
2022-04-21 00:00:00-04:00,165.34307817395856,167.90774603308134,162.4064301142371,162.90565490722656,87227800
2022-04-22 00:00:00-04:00,162.94483948037262,164.32505289369502,158.08957416008516,158.37344360351562,84882400
2022-04-25 00:00:00-04:00,157.71754117840766,159.72425325965065,155.11372512050855,159.4403839111328,96046400
2022-04-26 00:00:00-04:00,158.82372320771267,158.91181906878418,153.4105028966986,153.4888153076172,95623200
2022-04-27 00:00:00-04:00,152.61760570667977,156.41566043489684,152.09879906936447,153.263671875,88063200
2022-04-28 00:00:00-04:00,155.88704759214835,161.0457628626786,155.57379800357486,160.18434143066406,130216800
2022-04-29 00:00:00-04:00,158.42236732431553,162.69029635210208,153.92929946524063,154.3208465576172,131747600
2022-05-02 00:00:00-04:00,153.40069487713816,154.88858563658798,150.0333364297974,154.62429809570312,123055300
2022-05-03 00:00:00-04:00,154.8102670522691,157.31621889046943,153.01892515604405,156.1121826171875,88966500
2022-05-04 00:00:00-04:00,156.29818841895514,162.964376768375,155.8968429541357,162.51409912109375,108256500
2022-05-05 00:00:00-04:00,160.38996521087574,160.615104090122,151.67789865233715,153.45947265625,130525300
2022-05-06 00:00:00-04:00,152.9398183054887,156.30232589327392,151.14582973171207,154.18482971191406,116124600
2022-05-09 00:00:00-04:00,151.8811126841976,152.76341048572758,148.50882129057032,149.06759643554688,131577900
2022-05-10 00:00:00-04:00,152.45950928453797,153.65550196924158,149.92046680625165,151.46937561035156,115366700
2022-05-11 00:00:00-04:00,150.47928231405317,152.39090538432077,142.94061098912724,143.61703491210938,142689800
2022-05-12 00:00:00-04:00,139.9604210928437,143.32291464808353,136.06854586723028,139.75454711914062,182602000
2022-05-13 00:00:00-04:00,141.74458368466105,145.18551933414366,140.29371306035543,144.21499633789062,113990900
2022-05-16 00:00:00-04:00,142.68571610317943,144.616949555646,141.34266624082053,142.6759033203125,86643800
2022-05-17 00:00:00-04:00,145.9305738468132,146.8226694807634,143.7934664467187,146.3031005859375,78336300
2022-05-18 00:00:00-04:00,143.96011558077154,144.46007380411618,137.14687404841018,138.0487823486328,109742900
2022-05-19 00:00:00-04:00,137.127274568989,138.87224434894858,133.91182362893935,134.64706420898438,136095600
2022-05-20 00:00:00-04:00,136.3528207232791,137.93113785871375,130.00034593006458,134.88233947753906,137426100
2022-05-23 00:00:00-04:00,135.07841705772444,140.44077384848245,134.94117272312687,140.29373168945312,117726300
2022-05-24 00:00:00-04:00,138.03898075989613,139.17615657107172,134.62746828487894,137.59783935546875,104132700
2022-05-25 00:00:00-04:00,135.70583264997845,138.99971190055481,135.61760734755066,137.7547149658203,92482700
2022-05-26 00:00:00-04:00,134.68631051667606,141.4995389264538,134.44123025043575,140.9505615234375,90601500
2022-05-27 00:00:00-04:00,142.5288570634857,146.73442720207444,142.40141055796454,146.69522094726562,90978500
2022-05-31 00:00:00-04:00,146.1364648342796,147.69517170019813,143.95033814163904,145.91098022460938,103718400
2022-06-01 00:00:00-04:00,146.95010821381516,148.75391017683245,144.773794451972,145.78353881835938,74286600
2022-06-02 00:00:00-04:00,144.9208398093746,148.2931460840145,143.96992734384497,148.2343292236328,72348100
2022-06-03 00:00:00-04:00,144.00911981753086,145.05807025566116,141.61714962601158,142.51904296875,88570300
2022-06-06 00:00:00-04:00,144.13655344098794,145.64625571792195,142.04846553260185,143.26406860351562,71598400
2022-06-07 00:00:00-04:00,141.50933876771822,146.06782531945106,141.26425852389363,145.78353881835938,67808200
2022-06-08 00:00:00-04:00,145.65608826850138,146.92069570984725,144.5581335933167,145.0482940673828,53950200
2022-06-09 00:00:00-04:00,144.18555742985592,145.03843157570358,139.7250956528781,139.8329315185547,69473000
2022-06-10 00:00:00-04:00,137.51938542071767,137.98993516430295,134.3627515970909,134.43138122558594,91437900
2022-06-13 00:00:00-04:00,130.25520640425938,132.53935542645704,128.853354985689,129.28469848632812,122207100
2022-06-14 00:00:00-04:00,130.51011351307002,131.25515193955982,128.8925752102517,130.1473846435547,84784300
2022-06-15 00:00:00-04:00,131.6472513597461,134.63723228518424,129.55917858108418,132.7648162841797,91533000
2022-06-16 00:00:00-04:00,129.48080196283757,129.78469908531477,126.50061768881059,127.50054931640625,108123900
2022-06-17 00:00:00-04:00,127.5103548974603,130.4611156124141,127.25546187351353,128.9710235595703,134520300
2022-06-21 00:00:00-04:00,130.7943843000857,134.36275100339577,130.696361206463,133.1961669921875,81000500
2022-06-22 00:00:00-04:00,132.13743964836019,135.04899374439105,131.27476747959807,132.68643188476562,73409200
2022-06-23 00:00:00-04:00,134.1275183400123,135.86267563561398,132.96093402675356,135.54898071289062,72433800
2022-06-24 00:00:00-04:00,137.14690930909833,139.1173641987572,137.01947774401722,138.87228393554688,89116800
2022-06-27 00:00:00-04:00,139.8918112487565,140.666273257268,138.1958600157244,138.87228393554688,70207900
2022-06-28 00:00:00-04:00,139.3330131628478,140.59762053174873,134.61767206581916,134.7353057861328,67083400
2022-06-29 00:00:00-04:00,134.75490940956817,137.90173093297278,133.98044756827542,136.4900665283203,66242400
2022-06-30 00:00:00-04:00,134.5490335635321,135.64698810352084,131.1375212724895,134.0294647216797,98964500
2022-07-01 00:00:00-04:00,133.36284196732555,136.3038045198631,132.9903302157903,136.1959686279297,71051600
2022-07-05 00:00:00-04:00,135.05882114715405,138.82324999611623,134.23534018265374,138.77423095703125,73353800
2022-07-06 00:00:00-04:00,138.56835645511603,141.28383440664965,138.30366564043456,140.10745239257812,74064300
2022-07-07 00:00:00-04:00,140.4701612232241,143.66601661315485,140.46036340026106,143.46995544433594,66253700
2022-07-08 00:00:00-04:00,142.40140757015126,144.64635079248632,142.1465295229667,144.14637756347656,64547800
2022-07-11 00:00:00-04:00,142.80334848304327,143.7542609845207,140.95054251842944,142.0190887451172,63141600
2022-07-12 00:00:00-04:00,142.89155544175705,145.5286208059207,142.19553604555907,142.98959350585938,77588800
2022-07-13 00:00:00-04:00,140.17608985764943,143.56799177024092,139.3232005090592,142.62689208984375,71185600
2022-07-14 00:00:00-04:00,141.244640047542,146.01879814456234,140.4309718883509,145.54824829101562,78140700
2022-07-15 00:00:00-04:00,146.83244295612025,147.89119117713278,145.28353435270415,147.2147674560547,76259900
2022-07-18 00:00:00-04:00,147.77355664160174,148.58722466683977,143.81305239727462,144.17578125,81420900
2022-07-19 00:00:00-04:00,145.0090973341563,148.25395782693252,144.0189783944477,148.0284881591797,82982400
2022-07-20 00:00:00-04:00,148.14609070693865,150.6949310490213,147.41085002655058,150.02830505371094,64823400
2022-07-21 00:00:00-04:00,151.45958316742,152.50853373902038,148.94996398855773,152.29286193847656,65086600
2022-07-22 00:00:00-04:00,152.33208328648058,153.2045683993023,150.39105184778396,151.0576629638672,66675400
2022-07-25 00:00:00-04:00,150.97921649648936,151.9889458272938,149.28326552705713,149.94007873535156,53623900
2022-07-26 00:00:00-04:00,149.26368451408044,150.07735281781265,147.83242409239264,148.61668395996094,55138700
2022-07-27 00:00:00-04:00,149.57734107239523,154.2338646113094,149.1656081545016,153.70448303222656,78620700
2022-07-28 00:00:00-04:00,153.89071970173208,154.53773487138514,151.37130360196892,154.25344848632812,81378700
2022-07-29 00:00:00-04:00,158.0669387195233,160.409904944982,156.36117506106663,159.3119354248047,101786900
2022-08-01 00:00:00-04:00,157.84145882480365,160.3706884793457,157.72382510643268,158.3316192626953,67829400
2022-08-02 00:00:00-04:00,156.94935473605096,159.21389322725332,156.4886027966237,156.86111450195312,59907000
2022-08-03 00:00:00-04:00,157.67481177613547,163.311657015849,157.58658648416494,162.8607177734375,82507500
2022-08-04 00:00:00-04:00,162.74307352499065,163.89986001020398,161.19416464799912,162.54701232910156,55474100
2022-08-05 00:00:00-04:00,160.22042780912037,162.81206933981917,160.01426786699392,162.32122802734375,56697000
2022-08-08 00:00:00-04:00,163.32256080452132,164.73618641729826,161.19231095001098,161.85003662109375,60276900
2022-08-09 00:00:00-04:00,161.01557009848563,162.78260161908204,160.2596703687026,161.89907836914062,63135500
2022-08-10 00:00:00-04:00,164.60851631297595,166.23811287684435,163.8428051524665,166.13995361328125,70170500
2022-08-11 00:00:00-04:00,166.9449356294848,167.85790820975464,165.10919401506573,165.40370178222656,57149200
2022-08-12 00:00:00-04:00,166.70935086886797,169.01629605421468,166.29703098384923,168.9475860595703,68039400
2022-08-15 00:00:00-04:00,168.3782005294128,170.21394216296972,168.21131628811554,170.01760864257812,54091700
2022-08-16 00:00:00-04:00,169.61512926108554,170.52810192661653,168.51564947224608,169.8605499267578,56377100
2022-08-17 00:00:00-04:00,169.6052979143018,172.92337473871223,169.40896440067246,171.35269165039062,79542000
2022-08-18 00:00:00-04:00,170.56732446959606,171.69625328732099,169.94885973714076,170.95999145507812,62290100
2022-08-19 00:00:00-04:00,169.86053968443733,170.55754092380556,168.1720444080825,168.37820434570312,70346300
2022-08-22 00:00:00-04:00,166.58171149389958,166.74859572706774,164.0784180378036,164.50054931640625,69026800
2022-08-23 00:00:00-04:00,164.01951691966545,165.61966421752064,163.59738564765863,164.16676330566406,54147100
2022-08-24 00:00:00-04:00,164.25514348994625,165.03066617037743,163.2047358944321,164.46128845214844,53841500
2022-08-25 00:00:00-04:00,165.68839353539587,167.0234825149317,165.26627719342727,166.91549682617188,51218200
2022-08-26 00:00:00-04:00,167.44561591056575,167.91681938586046,160.56401098389765,160.62290954589844,78961000
2022-08-29 00:00:00-04:00,158.1981828757406,159.91612783706887,156.89255788690747,158.42398071289062,73314000
2022-08-30 00:00:00-04:00,159.1602105704912,159.58232691391927,154.83098655063566,155.9991912841797,77906200
2022-08-31 00:00:00-04:00,157.37356030730842,157.63861884578063,154.26162776653078,154.3401641845703,87991100
2022-09-01 00:00:00-04:00,153.77076113952282,155.5181549609377,151.83684522830168,155.06658935546875,74229900
2022-09-02 00:00:00-04:00,156.82379496598037,157.42262194968552,152.13135334781393,152.95596313476562,76957800
2022-09-06 00:00:00-04:00,153.60389928231007,154.21253778677115,150.87482246778544,151.69943237304688,73714800
2022-09-07 00:00:00-04:00,151.9841232844313,153.80022729759784,150.79628062278962,153.10324096679688,87449600
2022-09-08 00:00:00-04:00,151.8074024718103,153.49589780674214,149.88329791132227,151.63070678710938,84923800
2022-09-09 00:00:00-04:00,152.62219009337275,154.92915012061422,151.91537744584716,154.4873809814453,68028800
2022-09-12 00:00:00-04:00,156.66669857838036,161.25115382171967,156.3820172588061,160.4363555908203,104956000
2022-09-13 00:00:00-04:00,156.97105902298662,157.59933535695706,150.56067213786505,151.02206420898438,122656600
2022-09-14 00:00:00-04:00,151.95465448242936,154.22235404144755,150.79627611743592,152.4651336669922,87965400
2022-09-15 00:00:00-04:00,151.81718374523024,152.39638777057854,148.60709294324934,149.57894897460938,90481100
2022-09-16 00:00:00-04:00,148.44022763272653,148.57766259301448,145.65223775657734,147.93955993652344,162278800
2022-09-19 00:00:00-04:00,146.57501740526791,151.7288507316376,146.36887246061372,151.6503143310547,81474200
2022-09-20 00:00:00-04:00,150.5900968013731,155.1843789131033,150.2759661753886,154.02598571777344,107689800
2022-09-21 00:00:00-04:00,154.45790609581144,155.83227045116655,150.78642348575858,150.9042205810547,101696800
2022-09-22 00:00:00-04:00,149.58880860884872,151.64052177438083,148.14573389948876,149.9422149658203,86652500
2022-09-23 00:00:00-04:00,148.42057250414538,148.69544239271363,145.83874285871622,147.6744842529297,96029900
2022-09-26 00:00:00-04:00,146.91861726875362,150.95333323742267,146.8989794231201,148.00828552246094,93339400
2022-09-27 00:00:00-04:00,149.94216199160152,151.8858887785868,147.20325994789727,148.9801025390625,84442700
2022-09-28 00:00:00-04:00,144.93563790031018,147.88068609523327,142.18692325585735,147.0953369140625,146691400
2022-09-29 00:00:00-04:00,143.4238179924611,144.03245634378814,138.103085707034,139.8701171875,128138200
2022-09-30 00:00:00-04:00,138.69213315187477,140.4788028880648,135.47221503631138,135.66854858398438,124925300
2022-10-03 00:00:00-04:00,135.67837316238783,140.44935170481597,135.16789396191245,139.8406982421875,114311700
2022-10-04 00:00:00-04:00,142.37345088895668,143.54165578156733,141.61755096209856,143.42385864257812,87830100
2022-10-05 00:00:00-04:00,141.43100052371705,144.6803670999918,140.39040452379436,143.7183074951172,79471000
2022-10-06 00:00:00-04:00,143.13911161877988,144.83741801539523,142.55992258457076,142.7660675048828,68402200
2022-10-07 00:00:00-04:00,139.9290143479333,140.47876912027488,136.89561907456743,137.52389526367188,85925600
2022-10-10 00:00:00-04:00,137.8478546142578,139.2909290851068,136.0317509799681,137.8478546142578,74899000
2022-10-11 00:00:00-04:00,137.33738075448184,138.76083241469453,135.68816128454225,136.43423461914062,77033700
2022-10-12 00:00:00-04:00,136.58152223774053,137.78898779453903,135.62928879673916,135.8059844970703,70433700
2022-10-13 00:00:00-04:00,132.5173428390662,140.9598044199806,131.90868942611982,140.3708038330078,113224000
2022-10-14 00:00:00-04:00,141.66661609125816,141.87277603175662,135.65872326737428,135.84524536132812,88598000
2022-10-17 00:00:00-04:00,138.48595592005591,140.28242169324201,137.70060693296034,139.80140686035156,85250900
2022-10-18 00:00:00-04:00,142.8250309880353,144.01285874624452,138.03441429758362,141.1168975830078,99136600
2022-10-19 00:00:00-04:00,139.09461918905455,142.29489928414645,138.90809708603376,141.22486877441406,61758300
2022-10-20 00:00:00-04:00,140.40024050696854,143.21766459219867,140.0370077826972,140.76345825195312,64522000
2022-10-21 00:00:00-04:00,140.2530052619691,145.14179598739213,140.03703386545854,144.57241821289062,86548600
2022-10-24 00:00:00-04:00,144.49385104011358,147.47815927955588,143.32564645655586,146.7124481201172,75981900
2022-10-25 00:00:00-04:00,147.3407290522299,149.69677613929844,146.62410499116672,149.5495147705078,74732300
2022-10-26 00:00:00-04:00,148.19481318791426,149.20594507644813,145.32828678897533,146.6143035888672,88194300
2022-10-27 00:00:00-04:00,145.35776595535313,146.3198108162611,141.48993368404496,142.1476593017578,109180200
2022-10-28 00:00:00-04:00,145.4853431294892,154.61499335183578,145.11231396636444,152.88723754882812,164762400
2022-10-31 00:00:00-04:00,150.35450854811523,151.4147275390832,149.13721674827332,150.5312042236328,97943200
2022-11-01 00:00:00-04:00,152.2393339638939,152.60255171953904,146.3983256985316,147.89047241210938,80379300
2022-11-02 00:00:00-04:00,146.22160672381153,149.38262560122348,142.34396380900958,142.3734130859375,93604600
2022-11-03 00:00:00-04:00,139.45781809061094,140.18426855678922,136.20845130657773,136.33607482910156,97918500
2022-11-04 00:00:00-04:00,139.71867839937045,140.28900066971147,132.13735779737468,136.0706024169922,140814800
2022-11-07 00:00:00-05:00,134.82180210827255,136.82775039724396,133.40583154940404,136.60159301757812,83374600
2022-11-08 00:00:00-05:00,138.06672226567503,139.069688836373,135.19545550623369,137.17190551757812,89908500
2022-11-09 00:00:00-05:00,136.18857977969958,136.23774833279379,132.3438299914245,132.61915588378906,74917800
2022-11-10 00:00:00-05:00,138.88285345399055,144.41888427734375,137.17188688278108,144.41888427734375,118854000
2022-11-11 00:00:00-05:00,143.38642351170455,147.50648417895965,141.96061049585242,147.20166015625,93979700
2022-11-14 00:00:00-05:00,146.48387656026793,147.7720118834529,144.96956884900007,145.80538940429688,73374100
2022-11-15 00:00:00-05:00,149.67962155098414,151.02675299903876,146.0806992107757,147.53599548339844,89868300
2022-11-16 00:00:00-05:00,146.64122201771914,147.36886279219104,144.83191778497329,146.306884765625,64218300
2022-11-17 00:00:00-05:00,143.98622301357588,148.9519465811487,143.71089713297823,148.2046356201172,80389400
2022-11-18 00:00:00-05:00,149.76810292744864,150.15159363499748,147.4671586821555,148.76512145996094,74829600
2022-11-21 00:00:00-05:00,147.6540145740021,147.8605015253363,145.25473282614936,145.53988647460938,58724100
2022-11-22 00:00:00-05:00,145.65789948864827,147.9096756373434,144.47791399161687,147.67367553710938,51804100
2022-11-23 00:00:00-05:00,146.95583870512687,149.29612388958984,146.84767388557262,148.54881286621094,58301400
2022-11-25 00:00:00-05:00,145.8348427804778,146.3953372169929,144.66470036386627,145.63818359375,35195900
2022-11-28 00:00:00-05:00,142.71777000634125,144.19273663104678,140.98714790150922,141.81312561035156,69246000
2022-11-29 00:00:00-05:00,141.8819517027843,142.39327767480953,138.007718580844,138.81402587890625,83763800
2022-11-30 00:00:00-05:00,139.04016787618127,146.23801151936658,138.20436253781247,145.5595245361328,111380900
2022-12-01 00:00:00-05:00,145.7365320270306,146.64117635966434,144.1632284025417,145.83485412597656,71250400
2022-12-02 00:00:00-05:00,143.52408428382984,145.53003217962117,143.21924526160134,145.34320068359375,65447400
2022-12-05 00:00:00-05:00,145.30389650239576,148.40132070138284,143.33727415278167,144.18292236328125,68826400
2022-12-06 00:00:00-05:00,144.61557170242608,144.8417290558683,139.55151049910586,140.52499389648438,64727200
2022-12-07 00:00:00-05:00,139.81699890501977,140.97729872796708,137.6635453309665,138.58786010742188,69721100
2022-12-08 00:00:00-05:00,139.98414879173407,141.1247931057231,138.7451823842777,140.26930236816406,62128300
2022-12-09 00:00:00-05:00,139.96449489513216,143.14060047218985,138.54852454565471,139.78750610351562,76097000
2022-12-12 00:00:00-05:00,140.31847817047847,142.0884409898644,138.7058487137347,142.07861328125,70462700
2022-12-13 00:00:00-05:00,147.00499369488003,147.46715106267968,141.83278326469596,143.04225158691406,93886200
2022-12-14 00:00:00-05:00,142.92424628798724,144.21238117508022,138.80417118832523,140.81996154785156,82291200
2022-12-15 00:00:00-05:00,138.75503452609877,139.43352160827794,133.7598121718234,134.2219696044922,98931900
2022-12-16 00:00:00-05:00,134.4088086870883,135.35277902524194,131.4982009688156,132.2651824951172,160156900
2022-12-19 00:00:00-05:00,132.85516655290323,132.94366095306307,129.12842399506934,130.160888671875,79592600
2022-12-20 00:00:00-05:00,129.19722445474264,131.02618341248566,127.72225803734129,130.092041015625,77432800
2022-12-21 00:00:00-05:00,130.76073402008618,134.5268181441457,130.53457661956926,133.18951416015625,85928000
2022-12-22 00:00:00-05:00,132.10783812958184,132.31432503613755,128.1254256005218,130.02320861816406,77852100
2022-12-23 00:00:00-05:00,128.73507853958517,130.21004508793624,127.47644161865645,129.65939331054688,63814900
2022-12-27 00:00:00-05:00,129.18739241986506,129.21689054689435,126.5717817929533,127.85991668701172,69007800
2022-12-28 00:00:00-05:00,127.50594763388183,128.84325132058044,123.76936998157427,123.93653106689453,85438400
2022-12-29 00:00:00-05:00,125.8540162663591,128.30245940160785,125.59836071953018,127.44698333740234,75703700
2022-12-30 00:00:00-05:00,126.26695961626481,127.78125184057714,125.30331160781724,127.76158142089844,77034200
2023-01-03 00:00:00-05:00,128.10576142344397,128.71540946850325,122.09773035328112,122.98271179199219,112117500
2023-01-04 00:00:00-05:00,124.77235152537197,126.51281646624362,122.99256074022561,124.2511978149414,89113600
2023-01-05 00:00:00-05:00,125.00832719533365,125.63764564758301,122.67788488068354,122.93354034423828,80962700
2023-01-06 00:00:00-05:00,123.90704815865084,128.11561145155684,122.80573689838651,127.45679473876953,87754700
2023-01-09 00:00:00-05:00,128.29262549469274,131.18356309444624,127.72230314471543,127.97795867919922,70790800
2023-01-10 00:00:00-05:00,128.08609090104719,129.06940194282927,125.98180587179891,128.54824829101562,63896200
2023-01-11 00:00:00-05:00,129.05956971451124,131.28184718963053,128.28276062052532,131.26219177246094,69458900
2023-01-12 00:00:00-05:00,131.6456901154858,132.0193381171801,129.24640871746402,131.18353271484375,71379600
2023-01-13 00:00:00-05:00,129.82655147153693,132.6683196907436,129.46273119909978,132.510986328125,57809700
2023-01-17 00:00:00-05:00,132.57984966159466,134.99878678874634,131.89153482883353,133.67132568359375,63646600
2023-01-18 00:00:00-05:00,134.5366534532576,136.296774002363,132.77651790001315,132.95352172851562,69672800
2023-01-19 00:00:00-05:00,131.8423392118264,133.97612225756075,131.53751520588366,133.01248168945312,58280400
2023-01-20 00:00:00-05:00,133.0222897939842,135.7165669083965,131.97998269986445,135.56906127929688,80223600
2023-01-23 00:00:00-05:00,135.81489982286553,140.92812862349226,135.5985702195713,138.7550048828125,81760300
2023-01-24 00:00:00-05:00,137.96839974299797,140.77084282048162,137.95857203194126,140.15135192871094,66435100
2023-01-25 00:00:00-05:00,138.53867984910516,140.05297211797858,136.49339126221906,139.49249267578125,65799300
2023-01-26 00:00:00-05:00,140.78065564701856,141.8426334902846,139.53184628445516,141.55747985839844,54105100
2023-01-27 00:00:00-05:00,140.77082215722044,144.77289057415175,140.69215546789684,143.4945831298828,70555800
2023-01-30 00:00:00-05:00,142.54074493087208,143.12089472125817,140.46595847340612,140.6134490966797,64015300
2023-01-31 00:00:00-05:00,140.31849689379183,141.93112656571586,139.90550801485074,141.8819580078125,65874500
2023-02-01 00:00:00-05:00,141.56727363630213,144.1632138517995,138.96150571314269,143.00289916992188,77663600
2023-02-02 00:00:00-05:00,146.41500811186492,148.65695608667727,145.69719525256042,148.302978515625,118339000
2023-02-03 00:00:00-05:00,145.5595309829737,154.75349514117664,145.36287177724367,151.9215545654297,154357300
2023-02-06 00:00:00-05:00,150.02377712562708,150.54493079230497,148.26364190831887,149.19778442382812,69858300
2023-02-07 00:00:00-05:00,148.12600388600742,152.63939885505883,148.12600388600742,152.06907653808594,83322600
2023-02-08 00:00:00-05:00,151.31190929849808,152.0002240332312,148.64712974900903,149.38461303710938,64120100
2023-02-09 00:00:00-05:00,151.21353460518222,151.75435854951905,147.90960969557148,148.3520965576172,56007100
2023-02-10 00:00:00-05:00,147.19007494553122,149.04151212756338,146.95371454850684,148.71652221679688,57450700
2023-02-13 00:00:00-05:00,148.65743217523777,151.91715888947925,148.62788900472555,151.51339721679688,62199000
2023-02-14 00:00:00-05:00,149.80967642706798,151.4346261088162,148.568818055862,150.87327575683594,61707600
2023-02-15 00:00:00-05:00,150.78461690781828,153.1383177826238,150.55811427879883,152.9709014892578,65573800
2023-02-16 00:00:00-05:00,151.17855953849067,153.95573796607766,151.02100096105386,151.3755340576172,68167900
2023-02-17 00:00:00-05:00,150.03617955770974,150.67630162569367,148.55896091432058,150.23313903808594,59144100
2023-02-21 00:00:00-05:00,147.9188545173904,149.00215442484804,146.15604651567105,146.2249755859375,58867200
2023-02-22 00:00:00-05:00,146.60899081957194,147.67258982358598,144.92497033349784,146.6483917236328,51011300
2023-02-23 00:00:00-05:00,147.81051980369892,148.05672295415894,145.0038129046831,147.13099670410156,48394200
2023-02-24 00:00:00-05:00,144.87577631301392,144.9545631210652,143.5068874555982,144.4818572998047,55469600
2023-02-27 00:00:00-05:00,145.46665970602933,146.90447752822308,145.21059884097443,145.6734619140625,44998500
2023-02-28 00:00:00-05:00,144.81665531660641,146.81582313308783,144.5999954030627,145.1711883544922,50547000
2023-03-01 00:00:00-05:00,144.60000744430354,144.9939263960711,142.80764165155819,143.10308837890625,55479000
2023-03-02 00:00:00-05:00,142.18720807379,144.48182259076125,141.71448733904464,143.6939697265625,52238100
2023-03-03 00:00:00-05:00,145.79164167073546,148.81502337863614,145.09243318314816,148.73623657226562,70732300
2023-03-06 00:00:00-05:00,151.4542972077173,153.92618602775224,151.1293223291666,151.4936981201172,87558000
2023-03-07 00:00:00-05:00,151.36570502149803,151.69069500723498,148.83474426282984,149.297607421875,56182000
2023-03-08 00:00:00-05:00,150.4892077170001,151.1391876253047,149.52409559763862,150.5482940673828,47204800
2023-03-09 00:00:00-05:00,151.2277963802791,152.1929083670859,147.9483691410299,148.3029022216797,53833600
2023-03-10 00:00:00-05:00,147.92869544727571,148.64760438030467,145.3681768808884,146.24465942382812,68572400
2023-03-13 00:00:00-04:00,145.56513330123872,150.81418573238946,145.45680332509693,148.1847381591797,84457100
2023-03-14 00:00:00-04:00,148.98243524821328,151.07023295988367,147.82036369988242,150.2725372314453,73695900
2023-03-15 00:00:00-04:00,148.89377768233683,150.92248866561948,147.64306182318006,150.66644287109375,77167900
2023-03-16 00:00:00-04:00,149.84907174243986,154.08376844517147,149.33696504123728,153.4830322265625,76161100
2023-03-17 00:00:00-04:00,153.70953434482817,154.35951419092353,151.93686886777078,152.64593505859375,98944600
2023-03-20 00:00:00-04:00,152.71486085947325,155.4230948668754,151.80882025865256,155.00946044921875,73641400
2023-03-21 00:00:00-04:00,154.93069227015488,156.9790888157361,154.1625247817563,156.8609161376953,73938300
2023-03-22 00:00:00-04:00,156.88062840402722,159.67749219321786,155.41325242402124,155.43295288085938,75701800
2023-03-23 00:00:00-04:00,156.41777837205046,159.09646969740976,155.28523492873595,156.51625061035156,67622100
2023-03-24 00:00:00-04:00,156.44731907052963,157.9048374069247,155.4526638252611,157.8162078857422,59196500
2023-03-27 00:00:00-04:00,157.51092158923748,158.3283178086609,155.4723523985585,155.87612915039062,52390300
2023-03-28 00:00:00-04:00,155.57082346557496,156.0829301456233,153.6110412861723,155.25567626953125,45992200
2023-03-29 00:00:00-04:00,156.94954647836764,158.60403911493316,156.92986104995282,158.3282928466797,51305700
2023-03-30 00:00:00-04:00,159.07676882534926,160.0024950198449,158.8207229739758,159.8941650390625,49501700
2023-03-31 00:00:00-04:00,159.97293860815142,162.49405610459849,159.45098920585787,162.39556884765625,68749800
2023-04-03 00:00:00-04:00,161.7751332479675,163.76444342844442,161.725889623748,163.64627075195312,56976200
2023-04-04 00:00:00-04:00,164.06975594835677,164.30610131295074,162.60238002597387,163.11448669433594,46278300
2023-04-05 00:00:00-04:00,162.23798454444034,162.54327395468036,159.3426339632527,161.27285766601562,51511700
2023-04-06 00:00:00-04:00,159.96306777674639,162.45465692468338,159.5396056660462,162.15921020507812,45390100
2023-04-10 00:00:00-04:00,158.96841666370352,159.56915283203125,157.64877164706385,159.56915283203125,47716900
2023-04-11 00:00:00-04:00,159.88429605818737,159.8941387722609,158.0722298566841,158.3578338623047,47644200
2023-04-12 00:00:00-04:00,158.77145737665472,159.59869619161648,157.35332510698044,157.66847229003906,50133100
2023-04-13 00:00:00-04:00,159.17522685740187,163.28189260314673,158.96840964951016,163.0455322265625,68445600
2023-04-14 00:00:00-04:00,162.09027277975596,163.794009087704,161.33197803499354,162.70086669921875,49386500
2023-04-17 00:00:00-04:00,162.5826774005875,162.8781241294329,161.53877864877254,162.72055053710938,41516200
2023-04-18 00:00:00-04:00,163.57733566867122,164.86743742961687,163.13415809407996,163.94171142578125,49923000
2023-04-19 00:00:00-04:00,163.2819130529251,165.60607111909823,163.02585218946155,165.08412170410156,47720200
2023-04-20 00:00:00-04:00,163.56749547193866,165.32046042282218,163.04554607797024,164.11898803710938,52456400
2023-04-21 00:00:00-04:00,162.54330660065614,163.92203809382642,161.99181400338804,162.51376342773438,58337300
2023-04-24 00:00:00-04:00,162.49402564838778,163.08491902519904,161.4008834202169,162.8190155029297,41949600
2023-04-25 00:00:00-04:00,162.68119268208375,163.78417796430023,161.2433597017252,161.2827606201172,48714100
2023-04-26 00:00:00-04:00,160.58349205788602,162.76977657727082,160.32744626830737,161.27285766601562,45498800
2023-04-27 00:00:00-04:00,162.68118215487013,165.99999552987848,162.68118215487013,165.85227966308594,64902300
2023-04-28 00:00:00-04:00,165.93108244036668,167.2704281940491,165.33034614583897,167.10299682617188,55275900
2023-05-01 00:00:00-04:00,166.70902333840385,167.86125191507637,166.07874407354768,167.01431274414062,52472900
2023-05-02 00:00:00-04:00,167.50674796522142,167.76280882251325,164.9954731830596,165.98028564453125,48425700
2023-05-03 00:00:00-04:00,166.925713661642,168.32414556576836,164.6212560883793,164.90684509277344,65136000
2023-05-04 00:00:00-04:00,162.38575411076772,164.50309525641927,161.81456098159026,163.27207946777344,81235400
2023-05-05 00:00:00-04:00,168.38320830672657,171.65279246173276,168.16654839153733,170.9338836669922,113453200
2023-05-08 00:00:00-04:00,169.86041647416434,171.2096195052504,169.49604074216262,170.86492919921875,55962800
2023-05-09 00:00:00-04:00,170.42178299192224,170.90433143409618,168.99380806621033,169.16122436523438,45326900
2023-05-10 00:00:00-04:00,170.39224965147537,171.38690478906514,169.28924951921832,170.92404174804688,53724500
2023-05-11 00:00:00-04:00,171.20966280003566,171.9384144483228,169.5551699505623,171.11117553710938,49514700
2023-05-12 00:00:00-04:00,171.21962961924467,171.653548851867,168.6358569767775,170.1841583251953,45533100
2023-05-15 00:00:00-04:00,170.76598190315437,170.81529363826058,169.09934457223466,169.69105529785156,37266700
2023-05-16 00:00:00-04:00,169.61215953124739,170.74625419954612,169.42478396654107,169.69105529785156,42110300
2023-05-17 00:00:00-04:00,169.3360281894031,170.53914722242257,168.06385467134209,170.30247497558594,57951600
2023-05-18 00:00:00-04:00,170.60820660461047,172.81724313624747,170.19401507639674,172.62986755371094,65496700
2023-05-19 00:00:00-04:00,173.951317433895,173.951317433895,172.52136743505932,172.7383270263672,55809500
2023-05-22 00:00:00-04:00,171.57466634347682,172.2945846931845,171.0519949677244,171.7916259765625,43570900
2023-05-23 00:00:00-04:00,170.73638088486976,170.98292448804304,168.9119522022565,169.18807983398438,50747300
2023-05-24 00:00:00-04:00,168.7246024757336,170.03621645106807,168.16249079935005,169.4642333984375,45143500
2023-05-25 00:00:00-04:00,170.02637505144457,171.49576564962197,169.31632809947834,170.59835815429688,56058300
2023-05-26 00:00:00-04:00,170.92379413047703,173.33991896491864,170.71669083708804,173.00460815429688,54835000
2023-05-30 00:00:00-04:00,174.51344390978926,176.5153769153671,174.12883646161984,174.84873962402344,55964400
2023-05-31 00:00:00-04:00,174.87834951174753,176.87042648421155,174.3162227478627,174.79945373535156,99625300
2023-06-01 00:00:00-04:00,175.24320228346932,177.62974272201325,174.4838437196236,177.60015869140625,68901800
2023-06-02 00:00:00-04:00,178.5271532052556,179.2667840167609,176.78162027671132,178.44825744628906,61996900
2023-06-05 00:00:00-04:00,180.10507993454968,182.3929972823034,175.57852688511534,177.0972442626953,121946500
2023-06-06 00:00:00-04:00,177.48187878323327,177.62979898311937,174.9769863810525,176.73239135742188,64848400
2023-06-07 00:00:00-04:00,175.97298038220674,178.7046879636189,174.86846975629078,175.36155700683594,61944600
2023-06-08 00:00:00-04:00,175.44046308150416,178.33981894141047,175.0065588784877,178.0735626220703,50214900
2023-06-09 00:00:00-04:00,178.9907186665087,179.71062202681557,178.1327514419261,178.45819091796875,48900000
2023-06-12 00:00:00-04:00,178.76385922591572,181.34763164971682,178.46800386072707,181.24900817871094,54274900
2023-06-13 00:00:00-04:00,180.272706433175,181.60403301510047,179.91768300176238,180.77565002441406,54929100
2023-06-14 00:00:00-04:00,180.8348467124019,181.84074910193183,179.50351991974284,181.40682983398438,57462900
2023-06-15 00:00:00-04:00,181.4167083517838,183.9413132306641,181.23918907707676,183.4383544921875,65433200
2023-06-16 00:00:00-04:00,184.14839232814637,184.4048073735327,181.7224110612984,182.36341857910156,101256200
2023-06-20 00:00:00-04:00,181.8604527350327,183.52709013546678,181.8604527350327,182.4521484375,49799100
2023-06-21 00:00:00-04:00,182.34366316376426,182.8466218007744,180.06560242478363,181.4166717529297,49515700
2023-06-22 00:00:00-04:00,181.19973368511316,184.46396933431626,181.13069423738702,184.41465759277344,51245300
2023-06-23 00:00:00-04:00,182.9847233686237,184.96692915011988,182.45218058994394,184.09909057617188,53117000
2023-06-26 00:00:00-04:00,184.2470177435845,185.45015206010262,182.66913223239737,182.70858764648438,48088700
2023-06-27 00:00:00-04:00,183.32002456056532,185.7854614474672,183.10306491069133,185.46002197265625,50730800
2023-06-28 00:00:00-04:00,185.33178721386028,187.27455239917202,185.00636283468697,186.633544921875,51216800
2023-06-29 00:00:00-04:00,186.4658826988121,187.4422009047134,186.32781886596203,186.9688262939453,46347300
2023-06-30 00:00:00-04:00,188.9806243235532,191.79121262094537,188.61572952588827,191.28826904296875,85213200
2023-07-03 00:00:00-04:00,191.10092178559267,191.19954526937022,189.10884478636748,189.79917907714844,31458200
2023-07-05 00:00:00-04:00,188.92148652956726,190.31198136153697,187.98460856583768,188.68479919433594,46920300
2023-07-06 00:00:00-04:00,187.2153769807983,189.36524537083605,186.5842258571581,189.15814208984375,45094300
2023-07-07 00:00:00-04:00,188.7636804868427,190.0062550438309,187.60985803081866,188.04376220703125,46815000
2023-07-10 00:00:00-04:00,186.6433724908287,187.3632906795546,184.45406399039535,186.0023651123047,59922200
2023-07-11 00:00:00-04:00,186.5447607531038,186.6828245728434,184.0201565933923,185.4796905517578,46638100
2023-07-12 00:00:00-04:00,187.05761040387253,189.04968751691854,185.86434744027207,187.14637756347656,60750200
2023-07-13 00:00:00-04:00,187.8662603208446,188.54672319895087,187.15621340871894,187.90570068359375,41342300
2023-07-14 00:00:00-04:00,187.60001815586816,188.53688115718742,187.00832233558717,188.0536651611328,41616200
2023-07-17 00:00:00-04:00,189.2469126832782,191.6334686208352,189.1581605746784,191.3080291748047,50520200
2023-07-18 00:00:00-04:00,190.67688432979497,191.6433313227349,189.75973403360663,191.05162048339844,48288200
2023-07-19 00:00:00-04:00,190.4303301514657,195.48939585264796,189.9865395225249,192.40267944335938,80507300
2023-07-20 00:00:00-04:00,192.39277822300156,193.7537038386121,189.83858989767532,190.4598846435547,59581200
2023-07-21 00:00:00-04:00,191.4164870851642,192.2744541324422,188.58615588066942,189.28634643554688,71951700
2023-07-24 00:00:00-04:00,190.73603816687742,192.21530010696893,189.59207198839397,190.0851593017578,45377800
2023-07-25 00:00:00-04:00,190.65710075853963,191.75175495708856,190.25276563839378,190.94308471679688,37283200
2023-07-26 00:00:00-04:00,190.9924473358141,192.93521264770516,190.64729522856234,191.81097412109375,47471900
2023-07-27 00:00:00-04:00,193.3099522093675,194.47363103189025,189.8879250921341,190.5486602783203,47460200
2023-07-28 00:00:00-04:00,191.97862287270013,193.9115318637554,191.45595149688123,193.12258911132812,48291400
2023-07-31 00:00:00-04:00,193.34940127389015,193.77346420221568,192.56045853696887,193.7340087890625,38824100
2023-08-01 00:00:00-04:00,193.52688862020202,194.0101044929012,192.58015448246934,192.9055938720703,35175100
2023-08-02 00:00:00-04:00,192.34350758944402,192.48157144604934,189.19762292480593,189.9175262451172,50389300
2023-08-03 00:00:00-04:00,188.92145636813592,189.7103839306254,188.05361799200307,188.5269775390625,61235200
2023-08-04 00:00:00-04:00,182.95511789971007,184.78940327661547,179.40488328381886,179.4739227294922,115956800
2023-08-07 00:00:00-04:00,179.61200164257014,180.59817633552169,174.8980878140883,176.37734985351562,97576100
2023-08-08 00:00:00-04:00,177.20572916857282,177.77771228390873,175.12490000933562,177.314208984375,67823000
2023-08-09 00:00:00-04:00,178.36941190145535,178.42857997538025,174.5627769846933,175.72647094726562,60378500
2023-08-10 00:00:00-04:00,176.99860916334498,178.25105509162734,175.14461118800062,175.50949096679688,54686900
2023-08-11 00:00:00-04:00,175.10464195853916,176.38838822312198,174.34425781198718,175.56875610351562,52036700
2023-08-14 00:00:00-04:00,175.74649049543365,177.44500246999712,175.09473274674426,177.21788024902344,43675600
2023-08-15 00:00:00-04:00,176.6451282666605,177.23762299403361,174.8379899652799,175.2329864501953,43622600
2023-08-16 00:00:00-04:00,174.91701484938284,176.30938743269644,174.29488099061055,174.364013671875,46964900
2023-08-17 00:00:00-04:00,174.9268647491592,175.29223725703497,171.31258808782235,171.8260955810547,66062900
2023-08-18 00:00:00-04:00,170.14732599213767,172.9123464424467,169.81157749118245,172.30996704101562,61172200
2023-08-21 00:00:00-04:00,172.88274314562352,173.92949746098708,171.56935789788312,173.6431121826172,46311900
2023-08-22 00:00:00-04:00,174.84784230984178,175.46009132134986,174.04796471270419,175.01571655273438,42038900
2023-08-23 00:00:00-04:00,176.28963972003098,179.2817827873095,176.10201110060572,178.85714721679688,52722800
2023-08-24 00:00:00-04:00,178.41274073112407,178.83737622633825,173.810958290209,174.1763458251953,54945800
2023-08-25 00:00:00-04:00,175.16386577811136,176.91174101480664,173.62335841851225,176.3784942626953,51449600
2023-08-28 00:00:00-04:00,177.84004032072406,178.3337935661488,176.31928695480332,177.9387969970703,43820700
2023-08-29 00:00:00-04:00,177.45491008950265,182.589940732724,177.25741180863895,181.81968688964844,53003900
2023-08-30 00:00:00-04:00,182.62942352828824,185.50307057198083,182.43192527543482,185.30555725097656,60813900
2023-08-31 00:00:00-04:00,185.4931879048022,186.75719481874472,185.13768501849643,185.52281188964844,60794500
2023-09-01 00:00:00-04:00,187.1225652663115,187.54718572230075,185.92767607044595,187.0929412841797,45766500
2023-09-05 00:00:00-04:00,185.92766852324166,187.60642607121574,185.26604116890505,187.32992553710938,45280000
2023-09-06 00:00:00-04:00,186.04618648324464,186.4905763861184,179.20277485131902,180.62478637695312,81755800
2023-09-07 00:00:00-04:00,172.99135904079122,175.98351721110967,171.3718491931888,175.3416290283203,112488800
2023-09-08 00:00:00-04:00,176.12176201867752,177.98814840122637,175.56874581023814,175.95387268066406,65551300
2023-09-11 00:00:00-04:00,177.82024612940288,178.0473683330804,175.12434339280344,177.11911010742188,58953100
2023-09-12 00:00:00-04:00,177.24751388848827,177.87951732730735,172.6358612060169,174.0973663330078,90370200
2023-09-13 00:00:00-04:00,174.30473020059844,175.08486860955094,171.8063404869434,172.03347778320312,84267900
2023-09-14 00:00:00-04:00,171.82612118103754,173.89989073979382,171.41137028291678,173.5443878173828,60895800
2023-09-15 00:00:00-04:00,174.27510652680778,174.29486087176767,171.6483512368518,172.82347106933594,109259500
2023-09-18 00:00:00-04:00,174.2751007250675,177.13887792290447,173.9689761950564,175.74649047851562,67257600
2023-09-19 00:00:00-04:00,175.30212586469654,177.38576479928514,174.91699900323943,176.832763671875,51826900
2023-09-20 00:00:00-04:00,177.0203732393163,177.45487842056565,173.20859833310675,173.2974853515625,58436200
2023-09-21 00:00:00-04:00,172.36923745366522,174.09737357666756,171.68785565712008,171.75697326660156,63149100
2023-09-22 00:00:00-04:00,172.48775099523908,174.86764517240317,171.87550181385268,172.6062469482422,56725400
2023-09-25 00:00:00-04:00,172.02359502231215,174.75899170155245,171.97421669351675,173.88011169433594,46172700
2023-09-26 00:00:00-04:00,172.63586851438868,173.01111068359924,169.51534481079926,169.8115997314453,64588900
2023-09-27 00:00:00-04:00,170.46336179203436,170.87811270067803,166.93797153448685,168.30072021484375,66921800
2023-09-28 00:00:00-04:00,167.22430983558627,169.88070413963854,165.52579782856736,168.5574493408203,56294400
2023-09-29 00:00:00-04:00,169.87081569769032,170.9077001905232,168.211797495528,169.07093811035156,51861100
2023-10-02 00:00:00-04:00,169.08081880430257,172.12233981703872,168.79443355791753,171.57920837402344,52164500
2023-10-03 00:00:00-04:00,170.1078129668395,171.46070671019788,168.68581669291316,170.24606323242188,49594600
2023-10-04 00:00:00-04:00,168.95244285882518,172.03347264460572,168.83394692911625,171.49034118652344,53020300
2023-10-05 00:00:00-04:00,171.61869897615148,173.25796291419545,170.5225664715738,172.72471618652344,48527900
2023-10-06 00:00:00-04:00,171.6285909459562,175.76624458491796,171.016326818613,175.27249145507812,57266700
2023-10-09 00:00:00-04:00,174.60098214625398,176.81300162773064,173.60360623261292,176.75375366210938,42390800
2023-10-10 00:00:00-04:00,175.87486944103904,177.4746247468579,175.72673446240606,176.16123962402344,43698000
2023-10-11 00:00:00-04:00,175.9736336691769,177.60302823490863,175.38113888285298,177.55364990234375,47551100
2023-10-12 00:00:00-04:00,177.82026707710477,180.06189553412176,176.80312172309905,178.4522705078125,56743100
2023-10-13 00:00:00-04:00,179.15340788479125,179.65703072033497,175.91438812346496,176.6155242919922,51427100
2023-10-16 00:00:00-04:00,174.54176320804768,176.8426550206093,174.3047562379969,176.48715209960938,52517000
2023-10-17 00:00:00-04:00,174.44296868905948,176.19085892709333,172.6160912129652,174.9367218017578,57549400
2023-10-18 00:00:00-04:00,173.3863659573123,175.36137864838344,172.9222367694585,173.6431121826172,54764400
2023-10-19 00:00:00-04:00,173.84057783744473,175.6180919396984,173.00120664203897,173.26783752441406,59302900
2023-10-20 00:00:00-04:00,173.11972583296543,173.22835212793277,170.4830858385587,170.7200927734375,64244000
2023-10-23 00:00:00-04:00,168.77470794688867,171.8359684831129,167.80694090892598,170.83859252929688,55980100
2023-10-24 00:00:00-04:00,170.88799016172553,171.50023932449824,169.30797385167378,171.2731170654297,43816600
2023-10-25 00:00:00-04:00,169.73259505065448,170.89784530264086,168.51795139973865,168.96234130859375,57157000
2023-10-26 00:00:00-04:00,168.24143389027685,169.23882483986895,163.60015755926395,164.80491638183594,70625300
2023-10-27 00:00:00-04:00,164.82468576422622,166.8490767618186,164.7456834493569,166.11831665039062,58499100
2023-10-30 00:00:00-04:00,166.90830774256386,169.0314401165317,166.7601727667049,168.1624298095703,51131000
2023-10-31 00:00:00-04:00,167.23421730907862,168.76484019690602,165.80232095364974,168.636474609375,44846000
2023-11-01 00:00:00-04:00,168.86358325166134,172.05322449399938,167.99457285522465,171.79647827148438,56934900
2023-11-02 00:00:00-04:00,173.32711052996643,175.5588693503195,173.26786256268767,175.35150146484375,77334800
2023-11-03 00:00:00-04:00,172.06311427874405,174.61088250590672,171.18423421755685,174.4429931640625,79829200
2023-11-06 00:00:00-05:00,174.1763842242903,177.1882666996337,174.0085099439187,176.9907684326172,63841300
2023-11-07 00:00:00-05:00,176.94138484513783,180.1606652677133,176.7340169447808,179.5484161376953,70530000
2023-11-08 00:00:00-05:00,180.07177947416378,181.15802736111343,179.32126504404005,180.6050262451172,49340300
2023-11-09 00:00:00-05:00,180.67414339377055,181.81963914926845,179.5385022077218,180.13101196289062,53763500
2023-11-10 00:00:00-05:00,181.91089548671326,184.48180071812672,181.47581782404296,184.31369018554688,66133400
2023-11-13 00:00:00-05:00,183.7401702602705,183.9478113332898,182.14818998578377,182.73158264160156,43627500
2023-11-14 00:00:00-05:00,185.59912547957174,186.00454008995078,184.21480130754796,185.342041015625,60108400
2023-11-15 00:00:00-05:00,185.74744196041772,187.3789678351275,185.67821821290843,185.9056396484375,53790500
2023-11-16 00:00:00-05:00,187.4482222334322,188.82266388785246,186.5385061665612,187.58665466308594,54412900
2023-11-17 00:00:00-05:00,188.12059370194675,188.24914348244,186.4594046371221,187.56686401367188,50922700
2023-11-20 00:00:00-05:00,187.7645921414258,189.76198684131353,187.75470950144614,189.30712890625,46505100
2023-11-21 00:00:00-05:00,189.26759612132614,189.37636552049437,187.61628985249988,188.50621032714844,38134500
2023-11-22 00:00:00-05:00,189.3467401313375,190.77061015607987,188.69412360666138,189.1687469482422,39617700
2023-11-24 00:00:00-05:00,188.733624664797,188.76328767363577,187.13176183550132,187.8437042236328,24048300
2023-11-27 00:00:00-05:00,187.79427548166112,188.53588093642713,186.78568783853885,187.6657257080078,40552600
2023-11-28 00:00:00-05:00,187.65581951789036,188.9412718291061,187.28006797313506,188.2688751220703,38415400
2023-11-29 00:00:00-05:00,188.7633319210795,189.9400151741752,186.85494082777598,187.25045776367188,43014200
2023-11-30 00:00:00-05:00,187.71517468500207,188.18981305356235,186.08364867108205,187.82394409179688,48794400
2023-12-01 00:00:00-05:00,188.1996843513192,189.4159130354433,187.11199034893104,189.09950256347656,45704800
2023-12-04 00:00:00-05:00,187.85360043262926,187.92282418358675,185.35191925319242,187.30975341796875,43389500
2023-12-05 00:00:00-05:00,188.08104861869373,192.22413865175915,188.05137051787239,191.25511169433594,66628400
2023-12-06 00:00:00-05:00,192.27356863697858,192.58009647341478,189.95976327032974,190.16741943359375,41089700
2023-12-07 00:00:00-05:00,191.46279066889767,192.81745204226402,191.42322992176048,192.0956268310547,47477700
2023-12-08 00:00:00-05:00,192.0263919187675,193.79636559429088,191.50232520965804,193.51950073242188,53406400
2023-12-11 00:00:00-05:00,190.948598334338,191.32434997590968,189.27751140798418,191.01780700683594,60943700
2023-12-12 00:00:00-05:00,190.91889435682484,192.54053754746204,189.5741159727842,192.53065490722656,52696900
2023-12-13 00:00:00-05:00,192.90642113434447,195.78385412672148,192.66911702808835,195.7443084716797,70404200
2023-12-14 00:00:00-05:00,195.80361960949875,197.38570218691584,193.96443748585023,195.89260864257812,66831600
2023-12-15 00:00:00-05:00,195.3190970971854,196.17935458626624,194.79503045579114,195.35865783691406,128538400
2023-12-18 00:00:00-05:00,193.89523770867535,194.42920214917604,192.21426816132805,193.69747924804688,55751900
2023-12-19 00:00:00-05:00,193.964464462268,194.74561567460933,193.6974822378966,194.73573303222656,40714100
2023-12-20 00:00:00-05:00,194.69616113684165,195.46742966263125,192.6493377685547,192.6493377685547,52242800
2023-12-21 00:00:00-05:00,193.9050960501454,194.8741228719849,191.33419132020353,192.5009765625,46482500
2023-12-22 00:00:00-05:00,192.9954077755279,193.2228443252002,190.81015202156473,191.43310546875,37149600
2023-12-26 00:00:00-05:00,191.44299668429173,191.71986154255086,190.67172813799795,190.88926696777344,28919300
2023-12-27 00:00:00-05:00,190.3355425015734,191.33423254727063,188.95120308408815,190.98814392089844,48087700
2023-12-28 00:00:00-05:00,191.96704448132198,192.48122849088116,191.00790021395272,191.41331481933594,34049900
2023-12-29 00:00:00-05:00,191.72972215657148,192.2241257878035,189.58401220758475,190.37506103515625,42672100
