datetime,open,high,low,close,volume
2020-01-02 00:00:00-05:00,66.86783552352698,67.8730239868164,66.77262179859589,67.8730239868164,27278000
2020-01-03 00:00:00-05:00,66.84750602902096,68.12445054033702,66.81378055903824,67.51795959472656,23408000
2020-01-06 00:00:00-05:00,67.02751808217074,69.34288486446046,66.9962821053439,69.31759643554688,46768000
2020-01-07 00:00:00-05:00,69.44900962487809,69.59976407326137,69.00765768436452,69.18370056152344,34330000
2020-01-08 00:00:00-05:00,69.16931937572167,70.01384094895226,69.06071987013958,69.67613220214844,35314000
2020-01-09 00:00:00-05:00,70.51369507317621,70.84842998736566,69.93250016192401,70.40757751464844,33200000
2020-01-10 00:00:00-05:00,70.88760830833094,71.15886487459247,70.39815395293984,70.86231231689453,26258000
2020-01-13 00:00:00-05:00,71.17423856104631,71.48318564833806,70.68429232295442,71.41128540039062,30730000
2020-01-14 00:00:00-05:00,71.4097937019993,71.54021599791382,70.80330278532237,70.94315338134766,26076000
2020-01-15 00:00:00-05:00,71.06367483770075,71.44849487036305,70.99623144948461,71.3701400756836,21550000
2020-01-16 00:00:00-05:00,71.68006159560105,71.94041435124791,71.40979626083083,71.91363525390625,26080000
2020-01-17 00:00:00-05:00,72.52755882003636,73.42067465653932,72.23051437982828,73.36959838867188,52424000
2020-01-21 00:00:00-05:00,73.34381561207009,73.88336264250772,72.90791936171401,73.50498962402344,48930000
2020-01-22 00:00:00-05:00,73.8759245867756,74.41397338110437,73.52532192544703,73.58531951904297,28458000
2020-01-23 00:00:00-05:00,73.7678173234847,74.06287927041319,73.40927702930324,73.62598419189453,26650000
2020-01-24 00:00:00-05:00,74.02914675123824,74.097581382054,72.559292859008,72.70757293701172,29786000
2020-01-27 00:00:00-05:00,70.99026646132236,71.24019965615449,70.3931962623692,70.99968719482422,34132000
2020-01-28 00:00:00-05:00,71.49608309873746,72.14373017574707,70.93174708981847,71.93049621582031,29724000
2020-01-29 00:00:00-05:00,72.32522928653594,72.60690544755049,71.67709035915647,72.23795318603516,21566000
2020-01-30 00:00:00-05:00,71.31557167668379,72.16604067283447,71.16184346943253,72.116455078125,27110000
2020-01-31 00:00:00-05:00,72.79138548923828,72.88114352752272,70.7681067350012,71.05176544189453,43822000
2020-02-03 00:00:00-05:00,72.48340978528061,73.70581223384661,72.23347662108607,73.52232360839844,71636000
2020-02-04 00:00:00-05:00,72.12835848746417,72.76558597572388,70.51866160482743,71.6780776977539,95880000
2020-02-05 00:00:00-05:00,72.58061715621994,72.62871964997271,70.89802869966074,71.7098159790039,36376000
2020-02-06 00:00:00-05:00,72.00388927199774,73.4707694622342,71.92950709001718,73.19355773925781,37822000
2020-02-07 00:00:00-05:00,72.76807109346798,73.65374870960305,72.66988358975605,73.3492660522461,28360000
2020-02-10 00:00:00-05:00,73.25604592514885,74.82557052333453,73.15537648833067,74.81465911865234,38302000
2020-02-11 00:00:00-05:00,75.0432628919805,75.86696037630945,74.65546917942103,74.88407897949219,34852000
2020-02-12 00:00:00-05:00,75.17170572454793,75.39188605793423,74.81515553865327,75.30907440185547,31042000
2020-02-13 00:00:00-05:00,74.88111203769492,75.67207538277923,74.58356816841906,75.04922485351562,22914000
2020-02-14 00:00:00-05:00,75.1057482210196,75.37948673334321,74.66042372612603,75.31402587890625,23198000
2020-02-18 00:00:00-05:00,75.09632856792217,75.90067759877253,74.9311895426324,75.34923553466797,25642000
2020-02-19 00:00:00-05:00,75.73406088600595,75.90961191518042,75.42561318763357,75.61851501464844,22746000
2020-02-20 00:00:00-05:00,75.32791507548832,75.72761146175247,74.59645752229817,75.22774505615234,25962000
2020-02-21 00:00:00-05:00,74.6123229813126,74.92821644497522,73.31851954400152,73.56497955322266,42520000
2020-02-24 00:00:00-05:00,70.56924919541633,71.23028967425653,69.76291752799771,70.41105651855469,49560000
2020-02-25 00:00:00-05:00,70.96348339912412,71.25358143993788,68.45521513612178,68.74779510498047,51580000
2020-02-26 00:00:00-05:00,69.17725154343258,70.10409286099708,68.26330414608108,68.95359802246094,49776000
2020-02-27 00:00:00-05:00,67.39994872991234,67.90874408927081,65.1733485505735,65.20855712890625,62290000
2020-02-28 00:00:00-05:00,63.193204492422396,66.5722739739755,62.89070436777219,66.41358947753906,80198000
2020-03-02 00:00:00-05:00,67.0156136346648,68.80481891518373,65.7168464160506,68.74779510498047,55430000
2020-03-03 00:00:00-05:00,69.31114065170213,69.83233041381229,65.91718724409012,66.33771514892578,56602000
2020-03-04 00:00:00-05:00,67.39102349986874,68.57226266519108,66.30202430729123,68.51374816894531,47598000
2020-03-05 00:00:00-05:00,66.72599709750645,67.12669225673191,64.5484988050263,65.1991195678711,54380000
2020-03-06 00:00:00-05:00,62.9769971984103,64.6035493381855,62.34521781036266,64.25592803955078,64640000
2020-03-09 00:00:00-04:00,59.75413741242582,62.12305866079698,59.41097297068797,60.29119873046875,69252000
2020-03-10 00:00:00-04:00,62.20537437076088,63.26957678968302,60.22771640855486,63.23585510253906,54872000
2020-03-11 00:00:00-04:00,61.901885489595976,62.33133476819371,59.06879829263046,60.04869842529297,54732000
2020-03-12 00:00:00-04:00,55.67088552919475,58.950281093480896,54.96918456837145,55.12192153930664,94326000
2020-03-13 00:00:00-04:00,58.2679115330629,60.22225964263293,55.15860802791231,60.21581268310547,79400000
2020-03-16 00:00:00-04:00,54.03391030090798,56.804014722190885,52.91664529324998,53.21022033691406,96520000
2020-03-17 00:00:00-04:00,54.084991706538645,55.838496815004454,52.02501762640033,55.44475173950195,83194000
2020-03-18 00:00:00-04:00,52.56257466439651,54.79660911099285,51.42497370415476,54.112266540527344,93044000
2020-03-19 00:00:00-04:00,53.96497931020589,57.15808978102262,52.34487034827302,55.12786865234375,74064000
2020-03-20 00:00:00-04:00,56.08147935576829,56.457374166486815,52.66967958187416,52.97267532348633,82878000
2020-03-23 00:00:00-04:00,52.38553745507887,52.90821796189328,50.03000577141187,52.27445602416992,83672000
2020-03-24 00:00:00-04:00,54.74652002572422,56.20198931680837,53.87621071144316,56.037349700927734,72468000
2020-03-25 00:00:00-04:00,55.76808219769024,56.83873167265164,53.706621136908296,54.629493713378906,90324000
2020-03-26 00:00:00-04:00,55.2791240135285,58.09386175834299,54.15392506628862,57.669368743896484,76562000
2020-03-27 00:00:00-04:00,55.911395704558494,57.08073204784074,54.74751506360393,55.05794906616211,62794000
2020-03-30 00:00:00-04:00,56.16778075676404,57.07825507559409,54.47427688253347,56.84567642211914,58736000
2020-03-31 00:00:00-04:00,56.96567688694709,58.18906316864204,56.370097362055304,57.62125778198242,65228000
2020-04-01 00:00:00-04:00,55.73931501110959,56.008093464132045,54.22631868304361,54.653289794921875,51970000
2020-04-02 00:00:00-04:00,54.549151445625526,55.6783190924219,54.208468955289,55.393672943115234,56410000
2020-04-03 00:00:00-04:00,55.278626230732584,55.480952582798494,53.31337022040269,54.1871452331543,51374000
2020-04-06 00:00:00-04:00,56.18563269892655,59.049460387953076,55.788910047440375,58.674560546875,63320000
2020-04-07 00:00:00-04:00,60.35169060850497,60.5386486628773,58.37998779819019,58.643310546875,61620000
2020-04-08 00:00:00-04:00,59.661892044147216,60.247055806495155,58.71224047565648,59.85529327392578,40334000
2020-04-09 00:00:00-04:00,60.40971598898934,60.59865278435294,59.132272009251324,59.8339729309082,54028000
2020-04-13 00:00:00-04:00,59.582551251526766,60.228215813461446,58.63190840184953,60.02439880371094,38702000
2020-04-14 00:00:00-04:00,61.49028773908295,63.2646206472992,60.92346976589179,62.74293518066406,63358000
2020-04-15 00:00:00-04:00,61.81461065144641,63.232889067237245,61.194238224724224,62.34968948364258,42236000
2020-04-16 00:00:00-04:00,62.83764929137025,63.14610078349134,61.4025120129918,62.35612869262695,57896000
2020-04-17 00:00:00-04:00,63.55967676795776,63.971275807142504,62.78111177962652,63.425785064697266,51050000
2020-04-20 00:00:00-04:00,62.97401789004605,63.3176779307609,62.307029946262375,62.54059982299805,35292000
2020-04-21 00:00:00-04:00,61.62616202853529,61.98767228700058,59.756116084668555,60.111183166503906,49648000
2020-04-22 00:00:00-04:00,61.546816874331455,63.469426000735105,61.35292000771885,62.404727935791016,46296000
2020-04-23 00:00:00-04:00,62.76821677257481,63.879534159122194,62.50985410412235,63.03749084472656,34202000
2020-04-24 00:00:00-04:00,62.23562155598527,63.361815406709226,61.69013080899274,63.30677032470703,37402000
2020-04-27 00:00:00-04:00,64.07045614945028,64.1745987676371,62.73449772386327,63.02212142944336,44186000
2020-04-28 00:00:00-04:00,63.63406872473429,63.71142467884531,61.0147150018543,61.12430953979492,80700000
2020-04-29 00:00:00-04:00,66.69874197813101,67.45003233788705,65.79273212855323,66.55889892578125,108358000
2020-04-30 00:00:00-04:00,66.02232428665536,66.94668363522894,65.53336173174351,66.78303527832031,55842000
2020-05-01 00:00:00-04:00,65.66180653739475,67.01760531854285,64.94622420976376,65.32608032226562,48872000
2020-05-04 00:00:00-04:00,64.87034957246755,65.68065376658639,64.26931430979212,65.60279083251953,30806000
2020-05-05 00:00:00-04:00,66.32680414700387,67.98856850629761,66.20431948237466,66.89807891845703,39666000
2020-05-06 00:00:00-04:00,67.34341219746076,67.87353091957088,66.70518581908316,66.72006225585938,31732000
2020-05-07 00:00:00-04:00,67.50755427769955,68.23603812169104,67.0726492790664,67.90278625488281,30652000
2020-05-08 00:00:00-04:00,68.52464582755636,69.25956898715928,68.03816519605402,68.64961242675781,33326000
2020-05-11 00:00:00-04:00,68.27520548318408,70.19632388908829,68.2112352957633,69.60421752929688,32718000
2020-05-12 00:00:00-04:00,69.833824423372,70.13681640125114,68.16213984874989,68.19536590576172,33918000
2020-05-13 00:00:00-04:00,68.24395686168661,68.69870207901334,65.8561907203026,66.86386108398438,40368000
2020-05-14 00:00:00-04:00,66.1294392946917,67.3121612901518,65.62262654118136,67.28687286376953,36660000
2020-05-15 00:00:00-04:00,66.86039957997617,68.16560628520914,66.40118989060014,68.0902328491211,41544000
2020-05-18 00:00:00-04:00,67.52094138012248,69.06715998167876,67.15496289864852,68.69126892089844,47094000
2020-05-19 00:00:00-04:00,68.70615981767418,69.05378118346108,68.12496474010864,68.15670013427734,31586000
2020-05-20 00:00:00-04:00,68.88863698818672,70.02276472704372,68.80235214483642,69.88043975830078,38262000
2020-05-21 00:00:00-04:00,69.9711931242331,70.24244974483369,69.14799496101227,69.76093292236328,30894000
2020-05-22 00:00:00-04:00,69.61959655312397,70.26922616998684,69.22535585205502,70.08277130126953,28544000
2020-05-26 00:00:00-04:00,71.5069951861751,71.6632053320512,70.38824330390248,70.48593139648438,44590000
2020-05-27 00:00:00-04:00,70.4179995868047,70.68330865481425,69.15841334614704,70.431884765625,31684000
2020-05-28 00:00:00-04:00,69.426192345688,71.63096943029363,69.38057178014799,70.33071899414062,35170000
2020-05-29 00:00:00-04:00,70.4393250257835,71.24764676163868,70.218652828686,71.08846282958984,37044000
2020-06-01 00:00:00-04:00,70.70065785212817,71.48814791077972,70.53105438742989,71.1553955078125,25162000
2020-06-02 00:00:00-04:00,71.1618401370753,71.55856271044368,70.49782602311556,71.52434539794922,23442000
2020-06-03 00:00:00-04:00,71.54368329606875,71.85659538466791,70.99422380337077,71.37259674072266,27732000
2020-06-04 00:00:00-04:00,71.2501248242787,71.47526904447197,69.72423813412438,70.13533782958984,26982000
2020-06-05 00:00:00-04:00,70.201772677835,71.72221085779697,69.80405884772759,71.41078186035156,42642000
2020-06-08 00:00:00-04:00,70.72942336173372,71.85610527816216,70.64015718062795,71.80850219726562,33878000
2020-06-09 00:00:00-04:00,71.66965065277674,72.78840250945899,71.52682627591334,72.00884246826172,33624000
2020-06-10 00:00:00-04:00,72.47648141459497,73.0348622998667,72.1219137520516,72.63467407226562,31762000
2020-06-11 00:00:00-04:00,71.46087559148388,71.98504674451961,69.34734716096332,69.52041625976562,47144000
2020-06-12 00:00:00-04:00,70.70860183286206,71.13755930153172,68.7220223032862,70.06690979003906,36676000
2020-06-15 00:00:00-04:00,68.90499734928308,70.66594045276953,68.79143400610754,70.4546890258789,30468000
2020-06-16 00:00:00-04:00,71.85610266711461,72.26125473639239,70.86380812050945,71.73064422607422,30648000
2020-06-17 00:00:00-04:00,72.05150228105227,72.51070444213754,71.168298968231,72.03166198730469,30610000
2020-06-18 00:00:00-04:00,71.8982617395041,72.05298121424725,70.72743476994945,71.11820983886719,34862000
2020-06-19 00:00:00-04:00,71.40979643273978,71.63295053322123,70.36840054135394,70.6480941772461,52784000
2020-06-22 00:00:00-04:00,70.66645003115394,71.95281537744636,70.37783504857579,71.93843078613281,29442000
2020-06-23 00:00:00-04:00,72.00487961496944,73.15537446068053,71.65775015871338,72.59896850585938,37752000
2020-06-24 00:00:00-04:00,72.56424844008514,73.18461692389582,70.91388742535021,71.04778289794922,31592000
2020-06-25 00:00:00-04:00,70.97439400933185,71.52484484122479,70.39518156341698,71.46434783935547,23958000
2020-06-26 00:00:00-04:00,71.04431642722474,71.26201482286062,67.19463394651147,67.56854248046875,97640000
2020-06-29 00:00:00-04:00,67.45944641414235,69.32701421353897,67.02850648187311,69.28585052490234,45074000
2020-06-30 00:00:00-04:00,69.27147878140379,70.61635863988086,68.77805172682511,70.32129669189453,40286000
2020-07-01 00:00:00-04:00,70.37685713338242,71.83034431429103,70.1293982281147,71.50899505615234,42182000
2020-07-02 00:00:00-04:00,71.99694685942596,73.81591270905315,71.9587569455247,72.89402770996094,57218000
2020-07-06 00:00:00-04:00,73.79756767696199,74.88111101976311,73.24364363672055,74.36785125732422,44712000
2020-07-07 00:00:00-04:00,74.19329366469888,75.44246780197778,73.87442642573149,73.88533782958984,42364000
2020-07-08 00:00:00-04:00,74.42486894273686,74.93911986849916,74.00334980572426,74.563720703125,31766000
2020-07-09 00:00:00-04:00,74.87763965842205,75.83026886920159,74.1665217588181,75.31056213378906,41836000
2020-07-10 00:00:00-04:00,75.04228097916123,76.43527091513984,74.42092109962981,76.3197250366211,35918000
2020-07-13 00:00:00-04:00,76.86174141702182,78.17191203749789,74.71052246568456,74.99169921875,42954000
2020-07-14 00:00:00-04:00,74.02767136950519,75.51586747193137,73.68748069578344,75.41966247558594,38108000
2020-07-15 00:00:00-04:00,75.53717702893292,76.18680655802422,74.27759098501936,75.22228240966797,31026000
2020-07-16 00:00:00-04:00,74.45960184041358,75.17420057221202,73.8035251716801,75.12510681152344,26484000
2020-07-17 00:00:00-04:00,75.22376082168248,75.54709246272641,74.29097211617324,75.22078704833984,34264000
2020-07-20 00:00:00-04:00,75.12906443419325,77.80742846308635,74.5191078119618,77.5510482788086,30166000
2020-07-21 00:00:00-04:00,78.60186132798782,78.70203135101997,76.99463868090396,77.15828704833984,27486000
2020-07-22 00:00:00-04:00,77.14787303751817,77.70675334704666,76.52898757148118,77.60112762451172,24482000
2020-07-23 00:00:00-04:00,77.65468582028785,77.87387489576915,74.81118295355448,75.2158432006836,33910000
2020-07-24 00:00:00-04:00,74.34505124105762,75.15039166978701,73.76980375376206,74.79235076904297,29902000
2020-07-27 00:00:00-04:00,75.04279057936267,76.2478275632502,74.99667059081123,75.84465789794922,27124000
2020-07-28 00:00:00-04:00,75.62496226274747,75.67504727423581,74.41099662396583,74.56621551513672,30910000
2020-07-29 00:00:00-04:00,74.63315872892666,76.03804366539825,74.53447181046977,75.55107116699219,22676000
2020-07-30 00:00:00-04:00,74.28454828311527,76.41296100573945,74.14569648203324,76.28799438476562,36042000
2020-07-31 00:00:00-04:00,74.2389154953102,74.63414743431856,72.10405616294213,73.78764343261719,91468000
2020-08-03 00:00:00-04:00,73.93890638850003,74.27264254289081,72.9828039499581,73.53028106689453,45482000
2020-08-04 00:00:00-04:00,73.72615502792115,74.04353160138255,72.60144805958299,73.06114959716797,37212000
2020-08-05 00:00:00-04:00,73.2357173222867,73.88931200767865,72.95800616932094,73.34828186035156,29134000
2020-08-06 00:00:00-04:00,73.20247794748174,74.6961294926301,72.99171836772238,74.63066864013672,33306000
2020-08-07 00:00:00-04:00,74.83350979435441,75.38147873345969,73.70433828894927,74.30438232421875,27718000
2020-08-10 00:00:00-04:00,73.92897345317232,74.73976942853685,73.26892434364396,74.22750854492188,20546000
2020-08-11 00:00:00-04:00,74.08765336389034,74.9029212995285,73.30363653343107,73.42017364501953,31098000
2020-08-12 00:00:00-04:00,73.74647443510719,74.96391299376965,73.64134057843368,74.74422454833984,22512000
2020-08-13 00:00:00-04:00,74.79233862250962,76.21855444545622,74.79233862250962,75.21087646484375,22388000
2020-08-14 00:00:00-04:00,75.06012408061498,75.36659681987358,74.33561289996881,74.61480712890625,21942000
2020-08-17 00:00:00-04:00,75.1771583632833,75.56446023024378,74.63315451205264,75.19054412841797,19990000
2020-08-18 00:00:00-04:00,75.68049915036515,77.23019092166476,75.45982697689634,77.1513442993164,28378000
2020-08-19 00:00:00-04:00,76.98818722838891,77.79998205796244,76.36880993674055,76.59741973876953,30472000
2020-08-20 00:00:00-04:00,76.36731743172305,78.36084298271476,76.09407832961335,78.16645050048828,26382000
2020-08-21 00:00:00-04:00,77.94578197707564,78.94155742131991,77.47517655139052,78.13274383544922,34838000
2020-08-24 00:00:00-04:00,78.97080047471435,79.7796215208328,78.10644628557537,78.60780334472656,25638000
2020-08-25 00:00:00-04:00,78.35737106631586,79.78457814472273,78.24728090400605,79.63432312011719,25150000
2020-08-26 00:00:00-04:00,79.65664120321837,81.96208775118443,79.39282281884792,81.53263092041016,52188000
2020-08-27 00:00:00-04:00,81.65561048941696,81.72404511830622,80.27700533270146,80.75852966308594,31350000
2020-08-28 00:00:00-04:00,80.80564164230469,81.39476664406783,80.61422293122781,81.29955291748047,22418000
2020-08-31 00:00:00-04:00,81.50485803874443,81.5509780158824,80.60033897276564,80.8086166381836,26422000
2020-09-01 00:00:00-04:00,80.93905085374529,82.28095699805938,80.80862853332464,82.07565307617188,22652000
2020-09-02 00:00:00-04:00,82.71684835469105,85.59754248382305,82.32905460313435,85.16561126708984,49522000
2020-09-03 00:00:00-04:00,84.27943415274483,84.30323947854686,79.72656344056428,80.80763244628906,63726000
2020-09-04 00:00:00-04:00,79.79052798096303,81.07937516659749,76.26814209838817,78.41242218017578,55850000
2020-09-08 00:00:00-04:00,75.62496025313807,77.13993533300419,75.20344105449351,75.55553436279297,54032000
2020-09-09 00:00:00-04:00,76.81016761668064,77.2971401284128,75.63339304854327,76.72735595703125,39242000
2020-09-10 00:00:00-04:00,76.87364735396316,78.03801986805702,75.37701423670407,75.67703247070312,33024000
2020-09-11 00:00:00-04:00,75.78117674902929,76.30434911532208,74.03907481748664,75.16675567626953,30706000
2020-09-14 00:00:00-04:00,75.95472771220844,77.21183946322891,74.63860963235427,74.82308197021484,42660000
2020-09-15 00:00:00-04:00,75.7682830632299,76.9138141369124,75.48115874300053,76.12681579589844,23042000
2020-09-16 00:00:00-04:00,76.49179380537119,77.08141822427109,74.95995225886935,74.98474884033203,22128000
2020-09-17 00:00:00-04:00,73.68151914994446,74.31875423371972,72.52359367520403,73.74251556396484,40008000
2020-09-18 00:00:00-04:00,73.80500821832771,74.14718140405718,70.99423937213804,71.95975494384766,63056000
2020-09-21 00:00:00-04:00,70.99422831812555,71.41276613993426,69.55909124439718,70.92083740234375,56908000
2020-09-22 00:00:00-04:00,71.92157247881308,72.59848063067304,70.88910537519139,72.3926773071289,33950000
2020-09-23 00:00:00-04:00,72.00933895714364,72.05843270651947,69.55909323170627,69.89183807373047,37726000
2020-09-24 00:00:00-04:00,69.5590904717612,71.31011340811294,69.53280322167417,70.559814453125,34552000
2020-09-25 00:00:00-04:00,70.66843135233466,71.70436404875389,69.8070508636011,71.36318969726562,30326000
2020-09-28 00:00:00-04:00,72.99619210723424,73.04577770670436,71.72123004229934,72.33515167236328,30784000
2020-09-29 00:00:00-04:00,72.59549219750033,72.99667163732526,72.10404776205746,72.70012664794922,31816000
2020-09-30 00:00:00-04:00,72.44820668393999,73.70085393963538,72.19133469589396,72.6792984008789,40924000
2020-10-01 00:00:00-04:00,73.57489608176681,74.14072271292429,73.2347054658879,73.78515625,32884000
2020-10-02 00:00:00-04:00,72.38325120895068,73.34530108822473,71.77428589367447,72.18340301513672,31222000
2020-10-05 00:00:00-04:00,72.53301318921578,73.62647661219141,72.40606407362094,73.53374481201172,21602000
2020-10-06 00:00:00-04:00,73.17024140482556,73.61754082467756,71.6582402752025,71.9562759399414,26096000
2020-10-07 00:00:00-04:00,72.36739248963742,72.84643497280706,71.07408069431314,72.35896301269531,36108000
2020-10-08 00:00:00-04:00,72.67186671262658,73.79160984769521,72.67186671262658,73.5634994506836,26076000
2020-10-09 00:00:00-04:00,74.03113521720735,74.97285301834012,73.74053771907792,74.90342712402344,32966000
2020-10-12 00:00:00-04:00,76.26962637160483,78.76995701320932,75.83818706732326,77.58822631835938,55344000
2020-10-13 00:00:00-04:00,78.2041397278234,78.60830053326004,77.29267433018113,77.71121215820312,39072000
2020-10-14 00:00:00-04:00,78.08463641146828,78.54333914498373,76.66139427283109,77.53120422363281,33174000
2020-10-15 00:00:00-04:00,76.59196719094011,77.92594312364784,76.42485320690311,77.13597106933594,31210000
2020-10-16 00:00:00-04:00,77.45137286175847,78.23886306630772,77.24458583838096,77.74246978759766,34194000
2020-10-19 00:00:00-04:00,78.15058813294185,78.5473107543964,75.52181743296583,75.87042999267578,29734000
2020-10-20 00:00:00-04:00,75.53123169395428,78.04693823643615,75.40180065658136,76.91826629638672,41670000
2020-10-21 00:00:00-04:00,77.8490682736484,80.09500878079854,77.71468095433627,78.64945220947266,60322000
2020-10-22 00:00:00-04:00,78.6003693037984,80.00971867518831,78.22745200812956,79.67449188232422,30512000
2020-10-23 00:00:00-04:00,80.09056254283196,81.03624541577501,79.93484422792365,80.9797134399414,30548000
2020-10-26 00:00:00-04:00,80.08807542144447,80.81109596389342,77.7464289699495,78.5651626586914,35826000
2020-10-27 00:00:00-04:00,78.79526157270044,79.44340050716269,78.20315519687098,79.28868103027344,25902000
2020-10-28 00:00:00-04:00,76.86520815058896,77.05364551687353,74.80572991828615,74.9207763671875,45174000
2020-10-29 00:00:00-04:00,75.22922779001276,78.78583097305014,75.20592187839175,77.20589447021484,55406000
2020-10-30 00:00:00-04:00,82.68857141891898,83.3768826939042,79.4220666362218,80.14310455322266,99878000
2020-11-02 00:00:00-05:00,80.51157306203328,82.23235142341763,80.05038085259652,80.55025482177734,44228000
2020-11-03 00:00:00-05:00,80.86960946086896,82.27002983001302,79.9447507315101,81.6084976196289,31432000
2020-11-04 00:00:00-05:00,84.57995112111725,87.77603930665698,84.45201073795255,86.57695007324219,71342000
2020-11-05 00:00:00-05:00,87.79686676191484,88.85661240367497,86.33792410566214,87.40262603759766,39758000
2020-11-06 00:00:00-05:00,86.84918009743042,87.70014842802105,86.12218709254135,87.26524353027344,28622000
2020-11-09 00:00:00-05:00,89.06290742659552,90.09983143122278,87.15715710598109,87.34906768798828,53440000
2020-11-10 00:00:00-05:00,85.77953403684037,87.24789727172411,85.10262594054147,86.17377471923828,43022000
2020-11-11 00:00:00-05:00,86.70340845413412,87.42246404950103,86.43859877251248,86.64539337158203,31838000
2020-11-12 00:00:00-05:00,86.38603249456722,87.52561610355704,86.18618426747176,86.42669677734375,26474000
2020-11-13 00:00:00-05:00,86.68356532652022,88.12812330500522,86.08749390814062,87.8866195678711,29744000
2020-11-16 00:00:00-05:00,87.48395005570929,88.98157439814365,87.34459885703573,87.97439575195312,25468000
2020-11-17 00:00:00-05:00,87.66841834553581,88.12861930166262,87.25335367641775,87.3609619140625,21314000
2020-11-18 00:00:00-05:00,87.11202590924145,87.52659876109121,86.21592867248422,86.3185806274414,20108000
2020-11-19 00:00:00-05:00,85.95111313440208,87.4517111808944,85.79192921661566,87.20772552490234,20106000
2020-11-20 00:00:00-05:00,87.37782025271105,87.69321431232694,86.03888806138033,86.1073226928711,27694000
2020-11-23 00:00:00-05:00,86.29775917426349,86.58389223770376,84.80807238631498,85.6699447631836,22530000
2020-11-24 00:00:00-05:00,85.66696514111936,87.59998627783115,85.33123893145898,87.4720458984375,27984000
2020-11-25 00:00:00-05:00,87.6659416054076,87.79338256520208,86.70140982396333,87.48344421386719,19600000
2020-11-27 00:00:00-05:00,87.50377401389918,89.11397029438973,87.50377401389918,88.61856079101562,14790000
2020-11-30 00:00:00-05:00,88.05472883709749,88.28730367623308,86.67562420794934,87.00093841552734,32418000
2020-12-01 00:00:00-05:00,87.6089081843694,90.33933938625974,87.42889272522542,89.03214263916016,37350000
2020-12-02 00:00:00-05:00,89.03214790983743,90.88583053694929,88.52682579597574,90.5005111694336,29424000
2020-12-03 00:00:00-05:00,90.28082916707561,91.4357808641382,90.10527814356266,90.34529876708984,24728000
2020-12-04 00:00:00-05:00,90.26496258516443,90.72515597863432,89.93617518789623,90.44051361083984,20544000
2020-12-07 00:00:00-05:00,90.0333596381095,90.71473210094504,89.41299114870317,90.10675811767578,22288000
2020-12-08 00:00:00-05:00,89.68476067965364,90.05420479386552,88.82982716744417,89.82410430908203,19936000
2020-12-09 00:00:00-05:00,89.77600140990651,90.66912483380474,87.3778230247118,88.16432189941406,31728000
2020-12-10 00:00:00-05:00,87.40757214922617,88.02199315546525,85.96598802674157,87.65800476074219,28688000
2020-12-11 00:00:00-05:00,87.27864133152798,88.13704799737961,86.91861796512762,88.0125732421875,18628000
2020-12-14 00:00:00-05:00,87.81025930441976,88.75643400751298,86.73960226706616,86.89482116699219,33050000
2020-12-15 00:00:00-05:00,87.27169452904377,87.47699842212751,86.36965738505812,87.33219909667969,21352000
2020-12-16 00:00:00-05:00,87.7304049543823,87.7304049543823,86.73612785383081,87.13928985595703,24676000
2020-12-17 00:00:00-05:00,87.4735323654879,87.61139288477847,85.84796774736196,86.31212615966797,34880000
2020-12-18 00:00:00-05:00,86.59281350662172,86.7014130032397,85.04708672490963,85.60348510742188,85256000
2020-12-21 00:00:00-05:00,84.75599010453729,86.13806852719698,84.00569107154372,86.0170669555664,33974000
2020-12-22 00:00:00-05:00,85.7577025849054,85.92035967123091,84.5898570912219,85.30593872070312,20370000
2020-12-23 00:00:00-05:00,85.4899367962746,86.49066096594188,85.35455062268282,85.70317077636719,22974000
2020-12-24 00:00:00-05:00,85.7413574327601,86.40636297028169,85.51076507521569,85.99724578857422,9312000
2020-12-28 00:00:00-05:00,86.53033139024102,88.61758023825367,86.37710257664094,87.9709243774414,27650000
2020-12-29 00:00:00-05:00,88.62898113815957,88.69046939494899,87.03614320674384,87.16755676269531,19726000
2020-12-30 00:00:00-05:00,87.52659230132683,87.66346156450165,85.69175873529313,86.10087585449219,21026000
2020-12-31 00:00:00-05:00,86.1514640567951,87.15467009608656,86.09294200196078,86.91366577148438,21070000
2021-01-04 00:00:00-05:00,87.2786364939041,87.40211241746897,84.65730423081347,85.5990219116211,37324000
2021-01-05 00:00:00-05:00,85.547452346587,86.62553994719731,85.14130899599806,86.28932189941406,20360000
2021-01-06 00:00:00-05:00,84.31613287098162,86.48371900443895,84.10983770465201,85.43785858154297,46588000
2021-01-07 00:00:00-05:00,85.6302573853082,88.1623310238462,85.6302573853082,87.98976135253906,41936000
2021-01-08 00:00:00-05:00,88.12962646234841,89.23052832016468,87.33915486583473,89.15465545654297,35484000
2021-01-11 00:00:00-05:00,88.1226604372479,88.48764764784643,86.88886216525205,87.09465789794922,34796000
2021-01-12 00:00:00-05:00,86.55265041375313,87.67041115596055,85.11553054046577,86.1594009399414,29528000
2021-01-13 00:00:00-05:00,85.65804035537805,87.09963218216294,85.65804035537805,86.64637756347656,23432000
2021-01-14 00:00:00-05:00,86.72669751036699,87.6530469372006,85.59604301970084,85.83655548095703,29212000
2021-01-15 00:00:00-05:00,85.74233848952319,86.6647153768153,84.88393935871447,85.67291259765625,31444000
2021-01-19 00:00:00-05:00,86.43561418775866,89.45267807678509,85.93128331929772,88.49211883544922,41660000
2021-01-20 00:00:00-05:00,90.5699226534727,94.2073620261897,90.229739627473,93.23291778564453,64152000
2021-01-21 00:00:00-05:00,93.90636933143983,95.81211195428514,93.2002001837018,93.43525695800781,58634000
2021-01-22 00:00:00-05:00,93.79776072604933,94.43896084883245,93.05589117003073,93.85231018066406,32744000
2021-01-25 00:00:00-05:00,94.8530372036717,95.30331799676104,92.19599688493652,93.9375991821289,50586000
2021-01-26 00:00:00-05:00,93.52649487258525,95.00229620820357,93.03753991216796,94.61549377441406,31462000
2021-01-27 00:00:00-05:00,92.97705264284299,93.25277371377656,89.1273696425718,90.20149230957031,82512000
2021-01-28 00:00:00-05:00,90.79955747785893,93.62569478452592,90.79955747785893,91.90045928955078,55278000
2021-01-29 00:00:00-05:00,90.94930432506192,91.61976549487935,89.33961486968028,90.61903381347656,44530000
2021-02-01 00:00:00-05:00,91.47347570612914,94.99189672698161,91.47347570612914,93.87760925292969,40252000
2021-02-02 00:00:00-05:00,94.87238913054661,96.66953234686342,94.53715474973095,95.16943359375,66332000
2021-02-03 00:00:00-05:00,102.43389477343386,104.46758545300014,99.85222758060932,102.10015106201172,97882000
2021-02-04 00:00:00-05:00,102.18642035715034,102.61686084448914,100.92087916656516,101.83979034423828,48596000
2021-02-05 00:00:00-05:00,102.13386099437315,103.9379504485251,101.6597824251192,103.58536529541016,29866000
2021-02-08 00:00:00-05:00,104.13928516789632,104.88313720480986,102.32181002045341,103.37162780761719,28828000
2021-02-09 00:00:00-05:00,102.88961562155747,104.06539887651223,102.65158507922345,102.91887664794922,21892000
2021-02-10 00:00:00-05:00,103.30320303558659,104.08375438993346,101.77086950936979,103.46883392333984,25102000
2021-02-11 00:00:00-05:00,103.69298648216022,103.84175084970272,102.59505853519615,103.58140563964844,20480000
2021-02-12 00:00:00-05:00,103.13607633020287,104.11448568687386,102.8286123513811,103.892822265625,18990000
2021-02-16 00:00:00-05:00,103.73017895489284,106.37779882279371,103.73017895489284,104.66991424560547,31004000
2021-02-17 00:00:00-05:00,103.84074940988165,105.25208878200296,103.56156275847486,105.06265258789062,20294000
2021-02-18 00:00:00-05:00,104.38722619377832,105.22976506547259,103.80850566995123,104.4273910522461,22546000
2021-02-19 00:00:00-05:00,104.52559936877174,105.06067434938426,103.31758131898079,103.5843734741211,37938000
2021-02-22 00:00:00-05:00,101.83829844248135,103.16384476891504,101.56059490562103,101.87102508544922,29466000
2021-02-23 00:00:00-05:00,99.8740251075778,102.77554253132425,98.69576012946779,102.16161346435547,34658000
2021-02-24 00:00:00-05:00,100.66996455548863,103.56007930549984,100.54549736259403,103.33642578125,22608000
2021-02-25 00:00:00-05:00,101.95385140255122,103.29625677290161,99.50211491084727,99.97123718261719,41548000
2021-02-26 00:00:00-05:00,100.66549742752122,101.98310623375514,99.23036023728218,100.26679229736328,40042000
2021-03-01 00:00:00-05:00,101.5606124488339,102.96054119058313,100.88717747219397,102.63473510742188,26060000
2021-03-02 00:00:00-05:00,102.39571123526265,103.87845928674776,101.99056665379355,102.37786102294922,25564000
2021-03-03 00:00:00-05:00,101.7564937545508,102.94863663130721,98.88273841636625,99.74610900878906,33892000
2021-03-04 00:00:00-05:00,99.91768591072356,102.87920915491242,99.44955486444132,100.86287689208984,49216000
2021-03-05 00:00:00-05:00,102.21271269276662,104.44674319929116,100.55788705118852,103.99398803710938,53100000
2021-03-08 00:00:00-05:00,103.34883204318703,104.82066100973701,99.43765332889343,99.55220794677734,36868000
2021-03-09 00:00:00-05:00,101.64739650665258,102.35008494397798,100.94569176049765,101.1817398071289,33920000
2021-03-10 00:00:00-05:00,102.2251105144304,102.2251105144304,100.13885303854282,100.97494506835938,27100000
2021-03-11 00:00:00-05:00,102.06741705146506,104.69817024362116,101.97964153853603,104.16606903076172,27702000
2021-03-12 00:00:00-05:00,102.96946115627736,103.02896690019689,100.78798996708696,101.65978240966797,33818000
2021-03-15 00:00:00-04:00,101.41082924945039,101.90722241771358,100.55837778127369,101.87995147705078,26168000
2021-03-16 00:00:00-04:00,102.45271782379997,104.81766986114388,102.12046484256636,103.34038543701172,31900000
2021-03-17 00:00:00-04:00,102.57571159931345,104.0896954073164,101.36819296395524,103.25757598876953,26382000
2021-03-18 00:00:00-04:00,101.56951989998234,102.58959237276454,100.13140900343207,100.238525390625,31700000
2021-03-19 00:00:00-04:00,100.65459585242806,101.0170935919781,99.32557619974676,100.51722717285156,46072000
2021-03-22 00:00:00-04:00,100.55044851754279,101.57745981871109,99.87453168948488,100.70219421386719,33536000
2021-03-23 00:00:00-04:00,101.16140850104202,102.35950652224362,100.56881023451596,101.22984313964844,28510000
2021-03-24 00:00:00-04:00,101.74704687448738,102.53255438518828,100.61837498384067,100.7934341430664,25218000
2021-03-25 00:00:00-04:00,100.62087395330168,101.44357268903416,98.98638031979517,100.78997802734375,35616000
2021-03-26 00:00:00-04:00,100.756757621596,101.1336399863924,99.371205870775,100.40665435791016,27978000
2021-03-29 00:00:00-04:00,100.27918584473142,101.62059986113842,99.45053211267248,101.45099639892578,26492000
2021-03-30 00:00:00-04:00,101.80755821783723,102.28808372412591,100.97295690505184,101.48472595214844,27312000
2021-03-31 00:00:00-04:00,101.87796952761705,103.45791345107975,101.51099982265738,102.2806396484375,42570000
2021-04-01 00:00:00-04:00,103.7549754771254,105.91214206933007,103.71431119831864,105.6160888671875,39880000
2021-04-05 00:00:00-04:00,106.47746082606572,110.53592048261828,106.38125583923181,110.03852844238281,48510000
2021-04-06 00:00:00-04:00,109.63981491989364,110.48681826907224,109.1870597884368,109.5574951171875,35240000
2021-04-07 00:00:00-04:00,109.74793242768109,111.30506244729017,109.74793242768109,111.03380584716797,24134000
2021-04-08 00:00:00-04:00,112.27207187647824,112.658382510487,111.23117534122576,111.59913635253906,28664000
2021-04-09 00:00:00-04:00,111.35168748380296,112.76649260885407,110.94603596033518,112.60284423828125,26146000
2021-04-12 00:00:00-04:00,111.78211703998792,111.91947814319695,110.4778940603642,111.3110122680664,25024000
2021-04-13 00:00:00-04:00,111.62689819177633,112.24578362522868,111.23314936962267,111.7974853515625,25682000
2021-04-14 00:00:00-04:00,112.44216174007808,112.44216174007808,110.88453990540746,111.17662048339844,21002000
2021-04-15 00:00:00-04:00,112.17042307269293,113.85896676847962,111.63583989984983,113.32586669921875,29174000
2021-04-16 00:00:00-04:00,113.5237224246354,113.77167310788025,112.61523075801729,113.2018814086914,26282000
2021-04-19 00:00:00-04:00,112.5785359848576,114.26013311386431,112.5785359848576,113.54950714111328,30290000
2021-04-20 00:00:00-04:00,113.9328401922627,114.00772178331093,111.93089265988128,113.01641845703125,22288000
2021-04-21 00:00:00-04:00,112.67126047168009,113.0655011135932,111.3209176039308,112.98368072509766,23204000
2021-04-22 00:00:00-04:00,112.83740129654701,113.50587995571698,111.09778136352259,111.7027816772461,24146000
2021-04-23 00:00:00-04:00,112.4208378072845,114.36080521624167,112.13569603609702,114.05384063720703,29066000
2021-04-26 00:00:00-04:00,114.28146844023216,115.27377066190553,113.92441882355446,114.54975128173828,32038000
2021-04-27 00:00:00-04:00,114.93158969348886,114.97225396912138,113.37098650498807,113.61001586914062,44386000
2021-04-28 00:00:00-04:00,118.6444052488308,120.57247005777245,116.69650771409113,116.98512268066406,81106000
2021-04-29 00:00:00-04:00,118.48225123764739,119.22263014493893,117.71955010871437,118.65730285644531,41234000
2021-04-30 00:00:00-04:00,117.43044257709242,118.1162720240264,116.36624012534263,116.71039581298828,44856000
2021-05-03 00:00:00-04:00,117.2762089404866,118.10138954221922,115.81776586416933,116.19365692138672,28242000
2021-05-04 00:00:00-04:00,114.72927091275335,115.29658074496845,111.90908129254251,114.39602661132812,44818000
2021-05-05 00:00:00-04:00,115.47708449305684,115.79297039823858,114.46792338467594,114.78976440429688,26636000
2021-05-06 00:00:00-04:00,114.371219210084,115.90950775146484,113.71216888819075,115.90950775146484,25190000
2021-05-07 00:00:00-04:00,117.22564307589363,117.59062276334002,116.34640478417988,116.63253784179688,28898000
2021-05-10 00:00:00-04:00,115.4527900587697,115.59462319092775,113.29065958056633,113.64820861816406,30914000
2021-05-11 00:00:00-04:00,111.23414573224053,113.07939117570699,110.78039176678136,112.57257843017578,34186000
2021-05-12 00:00:00-04:00,110.39707540750636,111.47764498191353,108.78192267103177,109.11070251464844,46376000
2021-05-13 00:00:00-04:00,110.39360709363976,111.0541481508422,109.43155712442402,110.53841400146484,33204000
2021-05-14 00:00:00-04:00,112.00131096781348,113.29957888960938,111.577809256897,112.98517608642578,31996000
2021-05-17 00:00:00-04:00,112.25073891210808,113.5504974365383,111.85104254616843,113.50785064697266,21598000
2021-05-18 00:00:00-04:00,114.17385549892235,114.43817329757108,112.18231233154226,112.19619750976562,22204000
2021-05-19 00:00:00-04:00,110.50814660767092,112.8170586512996,110.35987410043673,112.64398956298828,23684000
2021-05-20 00:00:00-04:00,113.61100662106799,114.65239495545593,113.24007185238473,114.40196990966797,32352000
2021-05-21 00:00:00-04:00,114.92067995406296,114.99407844296304,113.52669887961433,113.76622009277344,40632000
2021-05-24 00:00:00-04:00,114.79571714938808,117.30795076933327,114.65041840397706,117.08430480957031,31832000
2021-05-25 00:00:00-04:00,117.62781165530731,118.22289182744397,116.7847807808758,117.17505645751953,22440000
2021-05-26 00:00:00-04:00,117.3560548531477,118.47034990255696,117.35308107918044,118.03990936279297,21572000
2021-05-27 00:00:00-04:00,118.47331515824983,118.47331515824983,116.84725869661128,117.1656265258789,35224000
2021-05-28 00:00:00-04:00,117.7478111847202,117.82963157956378,116.67815310319966,116.87651062011719,21482000
2021-06-01 00:00:00-04:00,117.74881041841671,118.3076907432192,116.74907000230994,118.08304595947266,23354000
2021-06-02 00:00:00-04:00,118.47827097273424,118.70093322748687,116.65384943203411,117.5578842163086,21158000
2021-06-03 00:00:00-04:00,116.3250837880577,116.88495540624525,115.52122648995612,116.41682434082031,18696000
2021-06-04 00:00:00-04:00,117.49242726754059,118.96822874582733,117.15223662042179,118.69746398925781,24458000
2021-06-07 00:00:00-04:00,118.49265941789501,119.2399846738455,118.07412155900927,119.13038635253906,24120000
2021-06-08 00:00:00-04:00,119.61190790368995,119.98432577535812,118.757466274763,118.93896484375,24240000
2021-06-09 00:00:00-04:00,119.58315669372153,119.65505695022746,118.86261049023591,119.41008758544922,17942000
2021-06-10 00:00:00-04:00,119.35949314078805,120.801576684723,119.20378241102719,120.75843048095703,25904000
2021-06-11 00:00:00-04:00,120.9999507112616,121.08524430564806,119.95657214998066,120.51396942138672,21958000
2021-06-14 00:00:00-04:00,120.61610010936498,121.44227193584572,119.90894733034322,121.44178009033203,22098000
2021-06-15 00:00:00-04:00,121.44623409294725,121.76906634678457,120.06366395354094,120.42418670654297,21562000
2021-06-16 00:00:00-04:00,120.5754470648677,120.88687610628577,118.49068020896921,119.78250122070312,26472000
2021-06-17 00:00:00-04:00,119.7081134975645,121.51815047385836,119.51223033742086,120.74553680419922,25842000
2021-06-18 00:00:00-04:00,120.37212004101573,120.60618554839238,119.03120533837755,119.12641906738281,46116000
2021-06-21 00:00:00-04:00,119.51272322906476,120.99992784761416,118.91565304746868,120.81396484375,27414000
2021-06-22 00:00:00-04:00,120.75198899495656,121.39666231815684,120.07161525109758,121.32772827148438,22390000
2021-06-23 00:00:00-04:00,121.09266658134959,122.08645184131146,120.83579457394919,121.12589263916016,19148000
2021-06-24 00:00:00-04:00,121.69419186972272,122.04677701360374,121.29747683144915,121.49583435058594,21362000
2021-06-25 00:00:00-04:00,120.99993398696205,121.62774832820787,120.5685022175003,121.50426483154297,34594000
2021-06-28 00:00:00-04:00,121.67288132884134,121.77851462630447,120.41032128479314,121.53155517578125,28526000
2021-06-29 00:00:00-04:00,121.66494274006068,122.0125716067318,120.69347211365788,121.27020263671875,23108000
2021-06-30 00:00:00-04:00,120.99447687115277,121.2548296268427,120.35972373185534,121.08869934082031,24474000
2021-07-01 00:00:00-04:00,120.72718855138434,121.58212203987887,120.53527798763021,121.4407958984375,18110000
2021-07-02 00:00:00-04:00,122.14051324667714,124.37603452212761,122.05075521661516,124.2307357788086,25982000
2021-07-06 00:00:00-04:00,124.61854399160694,125.39165718962542,123.56128023411472,125.15560913085938,26404000
2021-07-07 00:00:00-04:00,126.11961963968089,126.24061363873932,125.11888803471057,125.437255859375,24060000
2021-07-08 00:00:00-04:00,123.00933654007592,124.56596723994673,123.00537150808182,124.01898956298828,23790000
2021-07-09 00:00:00-04:00,124.00013909575392,124.70381872081973,123.53051741103474,124.48959350585938,18632000
2021-07-12 00:00:00-04:00,125.14368334235166,126.02787781640319,124.58132987577834,125.93464660644531,17668000
2021-07-13 00:00:00-04:00,125.99713556323269,127.00777981268853,125.63612092477611,126.29765319824219,19240000
2021-07-14 00:00:00-04:00,126.90909397847128,128.26638333995623,126.86594777508958,127.18580627441406,23742000
2021-07-15 00:00:00-04:00,127.59444156322091,127.64501842152565,125.49280814322165,125.96391296386719,24218000
2021-07-16 00:00:00-04:00,126.61651932695658,126.7638005858177,125.11939443436253,125.92919921875,20424000
2021-07-19 00:00:00-04:00,125.05590043371399,125.17045503188194,122.49258334163494,123.55679321289062,27968000
2021-07-20 00:00:00-04:00,124.49852570882304,126.0016057985081,123.3311794114217,125.17494201660156,26312000
2021-07-21 00:00:00-04:00,125.09956240900131,126.55007557282694,124.99046349148195,126.50346374511719,20746000
2021-07-22 00:00:00-04:00,126.79602416530378,127.4297860202273,126.4538510284207,127.36878204345703,14302000
2021-07-23 00:00:00-04:00,129.36131958948965,132.3054917449223,128.73649417322727,131.9246368408203,41506000
2021-07-26 00:00:00-04:00,132.2355886482273,133.13663460885186,131.2169991619108,132.93629455566406,30572000
2021-07-27 00:00:00-04:00,133.14999766536482,133.29727889774745,129.03748857228877,130.81875610351562,54710000
2021-07-28 00:00:00-04:00,135.19460884795575,137.16333785236336,134.1685888131194,134.9783935546875,95130000
2021-07-29 00:00:00-04:00,135.0339491373532,135.54076195696248,134.43193014711593,134.6645050048828,31716000
2021-07-30 00:00:00-04:00,133.92808941978942,134.1953809902093,133.15448447715994,133.6221160888672,25576000
2021-08-02 00:00:00-04:00,134.00942969336194,134.22712811804664,132.69727646334016,133.74908447265625,21634000
2021-08-03 00:00:00-04:00,134.02726631580427,134.61937271017896,132.22665752851483,134.51821899414062,20762000
2021-08-04 00:00:00-04:00,134.23998507371272,134.53752887274624,133.38455232663114,134.017822265625,19676000
2021-08-05 00:00:00-04:00,134.56829449236173,135.23231626590845,133.74063191754414,135.13461303710938,17870000
2021-08-06 00:00:00-04:00,134.92684860507694,135.35381597219683,134.1016679203012,134.62582397460938,20488000
2021-08-09 00:00:00-04:00,134.8281306553872,136.05945443864798,134.23006169786746,135.79066467285156,17760000
2021-08-10 00:00:00-04:00,136.21618040832792,136.64316290986423,135.2466997947702,135.68557739257812,19414000
2021-08-11 00:00:00-04:00,136.05697875437372,136.55386377128605,135.15443470909557,135.16188049316406,15352000
2021-08-12 00:00:00-04:00,134.86086429616063,136.1745155860973,134.31538491071916,136.0693817138672,16506000
2021-08-13 00:00:00-04:00,136.12494677939299,136.72648152836254,135.9097302737802,136.59852600097656,15948000
2021-08-16 00:00:00-04:00,136.39769644559638,137.22834050741238,134.18994510794082,137.17576599121094,22384000
2021-08-17 00:00:00-04:00,136.62082272063034,137.1320999211298,134.96649653381414,135.54124450683594,21716000
2021-08-18 00:00:00-04:00,135.38107897385382,135.98063113741676,134.21224206544025,134.3386993408203,19258000
2021-08-19 00:00:00-04:00,133.33350458588953,135.234782779033,133.1495240793781,134.5677947998047,21782000
2021-08-20 00:00:00-04:00,134.8851617373076,136.42642391817594,134.14130974243275,136.30294799804688,31194000
2021-08-23 00:00:00-04:00,136.83851809316022,139.71970367913292,136.47948600587455,138.89353942871094,28454000
2021-08-24 00:00:00-04:00,139.4588501005937,140.91531805934204,139.18809294920172,140.10353088378906,19268000
2021-08-25 00:00:00-04:00,140.46407912749783,141.02395074867366,140.21712723901703,140.9143524169922,15848000
2021-08-26 00:00:00-04:00,140.58805446280763,141.2500786299819,140.19827061437374,140.28109741210938,20610000
2021-08-27 00:00:00-04:00,140.49133697664018,143.3278934785733,140.3371093469741,142.8235626220703,28780000
2021-08-30 00:00:00-04:00,143.2163138187646,144.77395084299167,142.98125704674328,143.40525817871094,24434000
2021-08-31 00:00:00-04:00,143.9571917138558,143.98148131585134,143.0982932268432,143.51136779785156,22448000
2021-09-01 00:00:00-04:00,143.8113826192152,145.0551009489579,143.69583676431287,144.02511596679688,21936000
2021-09-02 00:00:00-04:00,144.02564581736442,144.32665531830855,142.0112884210009,142.11245727539062,32342000
2021-09-03 00:00:00-04:00,141.90763889729274,142.9733244158988,141.23320515681903,142.5612335205078,19850000
2021-09-07 00:00:00-04:00,142.65546562838,143.37997686078998,142.44173224208836,143.09780883789062,20124000
2021-09-08 00:00:00-04:00,142.91878162510545,143.216310341674,141.8277925519912,142.51312255859375,18344000
2021-09-09 00:00:00-04:00,142.66142436593762,143.12757293783594,142.00386461498047,142.3643798828125,15314000
2021-09-10 00:00:00-04:00,143.030327736573,143.53219172169224,139.58432216189144,139.72119140625,36840000
2021-09-13 00:00:00-04:00,140.7859002496474,141.77820242843924,140.09214075232128,141.165771484375,22094000
2021-09-14 00:00:00-04:00,141.82332937621524,142.18782475783476,140.5880403778888,141.3760223388672,19674000
2021-09-15 00:00:00-04:00,141.60116132377672,143.2663989340108,140.18883824930154,143.24557495117188,27408000
2021-09-16 00:00:00-04:00,142.77052431927007,143.1171619764454,141.23422561732042,142.4328155517578,26190000
2021-09-17 00:00:00-04:00,141.858059023679,142.27411498980177,139.31854675119118,139.64584350585938,53384000
2021-09-20 00:00:00-04:00,137.02895758765368,137.86058517975945,135.20454353336754,137.58238220214844,46518000
2021-09-21 00:00:00-04:00,138.60394429145055,138.86380522550456,137.1445098358899,137.89332580566406,25332000
2021-09-22 00:00:00-04:00,138.16208194134197,139.73209820488628,137.41574800022835,139.133544921875,25056000
2021-09-23 00:00:00-04:00,139.83179860304818,140.534986416547,139.25060362210317,140.0584259033203,20952000
2021-09-24 00:00:00-04:00,139.38648419130865,141.16380230179908,139.09142223509036,141.0492401123047,22984000
2021-09-27 00:00:00-04:00,139.65029458618613,140.77500156753678,138.91933644415815,139.9156036376953,21882000
2021-09-28 00:00:00-04:00,137.51843885926675,137.9563176889256,134.25044990663795,134.7165985107422,45772000
2021-09-29 00:00:00-04:00,135.85713198450668,136.02673545516842,132.7676762055498,133.25216674804688,30848000
2021-09-30 00:00:00-04:00,133.1609261171282,134.43141608042833,132.46120397036233,132.58021545410156,37996000
2021-10-01 00:00:00-04:00,133.3453939422307,135.7882166913334,132.97396732571667,135.42372131347656,35360000
2021-10-04 00:00:00-04:00,134.845991044881,134.845991044881,129.97575169598792,132.56385803222656,51202000
2021-10-05 00:00:00-04:00,132.9422266108893,136.09963269834668,132.9422266108893,134.90797424316406,32404000
2021-10-06 00:00:00-04:00,133.64542025587158,136.62082849904496,133.44706273306846,136.43734741210938,24364000
2021-10-07 00:00:00-04:00,137.75347740127893,138.89405973958108,137.51445558203253,138.08375549316406,25110000
2021-10-08 00:00:00-04:00,138.4328463076523,139.1806633910254,138.07629612988345,138.6396484375,26526000
2021-10-11 00:00:00-04:00,138.15019117218512,139.55854921153343,137.72072679461957,137.77528381347656,17954000
2021-10-12 00:00:00-04:00,138.33665033617203,138.3634370023765,134.64714270868552,135.33050537109375,36332000
2021-10-13 00:00:00-04:00,136.27616018079524,136.86876589711346,135.3999033857459,136.45419311523438,19654000
2021-10-14 00:00:00-04:00,138.33071736992292,140.17893699801598,137.68703522654903,139.9939727783203,31894000
2021-10-15 00:00:00-04:00,140.45363726334713,140.5562892000621,139.60118579773,140.2091522216797,30274000
2021-10-18 00:00:00-04:00,139.92006032333015,141.62546275603327,139.9131139513097,141.60760498046875,20396000
2021-10-19 00:00:00-04:00,142.21214527418496,142.48490017104737,141.43110951586658,142.06288146972656,20164000
2021-10-20 00:00:00-04:00,142.163011218959,142.3693139266215,140.2175881873202,140.60687255859375,23288000
2021-10-21 00:00:00-04:00,140.60685513194738,140.9906913207633,139.3482604608566,140.722900390625,26292000
2021-10-22 00:00:00-04:00,138.00935869132704,139.43061082473707,134.94072652552163,136.4388427734375,50588000
2021-10-25 00:00:00-04:00,136.42246503075222,136.86877322103567,134.31388545894404,136.3203125,34412000
2021-10-26 00:00:00-04:00,138.1219203768164,138.9346913152146,137.17078194335667,138.1665496826172,49236000
2021-10-27 00:00:00-04:00,138.26226450047915,147.4314763034353,138.26226450047915,145.0189208984375,85782000
2021-10-28 00:00:00-04:00,145.92839660361173,145.95170251359744,143.4414441362277,144.65342712402344,36206000
2021-10-29 00:00:00-04:00,143.8887552596137,147.02682046055673,143.46377046547764,146.83242797851562,43320000
2021-11-01 00:00:00-04:00,146.8324309481015,146.8324309481015,142.05143515277334,142.32070922851562,46924000
2021-11-02 00:00:00-04:00,143.39433663204673,145.40719548804785,143.15233350459803,144.24034118652344,33482000
2021-11-03 00:00:00-04:00,144.70452437779974,145.4667336808486,143.405764521186,145.3963165283203,27494000
2021-11-04 00:00:00-04:00,145.91847295050908,148.5060949140484,145.10866822451723,147.05210876464844,38412000
2021-11-05 00:00:00-04:00,147.94672303683166,149.0952354055238,146.9822063116092,147.6318359375,38354000
2021-11-08 00:00:00-05:00,148.59683920952253,149.38037183168208,147.21376959274264,147.80935668945312,23052000
2021-11-09 00:00:00-05:00,148.00970530712945,148.60627612949312,146.03799485146035,147.69778442382812,19530000
2021-11-10 00:00:00-05:00,146.29092366960225,146.85625857101513,143.35271371379034,144.6975860595703,29970000
2021-11-11 00:00:00-05:00,145.28870535866426,146.32613634452161,144.40698511974696,144.57162475585938,16518000
2021-11-12 00:00:00-05:00,145.4136656401591,147.62986135268545,144.219040793597,147.45925903320312,22360000
2021-11-15 00:00:00-05:00,147.6799325584469,148.32361464376697,146.36529744247616,147.235107421875,23508000
2021-11-16 00:00:00-05:00,146.93509022325514,147.5430567260628,146.10494573454355,146.66383361816406,18904000
2021-11-17 00:00:00-05:00,146.81407891963306,147.34171568581732,146.0330433290407,146.8334197998047,19594000
2021-11-18 00:00:00-05:00,147.026320462845,149.3461514524102,146.67225222682112,148.6102294921875,35608000
2021-11-19 00:00:00-05:00,148.74610077592874,149.72898972518277,147.67843279309778,147.70570373535156,33682000
2021-11-22 00:00:00-05:00,148.10839815896483,148.60131822577375,144.94950861350554,145.1027374267578,30594000
2021-11-23 00:00:00-05:00,144.9549360689054,145.45778377770264,142.93364778882065,144.58697509765625,27218000
2021-11-24 00:00:00-05:00,144.28102578011982,145.05066575153023,143.18955232530504,144.92222595214844,18040000
2021-11-26 00:00:00-05:00,143.16524773270095,143.37253416299765,140.67979308519273,141.0175018310547,30470000
2021-11-29 00:00:00-05:00,142.81961359423084,145.0982812984178,142.71398029271975,144.3375701904297,32596000
2021-11-30 00:00:00-05:00,143.81983548713401,144.80320881089577,140.44076564760365,140.73434448242188,42068000
2021-12-01 00:00:00-05:00,142.8195956469263,144.75410739029755,139.75691130496085,139.895263671875,34020000
2021-12-02 00:00:00-05:00,140.09213056944827,142.68520065080236,139.06511173639353,141.7940673828125,29194000
2021-12-03 00:00:00-05:00,142.50321577437006,143.2163161657655,139.15091751675573,140.8374786376953,41230000
2021-12-06 00:00:00-05:00,141.86797350092726,142.67331391025607,139.00116443543868,141.98153686523438,30618000
2021-12-07 00:00:00-05:00,144.40299636708085,146.32164786424076,144.03701790710437,146.06228637695312,32240000
2021-12-08 00:00:00-05:00,146.3866416457019,147.17662141739208,145.205909427555,146.9718017578125,24270000
2021-12-09 00:00:00-05:00,146.38117245241173,147.8778055616714,145.9090763713213,146.42828369140625,23270000
2021-12-10 00:00:00-05:00,147.481060069157,147.75628168931388,145.501419679147,146.7882843017578,24458000
2021-12-13 00:00:00-05:00,146.5700951293805,146.75705697342113,144.32466128723686,144.63113403320312,27070000
2021-12-14 00:00:00-05:00,142.78786052539195,143.2956569953205,140.05742162389038,142.72735595703125,38446000
2021-12-15 00:00:00-05:00,142.23342665334246,145.51827360710053,140.51661343560883,145.24057006835938,36370000
2021-12-16 00:00:00-05:00,145.96409309585127,146.4664413784915,142.42979734266572,143.2609405517578,33650000
2021-12-17 00:00:00-05:00,141.33185805693097,142.65542165791342,140.14169806845578,140.56321716308594,50416000
2021-12-20 00:00:00-05:00,138.85236083615757,140.6123200789598,138.17892603861466,140.44618225097656,27192000
2021-12-21 00:00:00-05:00,140.88904290220043,142.68966664568237,139.35076199155114,142.29641723632812,28756000
2021-12-22 00:00:00-05:00,141.89473474558528,145.29909260146448,141.89473474558528,145.21478271484375,26322000
2021-12-23 00:00:00-05:00,145.29911422761188,147.0283222152052,145.2515035755231,145.7122039794922,26384000
2021-12-27 00:00:00-05:00,146.04892654418316,147.12800557147986,145.9631335339908,146.694091796875,15976000
2021-12-28 00:00:00-05:00,147.02087190142421,147.08335898865232,144.85726596471994,145.4845733642578,18200000
2021-12-29 00:00:00-05:00,145.44240783326498,146.2085820571264,144.45358650051998,145.45281982421875,17788000
2021-12-30 00:00:00-05:00,145.49151435657527,146.09254961389885,144.79775486353165,145.00205993652344,15688000
2021-12-31 00:00:00-05:00,144.85282030166462,145.49600304604013,143.66464233398438,143.66464233398438,18136000
2022-01-03 00:00:00-05:00,143.8659193516871,144.6553994298771,142.5349249798288,143.80294799804688,28646000
2022-01-04 00:00:00-05:00,144.20417299307056,145.28425084886646,142.53845076978192,143.21585083007812,28400000
2022-01-05 00:00:00-05:00,143.23616397542605,143.3150106060316,136.55935260045507,136.6456298828125,54618000
2022-01-06 00:00:00-05:00,135.87550910453731,138.7928950463076,135.43911342349688,136.6183624267578,37348000
2022-01-07 00:00:00-05:00,137.01307300645394,137.31359818480337,134.65357655381717,135.89382934570312,29760000
2022-01-10 00:00:00-05:00,133.97076939088103,137.68160118644641,132.07295639650786,137.53282165527344,44408000
2022-01-11 00:00:00-05:00,136.87571483847339,139.06660657340043,135.57199131832226,138.5905303955078,28730000
2022-01-12 00:00:00-05:00,139.9929457226333,141.4390018146242,139.54118939726052,140.27114868164062,26108000
2022-01-13 00:00:00-05:00,140.37977039221903,141.67904485341882,137.27443890098434,137.45098876953125,31436000
2022-01-14 00:00:00-05:00,135.9553241572003,139.5883072001904,135.87549384235362,138.33714294433594,29662000
2022-01-18 00:00:00-05:00,135.05874499682633,136.00740156008052,134.32828625328975,134.88319396972656,34872000
2022-01-19 00:00:00-05:00,135.40435982173292,136.82859294560305,133.90872587033735,134.00889587402344,28648000
2022-01-20 00:00:00-05:00,135.133105704383,136.49783311871093,131.87453108390275,132.2147216796875,29908000
2022-01-21 00:00:00-05:00,131.5066158303364,133.7599798995472,129.02016235439484,129.28298950195312,55652000
2022-01-24 00:00:00-05:00,124.94532175448224,130.12749709636913,123.47944046052136,129.7317657470703,76622000
2022-01-25 00:00:00-05:00,127.68469738972522,128.33829204225916,125.46355309123715,125.89448547363281,46960000
2022-01-26 00:00:00-05:00,130.04418655853962,131.9097642410679,126.09978210305361,128.17364501953125,49130000
2022-01-27 00:00:00-05:00,130.2276834310956,131.56512510672957,127.87561726096432,127.9475326538086,31950000
2022-01-28 00:00:00-05:00,128.59615164447928,132.26335206297418,127.43177919070502,132.2578887939453,34362000
2022-01-31 00:00:00-05:00,133.06222894230496,134.3624868099739,131.12573488414426,134.19436645507812,39986000
2022-02-01 00:00:00-05:00,136.466592286511,136.66346669345492,133.2670388818161,136.51568603515625,68644000
2022-02-02 00:00:00-05:00,150.01019426294275,150.30425741715118,144.32964959852964,146.78683471679688,123200000
2022-02-03 00:00:00-05:00,144.5111378369467,148.4480970136978,141.49604864905484,141.9170684814453,71518000
2022-02-04 00:00:00-05:00,142.26864026795846,143.68741021845733,139.36315001999446,142.11837768554688,57998000
2022-02-07 00:00:00-05:00,143.06757616212872,143.06757616212872,137.76142430297742,138.05996704101562,54974000
2022-02-08 00:00:00-05:00,137.8868730262489,138.8523885484705,135.8908729676065,138.25631713867188,54284000
2022-02-09 00:00:00-05:00,139.80799308806806,141.35620183871598,139.03785374463664,140.43133544921875,40144000
2022-02-10 00:00:00-05:00,138.55831786227063,140.3247091861647,136.8261287196153,137.4836883544922,39330000
2022-02-11 00:00:00-05:00,137.46387619119915,138.01580259283259,132.30648944702975,133.1817626953125,39958000
2022-02-14 00:00:00-05:00,132.16417235989616,135.1827270188193,132.16417235989616,134.41506958007812,34302000
2022-02-15 00:00:00-05:00,136.4427979327925,136.9763973849014,134.7081419187358,135.4886932373047,26680000
2022-02-16 00:00:00-05:00,135.52635776433524,136.95405656109108,133.81797410147496,136.60891723632812,25022000
2022-02-17 00:00:00-05:00,135.12619300415574,135.98955606011734,131.3925552622797,131.4525604248047,38950000
2022-02-18 00:00:00-05:00,132.37293985364457,132.97100892915242,129.12925617493363,129.3340606689453,45620000
2022-02-22 00:00:00-05:00,128.77367925061782,131.09697591573786,127.17241181915688,128.7493896484375,44990000
2022-02-23 00:00:00-05:00,130.56934576146136,130.9685427450542,126.48212435927555,126.54212951660156,32786000
2022-02-24 00:00:00-05:00,123.9292178705829,131.9097594685947,123.9292178705829,131.60328674316406,54456000
2022-02-25 00:00:00-05:00,132.45723763350745,134.16264009522365,130.67149031409218,133.3572998046875,36406000
2022-02-28 00:00:00-05:00,131.95938366728677,134.63873167161665,131.5056295866077,133.94993591308594,38864000
2022-03-01 00:00:00-05:00,133.77287444721637,135.13858587625842,132.1264932248051,132.9625701904297,26496000
2022-03-02 00:00:00-05:00,133.52440864701174,134.15369844831133,131.98066460485006,133.46836853027344,23520000
2022-03-03 00:00:00-05:00,134.8950682854782,135.32105186734134,131.9350362852021,132.8018798828125,24604000
2022-03-04 00:00:00-05:00,131.83788309122372,132.75430495921202,129.26910212432648,130.8252410888672,30430000
2022-03-07 00:00:00-05:00,130.41016532100002,130.6551346655655,125.25972533418172,125.34254455566406,45112000
2022-03-08 00:00:00-05:00,125.21509629053482,130.17411000501144,124.64431332771989,126.06259155273438,40428000
2022-03-09 00:00:00-05:00,130.1741142565606,132.63924417090806,128.83567386884616,132.32632446289062,37026000
2022-03-10 00:00:00-05:00,130.18998790766506,132.17954098140794,129.8393852677274,131.3439483642578,27102000
2022-03-11 00:00:00-05:00,132.39427790231107,132.69876817612587,128.5688993986971,128.80593872070312,31526000
2022-03-14 00:00:00-04:00,129.18230442418397,129.33999766688925,124.24808740004758,124.91854095458984,38812000
2022-03-15 00:00:00-04:00,125.93514541675391,128.79005910986243,124.68993626243409,128.13893127441406,30920000
2022-03-16 00:00:00-04:00,129.66135482928354,132.240032982956,127.67923236827228,132.18797302246094,35576000
2022-03-17 00:00:00-04:00,132.05755123913005,132.98141880336502,131.10144887364655,132.7418975830078,28264000
2022-03-18 00:00:00-04:00,132.33076547882177,135.12715666182308,131.1743232843676,135.00962829589844,44566000
2022-03-21 00:00:00-04:00,135.04732810159504,135.92656630102422,132.99330550843302,134.98583984375,26832000
2022-03-22 00:00:00-04:00,134.9858312898088,139.89376833061417,134.9858312898088,138.72145080566406,35496000
2022-03-23 00:00:00-04:00,137.56551524552734,138.44425402347676,136.70513365586095,137.1420135498047,25154000
2022-03-24 00:00:00-04:00,138.058933800913,140.458110844999,136.62132231474047,140.4114990234375,26396000
2022-03-25 00:00:00-04:00,140.7526620000857,140.87068978159917,138.59202264033723,140.51165771484375,24126000
2022-03-28 00:00:00-04:00,139.74551627484473,140.83848798996723,138.66543848117558,140.2959747314453,35050000
2022-03-29 00:00:00-04:00,141.47820601311636,142.6148082235357,140.87418935059165,141.3373565673828,34318000
2022-03-30 00:00:00-04:00,141.29221863890226,141.55058130392723,140.43926771554987,140.77499389648438,19884000
2022-03-31 00:00:00-04:00,140.88856773781393,140.9431247655112,137.88490447229108,137.92755126953125,37524000
2022-04-01 00:00:00-04:00,138.3564676186564,139.31950107652258,137.17373813332352,139.0016326904297,25942000
2022-04-04 00:00:00-04:00,139.20795791982718,142.53396895874045,139.16034726925992,141.79953002929688,25942000
2022-04-05 00:00:00-04:00,141.69787954637118,141.8183741448747,139.23176584389168,139.4385528564453,21418000
2022-04-06 00:00:00-04:00,137.61264137354576,138.2181411119585,134.40614115921403,135.42869567871094,32468000
2022-04-07 00:00:00-04:00,134.89507649085877,136.04012309209003,133.12718701050363,134.7745819091797,26234000
2022-04-08 00:00:00-04:00,134.47208496943966,134.5578779659387,131.87554910979466,132.19491577148438,25142000
2022-04-11 00:00:00-04:00,130.7428944364758,131.00968655703124,127.61375837664467,127.76748657226562,36884000
2022-04-12 00:00:00-04:00,130.52125805208976,130.52125805208976,125.74969005200958,126.6676025390625,32710000
2022-04-13 00:00:00-04:00,126.9507670450841,129.26563457471275,126.69388743885823,128.82923889160156,27928000
2022-04-14 00:00:00-04:00,129.4099304660489,129.4099304660489,125.56321417081908,125.691162109375,31598000
2022-04-18 00:00:00-04:00,125.95896028482899,127.16151517107208,125.14766477730133,126.62991333007812,20808000
2022-04-19 00:00:00-04:00,126.6448053976767,129.26464770865982,125.95847641807728,128.9433135986328,26490000
2022-04-20 00:00:00-04:00,129.81904388797793,130.3218916355038,126.45485065417712,126.99041748046875,31696000
2022-04-21 00:00:00-04:00,128.1905088826277,129.0320490590413,123.50572537982224,123.79136657714844,36446000
2022-04-22 00:00:00-04:00,123.97535142196246,124.37405657587937,117.95015236959706,118.65482330322266,56884000
2022-04-25 00:00:00-04:00,118.12469276013913,122.26695521347695,117.53953279206783,122.06512451171875,46128000
2022-04-26 00:00:00-04:00,121.29202455748772,121.50575793064277,117.53953815889362,117.67739868164062,73054000
2022-04-27 00:00:00-04:00,113.53115828563,116.28093039770941,111.81237005693657,113.35759735107422,91820000
2022-04-28 00:00:00-04:00,115.46071897101857,118.66870208583143,113.17956960106591,117.55094146728516,48884000
2022-04-29 00:00:00-04:00,115.77760037683389,116.9533836790152,112.88153803374084,113.17411804199219,42676000
2022-05-02 00:00:00-04:00,112.47539163673035,115.78850866046761,111.67699010622513,115.6273422241211,35534000
2022-05-03 00:00:00-04:00,115.47608756923125,117.47110390717961,115.08333755024837,116.37218475341797,24968000
2022-05-04 00:00:00-04:00,116.07216443085974,121.84742986414153,114.1723618582886,121.25879669189453,49916000
2022-05-05 00:00:00-04:00,119.21867586209255,120.04683035965981,114.0627870115888,115.55049133300781,45840000
2022-05-06 00:00:00-04:00,114.24030932144473,116.60774359414943,113.08089313905965,114.79769897460938,39710000
2022-05-09 00:00:00-04:00,112.32165521736495,114.13368219175439,111.08240126088768,111.58871459960938,40802000
2022-05-10 00:00:00-04:00,114.56065900721823,115.29707287210782,111.97502692676184,113.457275390625,39900000
2022-05-11 00:00:00-04:00,112.30826753178046,115.41062467447975,112.30826753178046,112.6712646484375,37534000
2022-05-12 00:00:00-04:00,110.46451302431396,113.35809330514908,108.92424196384515,111.91899108886719,53836000
2022-05-13 00:00:00-04:00,113.594142514748,116.90875017939355,112.67375572924637,115.09920501708984,35038000
2022-05-16 00:00:00-04:00,114.01317216302417,115.21771695665214,112.95591618323131,113.5068588256836,25990000
2022-05-17 00:00:00-04:00,115.88272969753332,115.94174359590812,113.92838521355479,115.51824188232422,23054000
2022-05-18 00:00:00-04:00,114.05732544136315,114.45404808670412,110.64105684052672,110.98223876953125,35126000
2022-05-19 00:00:00-04:00,110.51807817312684,112.08363775970766,109.09830918068056,109.47916412353516,34144000
2022-05-20 00:00:00-04:00,111.03331404707964,111.26391395378205,104.92926830668526,108.0152587890625,48962000
2022-05-23 00:00:00-04:00,108.68918571926903,111.22819834582448,107.84962051186193,110.57410430908203,37184000
2022-05-24 00:00:00-04:00,104.90496623527923,105.58583938493665,101.04932840845038,105.1013412475586,76780000
2022-05-25 00:00:00-04:00,104.12490462445021,105.62699334651613,103.0051614939558,104.93769073486328,40258000
2022-05-26 00:00:00-04:00,104.8107448453719,107.75887468895839,104.3624465360755,106.90890502929688,37948000
2022-05-27 00:00:00-04:00,108.58552885624927,111.39728839964133,108.24384758424749,111.39579772949219,37914000
2022-05-31 00:00:00-04:00,111.82228915461961,114.78629421531303,111.15976563053904,112.8294677734375,50012000
2022-06-01 00:00:00-04:00,113.91351567650608,116.14159882441551,112.32166882859197,112.95840454101562,36606000
2022-06-02 00:00:00-04:00,113.06551449385536,116.93304735382672,112.02065295107872,116.65831756591797,37992000
2022-06-03 00:00:00-04:00,115.11110111753601,115.36798068092384,112.5879563145143,113.6020736694336,26136000
2022-06-06 00:00:00-04:00,115.74784575456003,118.36868641474054,115.21177950019366,115.86289978027344,33542000
2022-06-07 00:00:00-04:00,114.53387621473067,116.72625878645412,114.10889140185589,116.18919372558594,31590000
2022-06-08 00:00:00-04:00,115.80437996795135,117.59855692060148,115.64420478456094,116.23333740234375,26108000
2022-06-09 00:00:00-04:00,115.37393150433296,117.32927476403499,113.83515114216875,113.8941650390625,25798000
2022-06-10 00:00:00-04:00,111.52326952209093,112.35043272359222,109.46130906646859,110.25028991699219,41452000
2022-06-13 00:00:00-04:00,105.91113030460595,107.8996918485191,105.24910628823997,105.5203628540039,47252000
2022-06-14 00:00:00-04:00,105.66171972879,107.03982566560859,104.93274403233468,105.84073638916016,33706000
2022-06-15 00:00:00-04:00,107.65522972129614,110.5101358678124,106.78691045306238,108.86473846435547,39698000
2022-06-16 00:00:00-04:00,106.34207999882139,107.75787626146192,104.27615475355856,105.16431427001953,51684000
2022-06-17 00:00:00-04:00,105.16431896946578,107.80846549966309,104.18491071395393,106.26522064208984,51376000
2022-06-21 00:00:00-04:00,108.03657603615589,111.56739902352787,107.70977872020165,110.62964630126953,47416000
2022-06-22 00:00:00-04:00,109.65024031138255,112.41736323198378,109.47766306713153,110.5736083984375,30774000
2022-06-23 00:00:00-04:00,111.31150268168844,111.8183154317785,109.59469700214912,111.32191467285156,28362000
2022-06-24 00:00:00-04:00,112.06874621725599,117.11107066416578,112.02659127406567,117.00791931152344,41164000
2022-06-27 00:00:00-04:00,117.30349693355397,117.60748019835728,114.23534911421451,114.88399505615234,36420000
2022-06-28 00:00:00-04:00,114.8532454023872,116.34789602426181,110.93116279588207,111.08935546875,35792000
2022-06-29 00:00:00-04:00,110.63757801717347,112.23289031786092,109.96364371615972,110.78585052490234,24716000
2022-06-30 00:00:00-04:00,109.09829563062534,109.97901690144941,105.87493689608415,108.06979370117188,43170000
2022-07-01 00:00:00-04:00,107.0482435979797,108.35444913580423,105.85560141078064,107.84615325927734,35476000
2022-07-05 00:00:00-04:00,106.22257357959492,112.4476205204141,104.8647923311928,112.33455657958984,39342000
2022-07-06 00:00:00-04:00,112.37324154606672,114.64198891272858,110.5622056578975,113.63282775878906,37432000
2022-07-07 00:00:00-04:00,114.13665496771533,118.21246520183128,113.8921774820959,117.80929565429688,40936000
2022-07-08 00:00:00-04:00,116.2888797500777,118.70391717679874,115.94323338269083,118.37513732910156,38238000
2022-07-11 00:00:00-04:00,117.0307287121293,117.0307287121293,114.38509184711968,114.72825622558594,31196000
2022-07-12 00:00:00-04:00,115.26236105063236,116.01514205426072,112.75806498456316,113.08585357666016,29960000
2022-07-13 00:00:00-04:00,110.78535950872107,113.25991018567453,110.28995752777116,110.44071197509766,43722000
2022-07-14 00:00:00-04:00,109.30708832837976,110.18235402261737,107.48464911605639,109.46279907226562,37004000
2022-07-15 00:00:00-04:00,111.0824004559861,112.21305491483179,109.99091960031427,110.86122131347656,46770000
2022-07-18 00:00:00-04:00,111.71664615011223,112.74812177959842,107.48165230582555,108.13623809814453,43164600
2022-07-19 00:00:00-04:00,109.94133235969358,113.08534523356836,108.66190591539453,112.87706756591797,36530900
2022-07-20 00:00:00-04:00,112.24231974638516,114.45404329391755,111.55798096785527,112.96633911132812,35600400
2022-07-21 00:00:00-04:00,113.34321947485182,113.61101046049744,110.1992065063923,113.40272521972656,32676200
2022-07-22 00:00:00-04:00,110.09009735008293,111.41910930762468,105.62698529534984,107.01551055908203,48901200
2022-07-25 00:00:00-04:00,107.52134719462656,108.96937840173452,105.42864264206895,106.62872314453125,34690900
2022-07-26 00:00:00-04:00,105.72617651509084,106.32125667917839,103.21691665250424,104.15912628173828,47991000
2022-07-27 00:00:00-04:00,108.36437093577844,112.97625525163264,107.12461749425067,112.13321685791016,59858500
2022-07-28 00:00:00-04:00,111.44888817788124,113.40273342218575,110.54634395877491,113.28372192382812,32816600
2022-07-29 00:00:00-04:00,112.15305449933629,115.75329568436271,112.13321420730232,115.36649322509766,37223400
2022-08-01 00:00:00-04:00,114.35486029276694,115.76321838407448,113.4027229923445,113.91846466064453,26034300
2022-08-02 00:00:00-04:00,113.06550683255934,115.39624164424568,112.78780328963215,114.18624114990234,20236000
2022-08-03 00:00:00-04:00,114.76149298206536,117.6476425585004,114.53338259160023,117.11206817626953,28499000
2022-08-04 00:00:00-04:00,116.51698947915064,117.80632850385459,115.93182192650802,117.2211685180664,21602900
2022-08-05 00:00:00-04:00,115.27723913427396,117.1418256153438,115.04912116805919,116.50707244873047,19159500
2022-08-08 00:00:00-04:00,117.41953956981935,119.1651147158916,115.9219151378597,116.3384780883789,19138300
2022-08-09 00:00:00-04:00,116.17977937135981,116.35830417801051,114.76150106487229,115.67395782470703,19086500
2022-08-10 00:00:00-04:00,117.80632384689984,119.92878102588605,117.43936168959127,118.71878051757812,30930400
2022-08-11 00:00:00-04:00,120.28584605400722,120.49412374035786,117.58814114476164,117.8658447265625,24293700
2022-08-12 00:00:00-04:00,119.2741980957184,120.68255615234375,118.48075288719056,120.68255615234375,19096300
2022-08-15 00:00:00-04:00,120.13706749098401,121.29748248930953,119.62133337705963,121.07928466796875,19494800
2022-08-16 00:00:00-04:00,120.52387539718579,121.42641959577725,119.65109163936246,120.70240020751953,19041200
2022-08-17 00:00:00-04:00,119.13536518315931,120.29577274171552,118.40142560065998,118.57003784179688,22847000
2022-08-18 00:00:00-04:00,118.45100459562921,119.82960983443398,117.74682554009155,119.1849365234375,17987700
2022-08-19 00:00:00-04:00,118.08402472990431,118.17329090592166,115.80288310465481,116.24919128417969,21809500
2022-08-22 00:00:00-04:00,114.25567281481072,114.68214829640736,112.91674062691341,113.30354309082031,21456600
2022-08-23 00:00:00-04:00,112.54978392368335,114.06724098148526,112.50019075744802,112.92666625976562,15870400
2022-08-24 00:00:00-04:00,112.56960408080326,113.83911029938794,111.94477111702129,112.75804901123047,17734600
2022-08-25 00:00:00-04:00,113.30355342238907,115.76322777545683,113.17462177828163,115.69380187988281,16956800
2022-08-26 00:00:00-04:00,113.77962535824993,114.17634801578959,109.28675961123744,109.4355239868164,37245700
2022-08-29 00:00:00-04:00,109.08838330000286,110.040513040239,107.90814316272662,108.52305603027344,21191200
2022-08-30 00:00:00-04:00,109.26691796550223,109.59421472143957,106.91635005815553,108.04700469970703,27513300
2022-08-31 00:00:00-04:00,109.74296652362271,109.94132403011254,107.24361956746938,107.3328857421875,28627000
2022-09-01 00:00:00-04:00,107.39240011242691,109.54461025492617,106.47994340226887,108.8404312133789,28360900
2022-09-02 00:00:00-04:00,109.68346459238305,109.832236521105,106.38076712239958,106.96592712402344,24160700
2022-09-06 00:00:00-04:00,106.42042936854642,107.14444107919324,104.91288507482174,105.93444061279297,25068300
2022-09-07 00:00:00-04:00,106.18240264265648,109.07847249571734,106.02371813346193,108.55281066894531,23167000
2022-09-08 00:00:00-04:00,107.15436785234293,108.70157768967908,106.28158417405022,107.4915771484375,24238300
2022-09-09 00:00:00-04:00,108.17592320190764,110.08018262294702,108.12633003878351,109.74297332763672,23197700
2022-09-12 00:00:00-04:00,110.0801874345021,110.70502802301867,109.02887891863624,109.95125579833984,22966800
2022-09-13 00:00:00-04:00,106.91635155696838,107.41225298799911,103.23675627988764,103.46487426757812,38172900
2022-09-14 00:00:00-04:00,103.71280676810338,104.41698576847003,102.81027025690392,104.1392822265625,26395100
2022-09-15 00:00:00-04:00,103.17723571198333,104.40706896560022,101.51100684033769,102.06642150878906,34188300
2022-09-16 00:00:00-04:00,101.2333018624559,102.2846103090457,100.11256752914515,101.95732116699219,42797200
2022-09-19 00:00:00-04:00,100.91594107105092,102.48299140692185,100.71758352566323,102.2251205444336,23036800
2022-09-20 00:00:00-04:00,101.24321763980454,101.53084132005358,99.69600034029746,100.31092071533203,26517100
2022-09-21 00:00:00-04:00,100.83658693545453,102.03666739252802,98.45625874751293,98.46617889404297,31487300
2022-09-22 00:00:00-04:00,98.00995057481285,100.4101114902342,97.98019770206167,99.31912994384766,34298600
2022-09-23 00:00:00-04:00,98.81330688401681,98.84306732316416,96.67101684353818,97.93060302734375,31625400
2022-09-26 00:00:00-04:00,97.29585425726316,99.06126205035565,96.99831795404086,97.36528015136719,27072700
2022-09-27 00:00:00-04:00,98.61495489564797,99.18028220152245,96.0759420926826,96.70077514648438,30072800
2022-09-28 00:00:00-04:00,96.84954541208984,99.8745394269292,96.31397098941996,99.22987365722656,32466300
2022-09-29 00:00:00-04:00,97.8314301011561,97.8314301011561,95.17339822616405,96.62142944335938,31047200
2022-09-30 00:00:00-04:00,96.25445392690247,98.08928738689897,94.77666247319067,94.86592864990234,32941500
2022-10-03 00:00:00-04:00,95.96684196996166,98.47610186740503,95.72880384753613,97.83142852783203,27982000
2022-10-04 00:00:00-04:00,99.61667108123069,101.00518888401722,99.5571577705009,100.80683135986328,28850800
2022-10-05 00:00:00-04:00,99.0116735801322,101.09445790974014,97.99011792498692,100.59855651855469,22176900
2022-10-06 00:00:00-04:00,99.85469877759263,102.08625491156727,99.76543259746941,100.58863067626953,22324000
2022-10-07 00:00:00-04:00,99.03150884851111,99.7059350605101,97.49421903648668,97.87110137939453,27502800
2022-10-10 00:00:00-04:00,98.18845461960382,98.28763336342472,96.21476962021146,97.05780029296875,18225100
2022-10-11 00:00:00-04:00,96.6313430235072,98.43642374055914,95.52052121037734,96.38339233398438,26507100
2022-10-12 00:00:00-04:00,96.50241351977157,97.94052452401523,95.94699881751596,96.7602767944336,21876400
2022-10-13 00:00:00-04:00,94.37003338415455,98.96207740272202,93.6063410275305,98.24797821044922,34574500
2022-10-14 00:00:00-04:00,99.17033868593256,99.86460503785824,95.58001815905328,95.7684555053711,25410700
2022-10-17 00:00:00-04:00,98.04962623156622,100.10265774202443,98.0198733580147,99.15052795410156,28419200
2022-10-18 00:00:00-04:00,102.28460943852185,102.62182629033514,99.15051685012314,99.94395446777344,24060700
2022-10-19 00:00:00-04:00,99.19019861679422,100.1919139812081,98.10912964670428,98.81330871582031,23811100
2022-10-20 00:00:00-04:00,99.18028082765306,101.48126304018042,98.57528050925599,99.15052795410156,25323200
2022-10-21 00:00:00-04:00,97.04790568020596,100.47954257381622,96.91897403600436,100.30101776123047,32458700
2022-10-24 00:00:00-04:00,100.9655271818657,101.9077368068661,99.16044640435987,101.67961883544922,27176400
2022-10-25 00:00:00-04:00,102.05649280400968,103.96075204994759,101.87796802677465,103.62354278564453,40611400
2022-10-26 00:00:00-04:00,95.63954441159298,97.50413095357072,93.91380965641918,94.15184020996094,88114100
2022-10-27 00:00:00-04:00,93.74519988449306,94.64774408921001,91.04750255104241,91.46405792236328,60710900
2022-10-28 00:00:00-04:00,91.51364270819928,95.75856512636024,91.37479091899618,95.50069427490234,43697300
2022-10-31 00:00:00-04:00,94.63781949338367,95.24281979479946,93.20962863501363,93.73528289794922,31675000
2022-11-01 00:00:00-04:00,94.66756687746879,95.2428142728165,89.62921479576478,89.7283935546875,47161400
2022-11-02 00:00:00-04:00,90.19455387405776,90.43258444006051,86.16782914537849,86.25709533691406,57038300
2022-11-03 00:00:00-04:00,85.61241853361773,85.81077606951776,82.65684282083558,82.74610900878906,61288000
2022-11-04 00:00:00-04:00,84.69994994578491,85.92978314388307,83.02380100389072,85.87027740478516,51124900
2022-11-07 00:00:00-05:00,86.56453004796563,88.17125299017025,86.13805462566243,87.76461029052734,34078900
2022-11-08 00:00:00-05:00,88.17127227783203,89.5796304672484,86.87200543719126,88.17127227783203,30429000
2022-11-09 00:00:00-05:00,87.72494420662868,88.70683431006073,86.56453688459513,86.60420989990234,31769100
2022-11-10 00:00:00-05:00,91.49381082236977,93.61626826753488,90.8590576182188,93.16996002197266,51620100
2022-11-11 00:00:00-05:00,93.9138107806014,96.13544696291301,93.1501183771832,95.61971282958984,33090500
2022-11-14 00:00:00-05:00,94.31052701503693,95.99659635796955,93.73528712723771,94.91552734375,30179500
2022-11-15 00:00:00-05:00,97.4545394739204,99.31912590340235,95.91724219824151,97.63306427001953,41640800
2022-11-16 00:00:00-05:00,97.09749375411836,98.82322847399864,96.83962291238991,98.03970336914062,29105200
2022-11-17 00:00:00-05:00,96.17511335721086,98.46617527590662,95.99658856050377,97.55371856689453,26052600
2022-11-18 00:00:00-05:00,97.96035204939338,98.0892912467336,95.58003155727448,96.63134002685547,28342300
2022-11-21 00:00:00-05:00,96.49250211567761,97.59340390655896,94.57832227419392,94.81635284423828,21647400
2022-11-22 00:00:00-05:00,95.16346653720288,96.42306021024527,93.2790474508061,96.25445556640625,23438500
2022-11-23 00:00:00-05:00,96.29412064149612,97.95043690355139,96.29412064149612,97.65289306640625,18868100
2022-11-25 00:00:00-05:00,97.43469190584294,97.83141448608896,96.60158129749476,96.66108703613281,9701400
2022-11-28 00:00:00-05:00,96.24454747735288,96.78012191327572,94.8262691285725,95.26266479492188,26237500
2022-11-29 00:00:00-05:00,94.94528050830175,95.33208297513312,93.33855733056448,94.40970611572266,20061700
2022-11-30 00:00:00-05:00,94.04274131301841,100.21175594756679,93.64601867914251,100.16216278076172,43647500
2022-12-01 00:00:00-05:00,100.19191565410281,101.4118364290716,99.42823082654697,100.16216278076172,28687100
2022-12-02 00:00:00-05:00,98.23807103454332,99.94396550598155,98.08929910016103,99.6166763305664,21480700
2022-12-05 00:00:00-05:00,98.58518949074,100.54895459128153,98.18846689898945,98.66453552246094,24405100
2022-12-06 00:00:00-05:00,98.48601001120109,98.96207106432217,95.62961342505861,96.18502807617188,24910700
2022-12-07 00:00:00-05:00,95.6197019736811,96.08584288669229,93.94355298868143,94.16175079345703,31045400
2022-12-08 00:00:00-05:00,94.59813448405295,94.79649955511114,92.68395505775045,92.94182586669922,32213300
2022-12-09 00:00:00-05:00,93.0013431152763,93.48733192437892,91.98970761165849,92.06905364990234,28225400
2022-12-12 00:00:00-05:00,91.9500324704772,92.79306329851202,90.85905095379364,92.54511260986328,29420000
2022-12-13 00:00:00-05:00,96.95862907976988,98.71411643899029,94.25100451872916,94.84608459472656,40593700
2022-12-14 00:00:00-05:00,94.41961155521665,96.0759277719066,92.83272878989905,94.29067993164062,28733600
2022-12-15 00:00:00-05:00,92.36659290509361,92.8724144565508,89.2721729828965,90.11520385742188,40107000
2022-12-16 00:00:00-05:00,90.01603543379798,90.58136279738196,88.7861943608194,89.52013397216797,58011800
2022-12-19 00:00:00-05:00,89.5201151224369,89.81765139665094,87.4869165311304,87.71503448486328,29493000
2022-12-20 00:00:00-05:00,87.38773902543626,88.44896764240224,86.7232330132954,88.29027557373047,23453800
2022-12-21 00:00:00-05:00,88.349786515183,89.48044099017838,87.59601434290138,88.84568786621094,24745600
2022-12-22 00:00:00-05:00,87.43734154375588,87.8142238968935,85.61242039304902,87.04061889648438,27658300
2022-12-23 00:00:00-05:00,86.39592615313117,88.8159269482654,86.3562531406212,88.49855041503906,23003000
2022-12-27 00:00:00-05:00,88.07207507742031,88.21092683791771,86.29674749179976,86.67362976074219,20097300
2022-12-28 00:00:00-05:00,86.26701779431262,87.31832642526183,85.23554189153839,85.31488037109375,19523200
2022-12-29 00:00:00-05:00,85.9099593646084,88.12167532237186,85.9000392181079,87.7249526977539,23333500
2022-12-30 00:00:00-05:00,86.26700621056507,87.57618553312793,85.86036345245435,87.50675964355469,23986300
2023-01-03 00:00:00-05:00,88.85561394606133,90.30365276991351,87.7943851962897,88.38947296142578,28131200
2023-01-04 00:00:00-05:00,89.60936749638965,89.90691131674406,86.55461353258538,87.35797882080078,34854800
2023-01-05 00:00:00-05:00,86.75298665837843,86.85216541875592,85.19585666320351,85.49339294433594,27194400
2023-01-06 00:00:00-05:00,86.07857453002329,86.9711986526789,84.16439463188344,86.62406158447266,41381500
2023-01-09 00:00:00-05:00,87.63569405206921,89.31184316795068,87.13979266316744,87.29847717285156,29003900
2023-01-10 00:00:00-05:00,85.2752044746708,87.94314874861813,85.12643254757823,87.69519805908203,30467800
2023-01-11 00:00:00-05:00,88.44896825112974,90.8491290549015,88.28036360214634,90.76978302001953,26862000
2023-01-12 00:00:00-05:00,90.73011735676101,91.11691981733598,89.01429529901861,90.38298034667969,30258100
2023-01-13 00:00:00-05:00,90.10528201196577,91.43430168612433,89.39118279204233,91.36487579345703,26329200
2023-01-17 00:00:00-05:00,91.30535652243567,91.49380146174484,89.3118384915669,90.54167175292969,32602400
2023-01-18 00:00:00-05:00,91.38471295870488,92.03930646438202,89.89700870055337,90.37307739257812,29116700
2023-01-19 00:00:00-05:00,89.9763594126032,92.84266916002713,89.88709321771738,92.28726196289062,37000400
2023-01-20 00:00:00-05:00,94.32044460307483,97.49421809768434,94.24109856316726,97.21650695800781,63191100
2023-01-23 00:00:00-05:00,97.1470790758333,99.21995081656387,96.70077085248677,98.97200012207031,40005100
2023-01-24 00:00:00-05:00,97.29584675272618,98.79347100071968,96.40322277819845,96.89912414550781,33078500
2023-01-25 00:00:00-05:00,94.78659786716852,95.37176548216979,92.99143713393819,94.43946838378906,42330000
2023-01-26 00:00:00-05:00,95.70896843494373,96.77019710869844,94.59814659536165,96.7206039428711,30114000
2023-01-27 00:00:00-05:00,96.51233145386189,99.49766010597479,96.51233145386189,98.55545043945312,33879800
2023-01-30 00:00:00-05:00,96.68093725731849,97.48429507886306,95.60978845068932,96.1453628540039,27226200
2023-01-31 00:00:00-05:00,96.07593999568378,98.0694581762873,96.02634682892345,98.02978515625,29870700
2023-02-01 00:00:00-05:00,97.90084854753133,100.36052269702401,96.78011416406397,99.60675048828125,35531100
2023-02-02 00:00:00-05:00,104.93272708957909,106.96591805351979,104.74428215805406,106.85681915283203,69883800
2023-02-03 00:00:00-05:00,102.08625562934304,106.92625024321528,101.73912618609937,103.92108917236328,65309300
2023-02-06 00:00:00-05:00,101.56059433437012,103.5045266483121,101.04485271151285,102.0564956665039,31999600
2023-02-07 00:00:00-05:00,102.37387842734272,107.29321903254016,102.27469966826962,106.75764465332031,49010200
2023-02-08 00:00:00-05:00,101.21348233996603,102.29454379804132,97.23635085283868,98.55545043945312,94743500
2023-02-09 00:00:00-05:00,99.18027172399981,99.21002459482034,92.8624856911135,94.2311782836914,119455000
2023-02-10 00:00:00-05:00,94.66757593087634,95.95692262073939,93.47741557627583,93.79479217529297,54980700
2023-02-13 00:00:00-05:00,93.96339666886732,94.4196250562035,93.07077262109874,93.83446502685547,50076100
2023-02-14 00:00:00-05:00,93.65592659037824,94.07248189644318,91.50371660885547,93.90387725830078,54726100
2023-02-15 00:00:00-05:00,93.7154415296958,96.32388765510876,93.37823222030585,96.1453628540039,50169000
2023-02-16 00:00:00-05:00,94.58822952133472,96.87929141683016,93.96338895576008,94.72708129882812,42462600
2023-02-17 00:00:00-05:00,94.07250055529865,94.77667968384696,92.445944456455,93.57659912109375,34284100
2023-02-21 00:00:00-05:00,92.23765518012942,92.33683394114578,90.96814887866952,91.0375747680664,33629300
2023-02-22 00:00:00-05:00,90.94830538293209,91.35494812568693,89.86724406227897,90.89871978759766,30884000
2023-02-23 00:00:00-05:00,91.16649876726088,91.18633905791556,89.02420895463646,90.14494323730469,41206400
2023-02-24 00:00:00-05:00,88.70683225593044,89.15314042580724,87.8538813637116,88.39936828613281,36585100
2023-02-27 00:00:00-05:00,89.13330841064453,89.4209320921076,88.60764664095792,89.13330841064453,27502300
2023-02-28 00:00:00-05:00,88.59774267568118,90.48216943962086,88.58782252932733,89.3217544555664,30142000
2023-03-01 00:00:00-05:00,89.24242610290563,90.28381458248744,88.9349620659149,89.61930847167969,31111200
2023-03-02 00:00:00-05:00,88.92504232804767,91.52356081097336,88.85560886814189,91.24585723876953,32204400
2023-03-03 00:00:00-05:00,91.72191687766424,92.96167025066717,91.69215644055474,92.88232421875,35160100
2023-03-06 00:00:00-05:00,93.2492875940104,95.1833074213031,93.22945486919875,94.35018920898438,32639300
2023-03-07 00:00:00-05:00,94.20142849315206,94.8857672449639,92.76330996601668,93.09060668945312,27835500
2023-03-08 00:00:00-05:00,93.3484777291188,95.1733911604508,93.229458674828,93.47740936279297,34103300
2023-03-09 00:00:00-05:00,93.27906233445889,94.74692633492973,91.14668466466473,91.56324005126953,28813500
2023-03-10 00:00:00-05:00,91.41444666154868,92.02936701669016,89.65895933451053,89.88706970214844,35941000
2023-03-13 00:00:00-04:00,89.35150848107031,91.81118269560834,88.687002437022,90.36315155029297,37335600
2023-03-14 00:00:00-04:00,91.80125398569051,93.58650184316622,91.6822425064281,93.19969940185547,36050200
2023-03-15 00:00:00-04:00,92.45585699442236,96.13544442535732,91.88060956204423,95.3221664428711,50622100
2023-03-16 00:00:00-04:00,95.41142015117943,100.36052125064333,94.71716126290511,99.49765014648438,65492000
2023-03-17 00:00:00-04:00,99.43814263216196,101.99698789396676,99.27945056518114,100.78699493408203,61028500
2023-03-20 00:00:00-04:00,99.29929255271749,100.91592828670724,99.05134186896636,100.39027404785156,32960400
2023-03-21 00:00:00-04:00,100.42002246352078,104.23846131049126,100.39026959348749,104.0599365234375,42110300
2023-03-22 00:00:00-04:00,103.41528347403415,105.71626586421507,102.48299390773563,102.52266693115234,43427400
2023-03-23 00:00:00-04:00,104.19879298533533,105.42863382566868,103.60371285731998,104.73436737060547,40797800
2023-03-24 00:00:00-04:00,104.12938301316537,104.62528445678801,102.98880817946215,104.57569885253906,30393300
2023-03-27 00:00:00-04:00,103.76240714497641,103.90125892558605,101.09445530767543,101.62010955810547,31120900
2023-03-28 00:00:00-04:00,101.60028121184264,101.61019379170308,98.92240911282488,100.20183563232422,32057900
2023-03-29 00:00:00-04:00,101.44158753942646,101.64986521604924,99.82495172553267,100.55888366699219,28779600
2023-03-30 00:00:00-04:00,100.0828209446528,100.33077163663715,98.96207897409658,100.06298065185547,33086200
2023-03-31 00:00:00-04:00,100.46961878932184,103.0383842078249,100.2117479628211,102.87969970703125,36863400
2023-04-03 00:00:00-04:00,101.5506793026603,103.67313650572234,101.09445096214598,103.50453186035156,25035400
2023-04-04 00:00:00-04:00,103.47477744759011,104.71453082187777,103.18715375673288,103.86157989501953,24420100
2023-04-05 00:00:00-04:00,104.91289907946413,105.2302756731111,102.8102819841236,103.61363983154297,28290500
2023-04-06 00:00:00-04:00,104.39716471996435,108.27510972849137,103.47478781441008,107.53125762939453,48711500
2023-04-10 00:00:00-04:00,106.10305636159114,106.70804904814693,104.2583027310059,105.5674819946289,27067400
2023-04-11 00:00:00-04:00,105.67657981839106,105.85510460555605,103.82190606100231,104.48641204833984,26311800
2023-04-12 00:00:00-04:00,105.70634162712136,105.87494628290851,103.48469796190201,103.78224182128906,24370300
2023-04-13 00:00:00-04:00,104.9723919871335,106.6088679220058,104.9723919871335,106.54936218261719,24843600
2023-04-14 00:00:00-04:00,106.01378928840569,108.04698783654497,105.96419612699583,107.9775619506836,26578000
2023-04-17 00:00:00-04:00,103.80208203407157,105.2897861961485,103.66322268410477,105.1013412475586,37571200
2023-04-18 00:00:00-04:00,105.61707218442865,105.66666534841484,103.2169113578442,103.64338684082031,26596400
2023-04-19 00:00:00-04:00,102.73093910158751,104.11946457904193,102.22511753880913,103.32601928710938,20905700
2023-04-20 00:00:00-04:00,103.05821782699523,105.37903241467328,103.01854481265195,104.4269027709961,27820800
2023-04-21 00:00:00-04:00,104.6054346972307,105.13108893118996,103.92108839505883,104.54592895507812,25800100
2023-04-24 00:00:00-04:00,104.62527258627793,105.75592714410803,103.84174748622819,105.1013412475586,23542800
2023-04-25 00:00:00-04:00,104.96248334111876,105.8154342829649,102.98879048643646,102.99871063232422,46664100
2023-04-26 00:00:00-04:00,104.05994371224027,105.47822196102051,101.788714484929,102.85986328125,53347600
2023-04-27 00:00:00-04:00,103.59379357823073,107.48166608530138,102.6912570160058,106.70805358886719,50089200
2023-04-28 00:00:00-04:00,106.16257721263207,106.47003367253913,104.22855712885315,106.46011352539062,36139800
2023-05-01 00:00:00-04:00,105.96420892683281,107.10478367534759,105.94437619998563,106.32125854492188,26681700
2023-05-02 00:00:00-04:00,106.26175349764249,106.32125924543107,102.85986952338662,104.45667266845703,30997200
2023-05-03 00:00:00-04:00,104.66494043938329,106.60887287386203,104.09961318837087,104.54592895507812,21795400
2023-05-04 00:00:00-04:00,104.62527823765616,104.73437715411653,103.11774126807067,103.83184051513672,23419500
2023-05-05 00:00:00-04:00,103.96076069275621,105.01206915340022,103.25658167035746,104.7046127319336,26639300
2023-05-08 00:00:00-04:00,104.3178158732233,107.07502636899285,104.29798314719713,106.88658142089844,26511400
2023-05-09 00:00:00-04:00,107.50149217757128,109.24706701792465,106.31133198501676,106.47001647949219,36360100
2023-05-10 00:00:00-04:00,107.0849334186618,112.01419380388454,107.04526040460696,110.83394622802734,63153400
2023-05-11 00:00:00-04:00,114.45404112299883,116.95338077292648,113.4721584998331,115.61444854736328,78900000
2023-05-12 00:00:00-04:00,115.7235547629223,117.06248707301147,115.15822745124665,116.5467529296875,41102300
2023-05-15 00:00:00-04:00,115.15822426414559,117.50879963545604,115.05904549704219,115.55494689941406,36266800
2023-05-16 00:00:00-04:00,115.535101164742,119.76018303268906,115.47559542065336,118.53034973144531,45035600
2023-05-17 00:00:00-04:00,118.62952082286563,120.67263195090871,117.91542167256014,119.84943389892578,33323600
2023-05-18 00:00:00-04:00,119.95854884860573,122.29920412469264,119.83953735220288,121.8231430053711,35234200
2023-05-19 00:00:00-04:00,122.53722528891174,124.93738598095622,121.1487000105305,121.75370025634766,41353400
2023-05-22 00:00:00-04:00,121.93223602252743,125.39362560112353,121.73387092669454,124.02494049072266,35253000
2023-05-23 00:00:00-04:00,123.14222636559451,123.60836727655007,121.20820656831121,121.55533599853516,34046300
2023-05-24 00:00:00-04:00,120.12714861556921,120.91067367529489,118.87747506501967,119.90895080566406,34182600
2023-05-25 00:00:00-04:00,123.49928751875201,124.29273282527676,120.96027464484123,122.46781921386719,42317000
2023-05-26 00:00:00-04:00,122.16034830832359,124.2332200823341,121.44624908602053,123.58854675292969,35635900
2023-05-30 00:00:00-04:00,124.61010271936992,124.62994301273424,120.99994114625623,122.65625,35076700
2023-05-31 00:00:00-04:00,121.74379679384124,123.04305607346541,121.49584608754014,121.8628158569336,37325800
2023-06-01 00:00:00-04:00,121.8132170497212,123.40009998321423,121.6148595206051,122.70584106445312,30772700
2023-06-02 00:00:00-04:00,122.97362980848881,125.11592753657705,122.74551939681675,123.64805603027344,26980100
2023-06-05 00:00:00-04:00,122.99346805796284,126.38543183753264,122.82485583017811,124.9770736694336,32305500
2023-06-06 00:00:00-04:00,124.97707929168565,127.23838101293813,124.33240592558523,126.26641845703125,26638300
2023-06-07 00:00:00-04:00,125.92919376166726,127.98221754198133,121.11895203748432,121.49583435058594,52539000
2023-06-08 00:00:00-04:00,121.22805249747213,122.21985523958173,120.24616233464845,121.13878631591797,29389200
2023-06-09 00:00:00-04:00,121.2478829569892,122.74550718830598,120.9106736630639,121.2280502319336,23778300
2023-06-12 00:00:00-04:00,121.78345693305364,123.0331304793446,120.66272258318774,122.6264877319336,28306400
2023-06-13 00:00:00-04:00,123.95550842884325,124.1340332227792,122.17026048948374,122.81493377685547,22278300
2023-06-14 00:00:00-04:00,122.09092270879414,123.03313990537379,120.45444658155986,122.65625,30592300
2023-06-15 00:00:00-04:00,122.13057830402579,124.43156016043682,121.39664645820905,124.06459045410156,35246300
2023-06-16 00:00:00-04:00,124.89772318191494,125.07624798326509,122.26944432692575,122.51739501953125,45535600
2023-06-20 00:00:00-04:00,121.9223072208865,123.5488630569753,121.13878217339122,122.09091186523438,26097500
2023-06-21 00:00:00-04:00,121.39666224993185,121.65453309243799,119.11551282046045,119.56182861328125,30306300
2023-06-22 00:00:00-04:00,119.01633780765464,122.22977680974192,117.8559303300752,122.14051818847656,26952200
2023-06-23 00:00:00-04:00,120.3850207964695,121.78346637257002,120.06764420404919,121.33715057373047,34913600
2023-06-26 00:00:00-04:00,119.77010249354858,120.99993578775403,117.30050819204033,117.36993408203125,33969900
2023-06-27 00:00:00-04:00,116.12026248820283,118.10386789770331,115.14829250813179,117.36001586914062,39535900
2023-06-28 00:00:00-04:00,116.1301803056411,119.4031324056984,115.89214976448287,119.19485473632812,27091400
2023-06-29 00:00:00-04:00,118.26255477904468,119.0758327106557,117.33026536325183,118.12370300292969,24090900
2023-06-30 00:00:00-04:00,119.18492899866601,120.08747309044965,118.70886793868348,118.71878051757812,29532200
2023-07-03 00:00:00-04:00,118.26255895127434,119.2047761131289,117.84600360823359,118.91715240478516,14467900
2023-07-05 00:00:00-04:00,118.26255664547801,121.60493460466255,118.25264406620929,120.75198364257812,27584800
2023-07-06 00:00:00-04:00,118.81796320957261,119.31386454589494,117.4294379544993,119.12541961669922,24745200
2023-07-07 00:00:00-04:00,119.1155079508008,120.05772509699975,118.42124905726847,118.50059509277344,21709500
2023-07-10 00:00:00-04:00,117.33026342725442,117.34017600620315,115.18796594507899,115.49542236328125,35315200
2023-07-11 00:00:00-04:00,115.33674818852833,116.74510634443534,114.40445113781433,116.17977905273438,23078800
2023-07-12 00:00:00-04:00,117.82616938013048,119.34362637246984,117.4393669141167,117.9551010131836,30404400
2023-07-13 00:00:00-04:00,119.93870320943425,123.80673533006852,119.46263457450904,123.51911163330078,44297900
2023-07-14 00:00:00-04:00,123.77698624657505,125.74075145445121,122.47771949840582,124.39189910888672,33283100
2023-07-17 00:00:00-04:00,124.90765382325283,126.05814119884347,123.18191140958396,123.62822723388672,25716200
2023-07-18 00:00:00-04:00,123.57861693621366,123.65796296956178,121.95206108684837,122.7455062866211,26193600
2023-07-19 00:00:00-04:00,123.57861868845079,124.1538660880998,120.80157558357863,121.0296859741211,37224000
2023-07-20 00:00:00-04:00,120.42468845421087,123.0727999886977,117.25092267132642,118.22288513183594,37906800
2023-07-21 00:00:00-04:00,119.63125870411923,119.99822090421563,117.7567519823055,119.03617095947266,72937900
2023-07-24 00:00:00-04:00,120.6627297925078,121.99174188501857,119.98830359973758,120.5337905883789,29686100
2023-07-25 00:00:00-04:00,120.36518297759501,122.14051081744289,120.02796610605938,121.20821380615234,52509600
2023-07-26 00:00:00-04:00,129.00377226018543,129.90630113026324,127.26811769923354,128.2103271484375,61682100
2023-07-27 00:00:00-04:00,130.59067581926217,132.14781351472905,127.73427884774642,128.3392791748047,44952100
2023-07-28 00:00:00-04:00,129.70797692151828,132.64372004824634,129.4997067956334,131.49322509765625,36591200
2023-07-31 00:00:00-04:00,131.64196213896054,132.43540728957092,130.69975264360772,131.63204956054688,28055500
2023-08-01 00:00:00-04:00,129.70798718682403,131.5428286779553,129.60880083941242,130.4716796875,23166800
2023-08-02 00:00:00-04:00,128.38885774863965,129.02361087752263,126.51435123258612,127.32763671875,26273300
2023-08-03 00:00:00-04:00,126.92099551059741,128.32935355941024,126.37550098690372,127.39705657958984,20089500
2023-08-04 00:00:00-04:00,128.2202600170075,130.43197594152576,126.86149507419762,127.05985260009766,26147200
2023-08-07 00:00:00-04:00,128.10124510100812,130.53115877911966,127.962393323222,130.45181274414062,22746300
2023-08-08 00:00:00-04:00,129.54930137464623,130.43200542810587,128.47815233218188,130.32290649414062,23535200
2023-08-09 00:00:00-04:00,130.58075827957177,130.9576330468754,127.94255923989908,128.59715270996094,24912900
2023-08-10 00:00:00-04:00,130.243519851709,130.96753148534117,128.38883876777422,128.6268768310547,20857800
2023-08-11 00:00:00-04:00,127.60533894622364,128.86491747828384,127.11935017534717,128.49795532226562,19591100
2023-08-14 00:00:00-04:00,128.3293638886943,130.29312919834737,127.90289594820355,130.2534637451172,24695600
2023-08-15 00:00:00-04:00,130.0253428626258,130.3427118640274,128.22025464503122,128.71615600585938,19770700
2023-08-16 00:00:00-04:00,127.6449966430664,129.2120466291058,126.82180620330841,127.6449966430664,25216100
2023-08-17 00:00:00-04:00,128.73599949955613,130.90804993539842,128.23017041335734,128.85501098632812,33446300
2023-08-18 00:00:00-04:00,127.45655703673252,128.1904964685169,125.344020051106,126.41516876220703,30504800
2023-08-21 00:00:00-04:00,126.13747078000077,127.6747604625636,125.52255036686307,127.31771087646484,25248700
2023-08-22 00:00:00-04:00,127.4565767415667,129.21207199508038,127.2681469154346,128.02191162109375,22054900
2023-08-23 00:00:00-04:00,129.11286188164175,132.31639534159987,128.80540548113294,131.284912109375,27819700
2023-08-24 00:00:00-04:00,132.85197153912117,133.14951538235977,128.50788590918833,128.71615600585938,28500700
2023-08-25 00:00:00-04:00,128.47811371877063,129.68811421046675,126.20689221900474,128.81533813476562,26762900
2023-08-28 00:00:00-04:00,130.23360950918428,131.45352258706555,129.0732021716326,129.93606567382812,20543300
2023-08-29 00:00:00-04:00,131.15597146765055,135.45047822066215,131.15597146765055,133.4668731689453,43075600
2023-08-30 00:00:00-04:00,133.67517000710467,135.16287409396253,132.9709985475354,134.7661590576172,28315800
2023-08-31 00:00:00-04:00,134.8950799084139,136.8687727314443,134.67688210350767,135.05377197265625,30053800
2023-09-01 00:00:00-04:00,136.3332062668677,136.3332062668677,133.74460060567057,134.54795837402344,21543700
2023-09-05 00:00:00-04:00,134.3297620041587,135.30172442643027,133.4768110647792,134.6570587158203,19403100
2023-09-06 00:00:00-04:00,134.9050132008134,135.41082715108524,132.57427070368973,133.35780334472656,18684500
2023-09-07 00:00:00-04:00,132.49492113945962,134.46861399155742,131.8601680068501,134.15122985839844,18844300
2023-09-08 00:00:00-04:00,133.80410329196144,135.53975798327252,133.74459755250976,135.26205444335938,23558300
2023-09-11 00:00:00-04:00,135.42074803161276,136.35304508761172,134.676895929534,135.79763793945312,20763400
2023-09-12 00:00:00-04:00,135.14303224154853,135.74803250189984,134.08181120803886,134.23057556152344,18405500
2023-09-13 00:00:00-04:00,133.9826247837674,135.7777852717878,133.05032781273377,135.58935546875,20749500
2023-09-14 00:00:00-04:00,136.47205520158755,137.5630290724014,135.1232029476824,136.96795654296875,24751000
2023-09-15 00:00:00-04:00,136.84895965520028,137.38454169510266,135.3612553079111,136.27371215820312,38919600
2023-09-18 00:00:00-04:00,135.4901665221767,138.0192664165555,135.4901665221767,137.07705688476562,21861300
2023-09-19 00:00:00-04:00,136.29353439301667,137.2754245802509,135.5000891528616,136.908447265625,20353700
2023-09-20 00:00:00-04:00,136.9481276445737,136.9481276445737,132.52468065263594,132.64370727539062,29927500
2023-09-21 00:00:00-04:00,130.36257622016777,131.14609385607787,129.00381108346423,129.3707733154297,31503900
2023-09-22 00:00:00-04:00,129.68815661812712,130.94775068291577,128.53767662390266,129.18234252929688,26397300
2023-09-25 00:00:00-04:00,128.76575671410941,130.0947688069164,127.90289313849301,130.03526306152344,20094600
2023-09-26 00:00:00-04:00,128.7062429989617,129.2914029707038,126.17714304040305,127.51608276367188,25718700
2023-09-27 00:00:00-04:00,127.51608742320651,129.82697452376246,127.51608742320651,129.4699249267578,22746500
2023-09-28 00:00:00-04:00,128.77566411264445,132.20730825142687,128.72607094890918,131.2254180908203,22513100
2023-09-29 00:00:00-04:00,132.18746856469267,132.9511609153293,129.29140636705122,129.7873077392578,30859800
2023-10-02 00:00:00-04:00,130.1344474612235,133.31812586216128,130.09476687574428,133.07017517089844,22288000
2023-10-03 00:00:00-04:00,132.8420685488848,133.15943757319482,130.75927662958244,131.3444366455078,22989400
2023-10-04 00:00:00-04:00,131.70149484137792,134.45872070934675,131.44363154646038,134.1314239501953,26752300
2023-10-05 00:00:00-04:00,133.9628143310547,134.37936969993646,132.35608346969923,133.9628143310547,19832600
2023-10-06 00:00:00-04:00,132.91148163496393,137.02747214489506,132.91148163496393,136.4522247314453,27597600
2023-10-09 00:00:00-04:00,135.81744528333422,137.80105040765056,134.4983460596191,137.28530883789062,19278100
2023-10-10 00:00:00-04:00,137.36466401043336,138.5746644275756,136.20425675144423,136.9282684326172,27786600
2023-10-11 00:00:00-04:00,137.44402038931838,139.95328001705715,137.44402038931838,139.3978729248047,25884300
2023-10-12 00:00:00-04:00,139.89379277540957,140.06239744116,137.12665439341535,137.83084106445312,24765500
2023-10-13 00:00:00-04:00,138.23746980650327,138.8523826583463,135.50008457709373,136.23402404785156,23420500
2023-10-16 00:00:00-04:00,137.03740849990476,138.4854474310205,136.85889123736658,137.9597930908203,28501900
2023-10-17 00:00:00-04:00,137.49361518669917,138.75319373814438,136.0554891433646,138.57467651367188,23515800
2023-10-18 00:00:00-04:00,138.30690868674475,139.56650258267163,136.25388459322733,136.82913208007812,23375000
2023-10-19 00:00:00-04:00,137.36470178510663,138.5151967823289,136.25388737880166,136.620849609375,26066000
2023-10-20 00:00:00-04:00,136.20426349098727,136.73983027790308,133.97270746704044,134.4884490966797,26335700
2023-10-23 00:00:00-04:00,133.93304944521964,136.53158318839846,132.85198797694417,135.38108825683594,26317900
2023-10-24 00:00:00-04:00,136.70018711343607,138.2176442463873,136.2935443173615,137.67214965820312,44814300
2023-10-25 00:00:00-04:00,127.10944521580694,127.25820957616193,124.04477075596701,124.5803451538086,84366200
2023-10-26 00:00:00-04:00,122.25952391827924,123.31083999813282,120.27591838168972,121.27764129638672,57061100
2023-10-27 00:00:00-04:00,121.87272000373477,122.29919549173574,119.22460845972752,121.16854095458984,44566500
2023-10-30 00:00:00-04:00,122.20001252709248,124.37206291068779,121.74378418278033,123.43976593017578,28940100
2023-10-31 00:00:00-04:00,124.03484388332474,124.34230786737872,121.6842763149313,123.06288146972656,26292300
2023-11-01 00:00:00-04:00,123.05297186152897,125.45313279745749,122.70584239837481,125.41345977783203,30082400
2023-11-02 00:00:00-04:00,127.3673155795192,127.92272273406017,125.889531505127,126.44493865966797,27124600
2023-11-03 00:00:00-04:00,126.9705840713952,128.46820067879287,126.81189200957998,128.04173278808594,26393100
2023-11-06 00:00:00-05:00,127.99218193964671,129.2716011684352,127.61529195166753,129.18234252929688,19052700
2023-11-07 00:00:00-05:00,129.63856004129278,130.82872046079768,128.81536184159327,129.89642333984375,29757300
2023-11-08 00:00:00-05:00,129.89642890979786,131.12626997179123,129.70798393466782,130.75929260253906,26425800
2023-11-09 00:00:00-05:00,130.87828025532772,131.46344016841792,129.00377391086258,129.17237854003906,23747800
2023-11-10 00:00:00-05:00,129.03354879478132,131.71141329610631,128.34920244954847,131.5031280517578,26913300
2023-11-13 00:00:00-05:00,130.69974576301732,131.5031034497492,130.17409159432344,131.0072021484375,18324800
2023-11-14 00:00:00-05:00,133.0900082716238,134.58762491778677,132.22714475544407,132.52467346191406,32395200
2023-11-15 00:00:00-05:00,133.76441488908887,133.92310694082042,132.47508358646422,133.51646423339844,23861500
2023-11-16 00:00:00-05:00,134.08182888951592,136.09518745195533,133.21896525810197,135.80755615234375,28013200
2023-11-17 00:00:00-05:00,134.88519788048188,134.94470363462352,132.55445495185654,134.2008514404297,37240600
2023-11-20 00:00:00-05:00,132.5941051889177,135.53976041427174,132.52467173584012,135.13311767578125,27815500
2023-11-21 00:00:00-05:00,135.17279523893023,136.05549911438757,134.84551363674532,135.84722900390625,22635300
2023-11-22 00:00:00-05:00,136.34312381394363,138.2771361292862,136.34312381394363,137.35476684570312,17813900
2023-11-24 00:00:00-05:00,136.8985310833705,136.99771741092056,134.87526015124462,135.56951904296875,12514300
2023-11-27 00:00:00-05:00,134.9149496481958,137.28535801552067,134.88519677136964,135.29183959960938,23436500
2023-11-28 00:00:00-05:00,134.964518417708,136.1249258052487,134.309924978467,136.07533264160156,18730000
2023-11-29 00:00:00-05:00,136.44232172928395,137.15640583938017,133.73468912413915,133.8834686279297,23967200
2023-11-30 00:00:00-05:00,133.94295042197072,134.4388517451667,130.2038502076351,131.443603515625,38988300
2023-12-01 00:00:00-05:00,130.7790985107422,131.02704917414542,129.59885093154966,130.7790985107422,31442300
2023-12-04 00:00:00-05:00,128.8153273436033,128.9640916810593,126.85155485379651,128.2103271484375,36669900
2023-12-05 00:00:00-05:00,127.89295847123121,131.05681158807658,127.19869958988002,129.91624450683594,27384800
2023-12-06 00:00:00-05:00,130.36255115310777,130.75926618523522,128.81534134061891,128.95419311523438,23576200
2023-12-07 00:00:00-05:00,133.93304938270325,137.42419963070353,133.59584004786453,135.80755615234375,56767100
2023-12-08 00:00:00-05:00,133.09993592227912,135.28189910781614,132.9313312582846,133.8834686279297,32260100
2023-12-11 00:00:00-05:00,131.29485865478858,132.24698086173262,130.28321556791462,132.1973876953125,31138000
2023-12-12 00:00:00-05:00,130.7295139721899,131.90976162921305,130.18401944998905,131.43370056152344,29032800
2023-12-13 00:00:00-05:00,132.28664939416652,132.4056608757626,130.49148892278734,131.48329162597656,30104800
2023-12-14 00:00:00-05:00,132.28664245291358,132.6238517222141,128.62688824878407,130.8584442138672,38722400
2023-12-15 00:00:00-05:00,130.54106870618423,132.41557523506742,130.10467308952005,131.51304626464844,50847100
2023-12-18 00:00:00-05:00,131.54280052592037,136.02573795572846,131.34442787355178,134.6868133544922,32258000
2023-12-19 00:00:00-05:00,135.71830642428358,136.34314709968973,134.96454166164182,135.5298614501953,25476800
2023-12-20 00:00:00-05:00,137.83081892143701,140.5384359860807,136.9382025676404,137.2059783935547,49107200
2023-12-21 00:00:00-05:00,138.34658204933325,139.53674241725346,138.03911046006232,139.26895141601562,27488300
2023-12-22 00:00:00-05:00,139.61607052198642,140.82607102846447,139.5565647812921,140.33016967773438,26532200
2023-12-26 00:00:00-05:00,140.4293579031904,141.510419346836,140.032642827964,140.3599395751953,16780300
2023-12-27 00:00:00-05:00,140.42934564037535,140.9153344287429,138.74328401733115,139.21934509277344,19628600
2023-12-28 00:00:00-05:00,139.6259846308267,139.9830342126131,138.60442904782565,139.0804901123047,16045700
2023-12-29 00:00:00-05:00,138.48543138650385,139.20944320132398,137.64239294340334,138.54493713378906,18733000
