datetime,open,high,low,close,volume
2020-01-02 00:00:00-05:00,150.41535275784207,152.2626224460996,149.98906197669726,152.15841674804688,22622100
2020-01-03 00:00:00-05:00,149.9795640082844,151.5236842826628,149.7332517957889,150.2637481689453,21116200
2020-01-06 00:00:00-05:00,148.80490629687822,150.7184951877552,148.26492739771743,150.6521759033203,20813700
2020-01-07 00:00:00-05:00,150.92692052732374,151.2584736153163,149.03228189326714,149.27857971191406,21634100
2020-01-08 00:00:00-05:00,150.55738711507612,152.32888330245382,149.62901863258827,151.65628051757812,27746500
2020-01-09 00:00:00-05:00,153.31411932222434,153.674105204978,152.5467931657798,153.5509490966797,21385000
2020-01-10 00:00:00-05:00,154.2425275193915,154.62144943814087,152.68891006966302,152.84048461914062,20725900
2020-01-13 00:00:00-05:00,153.23836952210237,154.70671737368204,152.76470985739576,154.6782989501953,21626500
2020-01-14 00:00:00-05:00,154.7824534261497,154.98139677965818,153.20043240422595,153.58883666992188,23477400
2020-01-15 00:00:00-05:00,154.0530758377426,155.303544381157,154.00572143181222,154.5835723876953,21417900
2020-01-16 00:00:00-05:00,155.6919174437164,157.48235016664844,155.38876835912026,157.41603088378906,23865400
2020-01-17 00:00:00-05:00,158.60016218369577,158.64753102974288,156.7149919685834,158.29702758789062,34371700
2020-01-21 00:00:00-05:00,157.89914820309696,159.32960936368943,157.66231841676765,157.7286376953125,29517200
2020-01-22 00:00:00-05:00,158.58121907428676,158.66648878308445,156.95182898866327,156.9707794189453,24138800
2020-01-23 00:00:00-05:00,157.43496426740944,158.0128294992705,156.5634324259856,157.93704223632812,19680800
2020-01-24 00:00:00-05:00,158.68543005957545,158.70438049049056,155.7866356921332,156.34555053710938,24918100
2020-01-27 00:00:00-05:00,152.66048172072817,154.77301392246096,151.76053138101526,153.73095703125,32078100
2020-01-28 00:00:00-05:00,155.15191986936853,157.0276076258131,154.4793314082179,156.74342346191406,24899900
2020-01-29 00:00:00-05:00,158.99802382465174,159.86008761817865,156.96129367549298,159.18748474121094,34754500
2020-01-30 00:00:00-05:00,164.88091010363243,164.88091010363243,161.7926402519902,163.6778106689453,51597500
2020-01-31 00:00:00-05:00,163.1378330139446,163.31781150569444,160.6463790875127,161.2621307373047,36142700
2020-02-03 00:00:00-05:00,161.45156006694415,165.30715509257476,161.42314165512857,165.1934814453125,30107000
2020-02-04 00:00:00-05:00,167.80809677985968,171.1237134714776,167.02182022982586,170.631103515625,36433300
2020-02-05 00:00:00-05:00,174.3351158434909,174.49615834021887,169.0111876454054,170.4226837158203,39186300
2020-02-06 00:00:00-05:00,171.43636512906852,174.13623076252514,170.57430114590088,173.95623779296875,27751400
2020-02-07 00:00:00-05:00,173.21733945607366,175.85088594864706,172.86682148638042,174.20254516601562,33529100
2020-02-10 00:00:00-05:00,173.90887006854624,178.89176413177015,173.59625298069977,178.75914001464844,35844300
2020-02-11 00:00:00-05:00,180.6064006880335,180.6537695392819,173.8330741528824,174.7235565185547,53159900
2020-02-12 00:00:00-05:00,175.8035026959606,176.05928293291046,172.2700060504583,174.97933959960938,47062900
2020-02-13 00:00:00-05:00,173.43516681747468,176.4192159295942,173.23622346436093,174.031982421875,35295800
2020-02-14 00:00:00-05:00,173.5962108192426,175.64242337639334,173.02781362394256,175.58558654785156,23149500
2020-02-18 00:00:00-05:00,175.8319548596929,177.81184894154453,175.72774914722984,177.36660766601562,27792200
2020-02-19 00:00:00-05:00,178.63945513349202,178.75343930147744,177.12910692998037,177.89852905273438,29997500
2020-02-20 00:00:00-05:00,177.58507149081467,177.87004642669885,172.0281254659961,175.1818084716797,36862400
2020-02-21 00:00:00-05:00,173.99438799966083,174.30785891305882,168.3709427375459,169.64381408691406,48572600
2020-02-24 00:00:00-05:00,159.36585498840046,165.80622141128146,155.0532703487702,162.32955932617188,68311100
2020-02-25 00:00:00-05:00,165.47367252715827,166.08161197190887,159.2517834397521,159.6507568359375,68073300
2020-02-26 00:00:00-05:00,161.20868089476,164.58083826118965,159.78382076998352,161.6456298828125,56206100
2020-02-27 00:00:00-05:00,155.13875963759634,158.66290516046735,150.06624715653416,150.2562255859375,93174900
2020-02-28 00:00:00-05:00,144.7752687189207,155.50921622258826,144.38580353335962,153.8943634033203,97012700
2020-03-02 00:00:00-05:00,157.02904179044228,164.25783086258915,154.17932227965255,164.13433837890625,71030800
2020-03-03 00:00:00-05:00,165.09375911275336,166.2336440588436,154.13182955336734,156.2691192626953,71677000
2020-03-04 00:00:00-05:00,160.04977122484704,162.14905673296266,157.32352937599967,162.00657653808594,49814400
2020-03-05 00:00:00-05:00,157.73196790911553,162.3105094316325,157.39000100953325,157.94094848632812,47817300
2020-03-06 00:00:00-05:00,154.46432171432747,154.93927504171984,148.18543814642317,153.47642517089844,72821100
2020-03-09 00:00:00-04:00,143.43590508064403,149.84777500974567,142.48599842448084,143.07493591308594,70419300
2020-03-10 00:00:00-04:00,150.23725610009342,152.96348385327482,144.93677465901976,152.85899353027344,65354400
2020-03-11 00:00:00-04:00,149.25881588095203,149.8002550593637,143.57836446468625,145.93414306640625,56371600
2020-03-12 00:00:00-04:00,138.0214317979302,145.7821669760473,131.63805829012034,132.09400939941406,93226400
2020-03-13 00:00:00-04:00,140.11122857796408,153.79938665871734,133.68035660445514,150.87367248535156,92727400
2020-03-16 00:00:00-04:00,132.98689504145688,141.8685256152084,128.23736307569055,128.63632202148438,87905900
2020-03-17 00:00:00-04:00,132.98692056268771,140.111219878546,128.23738768544888,139.22781372070312,81059800
2020-03-18 00:00:00-04:00,131.08709725869974,138.68634927369683,128.25637994155176,133.3668670654297,81593200
2020-03-19 00:00:00-04:00,135.61816456023482,142.6284651649305,132.0370127460227,135.56117248535156,85922700
2020-03-20 00:00:00-04:00,138.6863510776693,139.7312540410922,129.05429960314783,130.46966552734375,84866200
2020-03-23 00:00:00-04:00,130.14672252460196,133.52840283190852,125.88165036490473,129.16831970214844,78975200
2020-03-24 00:00:00-04:00,136.5490663326342,142.10602543854912,134.19330215103852,140.9091339111328,82516700
2020-03-25 00:00:00-04:00,141.4506069839255,146.59909944242216,137.20452297118143,139.56028747558594,75638200
2020-03-26 00:00:00-04:00,140.96615988290495,148.81239913590423,140.9376638391544,148.28994750976562,64568100
2020-03-27 00:00:00-04:00,144.14831530529963,147.13102121684818,141.7260507653704,142.2010040283203,57042300
2020-03-30 00:00:00-04:00,144.8037706334884,152.55501230058746,142.49548995938957,152.2035369873047,63420300
2020-03-31 00:00:00-04:00,151.41511399644187,156.52561640437477,148.71738259294858,149.80978393554688,77927200
2020-04-01 00:00:00-04:00,145.33574241165908,149.84779977411256,143.26495251632153,144.49032592773438,57969900
2020-04-02 00:00:00-04:00,144.25282142442757,147.69147878711792,142.82796147930063,147.4824981689453,49630700
2020-04-03 00:00:00-04:00,147.33051565835152,149.49630149094543,144.56628404497476,146.12413024902344,41243300
2020-04-06 00:00:00-04:00,152.28902386275382,158.15943933853654,149.68627471810913,156.99105834960938,67111700
2020-04-07 00:00:00-04:00,161.09462171690367,161.48408681671097,155.08171250963323,155.30020141601562,62769000
2020-04-08 00:00:00-04:00,157.37099056058554,158.3208969546214,155.30969542485835,156.85804748535156,48318200
2020-04-09 00:00:00-04:00,158.02645613418778,158.98585654320863,155.1482404127014,156.86756896972656,51385100
2020-04-13 00:00:00-04:00,156.1171895540331,157.27607701831892,154.1698777004756,157.2190704345703,41905300
2020-04-14 00:00:00-04:00,160.53420617356386,165.04626226424094,159.58429962815816,164.99876403808594,52874300
2020-04-15 00:00:00-04:00,162.62399924309832,164.8752876336318,160.76219051302303,163.2699432373047,40940800
2020-04-16 00:00:00-04:00,165.5687281288851,168.3994458213664,164.23885015327437,168.1714630126953,50479600
2020-04-17 00:00:00-04:00,170.50821509765711,170.98316834305447,167.06004989785689,169.65330505371094,52765600
2020-04-20 00:00:00-04:00,167.781994358711,169.795791556013,166.22414823554044,166.29063415527344,36669600
2020-04-21 00:00:00-04:00,164.8088082997189,164.97029069532127,157.7889985432716,159.41334533691406,56203700
2020-04-22 00:00:00-04:00,162.80451385139472,165.28377099611347,162.2630745524747,164.82781982421875,34620200
2020-04-23 00:00:00-04:00,165.38827470051632,166.29068326802962,162.34857581784783,162.83302307128906,32790800
2020-04-24 00:00:00-04:00,163.44091045280888,165.81567670835807,162.1585453714661,165.80618286132812,34277600
2020-04-27 00:00:00-04:00,167.7439630875399,168.03843174434013,164.61877749496904,165.33120727539062,33194400
2020-04-28 00:00:00-04:00,166.7940935372614,166.87008780328102,160.90467561776978,161.3036346435547,34392700
2020-04-29 00:00:00-04:00,164.54281734751044,168.779392536246,163.26994602134675,168.5419158935547,51286600
2020-04-30 00:00:00-04:00,170.98322333626544,171.3631802570195,167.4020706557273,170.23280334472656,53875900
2020-05-01 00:00:00-04:00,166.99362242300225,169.69135432231735,165.29328109253808,165.8252410888672,39370500
2020-05-04 00:00:00-04:00,165.74918687198553,170.03325987772834,165.09374908184085,169.8812713623047,30372900
2020-05-05 00:00:00-04:00,171.57215279474113,174.45036909184662,170.88821877419855,171.70513916015625,36839200
2020-05-06 00:00:00-04:00,172.95895572230177,174.97275261332638,172.5315007494135,173.39590454101562,32139300
2020-05-07 00:00:00-04:00,174.94428648306186,175.3052556080261,173.4339385566434,174.40284729003906,28316000
2020-05-08 00:00:00-04:00,175.7137316135177,175.7327338053412,174.1748874476006,175.4287567138672,30877800
2020-05-11 00:00:00-04:00,173.97539842652998,178.11699203070202,173.69043802497885,177.3855743408203,30892700
2020-05-12 00:00:00-04:00,177.4425699136979,177.67053823942587,173.16798987319115,173.36746215820312,32038200
2020-05-13 00:00:00-04:00,173.4054691701278,174.83032920522427,167.69652068640866,170.7457275390625,44711500
2020-05-14 00:00:00-04:00,168.64639240959448,171.63860655955162,166.87956575262888,171.4866180419922,41873900
2020-05-15 00:00:00-04:00,170.09027099782256,177.68952368706329,168.13346574945095,173.98489379882812,46610400
2020-05-18 00:00:00-04:00,176.44515011723627,176.87260518633394,174.74482368880803,175.64723205566406,35264500
2020-05-19 00:00:00-04:00,175.76122950334033,177.25258992843055,174.29837961314254,174.43136596679688,26799100
2020-05-20 00:00:00-04:00,176.04117015118126,177.0318325808868,175.21245438645676,176.85084533691406,31261300
2020-05-21 00:00:00-04:00,176.6031677448123,177.81291307895333,174.5932820706001,174.7266387939453,29119500
2020-05-22 00:00:00-04:00,174.49803205422208,175.70777736396283,173.878864430985,174.80284118652344,20826900
2020-05-26 00:00:00-04:00,177.49854249710228,177.65095431086615,172.5071791420549,172.9548797607422,36073600
2020-05-27 00:00:00-04:00,171.64990779458807,173.3549844144041,168.2207285103278,173.1835174560547,39517100
2020-05-28 00:00:00-04:00,172.16428012121764,175.41247189302518,171.82136076722483,172.79295349121094,33810200
2020-05-29 00:00:00-04:00,174.05984460970063,175.52678301222977,171.84993125203522,174.55517578125,42130400
2020-06-01 00:00:00-04:00,173.87887257152337,174.317052979787,172.85012898389996,174.15512084960938,22622400
2020-06-02 00:00:00-04:00,175.50772569531836,176.22213977548927,172.74533039924086,176.13641357421875,30794600
2020-06-03 00:00:00-04:00,176.0506917214427,177.11754545638277,174.86952184719328,176.5650634765625,27311000
2020-06-04 00:00:00-04:00,175.5553560250542,177.02227987283794,173.65025181324634,174.24082946777344,28761800
2020-06-05 00:00:00-04:00,173.95505869036717,178.82260047028618,173.37400133185187,178.3177490234375,39893600
2020-06-08 00:00:00-04:00,177.1175700198365,179.60373200642374,175.688741626046,179.42274475097656,33211600
2020-06-09 00:00:00-04:00,179.07979116522557,181.65167887606577,178.3748973930078,180.7943878173828,29783900
2020-06-10 00:00:00-04:00,182.06127181126323,189.1006306413369,181.94695568547104,187.50033569335938,43872300
2020-06-11 00:00:00-04:00,183.96642443239614,186.47162701714973,177.2414077362902,177.43191528320312,52854700
2020-06-12 00:00:00-04:00,181.49928782354135,182.62330696543887,176.39360750554295,178.8321533203125,43373600
2020-06-15 00:00:00-04:00,175.822046723925,181.7659763289363,175.27908511704683,179.9751739501953,32770200
2020-06-16 00:00:00-04:00,183.73777033245818,186.3001377560509,182.37562783325563,184.38551330566406,42556700
2020-06-17 00:00:00-04:00,185.77625251080684,187.0050529757738,184.4998360641594,185.02374267578125,25687800
2020-06-18 00:00:00-04:00,184.79507739296074,187.16693696934297,184.79507739296074,187.0050048828125,23061600
2020-06-19 00:00:00-04:00,189.1673304707642,189.83411407758476,185.14755918205572,185.8905487060547,44441100
2020-06-22 00:00:00-04:00,186.50019277764127,191.2343784743109,185.96676585995345,191.05340576171875,32818900
2020-06-23 00:00:00-04:00,192.50125587297086,194.27300341072882,191.8725679807489,192.32980346679688,30917400
2020-06-24 00:00:00-04:00,192.03454781345783,193.60625328078626,187.2336761239844,188.45294189453125,36740600
2020-06-25 00:00:00-04:00,188.41484367523898,191.09151325340733,186.19539512120477,190.83432006835938,27803900
2020-06-26 00:00:00-04:00,190.2532437572232,190.4056555951069,185.63337438286644,187.0145721435547,54675800
2020-06-29 00:00:00-04:00,186.49068256690614,189.11020131374772,184.36649507102788,189.02447509765625,26701600
2020-06-30 00:00:00-04:00,188.49102314215313,194.7016526637686,188.35766642321764,193.8538818359375,34310300
2020-07-01 00:00:00-04:00,193.50149312213995,196.55919270829563,192.19650099088895,194.9874725341797,32061200
2020-07-02 00:00:00-04:00,195.92093714776627,198.14992042899772,195.2732086032467,196.47341918945312,29315800
2020-07-06 00:00:00-04:00,198.92147558606962,201.1123485300744,198.21658173292928,200.70274353027344,31897600
2020-07-07 00:00:00-04:00,200.46459988972657,204.48437118224155,198.12132970713935,198.36898803710938,33600700
2020-07-08 00:00:00-04:00,200.10266563587942,203.1412952180682,198.78813883046487,202.73170471191406,33600000
2020-07-09 00:00:00-04:00,206.06559492317183,206.11322543452593,201.43619119450554,204.15097045898438,33121700
2020-07-10 00:00:00-04:00,203.48418406110454,203.9223644420307,201.0647080140899,203.5318145751953,26177600
2020-07-13 00:00:00-04:00,204.30339601897944,205.56077192573022,196.70203337523782,197.2449951171875,38135600
2020-07-14 00:00:00-04:00,196.34956659976442,198.94050944255682,192.44409722406942,198.4642333984375,37591800
2020-07-15 00:00:00-04:00,199.61681329766185,201.30283456368667,195.30175350046605,198.16893005371094,32179400
2020-07-16 00:00:00-04:00,195.6542036387055,195.93997218751295,192.7108210160108,194.2444305419922,29940700
2020-07-17 00:00:00-04:00,194.76835398301196,195.3113011914256,191.8344913952592,193.25379943847656,31635300
2020-07-20 00:00:00-04:00,195.27319325053878,202.22682694154088,193.37760921523997,201.56004333496094,36884800
2020-07-21 00:00:00-04:00,203.5223107663725,203.78902422512718,198.15943711788177,198.84527587890625,37990400
2020-07-22 00:00:00-04:00,199.27393071446238,202.22684854667068,198.502365706218,201.70294189453125,49605700
2020-07-23 00:00:00-04:00,197.35927722794668,200.91229258668062,192.55840637545583,192.92990112304688,67457000
2020-07-24 00:00:00-04:00,190.91051343665205,193.23474316986903,188.13858299901412,191.74876403808594,39827000
2020-07-27 00:00:00-04:00,191.91070116654112,194.29208176915887,191.32964371811065,194.1777801513672,30160900
2020-07-28 00:00:00-04:00,193.94917072897118,194.98744922805173,192.16790261267758,192.4346160888672,23251400
2020-07-29 00:00:00-04:00,192.8917981652364,194.93977934418533,192.42504240875613,194.37777709960938,19632600
2020-07-30 00:00:00-04:00,191.4630070516711,194.75884431463618,190.10086427671118,194.22540283203125,25079600
2020-07-31 00:00:00-04:00,194.70167265292434,195.36847085085128,189.5674166446083,195.28273010253906,51044000
2020-08-03 00:00:00-04:00,201.48383883595034,207.3134534584986,200.45508074936077,206.26564025878906,78983000
2020-08-04 00:00:00-04:00,204.0080808185462,204.57961789051777,200.33122914366757,203.16983032226562,49280100
2020-08-05 00:00:00-04:00,204.703465764779,204.79872680046398,201.53147967053414,202.8364715576172,28806400
2020-08-06 00:00:00-04:00,202.26492745672695,206.10371159915528,201.5124176259521,206.0846710205078,32656800
2020-08-07 00:00:00-04:00,204.65584348217192,205.46550412139865,200.92182611319922,202.39828491210938,27820400
2020-08-10 00:00:00-04:00,201.62671469191105,201.8267570415429,196.55914474048373,198.36898803710938,36716500
2020-08-11 00:00:00-04:00,197.33068710729214,197.79742831175162,193.50142377829144,193.73004150390625,36446500
2020-08-12 00:00:00-04:00,195.5494119121457,200.30265206772674,195.03504017950794,199.26437377929688,28013100
2020-08-13 00:00:00-04:00,199.50254710119373,201.32192540104853,198.27374654975077,198.7976531982422,22588900
2020-08-14 00:00:00-04:00,198.85475670041126,199.64537663008304,197.6640666620123,198.9881134033203,17958900
2020-08-17 00:00:00-04:00,199.65492961793257,201.1694839962256,199.00718662001864,200.3026580810547,20184800
2020-08-18 00:00:00-04:00,200.5408047630147,202.2839769572169,199.28344347190688,201.45526123046875,21336200
2020-08-19 00:00:00-04:00,201.94224572660374,202.5247077340246,199.80336574182783,200.23304748535156,27627600
2020-08-20 00:00:00-04:00,200.08026959141188,205.29378324171398,199.47872097132446,204.8927459716797,26981500
2020-08-21 00:00:00-04:00,204.20525755571333,206.48736005046817,203.24085940828198,203.40318298339844,36249300
2020-08-24 00:00:00-04:00,205.0932698409318,205.79032438204533,202.83981177895026,204.04293823242188,25460100
2020-08-25 00:00:00-04:00,203.4795472015141,206.83108203246027,203.4795472015141,206.69740295410156,23043700
2020-08-26 00:00:00-04:00,208.04374285673754,212.06367291034857,207.5472143423268,211.16610717773438,39600800
2020-08-27 00:00:00-04:00,212.8276114739762,220.7147078286442,209.49516257463063,216.3510284423828,57602200
2020-08-28 00:00:00-04:00,217.87876641205395,220.22771568625402,216.35100743795786,218.57582092285156,26292900
2020-08-31 00:00:00-04:00,216.75202630738926,218.37527645385566,214.1834647217213,215.348388671875,28774200
2020-09-01 00:00:00-04:00,215.3292882434317,217.18170877943533,214.29804337071027,217.0098419189453,25725500
2020-09-02 00:00:00-04:00,217.67827952359187,222.34751954776317,217.08627412946223,221.192138671875,34080800
2020-09-03 00:00:00-04:00,218.9195733210918,218.95776110393626,205.2556028872172,207.48995971679688,58400300
2020-09-04 00:00:00-04:00,205.3892844294588,208.50210600083884,195.92666935229124,204.57765197753906,59664100
2020-09-08 00:00:00-04:00,197.17753404239843,200.54817062580975,193.07165511687595,193.51089477539062,52924300
2020-09-09 00:00:00-04:00,198.22784947553285,205.14098845525137,197.3684714692086,201.75125122070312,45679000
2020-09-10 00:00:00-04:00,203.7659930391178,205.04550944722897,194.89539903060142,196.0985107421875,35461500
2020-09-11 00:00:00-04:00,197.8459033435166,199.21135322657878,192.15497713349296,194.8190155029297,33620100
2020-09-14 00:00:00-04:00,195.01949491924915,199.75556524022994,194.8189690567026,196.1366729736328,30375800
2020-09-15 00:00:00-04:00,199.0108201973697,200.30942320721906,197.58808141079317,199.3545684814453,21823900
2020-09-16 00:00:00-04:00,201.11150211344088,201.14014659025136,195.40147480702015,195.79296875,26328100
2020-09-17 00:00:00-04:00,191.01868769979,195.1054646940721,190.93275427264976,193.74957275390625,34011300
2020-09-18 00:00:00-04:00,193.6445568420673,194.4561746821562,187.3902549723177,191.34335327148438,55225300
2020-09-21 00:00:00-04:00,188.2878215402221,193.55862414931087,187.5143914784935,193.3962860107422,39839700
2020-09-22 00:00:00-04:00,195.80249637462492,198.70526273170444,192.95703353650538,198.0559539794922,33517100
2020-09-23 00:00:00-04:00,198.51430313425325,198.70528574638803,190.99960067045066,191.53431701660156,30803800
2020-09-24 00:00:00-04:00,190.82775593197994,196.28952707803427,190.2070915104246,194.0169677734375,31202500
2020-09-25 00:00:00-04:00,194.360708203797,199.60285202097856,193.39629547770284,198.4379425048828,29437300
2020-09-28 00:00:00-04:00,201.35978019848167,202.97348710410114,198.66708273160546,199.9847869873047,32004900
2020-09-29 00:00:00-04:00,199.8988712361869,200.58636790258805,197.47353172695807,197.90321350097656,24221900
2020-09-30 00:00:00-04:00,198.35198170021263,202.41011456289073,197.21570216747432,200.83460998535156,33829100
2020-10-01 00:00:00-04:00,203.85193790943092,204.32936526589785,201.77990493075555,202.86843872070312,27158400
2020-10-02 00:00:00-04:00,198.6097849842091,201.46480588853086,196.26083592410876,196.88150024414062,33154800
2020-10-05 00:00:00-04:00,197.86502514244748,200.9110144753066,197.6358547310032,200.8823699951172,21331600
2020-10-06 00:00:00-04:00,199.39279737852067,200.6913859913485,195.57337796687514,196.61416625976562,28554300
2020-10-07 00:00:00-04:00,197.71221088986192,200.62452062469237,197.38756379022215,200.35716247558594,25681100
2020-10-08 00:00:00-04:00,201.0065174153728,201.65582638078803,198.91539723937618,201.0733642578125,19925800
2020-10-09 00:00:00-04:00,201.69396323673163,206.1149453581554,201.69396323673163,206.06719970703125,26458000
2020-10-12 00:00:00-04:00,208.9126745888685,213.75379540238984,207.02206617071406,211.40484619140625,40461400
2020-10-13 00:00:00-04:00,212.66524060212126,215.04283405759003,210.47861517325316,212.79891967773438,28950800
2020-10-14 00:00:00-04:00,212.9326251853201,214.09754923309413,209.23734168865147,210.8892364501953,23421700
2020-10-15 00:00:00-04:00,207.29898225402468,210.41180364703087,206.25817945216272,209.743408203125,22733100
2020-10-16 00:00:00-04:00,210.21127772889514,212.25466641165193,209.41876106893184,209.743408203125,26057900
2020-10-19 00:00:00-04:00,210.4691242054964,212.26425615574857,204.0715990190784,204.5490264892578,27625800
2020-10-20 00:00:00-04:00,206.05767124299427,207.5567857207398,203.4700082929691,204.95957946777344,22753500
2020-10-21 00:00:00-04:00,203.49865008216514,207.12710123202376,203.49865008216514,205.10281372070312,22724900
2020-10-22 00:00:00-04:00,204.27208418481786,206.3059296091729,202.14276202063672,205.18875122070312,22351500
2020-10-23 00:00:00-04:00,205.32240845573483,206.51597685096647,203.53683479884484,206.46823120117188,18879600
2020-10-26 00:00:00-04:00,204.19567715984522,206.57325596516677,198.70526280324816,200.5958709716797,37111600
2020-10-27 00:00:00-04:00,202.03772500009524,204.9786795523544,200.8346131891416,203.62278747558594,36700300
2020-10-28 00:00:00-04:00,198.29469906700677,199.4118774599647,192.97616528668934,193.52996826171875,51195600
2020-10-29 00:00:00-04:00,194.8572097568725,197.99867537575767,194.1887997967496,195.4778594970703,31432600
2020-10-30 00:00:00-04:00,194.31295179301887,195.06728067422344,190.608110506775,193.32945251464844,36953700
2020-11-02 00:00:00-05:00,195.067262075214,196.01257348222182,191.08551968739417,193.1957550048828,30842200
2020-11-03 00:00:00-05:00,194.6853471835195,198.72437896176254,193.95010489814203,197.1106719970703,27512000
2020-11-04 00:00:00-05:00,204.358061650324,208.46394087285225,202.830287893592,206.62106323242188,42311800
2020-11-05 00:00:00-05:00,212.01599547202932,214.00209559871422,211.16617511411457,213.20956420898438,36080100
2020-11-06 00:00:00-05:00,212.2259772900204,214.2311777698571,208.18694642798204,213.6200714111328,25231900
2020-11-09 00:00:00-05:00,214.30760543386708,217.8214639696989,208.04376051699998,208.53073120117188,44395000
2020-11-10 00:00:00-05:00,204.81635040648283,206.72605996738244,200.252145721527,201.48390197753906,44045100
2020-11-11 00:00:00-05:00,202.80160436416497,208.19652799591586,202.62017962636645,206.7738037109375,29440800
2020-11-12 00:00:00-05:00,207.40399459384702,209.2182126853454,204.7781441840893,205.71389770507812,21593900
2020-11-13 00:00:00-05:00,206.59238856748885,207.6045323412355,204.49171088632605,206.73561096191406,18621100
2020-11-16 00:00:00-05:00,205.16966806985056,207.9101115453344,204.83547759620686,207.42312622070312,24953300
2020-11-17 00:00:00-05:00,206.34411364526463,207.85277130198583,204.41530300487557,204.7781524658203,24154100
2020-11-18 00:00:00-05:00,204.53880869388323,205.99399180635928,201.93480295916703,202.0784149169922,28372800
2020-11-19 00:00:00-05:00,202.3656550784978,203.94528459890913,200.97747898156575,203.36129760742188,24792700
2020-11-20 00:00:00-05:00,203.1506101097938,204.19412294789214,201.04443325445627,201.4178009033203,22843100
2020-11-23 00:00:00-05:00,201.9539699700148,203.23682175525894,199.28295679876337,201.14979553222656,25683500
2020-11-24 00:00:00-05:00,200.65198958401243,205.11326647035582,199.9531246683301,204.73989868164062,33979700
2020-11-25 00:00:00-05:00,205.93656045611112,206.10887728216528,203.39957646316228,204.7494354248047,21012900
2020-11-27 00:00:00-05:00,205.6876220804574,207.04706373012738,204.91215265746894,206.05140686035156,14512200
2020-11-30 00:00:00-05:00,204.96962217882137,205.60146510182233,201.84863688732,204.94090270996094,33064800
2020-12-01 00:00:00-05:00,205.36212481674454,208.05230344579502,204.25160461083848,206.98963928222656,30904500
2020-12-02 00:00:00-05:00,205.71637614197203,206.28121189127353,203.72507667561828,206.1854705810547,23724500
2020-12-03 00:00:00-05:00,205.4578847635359,207.15240660691688,204.53881785971507,205.10366821289062,25120900
2020-12-04 00:00:00-05:00,205.08450731483558,206.19504217699352,204.08885033218635,205.21853637695312,24666000
2020-12-07 00:00:00-05:00,205.22812516419336,206.34822842550528,203.90698559365995,205.1515350341797,24620000
2020-12-08 00:00:00-05:00,204.845190059829,207.69810302754718,203.8112452120222,206.79818725585938,23284100
2020-12-09 00:00:00-05:00,205.98445862705185,206.05146586566656,202.2029101556179,202.7677459716797,32440600
2020-12-10 00:00:00-05:00,202.73897528099698,203.99310739268265,201.38910187196254,201.5422821044922,26733300
2020-12-11 00:00:00-05:00,201.09232069066263,204.2228740744468,200.19240510079857,204.16542053222656,30979400
2020-12-14 00:00:00-05:00,204.0122872737172,206.98966090003364,203.80166807637727,205.06536865234375,28798400
2020-12-15 00:00:00-05:00,205.99399444063587,206.23333309866626,203.1889523803943,204.99835205078125,27000600
2020-12-16 00:00:00-05:00,205.59189586280007,210.72331699112576,205.56317639407263,209.9287109375,35023300
2020-12-17 00:00:00-05:00,210.49356607819405,211.47007192934876,208.6267273980989,210.06275939941406,32515800
2020-12-18 00:00:00-05:00,209.26817321777344,210.3212692956712,206.80777908388407,209.26817321777344,63354900
2020-12-21 00:00:00-05:00,208.27248885115827,214.4474228830975,208.01399902795885,213.09754943847656,37181900
2020-12-22 00:00:00-05:00,213.19329092177676,216.0079156868305,212.38911659121038,214.38998413085938,22612200
2020-12-23 00:00:00-05:00,213.59539590479994,214.0262025743925,211.38390900722848,211.5945281982422,18699600
2020-12-24 00:00:00-05:00,211.97747941450012,214.0740885793448,211.76686020838318,213.25076293945312,10550600
2020-12-28 00:00:00-05:00,214.8782558753354,216.3908780288352,213.5092456892616,215.36651611328125,17933500
2020-12-29 00:00:00-05:00,216.65892343712179,217.4918172885593,214.0453493940068,214.59103393554688,17403200
2020-12-30 00:00:00-05:00,215.62499144526328,216.00794208381058,212.02534309135797,212.22637939453125,20272300
2020-12-31 00:00:00-05:00,212.24554837160557,213.49011248709138,210.31168765702222,212.93484497070312,20942100
2021-01-04 00:00:00-05:00,213.04010180592445,213.49005960243176,205.64932368601973,208.40650939941406,37130100
2021-01-05 00:00:00-05:00,207.9948680651304,209.2011442852732,206.5013971335944,208.60757446289062,23823000
2021-01-06 00:00:00-05:00,203.12189621753,207.25767454124102,202.90170877961305,203.198486328125,35930700
2021-01-07 00:00:00-05:00,204.9121695160989,209.98615175233365,204.59625535727284,208.98092651367188,27694500
2021-01-08 00:00:00-05:00,209.35432615637777,211.17330891527592,207.7746966889817,210.25424194335938,22956200
2021-01-11 00:00:00-05:00,209.15326079150833,209.5744991531238,207.48745852732125,208.21505737304688,23031300
2021-01-12 00:00:00-05:00,207.26725958443384,207.84167815630275,204.22287913451353,205.7642059326172,23249300
2021-01-13 00:00:00-05:00,204.8930499925977,207.51619243191996,204.8068769704024,207.11410522460938,20087100
2021-01-14 00:00:00-05:00,206.70243845748877,208.1863410325463,203.66762608051243,203.93568420410156,29480800
2021-01-15 00:00:00-05:00,204.41437517914176,205.36214696231852,202.98791144832447,203.5814666748047,31746500
2021-01-19 00:00:00-05:00,204.63453750092,207.72678864400729,203.56230506672608,207.20982360839844,30480900
2021-01-20 00:00:00-05:00,208.4160998078411,216.16109525037086,208.02358090402097,214.77293395996094,37777300
2021-01-21 00:00:00-05:00,215.11759352034807,216.64936685048048,212.93482602015692,215.37608337402344,30709400
2021-01-22 00:00:00-05:00,217.39611606767164,220.2586119985924,216.17070316936838,216.31430053710938,30172700
2021-01-25 00:00:00-05:00,219.34910399221997,219.98096159958953,214.6580718096666,219.7416229248047,33152100
2021-01-26 00:00:00-05:00,221.9722376050097,224.19329267545595,220.26814758976505,222.4221954345703,49169600
2021-01-27 00:00:00-05:00,227.85041013975058,230.1863578583069,220.32560189282918,222.9678955078125,69870600
2021-01-28 00:00:00-05:00,225.56238828249317,232.29259205216945,225.06455964487364,228.7407989501953,49111200
2021-01-29 00:00:00-05:00,225.92614679568288,227.86957571864957,221.4840214563199,222.06800842285156,42503100
2021-02-01 00:00:00-05:00,225.03576910164196,232.15848963643907,222.5179218384246,229.43002319335938,33314200
2021-02-02 00:00:00-05:00,231.0096936130651,231.97661660777806,228.51099724463657,229.2960205078125,25916300
2021-02-03 00:00:00-05:00,229.35342703773466,234.63801341662528,229.0566348687711,232.63714599609375,27158100
2021-02-04 00:00:00-05:00,232.31171197270916,232.86697949222687,230.11936136908966,231.68942260742188,25296100
2021-02-05 00:00:00-05:00,231.89998106360608,232.9052062302417,230.1671717213841,231.8712615966797,18054800
2021-02-08 00:00:00-05:00,232.78077013104104,233.2881669112596,230.5405638250113,232.12977600097656,22211900
2021-02-09 00:00:00-05:00,231.55533101783197,234.3220849716953,231.08623665637043,233.3743133544922,23565000
2021-02-10 00:00:00-05:00,234.55188509696072,235.43264960639695,230.61715697080717,232.46485900878906,22186700
2021-02-11 00:00:00-05:00,234.34128610793087,234.69550267810723,231.82343853140517,234.06365966796875,15751100
2021-02-12 00:00:00-05:00,233.52751965114385,234.839105493822,232.3786969588708,234.54232788085938,16561100
2021-02-16 00:00:00-05:00,234.5806260608858,235.63372209695896,232.56060701574452,233.30734252929688,26728500
2021-02-17 00:00:00-05:00,231.5609109057121,234.4299845061486,231.19627360195776,234.32443237304688,21653500
2021-02-18 00:00:00-05:00,232.02153115942008,234.06538330037233,231.1195427268476,233.93104553222656,16925600
2021-02-19 00:00:00-05:00,233.89262609539767,233.99817822515038,230.46699168209992,231.2250518798828,25262600
2021-02-22 00:00:00-05:00,227.8186125255099,228.3079825947503,223.00161978250443,225.0262908935547,36446900
2021-02-23 00:00:00-05:00,221.01533386346114,225.33335146637455,219.4800328590724,223.83644104003906,30228700
2021-02-24 00:00:00-05:00,220.70831859965355,225.68843572381107,219.73916858564397,225.06472778320312,26339700
2021-02-25 00:00:00-05:00,222.69458880716616,225.10307807896038,218.66444150450877,219.72955322265625,39542200
2021-02-26 00:00:00-05:00,222.16686652922508,225.85157243502906,220.25733736616556,222.9824981689453,37819200
2021-03-01 00:00:00-05:00,226.36005175499895,227.86656700875446,223.7212634615181,227.35800170898438,25324000
2021-03-02 00:00:00-05:00,227.42523297605322,227.7035134807684,224.00920288060502,224.41221618652344,22812500
2021-03-03 00:00:00-05:00,222.77137159897669,224.1339445433861,218.06952053441296,218.35739135742188,34029500
2021-03-04 00:00:00-05:00,217.57053331073425,223.08800061349675,215.19081513202866,217.56092834472656,44727800
2021-03-05 00:00:00-05:00,220.23813818964663,223.83648692978852,217.30188796036578,222.23402404785156,41872800
2021-03-08 00:00:00-05:00,222.01336490407493,223.93248466540462,217.94484038075794,218.19432067871094,35267400
2021-03-09 00:00:00-05:00,223.46226882126913,225.86116808415042,222.30119513567817,224.32586669921875,33080500
2021-03-10 00:00:00-05:00,227.41562829059083,227.41562829059083,222.6562061675543,223.02084350585938,29746800
2021-03-11 00:00:00-05:00,225.45816239975122,229.4979006958795,224.8344397852493,227.5404052734375,29907600
2021-03-12 00:00:00-05:00,224.54654746853438,226.283362726676,223.79809211606153,226.2161865234375,22653700
2021-03-15 00:00:00-04:00,225.458121186163,225.67881578579735,222.4354997800782,225.31417846679688,26034900
2021-03-16 00:00:00-04:00,226.72473079014074,230.35186474160002,226.39848405501235,228.09690856933594,28092200
2021-03-17 00:00:00-04:00,226.5999721151421,228.90292372097375,223.79806010683893,227.4539794921875,29562100
2021-03-18 00:00:00-04:00,223.1552350369133,224.71932226839726,221.01542068391,221.3896484375,34833000
2021-03-19 00:00:00-04:00,221.67746433641042,223.06882283713475,220.07500155097284,221.03456115722656,46430700
2021-03-22 00:00:00-04:00,220.95780504888268,227.31967558191016,220.83305760883877,226.4464874267578,30127000
2021-03-23 00:00:00-04:00,227.88584162612725,231.3018718634521,227.48282830347065,227.97219848632812,31638400
2021-03-24 00:00:00-04:00,228.23125886724554,228.3751869519147,225.80357422770754,225.9379119873047,25620100
2021-03-25 00:00:00-04:00,225.78437942941395,227.35805660601366,222.20522617954543,222.94407653808594,34061900
2021-03-26 00:00:00-04:00,222.18603456103727,227.13736575038837,222.18603456103727,226.91665649414062,25479900
2021-03-29 00:00:00-04:00,227.02221866806568,227.22373264099474,222.50270082457934,225.72682189941406,25227500
2021-03-30 00:00:00-04:00,224.08596063121217,224.3930267427671,221.7542377436791,222.47390747070312,24792000
2021-03-31 00:00:00-04:00,223.49105597759478,229.43073293599943,222.99208082780365,226.2353973388672,43623500
2021-04-01 00:00:00-04:00,228.8261747651646,233.01944545451641,228.42316149759984,232.5492706298828,30338000
2021-04-05 00:00:00-04:00,232.94269441038907,239.85153557551078,232.88512317429942,238.99752807617188,36910600
2021-04-06 00:00:00-04:00,237.59658162885503,239.3141870764356,236.89610713655097,237.8364715576172,22931900
2021-04-07 00:00:00-04:00,237.78848433406324,240.78230588022694,237.19356201186886,239.79396057128906,22719800
2021-04-08 00:00:00-04:00,242.5478688898788,243.8624607735945,241.80900394481122,243.00845336914062,23625200
2021-04-09 00:00:00-04:00,242.64385846421894,245.63769470692742,242.2312548181653,245.50335693359375,24326800
2021-04-12 00:00:00-04:00,244.40942924919764,247.24973207374578,244.32305775852038,245.56089782714844,27148700
2021-04-13 00:00:00-04:00,246.8563508242673,248.7082941150064,246.44371787607142,248.03659057617188,23837500
2021-04-14 00:00:00-04:00,247.06738087814637,248.36276272541812,244.84119589773917,245.25379943847656,23070900
2021-04-15 00:00:00-04:00,247.4991912440341,249.41831037148776,247.30729690134913,249.00570678710938,25627500
2021-04-16 00:00:00-04:00,248.97694169506377,250.44506677724812,247.18256984833138,250.19557189941406,24878600
2021-04-19 00:00:00-04:00,249.66786265864081,250.90570297994432,247.39371065484556,248.2764892578125,23209300
2021-04-20 00:00:00-04:00,247.39364839202,249.67740478959612,246.45326949789063,247.81585693359375,19722900
2021-04-21 00:00:00-04:00,248.4683602197952,250.1379845198546,246.84670218540677,250.04202270507812,24030400
2021-04-22 00:00:00-04:00,249.6869831956242,251.19349872251507,245.30180365019515,246.7699432373047,25606200
2021-04-23 00:00:00-04:00,247.4512097025957,250.9344153892346,246.86586317747359,250.58895874023438,21462600
2021-04-26 00:00:00-04:00,251.0783298286712,251.826785030205,249.64859561529482,250.97276306152344,19763300
2021-04-27 00:00:00-04:00,251.00158168291068,252.54648783182677,249.60063289753063,251.37582397460938,31014200
2021-04-28 00:00:00-04:00,245.72400771033827,246.1654262072266,242.72059614037644,244.26548767089844,46903100
2021-04-29 00:00:00-04:00,245.12908267315444,245.7432001834214,238.93032169994916,242.29837036132812,40589000
2021-04-30 00:00:00-04:00,239.64040697084403,242.84533234959014,239.5060692196905,241.98171997070312,30945100
2021-05-03 00:00:00-04:00,243.1523979660195,244.06399130382755,240.96460323871534,241.6746826171875,19626600
2021-05-04 00:00:00-04:00,240.82064814733633,241.0509476976474,235.82133672532257,237.7692413330078,32756100
2021-05-05 00:00:00-04:00,238.98791087136092,239.41011943668963,235.87894714797247,236.50265502929688,21901300
2021-05-06 00:00:00-04:00,236.48345929785845,239.75556103135267,234.79463968140215,239.6308135986328,26491100
2021-05-07 00:00:00-04:00,241.9529209858051,244.01598268660447,241.01255677969283,242.25039672851562,27032900
2021-05-10 00:00:00-04:00,240.72472211515404,241.54994399092692,237.126373466444,237.18394470214844,29299900
2021-05-11 00:00:00-04:00,234.66028588552803,236.62738584949687,232.76036211665323,236.2723388671875,33641600
2021-05-12 00:00:00-04:00,232.37653406692775,234.49716711113675,228.44234870372256,229.33473205566406,36684400
2021-05-13 00:00:00-04:00,232.0215127667873,235.66784215247608,231.6568754357032,233.20176696777344,29624300
2021-05-14 00:00:00-04:00,235.64867004930946,239.10307614273847,235.56231319136046,238.11473083496094,23901100
2021-05-17 00:00:00-04:00,236.57942289581203,236.6177988375516,233.67195847192968,235.2648162841797,24970200
2021-05-18 00:00:00-04:00,236.31072249373375,236.44506023825218,233.07699701786404,233.24972534179688,20168000
2021-05-19 00:00:00-04:00,230.16243607762956,233.93259335141164,229.47958385849037,233.82679748535156,25739800
2021-05-20 00:00:00-04:00,234.63470174976987,238.47217569165701,234.53851835238595,237.05836486816406,21800700
2021-05-21 00:00:00-04:00,238.10670075398016,238.83764464564823,235.3848750918042,235.79843139648438,21863100
2021-05-24 00:00:00-04:00,238.31830198996036,241.55949482361876,238.04900607225056,241.1940155029297,21411500
2021-05-25 00:00:00-04:00,242.14619045877527,243.08872621785105,241.2325067869294,242.0980987548828,17704300
2021-05-26 00:00:00-04:00,241.81915798529013,243.27144808873797,241.16515782189026,241.8768768310547,17771600
2021-05-27 00:00:00-04:00,241.5690844118336,241.86723238709067,239.72247771865466,239.78018188476562,24426200
2021-05-28 00:00:00-04:00,241.40558245087644,242.44430145913847,240.02062377319373,240.1360321044922,18270200
2021-06-01 00:00:00-04:00,241.62680800038572,241.68451217113508,237.5200379764385,237.94320678710938,23213300
2021-06-02 00:00:00-04:00,238.64532119633685,239.7417445032834,236.4428474366505,237.8470458984375,19406700
2021-06-03 00:00:00-04:00,235.846550117456,236.9237338024007,233.71140768799265,236.3178253173828,25307700
2021-06-04 00:00:00-04:00,238.28942031547314,242.0307252885861,238.04897651340795,241.20359802246094,25281100
2021-06-07 00:00:00-04:00,240.42458368050268,244.37748072250199,240.2610836417249,244.10818481445312,23079200
2021-06-08 00:00:00-04:00,245.40658282034158,246.22409767473246,242.85786953493397,242.91558837890625,22455000
2021-06-09 00:00:00-04:00,244.10819819545324,245.76245296444787,243.531141793228,243.8966064453125,17937600
2021-06-10 00:00:00-04:00,244.56985479894277,247.61868099093334,243.973558759814,247.40708923339844,24563600
2021-06-11 00:00:00-04:00,248.12839586874716,248.609283510247,246.80114128203925,248.03224182128906,18999700
2021-06-14 00:00:00-04:00,248.0418879198391,250.0135452445864,246.98392903229885,249.95584106445312,19150500
2021-06-15 00:00:00-04:00,249.84035962759822,250.05195136807478,247.83025276859738,248.4842529296875,18038900
2021-06-16 00:00:00-04:00,249.48453909560968,250.6194270515861,244.69490159361732,247.54176330566406,27220000
2021-06-17 00:00:00-04:00,246.28180801711895,251.74468467468952,246.22410384722616,250.9271697998047,27565500
2021-06-18 00:00:00-04:00,249.70574877610207,252.27367262643241,248.85938173817627,249.5133819580078,37202200
2021-06-21 00:00:00-04:00,249.8884629766057,253.44701394017824,248.06109579519787,252.59104919433594,26696100
2021-06-22 00:00:00-04:00,252.67761578477896,255.63027309111683,252.36984063503186,255.36097717285156,24694100
2021-06-23 00:00:00-04:00,255.82260635317851,256.6304940947321,254.32223921157143,255.130126953125,19518700
2021-06-24 00:00:00-04:00,255.9860794323836,257.61148179657937,255.3224522256505,256.4958190917969,21446900
2021-06-25 00:00:00-04:00,256.05338688479475,257.03438688764334,254.63957636098738,254.88961791992188,25611100
2021-06-28 00:00:00-04:00,256.0149822485252,258.6213852234761,255.74568632511017,258.4482727050781,19590000
2021-06-29 00:00:00-04:00,258.59252746788644,261.26626170283777,257.7365626894256,261.02581787109375,19937800
2021-06-30 00:00:00-04:00,260.34298777501124,260.98736086236244,259.29465610147,260.5449523925781,21656500
2021-07-01 00:00:00-04:00,259.30430829486346,261.4490784729625,259.29471049747946,261.21826171875,16725300
2021-07-02 00:00:00-04:00,262.39150416203586,267.373492407976,262.0837290689693,267.036865234375,26458000
2021-07-06 00:00:00-04:00,267.4023914794495,268.69116688821424,263.8149589636492,267.0465393066406,31565600
2021-07-07 00:00:00-04:00,268.71999662413555,269.9606949040537,266.55600233060557,269.229736328125,23260000
2021-07-08 00:00:00-04:00,266.31559288844903,268.0756582442465,264.36319007014714,266.81573486328125,24618600
2021-07-09 00:00:00-04:00,265.1806538246266,267.42157707974224,264.79594962280595,267.3157958984375,23916700
2021-07-12 00:00:00-04:00,268.48923727475227,269.075906208845,266.00784018519494,266.7195739746094,18931700
2021-07-13 00:00:00-04:00,266.9118604799698,272.03813906947397,266.7868543506358,270.2396240234375,26120100
2021-07-14 00:00:00-04:00,271.5572940522361,272.8172174966731,269.82608069615287,271.711181640625,23113700
2021-07-15 00:00:00-04:00,271.22061234748406,271.71112710257626,269.1335472032558,270.2876892089844,22604200
2021-07-16 00:00:00-04:00,271.28801379910107,273.24041682866897,268.7777645604806,270.0184631347656,26186800
2021-07-19 00:00:00-04:00,268.2679788683728,269.65293765611636,263.9592442852176,266.42138671875,32935600
2021-07-20 00:00:00-04:00,267.40239850810826,270.2300203759046,265.70006671057956,268.6430969238281,26259700
2021-07-21 00:00:00-04:00,268.2391770091446,270.7590240847354,266.6907325661512,270.64361572265625,24364300
2021-07-22 00:00:00-04:00,272.9903220968104,275.4717190297968,272.5863928711976,275.2024230957031,23384100
2021-07-23 00:00:00-04:00,276.38540254707505,278.9052494950487,275.5486626133189,278.5975036621094,22768100
2021-07-26 00:00:00-04:00,277.9530521274675,278.6166794096968,275.68327658614254,278.0011291503906,23176100
2021-07-27 00:00:00-04:00,278.36664329219724,278.5109037300761,272.13435756738795,275.5871276855469,33604100
2021-07-28 00:00:00-04:00,277.94340359284985,279.0590663386957,272.98064007555604,275.279296875,33566900
2021-07-29 00:00:00-04:00,275.29857402961915,277.5876041189694,275.1446864474467,275.54864501953125,18168300
2021-07-30 00:00:00-04:00,274.26951069995624,275.7025466900229,273.0576642728328,274.0194396972656,20944800
2021-08-02 00:00:00-04:00,275.41400491206474,275.8083363703218,272.8941579188168,273.9328918457031,16267400
2021-08-03 00:00:00-04:00,274.5098668548125,276.25067746879176,273.14413327398177,276.1448669433594,17879000
2021-08-04 00:00:00-04:00,275.2793654804813,276.59699312691515,273.7693710071133,275.55828857421875,16191300
2021-08-05 00:00:00-04:00,275.9141446379062,278.5590271143416,275.16396096408687,278.4532165527344,13900200
2021-08-06 00:00:00-04:00,277.481777929583,278.4339260044122,276.62578389584934,278.39544677734375,16589300
2021-08-09 00:00:00-04:00,278.67441927108996,280.40560323278316,276.808572666281,277.3086853027344,16117600
2021-08-10 00:00:00-04:00,277.7607428078615,278.193553507934,274.29837461151317,275.490966796875,18616600
2021-08-11 00:00:00-04:00,276.23145639673766,277.6260422247308,274.93305396223553,275.9814147949219,13955900
2021-08-12 00:00:00-04:00,275.6736478943844,278.88597374560374,275.3947248502605,278.7320861816406,14561300
2021-08-13 00:00:00-04:00,278.4146456064741,281.7038997648772,278.24150379468085,281.65582275390625,18249000
2021-08-16 00:00:00-04:00,281.98291302988906,283.55061152329273,278.93407230117066,283.3390197753906,22507600
2021-08-17 00:00:00-04:00,281.21350772659866,282.2137329544662,279.9535550193779,281.8771057128906,20075300
2021-08-18 00:00:00-04:00,281.41455687924235,284.0934094395426,279.7089369385495,280.1522216796875,21813000
2021-08-19 00:00:00-04:00,278.18640498122255,286.646955313747,278.1382359268691,285.972412109375,29850500
2021-08-20 00:00:00-04:00,288.8151504653693,294.7124789833826,287.21554348054167,293.28631591796875,40817600
2021-08-23 00:00:00-04:00,292.21676889613116,294.28853895244464,290.8677113762467,293.5658264160156,22830200
2021-08-24 00:00:00-04:00,293.92232360780326,294.5294067686128,291.0122120736746,291.6096496582031,18175800
2021-08-25 00:00:00-04:00,293.228511364618,293.50796840478165,289.4897037639269,291.0218505859375,20006100
2021-08-26 00:00:00-04:00,290.0389651127222,291.42657543670686,288.07320832644916,288.2080993652344,17666100
2021-08-27 00:00:00-04:00,288.11173480081567,289.92333882072455,286.0303192932978,288.815185546875,22605700
2021-08-30 00:00:00-04:00,290.1642080093696,293.15142516677145,290.10639336951124,292.5443420410156,16348100
2021-08-31 00:00:00-04:00,293.34420103292587,293.4212774277083,290.53042740378993,290.8966064453125,26285300
2021-09-01 00:00:00-04:00,291.8505888037755,294.0861866329376,290.5207930363041,290.8484191894531,18983800
2021-09-02 00:00:00-04:00,291.20496087003505,292.3227302959744,289.2584364332611,290.1931457519531,16285600
2021-09-03 00:00:00-04:00,290.03893618886394,291.59037412727884,289.33551492747904,290.1835021972656,14747900
2021-09-07 00:00:00-04:00,290.05824109463697,290.13531748316177,287.3504808113143,289.2584228515625,17180400
2021-09-08 00:00:00-04:00,288.873035877343,289.6728248620788,286.6470834777918,289.2873840332031,15046800
2021-09-09 00:00:00-04:00,289.87511543646343,291.1470962428215,286.1940934395369,286.43499755859375,19927000
2021-09-10 00:00:00-04:00,287.56250269932383,289.0079277198995,284.6330997569278,284.9510803222656,19633400
2021-09-13 00:00:00-04:00,286.7241322672505,287.67813278036044,283.3803812009098,286.18450927734375,23652900
2021-09-14 00:00:00-04:00,288.6609260010995,290.42436047852436,287.25405429322365,288.882568359375,21853400
2021-09-15 00:00:00-04:00,292.2263443776221,294.211391982283,290.8387342879429,293.7295837402344,28356300
2021-09-16 00:00:00-04:00,292.70820968009997,294.20180375871473,289.81735966426726,294.1150817871094,19550800
2021-09-17 00:00:00-04:00,293.1032240780458,293.42120456252405,288.63202970257026,288.95965576171875,41372500
2021-09-20 00:00:00-04:00,285.5484866618961,287.8515443910694,278.98626014030367,283.59234619140625,38278700
2021-09-21 00:00:00-04:00,284.9317293722103,286.7144255542644,283.37067554386437,284.0740966796875,22364100
2021-09-22 00:00:00-04:00,285.9339163666204,289.29692832647936,283.79468669698116,287.7165832519531,26626300
2021-09-23 00:00:00-04:00,287.9767902418922,289.9521922582794,286.70480943359127,288.66094970703125,18604600
2021-09-24 00:00:00-04:00,287.3793723405542,288.8922279642704,286.1266531897196,288.4586181640625,14999000
2021-09-27 00:00:00-04:00,285.36539716620223,285.6833776639269,282.28181268174734,283.4670715332031,23571700
2021-09-28 00:00:00-04:00,279.2560390156346,280.20039373530875,272.4625547192188,273.20452880859375,43186200
2021-09-29 00:00:00-04:00,274.7271290344914,276.3363524670483,272.713173645824,273.6671447753906,26353700
2021-09-30 00:00:00-04:00,275.3148971070343,277.3577596425143,271.3737086480666,271.6628112792969,32343600
2021-10-01 00:00:00-04:00,271.8554890446492,279.42953021502547,271.05570026891905,278.58154296875,30086300
2021-10-04 00:00:00-04:00,276.94337118609593,277.2806428364156,270.05351921774275,272.8094482421875,31350700
2021-10-05 00:00:00-04:00,273.7152814419423,279.83425268811834,273.7152814419423,278.2539367675781,24993000
2021-10-06 00:00:00-04:00,275.382351437471,282.9467476472076,275.12218554145016,282.4456481933594,28002600
2021-10-07 00:00:00-04:00,284.4402643887922,285.8471654194184,283.22612779643686,284.1222839355469,20430500
2021-10-08 00:00:00-04:00,285.44243361714194,285.8471654194184,283.0719456530571,284.1222839355469,17685700
2021-10-11 00:00:00-04:00,282.26256704142725,287.1288187573514,282.0987392920623,283.52490234375,19298600
2021-10-12 00:00:00-04:00,284.5944873273196,284.69085485665033,281.71328346594987,282.2239990234375,17974100
2021-10-13 00:00:00-04:00,284.18014809161934,286.46391451193523,282.81179971016536,285.5292053222656,23416300
2021-10-14 00:00:00-04:00,288.323743494712,292.23602492950124,286.99394774852544,291.7349548339844,27262900
2021-10-15 00:00:00-04:00,291.3397657509714,293.3730115553381,289.58597692406954,293.1417236328125,25384800
2021-10-18 00:00:00-04:00,292.52505628022925,296.99622136989956,291.67706908893643,296.1097106933594,22729300
2021-10-19 00:00:00-04:00,297.13119325509496,298.0466114077476,296.0423017598198,297.01556396484375,17682100
2021-10-20 00:00:00-04:00,297.9599010679799,298.4320932312607,294.97268352184886,296.22540283203125,16537100
2021-10-21 00:00:00-04:00,295.99411129385413,299.70401151928974,295.2135548265935,299.4534912109375,16918100
2021-10-22 00:00:00-04:00,299.10658782442397,299.77148563337295,296.6011787740469,297.9117126464844,17449300
2021-10-25 00:00:00-04:00,298.1044496970303,298.1430025992538,295.30996713441385,296.9192199707031,17554500
2021-10-26 00:00:00-04:00,299.6846895652335,301.0337465950121,297.37201617029336,298.8270568847656,28107300
2021-10-27 00:00:00-04:00,304.502903074563,314.2354384530165,304.502903074563,311.41204833984375,52588700
2021-10-28 00:00:00-04:00,312.5297505959251,313.0501117800628,309.667808194034,312.5490417480469,26297900
2021-10-29 00:00:00-04:00,312.33708575518085,319.92074448093985,312.1154433275155,319.5545654296875,34766000
2021-11-01 00:00:00-04:00,319.30397060914856,319.429245467658,314.4955333639382,317.3863830566406,27073200
2021-11-02 00:00:00-04:00,318.292176820312,321.3179468699199,317.9934580456365,321.00958251953125,26487100
2021-11-03 00:00:00-04:00,321.7515938792344,322.7152105302098,318.6198397635644,321.84796142578125,21500100
2021-11-04 00:00:00-04:00,320.77827029949265,324.29546419896866,317.52124223556143,324.1990966796875,23992200
2021-11-05 00:00:00-04:00,326.1938496188393,326.4636610780947,322.2526614356384,323.8329772949219,22570100
2021-11-08 00:00:00-05:00,325.0278447491498,325.36511641707693,322.2719155808302,324.7291259765625,20897000
2021-11-09 00:00:00-05:00,324.8447590588509,326.39619698658385,322.3586413143152,323.72698974609375,21307400
2021-11-10 00:00:00-05:00,322.39716561372114,322.45498024865833,317.91635496264894,318.7643127441406,25500900
2021-11-11 00:00:00-05:00,319.198052802581,321.6263564591786,318.48498580814953,320.3351135253906,16849800
2021-11-12 00:00:00-05:00,321.7708793286239,324.96044803422893,321.6456044610585,324.468994140625,23831000
2021-11-15 00:00:00-05:00,325.25910770260543,325.5867337696935,321.87680452226203,323.84259033203125,16723000
2021-11-16 00:00:00-05:00,323.4668329496531,328.2753000737165,323.3030345857247,327.1575012207031,20886800
2021-11-17 00:00:00-05:00,327.20566384465644,330.3431465844784,326.2982049414864,327.3794250488281,19053400
2021-11-18 00:00:00-05:00,326.472089004235,330.5942790410435,325.44878891319365,329.4551086425781,22463500
2021-11-19 00:00:00-05:00,330.77765366688135,333.15247904268057,330.3528843201797,331.2313537597656,21963400
2021-11-22 00:00:00-05:00,332.6890561129603,337.5642399354129,327.7945753077866,328.06488037109375,31031100
2021-11-23 00:00:00-05:00,325.381155553639,327.69808997134413,322.0119904551096,325.9893493652344,30427600
2021-11-24 00:00:00-05:00,324.6378523117165,326.4527706824411,322.34990736219254,326.21142578125,21661300
2021-11-26 00:00:00-05:00,322.77463147147154,326.23067700890783,316.7603067714065,318.26629638671875,24217200
2021-11-29 00:00:00-05:00,323.34421428483876,327.29261293135295,323.1511265991085,324.9757080078125,28563500
2021-11-30 00:00:00-05:00,323.7110925111013,326.0859180631041,317.6002231832655,319.14483642578125,42885600
2021-12-01 00:00:00-05:00,323.5276191928272,327.53393801069564,317.9863505876279,318.6524353027344,33337600
2021-12-02 00:00:00-05:00,318.86477960423474,321.94434201116263,316.4513312891526,318.08282470703125,30766000
2021-12-03 00:00:00-05:00,320.4962976310111,321.1817382170732,307.01960945389317,311.82720947265625,41779300
2021-12-06 00:00:00-05:00,312.73471501105405,316.11354341449044,308.1781223856923,314.89715576171875,30032600
2021-12-07 00:00:00-05:00,320.1584165809555,324.17436868608456,318.6717241569849,323.3248596191406,31021900
2021-12-08 00:00:00-05:00,323.70142498514247,323.8848494624371,319.3475536468009,323.3731994628906,24761000
2021-12-09 00:00:00-05:00,322.832576975175,324.84055346464856,320.62184956942644,321.56793212890625,22214200
2021-12-10 00:00:00-05:00,323.38282488539363,331.1251576149035,323.1994004295398,330.68109130859375,38095700
2021-12-13 00:00:00-05:00,328.8854954268182,331.88784112335867,327.3408822668036,327.6498107910156,28899400
2021-12-14 00:00:00-05:00,321.68377419361184,323.05462611476247,312.8891511907512,316.97271728515625,44438700
2021-12-15 00:00:00-05:00,317.23327921657545,323.585491540492,313.2655844150515,323.0641784667969,35381100
2021-12-16 00:00:00-05:00,324.08757603047445,325.10124228323565,311.83690659632845,313.6518249511719,35034800
2021-12-17 00:00:00-05:00,309.7709825901244,313.67112406852533,306.2666502470529,312.5898742675781,47750300
2021-12-20 00:00:00-05:00,308.9696409594906,311.62443410133017,306.5755190902784,308.8345031738281,28326500
2021-12-21 00:00:00-05:00,312.09752764718075,316.38381472096694,308.7283333654757,315.95904541015625,24740600
2021-12-22 00:00:00-05:00,316.9340160008676,322.06017778513547,314.47231054235743,321.6643981933594,24831500
2021-12-23 00:00:00-05:00,321.23000578456225,324.74400105600773,321.2107088019103,323.10284423828125,19617800
2021-12-27 00:00:00-05:00,323.8462152014172,330.6231984892731,323.8172549933941,330.59423828125,19947000
2021-12-28 00:00:00-05:00,331.2699756899296,331.90712970709734,328.53796461701063,329.4357604980469,15661500
2021-12-29 00:00:00-05:00,329.48402148531875,332.38016007251247,327.9201113620014,330.1115417480469,15042000
2021-12-30 00:00:00-05:00,330.072869357275,331.250633386475,327.0898505902694,327.5725402832031,15994500
2021-12-31 00:00:00-05:00,326.7906054612649,327.6111544209489,324.2226926014007,324.6764221191406,18000800
2022-01-03 00:00:00-05:00,323.7399695838111,326.2982189585862,318.36279955576714,323.1607360839844,28865100
2022-01-04 00:00:00-05:00,323.2379929252775,323.5952080741863,314.82954604404773,317.6195068359375,32674300
2022-01-05 00:00:00-05:00,314.5785047925629,314.78125567055275,305.0405814422899,305.4267272949219,40054300
2022-01-06 00:00:00-05:00,302.30856806148427,307.66644167118665,300.7060346434731,303.0133056640625,39646100
2022-01-07 00:00:00-05:00,303.27393271968896,305.54258020265945,299.35449471125537,303.1677551269531,32720000
2022-01-10 00:00:00-05:00,298.77528825214137,303.82423357931884,294.1414784951119,303.3898010253906,44289500
2022-01-11 00:00:00-05:00,302.53058247531004,305.6487388904273,299.1614180041006,304.0751953125,29386800
2022-01-12 00:00:00-05:00,308.602867078053,312.21337685592107,306.1025083336208,307.2513122558594,34372200
2022-01-13 00:00:00-05:00,309.37515937724777,309.7709684945666,293.4753583562799,294.2476501464844,45366000
2022-01-14 00:00:00-05:00,293.7166743042593,300.05922385700916,293.2339846176459,299.460693359375,39846400
2022-01-18 00:00:00-05:00,293.5429710843101,299.0745771307378,291.2936202020948,292.172119140625,42333200
2022-01-19 00:00:00-05:00,295.68603516166604,303.04222074165364,292.2203269969151,292.8284912109375,45933900
2022-01-20 00:00:00-05:00,298.36989546394483,300.86056199781444,290.7144419109229,291.15850830078125,35380700
2022-01-21 00:00:00-05:00,292.2106800557735,293.58150224513423,285.37577770702404,285.78125,57984400
2022-01-24 00:00:00-05:00,282.0839415201582,286.8239296088177,266.49303682458367,286.10955810546875,85731500
2022-01-25 00:00:00-05:00,281.4273871708722,284.77725480885573,275.2972516566814,278.5022888183594,72848600
2022-01-26 00:00:00-05:00,297.32716040257384,297.8195132718196,282.88509436140055,286.43768310546875,90428900
2022-01-27 00:00:00-05:00,292.1817275159188,296.66107253209896,287.615472429576,289.4593505859375,53481300
2022-01-28 00:00:00-05:00,289.83586478628683,297.80024475160536,284.2559730920568,297.5878601074219,49743700
2022-01-31 00:00:00-05:00,298.25405611410014,301.56530125918164,295.7633601067022,300.2137756347656,46444500
2022-02-01 00:00:00-05:00,299.66345745868625,299.875842129487,294.5662548205134,298.0705871582031,40950400
2022-02-02 00:00:00-05:00,298.9104887522053,304.2104133019044,298.1864540558619,302.6078796386719,36636000
2022-02-03 00:00:00-05:00,298.7752738080084,300.4550540690847,289.57520891247447,290.820556640625,43730000
2022-02-04 00:00:00-05:00,289.8166003905514,298.10920758842764,289.584918714947,295.3482360839844,35096500
2022-02-07 00:00:00-05:00,295.57022651592763,297.18239363022644,289.5172787684884,290.53094482421875,28533300
2022-02-08 00:00:00-05:00,290.82058728101566,294.98137075377906,289.5656056597399,294.0159912109375,32421200
2022-02-09 00:00:00-05:00,299.14209466836076,301.1307737737914,296.74797273384456,300.4356994628906,31284700
2022-02-10 00:00:00-05:00,293.5140327543915,298.4181483420068,290.2896683057425,291.9114990234375,45386200
2022-02-11 00:00:00-05:00,292.69342951887205,293.7553529211515,284.03397373558494,284.8255920410156,39175600
2022-02-14 00:00:00-05:00,283.59952937825824,286.48603416022104,281.26332745127445,284.7869567871094,36359500
2022-02-15 00:00:00-05:00,289.62349961792046,290.3861281751453,286.7369950149994,290.06756591796875,27058300
2022-02-16 00:00:00-05:00,288.635864710569,291.0543038082839,284.09887060149885,289.72900390625,29982100
2022-02-17 00:00:00-05:00,286.6914169855192,287.1170646088115,280.53892237568306,281.2451171875,32461600
2022-02-18 00:00:00-05:00,283.4894271936835,284.2729991216109,276.9693246500047,278.5364685058594,34264000
2022-02-22 00:00:00-05:00,275.70201990685416,282.02866399823324,275.2183321526316,278.3332824707031,41736100
2022-02-23 00:00:00-05:00,280.71306989618563,282.18349983515145,270.9619359564501,271.1263732910156,37811200
2022-02-24 00:00:00-05:00,263.61954581271243,285.53059821327315,262.6618238516017,284.97918701171875,56989700
2022-02-25 00:00:00-05:00,285.5112545529005,287.92001039879176,282.135093565402,287.6104431152344,32546700
2022-02-28 00:00:00-05:00,284.7083518645938,289.3807932241622,283.4410920061188,289.0422058105469,34627500
2022-03-01 00:00:00-05:00,286.7301918975132,290.183730717444,282.6188445943482,285.3275146484375,31217800
2022-03-02 00:00:00-05:00,285.72410373736466,291.63478526029775,284.11828587959104,290.39654541015625,31873000
2022-03-03 00:00:00-05:00,293.0084173965025,293.2405780996094,284.4567908872236,286.26580810546875,27314500
2022-03-04 00:00:00-05:00,284.6889691786735,286.0142690066233,277.80125973691753,280.4034729003906,32356500
2022-03-07 00:00:00-05:00,279.1169100246889,280.23906938127266,269.4431530078945,269.8107604980469,43157200
2022-03-08 00:00:00-05:00,268.7369507911687,274.695988493688,261.19143233256847,266.8505859375,48159500
2022-03-09 00:00:00-05:00,274.192941941818,280.1519791699358,271.6197193077244,279.0878601074219,35204500
2022-03-10 00:00:00-05:00,273.7866342304661,277.2498554429739,271.42623538275626,276.2727966308594,30628000
2022-03-11 00:00:00-05:00,278.5655013687833,280.06495143344847,270.31378773793114,270.93292236328125,27209300
2022-03-14 00:00:00-04:00,271.19411574307355,276.08903470394495,266.821587956301,267.4213562011719,30660700
2022-03-15 00:00:00-04:00,271.20371896326867,278.4300149062294,269.6365754251253,277.7818603515625,34245100
2022-03-16 00:00:00-04:00,279.67793426336954,284.95982608211176,273.96077067732267,284.78570556640625,37826300
2022-03-17 00:00:00-04:00,283.7215952422282,285.9658841758017,279.92946993729333,285.588623046875,30816600
2022-03-18 00:00:00-04:00,285.7337136336589,291.1800427447232,283.17985751382827,290.6286315917969,43390600
2022-03-21 00:00:00-04:00,289.1389046674614,290.3481241566419,285.27905598306444,289.40008544921875,28351200
2022-03-22 00:00:00-04:00,290.0191685986224,295.0495331029309,289.0227729955793,294.14019775390625,27599700
2022-03-23 00:00:00-04:00,290.7060719110069,293.3373349131294,288.0070855267432,289.7193298339844,25715400
2022-03-24 00:00:00-04:00,289.380749871962,294.2756680245102,288.58749479820733,294.1789245605469,24484500
2022-03-25 00:00:00-04:00,295.2720634104139,295.533244193088,289.52585001590114,293.7726135253906,22566500
2022-03-28 00:00:00-04:00,294.4014214022609,300.6603430987499,294.4014214022609,300.5636291503906,29578200
2022-03-29 00:00:00-04:00,303.6688707174927,305.5165616109736,298.9674100649689,305.11993408203125,30393400
2022-03-30 00:00:00-04:00,303.5237389507756,305.642293606047,301.4148379753387,303.6204528808594,28163600
2022-03-31 00:00:00-04:00,303.6591822316137,304.8587480003614,297.8452751937795,298.2515563964844,33422100
2022-04-01 00:00:00-04:00,299.27699192361627,300.01220684451596,295.57195627521304,299.32537841796875,27110500
2022-04-04 00:00:00-04:00,299.9734775453708,304.8296921264754,299.605870116793,304.69427490234375,24289600
2022-04-05 00:00:00-04:00,303.0496520148443,304.5974584115524,299.76058187305927,300.7376403808594,23156700
2022-04-06 00:00:00-04:00,295.23337365440614,296.98432119939486,287.03001760705087,289.72900390625,40110400
2022-04-07 00:00:00-04:00,286.9816333071018,293.7435789334034,286.6817492492974,291.5379638671875,31411200
2022-04-08 00:00:00-04:00,290.63841169479065,291.2962202077955,286.6141244921044,287.2816162109375,24361900
2022-04-11 00:00:00-04:00,282.2705132557711,283.06373875112814,275.7020251620772,275.95355224609375,34569300
2022-04-12 00:00:00-04:00,279.80365862610836,281.2547217643662,271.33912365293753,272.85791015625,30966700
2022-04-13 00:00:00-04:00,273.50609081671024,279.1652139791266,272.12272138935975,278.2365417480469,21907200
2022-04-14 00:00:00-04:00,278.69118355991185,278.9040073349883,270.20731168273284,270.7006530761719,28221600
2022-04-18 00:00:00-04:00,269.81073402373755,273.2449056189471,269.25932284261444,271.3681945800781,20778000
2022-04-19 00:00:00-04:00,270.2654313652648,276.8339207213191,269.3270757429713,275.9922790527344,22297700
2022-04-20 00:00:00-04:00,279.95849984253823,280.24873024308215,276.05997725645005,277.0176696777344,22906700
2022-04-21 00:00:00-04:00,279.1652405373938,283.73125459736195,270.9232109682988,271.64874267578125,29454600
2022-04-22 00:00:00-04:00,272.4904155001635,273.9608456492988,264.46120795557385,265.0899963378906,29405800
2022-04-25 00:00:00-04:00,264.37414191731386,271.93899827293535,261.93633599555227,271.5617370605469,35678900
2022-04-26 00:00:00-04:00,268.4467917071966,269.2787207469881,261.1914730124075,261.404296875,46518400
2022-04-27 00:00:00-04:00,272.896616257244,281.47723164656276,270.05253011513526,273.9800720214844,63477700
2022-04-28 00:00:00-04:00,275.88581968028956,281.48693206044686,272.2774984573496,280.18096923828125,33646600
2022-04-29 00:00:00-04:00,279.1942245202134,280.4228102800614,267.47932156887543,268.4660339355469,37073900
2022-05-02 00:00:00-04:00,268.64986271938767,275.64399875590436,267.2084825593842,275.1893310546875,35151100
2022-05-03 00:00:00-04:00,274.6959996581533,274.8604665193033,271.0103005471974,272.5871276855469,25978600
2022-05-04 00:00:00-04:00,273.37070203873003,281.3902550491014,267.7018944721031,280.5196228027344,33599300
2022-05-05 00:00:00-04:00,276.22450731739383,277.0080793908521,265.3898860340184,268.30169677734375,43260400
2022-05-06 00:00:00-04:00,265.84443636998407,270.13958558945643,262.4199191226848,265.7670593261719,37780300
2022-05-09 00:00:00-04:00,261.24944034580705,263.47439231628505,254.72933854404118,255.94821166992188,47726000
2022-05-10 00:00:00-04:00,262.82625738724875,264.819048596667,256.4222361684426,260.70770263671875,39336400
2022-05-11 00:00:00-04:00,257.01233937048545,262.5070256300987,250.84047838986658,252.04969787597656,48975900
2022-05-12 00:00:00-04:00,249.28301874671405,251.40157365565182,241.86324972493676,247.0193634033203,51033800
2022-05-13 00:00:00-04:00,248.95412449484758,254.4584941959466,247.0193732332159,252.6011199951172,34925100
2022-05-16 00:00:00-04:00,251.47901346749958,257.1478512045174,247.43538956782544,252.96878051757812,32550900
2022-05-17 00:00:00-04:00,257.4283458213499,259.57592116021584,253.89743024977278,258.1152038574219,28828800
2022-05-18 00:00:00-04:00,255.01236815888072,255.5941513427868,245.0930699203447,246.36328125,31356000
2022-05-19 00:00:00-04:00,246.1887405470746,249.8442599742027,244.23010107031448,245.4518280029297,32692300
2022-05-20 00:00:00-04:00,249.42729026419417,250.68782539404745,238.9553115969885,244.88943481445312,39199300
2022-05-23 00:00:00-04:00,247.7304758561138,253.55793981579862,245.73302803213778,252.73374938964844,33175400
2022-05-24 00:00:00-04:00,250.05760735374935,253.39310349464947,245.8009223450929,251.73504638671875,29043900
2022-05-25 00:00:00-04:00,250.30000184980992,256.54438432821877,249.32066725672652,254.5469512939453,28547900
2022-05-26 00:00:00-04:00,254.3045527743794,258.9975529486111,253.4900680754524,257.8243103027344,25002100
2022-05-27 00:00:00-04:00,260.32590258710013,265.0382834774228,259.4338312366583,264.9413146972656,26910800
2022-05-31 00:00:00-04:00,264.25290403889915,266.4248628217989,260.76223485872504,263.6129455566406,37827700
2022-06-01 00:00:00-04:00,266.84186825760014,269.25623459703166,261.8385798988137,264.14630126953125,25292200
2022-06-02 00:00:00-04:00,256.4183173881909,266.30851221318625,253.65486971991317,266.2406311035156,44008200
2022-06-03 00:00:00-04:00,262.1003534639654,265.14500204030634,260.25806469793486,261.81915283203125,28059000
2022-06-06 00:00:00-04:00,263.79720697367605,265.85281527967646,259.10420716791305,260.5877380371094,22400300
2022-06-07 00:00:00-04:00,258.54186576604843,264.83474789857866,257.86311369538305,264.223876953125,22860700
2022-06-08 00:00:00-04:00,263.4578629247985,264.7086925044536,261.4216362950806,262.1973571777344,17372300
2022-06-09 00:00:00-04:00,259.6472278413425,264.4274912567582,256.59290269880853,256.748046875,26439700
2022-06-10 00:00:00-04:00,252.6658293283701,252.6658293283701,244.86033026242538,245.30636596679688,31422800
2022-06-13 00:00:00-04:00,237.66570001230667,241.45695191998857,234.1944273628666,234.90225219726562,46135800
2022-06-14 00:00:00-04:00,236.45365859510807,238.27656531045733,234.1750252009215,237.0645294189453,28651500
2022-06-15 00:00:00-04:00,240.76852264491998,247.54623321805892,238.9359248223612,244.11373901367188,33111700
2022-06-16 00:00:00-04:00,238.50925737974993,239.90552503927643,235.63916478659826,237.52993774414062,33169200
2022-06-17 00:00:00-04:00,237.26812327514037,242.8919722994284,236.61847386718773,240.12852478027344,43084800
2022-06-21 00:00:00-04:00,242.6592661630262,247.01290422725697,241.9320446589224,246.03358459472656,29928300
2022-06-22 00:00:00-04:00,244.23979365415195,249.35944724213846,242.76595376071094,245.442138671875,25939900
2022-06-23 00:00:00-04:00,247.8080051297893,251.49258222219643,245.9269231515667,250.99806213378906,25861400
2022-06-24 00:00:00-04:00,253.8584834422403,259.8411054436494,253.7712204115489,259.5696105957031,33923200
2022-06-27 00:00:00-04:00,260.06411562547476,260.1513786610391,255.28385304721854,256.844970703125,24615100
2022-06-28 00:00:00-04:00,255.96261499134835,258.8036202038124,248.5352550148448,248.69039916992188,27295500
2022-06-29 00:00:00-04:00,249.76660859939219,254.01358628013193,247.9921866203894,252.35552978515625,20069800
2022-06-30 00:00:00-04:00,249.2430741608317,251.64776426602208,245.21912051123442,249.02975463867188,31730900
2022-07-01 00:00:00-04:00,248.60306405754403,251.88038351472102,246.87711172457043,251.69615173339844,22837700
2022-07-05 00:00:00-04:00,248.3801092623351,254.99298457519546,247.00323818444357,254.86692810058594,22941000
2022-07-06 00:00:00-04:00,255.73959933597524,259.8508160325724,254.4305945207555,258.1248779296875,23824400
2022-07-07 00:00:00-04:00,257.067970916459,260.8883105802799,256.97100212276746,260.24835205078125,20859900
2022-07-08 00:00:00-04:00,256.74802329517996,259.95749231914675,255.29358006652834,259.5308532714844,19658800
2022-07-11 00:00:00-04:00,257.5818628153171,258.4351408209991,254.2172499828831,256.47650146484375,19455200
2022-07-12 00:00:00-04:00,257.8048865798043,257.8630619352438,244.3852139665222,245.96571350097656,35868500
2022-07-13 00:00:00-04:00,242.5914416607407,245.84939515245566,240.5746118996446,245.0446014404297,29497400
2022-07-14 00:00:00-04:00,242.959889571624,247.39108538558793,238.47050360298064,246.36328125,25102800
2022-07-15 00:00:00-04:00,247.95346694603754,252.46223474835,247.03232258587656,248.923095703125,29774100
2022-07-18 00:00:00-04:00,251.86106474959863,252.91795652335915,245.60696234722735,246.52810668945312,20975000
2022-07-19 00:00:00-04:00,249.7569780806795,251.83199795607726,245.9754316061992,251.64776611328125,25012600
2022-07-20 00:00:00-04:00,252.0064740262088,256.82552948195536,251.04655115531952,254.3044891357422,22788300
2022-07-21 00:00:00-04:00,251.89986485024778,256.8449774641106,249.2236799929457,256.7964782714844,22404700
2022-07-22 00:00:00-04:00,257.1843540830661,257.2716171311826,251.2017604777432,252.4525604248047,21881300
2022-07-25 00:00:00-04:00,253.07310152958124,253.55791590032757,249.01035473546938,250.968994140625,21056000
2022-07-26 00:00:00-04:00,251.96770218262552,251.98711369487128,241.9902440697429,244.2494659423828,39348000
2022-07-27 00:00:00-04:00,253.22820087200702,261.8481834714514,250.98836124274186,260.5779724121094,45994000
2022-07-28 00:00:00-04:00,261.5573746966984,269.40166831465785,259.7344677770861,268.0151062011719,33459300
2022-07-29 00:00:00-04:00,269.26594214524397,273.43533434326656,268.22843217911804,272.2135925292969,32152800
2022-08-01 00:00:00-04:00,269.38223547656554,272.7371422807074,267.46236011948673,269.56646728515625,21539600
2022-08-02 00:00:00-04:00,267.61760482879976,269.4502178480251,264.1075525724459,266.47344970703125,22754200
2022-08-03 00:00:00-04:00,268.3544501034442,274.8897381119249,268.20898212498906,273.8910217285156,23518900
2022-08-04 00:00:00-04:00,273.2413979951584,275.18065569445895,271.66092782643676,275.03521728515625,18098700
2022-08-05 00:00:00-04:00,270.6719043348699,275.03523443029735,270.2161775634962,274.3177185058594,16774600
2022-08-08 00:00:00-04:00,275.4230317107007,277.23626231037696,270.83670670939483,271.80633544921875,18739200
2022-08-09 00:00:00-04:00,271.14691905074545,274.48241375789496,269.1785448532172,273.7261047363281,23405200
2022-08-10 00:00:00-04:00,279.4178543656592,281.0080296985738,278.2252006729384,280.3777770996094,24687800
2022-08-11 00:00:00-04:00,282.01648958955855,282.3655416886504,277.8083049364427,278.30279541015625,20065900
2022-08-12 00:00:00-04:00,279.7184319349008,283.04425048828125,278.22519580433124,283.04425048828125,22619700
2022-08-15 00:00:00-04:00,282.16199190447594,285.2454045080501,281.29900803496633,284.5569763183594,18085700
2022-08-16 00:00:00-04:00,283.12190392197317,285.1096607169614,281.5996091944976,283.8200378417969,18102900
2022-08-17 00:00:00-04:00,281.536556451653,285.0443616245307,281.2742116606303,283.07183837890625,18253400
2022-08-18 00:00:00-04:00,281.9737992817374,283.64510179006146,280.89521149700556,281.9543762207031,17186200
2022-08-19 00:00:00-04:00,280.7203261035374,281.06042243303864,277.4748955705993,278.0481872558594,20570000
2022-08-22 00:00:00-04:00,274.0934077691384,274.46265350884744,269.3710240123007,269.8860168457031,25061100
2022-08-23 00:00:00-04:00,268.61309814453125,270.96456356636963,267.60253558165664,268.61309814453125,17527400
2022-08-24 00:00:00-04:00,267.61232157638716,269.38079904214317,267.3207976827984,267.9815673828125,18137000
2022-08-25 00:00:00-04:00,269.4779119694947,271.12006518473976,266.74747418276837,270.95489501953125,16583400
2022-08-26 00:00:00-04:00,271.1783719738918,272.40270697945806,260.3926709090645,260.4995422363281,27549300
2022-08-29 00:00:00-04:00,258.32299172518486,259.82909469537367,256.379617748924,257.7205505371094,20338500
2022-08-30 00:00:00-04:00,259.11978995833886,259.48900611595445,253.27994149506821,255.5245361328125,22767100
2022-08-31 00:00:00-04:00,257.87602743432575,259.5473006086871,253.93095092893435,254.06700134277344,24791800
2022-09-01 00:00:00-04:00,251.5405724888761,253.50339892265927,248.1785442591348,253.02725219726562,23263400
2022-09-02 00:00:00-04:00,254.2904786042123,257.2443854879001,247.26517150345208,248.81015014648438,22855400
2022-09-06 00:00:00-04:00,248.94618474623337,250.53000941495102,244.80678924426493,246.07969665527344,21328200
2022-09-07 00:00:00-04:00,247.48868117824057,251.50173849106451,246.05058853926616,250.78269958496094,24126700
2022-09-08 00:00:00-04:00,250.21910163068787,253.05641075595742,247.57609726538706,251.2004852294922,20319900
2022-09-09 00:00:00-04:00,253.12444856663964,257.7205384807604,252.92040261166707,256.9723205566406,22084700
2022-09-12 00:00:00-04:00,258.254948403488,259.8776786073918,257.65250725767163,259.1003112792969,18747700
2022-09-13 00:00:00-04:00,251.51142329243044,253.02725242179903,244.46669355719365,244.85537719726562,33353300
2022-09-14 00:00:00-04:00,246.35174947948744,247.031927263813,242.78566075681428,245.07884216308594,23913000
2022-09-15 00:00:00-04:00,242.69821481070736,244.28205420352305,237.1110157424026,238.43251037597656,31530900
2022-09-16 00:00:00-04:00,237.34424853509077,238.354811263805,235.2065402152561,237.8106689453125,39791800
2022-09-19 00:00:00-04:00,235.60493213001268,238.19933446520724,234.0308040411177,237.59689331054688,26826900
2022-09-20 00:00:00-04:00,235.21623357137693,236.6154501254237,232.85502690956756,235.58546447753906,26660300
2022-09-21 00:00:00-04:00,237.35395148181902,240.64796931692138,232.13598300454865,232.1845703125,28625600
2022-09-22 00:00:00-04:00,231.13514258494146,236.9555520614077,230.8436483959942,234.15708923339844,31061200
2022-09-23 00:00:00-04:00,232.75787437724338,234.30286782239332,228.54075677381346,231.18374633789062,34176000
2022-09-26 00:00:00-04:00,230.3383971861503,234.6138138859922,230.19263524586722,230.72706604003906,27694200
2022-09-27 00:00:00-04:00,233.18542153198845,234.95389883278438,227.86058139335248,229.7165069580078,27018700
2022-09-28 00:00:00-04:00,230.10517219200622,235.46888802626256,228.0840616627681,234.24456787109375,29029700
2022-09-29 00:00:00-04:00,232.12627894023532,233.15626466417,227.77312585488747,230.775634765625,27484200
2022-09-30 00:00:00-04:00,231.5432539781558,233.7295494002438,226.14067744074515,226.3058624267578,35694800
2022-10-03 00:00:00-04:00,228.7448115784085,234.76926725849918,228.01604641968547,233.9239044189453,28880400
2022-10-04 00:00:00-04:00,238.15073348619765,243.27152748723756,238.04384733649516,241.83343505859375,34888400
2022-10-05 00:00:00-04:00,239.0252418124359,243.48528067614083,237.188754349336,242.14434814453125,20347100
2022-10-06 00:00:00-04:00,240.9103348181627,243.25210389130189,239.11272288342423,239.8026123046875,20239900
2022-10-07 00:00:00-04:00,234.0793483497187,234.48746986052475,226.56821340371297,227.60792541503906,37769600
2022-10-10 00:00:00-04:00,226.45166042593948,227.91890247197844,220.31059141185503,222.75924682617188,29743600
2022-10-11 00:00:00-04:00,221.17534309367792,222.5745744479787,217.7647277876426,219.02792358398438,30474000
2022-10-12 00:00:00-04:00,219.01821055578878,221.40856673598395,217.6189939430992,219.35830688476562,21903900
2022-10-13 00:00:00-04:00,213.62535270758946,229.41526348823245,212.92573701301367,227.60792541503906,42551800
2022-10-14 00:00:00-04:00,228.87113093564267,230.5230105633838,221.87498806713398,222.08876037597656,30198600
2022-10-17 00:00:00-04:00,229.14320282236488,232.1942989747583,228.4824480465505,230.80477905273438,28142300
2022-10-18 00:00:00-04:00,236.35313103627706,237.02358255454533,228.70594491704173,231.74732971191406,26329600
2022-10-19 00:00:00-04:00,230.32865767594038,232.82590014122383,227.65651868442322,229.78451538085938,19985700
2022-10-20 00:00:00-04:00,229.09462099466492,234.47775981300623,228.22009390223283,229.46385192871094,21811000
2022-10-21 00:00:00-04:00,228.09377738574145,236.11990546004,227.86056720320732,235.2648162841797,26299700
2022-10-24 00:00:00-04:00,236.8584254528165,240.82291032041493,234.4680836583969,240.24961853027344,24911200
2022-10-25 00:00:00-04:00,240.25930485991768,243.93228026742986,238.86979966752605,243.56304931640625,34775500
2022-10-26 00:00:00-04:00,224.62486794587923,231.55300056663893,223.54629485034351,224.7706298828125,82543200
2022-10-27 00:00:00-04:00,224.49856315131885,227.07354265696634,219.3874947506803,220.3300323486328,40424600
2022-10-28 00:00:00-04:00,219.83442354607308,229.9010992303716,219.64980068466605,229.19175720214844,40647700
2022-10-31 00:00:00-04:00,227.14148700910957,228.26864718595425,224.60538402459053,225.55764770507812,28357300
2022-11-01 00:00:00-04:00,227.95777880151996,229.06550140142764,220.89361007725955,221.70982360839844,30592300
2022-11-02 00:00:00-04:00,222.96325992629187,224.75116008206982,213.80995721146994,213.86827087402344,38407000
2022-11-03 00:00:00-04:00,213.85857768399836,214.16952462545234,207.92156981485337,208.18392944335938,36633900
2022-11-04 00:00:00-04:00,211.39049094816932,215.31609955402047,207.3871307832787,215.12176513671875,36789100
2022-11-07 00:00:00-05:00,215.70481002419461,221.94303900351989,215.01490570624847,221.41831970214844,33498000
2022-11-08 00:00:00-05:00,222.22476863616473,225.09124173650707,219.4457437895728,222.38995361328125,28192500
2022-11-09 00:00:00-05:00,220.93245233444006,222.1567873542891,217.97853059362552,218.15342712402344,27852900
2022-11-10 00:00:00-05:00,228.764240055821,236.44057547213717,228.34642180511014,236.10047912597656,46268000
2022-11-11 00:00:00-05:00,236.11018052503232,240.96861451794143,235.0801800640539,240.113525390625,34620200
2022-11-14 00:00:00-05:00,235.13848204241353,237.00411882377543,232.43719406272422,234.7109375,31123300
2022-11-15 00:00:00-05:00,238.7045911196065,240.0066479183107,233.2339895014383,235.1190643310547,31390100
2022-11-16 00:00:00-05:00,236.58066349562552,237.56484236253218,234.2712807664748,235.5477752685547,24093300
2022-11-17 00:00:00-05:00,231.6988319904281,237.02893923380267,231.5526741520921,235.49908447265625,23123500
2022-11-18 00:00:00-05:00,237.2822848010197,237.50641331153858,232.9168638897255,235.0508575439453,27613500
2022-11-21 00:00:00-05:00,235.25549585436693,238.4126392167858,235.02164329544348,235.85964965820312,26394700
2022-11-22 00:00:00-05:00,237.36026810624583,239.03628090244808,234.55393320096024,238.76344299316406,19665700
2022-11-23 00:00:00-05:00,238.84136796293612,241.93029414801862,238.02285434078252,241.24819946289062,19508500
2022-11-25 00:00:00-05:00,240.9851181755742,242.33956874564888,240.4199497182592,241.1605224609375,9200800
2022-11-28 00:00:00-05:00,239.78655028531924,240.3419649067529,234.6415865199682,235.5770263671875,24778200
2022-11-29 00:00:00-05:00,235.22626688973236,236.5807174931827,232.11786260072932,234.1836395263672,17956300
2022-11-30 00:00:00-05:00,234.41748501766983,248.79999607817797,233.72563656132382,248.61485290527344,47594200
2022-12-01 00:00:00-05:00,247.3773100588765,249.5697666639808,244.50275881700492,248.1763458251953,26041500
2022-12-02 00:00:00-05:00,243.43091661325036,249.51132049555534,243.304236576186,248.4979248046875,21528500
2022-12-05 00:00:00-05:00,245.56491592032455,247.32863821310553,241.7159389367775,243.80120849609375,23435300
2022-12-06 00:00:00-05:00,244.40534037511836,245.41873605992336,237.5453785123422,238.85110473632812,22463700
2022-12-07 00:00:00-05:00,238.56857303778347,239.86456060711458,236.0155832416036,238.12033081054688,20481500
2022-12-08 00:00:00-05:00,238.57825833331165,242.3785254696705,236.8437826963573,241.07278442382812,22611800
2022-12-09 00:00:00-05:00,238.44186049239534,241.95953631031935,237.91567738898425,239.14344787597656,20609700
2022-12-12 00:00:00-05:00,241.12151949404333,246.0813403319802,240.84868161991452,246.05210876464844,30665100
2022-12-13 00:00:00-05:00,254.99733220148903,257.1703110963209,246.59779176063924,250.34933471679688,42196900
2022-12-14 00:00:00-05:00,250.55395264064651,255.87430582571122,247.8060664813451,250.6416473388672,35410900
2022-12-15 00:00:00-05:00,247.23115056709423,247.69887047650548,241.01431334412206,242.6416015625,35560400
2022-12-16 00:00:00-05:00,242.1933801579508,243.45038209121776,237.2822689508212,238.43209838867188,86102000
2022-12-19 00:00:00-05:00,238.59777136210013,238.93882615281237,232.60506192023936,234.30055236816406,29696400
2022-12-20 00:00:00-05:00,233.2773983167744,236.69764045155708,232.32246573736623,235.61602783203125,25150800
2022-12-21 00:00:00-05:00,235.50885613255662,239.3383404733785,233.96926235474098,238.17877197265625,23690600
2022-12-22 00:00:00-05:00,235.08983601075406,235.8011771653982,227.88883383804284,232.09835815429688,28651700
2022-12-23 00:00:00-05:00,230.07153767696204,232.7609459126413,227.95703674860303,232.62452697753906,21207000
2022-12-27 00:00:00-05:00,232.59530118818017,232.8194148295831,229.7987055148439,230.89981079101562,16688600
2022-12-28 00:00:00-05:00,230.83159608110222,233.5892213133109,228.18115822076558,228.53195190429688,17457100
2022-12-29 00:00:00-05:00,229.6232871191542,235.732937144972,229.6232871191542,234.84620666503906,19770700
2022-12-30 00:00:00-05:00,232.11785074167162,233.82309496882053,230.60748859534408,233.68667602539062,21938500
2023-01-03 00:00:00-05:00,236.86327747897744,239.46499095764855,231.32853465622566,233.45278930664062,25740000
2023-01-04 00:00:00-05:00,226.33952554962818,226.91443295403656,220.18116489402158,223.24085998535156,50623400
2023-01-05 00:00:00-05:00,221.3894046220388,221.7304593927792,216.0885291034545,216.6244659423828,39585600
2023-01-06 00:00:00-05:00,217.29681103305526,219.98621912634763,213.74016514069575,219.1774444580078,43613600
2023-01-09 00:00:00-05:00,220.6585688285959,225.3260735512424,220.6195983653601,221.31143188476562,27369800
2023-01-10 00:00:00-05:00,221.93508808498302,225.39430067277652,221.516092367223,222.99722290039062,27033900
2023-01-11 00:00:00-05:00,225.37478378944797,229.91560850427538,225.19939440138353,229.74021911621094,28669300
2023-01-12 00:00:00-05:00,229.24330435430056,233.76463742036097,227.58678421952712,232.41018676757812,27269500
2023-01-13 00:00:00-05:00,230.93876092864622,233.24814377999738,228.91195482909734,233.11172485351562,21333300
2023-01-17 00:00:00-05:00,231.8839578305264,234.74877019615067,231.0264589269251,234.20309448242188,29831300
2023-01-18 00:00:00-05:00,235.39191965313583,236.1812017430098,229.49664379486572,229.7792205810547,30028700
2023-01-19 00:00:00-05:00,227.80113628343994,229.49664158993286,224.78041202749904,225.99844360351562,28623000
2023-01-20 00:00:00-05:00,228.85351141709936,234.58313656009622,228.51245663723557,234.07643127441406,35389800
2023-01-23 00:00:00-05:00,234.93392297440502,238.89982582882288,233.52099453170575,236.37606811523438,31934000
2023-01-24 00:00:00-05:00,236.29812619619068,237.7110398533446,234.29081253406932,235.84988403320312,40234400
2023-01-25 00:00:00-05:00,228.48322009420318,237.07765762154605,224.9947760426561,234.45645141601562,66526600
2023-01-26 00:00:00-05:00,237.41871476554942,241.95954016253594,235.81091899256552,241.657470703125,33454500
2023-01-27 00:00:00-05:00,242.62215978962465,243.4406734697651,240.51739758193492,241.81338500976562,26498900
2023-01-30 00:00:00-05:00,238.25674616117678,239.31888113372324,236.00582589486666,236.50279235839844,25867400
2023-01-31 00:00:00-05:00,237.22384083173012,241.60875476528724,236.736628172446,241.4723358154297,26541100
2023-02-01 00:00:00-05:00,241.65746031930018,248.65382642873757,239.19216564342997,246.28598022460938,31259900
2023-02-02 00:00:00-05:00,252.20076959193378,257.9206414880855,250.67091469575902,257.83294677734375,39940400
2023-02-03 00:00:00-05:00,252.90233575146593,257.44316094972766,250.52473578092378,251.74276733398438,29077300
2023-02-06 00:00:00-05:00,250.855987609966,251.6939788803608,248.26401340480552,250.20310974121094,22518000
2023-02-07 00:00:00-05:00,253.86704534514652,261.89630103268723,253.42854202536165,260.7172546386719,50841400
2023-02-08 00:00:00-05:00,266.2129795710124,269.6819309436082,259.4017271241036,259.908447265625,54686000
2023-02-09 00:00:00-05:00,266.79763305844943,266.9730522112078,256.0789548463012,256.87799072265625,42375100
2023-02-10 00:00:00-05:00,254.84142214986286,257.3359482905629,253.99367698119255,256.37127685546875,25818500
2023-02-13 00:00:00-05:00,260.7951951195851,267.5771867135627,260.3177065131593,264.3810729980469,44630900
2023-02-14 00:00:00-05:00,265.696502095269,267.9376679050751,262.39318676983703,265.20928955078125,37047900
2023-02-15 00:00:00-05:00,262.112672647368,264.46692310846817,260.02216525434795,263.08953857421875,28922400
2023-02-16 00:00:00-05:00,257.91212263576193,260.569199060256,255.8411717100615,256.08538818359375,29603600
2023-02-17 00:00:00-05:00,253.38922926241392,254.07301742221924,250.07763995501477,252.08998107910156,30000100
2023-02-21 00:00:00-05:00,248.59283193869732,249.5794760448662,245.7696900625751,246.82470703125,28397400
2023-02-22 00:00:00-05:00,248.2118440405047,248.45606050673507,244.5485970470492,245.6915283203125,22491100
2023-02-23 00:00:00-05:00,249.6478466517071,250.89823380940385,244.68536609831472,248.87612915039062,29219100
2023-02-24 00:00:00-05:00,244.17739966038974,245.1933336076266,242.36042854419725,243.4545135498047,24990900
2023-02-27 00:00:00-05:00,246.61958212194187,246.97125445707402,243.62059652709382,244.37278747558594,21190000
2023-02-28 00:00:00-05:00,243.30800820629165,245.6720220057633,242.97586245641222,243.64990234375,22491000
2023-03-01 00:00:00-05:00,244.95888751265778,245.12495292682374,240.10386280126266,240.57276916503906,27565300
2023-03-02 00:00:00-05:00,240.84627541231006,245.58406578455748,239.92801913938823,245.30078125,24808200
2023-03-03 00:00:00-05:00,246.35581882878407,249.7064617806796,245.57432311137507,249.38409423828125,30760100
2023-03-06 00:00:00-05:00,250.49768216956957,254.1023192446913,250.05809555436198,250.92750549316406,24109800
2023-03-07 00:00:00-05:00,250.37073314257202,251.72859113392445,247.52806453283253,248.27047729492188,21473200
2023-03-08 00:00:00-05:00,248.16297184644702,248.65140472789284,245.00769960592783,247.83084106445312,17340200
2023-03-09 00:00:00-05:00,249.90181841749686,253.5552870035151,245.7599020211808,246.4827880859375,26653400
2023-03-10 00:00:00-05:00,245.27149758216976,246.94192996221227,241.87200834587694,242.83909606933594,28333900
2023-03-13 00:00:00-04:00,241.6766365464032,251.94350749583774,240.04527215486556,248.04580688476562,33339700
2023-03-14 00:00:00-04:00,250.81028982629238,255.03035716432163,249.94087987551168,254.7568359375,33620300
2023-03-15 00:00:00-04:00,253.96557655248083,260.3152041308793,253.21337082147616,259.29925537109375,46028000
2023-03-16 00:00:00-04:00,259.0746169472976,270.16205172863715,257.1892727698562,269.8103942871094,54768800
2023-03-17 00:00:00-04:00,271.82275116350945,276.77543928091814,269.92762867957384,272.9656677246094,69527400
2023-03-20 00:00:00-04:00,270.57233358465885,271.0607665452562,263.607274796688,265.9322204589844,43466600
2023-03-21 00:00:00-04:00,268.52093921101067,268.6381583648071,263.2849217859486,267.4463806152344,34558700
2023-03-22 00:00:00-04:00,267.0751210074597,274.5383905110529,265.8833434620223,265.9908142089844,34873300
2023-03-23 00:00:00-04:00,271.51012405626466,274.55794104511676,268.83352089762093,271.2366027832031,36610900
2023-03-24 00:00:00-04:00,270.82627422927686,274.1378637154936,268.9116255422268,274.0792541503906,28172000
2023-03-27 00:00:00-04:00,274.0108578776161,274.94864070171997,269.14605544409125,269.9861755371094,26840200
2023-03-28 00:00:00-04:00,269.40989660765126,269.75180568788846,265.7563973042853,268.86285400390625,21878600
2023-03-29 00:00:00-04:00,272.5065307325749,274.63612126718954,271.96926635776106,274.02069091796875,25087000
2023-03-30 00:00:00-04:00,277.65458775561683,277.8792478188559,274.9682067021936,277.4787292480469,25053400
2023-03-31 00:00:00-04:00,277.1661775421266,282.57799326147335,276.45305469008514,281.63043212890625,32766000
2023-04-03 00:00:00-04:00,279.89160882011697,281.60112415662576,277.3810860970175,280.585205078125,24883300
2023-04-04 00:00:00-04:00,280.585207618267,283.7307170583828,279.0612991751383,280.5363464355469,25824300
2023-04-05 00:00:00-04:00,279.2371315346284,280.5070453166388,276.3749215198196,277.7620544433594,22064800
2023-04-06 00:00:00-04:00,276.65823572723315,285.32303313576494,275.50554090112394,284.8541564941406,29770300
2023-04-10 00:00:00-04:00,282.51933193992477,282.90032388757146,278.12343611580997,282.6951904296875,23103000
2023-04-11 00:00:00-04:00,279.139356536894,279.36404636618556,275.12445306738846,276.2868957519531,27276600
2023-04-12 00:00:00-04:00,278.20164520430563,280.37028867291156,275.43709804068334,276.93170166015625,27403400
2023-04-13 00:00:00-04:00,277.0293845422131,283.1934057090152,276.6191175771534,283.1347961425781,24222700
2023-04-14 00:00:00-04:00,280.36053721344047,281.80630960092736,277.12711319357106,279.52044677734375,20987900
2023-04-17 00:00:00-04:00,283.2226679530425,284.8540468047271,279.5398949610126,282.1188049316406,23836200
2023-04-18 00:00:00-04:00,284.82477404987856,285.01038094044696,280.37026829939435,281.69879150390625,20161800
2023-04-19 00:00:00-04:00,279.3738962456723,282.36310380411163,277.957458440505,281.7770080566406,17150300
2023-04-20 00:00:00-04:00,278.6509985011603,282.34355041766946,278.48491818075087,279.4910888671875,23244400
2023-04-21 00:00:00-04:00,278.41655103724565,279.6473817610795,276.511650666874,279.1492004394531,21676400
2023-04-24 00:00:00-04:00,275.5640385012809,278.3578898725083,272.27200590077194,275.2514343261719,26611000
2023-04-25 00:00:00-04:00,273.0438405005658,275.0854869775857,268.99960072437375,269.0484619140625,45772200
2023-04-26 00:00:00-04:00,289.83614418187,292.6397447358396,285.957985102446,288.5368957519531,64599200
2023-04-27 00:00:00-04:00,289.1229976897944,298.13948055653924,288.419653058881,297.77801513671875,46462600
2023-04-28 00:00:00-04:00,296.97707117655295,301.783235671016,296.29325298519717,300.1518859863281,36469600
2023-05-01 00:00:00-04:00,299.8685344351108,301.460830664017,298.0906312953761,298.49114990234375,21294100
2023-05-02 00:00:00-04:00,300.640306719622,302.02743982366337,296.8793664443899,298.34466552734375,26404400
2023-05-03 00:00:00-04:00,299.5266454015473,301.47059918400157,297.05517563669,297.3580017089844,22360800
2023-05-04 00:00:00-04:00,299.155451236147,300.640306719622,296.3811552164781,298.34466552734375,22519900
2023-05-05 00:00:00-04:00,298.6474372845863,304.7528490194279,297.2309698374708,303.46337890625,28197100
2023-05-08 00:00:00-04:00,302.95541576842186,303.02380353381574,299.00886932285215,301.5096435546875,21318600
2023-05-09 00:00:00-04:00,300.8747236518984,302.8675386103428,299.22381775082977,299.8978576660156,21340800
2023-05-10 00:00:00-04:00,301.4803236876646,305.7590007361898,300.5523190484158,305.0849609375,30078000
2023-05-11 00:00:00-04:00,302.92613418082834,303.9225267081971,299.1749725458381,302.9358825683594,31680200
2023-05-12 00:00:00-04:00,303.36570066728314,303.4633932219653,299.50709815578426,301.822265625,19774700
2023-05-15 00:00:00-04:00,301.94924591720934,302.73072668738115,300.47416891606105,302.3009033203125,16336500
2023-05-16 00:00:00-04:00,302.66238059902645,306.4526254606031,302.66238059902645,304.5281982421875,26730300
2023-05-17 00:00:00-04:00,305.73234911232737,307.8273965281547,304.2148790483357,307.40643310546875,24315000
2023-05-18 00:00:00-04:00,307.92533659511486,312.3406428632518,307.1323477805687,311.83154296875,27276000
2023-05-19 00:00:00-04:00,310.0888957303577,312.05669811668946,309.7266699904712,311.6553039550781,27546700
2023-05-22 00:00:00-04:00,311.90982815472574,315.8160338813464,311.33222095812204,314.4356384277344,24115700
2023-05-23 00:00:00-04:00,313.30984092975706,315.94335728832465,308.6302150731237,308.6400146484375,30797200
2023-05-24 00:00:00-04:00,308.1211084957931,309.8539301457172,306.0456005180939,307.25958251953125,23384900
2023-05-25 00:00:00-04:00,316.4524252321356,320.03557419335544,313.2804700336066,319.076171875,43301700
2023-05-26 00:00:00-04:00,317.2160130284429,326.39905065575283,317.0789683726066,325.8997802734375,36630600
2023-05-30 00:00:00-04:00,328.1906400290104,328.6899104115325,323.57952206493354,324.2550354003906,29503100
2023-05-31 00:00:00-04:00,325.3123928059222,328.8857420420062,320.45652421282057,321.4942932128906,45950600
2023-06-01 00:00:00-04:00,319.08592941453026,326.52634626965755,317.90134604784606,325.5962829589844,26773900
2023-06-02 00:00:00-04:00,327.23127088245394,330.41302594713,325.5669562825361,328.35711669921875,25873800
2023-06-05 00:00:00-04:00,328.18082951193753,331.4506903935802,327.6325911531441,328.8857116699219,21307100
2023-06-06 00:00:00-04:00,328.2885336264792,328.32770204884184,325.19491542513276,326.6731872558594,20396200
2023-06-07 00:00:00-04:00,324.68587095816133,327.4662318852109,315.72801239577234,316.58953857421875,40717100
2023-06-08 00:00:00-04:00,317.1377341007984,319.78104998315,316.5601268268705,318.4300231933594,23277700
2023-06-09 00:00:00-04:00,318.16563610626434,323.0606428090371,317.59782847451265,319.9278564453125,22529000
2023-06-12 00:00:00-04:00,321.68020816437513,325.1263115846336,318.33204071834683,324.8815612792969,24260300
2023-06-13 00:00:00-04:00,327.44656828941845,329.90387113011326,323.4522561033348,327.2703552246094,22951300
2023-06-14 00:00:00-04:00,327.3193130414061,331.9206314111561,325.82144214687054,330.2563171386719,26003800
2023-06-15 00:00:00-04:00,330.3933852343611,342.49382753852854,330.11926605235976,340.7903747558594,38899100
2023-06-16 00:00:00-04:00,343.94278354537636,344.08962778195877,334.769545086919,335.14154052734375,46552000
2023-06-20 00:00:00-04:00,332.18496735769014,334.8967905185413,328.8074005290605,330.951416015625,26375400
2023-06-21 00:00:00-04:00,329.306655264913,330.63811253956635,325.09696171811146,326.5556640625,25117800
2023-06-22 00:00:00-04:00,327.1039241601426,332.9779322220441,326.3403043071654,332.5765380859375,23556800
2023-06-23 00:00:00-04:00,327.3389018615229,330.8633129640672,326.4480368570244,327.98504638671875,23146900
2023-06-26 00:00:00-04:00,326.7123419071995,329.0521396707675,321.59215393137123,321.6998596191406,21520600
2023-06-27 00:00:00-04:00,324.89140968264053,329.0913343051698,322.38516833897705,327.5445251464844,24354100
2023-06-28 00:00:00-04:00,327.6326542510409,330.88294648753094,326.8004969786541,328.79766845703125,20259500
2023-06-29 00:00:00-04:00,327.6815474089493,329.05214338180554,325.6354380857654,328.014404296875,16997000
2023-06-30 00:00:00-04:00,330.6577377615813,335.53317570907825,330.1192989180002,333.38916015625,26832800
2023-07-03 00:00:00-04:00,332.0674526684901,333.74153652262953,329.5024740479347,330.89263916015625,12508700
2023-07-05 00:00:00-04:00,328.05354428027886,334.47579046215725,327.7011181507027,331.0492858886719,18172400
2023-07-06 00:00:00-04:00,330.21715360852994,335.78767385230776,328.45496307477555,334.1037902832031,28161200
2023-07-07 00:00:00-04:00,332.19476390626494,334.61289857162126,329.92347347630437,330.13885498046875,21214800
2023-07-10 00:00:00-04:00,327.57388310031735,328.1906587789502,320.71107354380314,324.8620300292969,32791400
2023-07-11 00:00:00-04:00,324.10822129809816,325.8704119772488,320.13347775646093,325.4886169433594,26698200
2023-07-12 00:00:00-04:00,329.5319168444775,334.47586255833005,328.62145260340657,330.11932373046875,29995300
2023-07-13 00:00:00-04:00,332.42968950843436,336.52190790090776,331.9010204242932,335.464599609375,20567200
2023-07-14 00:00:00-04:00,340.29107663490123,344.0504382444472,337.07995339278386,337.99041748046875,28352700
2023-07-17 00:00:00-04:00,338.4211553009667,339.70364458763055,335.0142499676755,338.4701232910156,20363900
2023-07-18 00:00:00-04:00,338.5680009815039,359.0780898369436,334.98488257273925,351.941162109375,64738600
2023-07-19 00:00:00-04:00,354.15376240808007,354.84884504828324,345.03926161088305,347.6238098144531,39732900
2023-07-20 00:00:00-04:00,346.1455024073654,350.4531022216543,338.11767966688456,339.586181640625,33778400
2023-07-21 00:00:00-04:00,341.8183323536975,342.944177986763,332.69403214811535,336.5513000488281,69405400
2023-07-24 00:00:00-04:00,338.58764053266464,339.6351792022214,335.1219672074144,337.8631591796875,26678100
2023-07-25 00:00:00-04:00,339.8211637778006,344.5008191812914,337.82402242034016,343.60992431640625,41637700
2023-07-26 00:00:00-04:00,334.2701938774004,337.43237871487065,326.1150966195682,330.67724609375,58383700
2023-07-27 00:00:00-04:00,333.3304552195366,334.16258262744316,322.1404449068157,323.775390625,39635300
2023-07-28 00:00:00-04:00,326.66345076606325,332.8703168260489,326.1739500054011,331.2647399902344,28484900
2023-07-31 00:00:00-04:00,329.8451512620621,330.6087711275723,326.35987893485446,328.86614990234375,25446000
2023-08-01 00:00:00-04:00,328.1515284723082,331.4311896055557,326.69282573876103,329.2773742675781,18311900
2023-08-02 00:00:00-04:00,326.6242386250664,326.6242386250664,319.5068793964864,320.6229553222656,27761300
2023-08-03 00:00:00-04:00,319.1544231849884,322.9529530019484,319.10548507078215,319.8005676269531,18253700
2023-08-04 00:00:00-04:00,324.91100665492644,328.10256094885904,320.3684255770162,320.8970947265625,23741500
2023-08-07 00:00:00-04:00,321.4746782634423,324.15713248319014,320.64252111536877,323.1781311035156,17741500
2023-08-08 00:00:00-04:00,320.094294531756,321.84671543145896,316.21745729083267,319.2033996582031,22327600
2023-08-09 00:00:00-04:00,319.6146411443904,320.2411866081632,314.3084395325247,315.46368408203125,22373300
2023-08-10 00:00:00-04:00,319.1740674354457,321.3670511745829,314.43570362465357,316.1489562988281,20113700
2023-08-11 00:00:00-04:00,313.53494463144494,315.6397913083232,312.50697541012306,314.2691955566406,24355500
2023-08-14 00:00:00-04:00,314.64124818370647,317.2551649738709,313.35872896949473,317.235595703125,18836100
2023-08-15 00:00:00-04:00,316.21745534246327,318.2635647035866,314.16154640668196,315.10137939453125,16966300
2023-08-16 00:00:00-04:00,314.72857479436016,318.2800883607637,313.7475006460735,314.3361511230469,20698900
2023-08-17 00:00:00-04:00,314.47354784052,315.77836341676965,310.22547958022847,310.8828125,21257200
2023-08-18 00:00:00-04:00,308.538028861624,312.3544220351469,305.65366819423417,310.4903869628906,24755000
2023-08-21 00:00:00-04:00,311.91289216820854,316.6612873829202,311.03975175794454,315.78814697265625,24040000
2023-08-22 00:00:00-04:00,319.3396208763862,319.9086306831472,315.37607311272194,316.3571472167969,16084600
2023-08-23 00:00:00-04:00,317.69144015108157,322.96962389693414,317.33823788637403,320.8112487792969,21166400
2023-08-24 00:00:00-04:00,326.5505786182069,326.67812306443534,313.90451683464374,313.9143371582031,23281400
2023-08-25 00:00:00-04:00,315.38590853898717,319.20227141780845,312.76642738205277,316.8673400878906,21684100
2023-08-28 00:00:00-04:00,319.49659681490056,319.97731354583135,315.63116244372804,317.5736999511719,14808500
2023-08-29 00:00:00-04:00,315.7881368695037,322.7537689845137,315.7881368695037,322.1945495605469,19284600
2023-08-30 00:00:00-04:00,322.44962819676334,323.5680370692741,320.2716425608164,322.5673522949219,15222100
2023-08-31 00:00:00-04:00,322.96966464024024,324.64729327421776,320.59545171132726,321.5569152832031,26411000
2023-09-01 00:00:00-04:00,325.0396597293619,325.7067829359754,320.5953952258838,322.4398193359375,14942000
2023-09-05 00:00:00-04:00,322.77333851429205,328.5126272691879,322.4397769548283,327.2372131347656,18553900
2023-09-06 00:00:00-04:00,327.0705236753987,328.13007064456224,323.9310742393436,326.5799865722656,17535800
2023-09-07 00:00:00-04:00,325.02005529596454,326.77615642313435,322.8028181923794,323.6661682128906,18381000
2023-09-08 00:00:00-04:00,323.84278154918144,329.7979091740935,323.2247000080773,327.94366455078125,19530100
2023-09-11 00:00:00-04:00,330.85742559530763,332.01511580762883,329.08168383895804,331.544189453125,16583300
2023-09-12 00:00:00-04:00,329.4643042616368,330.4159473154807,325.20644635330586,325.4909362792969,17565500
2023-09-13 00:00:00-04:00,325.0396659724569,330.4748250083912,324.90233116375424,329.69976806640625,16544400
2023-09-14 00:00:00-04:00,332.7312602833099,334.4088885367708,330.2001023910707,332.289794921875,20267000
2023-09-15 00:00:00-04:00,330.54351516502703,331.0144115945299,323.4110869464427,323.9703063964844,37679800
2023-09-18 00:00:00-04:00,321.59611231194907,324.14691123207,320.18336306203616,322.832275390625,16834200
2023-09-19 00:00:00-04:00,319.9969783891352,323.15603844559445,318.36839165791633,322.4300231933594,16505900
2023-09-20 00:00:00-04:00,323.27370381191565,323.35217655843377,314.4440377985017,314.6990966796875,21436500
2023-09-21 00:00:00-04:00,313.21772575271143,319.1924634099481,309.0383405191742,313.48260498046875,35560400
2023-09-22 00:00:00-04:00,315.23871105160333,315.36625546450654,310.16654519847,311.0102844238281,21447900
2023-09-25 00:00:00-04:00,310.59827150671464,311.6578483890655,309.0383671510389,311.5303039550781,17836000
2023-09-26 00:00:00-04:00,309.1658848784398,309.9016904509528,304.15258067558153,306.23248291015625,26297600
2023-09-27 00:00:00-04:00,306.3894315511619,308.3515797645924,303.82884250383796,306.87017822265625,19410100
2023-09-28 00:00:00-04:00,305.1042614505791,309.50930504825243,303.59342871178666,307.7041320800781,19683600
2023-09-29 00:00:00-04:00,311.7362875557097,313.4237361635249,309.01872314440465,309.7741394042969,24147300
2023-10-02 00:00:00-04:00,310.29410713051254,315.79794825806266,309.21491966040423,315.7096252441406,20570000
2023-10-03 00:00:00-04:00,314.7580581543042,315.3074873135017,305.32012806899473,307.4588928222656,21033500
2023-10-04 00:00:00-04:00,308.086742575961,313.9830083427308,308.0573115463436,312.9234313964844,20720100
2023-10-05 00:00:00-04:00,313.05094717371253,313.92411753909374,308.94024408682094,313.3158264160156,16965600
2023-10-06 00:00:00-04:00,310.55896016931973,322.95974979851115,310.3136916713373,321.0662841796875,25673600
2023-10-09 00:00:00-04:00,318.6038277713841,324.04877728616253,317.063534182084,323.577880859375,19891200
2023-10-10 00:00:00-04:00,324.69629510828605,324.8336598616772,321.4685826836827,322.1749572753906,20557100
2023-10-11 00:00:00-04:00,324.9415409038971,326.5210857572993,322.91074029238723,326.128662109375,20063200
2023-10-12 00:00:00-04:00,324.313686937738,327.3157714229003,322.4986937835042,324.89251708984375,19313100
2023-10-13 00:00:00-04:00,326.0894240178062,327.5119635418574,320.1833385954494,321.5274353027344,21072400
2023-10-16 00:00:00-04:00,324.7845483540111,329.7782415554048,324.3430830008452,326.344482421875,22158000
2023-10-17 00:00:00-04:00,323.3522278123477,327.1489800095309,321.2134933356926,325.7754821777344,18338500
2023-10-18 00:00:00-04:00,326.197296197931,329.23863169332765,322.086593597573,323.8623352050781,23153600
2023-10-19 00:00:00-04:00,325.86374730098373,330.50423844384994,324.6472250314816,325.0494689941406,25052100
2023-10-20 00:00:00-04:00,325.441930986154,325.6381577998448,319.29060660305254,320.4875183105469,25027700
2023-10-23 00:00:00-04:00,319.3102300618242,326.432838535165,318.2506830695963,323.0873718261719,24374700
2023-10-24 00:00:00-04:00,325.02986091343166,325.5596493490343,321.3999044443215,324.2744445800781,31153600
2023-10-25 00:00:00-04:00,338.4901517493969,339.64784186158397,331.23020990044404,334.2225036621094,55053800
2023-10-26 00:00:00-04:00,334.0949997460641,335.1643669777935,320.75238530520863,321.6844177246094,37828500
2023-10-27 00:00:00-04:00,324.1763153652428,330.3472799837888,322.1847360926127,323.56805419921875,29856500
2023-10-30 00:00:00-04:00,327.09993377177346,333.02562998161824,325.54981985866505,330.9261169433594,22828100
2023-10-31 00:00:00-04:00,332.4370138355085,332.5841689842252,328.3557413843758,331.71099853515625,20265300
2023-11-01 00:00:00-04:00,333.3591205612894,340.8447194713481,333.22175583926975,339.520263671875,28158800
2023-11-02 00:00:00-04:00,340.66811499876366,342.2280190147686,338.2448611006927,341.7276916503906,24348100
2023-11-03 00:00:00-04:00,343.0129367253001,347.68285894520625,340.7564483684525,346.1229248046875,23637700
2023-11-06 00:00:00-05:00,346.7607140780306,350.77330426538856,346.66260066264067,349.78240966796875,23828300
2023-11-07 00:00:00-05:00,352.5980160280282,355.60010029773895,350.86152569633424,353.7066345214844,25833900
2023-11-08 00:00:00-05:00,354.8348894957631,356.9834442680157,353.7262709217689,356.3261413574219,26767800
2023-11-09 00:00:00-05:00,355.4431318616368,357.88602671202375,353.53984572631765,353.8636169433594,24847300
2023-11-10 00:00:00-05:00,354.6484666487655,363.0955302142946,354.23643229337705,362.6736755371094,28042100
2023-11-13 00:00:00-05:00,361.2511581241037,361.49642668428953,358.97505869997684,359.74029541015625,19986500
2023-11-14 00:00:00-05:00,363.98831378189556,364.9105258370756,360.3975789598127,363.2622985839844,27683900
2023-11-15 00:00:00-05:00,364.99254154145893,366.81121863639925,360.89314538692616,363.4098205566406,26860100
2023-11-16 00:00:00-05:00,364.6779510555463,369.97668823321743,363.9111612043172,369.79974365234375,27182300
2023-11-17 00:00:00-05:00,367.2830363259732,368.03017560302834,360.7849886688486,363.58673095703125,40157000
2023-11-20 00:00:00-05:00,364.9335496074717,372.45399413615905,364.7172740131472,371.0482177734375,52465100
2023-11-21 00:00:00-05:00,369.30814244510634,369.8488163422202,364.8351774750595,366.7521667480469,28423100
2023-11-22 00:00:00-05:00,371.5987172360064,373.35841268345206,368.62003030581224,371.4512634277344,23345300
2023-11-24 00:00:00-05:00,370.93998703818727,371.56916318067283,368.787101802592,371.0382995605469,10176600
2023-11-27 00:00:00-05:00,370.39936783626126,374.1940157538783,369.8292031236525,372.1983642578125,22179200
2023-11-28 00:00:00-05:00,371.9427759977799,376.51402381152496,371.7559911838167,376.2191162109375,20453100
2023-11-29 00:00:00-05:00,377.2611808001932,377.792014506202,371.0482003824139,372.434326171875,28963400
2023-11-30 00:00:00-05:00,372.0804464632099,373.6533572420955,369.11159949363696,372.49334716796875,30554400
2023-12-01 00:00:00-05:00,370.37971321362784,371.7559987121957,365.02199502186244,368.1678161621094,33040500
2023-12-04 00:00:00-05:00,362.84946292716745,363.2623336149724,356.7544451480774,362.8887939453125,32063300
2023-12-05 00:00:00-05:00,360.2442730291583,366.7619704390207,359.42831207085,366.2114562988281,23065000
2023-12-06 00:00:00-05:00,367.2142547508921,367.8434010010659,361.7975548433351,362.55450439453125,21182100
2023-12-07 00:00:00-05:00,361.99418225567007,365.15965403682253,360.11652374565716,364.6681213378906,23118900
2023-12-08 00:00:00-05:00,362.9477904343663,368.11869450448506,361.9942157102804,367.8926086425781,20154400
2023-12-11 00:00:00-05:00,362.239894272933,365.30705305410225,359.90019417682373,365.0121154785156,27708800
2023-12-12 00:00:00-05:00,364.56981930802976,368.07937007976545,364.1864093914376,368.0400390625,24838300
2023-12-13 00:00:00-05:00,369.6522031111794,371.24479409698984,364.49111028889564,368.0301513671875,30955500
2023-12-14 00:00:00-05:00,366.98812028305656,367.43051168709843,357.9635876470979,359.73309326171875,43277500
2023-12-15 00:00:00-05:00,360.6375447439286,366.09354566450713,360.0771902707865,364.45184326171875,78502300
2023-12-18 00:00:00-05:00,363.1935335888459,366.6834038503824,362.43655401042764,366.3393249511719,21802900
2023-12-19 00:00:00-05:00,365.1989808015048,366.93902587890625,363.5769287808174,366.93902587890625,20603700
2023-12-20 00:00:00-05:00,368.64948928220537,369.6620453460696,364.2551861699306,364.3436584472656,26316700
2023-12-21 00:00:00-05:00,366.25084900799567,368.0695260278655,363.77353495979867,367.2142639160156,17708000
2023-12-22 00:00:00-05:00,367.3518499751321,368.8264479888416,366.39827539290235,368.2366027832031,17107500
2023-12-26 00:00:00-05:00,368.6495462723812,370.5566956584925,367.1749480872917,368.3153076171875,12673100
2023-12-27 00:00:00-05:00,367.36169037934906,368.70848509896524,366.49658807749455,367.7352600097656,14905400
2023-12-28 00:00:00-05:00,369.0132159290277,370.08475350322914,367.82371531924764,368.92474365234375,14327000
2023-12-29 00:00:00-05:00,369.6325745030526,370.77293391810167,367.15526060187455,369.6719055175781,18730800
