datetime,open,high,low,close,volume
2020-01-02 00:00:00-05:00,296.4802539792737,297.71735029463804,295.5547178974124,297.6990051269531,59151200
2020-01-03 00:00:00-05:00,294.2992783946291,296.57186973652915,294.2442988268179,295.4447326660156,77709700
2020-01-06 00:00:00-05:00,293.68527154806566,296.65430772190325,293.5661398420069,296.57183837890625,55653900
2020-01-07 00:00:00-05:00,296.00370133060426,296.4802282058735,295.28893898289255,295.73797607421875,40496400
2020-01-08 00:00:00-05:00,295.9304301191349,298.5328990962051,295.6830220422805,297.31414794921875,68296000
2020-01-09 00:00:00-05:00,298.88109951100057,299.4034333774434,298.29461349284884,299.3301086425781,48473300
2020-01-10 00:00:00-05:00,299.91665066701944,300.0724168186088,298.0014540976122,298.4687805175781,53029300
2020-01-13 00:00:00-05:00,299.0918985059818,300.5305679585822,298.6612065390366,300.52142333984375,47086800
2020-01-14 00:00:00-05:00,300.0815801434285,301.13539265854723,299.50426661844074,300.0632629394531,62832800
2020-01-15 00:00:00-05:00,299.9715910397463,301.5019023922084,299.8891216822957,300.7413330078125,72056600
2020-01-16 00:00:00-05:00,302.1250165187214,303.24298095703125,301.8959256745201,303.24298095703125,54050300
2020-01-17 00:00:00-05:00,303.9577072786301,304.39754374969027,303.1787929075441,304.1867980957031,95846000
2020-01-21 00:00:00-05:00,303.22464675250427,304.39759079860585,303.1513499843944,303.5911865234375,77742400
2020-01-22 00:00:00-05:00,304.45249838050813,305.10313638265757,303.47201101725864,303.6277770996094,48914900
2020-01-23 00:00:00-05:00,302.9772414486863,304.388448943037,301.85927695982,303.97607421875,51963000
2020-01-24 00:00:00-05:00,304.63595531865434,304.71842469709,299.9808119910327,301.27288818359375,87578400
2020-01-27 00:00:00-05:00,296.0129115356498,297.92810796760887,295.6738615021962,296.443603515625,84062500
2020-01-28 00:00:00-05:00,297.873118472315,300.4297804795818,296.53523558628365,299.5500793457031,63834000
2020-01-29 00:00:00-05:00,300.9154515361215,301.1445424118308,299.10104173303364,299.3026428222656,53888900
2020-01-30 00:00:00-05:00,297.231623057657,300.484729951174,296.48022631294674,300.2739562988281,75491800
2020-01-31 00:00:00-05:00,299.650819083877,299.80661315994996,293.9052308771685,294.82159423828125,113845600
2020-02-03 00:00:00-05:00,296.3061594017483,298.88113873930445,296.18702766585056,297.0117492675781,69083000
2020-02-04 00:00:00-05:00,300.63138329314756,302.40913073891045,300.3106504717624,301.53857421875,62573200
2020-02-05 00:00:00-05:00,304.4800703613793,305.23149509436865,303.013911228474,305.0207214355469,65951100
2020-02-06 00:00:00-05:00,305.98293646706554,306.23951712579645,304.9657584507148,306.0470886230469,50359700
2020-02-07 00:00:00-05:00,304.98406488979606,306.056194377022,303.86610045474913,304.4159240722656,64139400
2020-02-10 00:00:00-05:00,303.52703981198624,306.75262870808007,303.4903774480562,306.6884765625,42070000
2020-02-11 00:00:00-05:00,308.04472268441083,308.8327817820095,306.6884947902929,307.2200012207031,54864500
2020-02-12 00:00:00-05:00,308.65866182227705,309.41008649783373,308.292122067066,309.1993408203125,43992700
2020-02-13 00:00:00-05:00,307.7698289420879,309.8408193824816,307.4949310806172,308.8694763183594,54501900
2020-02-14 00:00:00-05:00,309.28172745186663,309.48332845809404,308.0812939946161,309.36419677734375,64582200
2020-02-18 00:00:00-05:00,308.3655070547574,309.4284921282204,307.1742176610438,308.5671081542969,57226200
2020-02-19 00:00:00-05:00,309.53843070084963,310.7205194664191,309.25436025654744,310.04241943359375,48814700
2020-02-20 00:00:00-05:00,309.4925531618124,310.31730256037446,305.77212014655726,308.7686462402344,74163400
2020-02-21 00:00:00-05:00,307.4124520475645,307.7240122691576,304.7641482162331,305.5888977050781,113788200
2020-02-24 00:00:00-05:00,296.11367067972515,305.66216126608373,294.37255791706946,295.4538879394531,161088400
2020-02-25 00:00:00-05:00,296.8467259201348,297.46067366293727,285.6212756357742,286.5009765625,218913200
2020-02-26 00:00:00-05:00,287.9030518374297,291.5043533570455,284.71412504182155,285.44720458984375,194773800
2020-02-27 00:00:00-05:00,279.9123611957851,285.50218362591784,272.6272888183594,272.6272888183594,284353500
2020-02-28 00:00:00-05:00,264.55413666270186,272.97551892461485,261.6584248326628,271.4818420410156,384975800
2020-03-02 00:00:00-05:00,273.2687603709201,283.30295220755625,269.8323971344277,283.2388000488281,238703600
2020-03-03 00:00:00-05:00,283.614502212992,287.59151643262715,272.6822924096113,275.12896728515625,300139100
2020-03-04 00:00:00-05:00,280.5172001831721,286.91342770951513,277.9605380964338,286.6934814453125,176613400
2020-03-05 00:00:00-05:00,279.4725227329303,282.67062208363757,274.9181954685185,277.16326904296875,186366800
2020-03-06 00:00:00-05:00,268.6319273661624,273.79105782578944,265.9561618762661,272.5814514160156,228667200
2020-03-09 00:00:00-04:00,252.2747836579763,260.4212661192737,250.57953407058477,251.29429626464844,309417300
2020-03-10 00:00:00-04:00,260.8336938237853,264.38916035534675,250.62539203743287,264.29754638671875,276444100
2020-03-11 00:00:00-04:00,257.22322078654526,258.3595024679103,248.2245253742344,251.4134521484375,255316300
2020-03-12 00:00:00-04:00,234.5890236964178,244.35746061709935,226.9648737146384,227.35891723632812,392220700
2020-03-13 00:00:00-04:00,241.08604410630707,248.77434647333422,227.7346366084583,246.7949981689453,329566100
2020-03-16 00:00:00-04:00,221.00851540675873,235.41374899779908,217.50801453237176,219.78976440429688,297240000
2020-03-17 00:00:00-04:00,224.54567331011896,234.7448160424353,217.24227013870095,231.6566619873047,262070500
2020-03-18 00:00:00-04:00,216.4908528327942,227.5971727449602,208.94918598045479,219.92721557617188,327597100
2020-03-19 00:00:00-04:00,219.23994888867023,226.6899879899135,212.79791514547082,220.39456176757812,289322000
2020-03-20 00:00:00-04:00,223.5524848436313,225.340685761299,210.62030694707715,210.89683532714844,347158800
2020-03-23 00:00:00-04:00,210.33457814055313,211.7079795342504,201.18157403211723,205.5045928955078,326025200
2020-03-24 00:00:00-04:00,216.07704306343078,224.99960729715744,215.50556148045126,224.12393188476562,235494500
2020-03-25 00:00:00-04:00,225.70940958622614,236.29113275948575,220.99004380835,227.4791717529297,299430300
2020-03-26 00:00:00-04:00,229.99554223572162,242.23639250176075,229.56231770960696,240.76161193847656,257632800
2020-03-27 00:00:00-04:00,233.45209014133601,240.402092757539,231.40579995163029,233.59034729003906,224341200
2020-03-30 00:00:00-04:00,235.6920001467687,241.89538760446962,233.69179985401286,241.17642211914062,171369500
2020-03-31 00:00:00-04:00,240.17164803132644,242.72489040419927,236.17124857366713,237.58152770996094,194881100
2020-04-01 00:00:00-04:00,228.57601345891695,237.4985784321248,224.8152643278773,226.8892059326172,189554600
2020-04-02 00:00:00-04:00,226.00436908212768,232.90828237588337,225.45131227100063,232.1248016357422,177660400
2020-04-03 00:00:00-04:00,231.13845637562466,233.49815259461442,226.03195803243236,228.76956176757812,135561200
2020-04-06 00:00:00-04:00,237.6645195634411,246.1077708063619,228.75117988905635,244.1352081298828,188061200
2020-04-07 00:00:00-04:00,252.75363674810376,253.5094802250557,244.16292851101056,244.38414001464844,201427200
2020-04-08 00:00:00-04:00,246.99265102854096,254.40354477435332,244.49471105578704,252.5876922607422,153774500
2020-04-09 00:00:00-04:00,255.8598866626546,259.19665225611317,253.91500360542418,256.431396484375,189999200
2020-04-13 00:00:00-04:00,255.45432127320237,255.79536495704366,250.17267304475266,254.09011840820312,114839100
2020-04-14 00:00:00-04:00,258.9939241696713,262.6071767744226,253.95193888256938,261.58404541015625,134143400
2020-04-15 00:00:00-04:00,255.85074375235794,261.722300280177,253.90583214374047,256.02587890625,121775000
2020-04-16 00:00:00-04:00,257.3070016297343,258.1181476901565,254.1822777488258,257.26092529296875,131798300
2020-04-17 00:00:00-04:00,263.0494908996366,264.8192383185562,260.3026608505208,264.2109069824219,146684800
2020-04-20 00:00:00-04:00,260.4962374090838,264.34918093759455,259.3348493819713,259.5560607910156,100109300
2020-04-21 00:00:00-04:00,255.07643798748308,256.2839308424409,250.73496586689225,251.6751708984375,126385700
2020-04-22 00:00:00-04:00,256.5696114636951,259.01224803453573,255.2422866611191,257.26092529296875,92951600
2020-04-23 00:00:00-04:00,258.54213548178336,261.72219022348287,256.9382964622987,257.2424621582031,104709700
2020-04-24 00:00:00-04:00,258.7633795586813,261.50098338829105,256.707863024315,260.8280944824219,85063200
2020-04-27 00:00:00-04:00,262.80989280157024,265.7134056117483,262.34901685933136,264.5888671875,77896600
2020-04-28 00:00:00-04:00,268.24817773506373,268.5984478924174,263.06793752484685,263.37213134765625,105270000
2020-04-29 00:00:00-04:00,268.71837006811825,271.8062450162346,267.6860122880096,270.26690673828125,118745600
2020-04-30 00:00:00-04:00,268.8842250570301,270.36826016718874,266.00836377753785,267.75048828125,122901700
2020-05-01 00:00:00-04:00,262.9851285087972,267.91650860306447,259.49167965399135,260.6623229980469,125180000
2020-05-04 00:00:00-04:00,258.7725912054478,261.68533026759593,257.28858431038867,261.38116455078125,80873200
2020-05-05 00:00:00-04:00,264.2109421284769,266.6167007575491,261.5101880508397,263.796142578125,79569900
2020-05-06 00:00:00-04:00,265.5014124986934,265.88853252564763,261.57474059035235,262.0079650878906,73632600
2020-05-07 00:00:00-04:00,265.2341766173054,267.1053323245546,264.66269479484157,265.1696472167969,75250400
2020-05-08 00:00:00-04:00,268.312788587313,270.0272619493122,267.1790234909967,269.5571594238281,76452400
2020-05-11 00:00:00-04:00,267.62143930773703,270.9950545873397,267.19744131631325,269.6124267578125,79514200
2020-05-12 00:00:00-04:00,270.80148565750676,271.2162571149369,264.1003316612484,264.2386169433594,95870800
2020-05-13 00:00:00-04:00,263.67631269146233,264.71789670658603,257.13186940879604,259.5653076171875,144721100
2020-05-14 00:00:00-04:00,257.1226648696853,262.8006309608718,251.62900412320758,262.6716003417969,121977900
2020-05-15 00:00:00-04:00,260.27503664436966,263.9251656910274,259.3256334688875,263.87908935546875,111146300
2020-05-18 00:00:00-04:00,270.11938163455005,273.52987489861954,269.7967909749408,271.91680908203125,119703800
2020-05-19 00:00:00-04:00,271.317675373618,273.0321203926456,269.1054764559933,269.1239013671875,95189300
2020-05-20 00:00:00-04:00,272.67263921166995,274.56221925365764,272.4422012490064,273.6957702636719,85861700
2020-05-21 00:00:00-04:00,273.5668243697012,274.37797075027214,270.70938712165076,271.8062744140625,78293900
2020-05-22 00:00:00-04:00,271.5204376032428,272.4974922721214,270.27606703298926,272.3223571777344,63958200
2020-05-26 00:00:00-04:00,278.30448824508943,278.54415269220084,272.3407535305775,275.677490234375,88951400
2020-05-27 00:00:00-04:00,278.47971470898386,279.81626638469135,273.6405166226239,279.7793884277344,104817400
2020-05-28 00:00:00-04:00,280.8117814599495,282.830420879919,278.5903554457022,279.26324462890625,90405200
2020-05-29 00:00:00-04:00,278.79315571704814,281.0975361606882,276.03712570794073,280.50762939453125,119090800
2020-06-01 00:00:00-04:00,279.86238252828207,282.2497172147932,279.34620357604416,281.641357421875,55758300
2020-06-02 00:00:00-04:00,282.56301791606984,284.01940158934775,281.2264946134768,283.9732971191406,74267200
2020-06-03 00:00:00-04:00,285.9642105147154,288.71104043946724,285.6876962835373,287.7524108886719,92567600
2020-06-04 00:00:00-04:00,286.76632707576124,288.5084523188303,284.8951711459719,286.99676513671875,75794400
2020-06-05 00:00:00-04:00,292.4073206597043,296.13117751305407,292.3427912854571,294.3522033691406,150524700
2020-06-08 00:00:00-04:00,295.16332609828874,298.10371622781776,294.6194959789528,297.91015625,73641200
2020-06-09 00:00:00-04:00,295.23719561972075,297.9840270903737,294.3707463682276,295.6888732910156,77479200
2020-06-10 00:00:00-04:00,296.26953154628904,297.1636320853074,293.3199139807583,294.03887939453125,95000800
2020-06-11 00:00:00-04:00,287.08871701454217,287.7247278058954,276.53467911802727,277.08770751953125,209243600
2020-06-12 00:00:00-04:00,284.12081775495204,284.8950860328973,275.2351434064616,280.4061584472656,194678900
2020-06-15 00:00:00-04:00,274.70047715474163,284.157660169738,273.52063590787077,283.0238952636719,135782700
2020-06-16 00:00:00-04:00,290.7942680866062,290.94175175021076,283.59538877660174,288.471435546875,137627500
2020-06-17 00:00:00-04:00,289.49461875848573,289.78958611023603,286.5357749799992,287.273193359375,83398900
2020-06-18 00:00:00-04:00,285.7523591124386,287.8631510321055,285.29148309213133,287.38385009765625,80828700
2020-06-19 00:00:00-04:00,290.86123539887285,291.05564725053506,283.78804571133713,285.74151611328125,135549600
2020-06-22 00:00:00-04:00,285.1396742223571,287.9726452105202,283.99168103206046,287.5745544433594,74649400
2020-06-23 00:00:00-04:00,290.2316035682341,291.16667889130184,288.4910796317382,288.8984375,68471200
2020-06-24 00:00:00-04:00,286.8524506518255,287.47275466675853,279.68670319186737,281.529052734375,132813500
2020-06-25 00:00:00-04:00,280.95497926839084,284.8156113948789,278.9274573121908,284.547119140625,89468000
2020-06-26 00:00:00-04:00,283.4453359328591,283.6582819104793,277.2054000388322,277.78863525390625,127961000
2020-06-29 00:00:00-04:00,279.04784785660627,282.0104170904512,276.75183339130206,281.8715515136719,79773300
2020-06-30 00:00:00-04:00,281.4363706937527,287.1856588350015,281.2789991524152,285.4821472167969,113394800
2020-07-01 00:00:00-04:00,286.60243281239894,288.75031447900784,286.1395287421861,287.48193359375,72396500
2020-07-02 00:00:00-04:00,290.92594919645614,292.27764946199494,288.3985109841315,289.0650939941406,69344200
2020-07-06 00:00:00-04:00,292.8979535044731,294.1107600598667,292.14805107719695,293.5274963378906,61713800
2020-07-07 00:00:00-04:00,291.98139030142596,293.9626051282298,290.1205068059593,290.5000915527344,82910000
2020-07-08 00:00:00-04:00,291.2684594320676,292.8330773096431,289.50019090510847,292.72198486328125,54638600
2020-07-09 00:00:00-04:00,293.33305266183123,293.5737718234087,287.6300710323036,291.0555725097656,83354200
2020-07-10 00:00:00-04:00,290.99069480103924,294.29583596673046,289.55570377844214,294.02734375,57550400
2020-07-13 00:00:00-04:00,296.37900954803916,298.76758248176105,290.8241598614589,291.4814758300781,102997500
2020-07-14 00:00:00-04:00,290.05566283689916,296.0364034313033,288.8521236231709,295.25872802734375,93657000
2020-07-15 00:00:00-04:00,298.48982484290724,299.0730885288503,295.582773536278,297.97137451171875,87196500
2020-07-16 00:00:00-04:00,296.0642125508216,297.4436577294119,295.41613550865986,296.9900207519531,54622500
2020-07-17 00:00:00-04:00,297.9991153522291,298.6379252006533,296.01787245922196,297.8509826660156,62774900
2020-07-20 00:00:00-04:00,297.5824882108599,301.00798945239933,296.8325859166636,300.2580871582031,56308800
2020-07-21 00:00:00-04:00,302.2300162929496,302.6743860263427,299.9062292995547,300.8968505859375,57292200
2020-07-22 00:00:00-04:00,300.53578774890565,302.92438820533135,300.4246953097078,302.6095886230469,57792900
2020-07-23 00:00:00-04:00,302.2485885751996,302.9522118119583,297.62881493687297,298.9989929199219,75738000
2020-07-24 00:00:00-04:00,297.1380860452755,298.1009060135599,295.5642011590365,297.0732727050781,73766600
2020-07-27 00:00:00-04:00,297.7676232524971,299.4155603163811,296.9714137029349,299.2396545410156,48293000
2020-07-28 00:00:00-04:00,298.508295856773,299.6285439888073,297.0455315052015,297.341796875,57495000
2020-07-29 00:00:00-04:00,298.22132425942874,301.5635064567835,298.18428402153864,300.9987487792969,48454200
2020-07-30 00:00:00-04:00,298.01770277832117,300.34149078231616,295.9253951156929,299.92486572265625,61861700
2020-07-31 00:00:00-04:00,301.7208947786566,302.39674495391967,297.4899444109611,302.2948913574219,84986800
2020-08-03 00:00:00-04:00,303.96135339317016,305.1648927454192,303.4151299484772,304.396484375,53077900
2020-08-04 00:00:00-04:00,303.5354155660307,305.57220458984375,303.5354155660307,305.57220458984375,41917900
2020-08-05 00:00:00-04:00,306.8776512406806,307.72940723299746,306.6091589464229,307.47015380859375,42697700
2020-08-06 00:00:00-04:00,306.8868905622747,309.6457807205977,306.5628520645501,309.5254211425781,43679400
2020-08-07 00:00:00-04:00,308.5533192811668,310.0346178766964,307.64601718121753,309.74761962890625,57308300
2020-08-10 00:00:00-04:00,310.20119928123864,310.85851499319904,308.25699699939344,310.6733703613281,44282100
2020-08-11 00:00:00-04:00,311.8584877954249,312.4972976931631,307.37757964188273,308.10894775390625,69601100
2020-08-12 00:00:00-04:00,310.55307736748404,313.1823690322383,310.5253042540805,312.4046936035156,53774400
2020-08-13 00:00:00-04:00,311.63625638706316,313.1545952590524,310.9141271866692,311.8399353027344,41816100
2020-08-14 00:00:00-04:00,311.45115240297025,312.38622776344647,310.7197559847732,311.8492431640625,47260400
2020-08-17 00:00:00-04:00,312.86758634482084,313.2379039279469,311.8584589230985,312.8398132324219,35481000
2020-08-18 00:00:00-04:00,313.23792663760884,313.94154987395524,311.6362683640285,313.51568603515625,38733900
2020-08-19 00:00:00-04:00,313.8952460130352,314.41369632346203,311.64553896028053,312.2102966308594,68054200
2020-08-20 00:00:00-04:00,310.4789706219572,313.66375253869415,310.3493721881814,313.1823425292969,42207800
2020-08-21 00:00:00-04:00,312.84910700390265,314.5155503966336,312.50653425057345,314.2933654785156,55106600
2020-08-24 00:00:00-04:00,316.7375468203444,317.55226268539195,314.2656543583868,317.47821044921875,48588700
2020-08-25 00:00:00-04:00,318.0428574185985,318.6724001496487,316.87633016433045,318.5890808105469,38463400
2020-08-26 00:00:00-04:00,319.1815629342906,322.0515450219762,318.6353396255563,321.7830810546875,50790200
2020-08-27 00:00:00-04:00,322.65348338510256,323.94034232488855,320.82037264515805,322.48681640625,58034100
2020-08-28 00:00:00-04:00,323.5143567326901,324.6993898680201,322.32005647606724,324.56976318359375,48588900
2020-08-31 00:00:00-04:00,324.3569219651967,325.2364228395973,323.1626214267345,323.3940734863281,66099200
2020-09-01 00:00:00-04:00,324.2272161769494,326.54173620841556,323.3291812746038,326.4399108886719,54908700
2020-09-02 00:00:00-04:00,328.35633245961714,332.1336166297845,327.2083113389421,331.1615295410156,69540000
2020-09-03 00:00:00-04:00,329.4673439712891,329.93951517196746,317.1726127891446,319.764892578125,148011100
2020-09-04 00:00:00-04:00,320.45005028667015,322.023907537376,310.02543917315353,317.1541748046875,139156300
2020-09-08 00:00:00-04:00,311.7287613974505,317.21882356381394,308.18292967092003,308.4884338378906,114465300
2020-09-09 00:00:00-04:00,312.5065536735691,317.05227542874667,311.6362916856209,314.58038330078125,91462300
2020-09-10 00:00:00-04:00,316.4597237823714,317.1170396063359,308.15522419835855,309.1180725097656,90569500
2020-09-11 00:00:00-04:00,310.90485227907106,311.96952583844933,306.4424508960782,309.2754211425781,84680200
2020-09-14 00:00:00-04:00,312.450964043728,315.12656299224113,309.423581752998,313.3489990234375,65605700
2020-09-15 00:00:00-04:00,315.8116601824572,316.64488183662957,313.3582743243969,314.9321594238281,52920900
2020-09-16 00:00:00-04:00,316.1727688588802,317.60776027402704,313.4045831159811,313.6823425292969,82096000
2020-09-17 00:00:00-04:00,308.81252914941524,312.64538801635723,308.28481178308215,310.9233703613281,91523300
2020-09-18 00:00:00-04:00,311.73118033622967,311.8427175043129,304.8527807613783,307.3438720703125,105877900
2020-09-21 00:00:00-04:00,302.7427755109806,304.07197396170466,299.0526031336653,303.9232482910156,99450800
2020-09-22 00:00:00-04:00,305.4104827833405,307.5762383546096,302.8914789163634,307.0185241699219,63612100
2020-09-23 00:00:00-04:00,307.5762358389237,307.85510711224754,299.3965224188124,299.8984680175781,93112200
2020-09-24 00:00:00-04:00,298.57846329776913,303.76513850366496,297.2585410466518,300.69775390625,76681300
2020-09-25 00:00:00-04:00,299.84263930150775,306.34923785839106,298.9689221639233,305.5591735839844,71069400
2020-09-28 00:00:00-04:00,309.73267808300886,311.3500234799147,308.7380912248232,310.6343078613281,64584600
2020-09-29 00:00:00-04:00,310.4297940022314,311.17339386110456,308.2454304128315,308.94256591796875,51304000
2020-09-30 00:00:00-04:00,309.61186119180115,314.4453460617756,309.416671165214,311.2850036621094,104081100
2020-10-01 00:00:00-04:00,313.88762577093473,314.8636042513181,311.39653473476926,313.283447265625,88698700
2020-10-02 00:00:00-04:00,308.3198450119104,313.2555627207702,307.8457837333298,310.3089904785156,89431100
2020-10-05 00:00:00-04:00,312.3724629843296,315.9975617997763,312.32599863236203,315.8116760253906,45713100
2020-10-06 00:00:00-04:00,315.95116484965547,318.0518759506169,310.810952625502,311.3221740722656,90128900
2020-10-07 00:00:00-04:00,314.28737111808033,317.54997539398164,314.25948682369335,316.7413024902344,56999600
2020-10-08 00:00:00-04:00,318.68386814784026,319.6133821115986,317.7636300344893,319.5483093261719,45242500
2020-10-09 00:00:00-04:00,321.2028051718473,322.8666429134047,320.5800467748112,322.4018859863281,59528600
2020-10-12 00:00:00-04:00,324.9488974185187,329.0666389175514,324.4562559792047,327.5887145996094,80388500
2020-10-13 00:00:00-04:00,327.44928619060363,327.6258961713818,324.4841333973587,325.4508361816406,73255500
2020-10-14 00:00:00-04:00,326.02705923267933,327.1238790245569,322.6715270643458,323.40582275390625,57727900
2020-10-15 00:00:00-04:00,319.48329800773115,323.48950169298183,318.9441922862967,323.00616455078125,60357700
2020-10-16 00:00:00-04:00,324.3632468520364,326.0270851078282,322.63436416489975,322.81097412109375,89501900
2020-10-19 00:00:00-04:00,324.0750651798359,324.707127920646,317.0014769337468,317.9031066894531,68425600
2020-10-20 00:00:00-04:00,319.25089283338775,322.42984341706637,318.488712858615,319.1765441894531,60051900
2020-10-21 00:00:00-04:00,319.1299817665815,321.30506916624233,318.26554068286435,318.5722961425781,63575000
2020-10-22 00:00:00-04:00,318.78619244737797,320.9054837575771,316.6390168449337,320.31988525390625,55399300
2020-10-23 00:00:00-04:00,321.5467700590093,321.60253862948804,318.94414221494844,321.4073486328125,49143900
2020-10-26 00:00:00-04:00,318.01463274735374,318.80472532907606,311.96348746558857,315.4677734375,91473000
2020-10-27 00:00:00-04:00,315.8117699429827,316.1463814562945,314.16651156962877,314.38031005859375,65994100
2020-10-28 00:00:00-04:00,308.6916296323956,314.40813551388993,303.142429476248,303.63507080078125,127094300
2020-10-29 00:00:00-04:00,303.86739380710156,309.89992996770013,302.17567169359967,306.72100830078125,90597700
2020-10-30 00:00:00-04:00,305.1409971603956,306.4516159158962,299.86136198494626,303.5236511230469,120287300
2020-11-02 00:00:00-05:00,306.92559814453125,308.93332384063365,304.1742157069411,306.92559814453125,86068300
2020-11-03 00:00:00-05:00,310.1695753283749,314.40815753311387,307.00923292891446,312.3446350097656,93294200
2020-11-04 00:00:00-05:00,316.83410692059766,323.4150814791971,315.65363443266193,319.3252258300781,126959700
2020-11-05 00:00:00-05:00,324.62355579487365,327.36563424826636,324.27033583230514,325.5530700683594,82039700
2020-11-06 00:00:00-05:00,325.26493074804625,326.733579220785,323.1456392881092,325.4787292480469,74973000
2020-11-09 00:00:00-05:00,338.3152742409933,338.6963784554097,329.10378539457383,329.56854248046875,172304200
2020-11-10 00:00:00-05:00,328.57395526410835,330.1448364825855,325.8040211888103,329.085205078125,85552000
2020-11-11 00:00:00-05:00,331.2787982108576,332.3570379013313,330.03325280113376,331.52978515625,58649000
2020-11-12 00:00:00-05:00,330.5166342173397,331.5762939810746,326.5011545842146,328.3136901855469,67546200
2020-11-13 00:00:00-05:00,330.2284982463468,333.60263931693396,329.70797256583705,332.8590393066406,62892200
2020-11-16 00:00:00-05:00,335.53608323091584,337.2091976293169,334.2440447341139,337.0140075683594,74541100
2020-11-17 00:00:00-05:00,334.5972374413552,336.4098015306876,333.0821247126404,335.201416015625,66111000
2020-11-18 00:00:00-05:00,335.47095237920496,336.01936231897963,331.1301088549771,331.16729736328125,70591300
2020-11-19 00:00:00-05:00,330.53515935939345,332.9332928188194,329.18735281356163,332.5614929199219,59940900
2020-11-20 00:00:00-05:00,332.3013602579922,332.50585453742735,330.20995309552933,330.2843017578125,70417300
2020-11-23 00:00:00-05:00,332.09673238820744,333.52819176842985,329.8566004357761,332.2640380859375,63230600
2020-11-24 00:00:00-05:00,334.82031711721845,338.1665740612137,333.9651798999618,337.6181640625,62415900
2020-11-25 00:00:00-05:00,337.5344679872675,337.56235227629367,336.0007753577867,337.09759521484375,45330900
2020-11-27 00:00:00-05:00,338.1944089835005,338.5104403756147,337.02321213244505,338.0364074707031,28514100
2020-11-30 00:00:00-05:00,337.2554798188756,337.5250467636952,333.8534842709215,336.5397644042969,83872700
2020-12-01 00:00:00-05:00,339.8024998061892,341.7637610766728,339.2075971251857,340.22076416015625,74231400
2020-12-02 00:00:00-05:00,339.10537931768437,341.09452496721,338.5290850488173,340.9365234375,45927000
2020-12-03 00:00:00-05:00,340.83423215842737,342.23780756286345,339.7374123001427,340.8435363769531,62882000
2020-12-04 00:00:00-05:00,341.4291227207132,343.7807922363281,341.33616563830765,343.7807922363281,50749900
2020-12-07 00:00:00-05:00,343.00929853997224,343.5670126985919,341.80094150173,343.0743713378906,48944300
2020-12-08 00:00:00-05:00,341.80098680862193,344.6452981914329,341.75452244196146,344.07830810546875,42458900
2020-12-09 00:00:00-05:00,344.7382200244361,344.8962215481374,340.1557219727567,340.9922790527344,74098300
2020-12-10 00:00:00-05:00,339.61655289507456,341.931033863523,338.7428073956365,340.8807067871094,57735400
2020-12-11 00:00:00-05:00,339.17970394397395,340.890006557245,337.65531550527345,340.48101806640625,57698600
2020-12-14 00:00:00-05:00,342.65604936198173,343.73426062304117,338.7799635596942,338.9565734863281,69216200
2020-12-15 00:00:00-05:00,341.5034549865661,343.5390930175781,340.127792352415,343.5390930175781,63865300
2020-12-16 00:00:00-05:00,343.75297243927287,344.9985181509299,342.8699225405304,344.07830810546875,58420500
2020-12-17 00:00:00-05:00,345.7235069456668,346.20684410811197,344.8962257081794,346.0023498535156,64119500
2020-12-18 00:00:00-05:00,346.29171920031933,346.4597381046368,342.6044762600976,344.62078857421875,136542300
2020-12-21 00:00:00-05:00,340.6909091664854,353.28349765930517,337.9464860594787,343.3886413574219,96386700
2020-12-22 00:00:00-05:00,343.7153181678852,343.82733077167063,341.68034656595023,342.8098449707031,47949000
2020-12-23 00:00:00-05:00,343.7806801753628,345.0315351063921,342.79119749130325,343.117919921875,46201400
2020-12-24 00:00:00-05:00,343.59397848988544,344.4807924589566,343.0059122912495,344.4527893066406,26457900
2020-12-28 00:00:00-05:00,347.01041831787796,347.8038787507137,346.3850052441525,347.4118347167969,39000400
2020-12-29 00:00:00-05:00,348.94279009754194,349.1201528820118,346.1610203351437,346.7491149902344,53680500
2020-12-30 00:00:00-05:00,347.57058839397877,348.2800395515808,346.85182184412906,347.2438659667969,49455300
2020-12-31 00:00:00-05:00,347.04778143541307,349.73619745667565,346.5343809189973,349.0080871582031,78520700
2021-01-04 00:00:00-05:00,350.3430308698017,350.4737312418111,340.55087239704,344.25677490234375,110210800
2021-01-05 00:00:00-05:00,343.6125758204039,347.719865174645,343.56588492053913,346.627685546875,66426200
2021-01-06 00:00:00-05:00,345.11552753738533,351.9019187189158,344.5647799187049,348.7000732421875,107997700
2021-01-07 00:00:00-05:00,351.08043056721175,354.6276289954362,350.903067797057,353.880859375,68766800
2021-01-08 00:00:00-05:00,355.2717141545609,356.1118370621761,352.01389123519994,355.89715576171875,71677200
2021-01-11 00:00:00-05:00,352.7139913129885,355.2623631319254,352.59263484781377,353.49810791015625,51034700
2021-01-12 00:00:00-05:00,353.68488655633377,354.5903313155894,351.32316391848667,353.5728454589844,52547700
2021-01-13 00:00:00-05:00,353.4981642054425,355.52379194885276,352.7140474834026,354.5249938964844,45303600
2021-01-14 00:00:00-05:00,355.27175642559587,355.7758416251156,352.9474094575699,353.283447265625,49989100
2021-01-15 00:00:00-05:00,351.6591667497863,352.4619426341767,348.8400787887009,350.70703125,107160000
2021-01-19 00:00:00-05:00,353.1714095466067,354.0022171031651,351.6871856917085,353.4607849121094,51233300
2021-01-20 00:00:00-05:00,355.7571121035388,359.1923262780923,355.36506804016375,358.3522033691406,61836100
2021-01-21 00:00:00-05:00,358.9123241730878,359.3417438187751,357.75482257805237,358.678955078125,47840100
2021-01-22 00:00:00-05:00,356.82132917887884,358.5762692472842,356.4386004629022,357.409423828125,52860500
2021-01-25 00:00:00-05:00,358.14683518859727,359.1736362444542,353.28340355342897,358.8189392089844,70402000
2021-01-26 00:00:00-05:00,359.77113832425107,360.1818702142021,358.0255420356784,358.2589111328125,42665300
2021-01-27 00:00:00-05:00,354.92633274341165,355.01968606374936,347.2625008838294,349.5028381347656,123351100
2021-01-28 00:00:00-05:00,351.3231034198512,356.5225729048654,350.8843969357279,352.5086364746094,94198100
2021-01-29 00:00:00-05:00,350.64166338752005,351.6124865949005,343.77126386307543,345.4515380859375,126765100
2021-02-01 00:00:00-05:00,348.8587780208287,352.2379578048874,345.7409704717956,351.2018127441406,75817600
2021-02-02 00:00:00-05:00,354.3943082588558,357.72682583158235,351.2858443927636,356.16790771484375,64450700
2021-02-03 00:00:00-05:00,356.9987151844739,358.17490455947774,355.1691094246982,356.4479675292969,52427100
2021-02-04 00:00:00-05:00,357.48409816801393,360.54589948348286,356.5599656893547,360.4992370605469,47142600
2021-02-05 00:00:00-05:00,362.37557469425633,362.6276030840399,360.45261545754704,361.91815185546875,48669800
2021-02-08 00:00:00-05:00,363.3743607210716,364.5785532958021,362.5155783559081,364.5318908691406,38365200
2021-02-09 00:00:00-05:00,363.69168503335237,364.88656203696013,363.2809816726569,364.28912353515625,35551100
2021-02-10 00:00:00-05:00,366.0347011302047,366.1840607481003,361.7220454304173,364.1304016113281,59154400
2021-02-11 00:00:00-05:00,365.21330826144924,365.6333840486648,362.28220709351234,364.71856689453125,42913300
2021-02-12 00:00:00-05:00,363.9158256964812,366.7629176771536,363.8411316221849,366.5202331542969,50593300
2021-02-16 00:00:00-05:00,367.75233294042647,367.94838348385304,365.48399225881036,366.2027587890625,50972400
2021-02-17 00:00:00-05:00,364.44782425799957,366.538802023483,363.43031003691596,366.2867736816406,52290600
2021-02-18 00:00:00-05:00,363.67304193930454,365.47464442889515,361.9461050220427,364.7278747558594,59712800
2021-02-19 00:00:00-05:00,365.98813179028394,366.277507221227,363.6357528194678,364.0838317871094,83241000
2021-02-22 00:00:00-05:00,361.3113283443458,363.7010253533057,361.01260909636693,361.2833251953125,67414200
2021-02-23 00:00:00-05:00,359.071007068001,363.0756284840309,354.90771062947573,361.7220764160156,107284100
2021-02-24 00:00:00-05:00,360.62995453782383,366.13748853769215,359.6404717519869,365.70806884765625,72433900
2021-02-25 00:00:00-05:00,364.43850086453193,365.8107122221224,355.44911916352476,356.89599609375,146670500
2021-02-26 00:00:00-05:00,358.78159638258063,359.92975391891395,353.0687263861463,355.0570068359375,152701600
2021-03-01 00:00:00-05:00,359.9391348464769,364.9145796408334,355.2530939230072,363.6636962890625,105348800
2021-03-02 00:00:00-05:00,363.8876672273642,364.1210362569101,360.32178161891903,360.82586669921875,79595300
2021-03-03 00:00:00-05:00,360.12585700592814,361.096651920439,355.9438726099805,356.04656982421875,119940200
2021-03-04 00:00:00-05:00,355.8598669496521,358.4549301482067,347.14120097339406,351.64056396484375,183433000
2021-03-05 00:00:00-05:00,355.15045563009375,359.1644216094542,347.8506911653114,358.1095886230469,152039600
2021-03-08 00:00:00-05:00,359.07092965480655,361.89001729678296,356.0464761258364,356.3265075683594,123149200
2021-03-09 00:00:00-05:00,360.1818668416844,363.9717786646601,359.67778162011194,361.4140625,113633600
2021-03-10 00:00:00-05:00,363.7663934988811,365.3626300474982,362.3475197320477,363.6636962890625,109899400
2021-03-11 00:00:00-05:00,366.1374442709955,369.3299174808508,365.68002148147286,367.3509521484375,86245000
2021-03-12 00:00:00-05:00,365.9880031387233,367.98562729811,365.1758834413944,367.8456115722656,64653600
2021-03-15 00:00:00-04:00,368.0977512494196,370.3007704564928,365.9507668370694,370.0393981933594,73427200
2021-03-16 00:00:00-04:00,370.6554372330348,371.36485984183645,368.79780004485065,369.5726013183594,73722500
2021-03-17 00:00:00-04:00,368.28439370276624,371.63557011212924,367.1362076288322,370.8327941894531,97959300
2021-03-18 00:00:00-04:00,368.237776582105,370.3287545797214,364.75589939193253,365.4373474121094,115349100
2021-03-19 00:00:00-04:00,365.13574666256363,366.71849082891276,362.57899949059845,364.7611389160156,113624500
2021-03-22 00:00:00-04:00,365.2763037073153,369.0599085399018,365.2201139616466,367.673828125,73778600
2021-03-23 00:00:00-04:00,367.0369263591319,368.48854216406016,363.9931918294677,364.7798767089844,90686600
2021-03-24 00:00:00-04:00,366.18474632931844,367.8236806159586,362.8787828829255,362.92559814453125,97588600
2021-03-25 00:00:00-04:00,361.48328710314735,365.76322438235565,359.53528100576926,364.9671936035156,116128600
2021-03-26 00:00:00-04:00,366.1191203770628,371.2513354528067,365.51975365812234,370.8486328125,114409100
2021-03-29 00:00:00-04:00,369.36886439554,371.5697241805581,367.87977932756746,370.6612854003906,108107600
2021-03-30 00:00:00-04:00,369.3876248451176,370.3522533875979,368.0764548349009,369.6779479980469,76262200
2021-03-31 00:00:00-04:00,370.24920193591674,372.74038482195306,370.22110707024007,371.1763610839844,112734200
2021-04-01 00:00:00-04:00,373.11502193486143,375.2409717344866,372.90898337676424,375.18475341796875,99682900
2021-04-05 00:00:00-04:00,377.85388217916733,381.11302977511093,377.7789720579834,380.56982421875,91684800
2021-04-06 00:00:00-04:00,380.0079543326237,381.3940060302929,379.6707873110672,380.3450927734375,62021000
2021-04-07 00:00:00-04:00,380.17647612247123,381.13173016634283,379.71758377503375,380.78521728515625,55836300
2021-04-08 00:00:00-04:00,382.0401914578226,382.6489326563563,381.1036577429274,382.5927429199219,57863100
2021-04-09 00:00:00-04:00,382.4710055003902,385.54283484528173,382.34925154836947,385.3742370605469,61104600
2021-04-12 00:00:00-04:00,384.7748703761354,385.78631418087707,384.1661291967522,385.5147399902344,56704900
2021-04-13 00:00:00-04:00,385.4118016166426,387.2848694501414,385.0278192810857,386.6573791503906,56551000
2021-04-14 00:00:00-04:00,386.629184455803,387.68747208141957,384.7935864554999,385.3367919921875,61659900
2021-04-15 00:00:00-04:00,387.48146637214757,389.7478906331614,387.4346511167277,389.4762878417969,60229800
2021-04-16 00:00:00-04:00,390.7685796212854,391.3866951241909,389.3450590750601,390.7779541015625,82037300
2021-04-19 00:00:00-04:00,389.84150124750823,390.2910191020154,387.52826201872847,388.8581237792969,78498500
2021-04-20 00:00:00-04:00,387.6406066007117,388.7457093345843,384.53130834337946,386.01104736328125,81851800
2021-04-21 00:00:00-04:00,385.39304330026425,389.86967383854443,385.25254036198135,389.66363525390625,66793000
2021-04-22 00:00:00-04:00,389.49495074233465,390.3284507375282,385.03704191092794,386.10467529296875,97582800
2021-04-23 00:00:00-04:00,386.6666955199945,391.70525180773853,386.5917853934421,390.29107666015625,73209200
2021-04-26 00:00:00-04:00,390.94660972783475,391.67710483269894,390.35658895453304,391.1058044433594,52182400
2021-04-27 00:00:00-04:00,391.40552766202535,391.602220319812,389.87897313751233,391.02154541015625,51303100
2021-04-28 00:00:00-04:00,391.2931314053205,392.4169832445719,390.44088233369035,390.9091491699219,51238900
2021-04-29 00:00:00-04:00,393.6438680253927,394.0184758048344,390.01011254525065,393.4003601074219,78544300
2021-04-30 00:00:00-04:00,391.1245628402862,391.97681191330355,389.9164263982354,390.81549072265625,85527000
2021-05-03 00:00:00-04:00,392.8103349425953,393.19431720102517,391.1620550150992,391.6584167480469,68128300
2021-05-04 00:00:00-04:00,389.6636086069614,390.15997035681755,385.54286577673696,389.2421569824219,101591200
2021-05-05 00:00:00-04:00,390.8904461283248,391.12457955682845,388.8019656570056,389.3638916015625,60162200
2021-05-06 00:00:00-04:00,389.43881678077094,392.60430542945204,387.42527493393436,392.47320556640625,74321400
2021-05-07 00:00:00-04:00,393.24113804267915,395.98517484775925,392.5574581716832,395.32958984375,67733800
2021-05-10 00:00:00-04:00,395.6855085973349,395.91026755105577,391.29316303200807,391.4149169921875,81852400
2021-05-11 00:00:00-04:00,386.8820921309742,388.9143543332636,384.0350215703877,387.921630859375,116888000
2021-05-12 00:00:00-04:00,385.13071655408515,386.4043885112803,378.3595684436156,379.6800842285156,134811000
2021-05-13 00:00:00-04:00,381.23485363068426,386.17975137696357,381.1880097882073,384.2411193847656,106394000
2021-05-14 00:00:00-04:00,386.98512103851886,390.993484533841,386.9570261679269,390.1412353515625,82201600
2021-05-17 00:00:00-04:00,389.02677315390787,389.9633069159993,387.12558217934975,389.14849853515625,65129200
2021-05-18 00:00:00-04:00,389.4106602818648,389.65416816422237,385.63643100900947,385.795654296875,59810200
2021-05-19 00:00:00-04:00,381.09426361206437,384.96212335727006,379.60515004278085,384.7841796875,106467100
2021-05-20 00:00:00-04:00,385.6645888163089,390.18806285746604,385.54286343600126,388.9237365722656,78022200
2021-05-21 00:00:00-04:00,390.4127887790832,391.6583945728601,388.1463932893185,388.60528564453125,76578700
2021-05-24 00:00:00-04:00,390.85305201704307,393.6439333111227,390.60954405868654,392.5669250488281,51376700
2021-05-25 00:00:00-04:00,393.6531832309636,394.00907059694083,391.1151849988608,391.6958312988281,57451400
2021-05-26 00:00:00-04:00,392.2858873840644,392.9789132133939,391.2463486400701,392.47320556640625,43088600
2021-05-27 00:00:00-04:00,393.5033228159694,394.01840484734964,392.3981914816347,392.6791687011719,56707700
2021-05-28 00:00:00-04:00,394.25259179378133,394.514820085861,393.14748889006984,393.3816223144531,58520200
2021-06-01 00:00:00-04:00,395.75100639492683,395.8914807174247,392.59489276628096,393.0350646972656,54216600
2021-06-02 00:00:00-04:00,393.690698113344,394.49613202119497,392.67925421266847,393.6532287597656,49097100
2021-06-03 00:00:00-04:00,391.3306351753736,393.3348025487419,389.86027032089925,392.1922302246094,58138800
2021-06-04 00:00:00-04:00,394.04652085532695,396.0788113874911,392.25773821034744,395.77911376953125,55938800
2021-06-07 00:00:00-04:00,395.7697798896526,395.9477235822755,394.4586384024901,395.3951721191406,51555000
2021-06-08 00:00:00-04:00,396.2567109338169,396.3503700083469,393.6438028130732,395.4794006347656,47134300
2021-06-09 00:00:00-04:00,396.32236088203933,396.3972995901698,394.66470636912584,394.88946533203125,48436300
2021-06-10 00:00:00-04:00,396.1162954173843,397.6803193100831,394.79577943846573,396.72503662109375,51020100
2021-06-11 00:00:00-04:00,397.2775797356141,397.4929641801739,395.9851587453018,397.3805847167969,45570800
2021-06-14 00:00:00-04:00,397.4929552839291,398.37329916833056,396.24737815172665,398.2702941894531,42358500
2021-06-15 00:00:00-04:00,398.42016938215374,398.4576101510953,396.6594814967525,397.5398254394531,51508500
2021-06-16 00:00:00-04:00,397.68030413045653,397.90506306952614,393.2692384667754,395.3202209472656,80386100
2021-06-17 00:00:00-04:00,394.90813826452404,396.17243576818447,392.70727857401477,395.1890869140625,90949700
2021-06-18 00:00:00-04:00,391.89682121151446,392.5921143691672,389.6511975047522,389.85791015625,118676300
2021-06-21 00:00:00-04:00,391.6242317543802,395.62692633353106,390.80678650635434,395.4389953613281,72822000
2021-06-22 00:00:00-04:00,395.4296600028668,398.389386740263,394.70615149146886,397.5531311035156,57700300
2021-06-23 00:00:00-04:00,397.62833378473624,398.4363740041373,396.98941426136173,397.073974609375,49445400
2021-06-24 00:00:00-04:00,399.225696654204,399.84580592793344,398.9719869134309,399.4230041503906,45110300
2021-06-25 00:00:00-04:00,400.17462954356137,401.2927530302253,399.8457646343818,400.84173583984375,58129500
2021-06-28 00:00:00-04:00,401.3679734603322,401.81896201755063,400.1652895173382,401.64984130859375,53159600
2021-06-29 00:00:00-04:00,402.0350569786464,402.6739765145748,401.33035872377803,401.8659362792969,35970500
2021-06-30 00:00:00-04:00,401.4054988705683,402.8806740439344,401.37731208840023,402.20416259765625,64827900
2021-07-01 00:00:00-04:00,402.9651385305828,404.59065238023936,402.89935982975703,404.430908203125,53441000
2021-07-02 00:00:00-04:00,405.5961445685343,407.87936005714425,404.51558429333807,407.5223083496094,57697700
2021-07-06 00:00:00-04:00,407.57869308441616,407.79481088022624,404.0364200440292,406.780029296875,68710400
2021-07-07 00:00:00-04:00,407.46595413696065,408.499517372538,405.44582475675105,408.2176208496094,63549500
2021-07-08 00:00:00-04:00,402.88063542340194,405.65245965927846,401.6967333373441,404.8913879394531,97595200
2021-07-09 00:00:00-04:00,406.404113571715,409.51417906433124,404.69403920605106,409.2135009765625,76238600
2021-07-12 00:00:00-04:00,409.1290213300447,410.93306153821294,408.69681441503684,410.6793518066406,52889600
2021-07-13 00:00:00-04:00,409.8901212422422,411.3934834062795,409.01630219959645,409.2793884277344,52911300
2021-07-14 00:00:00-04:00,410.98001241451976,411.4686215512165,408.6404234073977,409.89007568359375,64130400
2021-07-15 00:00:00-04:00,408.5464858744355,409.2229973856593,406.5827300635527,408.4901123046875,55126400
2021-07-16 00:00:00-04:00,409.67391314478954,409.7208815498635,404.8913653341161,405.2859802246094,75874700
2021-07-19 00:00:00-04:00,400.4470914346093,405.3517919065615,396.4819885344928,399.30078125,147987000
2021-07-20 00:00:00-04:00,399.9678792806627,406.3007862832232,399.16921562616085,405.0229187011719,99608200
2021-07-21 00:00:00-04:00,406.2256820890456,408.44314765851226,404.97602971576475,408.30218505859375,64724400
2021-07-22 00:00:00-04:00,408.48062363685614,409.40143954488997,407.49405769372373,409.1571350097656,47878500
2021-07-23 00:00:00-04:00,411.09276865256516,413.70484906884116,410.4068806943092,413.3666076660156,63766600
2021-07-26 00:00:00-04:00,412.774643694326,414.39075280856224,412.72767528125456,414.38134765625,43719200
2021-07-27 00:00:00-04:00,413.3383994714901,413.3665862535988,409.65516412190027,412.4927673339844,67397100
2021-07-28 00:00:00-04:00,413.12224152861904,413.7047874183934,410.89539993579183,412.3235778808594,52472400
2021-07-29 00:00:00-04:00,413.25386844732344,415.1142535469897,413.24446329453843,414.0337219238281,47435300
2021-07-30 00:00:00-04:00,411.4591849287355,413.4793140165647,411.32762750222685,412.02294921875,68951200
2021-08-02 00:00:00-04:00,413.74249381603687,414.2968530798133,410.8015480999055,411.1585998535156,58783300
2021-08-03 00:00:00-04:00,411.9571775152014,414.6256312808162,409.7585225535521,414.50347900390625,58053900
2021-08-04 00:00:00-04:00,413.21626628316693,414.4753237326035,412.2297001895343,412.464599609375,46732200
2021-08-05 00:00:00-04:00,413.62970218164946,415.1612510262335,413.3102424033691,415.0766906738281,38969700
2021-08-06 00:00:00-04:00,415.3961145625114,416.1853731243509,415.1142180712691,415.7625427246094,46930000
2021-08-09 00:00:00-04:00,415.73434047583487,416.0538002146291,414.65380898521596,415.4242858886719,41222600
2021-08-10 00:00:00-04:00,415.87529184094507,416.6551739287781,415.1894039248862,415.9410705566406,43339300
2021-08-11 00:00:00-04:00,417.012231826999,417.0686053915082,415.88470318832685,416.9746398925781,44034300
2021-08-12 00:00:00-04:00,416.8242824343716,418.36523626093714,415.9222767677867,418.2242736816406,38909400
2021-08-13 00:00:00-04:00,418.6752988088245,419.00416370969447,418.18671837060634,418.9853820800781,39470300
2021-08-16 00:00:00-04:00,417.679364182721,420.1035136305941,416.1196285607499,419.97198486328125,73740000
2021-08-17 00:00:00-04:00,417.40680489265077,418.08331627311867,414.2215841205355,417.2189025878906,92673900
2021-08-18 00:00:00-04:00,416.2042051509301,417.77334598687406,412.40825094257275,412.65252685546875,89351900
2021-08-19 00:00:00-04:00,409.918169394497,414.4940330646539,409.777235511774,413.29132080078125,92812200
2021-08-20 00:00:00-04:00,413.6391004134635,416.9088820154154,413.1504912643013,416.58001708984375,72008700
2021-08-23 00:00:00-04:00,418.27131541425854,421.15588723398355,416.6552062239017,420.2444763183594,54973000
2021-08-24 00:00:00-04:00,420.9114990234375,421.44707648763705,420.39473186101094,420.9114990234375,38744700
2021-08-25 00:00:00-04:00,421.0994762269488,422.3115365062703,420.7236142411114,421.7947692871094,40529700
2021-08-26 00:00:00-04:00,421.512902218037,421.7478016384588,419.2109051024509,419.30487060546875,57829600
2021-08-27 00:00:00-04:00,420.11291814276507,423.4296968697422,420.05654457482467,423.0538635253906,77235100
2021-08-30 00:00:00-04:00,423.73037385105744,425.7035347462911,423.4860692744892,424.9142761230469,48357400
2021-08-31 00:00:00-04:00,424.8202760109067,425.1585173900656,423.68337092085335,424.2846984863281,59300200
2021-09-01 00:00:00-04:00,425.22432680633483,425.7410940643304,424.2753239669928,424.5102233886719,48721400
2021-09-02 00:00:00-04:00,425.93843646863075,426.624324438472,424.6136002700282,425.8162841796875,42501000
2021-09-03 00:00:00-04:00,424.6793257059568,426.2296559823971,424.27527695301467,425.7128601074219,47170500
2021-09-07 00:00:00-04:00,425.3652318920659,425.45919738921737,423.5142234277316,424.19073486328125,51671500
2021-09-08 00:00:00-04:00,423.65516856635304,424.38805353516796,421.74775794287143,423.6739501953125,56181900
2021-09-09 00:00:00-04:00,423.47664366355934,425.23368656226256,421.6162301197451,421.86053466796875,57970400
2021-09-10 00:00:00-04:00,423.79605335517317,424.2188550145815,418.41214949812587,418.5343017578125,89948200
2021-09-13 00:00:00-04:00,421.54106611784215,421.8041522895671,417.2846616131166,419.60546875,83738600
2021-09-14 00:00:00-04:00,421.0525192206334,421.259231862823,416.44849619831564,417.34112548828125,78197100
2021-09-15 00:00:00-04:00,417.7638680701213,421.3249508984544,416.65514981646095,420.82696533203125,78792200
2021-09-16 00:00:00-04:00,420.30084602817857,421.27800698138066,417.20015644327026,420.159912109375,77786700
2021-09-17 00:00:00-04:00,419.3850447458292,419.8092009655331,415.70885157843173,416.0670471191406,118425000
2021-09-20 00:00:00-04:00,409.92127316182945,411.50484731751953,404.24675595478044,409.1294860839844,166445500
2021-09-21 00:00:00-04:00,411.4765989731629,412.77740239408223,408.2151839034243,408.7430419921875,92526100
2021-09-22 00:00:00-04:00,411.02416762880415,414.7757574662191,408.8561809423552,412.73028564453125,102350100
2021-09-23 00:00:00-04:00,414.6060323552564,419.35678355873563,414.3703804133432,417.7449035644531,76396000
2021-09-24 00:00:00-04:00,416.104801947488,419.1494355881211,415.887991791221,418.43304443359375,62094800
2021-09-27 00:00:00-04:00,417.3961891431446,418.56501369827305,416.5384125284229,417.2359619140625,61371100
2021-09-28 00:00:00-04:00,414.45525091590594,414.78516941905406,408.0926478816121,408.827880859375,130436300
2021-09-29 00:00:00-04:00,410.21345067442644,411.9572806871439,408.95035979785877,409.51593017578125,82329200
2021-09-30 00:00:00-04:00,410.995797948249,411.702753721443,404.1713274228365,404.51068115234375,140506000
2021-10-01 00:00:00-04:00,406.2451719392957,411.0053304314514,402.71039223736494,409.31805419921875,129240100
2021-10-04 00:00:00-04:00,408.1492158156004,409.05411133426054,401.89028562676936,404.0394592285156,128570000
2021-10-05 00:00:00-04:00,405.5476261208537,410.4963177475308,404.7464323941853,408.2434997558594,90682500
2021-10-06 00:00:00-04:00,404.63323802045085,410.147499377374,403.00254494453645,409.94012451171875,113032200
2021-10-07 00:00:00-04:00,413.22985073007703,416.33100970659876,413.05075294528,413.4843444824219,72437500
2021-10-08 00:00:00-04:00,414.25733462218886,414.6438073172031,412.0987544538842,412.73028564453125,74557400
2021-10-11 00:00:00-04:00,412.07039922916306,414.99248894914547,409.6761675373717,409.7421569824219,65233300
2021-10-12 00:00:00-04:00,410.6659754162395,411.0712898886133,407.9418249170345,408.7336120605469,71181200
2021-10-13 00:00:00-04:00,409.76098324225165,411.0240741022459,406.7729329566373,410.2040100097656,72974000
2021-10-14 00:00:00-04:00,413.8802418864106,417.25479409651945,413.4089379616776,417.1039733886719,70236800
2021-10-15 00:00:00-04:00,419.2248319298455,420.64817895672934,418.60270731079913,420.2805480957031,66260200
2021-10-18 00:00:00-04:00,418.4895820363863,421.86410527039766,417.8297450763768,421.5247802734375,62213200
2021-10-19 00:00:00-04:00,423.1554774596146,424.842724595289,422.54275941839205,424.7767639160156,46996800
2021-10-20 00:00:00-04:00,425.2387144809277,426.74689290235045,425.12560613339036,426.44525146484375,49571600
2021-10-21 00:00:00-04:00,425.84185072533893,427.78362019691554,425.4082592577517,427.5574035644531,41305400
2021-10-22 00:00:00-04:00,427.1239067193573,428.5755308868153,425.1632662499917,427.1144714355469,58845100
2021-10-25 00:00:00-04:00,428.2079275863371,429.7349478242848,426.4264135641018,429.405029296875,45214500
2021-10-26 00:00:00-04:00,430.9602960997976,432.17623944578014,429.4144055056858,429.79144287109375,56075100
2021-10-27 00:00:00-04:00,430.25331425071147,430.92255769132396,427.81193489095295,427.8873596191406,72438000
2021-10-28 00:00:00-04:00,429.32011808552153,432.09138717390806,429.31071156896627,432.0159912109375,51437900
2021-10-29 00:00:00-04:00,429.7066201419855,433.1848452815996,429.41441402054215,432.89263916015625,70162400
2021-11-01 00:00:00-04:00,433.8823570500241,434.25942318135986,431.9029036910467,433.6372985839844,48433600
2021-11-02 00:00:00-04:00,433.8068984471329,435.7015490489351,433.674919567,435.3904724121094,48908400
2021-11-03 00:00:00-04:00,434.82494436908786,438.4539899664902,434.381917575128,438.0486755371094,52509800
2021-11-04 00:00:00-04:00,438.6519472579283,440.19783784094693,438.303186978276,440.1130065917969,52847100
2021-11-05 00:00:00-04:00,442.34700103807825,443.63836916180196,440.12246036838644,441.6400451660156,66390600
2021-11-08 00:00:00-05:00,442.7428857270056,443.24246669971006,441.3289740571507,442.0170593261719,50405200
2021-11-09 00:00:00-05:00,442.3847223182138,442.6203742803155,439.1421490184052,440.5560607910156,51149100
2021-11-10 00:00:00-05:00,438.8592828332741,440.5559939626962,435.5224722676754,437.01177978515625,69429700
2021-11-11 00:00:00-05:00,438.5105251295823,438.58594985547217,437.13432592618915,437.1531677246094,34848500
2021-11-12 00:00:00-05:00,438.4257305483091,441.0084666869661,437.4736874755457,440.45233154296875,53466700
2021-11-15 00:00:00-05:00,441.74378673704854,441.9040139734473,439.47209821179746,440.60321044921875,46980500
2021-11-16 00:00:00-05:00,440.33925603652415,443.4875628369249,440.2638600648137,442.3470153808594,48857500
2021-11-17 00:00:00-05:00,442.08308989588795,442.2621876920173,440.6503362929629,441.2724609375,47858300
2021-11-18 00:00:00-05:00,442.309251323274,443.03507770094774,439.57569460199926,442.7711486816406,50625600
2021-11-19 00:00:00-05:00,442.6580506590797,443.91173518602335,441.611769772154,441.9794006347656,57315600
2021-11-22 00:00:00-05:00,443.8645412849062,446.3624458670388,440.5277020654347,440.7350769042969,72762000
2021-11-23 00:00:00-05:00,440.4052188410492,442.17732611315665,437.79420558269936,441.3195495605469,73206500
2021-11-24 00:00:00-05:00,439.3117535073813,442.6203158234828,438.49168939015044,442.4977722167969,61858800
2021-11-26 00:00:00-05:00,435.80524549170127,437.2757112190327,431.49752135014876,432.628662109375,112669600
2021-11-29 00:00:00-05:00,437.43596594042134,439.7830499281074,435.2302673557095,437.935546875,86268800
2021-11-30 00:00:00-05:00,435.48482555019865,437.39831833000216,429.1693414654298,429.4144287109375,148559600
2021-12-01 00:00:00-05:00,435.1454704103125,438.00157083991655,424.4468663284383,424.6448059082031,131939200
2021-12-02 00:00:00-05:00,424.86165584108255,432.7230020293936,424.4657478783706,431.1488342285156,127637800
2021-12-03 00:00:00-05:00,432.81724224030523,433.8823649056814,423.1555121550906,427.3972473144531,137331600
2021-12-06 00:00:00-05:00,429.9517051824305,434.3442610310532,427.52919620571214,432.45904541015625,98977500
2021-12-07 00:00:00-05:00,437.7564705046071,441.9699283158001,432.3270406361957,441.40435791015625,95484700
2021-12-08 00:00:00-05:00,441.80029512259415,443.02567377766377,440.03759434211855,442.5732116699219,72238800
2021-12-09 00:00:00-05:00,441.28185717622887,442.67692714355326,439.387234967476,439.5851745605469,61272600
2021-12-10 00:00:00-05:00,442.29985686872703,443.87399574484607,439.73596256863544,443.7231750488281,77159800
2021-12-13 00:00:00-05:00,443.2047157322275,443.5534759778387,439.50968089974606,439.79248046875,87724700
2021-12-14 00:00:00-05:00,436.51232138943914,439.0102267567972,433.8353182064863,436.7668151855469,97264100
2021-12-15 00:00:00-05:00,436.8233903926551,443.8363671006616,434.29717921546614,443.59130859375,116899300
2021-12-16 00:00:00-05:00,445.4481988016898,445.73096965038803,438.1241173932083,439.679443359375,116568600
2021-12-17 00:00:00-05:00,436.5890765889238,439.60656170872556,433.28782720309647,434.99993896484375,135511600
2021-12-20 00:00:00-05:00,429.9014604647388,430.77169014947333,426.7420931242701,430.3744201660156,107134800
2021-12-21 00:00:00-05:00,433.8080425274013,438.15927714312926,431.6324396531206,438.01739501953125,69806300
2021-12-22 00:00:00-05:00,437.7620043411423,442.51050887196607,437.56334050223455,442.3970031738281,58890200
2021-12-23 00:00:00-05:00,443.3997320049562,446.65369714760357,443.29569472408735,445.1496887207031,56439700
2021-12-27 00:00:00-05:00,446.5307010758358,451.49677783042705,446.48341665361187,451.4494934082031,56808600
2021-12-28 00:00:00-05:00,451.884573074086,452.91562165597793,450.31434355839286,451.0805358886719,47274600
2021-12-29 00:00:00-05:00,451.1846635723899,452.6792035816923,450.181991278277,451.6576232910156,54503000
2021-12-30 00:00:00-05:00,452.083263571022,453.095404283241,449.9455053015741,450.40899658203125,55329000
2021-12-31 00:00:00-05:00,449.9171118694179,451.0711058110778,448.99956890774945,449.27386474609375,65237400
2022-01-03 00:00:00-05:00,450.54134190273305,452.0075341082872,448.2238569850489,451.8750915527344,72668200
2022-01-04 00:00:00-05:00,453.303514080452,454.0224220905845,449.8603534710493,451.72381591796875,71178700
2022-01-05 00:00:00-05:00,451.3548528464761,452.130513594056,442.9550849145519,443.0496826171875,104538900
2022-01-06 00:00:00-05:00,442.58622998244016,445.35776682155085,440.25924753685416,442.6335144042969,86858900
2022-01-07 00:00:00-05:00,442.6430005573575,443.8253998227985,439.5214491762915,440.8835754394531,85111600
2022-01-10 00:00:00-05:00,437.6769296616079,440.55250393034436,431.9068153934691,440.3349609375,119362000
2022-01-11 00:00:00-05:00,440.07009675611505,444.44023980411635,437.0620510983953,444.34564208984375,74303100
2022-01-12 00:00:00-05:00,446.0860559009308,447.6090009052354,443.57937566041676,445.546875,67605400
2022-01-13 00:00:00-05:00,446.6536433613465,447.3063299976346,438.37684936061635,439.40789794921875,91173100
2022-01-14 00:00:00-05:00,436.2485220098319,439.9376014872319,435.0282780363652,439.5876159667969,95890900
2022-01-18 00:00:00-05:00,434.8770031364011,435.08510657220825,430.6865868583265,431.8027648925781,109709100
2022-01-19 00:00:00-05:00,433.3540622278281,434.7540044741665,427.04476708624003,427.319091796875,109357600
2022-01-20 00:00:00-05:00,429.2109131132616,433.93104152080394,420.4611589616414,422.5894775390625,122379700
2022-01-21 00:00:00-05:00,421.4638801817185,423.8286788760082,414.2654468125429,414.2938232421875,202271200
2022-01-24 00:00:00-05:00,408.66556381495764,416.5639967057134,398.0050623972924,416.0531921386719,251783900
2022-01-25 00:00:00-05:00,409.63982206019847,415.9396482515973,404.04943536512155,410.97357177734375,167997300
2022-01-26 00:00:00-05:00,416.88561104852806,420.02607047448777,405.6669916326692,409.94256591796875,186391100
2022-01-27 00:00:00-05:00,414.55858457806625,417.70848301575546,406.2250381977337,407.918212890625,149878300
2022-01-28 00:00:00-05:00,409.28035145506107,418.09632616567893,404.6831975620581,418.0490417480469,164457400
2022-01-31 00:00:00-05:00,417.3774492101084,425.9285683081596,416.02479145329517,425.5785827636719,152251400
2022-02-01 00:00:00-05:00,426.30699838494866,429.0974724898934,422.76926865051064,428.4542541503906,123155400
2022-02-02 00:00:00-05:00,430.8663455876293,433.3446501355986,428.5488311940209,432.6163024902344,117361000
2022-02-03 00:00:00-05:00,426.5623872138765,428.4731341093042,421.60574966980835,422.4476318359375,118024400
2022-02-04 00:00:00-05:00,422.21101369208725,428.2932668309943,419.8272789855481,424.4339294433594,118454400
2022-02-07 00:00:00-05:00,425.20027930229384,426.6002216728821,421.7382105038977,423.07196044921875,84472900
2022-02-08 00:00:00-05:00,422.5705744611604,427.4798983462463,421.142226961754,426.5528869628906,81012000
2022-02-09 00:00:00-05:00,430.60144995457046,433.1175991367621,430.40281495436784,432.7959899902344,92589900
2022-02-10 00:00:00-05:00,426.9312239359051,432.9567254068863,423.01513294817045,425.0204772949219,140103700
2022-02-11 00:00:00-05:00,425.10566970321133,427.1866752033313,415.20189176224045,416.6396789550781,153214600
2022-02-14 00:00:00-05:00,416.12890799397803,417.7180457832857,411.79658063441923,415.2775573730469,123006300
2022-02-15 00:00:00-05:00,419.7327852321781,422.14486792244224,419.212512292105,421.974609375,88482700
2022-02-16 00:00:00-05:00,419.92201420472077,423.82866614912444,418.03964373808554,422.4476318359375,84863600
2022-02-17 00:00:00-05:00,419.2504207563761,422.4192566946621,412.81818002832114,413.4235534667969,102259100
2022-02-18 00:00:00-05:00,413.6789397456878,414.937028777914,408.4669432136912,410.7466125488281,132642900
2022-02-22 00:00:00-05:00,408.5331630880986,411.9479184294001,402.8292411204385,406.338623046875,124391800
2022-02-23 00:00:00-05:00,409.2615268824227,409.8290843455233,398.5631798415869,399.1307373046875,132578000
2022-02-24 00:00:00-05:00,388.7918405378163,405.5724728761173,388.4324153595636,405.1373291015625,213942900
2022-02-25 00:00:00-05:00,406.376404898472,414.1613316714428,404.72104600826754,414.0762023925781,121804500
2022-02-28 00:00:00-05:00,408.665549734316,414.5018850268596,407.40748965693734,413.01678466796875,145615000
2022-03-01 00:00:00-05:00,411.51275948322075,413.5275723046222,404.01159714649674,406.7264099121094,137785900
2022-03-02 00:00:00-05:00,408.98712512747574,415.9396377899964,408.230401230632,414.2086181640625,117726500
2022-03-03 00:00:00-05:00,416.6491002687027,417.2544736461627,410.3398054569245,412.1465148925781,105501700
2022-03-04 00:00:00-05:00,408.40067480868873,409.9330595198553,404.7399715837537,408.7979736328125,113978200
2022-03-07 00:00:00-05:00,408.2114548095824,408.92089427144623,396.6806964467157,396.7469177246094,137896600
2022-03-08 00:00:00-05:00,396.92663488599277,404.1061585985236,392.6699982200299,393.7388916015625,164772700
2022-03-09 00:00:00-05:00,402.1482138875015,406.28187731724785,399.9536738077774,404.2954406738281,116990800
2022-03-10 00:00:00-05:00,399.669875757918,403.36842427273797,397.70237600280313,402.4698181152344,93972700
2022-03-11 00:00:00-05:00,404.96702642713234,405.581868290295,396.84158189370584,397.3523864746094,95636300
2022-03-14 00:00:00-04:00,398.12803514404516,401.5900747886048,393.30384036976113,394.4483947753906,95729200
2022-03-15 00:00:00-04:00,397.0684999143868,403.7561557165738,395.7915320632816,403.1224060058594,106219100
2022-03-16 00:00:00-04:00,406.64130172019,412.118154221395,401.82654660662627,412.0614013671875,144954800
2022-03-17 00:00:00-04:00,410.1411573323763,417.2166442871094,409.7627953751919,417.2166442871094,102676900
2022-03-18 00:00:00-04:00,415.59983278904184,422.10898522065065,414.8597246560477,421.786376953125,106345500
2022-03-21 00:00:00-04:00,421.6155341135983,423.6271083158259,418.1427105740209,421.6629943847656,88349800
2022-03-22 00:00:00-04:00,423.0577952903336,427.53640601074585,423.0577952903336,426.5970458984375,74650400
2022-03-23 00:00:00-04:00,424.0541434470879,425.55332638564335,421.0177861842086,421.1031799316406,79426100
2022-03-24 00:00:00-04:00,423.13375729905124,427.4605476512933,422.01411175984157,427.4510498046875,64736900
2022-03-25 00:00:00-04:00,428.0867312454061,429.81365956339374,425.4963387684246,429.5384826660156,77101300
2022-03-28 00:00:00-04:00,428.94076282849704,432.5938720703125,427.04304675034354,432.5938720703125,68529800
2022-03-29 00:00:00-04:00,436.49365245199573,438.43882875157925,433.7988991715261,437.9454040527344,86581500
2022-03-30 00:00:00-04:00,436.79726187082275,437.6132947591107,433.1251862656429,435.24114990234375,79666900
2022-03-31 00:00:00-04:00,434.4725987632066,435.29810058107427,428.0867740686455,428.542236328125,121699900
2022-04-01 00:00:00-04:00,430.1268144620285,430.2691373695996,426.1700928473133,429.75677490234375,89048800
2022-04-04 00:00:00-04:00,429.9560615935425,433.5427439373771,429.13055970631194,433.4383544921875,59601000
2022-04-05 00:00:00-04:00,431.93912663814103,434.4156320427128,426.81529938704466,427.9634094238281,74214500
2022-04-06 00:00:00-04:00,424.0352143730315,425.97086406711,420.7901068981446,423.6841125488281,106898000
2022-04-07 00:00:00-04:00,422.8015781085471,427.6407590745725,420.8469331976844,425.8189392089844,78097200
2022-04-08 00:00:00-04:00,425.05992681953586,427.58389261830564,423.13374620427055,424.6803894042969,79272700
2022-04-11 00:00:00-04:00,421.397319303444,422.24181683640415,416.9187372695067,417.421630859375,89770500
2022-04-12 00:00:00-04:00,420.42000917950406,422.95347289670224,414.3188589093481,415.875,84363600
2022-04-13 00:00:00-04:00,415.62830561832044,421.3973500313862,415.4480202657074,420.6382751464844,74070400
2022-04-14 00:00:00-04:00,420.865976406667,421.9856509126384,415.2961842874288,415.40057373046875,97869500
2022-04-18 00:00:00-04:00,414.4707321880482,417.26037750600096,413.3320908088153,415.5714111328125,66002500
2022-04-19 00:00:00-04:00,415.4669024532441,423.00083642794516,415.2961149824249,422.27972412109375,77821000
2022-04-20 00:00:00-04:00,424.0636107025364,424.6803625829539,420.79953701530115,421.96661376953125,65224400
2022-04-21 00:00:00-04:00,425.6007806681519,426.9956031035997,414.745842697952,415.65673828125,85417300
2022-04-22 00:00:00-04:00,414.5655465281797,415.6756941570096,403.68214426024474,404.25146484375,132471800
2022-04-25 00:00:00-04:00,402.00268452995533,406.7659413001945,397.4196841407292,406.59515380859375,119647700
2022-04-26 00:00:00-04:00,404.05219413457274,404.251475165839,394.79135963669034,394.81982421875,103996300
2022-04-27 00:00:00-04:00,395.9014975768421,401.2910329549323,393.7855627963593,395.9299621582031,122030000
2022-04-28 00:00:00-04:00,400.69325298442976,407.66736507678297,396.24310664725425,405.9309387207031,105449100
2022-04-29 00:00:00-04:00,401.9267967519265,404.09019204899124,390.17992890957805,390.9295349121094,145491100
2022-05-02 00:00:00-04:00,390.9959330128461,394.64904219767647,384.3064665675945,393.2826843261719,158312500
2022-05-03 00:00:00-04:00,393.78557938889816,397.50508664209,392.21994047752736,395.08551025390625,100028200
2022-05-04 00:00:00-04:00,395.74970498454525,407.6863555366896,392.55205797111023,407.1170349121094,144247900
2022-05-05 00:00:00-04:00,402.83766819412307,403.26466589369136,388.5004371483432,392.6469421386719,172929100
2022-05-06 00:00:00-04:00,390.075506016204,393.58626302991394,384.98014349725037,390.30322265625,151770800
2022-05-09 00:00:00-04:00,384.3823409911259,385.62534252328646,376.2221572616727,377.8067626953125,155586100
2022-05-10 00:00:00-04:00,383.80354518634044,385.3122258608909,374.6281049717166,378.6797180175781,132497200
2022-05-11 00:00:00-04:00,377.7119642029677,383.37664841900136,371.9144259489371,372.6640319824219,142361000
2022-05-12 00:00:00-04:00,369.45688410235164,375.5580349064348,365.45270165002927,372.2749938964844,125090800
2022-05-13 00:00:00-04:00,376.421414012587,382.5605258590705,375.3776645184311,381.1752014160156,104174400
2022-05-16 00:00:00-04:00,379.5242405914911,383.31017481839024,377.26595387479733,379.62860107421875,78622400
2022-05-17 00:00:00-04:00,385.73918889197347,387.6748670554885,381.9911887211895,387.4376525878906,83029700
2022-05-18 00:00:00-04:00,382.86424116317255,383.14888700880624,370.5765172556166,371.81951904296875,117674500
2022-05-19 00:00:00-04:00,368.74516861446125,373.98288298423296,367.3123838565206,369.5422058105469,98510700
2022-05-20 00:00:00-04:00,373.13838281901803,376.7250646538933,361.07840657695476,369.7035217285156,131432200
2022-05-23 00:00:00-04:00,372.739903066548,377.38933077714205,370.41521816810126,376.6207580566406,76414900
2022-05-24 00:00:00-04:00,372.4836996470706,374.9412384284281,367.1700889774752,373.7456970214844,91448800
2022-05-25 00:00:00-04:00,372.24647980927637,379.02133983121746,371.84797566495524,377.0476989746094,91472900
2022-05-26 00:00:00-04:00,378.28126246261314,386.2231999374504,378.0725125273086,384.5816650390625,82168300
2022-05-27 00:00:00-04:00,387.04874424150256,394.1367160146846,386.84949213133183,394.0228576660156,84768700
2022-05-31 00:00:00-04:00,392.40020748267347,395.1613876894027,389.0602378053124,391.8119201660156,95937000
2022-06-01 00:00:00-04:00,393.9374362442217,394.95269241980327,386.118825687974,388.6427917480469,86585800
2022-06-02 00:00:00-04:00,388.48145435599463,396.0912850769354,386.2231676872298,396.0438537597656,79609600
2022-06-03 00:00:00-04:00,391.3090821713431,392.8652233845477,388.56689726718866,389.5442199707031,71874300
2022-06-06 00:00:00-04:00,393.56726988374743,395.3036670612635,389.5535906312113,390.7301940917969,57508900
2022-06-07 00:00:00-04:00,387.22898043918536,394.93370326048847,386.76402029869297,394.4782409667969,59272400
2022-06-08 00:00:00-04:00,392.76081990811025,394.5541755868327,389.39238529138436,390.1894226074219,64350000
2022-06-09 00:00:00-04:00,388.4055491902739,390.68280270998093,380.9095764160156,380.9095764160156,86289800
2022-06-10 00:00:00-04:00,374.6850215978316,375.53898793791575,369.81737581545275,369.86480712890625,132893900
2022-06-13 00:00:00-04:00,360.42374478876593,362.28349850376446,354.2087070370515,355.82177734375,170004900
2022-06-14 00:00:00-04:00,357.57718031270616,358.61143216554296,351.6373193482159,354.74957275390625,104011800
2022-06-15 00:00:00-04:00,358.0609913233088,364.26652989061614,353.08898535903893,359.8069152832031,125666800
2022-06-16 00:00:00-04:00,351.5613492213625,351.9693511680537,345.4601709271187,347.89874267578125,134473300
2022-06-17 00:00:00-04:00,348.3152920555213,352.0032306713774,345.1324194424218,348.6488037109375,111113900
2022-06-21 00:00:00-04:00,354.39508075105675,358.8167847118206,354.3188279292555,357.42547607421875,76811900
2022-06-22 00:00:00-04:00,353.18480051988905,360.90375545370335,352.7654972536225,356.7774658203125,90059400
2022-06-23 00:00:00-04:00,358.9216589541497,361.00860756659887,355.3480709955404,360.27484130859375,79292100
2022-06-24 00:00:00-04:00,363.45768235964005,371.7388784729005,363.4290948216974,371.7293395996094,98050300
2022-06-27 00:00:00-04:00,372.65374434063085,372.9491586215477,369.21358425811263,370.3094787597656,66009600
2022-06-28 00:00:00-04:00,371.87238547630193,374.66454224306847,362.62869181609204,362.7430419921875,86548900
2022-06-29 00:00:00-04:00,363.29574686594935,364.286801041329,360.6179404700163,362.4476013183594,65676000
2022-06-30 00:00:00-04:00,358.5404645110338,362.75254644984545,355.0335903944629,359.5029602050781,112508300
2022-07-01 00:00:00-04:00,358.84546631087716,363.7436789870027,356.21529582598873,363.3052978515625,74839700
2022-07-05 00:00:00-04:00,358.1973390357599,364.0103802350714,355.3575178382135,363.9913024902344,81438000
2022-07-06 00:00:00-04:00,364.1343183853388,367.717445353006,361.7424165306726,365.220703125,70426200
2022-07-07 00:00:00-04:00,367.0027052771426,371.49112350460933,365.2397294426553,370.6906433105469,64525900
2022-07-08 00:00:00-04:00,369.05157936616473,372.2630682971359,367.5173328363373,370.3857421875,72397800
2022-07-11 00:00:00-04:00,367.6983874150096,368.6703928823558,365.4589331166824,366.15460205078125,58366900
2022-07-12 00:00:00-04:00,365.6018653816874,367.9937962223962,361.16108326606883,362.9145202636719,62219200
2022-07-13 00:00:00-04:00,357.4541259795869,363.9532987804005,357.0348226323127,361.0086364746094,84224600
2022-07-14 00:00:00-04:00,356.0341654064419,361.2182525694564,353.585088606192,360.13189697265625,89704800
2022-07-15 00:00:00-04:00,364.5536231626373,367.1266182327333,362.6381997127906,367.01226806640625,79060400
2022-07-18 00:00:00-04:00,370.109409022233,370.7860002847752,362.7525805204478,363.9819030761719,63203600
2022-07-19 00:00:00-04:00,367.91760049852417,374.38818622712296,367.26008696906104,373.81640625,78506000
2022-07-20 00:00:00-04:00,374.0069112091243,377.6186251870935,372.6346512565959,376.1986999511719,71843800
2022-07-21 00:00:00-04:00,375.61746830171614,380.0772992947523,373.20648868060636,380.0296630859375,64903900
2022-07-22 00:00:00-04:00,380.15353339871814,381.354239171884,374.273777240293,376.5036926269531,72197300
2022-07-25 00:00:00-04:00,377.1327069092067,377.8188370654713,374.7121881521154,376.961181640625,53631500
2022-07-26 00:00:00-04:00,375.3125482258629,375.52219991061475,371.6055609460376,372.5013427734375,52946400
2022-07-27 00:00:00-04:00,375.8080241745554,383.9272346038622,375.51260989744463,382.1737976074219,82342100
2022-07-28 00:00:00-04:00,382.98381076172706,387.6628029165216,379.41973266149375,386.9671630859375,73966600
2022-07-29 00:00:00-04:00,388.40613000686983,393.5997563368219,387.6342373050366,392.6086730957031,87003700
2022-08-01 00:00:00-04:00,389.9022899930606,393.9618954868596,389.1875723544022,391.4460754394531,69997500
2022-08-02 00:00:00-04:00,389.8737184031951,393.5711957915866,387.6819291877356,388.86358642578125,63435400
2022-08-03 00:00:00-04:00,390.9981480641734,396.125060100099,390.71227266816476,394.95294189453125,67820600
2022-08-04 00:00:00-04:00,394.87670061792033,395.562830670343,393.0375009919587,394.6861267089844,45656600
2022-08-05 00:00:00-04:00,390.38827994526997,394.6670466027406,390.3311048647374,394.01904296875,56814900
2022-08-08 00:00:00-04:00,395.715337324213,397.9738404362048,392.4562120570023,393.5616455078125,53886100
2022-08-09 00:00:00-04:00,392.8278470466538,393.33291297938877,390.9219334767961,391.998779296875,44931800
2022-08-10 00:00:00-04:00,399.07923026953097,400.3752665840471,397.11614167304344,400.2322998046875,68665700
2022-08-11 00:00:00-04:00,403.09117008096246,404.95898626712,399.48899469613326,400.2322998046875,59489700
2022-08-12 00:00:00-04:00,402.176315049988,407.1126237777026,401.223358349722,407.0078125,61694500
2022-08-15 00:00:00-04:00,404.78743836093645,409.2091717509519,404.73026328105976,408.6850280761719,54048300
2022-08-16 00:00:00-04:00,407.608208672531,411.42003574290754,406.79818960368954,409.48553466796875,59289000
2022-08-17 00:00:00-04:00,405.87389221829915,409.29500412969037,404.5683458687138,406.5790710449219,63563400
2022-08-18 00:00:00-04:00,406.7791077729189,408.4467820994696,405.483100541327,407.76068115234375,49023200
2022-08-19 00:00:00-04:00,404.98755200662555,405.2543787214376,401.4044254803512,402.2811584472656,68016900
2022-08-22 00:00:00-04:00,397.43061626518767,397.6021705890649,392.99937302336656,393.9046936035156,77695600
2022-08-23 00:00:00-04:00,393.4758663287654,395.87733613472665,392.39902046586167,392.9517517089844,49105200
2022-08-24 00:00:00-04:00,392.72304678759474,395.5819174343657,392.0369457510284,394.2096862792969,49177800
2022-08-25 00:00:00-04:00,395.7057281321885,399.8225080280783,394.60983375096794,399.7748718261719,50942300
2022-08-26 00:00:00-04:00,399.6605680087445,400.2037312847819,386.1857448401869,386.242919921875,103087000
2022-08-29 00:00:00-04:00,383.27926140804027,386.74800926201755,382.3263045463414,383.68902587890625,65370800
2022-08-30 00:00:00-04:00,384.85161915718464,385.0898583631651,377.37090227301206,379.4769287109375,85652400
2022-08-31 00:00:00-04:00,381.11596076613347,382.364331699267,376.45601769036006,376.58941650390625,76029700
2022-09-01 00:00:00-04:00,374.40721232996884,378.11419917142905,371.69127962474215,377.7711486816406,78740100
2022-09-02 00:00:00-04:00,381.44949959452725,382.6692829844878,371.96756897369653,373.7877197265625,99632100
2022-09-06 00:00:00-04:00,374.6359138662064,375.57933179810465,370.1474954520454,372.3774108886719,76637400
2022-09-07 00:00:00-04:00,372.06293062608904,379.83906190032036,371.8437691661729,379.0671691894531,70964200
2022-09-08 00:00:00-04:00,376.7896155569929,382.00226150651457,375.57934176857907,381.54486083984375,80821700
2022-09-09 00:00:00-04:00,383.7938612000273,388.3394843273274,383.5270344253256,387.4722900390625,76706900
2022-09-12 00:00:00-04:00,389.5497103488156,392.3609447639195,389.2447571690339,391.6366882324219,69256300
2022-09-13 00:00:00-04:00,382.9265935212206,384.1368671918231,373.48281783266907,374.6072998046875,122947100
2022-09-14 00:00:00-04:00,375.912884639726,377.561510437167,372.72047341951594,376.0367736816406,85023700
2022-09-15 00:00:00-04:00,374.47394176041706,377.33281250988284,370.4905888291596,371.7675476074219,87633800
2022-09-16 00:00:00-04:00,367.57259441105026,369.59157905276464,365.63011743148934,368.93133544921875,103084800
2022-09-19 00:00:00-04:00,365.7736585180336,371.7923583984375,365.69709245580265,371.7923583984375,73278500
2022-09-20 00:00:00-04:00,368.45285503614133,369.46713626314875,364.759345889,367.5246887207031,77274900
2022-09-21 00:00:00-04:00,369.45756777486804,372.5195676498082,361.1040999209618,361.1136779785156,106746600
2022-09-22 00:00:00-04:00,360.3385548688589,361.9843745521678,357.3339943920161,358.0803527832031,89472600
2022-09-23 00:00:00-04:00,354.5974190369315,354.6357020723969,347.6218469958117,352.08087158203125,122346900
2022-09-26 00:00:00-04:00,350.6072752623192,354.24337513079183,347.373045054377,348.59783935546875,92581200
2022-09-27 00:00:00-04:00,352.1478150517164,354.42517373959924,345.3061901306675,347.70794677734375,108294100
2022-09-28 00:00:00-04:00,348.66480724606794,356.2432124213187,346.96157731312644,354.549560546875,110802200
2022-09-29 00:00:00-04:00,350.9899839667711,351.27703369645445,344.18664256070633,347.14337158203125,112952300
2022-09-30 00:00:00-04:00,346.19604000195835,350.1287964039732,341.64135226905466,341.7752990722656,153711200
2022-10-03 00:00:00-04:00,345.50705664466255,352.6548860200817,343.7177120869297,350.7985534667969,89756500
2022-10-04 00:00:00-04:00,356.3389202158151,361.69740614716403,350.76037254104983,361.668701171875,103602800
2022-10-05 00:00:00-04:00,357.2862230097623,363.0944101650707,354.9514544776004,360.8266296386719,88065700
2022-10-06 00:00:00-04:00,359.42001295633844,362.38631999103904,356.6068088422916,357.1044006347656,82333500
2022-10-07 00:00:00-04:00,353.0568296246811,357.19052094050096,345.3731537119263,347.14337158203125,107789500
2022-10-10 00:00:00-04:00,348.2628422902701,348.5020600961187,342.24414332012117,344.4927673339844,76042800
2022-10-11 00:00:00-04:00,342.7895317948275,347.372953051993,340.36864880957154,342.31109619140625,92482800
2022-10-12 00:00:00-04:00,342.7226153717063,344.3014472178976,340.9332414645344,341.1820373535156,76991800
2022-10-13 00:00:00-04:00,334.1490155529715,351.65977770954976,333.096451291965,350.1861877441406,147254500
2022-10-14 00:00:00-04:00,352.6549522321895,354.2912233950089,341.5648159134059,342.2059326171875,123737000
2022-10-17 00:00:00-04:00,348.3107361814287,352.1095164641869,341.87098172888943,350.9995422363281,93168200
2022-10-18 00:00:00-04:00,358.95114250184974,359.2573483322076,351.6693365808902,355.1236572265625,97162900
2022-10-19 00:00:00-04:00,353.07597434848265,355.8126417822186,349.7843343422343,352.60711669921875,79746900
2022-10-20 00:00:00-04:00,352.15738908420826,356.5972865092172,348.8848759647924,349.650390625,88283100
2022-10-21 00:00:00-04:00,349.3728764279388,358.6353844531529,347.8610324838875,358.14739990234375,131038400
2022-10-24 00:00:00-04:00,359.6783882377217,363.6685254418361,357.01825783311693,362.52984619140625,85436900
2022-10-25 00:00:00-04:00,362.45331306063844,368.6346939112867,362.3384931688921,368.3189392089844,78846300
2022-10-26 00:00:00-04:00,365.1612026518363,370.86414713948733,364.9028579262017,365.5439453125,104087300
2022-10-27 00:00:00-04:00,366.54880119539604,368.3955563265665,362.9700816484125,363.5920715332031,81971800
2022-10-28 00:00:00-04:00,363.4867286085135,372.7205316401089,363.30492070912123,372.2420959472656,100302000
2022-10-31 00:00:00-04:00,369.7733746190449,371.6488343281588,368.6442734105965,369.55328369140625,96631300
2022-11-01 00:00:00-04:00,373.3137986877374,373.5530165227909,366.75922416699274,367.9361572265625,85407600
2022-11-02 00:00:00-04:00,367.3429092735215,371.868921318945,358.59712022761437,358.7023620605469,126990400
2022-11-03 00:00:00-04:00,355.4490027437404,358.0612720504973,352.8845945254816,355.00885009765625,87100100
2022-11-04 00:00:00-04:00,360.7404907966008,362.5298355084349,354.0423914979902,360.1185302734375,103505200
2022-11-07 00:00:00-05:00,361.4198817033071,364.15654904195054,359.3339090978177,363.56329345703125,68286900
2022-11-08 00:00:00-05:00,364.6731813774781,368.51024436399695,361.42940308424005,365.5248107910156,84641100
2022-11-09 00:00:00-05:00,363.54419750437904,364.7020330938093,357.49676235791094,357.9943542480469,78495500
2022-11-10 00:00:00-05:00,371.31393196232233,378.0024828489434,369.0078976049732,377.6675720214844,141455800
2022-11-11 00:00:00-05:00,378.5287377221533,382.1265833794771,376.6341219172314,381.32281494140625,93839900
2022-11-14 00:00:00-05:00,379.55263072845537,382.9208077010258,377.8015396320112,378.07904052734375,71903500
2022-11-15 00:00:00-05:00,383.8489618853264,384.9589362297327,377.4761947639268,381.3036804199219,93194500
2022-11-16 00:00:00-05:00,379.6674320185533,380.62430341627146,377.76326728154146,378.3948059082031,68508500
2022-11-17 00:00:00-05:00,373.6200265181567,377.9163992813692,373.3138498403958,377.23699951171875,74496300
2022-11-18 00:00:00-05:00,380.5859792858429,380.6529672847848,376.08870172305114,378.9497375488281,92922500
2022-11-21 00:00:00-05:00,377.6197605070804,378.7488618021571,375.72514453630845,377.5718994140625,51243200
2022-11-22 00:00:00-05:00,379.52384308381914,382.8154824724376,378.1076631417507,382.6528015136719,60429000
2022-11-23 00:00:00-05:00,382.31793318486797,385.55216299448375,382.088293407133,385.0641784667969,68261600
2022-11-25 00:00:00-05:00,384.49959168124366,385.5330290650388,384.22212002199467,384.97802734375,30545400
2022-11-28 00:00:00-05:00,381.87780499288607,383.5236249752819,378.0694462937125,378.8349609375,67881600
2022-11-29 00:00:00-05:00,378.9689080128027,380.16499726824185,376.3375116508364,378.1842956542969,52310000
2022-11-30 00:00:00-05:00,378.43311520781475,390.0973815917969,376.50982327344576,390.0973815917969,144566700
2022-12-01 00:00:00-05:00,391.1402776448078,392.31723987694085,387.29366546388246,389.81024169921875,76398200
2022-12-02 00:00:00-05:00,384.9014803886444,390.26951436446797,384.7962385623238,389.3605041503906,85342700
2022-12-05 00:00:00-05:00,386.52820609599246,387.46592136062503,380.99749068100294,382.3562316894531,77289800
2022-12-06 00:00:00-05:00,382.1935716115177,382.7389660938728,374.74911359581864,376.8446350097656,77972200
2022-12-07 00:00:00-05:00,375.9930393761272,378.576603761954,375.0648729769194,376.20355224609375,65927900
2022-12-08 00:00:00-05:00,378.0981606729528,380.22238704457504,376.30878671257267,379.15069580078125,60737900
2022-12-09 00:00:00-05:00,377.9067693033474,380.4711774858571,376.1939614285939,376.318359375,81447700
2022-12-12 00:00:00-05:00,377.11255243392947,381.74383544921875,376.4427600120724,381.74383544921875,75405800
2022-12-13 00:00:00-05:00,392.5278574617476,392.7862022737009,381.8587452734712,384.6336669921875,123782500
2022-12-14 00:00:00-05:00,384.28908544733156,388.01132898247715,379.2176790178847,382.1744079589844,108111300
2022-12-15 00:00:00-05:00,377.29434783488267,378.2033872647171,371.16082840278256,372.8257751464844,117705900
2022-12-16 00:00:00-05:00,370.260122836159,371.6058882495731,366.28050016109967,368.4241027832031,119858000
2022-12-19 00:00:00-05:00,368.6164260296432,368.95287477023777,363.62745650152823,365.300048828125,79878100
2022-12-20 00:00:00-05:00,364.5406714883894,367.4244675561658,363.2141206035338,365.7999267578125,74427200
2022-12-21 00:00:00-05:00,368.4049801931655,372.403847947224,367.8666738931474,371.2695617675781,78167400
2022-12-22 00:00:00-05:00,368.21263547412264,371.2502371282494,360.25336052462114,365.972900390625,100120900
2022-12-23 00:00:00-05:00,364.94439051791056,368.2223089378742,363.3871453178878,368.078125,59857300
2022-12-27 00:00:00-05:00,367.9627904177246,368.30883188044186,364.9444029828394,366.6266174316406,51638200
2022-12-28 00:00:00-05:00,366.5593138365044,368.53954750465414,361.8395266438076,362.0702209472656,70911500
2022-12-29 00:00:00-05:00,364.92516683940227,369.46234043156596,364.3964532994833,368.58758544921875,66970900
2022-12-30 00:00:00-05:00,365.89605537101687,367.7608831535474,363.77163783487043,367.61669921875,84022200
2023-01-03 00:00:00-05:00,369.4815413852033,371.4617455709304,363.19485806302197,366.0690612792969,74850700
2023-01-04 00:00:00-05:00,368.33771324492255,370.9331418713664,365.2808959456855,368.895263671875,85934100
2023-01-05 00:00:00-05:00,366.9342330246392,367.04958018001776,364.08889562849737,364.68487548828125,76970500
2023-01-06 00:00:00-05:00,367.7897288196835,374.1725449520528,364.71369723961243,373.0478515625,104189600
2023-01-09 00:00:00-05:00,375.24908873294936,378.4501182538117,372.65369031289714,372.8363037109375,73978100
2023-01-10 00:00:00-05:00,372.2500184786919,375.51831490424064,371.3079678453285,375.4510192871094,65358100
2023-01-11 00:00:00-05:00,377.0371345019458,380.2765941727516,376.22005305330094,380.1996765136719,68881100
2023-01-12 00:00:00-05:00,381.30508599612347,383.05456639362137,377.2197088296472,381.5838317871094,90157700
2023-01-13 00:00:00-05:00,378.37325993055947,383.64100457532766,378.1041068077167,383.0642395019531,63903900
2023-01-17 00:00:00-05:00,383.0450072774721,384.7272215523522,381.6799976439543,382.36248779296875,62677300
2023-01-18 00:00:00-05:00,383.55447849264397,384.6214688994839,376.12388712892096,376.32574462890625,99632300
2023-01-19 00:00:00-05:00,374.27823396002685,375.93161140895137,372.25960034785896,373.5861511230469,86958900
2023-01-20 00:00:00-05:00,374.98960301780386,380.69952130177495,373.3362255124201,380.54571533203125,91806400
2023-01-23 00:00:00-05:00,381.35317398077467,387.0534702139708,380.39190867323447,385.1117248535156,84178800
2023-01-24 00:00:00-05:00,383.4295175059516,385.61157923279035,382.23755789038205,384.6983947753906,59524900
2023-01-25 00:00:00-05:00,380.6129984594492,385.1790085287634,378.31556036459153,384.8425598144531,84800300
2023-01-26 00:00:00-05:00,387.51492880424684,389.2356020993196,384.5350001709371,389.0721740722656,72287400
2023-01-27 00:00:00-05:00,388.02438001546454,392.35007414970727,387.8129004621486,389.96612548828125,68346200
2023-01-30 00:00:00-05:00,387.1976608576454,389.43742549092923,384.7752828014121,385.0732727050781,74202000
2023-01-31 00:00:00-05:00,385.5923927248843,390.78321999260135,385.24632192810753,390.73516845703125,86811800
2023-02-01 00:00:00-05:00,389.51434727901096,397.64667374216685,386.76514229657437,394.8878173828125,101459200
2023-02-02 00:00:00-05:00,398.7905270630348,402.106904238457,396.88724045408844,400.63616943359375,101654500
2023-02-03 00:00:00-05:00,395.64723649991566,400.8188492290389,395.16660378286696,396.3778076171875,94736800
2023-02-06 00:00:00-05:00,393.91698432119745,395.3588825231079,392.2924433335388,393.9554138183594,60295300
2023-02-07 00:00:00-05:00,393.0325836517656,400.3574213852453,391.78295035245776,399.1077880859375,90990700
2023-02-08 00:00:00-05:00,397.12757052570265,398.47333618854617,394.05150958021073,394.7436218261719,76227500
2023-02-09 00:00:00-05:00,398.3579719958979,398.51177797014213,390.091084227083,391.3215026855469,78694900
2023-02-10 00:00:00-05:00,390.13916034833926,392.6192415030363,389.3221082284389,392.2347412109375,70769700
2023-02-13 00:00:00-05:00,392.8883857479932,396.9737635969899,392.42696780662374,396.83917236328125,64913500
2023-02-14 00:00:00-05:00,395.31076019339895,398.9731788953455,392.6865245158335,396.65655517578125,88389300
2023-02-15 00:00:00-05:00,394.4552431906893,398.02152943385084,393.6093249869712,397.94464111328125,61555700
2023-02-16 00:00:00-05:00,392.9557088651088,396.9161177986782,392.33089219392804,392.4654541015625,76431500
2023-02-17 00:00:00-05:00,390.33139419613065,391.72524064683955,388.3992415120903,391.48492431640625,89257800
2023-02-21 00:00:00-05:00,387.4476027187317,388.5050004519839,383.37184709473024,383.6313781738281,82655900
2023-02-22 00:00:00-05:00,384.04471289617135,385.59236532715204,381.6415495785843,383.1026916503906,83742300
2023-02-23 00:00:00-05:00,386.0056968797559,386.6209207613312,380.901380412736,385.14056396484375,96242400
2023-02-24 00:00:00-05:00,380.1035606580243,381.86266335503956,378.39250949469886,381.0263671875,108194400
2023-02-27 00:00:00-05:00,384.3811280100192,385.7461375626413,381.3819851456519,382.32403564453125,80444700
2023-02-28 00:00:00-05:00,381.8434086975598,383.813990740724,380.8052257918585,380.9109802246094,96438600
2023-03-01 00:00:00-05:00,380.09388971599026,381.3243080421548,378.1425224642881,379.4498291015625,99706800
2023-03-02 00:00:00-05:00,377.46967446922514,383.2468886693395,377.1332257261761,382.4009704589844,85127800
2023-03-03 00:00:00-05:00,384.22736466723944,388.7837823723887,383.5737112700418,388.5338439941406,90120000
2023-03-06 00:00:00-05:00,389.3605300454294,391.6675904235153,388.3608351727829,388.8030090332031,72795900
2023-03-07 00:00:00-05:00,388.7549759968016,388.9952923529964,382.2279755486132,382.8431701660156,108310600
2023-03-08 00:00:00-05:00,382.9584261663965,384.2272738329057,381.228131344911,383.4678955078125,74746600
2023-03-09 00:00:00-05:00,384.2562101022739,385.9288317963225,375.4029642473178,376.39306640625,111945300
2023-03-10 00:00:00-05:00,375.8451291239822,377.9310878372953,369.43350567904514,370.9619140625,189253000
2023-03-13 00:00:00-04:00,367.0207168016272,375.2683898395796,365.9056454879313,370.4331970214844,157790000
2023-03-14 00:00:00-04:00,375.3741515115561,378.2098962725371,372.057774034171,376.5565185546875,149752400
2023-03-15 00:00:00-04:00,370.94268086644354,374.4032124796235,368.8471002165206,374.20135498046875,172996900
2023-03-16 00:00:00-04:00,371.8366809364042,381.1128859764341,371.327211458966,380.7668151855469,143254200
2023-03-17 00:00:00-04:00,379.43135317104435,380.5699682371999,374.92509838056725,376.3146057128906,140553400
2023-03-20 00:00:00-04:00,377.096197140022,380.34804947070256,376.39181416317825,379.93310546875,93055800
2023-03-21 00:00:00-04:00,383.31036127614743,385.40428095041835,381.7085673503459,384.92181396484375,91524200
2023-03-22 00:00:00-04:00,384.74817891591067,388.3763110569279,378.32171436604824,378.36029052734375,111746600
2023-03-23 00:00:00-04:00,381.23577448444496,385.28850910550153,376.6619967001418,379.38311767578125,119351300
2023-03-24 00:00:00-04:00,378.09975447868356,381.9594906772583,375.745313041757,381.8726501464844,107682400
2023-03-27 00:00:00-04:00,384.15954768698845,384.9315126123636,381.6893188206897,382.5867004394531,74010400
2023-03-28 00:00:00-04:00,381.89192756672645,382.5866812409754,379.8848777563681,381.7279052734375,62871700
2023-03-29 00:00:00-04:00,385.9060563665928,387.5175091402753,384.69988883904426,387.2762756347656,77497900
2023-03-30 00:00:00-04:00,389.92022378786027,390.1711160814541,387.67194025222716,389.5439147949219,69840000
2023-03-31 00:00:00-04:00,390.4702141593181,395.3334899911043,390.3640561017006,395.03436279296875,112062600
2023-04-03 00:00:00-04:00,394.5132143046022,396.9448370292066,394.1175878885554,396.5395812988281,67391100
2023-04-04 00:00:00-04:00,397.1861680428209,397.4756659402077,392.95975198905785,394.3396301269531,66601500
2023-04-05 00:00:00-04:00,393.60625610917623,394.36856226217395,391.6474411444736,393.30712890625,65200200
2023-04-06 00:00:00-04:00,392.5062465882868,395.12123929027626,391.45447191725503,394.8414001464844,63743300
2023-04-10 00:00:00-04:00,392.3518104686767,395.32382376153726,391.73426800425153,395.2466125488281,63681000
2023-04-11 00:00:00-04:00,395.87385583944314,396.76157868174016,394.5808477361319,395.352783203125,59297900
2023-04-12 00:00:00-04:00,397.4273573961428,397.7168552613543,393.1527068916333,393.7413024902344,86420400
2023-04-13 00:00:00-04:00,394.831647235996,399.3282427562327,393.68337353599725,398.9712219238281,85814800
2023-04-14 00:00:00-04:00,398.33443692050383,400.5344854544586,395.6808681891024,397.9967041015625,78161500
2023-04-17 00:00:00-04:00,397.90982075343015,399.444062248447,396.67470643651706,399.4247741699219,66436400
2023-04-18 00:00:00-04:00,401.00731883597473,401.1424237509895,398.30551501021085,399.68536376953125,63560000
2023-04-19 00:00:00-04:00,397.7650811599767,400.52477817155267,397.7071874777372,399.6177673339844,55227300
2023-04-20 00:00:00-04:00,396.79049299637126,399.1931986267538,395.88345270091645,397.43701171875,75840400
2023-04-21 00:00:00-04:00,397.73616032830944,398.2089685800001,395.7870041880718,397.7458190917969,73457400
2023-04-24 00:00:00-04:00,397.5431946362604,398.5853399658447,396.2019515357637,398.1607666015625,64332100
2023-04-25 00:00:00-04:00,396.18256529157753,396.7422434689911,391.7824688680539,391.8403625488281,97766700
2023-04-26 00:00:00-04:00,392.4579848078688,393.5387062510406,389.62107629581755,390.18072509765625,80447000
2023-04-27 00:00:00-04:00,392.72812893970786,398.2186056288377,392.47723668231237,397.94842529296875,92968400
2023-04-28 00:00:00-04:00,397.0606918017015,401.3546599841194,397.00279811610284,401.3450012207031,89433100
2023-05-01 00:00:00-04:00,400.9011526933255,402.97575502045316,400.7081541034972,400.93975830078125,62122300
2023-05-02 00:00:00-04:00,400.22568595239403,400.2739503234408,393.5194119627244,396.4335021972656,103998500
2023-05-03 00:00:00-04:00,396.9352479486394,399.3572417840884,393.4711383189741,393.7123718261719,91531800
2023-05-04 00:00:00-04:00,392.6605447777691,392.9886187700072,389.582403281615,390.9236755371094,94901900
2023-05-05 00:00:00-04:00,394.57121053373714,399.21254124798133,394.31068892506715,398.1607666015625,87891800
2023-05-08 00:00:00-04:00,398.48882165654356,398.74934325278616,396.8580807323069,398.2668762207031,50046800
2023-05-09 00:00:00-04:00,396.7133232875461,397.6396516896296,396.2887499683726,396.52032470703125,49220100
2023-05-10 00:00:00-04:00,399.3668972208996,400.0037572082906,394.5325683537426,398.3730163574219,96142900
2023-05-11 00:00:00-04:00,397.5045721216341,397.9677215941515,395.593992205154,397.6782531738281,70157100
2023-05-12 00:00:00-04:00,398.923041820046,399.1353284857044,394.72557287711214,397.1571960449219,70481500
2023-05-15 00:00:00-04:00,397.76512913138123,398.9326911272858,395.84491972814425,398.5274353027344,54289400
2023-05-16 00:00:00-04:00,397.41766519923533,398.34402295304176,395.85447697992515,395.8641357421875,57705500
2023-05-17 00:00:00-04:00,397.8905410307854,401.2774393485742,396.24051213507045,400.6695556640625,87287000
2023-05-18 00:00:00-04:00,400.3511463104752,404.95390074612783,400.1292303171092,404.5293273925781,97177200
2023-05-19 00:00:00-04:00,405.43636985479037,405.9670718257059,402.715248651571,403.9407043457031,103793300
2023-05-22 00:00:00-04:00,403.9599410977922,405.6485754188921,402.7151681243823,404.10467529296875,60745400
2023-05-23 00:00:00-04:00,402.45466229795704,404.0371682026997,399.1738925667831,399.56951904296875,86383500
2023-05-24 00:00:00-04:00,397.9580918408348,398.3440595499911,395.50715124414705,396.6747131347656,89213700
2023-05-25 00:00:00-04:00,400.19673432873464,401.56695362242056,397.9484509723996,400.1098937988281,90961600
2023-05-26 00:00:00-04:00,400.7660825142733,406.0153265799462,400.688900740125,405.2916259765625,93830000
2023-05-30 00:00:00-04:00,407.23111777674455,407.76181972765335,404.05647649266785,405.44598388671875,72216000
2023-05-31 00:00:00-04:00,403.6126074392259,404.5196477889496,401.6248456806696,403.19769287109375,110811800
2023-06-01 00:00:00-04:00,403.4292584266687,408.0899062054044,402.17485598730195,407.0284729003906,88865000
2023-06-02 00:00:00-04:00,409.6145242472178,413.70583539601955,409.08382227275683,412.91461181640625,91426200
2023-06-05 00:00:00-04:00,413.26193659754,414.5549446371605,411.41890910486813,412.1233215332031,65460200
2023-06-06 00:00:00-04:00,411.70839483792156,413.5513928288073,411.05221735044984,413.02069091796875,64022200
2023-06-07 00:00:00-04:00,413.416360399151,414.55497554838854,411.16804749778333,411.5926208496094,85373300
2023-06-08 00:00:00-04:00,411.6600987550371,414.5356123994127,410.8881634082986,414.08209228515625,61952800
2023-06-09 00:00:00-04:00,414.88299744160406,416.84181220366423,413.83122295827593,414.8251037597656,85742800
2023-06-12 00:00:00-04:00,415.80939357946767,418.6655901207844,415.08569304232174,418.58837890625,76104300
2023-06-13 00:00:00-04:00,420.0550450473256,421.9945422203873,419.38923828050775,421.3480529785156,95899700
2023-06-14 00:00:00-04:00,421.6858007148604,423.66390356059924,418.38571360357616,421.8498229980469,100612100
2023-06-15 00:00:00-04:00,421.0296783956768,428.3342365219858,420.9332085446694,427.079833984375,110303100
2023-06-16 00:00:00-04:00,429.07304548748067,429.6444678426859,425.1505574742759,425.6251220703125,114165800
2023-06-20 00:00:00-04:00,423.6783584670495,424.56937878552253,421.3345310858184,423.4168395996094,76160400
2023-06-21 00:00:00-04:00,422.4289996662733,423.2328569537705,420.6565943972341,421.2474060058594,76982300
2023-06-22 00:00:00-04:00,420.28860046080854,422.874528215152,419.9496130860849,422.76800537109375,70637200
2023-06-23 00:00:00-04:00,419.3006239174076,421.3635726421897,418.85511377171673,419.5718078613281,92074500
2023-06-26 00:00:00-04:00,419.00041906375236,420.92776119205604,417.6154448665978,417.8575744628906,72823600
2023-06-27 00:00:00-04:00,418.7389124953398,423.0584960393973,418.2837076907825,422.43865966796875,72813700
2023-06-28 00:00:00-04:00,421.35389281030996,423.6686658346734,420.7340564410632,422.6517333984375,75636000
2023-06-29 00:00:00-04:00,422.23531808406807,424.4822881035631,421.8285568648382,424.317626953125,67882300
2023-06-30 00:00:00-04:00,427.5427892084747,430.3127378029379,427.2231615664442,429.3248596191406,104964000
2023-07-03 00:00:00-04:00,428.9761498891222,430.099605137091,428.6952712987132,429.8187561035156,32793400
2023-07-05 00:00:00-04:00,427.99794136005,429.9156183055728,427.98824671850423,429.1795349121094,58418400
2023-07-06 00:00:00-04:00,425.5863516723805,426.2449370649579,423.3006329683059,425.81878662109375,80658300
2023-07-07 00:00:00-04:00,424.8212419223924,428.705010268812,424.50161428998615,424.7437438964844,86134200
2023-07-10 00:00:00-04:00,424.3853688047475,425.9931128326287,423.8139465179375,425.81878662109375,62443500
2023-07-11 00:00:00-04:00,426.58396815720187,429.0246240395303,425.6057550529749,428.5306701660156,64463800
2023-07-12 00:00:00-04:00,432.3368922188444,433.39257360460454,430.9034745139641,431.978515625,91924500
2023-07-13 00:00:00-04:00,433.79939089874614,436.20132720138423,433.36357534737226,435.4071350097656,72425200
2023-07-14 00:00:00-04:00,436.29818974063414,437.15046112494997,434.3708179806255,435.1359558105469,69815800
2023-07-17 00:00:00-04:00,434.9906619251845,437.7025015489115,434.9422182723966,436.6468200683594,52680200
2023-07-18 00:00:00-04:00,436.3175222997564,440.5402481729128,435.88167721390397,439.891357421875,80668200
2023-07-19 00:00:00-04:00,440.6855775235812,442.0608571337114,439.8138872965887,440.8695983886719,65891700
2023-07-20 00:00:00-04:00,439.87204347142995,440.77275854863626,437.22797742622265,437.9446716308594,70591600
2023-07-21 00:00:00-04:00,439.66863331321855,439.87204347142995,437.9350065448764,437.9446716308594,71275600
2023-07-24 00:00:00-04:00,439.09714473903944,440.7145833337671,438.0608230459974,439.9010314941406,54023400
2023-07-25 00:00:00-04:00,439.6299133591932,442.36111295935297,439.58146970198135,441.10205078125,55191200
2023-07-26 00:00:00-04:00,440.16256290012274,442.6032186524467,439.1068813802226,441.1698303222656,71052900
2023-07-27 00:00:00-04:00,444.5693278546494,444.97611860827,437.3344938577742,438.2449035644531,92194400
2023-07-28 00:00:00-04:00,441.5281939658573,443.3683731021995,438.24490224608303,442.53546142578125,80011800
2023-07-31 00:00:00-04:00,443.0100100324472,443.73639884087777,441.69280962360494,443.3780517578125,62040400
2023-08-01 00:00:00-04:00,441.9058428017626,442.8550013949116,441.1503996951611,442.1092529296875,55291500
2023-08-02 00:00:00-04:00,438.9809399885829,439.2424293013425,435.2037243534402,435.95916748046875,93933400
2023-08-03 00:00:00-04:00,433.93497496555943,436.598400459704,433.2860546583424,434.70977783203125,64276100
2023-08-04 00:00:00-04:00,436.53059316769526,438.6419560832141,432.2206746748888,432.7436828613281,100128900
2023-08-07 00:00:00-04:00,434.58386780867363,436.6758710264232,433.8865334027571,436.5209045410156,58357500
2023-08-08 00:00:00-04:00,433.97376025839606,436.5113035782632,431.2522256142167,434.6226806640625,71361300
2023-08-09 00:00:00-04:00,434.89381066417457,435.05847179517355,430.95193373062347,431.7170715332031,78789600
2023-08-10 00:00:00-04:00,434.08026054677345,437.47976956144277,430.7001408163222,431.8720397949219,93005500
2023-08-11 00:00:00-04:00,429.9931353632694,432.6372013595299,429.3926586562478,431.6202392578125,68690900
2023-08-14 00:00:00-04:00,430.7001249960908,434.00274658203125,430.3901920283433,434.00274658203125,47867400
2023-08-15 00:00:00-04:00,432.22064953392635,432.579026131367,428.37563071458953,428.94708251953125,75707500
2023-08-16 00:00:00-04:00,428.5306071554129,430.19645984639186,425.6928555743393,425.7994079589844,80107200
2023-08-17 00:00:00-04:00,427.2716118614178,427.5331012079108,422.03192339080096,422.554931640625,95711300
2023-08-18 00:00:00-04:00,419.7268333226135,423.7946226099103,419.3781808700758,422.75830078125,98852000
2023-08-21 00:00:00-04:00,423.7752547545702,426.2546597318992,421.6154774317346,425.5089111328125,68719000
2023-08-22 00:00:00-04:00,427.2908713006881,427.2908713006881,423.7945346311659,424.35626220703125,64994200
2023-08-23 00:00:00-04:00,425.42170429201707,429.7025685957629,425.27643244437724,429.08270263671875,68441000
2023-08-24 00:00:00-04:00,430.6904174605944,431.2037309919438,423.1069024037369,423.135986328125,88517300
2023-08-25 00:00:00-04:00,424.8696216104319,427.40713495192443,421.30548118508113,426.1190185546875,102325100
2023-08-28 00:00:00-04:00,428.31754904739176,429.4410338891343,426.1190230158921,428.8211975097656,61595400
2023-08-29 00:00:00-04:00,428.71468038762214,435.30062349579674,428.53065951997604,435.0197448730469,83081900
2023-08-30 00:00:00-04:00,435.35871532032854,437.4507186105633,434.65168624806546,436.8114929199219,69053900
2023-08-31 00:00:00-04:00,437.43130323274573,438.5741477826128,435.9882203614193,436.1722412109375,66084600
2023-09-01 00:00:00-04:00,438.9034557035346,439.3877148587065,435.52330670178793,436.98577880859375,58944100
2023-09-05 00:00:00-04:00,436.5402803885754,436.85987843456763,435.0293941483985,435.09716796875,55166200
2023-09-06 00:00:00-04:00,434.2835733651589,434.390125741224,429.8380781856645,432.1722106933594,70758500
2023-09-07 00:00:00-04:00,429.16018630397696,431.52337363207397,428.8115338572922,430.8454284667969,70355400
2023-09-08 00:00:00-04:00,430.89381655306994,433.0342338731247,430.53546948555345,431.4942932128906,61659700
2023-09-11 00:00:00-04:00,434.12865163508343,434.64196517344953,432.41438481227607,434.3320617675781,60180100
2023-09-12 00:00:00-04:00,432.87929231362625,434.4095383156122,431.36840603835697,431.9494934082031,67565400
2023-09-13 00:00:00-04:00,432.17227690873267,433.6153598507793,431.06815175751416,432.4531555175781,60199300
2023-09-14 00:00:00-04:00,434.9325783074241,436.87928025242013,433.6250725159966,436.18194580078125,83430800
2023-09-15 00:00:00-04:00,434.5908789178783,434.9213331435618,430.48931345860746,430.9266662597656,111848900
2023-09-18 00:00:00-04:00,430.61567408318183,432.4818018322225,430.13943555280594,431.1794128417969,55752200
2023-09-19 00:00:00-04:00,430.2560604296138,430.8489560404354,427.59296875309155,430.28521728515625,66514600
2023-09-20 00:00:00-04:00,431.54872168026867,431.9666464690887,426.1253096194747,426.3294372558594,82562600
2023-09-21 00:00:00-04:00,423.471964690838,423.7343763843457,419.1274153539834,419.2829284667969,104095800
2023-09-22 00:00:00-04:00,420.31317519118926,421.91686152279107,417.9221944600517,418.34014892578125,100829700
2023-09-25 00:00:00-04:00,417.1252472895092,420.1382212681615,416.6878647901077,420.099365234375,70874500
2023-09-26 00:00:00-04:00,417.04745332495224,417.7569763279254,413.09167201085535,413.92755126953125,96168400
2023-09-27 00:00:00-04:00,415.1035632540751,415.667301957409,410.4382888305996,414.0927429199219,104705800
2023-09-28 00:00:00-04:00,413.53877864718345,418.1748963964089,412.94588306815257,416.4934387207031,92258300
2023-09-29 00:00:00-04:00,419.55504406068815,419.72998517929483,413.9566909765415,415.4826354980469,115111300
2023-10-02 00:00:00-04:00,414.64680648403083,416.57124800501185,412.5474238232593,415.31744384765625,83798600
2023-10-03 00:00:00-04:00,413.1305182978698,415.3756848487803,408.38747270874785,409.7579040527344,103760600
2023-10-04 00:00:00-04:00,410.2244834730011,413.49016980797626,408.7568525933047,412.7417907714844,87453000
2023-10-05 00:00:00-04:00,412.45018810032917,413.4318516223271,409.34974374781166,412.5862731933594,70142700
2023-10-06 00:00:00-04:00,410.12725010221135,419.0301747224433,408.7957044273052,417.48480224609375,113273300
2023-10-09 00:00:00-04:00,415.57982008053864,420.7310917141289,415.0258398518271,420.15765380859375,80374400
2023-10-10 00:00:00-04:00,420.78938108166943,424.94926011159197,420.39088432404174,422.344482421875,78607300
2023-10-11 00:00:00-04:00,423.41364596754795,424.3272372952325,421.0226652550823,424.0745544433594,62451700
2023-10-12 00:00:00-04:00,424.68683942970614,425.0658785035944,419.1273722776524,421.4891662597656,81154200
2023-10-13 00:00:00-04:00,422.9956702679193,424.20088940216954,417.8152716398533,419.3898010253906,95143100
2023-10-16 00:00:00-04:00,421.64470254373396,424.8715327429623,421.4017188780287,423.8023986816406,75433200
2023-10-17 00:00:00-04:00,420.6630265965554,425.8434548063301,420.313144365616,423.7829284667969,75324700
2023-10-18 00:00:00-04:00,422.0043276099341,422.9665334664685,417.04745473303933,418.1360168457031,93559800
2023-10-19 00:00:00-04:00,418.8552300497727,420.67274301604505,413.7817302232839,414.4620666503906,121323000
2023-10-20 00:00:00-04:00,414.024777439766,414.56905852945084,409.26227341338165,409.36920166015625,123919900
2023-10-23 00:00:00-04:00,407.83351751664156,412.5377077081286,406.0743180295289,408.65966796875,92035100
2023-10-24 00:00:00-04:00,410.7881854768129,412.89729677768196,408.931786683621,411.7406921386719,78564200
2023-10-25 00:00:00-04:00,410.0495212857847,410.0786781386675,405.31617465313394,405.831298828125,94223200
2023-10-26 00:00:00-04:00,404.7622182339897,405.6174958558433,400.0483290003127,400.9716491699219,115156800
2023-10-27 00:00:00-04:00,402.56564465095477,402.9641414460812,397.7253990601317,399.1541442871094,107367700
2023-10-30 00:00:00-04:00,401.9532739816695,404.98570521187486,400.6508851667013,403.9263000488281,86562700
2023-10-31 00:00:00-04:00,404.49977716687243,406.78382964883156,402.58506461745475,406.4631042480469,79665200
2023-11-01 00:00:00-04:00,407.4350269329694,411.6143341639396,406.9004450659712,410.79791259765625,98068100
2023-11-02 00:00:00-04:00,414.6079139684955,418.82613689913995,414.58848595142564,418.6706237792969,94938900
2023-11-03 00:00:00-04:00,420.9838389044363,424.0454274860036,420.8574826390445,422.4903259277344,100167800
2023-11-06 00:00:00-05:00,423.24842292635685,423.9093314316939,421.5086514345454,423.4622497558594,67831700
2023-11-07 00:00:00-05:00,423.46222990258883,425.30889989202655,422.31535408043305,424.66741943359375,64256100
2023-11-08 00:00:00-05:00,425.2700231402192,425.7948761919887,422.6652452198862,424.97845458984375,61746000
2023-11-09 00:00:00-05:00,426.1253308443145,426.1642165380997,421.23650040437826,421.6641540527344,83174400
2023-11-10 00:00:00-05:00,423.7441380058594,428.55519739226753,421.6544544903988,428.2441711425781,89462200
2023-11-13 00:00:00-05:00,426.90285804309843,428.9438970364139,426.11559336599885,427.8359069824219,52236100
2023-11-14 00:00:00-05:00,433.7938644872594,437.4288904558255,433.5703088478159,436.13623046875,97176900
2023-11-15 00:00:00-05:00,437.47749509718125,438.71187109713105,436.20426306686005,437.0595703125,77327600
2023-11-16 00:00:00-05:00,436.6124832436495,437.9148721110953,435.54334919989805,437.5941467285156,66665800
2023-11-17 00:00:00-05:00,437.60387636232514,438.7507818678595,436.6805561802118,438.1384582519531,83133200
2023-11-20 00:00:00-05:00,437.8857204098918,442.35662577021293,437.8759915717595,441.51104736328125,69936200
2023-11-21 00:00:00-05:00,440.4613880733794,441.384737961191,439.2756264779716,440.5488586425781,49244600
2023-11-22 00:00:00-05:00,442.2108387941116,443.57154137515226,441.15143358240533,442.24969482421875,59394900
2023-11-24 00:00:00-05:00,442.2983550934631,442.7162799185215,441.96790083682896,442.5218811035156,29737400
2023-11-27 00:00:00-05:00,441.8901268475793,442.7065484758319,441.33611692305607,441.72491455078125,50506000
2023-11-28 00:00:00-05:00,441.3360810451993,443.4646203412509,440.7723719885752,442.1622314453125,62115000
2023-11-29 00:00:00-05:00,444.3199186012006,445.4570951907533,441.45272918496346,441.8511962890625,63146000
2023-11-30 00:00:00-05:00,442.69684007944744,443.9409153434161,440.61688552658904,443.59100341796875,79752700
2023-12-01 00:00:00-05:00,442.978681217379,446.7497927155819,442.3858152693998,446.2152404785156,89183400
2023-12-04 00:00:00-05:00,442.81348894283775,446.23468866913964,441.588841636113,443.8728942871094,72430900
2023-12-05 00:00:00-05:00,442.4829505652876,444.7475451072162,442.10388183818117,443.78533935546875,69793500
2023-12-06 00:00:00-05:00,445.9333327307286,445.9624895836762,441.5596268220381,441.99700927734375,69124700
2023-12-07 00:00:00-05:00,444.0866376096692,446.02077795454375,443.4840429089197,445.3695983886719,66995400
2023-12-08 00:00:00-05:00,444.6212111977086,447.81888446185815,444.3782275382068,447.2843322753906,83194400
2023-12-11 00:00:00-05:00,446.78864054401777,449.1990491481444,446.5748137350945,449.0240783691406,65002200
2023-12-12 00:00:00-05:00,448.67421029484495,451.17208953676845,447.6731187626275,451.07489013671875,68327600
2023-12-13 00:00:00-05:00,451.4538906419632,457.54793953708713,451.0942795875064,457.29522705078125,93278000
2023-12-14 00:00:00-05:00,459.23914744875873,460.43463781217446,456.08035966207416,458.7629089355469,119026000
2023-12-15 00:00:00-05:00,458.16371199031266,459.344542615275,456.1534111366882,458.007568359375,141553700
2023-12-18 00:00:00-05:00,459.61778575015273,461.5695364615582,458.5540851861991,460.5838928222656,70375300
2023-12-19 00:00:00-05:00,461.1303435293572,463.4626997368389,461.0522866109777,463.3846130371094,55761800
2023-12-20 00:00:00-05:00,462.5258502644597,464.41905073476056,456.5339913904281,456.96337890625,102921000
2023-12-21 00:00:00-05:00,459.9592904756651,461.5695085402511,457.5293705169891,461.2962646484375,86667500
2023-12-22 00:00:00-05:00,462.4282225788341,463.91157198973565,460.320358287861,462.2232971191406,67160400
2023-12-26 00:00:00-05:00,462.6332094792943,465.0826362249441,462.5551227779302,464.1750793457031,55387000
2023-12-27 00:00:00-05:00,463.9701495554804,465.16071859872636,463.4334300593357,465.01434326171875,68000300
2023-12-28 00:00:00-05:00,465.3754516619724,466.02927148294896,464.7704136970021,465.1900329589844,77158100
2023-12-29 00:00:00-05:00,464.9948485504832,465.521829592495,461.88180371739503,463.84332275390625,122283100
