ticker,date,alpha_annual,beta_mkt,r2,regime
AAPL,2021-06-28,,,,range_bound
AAPL,2021-06-29,,,,range_bound
AAPL,2021-06-30,,,,range_bound
AAPL,2021-07-01,,,,range_bound
AAPL,2021-07-02,,,,range_bound
AAPL,2021-07-06,,,,range_bound
AAPL,2021-07-07,,,,range_bound
AAPL,2021-07-08,,,,range_bound
AAPL,2021-07-09,,,,range_bound
AAPL,2021-07-12,,,,range_bound
AAPL,2021-07-13,,,,range_bound
AAPL,2021-07-14,,,,range_bound
AAPL,2021-07-15,,,,range_bound
AAPL,2021-07-16,,,,range_bound
AAPL,2021-07-19,,,,range_bound
AAPL,2021-07-20,,,,range_bound
AAPL,2021-07-21,,,,range_bound
AAPL,2021-07-22,,,,range_bound
AAPL,2021-07-23,,,,range_bound
AAPL,2021-07-26,,,,range_bound
AAPL,2021-07-27,,,,range_bound
AAPL,2021-07-28,,,,range_bound
AAPL,2021-07-29,,,,range_bound
AAPL,2021-07-30,,,,range_bound
AAPL,2021-08-02,,,,range_bound
AAPL,2021-08-03,,,,range_bound
AAPL,2021-08-04,,,,range_bound
AAPL,2021-08-05,,,,range_bound
AAPL,2021-08-06,,,,range_bound
AAPL,2021-08-16,,,,range_bound
AAPL,2021-08-19,,,,range_bound
AAPL,2021-08-20,,,,range_bound
AAPL,2021-08-23,,,,range_bound
AAPL,2021-08-24,,,,range_bound
AAPL,2021-08-25,,,,range_bound
AAPL,2021-08-26,,,,range_bound
AAPL,2021-08-27,,,,range_bound
AAPL,2021-08-30,,,,range_bound
AAPL,2021-09-08,,,,range_bound
AAPL,2021-09-09,,,,range_bound
AAPL,2021-09-10,,,,range_bound
AAPL,2021-09-13,,,,range_bound
AAPL,2021-09-14,,,,range_bound
AAPL,2021-09-15,,,,range_bound
AAPL,2021-09-16,,,,range_bound
AAPL,2021-09-17,,,,range_bound
AAPL,2021-09-20,,,,range_bound
AAPL,2021-09-29,,,,range_bound
AAPL,2021-09-30,,,,range_bound
AAPL,2021-10-01,,,,range_bound
AAPL,2021-10-04,,,,range_bound
AAPL,2021-10-05,,,,range_bound
AAPL,2021-10-06,,,,range_bound
AAPL,2021-10-07,,,,range_bound
AAPL,2021-10-08,,,,range_bound
AAPL,2021-10-11,,,,range_bound
AAPL,2021-10-12,,,,range_bound
AAPL,2021-10-13,,,,range_bound
AAPL,2021-10-14,,,,range_bound
AAPL,2021-10-15,,,,range_bound
AAPL,2021-10-18,,,,range_bound
AAPL,2021-10-19,,,,range_bound
AAPL,2021-10-20,,,,trending_up
AAPL,2021-10-21,,,,trending_up
AAPL,2021-10-22,,,,range_bound
AAPL,2021-10-25,,,,trending_up
AAPL,2021-10-26,,,,range_bound
AAPL,2021-10-27,,,,range_bound
AAPL,2021-10-28,,,,range_bound
AAPL,2021-10-29,,,,range_bound
AAPL,2021-11-01,,,,trending_up
AAPL,2021-11-02,,,,trending_up
AAPL,2021-11-03,,,,trending_up
AAPL,2021-11-04,,,,trending_up
AAPL,2021-11-05,,,,trending_up
AAPL,2021-11-08,,,,trending_up
AAPL,2021-11-09,,,,trending_up
AAPL,2021-11-10,,,,trending_up
AAPL,2021-11-11,,,,trending_up
AAPL,2021-11-12,,,,trending_up
AAPL,2021-11-15,,,,trending_up
AAPL,2021-11-16,,,,trending_up
AAPL,2021-11-17,,,,trending_up
AAPL,2021-11-18,,,,trending_up
AAPL,2021-11-19,,,,trending_up
AAPL,2021-11-22,,,,trending_up
AAPL,2021-11-23,,,,trending_up
AAPL,2021-11-24,,,,trending_up
AAPL,2021-11-26,,,,range_bound
AAPL,2021-11-29,,,,range_bound
AAPL,2021-11-30,,,,range_bound
AAPL,2021-12-01,,,,range_bound
AAPL,2021-12-02,,,,range_bound
AAPL,2021-12-03,,,,range_bound
AAPL,2021-12-06,,,,range_bound
AAPL,2021-12-07,,,,range_bound
AAPL,2021-12-08,,,,range_bound
AAPL,2021-12-09,,,,range_bound
AAPL,2021-12-10,,,,range_bound
AAPL,2021-12-13,,,,range_bound
AAPL,2021-12-14,,,,range_bound
AAPL,2021-12-15,,,,range_bound
AAPL,2021-12-16,,,,range_bound
AAPL,2021-12-17,,,,range_bound
AAPL,2021-12-20,,,,range_bound
AAPL,2021-12-21,,,,range_bound
AAPL,2021-12-22,,,,range_bound
AAPL,2021-12-23,,,,range_bound
AAPL,2021-12-27,,,,trending_up
AAPL,2021-12-28,,,,trending_up
AAPL,2021-12-29,,,,trending_up
AAPL,2021-12-30,,,,trending_up
AAPL,2021-12-31,,,,trending_up
AAPL,2022-01-03,,,,trending_up
AAPL,2022-01-04,,,,trending_up
AAPL,2022-01-05,,,,trending_up
AAPL,2022-01-06,,,,range_bound
AAPL,2022-01-24,,,,trending_up
AAPL,2022-01-25,,,,range_bound
AAPL,2022-01-26,,,,range_bound
AAPL,2022-01-27,,,,range_bound
AAPL,2022-01-28,,,,range_bound
AAPL,2022-01-31,,,,trending_up
AAPL,2022-02-01,,,,trending_up
AAPL,2022-02-02,,,,trending_up
AAPL,2022-02-03,,,,range_bound
AAPL,2022-02-04,-0.10126412667299,0.0004601329041405,3.5301499299089656e-05,range_bound
AAPL,2022-02-07,-0.1012668182889224,0.0005192596078329,4.5014093817408174e-05,range_bound
AAPL,2022-02-08,-0.1011776418204351,0.0004325807966944,3.1293355912231924e-05,range_bound
AAPL,2022-02-09,-0.1012058460480902,0.0005905704505092,5.8642722611690346e-05,trending_up
AAPL,2022-02-10,-0.1012870365396942,0.0007501427332572,9.627621436958388e-05,range_bound
AAPL,2022-02-11,-0.101320410427479,0.0003389775299632,2.033367116704987e-05,range_bound
AAPL,2022-02-14,-0.1013195197860342,9.332223228200324e-05,1.6071678763385222e-06,range_bound
AAPL,2022-02-15,-0.1012390561554961,-3.544202952618871e-05,2.3196756127052967e-07,range_bound
AAPL,2022-02-16,-0.1013307130633133,0.0004526382347501,3.839090501889242e-05,range_bound
AAPL,2022-02-17,-0.1012680845713542,0.0003329786087126,2.0584752695840255e-05,range_bound
AAPL,2022-02-18,-0.1011898400477298,-0.0001675328719539,5.456071776932525e-06,range_bound
AAPL,2022-02-22,-0.101175161753174,-0.0002284006310665,1.0173092045429044e-05,range_bound
AAPL,2022-02-23,-0.1022275167380315,0.0001583020117527,4.934947944401635e-06,range_bound
AAPL,2022-02-24,-0.102203823949872,0.0001180618480011,2.824826472735964e-06,range_bound
AAPL,2022-02-25,-0.1028244239205027,0.0001042734849175,2.231769120841776e-06,range_bound
AAPL,2022-02-28,-0.1029212243628208,0.0006800006206864,9.664889025706724e-05,range_bound
AAPL,2022-03-01,-0.1023439792604001,0.0007461302891107,0.0001145969349921,range_bound
AAPL,2022-03-02,-0.1016394616652491,0.0005446984909161,6.212295462515449e-05,range_bound
AAPL,2022-03-03,-0.10171448852322,0.0007105334253775,0.0001085465728123,range_bound
AAPL,2022-03-04,-0.1017821439919557,0.0005071505529101,5.504247859056122e-05,range_bound
AAPL,2022-03-07,-0.1041641512231595,0.0012591499396495,0.0003346243292454,range_bound
AAPL,2022-03-08,-0.104095669333298,0.0007613446810338,0.0001312570725081,range_bound
AAPL,2022-03-15,-0.1041178225691692,0.0007167876339799,0.0001169130768028,range_bound
AAPL,2022-03-16,-0.1046013092579603,0.0004273600461793,4.301566187436823e-05,range_bound
AAPL,2022-03-17,-0.1048500133015313,0.0006365894848008,9.86378085373607e-05,range_bound
AAPL,2022-03-18,-0.1050515006957738,0.0007900069746897,0.0001534436436158,range_bound
AAPL,2022-03-21,-0.1052197624934565,0.0007637542166773,0.0001440067206869,range_bound
AAPL,2022-03-22,-0.1050746315032112,0.0008036771231919,0.000159004237851,range_bound
AAPL,2022-03-23,-0.1043985294092558,0.0010266668402617,0.0002611632369471,range_bound
AAPL,2022-03-24,-0.1044276440085818,0.0008300750826874,0.0001730545390342,range_bound
AAPL,2022-03-25,-0.1046849875792818,0.0008745054362993,0.0001949203952631,range_bound
AAPL,2022-03-28,-0.1008224516310781,0.0009898919862314,0.0002710395806224,range_bound
AAPL,2022-04-07,-0.1008138165649974,0.0009802097397124,0.0002655502833752,range_bound
AAPL,2022-04-08,-0.1027295643715578,0.0006101699701689,0.0001011061760367,range_bound
AAPL,2022-04-27,-0.1027096991258829,0.0005478686778101,8.157804772057631e-05,range_bound
AAPL,2022-04-28,-0.1037896856319823,0.0004679661127913,5.9226891493402434e-05,range_bound
AAPL,2022-04-29,-0.1036871710105442,0.0008575585572144,0.0002062681178713,range_bound
AAPL,2022-05-02,-0.1041769234076542,0.0009002809918438,0.0002483405124454,range_bound
AAPL,2022-05-03,-0.10410927204847,0.0009305696647538,0.000265487167458,range_bound
AAPL,2022-05-04,-0.1010029492563409,0.000766667239029,0.0001893638356588,trending_up
AAPL,2022-05-05,-0.1005341158698314,0.001016702768182,0.0003501449624511,range_bound
AAPL,2022-05-06,-0.1007534634784085,0.0009641279440135,0.0003380911206302,range_bound
AAPL,2022-05-09,-0.1006878969605924,0.0008590066019813,0.0002689578207759,range_bound
AAPL,2022-05-10,-0.100482977372227,0.0005123081434509,0.0001009574050224,range_bound
AAPL,2022-05-11,-0.1003527571564163,0.0004791358777896,8.800425456412242e-05,range_bound
AAPL,2022-05-13,-0.1002328913135985,0.0003032459829194,3.5712216215011416e-05,range_bound
AAPL,2022-05-16,-0.1001998532926139,0.0006480960408572,0.0001667133318529,range_bound
AAPL,2022-05-17,-0.1002258114924172,0.0007825813143559,0.0002397025486483,range_bound
AAPL,2022-05-18,-0.0978154563518329,0.0010087682032305,0.0004171347598441,crisis
AAPL,2022-05-19,-0.0975185644795452,0.0006258632704212,0.0001725165256951,crisis
AAPL,2022-05-20,-0.0975192968491116,0.0004776386173469,0.0001001136249278,crisis
AAPL,2022-05-23,-0.0974986460187667,0.0005845684327869,0.0001486730423692,crisis
AAPL,2022-05-24,-0.0968702279662678,0.000815416112857,0.0002923581744983,crisis
AAPL,2022-05-25,-0.096678210563991,0.0007617545230246,0.0002557358355876,crisis
AAPL,2022-05-26,-0.0966737971692596,0.0007642686600789,0.0002574578281152,crisis
AAPL,2022-05-27,-0.0965535660443928,0.0008386763907907,0.0003151635366356,crisis
AAPL,2022-05-31,-0.0966631425452678,0.0010772974739274,0.0005315967918261,crisis
AAPL,2022-06-01,-0.0960423151536248,0.0010005970885253,0.0004591964057329,crisis
AAPL,2022-06-02,-0.0959457283072706,0.0009072179789834,0.0003786552387298,crisis
AAPL,2022-06-03,-0.0959210436901911,0.0009282386928979,0.0003976903801458,crisis
AAPL,2022-06-06,-0.0954223935993562,0.0008041726770379,0.0003016145049724,crisis
AAPL,2022-06-07,-0.0954189072631485,0.0008050194205853,0.0003022504667525,crisis
AAPL,2022-06-08,-0.0953424354160729,0.0008325415179458,0.0003235902328673,crisis
AAPL,2022-06-09,-0.0947702517362776,0.000757830796602,0.0002694710804194,crisis
AAPL,2022-06-10,-0.0955369857258624,0.0009824634289244,0.0004640599899309,crisis
AAPL,2022-06-13,-0.0959596431507158,0.0010972581525507,0.0005997615899104,crisis
AAPL,2022-06-14,-0.0959141187968098,0.0007385921103782,0.0002873663682421,crisis
AAPL,2022-06-15,-0.0961519637406551,0.0008238365520824,0.0003565559981153,crisis
AAPL,2022-06-16,-0.0961194629357446,0.0009457262129499,0.0004731291774292,crisis
AAPL,2022-06-17,-0.0959826922624496,0.0006407849189213,0.000225280567111,crisis
AAPL,2022-06-21,-0.0868569080842751,0.0010759636652164,0.0012006115466458,crisis
AAPL,2022-06-22,-0.0868877984650268,0.0011740269086964,0.0014630367638158,crisis
AAPL,2022-06-23,-0.087033126502793,0.0011518125239951,0.0014082503027775,crisis
AAPL,2022-06-24,-0.0868933194283099,0.0011865845849424,0.0014968184914313,crisis
AAPL,2022-06-27,-0.0869515838586376,0.0012779485466899,0.0017978255761041,crisis
AAPL,2022-06-28,-0.0863998595871312,0.0012767768371055,0.0017948249075724,crisis
AAPL,2022-06-29,-0.0863683185479715,0.0011588681192801,0.0014997494122013,crisis
AAPL,2022-06-30,-0.0864587134370268,0.001171123304167,0.0015317222868029,crisis
AAPL,2022-07-01,-0.0861857574418638,0.001130174200713,0.0014254724453647,crisis
AAPL,2022-07-05,-0.0855934591711853,0.0011395692837814,0.0014602230771653,crisis
AAPL,2022-07-06,-0.0865661897193114,0.001079451360101,0.0013006838292466,crisis
AAPL,2022-07-07,-0.0865846228573822,0.0010932458196848,0.0013347906776425,crisis
AAPL,2022-07-08,-0.0866004119632181,0.0011397518019049,0.0014610866208912,crisis
AAPL,2022-07-11,-0.0869061329710841,0.0011483228712117,0.0014826684497377,crisis
AAPL,2022-07-12,-0.0805124431093263,0.0014873012161732,0.0043222779679997,crisis
AAPL,2022-07-22,-0.0747509734415597,0.0013143486746924,0.0094426435013833,crisis
AAPL,2022-07-25,-0.0793447547463113,0.0020575785827932,0.0111447940282589,crisis
AAPL,2022-07-26,-0.0792470067867147,0.0020599611704646,0.0111623613329309,crisis
AAPL,2022-07-27,-0.0794223730280575,0.0020439519518012,0.0110477981371349,crisis
AAPL,2022-07-28,-0.079424139714477,0.0021364842811457,0.0121352030327784,crisis
AAPL,2022-07-29,-0.0806032546789589,0.0018744222220087,0.0091355069215225,crisis
AAPL,2022-08-01,-0.0806248823296792,0.0017503471890575,0.0079272126796172,crisis
AAPL,2022-08-02,-0.0802998410474481,0.0017153408109263,0.0075785001188748,crisis
AAPL,2022-08-03,-0.0803898169008682,0.0017644250197225,0.0079624279520463,crisis
AAPL,2022-08-04,-0.0808013628165222,0.0017558052833805,0.0079319510942685,crisis
AAPL,2022-08-05,-0.0812721453014316,0.0017224497655728,0.007593077148767,crisis
AAPL,2022-08-08,-0.0809916451640148,0.0017621131938093,0.0078316460299605,crisis
AAPL,2022-08-09,-0.0808816146008549,0.0017518881879696,0.0077333460267505,crisis
AAPL,2022-08-10,-0.0811159803725972,0.0017841713692519,0.0080262847803723,crisis
AAPL,2022-08-12,-0.0816050569037496,0.0016365283450367,0.0068316784202072,crisis
AAPL,2022-08-15,-0.0846962657963138,0.0008096668782135,0.0014007408923285,crisis
AAPL,2022-08-16,-0.0846941055820841,0.000858272902281,0.0015715026640718,crisis
AAPL,2022-08-17,-0.0848786369950472,0.000786221611396,0.0013107809124291,crisis
AAPL,2022-08-18,-0.0851018624526298,0.0008264740706472,0.00144948234763,crisis
AAPL,2022-08-22,-0.0861017787016903,0.0008593234106288,0.0015482395574352,crisis
AAPL,2022-08-23,-0.0861586278800108,0.0008307231976117,0.0014641210511768,range_bound
AAPL,2022-08-24,-0.0870081402600674,0.000786291973193,0.0012899915752252,range_bound
AAPL,2022-08-25,-0.0870683870678821,0.0007519070492071,0.0011769577680411,range_bound
AAPL,2022-08-26,-0.0879239560126916,0.0005690850658911,0.000674009282084,crisis
AAPL,2022-08-29,-0.0880204427431444,0.0003975527587682,0.0003399298167368,crisis
AAPL,2022-08-30,-0.0880239286474295,0.0003698742977343,0.0002946623478724,crisis
AAPL,2022-08-31,-0.0881508886092685,0.000351370838804,0.0002671026054019,range_bound
AAPL,2022-09-01,-0.0882590520547337,0.0003485549383093,0.0002634184465649,range_bound
AAPL,2022-09-02,-0.0891619104803821,0.0003220223606556,0.0002234425959383,range_bound
AAPL,2022-09-06,-0.0891927873251149,0.000243682118468,0.0001282752841416,range_bound
AAPL,2022-09-09,-0.0892103840708148,0.0002275760496139,0.000111942141174,range_bound
AAPL,2022-09-12,-0.0942055448881578,-0.000984373725817,0.0014387515842851,range_bound
AAPL,2022-09-13,-0.0942389883049952,-0.0009386497337843,0.0013136581916229,trending_down
AAPL,2022-09-14,-0.0956742215458019,-7.234258186904663e-05,8.127308559924273e-06,trending_down
AAPL,2022-09-15,-0.0956577090957629,-0.0003479286498903,0.0001875265818505,trending_down
AAPL,2022-09-16,-0.0956769062869846,-0.000395433964396,0.0002431193298867,trending_down
AAPL,2022-09-19,-0.0972817754497085,-0.0001791675867566,4.735706909064774e-05,trending_down
AAPL,2022-09-20,-0.0971108837586119,-0.0002028892357064,5.959149289946897e-05,trending_down
AAPL,2022-09-21,-0.0978092142607234,-0.0002533181074157,9.224174264532704e-05,trending_down
AAPL,2022-09-22,-0.1003432175294403,0.0003860839061721,0.000200405819723,trending_down
AAPL,2022-09-23,-0.1004495223993419,0.0002848398786756,0.0001089549551028,trending_down
AAPL,2022-09-26,-0.1004517102333728,0.0003344904267063,0.0001490598373292,trending_down
AAPL,2022-09-27,-0.1004669385160701,0.0002412931512355,7.767216254039866e-05,trending_down
AAPL,2022-09-28,-0.1004761232357143,0.0002457689358838,8.058235685537429e-05,trending_down
AAPL,2022-09-29,-0.1031277420773771,-0.0005535899390163,0.0003925268771292,trending_down
AAPL,2022-09-30,-0.1032110760833622,-0.0007746888507068,0.0007717696903248,trending_down
AAPL,2022-10-03,-0.1034967355393347,-0.000688048481706,0.0006077512904668,range_bound
AAPL,2022-10-04,-0.1032384581229072,-0.0004133766443222,0.0002219457383777,range_bound
AAPL,2022-10-05,-0.1032389100954116,-0.0002156984325588,6.232538555550615e-05,range_bound
AAPL,2022-10-06,-0.1041172413942049,-0.0003157371330068,0.0001323311109824,range_bound
AAPL,2022-10-07,-0.1040964831663043,-0.0003783085838765,0.000190399190193,trending_down
AAPL,2022-10-10,-0.1044681335259718,-0.0002380971201102,7.626784583558699e-05,trending_down
AAPL,2022-10-11,-0.1044773792248123,-0.0002449306603223,8.074784129197266e-05,trending_down
AAPL,2022-10-12,-0.1039712902679201,-0.0003409709186228,0.0001570065124196,trending_down
AAPL,2022-10-13,-0.1041110830943121,-0.0003232896541015,0.0001399711799705,trending_down
AAPL,2022-10-14,-0.1034845191495141,-0.0001046495335628,1.4867951541042146e-05,trending_down
AAPL,2022-10-17,-0.1044845638235069,1.4063771146864852e-05,2.669478001982029e-07,trending_down
AAPL,2022-10-18,-0.1044426062278301,0.0001946190689939,5.219085363972198e-05,trending_down
AAPL,2022-10-19,-0.1047519199237225,0.0003027174464859,0.0001263130371617,trending_down
AAPL,2022-10-20,-0.1046349652990257,0.0001820265998325,4.51903286591282e-05,trending_down
AAPL,2022-10-21,-0.1045318625282808,0.0001549359155078,3.275162735805193e-05,trending_down
AAPL,2022-10-24,-0.1033892469581766,-0.0003499357492329,0.0001770075910642,trending_down
AAPL,2022-10-25,-0.1033307518851369,-9.955303424418968e-05,1.404507747859718e-05,range_bound
AAPL,2022-10-26,-0.1031392007101847,-2.3791054684273105e-06,8.061660561331507e-09,range_bound
AAPL,2022-10-27,-0.102533262329598,5.508951841080884e-05,4.264962303990316e-06,range_bound
AAPL,2022-10-28,-0.102311568974455,-2.95215105755703e-05,1.2052494254843893e-06,range_bound
AAPL,2022-10-31,-0.1029364891169143,-0.0002262443504776,7.159702449199834e-05,range_bound
AAPL,2022-11-01,-0.1027922984760049,-0.0003089593946484,0.0001330052485226,trending_down
AAPL,2022-11-02,-0.102872251380131,-0.0003301569167155,0.0001520444677347,trending_down
AAPL,2022-11-04,-0.1028867119329727,-0.000542536485621,0.0004156248372826,trending_down
AAPL,2022-11-07,-0.1030997962129134,-0.0004688408449462,0.0003115288483626,trending_down
AAPL,2022-11-08,-0.1028450574937874,-0.0004398746959273,0.0002726191255125,trending_down
AAPL,2022-11-09,-0.1025834327135569,-0.0004130848305175,0.0002400686112224,trending_down
AAPL,2022-11-10,-0.1026556546485508,-0.0005777218030669,0.0004740770553522,crisis
AAPL,2022-11-11,-0.1006395806147628,-0.0001586744762704,4.023713313383581e-05,crisis
AAPL,2022-11-14,-0.1010774339725498,-0.0001588131664348,4.048101865095077e-05,crisis
AAPL,2022-11-15,-0.0997494264447685,-0.0001536208409284,3.833535999431259e-05,crisis
AAPL,2022-11-16,-0.0997803758587116,-0.0002484697496653,9.873255509784684e-05,crisis
AAPL,2022-11-17,-0.0992303187058177,-0.0004119908379415,0.0002618450457193,crisis
AAPL,2022-11-18,-0.0992472367830186,-0.0004624670342592,0.000329608789197,crisis
AAPL,2022-11-21,-0.0990898327764874,-0.0004503480793259,0.0003122015541039,crisis
AAPL,2022-11-22,-0.0991407530986405,-0.0006418817479551,0.0006170929764834,crisis
AAPL,2022-11-23,-0.0988044817745963,-0.0005545990858579,0.0004465804225902,crisis
AAPL,2022-11-25,-0.0988319991212119,-0.0004803177520672,0.0003352575275589,crisis
AAPL,2022-11-28,-0.0992926930615165,-0.0003042637836624,0.0001306883206914,crisis
AAPL,2022-11-29,-0.0993196333159912,-0.0004077980704653,0.00023651984166,crisis
AAPL,2022-11-30,-0.0995894022065007,-0.0003075380399793,0.0001337818902098,crisis
AAPL,2022-12-01,-0.0996746457914073,-0.0003001682821586,0.000129195628291,crisis
AAPL,2022-12-02,-0.0997367864170855,-0.0002795699041862,0.0001120831370214,crisis
AAPL,2022-12-05,-0.1021280376897645,-0.0003774837464555,0.0001918103936688,crisis
AAPL,2022-12-06,-0.102109051081533,-0.0002433550707299,7.656855236293225e-05,crisis
AAPL,2022-12-07,-0.1022039027388987,-0.0002693401343043,9.43615875788062e-05,crisis
AAPL,2022-12-08,-0.1023480601233889,-0.000279562356221,0.0001017811930389,crisis
AAPL,2022-12-09,-0.1023797881612191,-0.0003585972321896,0.0001659518447386,crisis
AAPL,2022-12-12,-0.102271745327359,-0.0003719460881862,0.0001783645641803,crisis
AAPL,2022-12-13,-0.1022702352832592,-0.0003342981962579,0.0001446961118134,crisis
AAPL,2022-12-14,-0.1021260349229096,-0.0003657697967495,0.0001711139490956,crisis
AAPL,2022-12-15,-0.10222119955778,-0.0005763773341995,0.0004170826489425,crisis
AAPL,2022-12-19,-0.1023469599563702,-0.000647642876574,0.0005363908647506,crisis
AAPL,2022-12-20,-0.1023704933509198,-0.0006469157157254,0.0005354062253782,crisis
AAPL,2022-12-21,-0.1023861964246358,-0.0007397862996416,0.0006913577897853,crisis
AAPL,2022-12-22,-0.1024076708987485,-0.0005541896287027,0.0003882246778873,crisis
AAPL,2022-12-23,-0.1029996340517114,-0.0005277100944996,0.0003544843082914,crisis
AAPL,2022-12-27,-0.1030111239462369,-0.0005559042278205,0.0003925657425394,crisis
AAPL,2022-12-28,-0.1029880310474644,-0.0005106401473692,0.0003302133180629,crisis
AAPL,2022-12-29,-0.1024329812386384,-0.0007260084880796,0.0006599024532327,crisis
AAPL,2022-12-30,-0.1022422773545255,-0.000831962803601,0.0008530931308912,crisis
AAPL,2023-01-03,-0.1023963584426324,-0.0006059339487032,0.0004314581066454,crisis
AAPL,2023-01-04,-0.1011633220391132,-0.0006852750604132,0.0005595850127128,trending_up
AAPL,2023-01-09,-0.1014246700211596,-0.0007746564937791,0.0007126487866196,trending_up
AAPL,2023-01-10,-0.1013872117094996,-0.0005562681182514,0.0003531299366883,range_bound
AAPL,2023-01-11,-0.1013611284657887,-0.0005180524288331,0.0003066799466373,range_bound
AAPL,2023-01-12,-0.101443635921896,-0.0006433664722062,0.000465185973738,trending_up
AAPL,2023-01-13,-0.1013502312397379,-0.0006145958055934,0.0004243915176243,trending_up
AAPL,2023-01-17,-0.1014968775091987,-0.0006735636000348,0.0005088199055686,trending_up
AAPL,2023-01-18,-0.1015529615739779,-0.000967965253063,0.0010114242598434,trending_up
AAPL,2023-01-19,-0.1017225602040663,-0.0010061647182863,0.0011039792773077,trending_up
AAPL,2023-01-20,-0.1023153389645952,-0.0008165659168932,0.0007176206953399,trending_up
AAPL,2023-01-23,-0.1024115183979836,-0.0007432024909846,0.0006028829716949,trending_up
AAPL,2023-01-27,-0.1024496637483399,-0.0005935582153801,0.0003857943796884,trending_up
AAPL,2023-01-30,-0.1074991386705911,-0.0008529716103057,0.0006065488483752,trending_up
AAPL,2023-01-31,-0.1066192763722745,-0.000922709726608,0.0007154624771992,trending_up
AAPL,2023-02-01,-0.1066855749071304,-0.0008440341485263,0.0006036602440565,trending_up
AAPL,2023-02-02,-0.106717956518209,-0.0008920836102801,0.0006716652911169,trending_up
AAPL,2023-02-03,-0.1063800283940722,-0.0007937008841234,0.000535354463229,trending_up
AAPL,2023-02-06,-0.1067000191524821,-0.0007135855480806,0.0004330793191963,range_bound
AAPL,2023-02-07,-0.1065419557844552,-0.0007233196677758,0.0004438517736646,trending_up
AAPL,2023-02-08,-0.1023684486877668,-0.0015863168282006,0.0025868888641454,trending_up
AAPL,2023-02-09,-0.1024172287668518,-0.0016684902441826,0.002876272833478,range_bound
AAPL,2023-02-10,-0.1025239414405415,-0.0016399626580859,0.002772495977441,range_bound
AAPL,2023-02-13,-0.1026831573429144,-0.0018788842015443,0.0035517365284366,trending_up
AAPL,2023-02-14,-0.1015801232728896,-0.0015912217095196,0.0025598564579483,trending_up
AAPL,2023-02-15,-0.1012690526981135,-0.0016091777204386,0.0025928819311316,trending_up
AAPL,2023-02-16,-0.1012808813904194,-0.0015616873077924,0.0024427441378022,range_bound
AAPL,2023-02-17,-0.1008915045081079,-0.0016706207691602,0.0028069032518732,range_bound
AAPL,2023-02-21,-0.1006206484181665,-0.0017198083271733,0.0029422919407022,range_bound
AAPL,2023-02-22,-0.1006870175415967,-0.0016326805937833,0.0026929900388636,range_bound
AAPL,2023-02-23,-0.1016166823666355,-0.0016070434938164,0.0025996535027094,range_bound
AAPL,2023-02-24,-0.1016031604822383,-0.0015546462700422,0.0024358445562551,range_bound
AAPL,2023-02-27,-0.1027429878239508,-0.001320149571475,0.0017450259739401,range_bound
AAPL,2023-02-28,-0.1023435621099657,-0.0012828016961384,0.00161722879562,range_bound
AAPL,2023-03-01,-0.0992461324323809,-0.000319805957349,0.000108069197913,range_bound
AAPL,2023-03-02,-0.0993824449355358,-0.0003743510440691,0.0001481537128064,range_bound
AAPL,2023-03-07,-0.0992083857120984,-0.0003193934714066,0.0001079932556183,range_bound
AAPL,2023-03-08,-0.1032643603932877,0.0010315616771902,0.0009326522884717,range_bound
AAPL,2023-03-09,-0.1026767198630065,0.0010747929454944,0.0010152063597422,range_bound
AAPL,2023-03-10,-0.1027895486999641,0.0011419611516964,0.0011427310295067,trending_down
AAPL,2023-03-13,-0.1019739654839856,0.0010144623158178,0.0009096538811224,range_bound
AAPL,2023-03-14,-0.1019113091474905,0.0009833051448079,0.0008537744365639,range_bound
AAPL,2023-03-15,-0.1012737959731747,0.0011816508398402,0.0012391901975834,trending_down
AAPL,2023-03-16,-0.1094351164933284,0.0024779995178459,0.0030799227929915,range_bound
AAPL,2023-03-17,-0.1095561447271721,0.0026686788501905,0.0036139133862179,trending_down
AAPL,2023-03-20,-0.1097913158135007,0.0027263581755358,0.0037755247355539,range_bound
AAPL,2023-03-21,-0.1097094395423117,0.0028542660094886,0.0041423643694062,range_bound
AAPL,2023-03-22,-0.1090657471047414,0.0029413130419864,0.0044317933350505,range_bound
AAPL,2023-03-23,-0.1174327186328696,0.0061239173104703,0.0134905890293716,range_bound
AAPL,2023-03-24,-0.1176449641943365,0.0061855651817217,0.0137678984931374,range_bound
AAPL,2023-03-27,-0.1127213042986455,0.0078158943469018,0.0238002742353961,range_bound
AAPL,2023-03-28,-0.1125045132533585,0.0077876968102192,0.023511344213176,range_bound
AAPL,2023-03-29,-0.1116504563100037,0.0073530737415662,0.0194504510478111,range_bound
AAPL,2023-03-30,-0.1105041076177448,0.0075218860360824,0.020576160949869,range_bound
AAPL,2023-03-31,-0.1109237535419714,0.0077149187702538,0.0215625678667779,range_bound
AAPL,2023-04-03,-0.1089808283965612,0.0074431034764466,0.0205038507645324,range_bound
AAPL,2023-04-04,-0.1089319706211275,0.0074158968068814,0.0203181129850925,range_bound
AAPL,2023-04-05,-0.108339086505686,0.0073175689278094,0.0196801027601138,range_bound
AAPL,2023-04-06,-0.1057563191364446,0.0063728885507945,0.0151070189223477,range_bound
AAPL,2023-04-10,-0.105913726125949,0.0064858490707612,0.0155977479283375,range_bound
AAPL,2023-04-11,-0.1061991425917852,0.0067498641915623,0.0166662342278844,range_bound
AAPL,2023-04-12,-0.1063928951361333,0.0068880324211506,0.017268319800708,range_bound
AAPL,2023-04-13,-0.1063715862115927,0.0068691417415505,0.0171838111505342,range_bound
AAPL,2023-04-14,-0.104148553078206,0.0079844774276384,0.0234909287616341,range_bound
AAPL,2023-04-17,-0.1050394592443648,0.0083853519646855,0.0253768865286856,range_bound
AAPL,2023-04-18,-0.1048867822398311,0.0084841802750203,0.0256360110680269,range_bound
AAPL,2023-04-19,-0.1044982009485199,0.0084772642450375,0.0248270072911985,range_bound
AAPL,2023-04-20,-0.1039811969919475,0.0085826734869568,0.0243297762659124,range_bound
AAPL,2023-04-21,-0.1033255809140731,0.0085069202231242,0.0239618081343406,range_bound
AAPL,2023-04-24,-0.1034934200625471,0.008662323565986,0.024689466350326,range_bound
AAPL,2023-04-25,-0.1036149108666267,0.0090271120711053,0.0256640002896719,range_bound
AAPL,2023-04-26,-0.1035016539969289,0.0088616558979133,0.0250117808834204,range_bound
AAPL,2023-04-27,-0.1030807774634726,0.0087967422912603,0.0246054984753337,range_bound
AAPL,2023-04-28,-0.1029697663922639,0.008830493584049,0.0252146287310611,range_bound
AAPL,2023-05-04,-0.1033097393203197,0.0087928713796631,0.0242490798513826,range_bound
AAPL,2023-05-05,-0.10719656390677,0.0095698104636159,0.0257033499200448,range_bound
AAPL,2023-05-08,-0.107676694899328,0.0092824051244314,0.0237954166908829,range_bound
AAPL,2023-05-09,-0.1071677752481526,0.009303779280126,0.02373610913478,range_bound
AAPL,2023-05-10,-0.1072274783049737,0.0093575190014186,0.0239625672849587,range_bound
AAPL,2023-05-11,-0.1075243735683539,0.0095409012576888,0.0248071670999947,range_bound
AAPL,2023-05-12,-0.1061856891572304,0.0103133605843743,0.0281611446431108,range_bound
AAPL,2023-05-15,-0.1060037743917651,0.0102217741668244,0.0274711383954158,range_bound
AAPL,2023-05-16,-0.112705740668451,0.0095899127032678,0.0196597483494566,range_bound
AAPL,2023-05-17,-0.1126813215963462,0.0095989007315084,0.0196784309307476,range_bound
AAPL,2023-05-18,-0.1132676236884674,0.0097038720972893,0.0202333576725576,range_bound
AAPL,2023-05-19,-0.1123632680736106,0.0103351668489577,0.0223334233409353,range_bound
AAPL,2023-05-22,-0.1128808964415183,0.0104891513210891,0.0229394608726839,range_bound
AAPL,2023-05-23,-0.1129144964401615,0.0105667970343942,0.023237362838146,range_bound
AAPL,2023-05-24,-0.1223345107512183,0.0147985644995229,0.0350812560124133,range_bound
AAPL,2023-05-25,-0.1215079089628879,0.0146937112648287,0.0343134066812172,range_bound
AAPL,2023-05-26,-0.1214893670852802,0.0146897293833192,0.0342625889007364,range_bound
AAPL,2023-05-30,-0.1216946600960688,0.0147061935694412,0.0346157856228371,range_bound
AAPL,2023-05-31,-0.1223948074694399,0.0155338886534855,0.0375001328412613,range_bound
AAPL,2023-06-01,-0.1320099389849423,0.0209837885727341,0.040958473916589,range_bound
AAPL,2023-06-02,-0.131630101432672,0.0211466455601802,0.0415588520196363,trending_up
AAPL,2023-06-05,-0.1425776294740224,0.0147635168787429,0.0162581590948236,trending_up
AAPL,2023-06-06,-0.1422993447350206,0.0145101898904646,0.0156365642360495,trending_up
AAPL,2023-06-07,-0.1426179008525382,0.0148858046604945,0.016371498984451,trending_up
AAPL,2023-06-08,-0.1426094346675733,0.0148704859880966,0.0163420582595456,trending_up
AAPL,2023-06-09,-0.1427107092775514,0.0148851372213488,0.0163949505063507,trending_up
AAPL,2023-06-12,-0.1428747539709882,0.0150723101548932,0.0167861212142009,trending_up
AAPL,2023-06-13,-0.1427711026115075,0.0150492069578966,0.0166117302707016,trending_up
AAPL,2023-06-14,-0.1428053027496421,0.0150466855384334,0.0166117817204565,trending_up
AAPL,2023-06-15,-0.1424851375331826,0.015067875390841,0.0166489474575083,trending_up
AAPL,2023-06-16,-0.1433955895526221,0.0161176680862079,0.0188230915760596,trending_up
AAPL,2023-06-20,-0.1431389273750996,0.0160277670840948,0.0186239443894297,trending_up
AAPL,2023-06-21,-0.1420950194978774,0.0161398411461605,0.0174897730548005,trending_up
AAPL,2023-06-22,-0.141995269554332,0.0159728898328592,0.0171781557744135,trending_up
AAPL,2023-06-23,-0.1399884228104236,0.0158971939268759,0.0171040584070327,trending_up
AAPL,2023-06-26,-0.1404653266124556,0.0166890040758509,0.0183917075331183,trending_up
AAPL,2023-06-27,-0.1407284557043375,0.0172638008362202,0.0193101897174142,trending_up
AAPL,2023-06-28,-0.1410424454111091,0.0175054897856774,0.0200235852156581,trending_up
AAPL,2023-07-03,-0.1409703317100042,0.0173426214143921,0.0195741597772552,trending_up
AAPL,2023-07-05,-0.1412960187936798,0.0177467602890569,0.020367276299116,trending_up
AAPL,2023-07-06,-0.1407804588169394,0.0174913316535106,0.0194620928788485,trending_up
AAPL,2023-07-07,-0.1402722740303777,0.0169203911217451,0.0182579730711056,trending_up
AAPL,2023-07-10,-0.1403884788654077,0.0171051807486774,0.0185892088999841,trending_up
AAPL,2023-07-11,-0.1413892620475553,0.0190254341640986,0.0216300106422075,trending_up
AAPL,2023-07-12,-0.1421484336167437,0.0196232169555281,0.0228813354773589,trending_up
AAPL,2023-07-13,-0.1423418979589416,0.0197690320896262,0.0233320862674373,trending_up
AAPL,2023-07-14,-0.1420375337625034,0.0198676350362601,0.0232201477562059,trending_up
AAPL,2023-07-17,-0.1424299873855992,0.0203978350708806,0.0238995597487637,trending_up
AAPL,2023-07-18,-0.1423833684094673,0.0203368338120817,0.0237206306850209,trending_up
AAPL,2023-07-19,-0.1432304993487927,0.0206016001535428,0.024392526029676,trending_up
AAPL,2023-07-20,-0.144122589382499,0.0214055050693888,0.0258332982594281,trending_up
AAPL,2023-07-24,-0.1428289358348805,0.0213251439696445,0.0250315571834776,trending_up
AAPL,2023-07-25,-0.1429377692239923,0.0215677815526223,0.0255837164386542,trending_up
AAPL,2023-07-26,-0.1430826689189398,0.0218502173476118,0.0261712168457595,trending_up
AAPL,2023-07-27,-0.1425542461990437,0.0217397704816002,0.0257802455207667,trending_up
AAPL,2023-07-28,-0.1422713728473762,0.021370764766149,0.0250695168169589,trending_up
AAPL,2023-08-03,-0.1425412154050807,0.0212885427747936,0.0249950924961128,trending_up
AAPL,2023-08-04,-0.1467884953553254,0.022150102404988,0.0258719016926662,trending_up
AAPL,2023-08-08,-0.1464382803742482,0.0217938371721571,0.0251114944178688,trending_up
AAPL,2023-08-09,-0.1483657115999803,0.0221884674389439,0.025964840421128,trending_up
AAPL,2023-08-10,-0.1482302940845022,0.0219021605782947,0.0254414391731548,trending_up
AAPL,2023-08-11,-0.1490282397799246,0.0231591750484887,0.0275899994476183,trending_up
AAPL,2023-08-14,-0.1487190226349747,0.0233056535657968,0.027709290915788,trending_up
AAPL,2023-08-15,-0.1480517517379894,0.0237449794455367,0.0278167067700179,trending_up
AAPL,2023-08-16,-0.1470679648754765,0.0227428862263263,0.025617842273119,range_bound
AAPL,2023-08-17,-0.1416716211434828,0.0226825964749544,0.0266215827599501,range_bound
AAPL,2023-08-18,-0.1420063357082004,0.0232028573692046,0.0275237575034935,range_bound
AAPL,2023-08-21,-0.1415626112751931,0.023194057077093,0.0268825591824657,range_bound
AAPL,2023-08-22,-0.1413845507646216,0.0232013755932887,0.0266892092636129,range_bound
AAPL,2023-08-23,-0.140697197792646,0.0230641954354405,0.0257862027374895,range_bound
AAPL,2023-08-24,-0.1416888529880098,0.0235324251240689,0.0268083300331281,range_bound
AAPL,2023-08-25,-0.1420103696849769,0.0233900794595468,0.0270348227020886,range_bound
AAPL,2023-09-11,-0.1417496528890807,0.0236383103117318,0.0272303079215929,range_bound
AAPL,2023-09-12,-0.1425360536740986,0.0247160030552231,0.0294198570869086,range_bound
AAPL,2023-09-13,-0.1423702115932164,0.0248063107126559,0.0294380634130689,range_bound
AAPL,2023-09-14,-0.1422921544034674,0.0247677339759247,0.0293356709700747,range_bound
AAPL,2023-09-15,-0.1421989633394145,0.0247889357527397,0.0291724480537989,range_bound
AAPL,2023-09-18,-0.142002202801178,0.0240954482877719,0.0281253962896343,range_bound
AAPL,2023-09-19,-0.1418565864731525,0.0239994084061584,0.0278743594702611,range_bound
AAPL,2023-09-20,-0.1426616970078293,0.0252012735035859,0.0300046706519782,range_bound
AAPL,2023-09-21,-0.1427009664937437,0.0248644511603122,0.0295433524110227,range_bound
AAPL,2023-09-22,-0.1425411635851478,0.0249297919347896,0.0291958105881111,range_bound
AAPL,2023-09-25,-0.1415464832206888,0.024740121480985,0.0287492991515888,range_bound
AAPL,2023-09-26,-0.1414897784197464,0.0247189304794074,0.0286657369506349,range_bound
AAPL,2023-09-27,-0.1402712897772845,0.0235131744430983,0.0262985527978747,range_bound
AAPL,2023-09-28,-0.1405100314508414,0.0234019384070638,0.0260408266637197,range_bound
AAPL,2023-10-03,-0.1425143368407513,0.0231988046554153,0.0255926317375636,range_bound
AAPL,2023-10-04,-0.1452430320822683,0.0252646378077781,0.0306750904708543,range_bound
AAPL,2023-10-05,-0.1455272280285997,0.0251094955900223,0.0302938090069735,range_bound
AAPL,2023-10-06,-0.1416033826102042,0.0216748227922259,0.0224362481387926,range_bound
AAPL,2023-10-09,-0.1416867957988172,0.0218359130878808,0.0231135802114842,range_bound
AAPL,2023-10-10,-0.1427295715414912,0.0237400461651482,0.0261611150305949,range_bound
AAPL,2023-10-11,-0.1441607638248145,0.0252356676488628,0.0287392530865566,range_bound
AAPL,2023-10-12,-0.1444446515357146,0.0255008870991005,0.0293568844549291,range_bound
AAPL,2023-10-13,-0.1434525544416668,0.0253986307421518,0.0283860270576644,range_bound
AAPL,2023-10-16,-0.1347470383614027,0.0209262477237632,0.0216714762826886,range_bound
AAPL,2023-10-17,-0.1344901113014105,0.0211876896276693,0.021653826498485,range_bound
AAPL,2023-10-18,-0.1346679109640429,0.0217880832457662,0.0223782776096183,range_bound
AAPL,2023-10-19,-0.1348521199775555,0.0215923149753549,0.0223766091610052,range_bound
AAPL,2023-10-20,-0.1338301976404727,0.0209305676742563,0.020828746208929,range_bound
AAPL,2023-10-23,-0.1359270646043606,0.0203902017946604,0.0179437460435789,trending_down
AAPL,2023-10-24,-0.1355924332904593,0.020187192452332,0.017585428152513,range_bound
AAPL,2023-10-25,-0.13617209030643,0.0198597198286393,0.0170605918053678,trending_down
AAPL,2023-10-26,-0.1357774820618982,0.0187486068438212,0.0156988179747513,trending_down
AAPL,2023-11-02,-0.1359245536132513,0.0183732926716634,0.0153998912026084,range_bound
AAPL,2023-11-03,-0.1391342326736321,0.0133239246231184,0.0081478962764768,range_bound
AAPL,2023-11-06,-0.1447178701034712,0.0094849759459647,0.0039283411211197,range_bound
AAPL,2023-11-07,-0.1444753784660113,0.0091261290195699,0.0035471945186731,range_bound
AAPL,2023-11-08,-0.144834205010123,0.0090059288689829,0.0034542277473773,range_bound
AAPL,2023-11-09,-0.1449681935155903,0.0093970254760165,0.003742654810227,trending_down
AAPL,2023-11-10,-0.1495355813911928,0.0120286035291817,0.0060080582761183,range_bound
AAPL,2023-11-13,-0.1497193919104404,0.0123434396575135,0.0065144252983732,trending_down
AAPL,2023-11-14,-0.1496355168612781,0.0122318660468445,0.0063980426123164,range_bound
AAPL,2023-11-15,-0.1502633154858321,0.0123328129323351,0.0068149682244719,range_bound
AAPL,2023-11-16,-0.1506796945916118,0.0126666164955583,0.0071746921502594,range_bound
AAPL,2023-11-17,-0.1508836402824522,0.0123234130331325,0.0066578374962119,range_bound
AAPL,2023-11-20,-0.1516255989351423,0.0123607578771675,0.0066883518618416,range_bound
AAPL,2023-11-21,-0.151739534697284,0.0125172977504804,0.0068959423360221,range_bound
AAPL,2023-11-22,-0.1516767302052909,0.0123495793514488,0.0067194467516104,range_bound
AAPL,2023-11-24,-0.1519258466560444,0.0125196119990436,0.0069171531685877,range_bound
AAPL,2023-11-27,-0.1524075415542509,0.0128131737090502,0.0072133434689355,range_bound
AAPL,2023-11-28,-0.1523103838780494,0.012659040282631,0.0070459610351137,range_bound
AAPL,2023-11-29,-0.1527099575231999,0.0126463355415847,0.0070377795883681,range_bound
AAPL,2023-11-30,-0.1536230045381725,0.0139901724329689,0.0083139705462569,range_bound
AAPL,2023-12-01,-0.1541064004516592,0.0143888500485017,0.0087801622655143,range_bound
AAPL,2023-12-04,-0.1539351447732928,0.0141274909090078,0.0080817972254075,range_bound
AAPL,2023-12-05,-0.1529504247431476,0.0137525625418055,0.0076223791255483,range_bound
AAPL,2023-12-06,-0.1487030842105769,0.0114870861153403,0.0054078382068731,range_bound
AAPL,2023-12-07,-0.1477053489182739,0.0116206514712653,0.0052932789226064,range_bound
AAPL,2023-12-08,-0.1480289420182885,0.0118907035254048,0.0055858726144181,range_bound
AAPL,2023-12-12,-0.148274361963401,0.0124341401464371,0.0060982301480675,range_bound
AAPL,2023-12-13,-0.152526885690964,0.0109213581482602,0.0045770717651495,range_bound
AAPL,2023-12-19,-0.1529828780508196,0.0114603348357712,0.0051650328164283,range_bound
AAPL,2023-12-20,-0.1563184690640431,0.0103333290157542,0.0041579092403284,range_bound
AAPL,2023-12-21,-0.1492988258772025,0.0104874042017974,0.0047388524966729,range_bound
AAPL,2023-12-22,-0.1498269322159697,0.0112962383484359,0.005516201850512,range_bound
AAPL,2023-12-26,-0.1493548362408866,0.011147146074155,0.0052723532816857,range_bound
AAPL,2023-12-27,-0.1493949526648396,0.0108813381170904,0.004977995385293,range_bound
AAPL,2023-12-28,-0.1508123404819638,0.0108533631664209,0.0049404688724206,range_bound
AAPL,2023-12-29,-0.1509640542181317,0.0108559366588633,0.0049448442380891,range_bound
GOOGL,2021-06-28,,,,range_bound
GOOGL,2021-06-29,,,,range_bound
GOOGL,2021-06-30,,,,range_bound
GOOGL,2021-07-01,,,,range_bound
GOOGL,2021-07-02,,,,range_bound
GOOGL,2021-07-19,,,,range_bound
GOOGL,2021-07-20,,,,range_bound
GOOGL,2021-07-21,,,,range_bound
GOOGL,2021-07-22,,,,range_bound
GOOGL,2021-07-23,,,,range_bound
GOOGL,2021-07-26,,,,range_bound
GOOGL,2021-07-27,,,,range_bound
GOOGL,2021-07-28,,,,range_bound
GOOGL,2021-07-29,,,,range_bound
GOOGL,2021-07-30,,,,range_bound
GOOGL,2021-08-02,,,,range_bound
GOOGL,2021-08-03,,,,range_bound
GOOGL,2021-08-04,,,,range_bound
GOOGL,2021-08-05,,,,range_bound
GOOGL,2021-08-06,,,,range_bound
GOOGL,2021-08-09,,,,range_bound
GOOGL,2021-08-10,,,,range_bound
GOOGL,2021-08-11,,,,range_bound
GOOGL,2021-08-12,,,,range_bound
GOOGL,2021-08-13,,,,range_bound
GOOGL,2021-08-16,,,,range_bound
GOOGL,2021-08-17,,,,range_bound
GOOGL,2021-08-18,,,,range_bound
GOOGL,2021-08-19,,,,range_bound
GOOGL,2021-08-20,,,,range_bound
GOOGL,2021-08-23,,,,range_bound
GOOGL,2021-08-24,,,,range_bound
GOOGL,2021-08-30,,,,range_bound
GOOGL,2021-08-31,,,,range_bound
GOOGL,2021-09-01,,,,range_bound
GOOGL,2021-09-02,,,,range_bound
GOOGL,2021-09-07,,,,range_bound
GOOGL,2021-09-08,,,,range_bound
GOOGL,2021-09-09,,,,range_bound
GOOGL,2021-09-10,,,,range_bound
GOOGL,2021-09-13,,,,range_bound
GOOGL,2021-09-14,,,,range_bound
GOOGL,2021-09-15,,,,range_bound
GOOGL,2021-09-16,,,,range_bound
GOOGL,2021-09-17,,,,range_bound
GOOGL,2021-09-20,,,,range_bound
GOOGL,2021-09-21,,,,range_bound
GOOGL,2021-09-22,,,,range_bound
GOOGL,2021-09-23,,,,range_bound
GOOGL,2021-09-24,,,,range_bound
GOOGL,2021-09-30,,,,range_bound
GOOGL,2021-10-01,,,,range_bound
GOOGL,2021-10-04,,,,range_bound
GOOGL,2021-10-05,,,,range_bound
GOOGL,2021-10-06,,,,range_bound
GOOGL,2021-10-07,,,,range_bound
GOOGL,2021-10-08,,,,range_bound
GOOGL,2021-10-11,,,,range_bound
GOOGL,2021-10-12,,,,range_bound
GOOGL,2021-10-13,,,,range_bound
GOOGL,2021-10-14,,,,range_bound
GOOGL,2021-10-15,,,,range_bound
GOOGL,2021-10-18,,,,range_bound
GOOGL,2021-10-19,,,,trending_up
GOOGL,2021-10-20,,,,trending_up
GOOGL,2021-10-21,,,,trending_up
GOOGL,2021-10-22,,,,trending_up
GOOGL,2021-10-25,,,,trending_up
GOOGL,2021-10-26,,,,trending_up
GOOGL,2021-10-27,,,,range_bound
GOOGL,2021-10-28,,,,range_bound
GOOGL,2021-10-29,,,,range_bound
GOOGL,2021-11-12,,,,range_bound
GOOGL,2021-11-15,,,,range_bound
GOOGL,2021-11-16,,,,trending_up
GOOGL,2021-11-17,,,,trending_up
GOOGL,2021-11-18,,,,trending_up
GOOGL,2021-11-19,,,,trending_up
GOOGL,2021-11-22,,,,trending_up
GOOGL,2021-11-23,,,,range_bound
GOOGL,2021-11-24,,,,trending_up
GOOGL,2021-11-26,,,,range_bound
GOOGL,2021-11-29,,,,range_bound
GOOGL,2021-11-30,,,,range_bound
GOOGL,2021-12-01,,,,range_bound
GOOGL,2021-12-08,,,,range_bound
GOOGL,2021-12-09,,,,range_bound
GOOGL,2021-12-10,,,,range_bound
GOOGL,2021-12-13,,,,range_bound
GOOGL,2021-12-14,,,,range_bound
GOOGL,2021-12-15,,,,range_bound
GOOGL,2021-12-16,,,,range_bound
GOOGL,2021-12-17,,,,range_bound
GOOGL,2021-12-20,,,,range_bound
GOOGL,2021-12-21,,,,range_bound
GOOGL,2021-12-22,,,,range_bound
GOOGL,2021-12-23,,,,range_bound
GOOGL,2021-12-27,,,,range_bound
GOOGL,2021-12-28,,,,range_bound
GOOGL,2021-12-29,,,,range_bound
GOOGL,2021-12-30,,,,range_bound
GOOGL,2021-12-31,,,,range_bound
GOOGL,2022-01-03,,,,range_bound
GOOGL,2022-01-04,,,,range_bound
GOOGL,2022-01-05,,,,range_bound
GOOGL,2022-01-06,,,,range_bound
GOOGL,2022-01-07,,,,range_bound
GOOGL,2022-01-10,,,,range_bound
GOOGL,2022-01-11,,,,range_bound
GOOGL,2022-01-12,,,,range_bound
GOOGL,2022-01-13,,,,range_bound
GOOGL,2022-01-14,,,,range_bound
GOOGL,2022-01-18,,,,range_bound
GOOGL,2022-01-19,,,,range_bound
GOOGL,2022-01-20,,,,range_bound
GOOGL,2022-01-21,,,,range_bound
GOOGL,2022-01-24,,,,range_bound
GOOGL,2022-01-25,,,,range_bound
GOOGL,2022-01-26,,,,trending_down
GOOGL,2022-01-27,,,,trending_down
GOOGL,2022-01-28,,,,range_bound
GOOGL,2022-01-31,,,,range_bound
GOOGL,2022-02-01,,,,range_bound
GOOGL,2022-02-02,,,,range_bound
GOOGL,2022-02-14,,,,range_bound
GOOGL,2022-02-15,,,,range_bound
GOOGL,2022-02-16,-0.2913979550652501,-0.5183946397701561,0.0668227065533941,range_bound
GOOGL,2022-02-17,-0.2923648264962514,-0.5186011788059015,0.0668632404211938,range_bound
GOOGL,2022-02-18,-0.3092785678054637,-0.5045004182024062,0.0665238875849959,range_bound
GOOGL,2022-02-22,-0.318301960561056,-0.5032576415160384,0.0665361332980267,trending_down
GOOGL,2022-02-23,-0.3214706583075336,-0.4983346269192235,0.0658770701179343,trending_down
GOOGL,2022-02-24,-0.2748909699230752,-0.4606864771920476,0.0605289109371731,trending_down
GOOGL,2022-02-25,-0.3205956617022808,-0.4231692335436939,0.0528468260264115,range_bound
GOOGL,2022-02-28,-0.2919052671412744,-0.3890520032723792,0.046376649202629,trending_down
GOOGL,2022-03-01,-0.2733149341556221,-0.3802674264728096,0.0443628532579007,trending_down
GOOGL,2022-03-02,-0.2702612087550058,-0.3691099543026193,0.04283660891561,trending_down
GOOGL,2022-03-03,-0.1834405783195252,-0.3105265962818103,0.0335398331449982,trending_down
GOOGL,2022-03-04,-0.1734350238143205,-0.3074566209115627,0.0330312948680895,trending_down
GOOGL,2022-03-07,-0.2170978240477706,-0.2934903223985309,0.0306511332041182,trending_down
GOOGL,2022-03-08,-0.2111976145570486,-0.2139323705635262,0.0178387572547976,trending_down
GOOGL,2022-03-09,-0.2205159237546031,-0.2132824099375256,0.0177836508985506,trending_down
GOOGL,2022-03-10,-0.2388214172220167,-0.2237463847944665,0.0206810230760359,trending_down
GOOGL,2022-03-11,-0.2363206607913098,-0.2242706975148592,0.0208004008820756,trending_down
GOOGL,2022-03-14,-0.2433625483654116,-0.2168002181166785,0.0195741204875704,trending_down
GOOGL,2022-03-15,-0.237343174163804,-0.2195627101986946,0.0200851068342824,trending_down
GOOGL,2022-03-16,-0.2311904838353797,-0.2173135898812166,0.0203781763408965,trending_down
GOOGL,2022-03-17,-0.2385061676383113,-0.2189225616712198,0.0214446729210415,range_bound
GOOGL,2022-03-18,-0.2227477751727196,-0.21559714359854,0.0210560322896946,range_bound
GOOGL,2022-03-21,-0.2140448738013649,-0.2101123059127541,0.0201511429320451,range_bound
GOOGL,2022-03-22,-0.2215875316498906,-0.2110300932598628,0.020336368559133,range_bound
GOOGL,2022-03-23,-0.1957235565991713,-0.2012067860460736,0.0186376052723752,range_bound
GOOGL,2022-03-24,-0.1978096615608393,-0.1966142237765983,0.0180162725215373,range_bound
GOOGL,2022-03-25,-0.1742878146466029,-0.186873219548762,0.0165297847704353,range_bound
GOOGL,2022-03-28,-0.2039599461470991,-0.1769106955247842,0.0150063720833182,range_bound
GOOGL,2022-03-29,-0.2243428141107084,-0.164910903499183,0.0130771479377745,range_bound
GOOGL,2022-03-30,-0.2114037412746331,-0.1601302012219047,0.0124491019590384,range_bound
GOOGL,2022-03-31,-0.1742453218930761,-0.1460875322812468,0.0106059933368181,range_bound
GOOGL,2022-04-01,-0.1376515248228361,-0.1053112549991133,0.0058620511305067,range_bound
GOOGL,2022-04-04,-0.0983812233973439,-0.102832963914692,0.0056461167377227,range_bound
GOOGL,2022-04-05,-0.1129818107375001,-0.1095104760342583,0.0063780745944019,range_bound
GOOGL,2022-04-06,-0.1482264735727186,-0.0909411601326689,0.0043835957166246,range_bound
GOOGL,2022-04-07,-0.0827403287506008,-0.111745943109798,0.0064441585765501,range_bound
GOOGL,2022-04-08,-0.1219313754296346,-0.1153208410599687,0.0070419465051555,range_bound
GOOGL,2022-04-11,-0.0749933783131141,-0.1206845307009752,0.0076192344372725,range_bound
GOOGL,2022-04-12,-0.0318808796982947,-0.1554505248321796,0.0124312698259613,range_bound
GOOGL,2022-04-25,-0.0261117361299235,-0.1561358235222162,0.0125289255922761,range_bound
GOOGL,2022-04-26,-0.0701683913298623,-0.1318383235216928,0.0093185402892786,trending_down
GOOGL,2022-04-27,-0.0700893389780625,-0.0962677473682499,0.0052583627592321,range_bound
GOOGL,2022-04-28,-0.0871452427256415,-0.0996048030736671,0.0055917091669597,range_bound
GOOGL,2022-04-29,-0.0115528992861299,-0.0648526218306628,0.0024994090479069,range_bound
GOOGL,2022-05-02,-0.0490359549652532,-0.0430690256952993,0.0011950218323131,range_bound
GOOGL,2022-05-03,-0.1050539203476973,-0.0221468895773241,0.0003303724736491,range_bound
GOOGL,2022-05-04,-0.146636458195307,0.0028850242556594,5.672114198884692e-06,range_bound
GOOGL,2022-05-05,-0.1280629180407723,0.015441029117351,0.000170567822939,range_bound
GOOGL,2022-05-06,-0.1030585909116814,0.0216227226998388,0.0003584350151486,range_bound
GOOGL,2022-05-09,-0.0832880539556485,0.0279715026278101,0.0005986689264121,crisis
GOOGL,2022-05-10,-0.062201578070974,0.0287172929793966,0.0006665621279768,range_bound
GOOGL,2022-05-11,-0.0524423005565107,0.0255690053534922,0.0005256746240169,crisis
GOOGL,2022-05-12,-0.0928693419310089,0.0126188532512657,0.0001309417488123,range_bound
GOOGL,2022-05-13,-0.062466069600105,0.0020642288552351,3.520661820854976e-06,crisis
GOOGL,2022-05-16,-0.081008031334911,-0.0017958223422804,2.741084843660424e-06,crisis
GOOGL,2022-05-17,-0.0961132482412303,-0.0031165219792062,8.268965070890033e-06,crisis
GOOGL,2022-05-18,-0.1054754953322979,-0.0039655992816746,1.3645932227190904e-05,crisis
GOOGL,2022-05-19,-0.1221756545753715,0.011302770022737,0.000118836259542,crisis
GOOGL,2022-05-20,-0.1204601430766109,0.010886102508732,0.0001101984217081,crisis
GOOGL,2022-05-23,-0.1093062262272157,0.0097301837153342,8.840658052289285e-05,crisis
GOOGL,2022-05-24,-0.1372965858297848,0.0004141391581768,1.6215225218108034e-07,crisis
GOOGL,2022-05-25,-0.1276163687798601,-0.0181164113032208,0.0003033946668975,crisis
GOOGL,2022-05-26,-0.1278264118175848,-0.0181192471491827,0.0003037788558233,crisis
GOOGL,2022-05-27,-0.148744464729893,-0.0253051849653206,0.0006020184929071,crisis
GOOGL,2022-05-31,-0.1930196534762438,-0.0501598694963877,0.0023682412448164,crisis
GOOGL,2022-06-01,-0.164901612632133,-0.0497988877608351,0.0023405215379815,crisis
GOOGL,2022-06-02,-0.1662485564936692,-0.050219831636933,0.0023851335271727,crisis
GOOGL,2022-06-03,-0.0702790333044908,-0.0356969547181114,0.0012665062434334,crisis
GOOGL,2022-06-06,-0.0929575504844472,-0.0280008513894911,0.0007820865672089,crisis
GOOGL,2022-06-07,-0.0496400348870607,-0.0258436472644729,0.0006695012531794,crisis
GOOGL,2022-06-08,0.053463053145359,-0.033589888418879,0.0012690263124132,crisis
GOOGL,2022-06-09,0.0559948007736257,-0.0325928807957814,0.0011952881902855,crisis
GOOGL,2022-06-10,0.018697617108536,-0.0183198320238666,0.0003819129671656,crisis
GOOGL,2022-06-13,-0.0104134709141024,0.0078660586824224,7.087773301583944e-05,crisis
GOOGL,2022-06-14,0.0260594764346735,-0.0260626577585555,0.0007969466643702,crisis
GOOGL,2022-06-15,0.0201233266390943,-0.0262001469793955,0.000804552034455,crisis
GOOGL,2022-06-16,-0.0253946126652006,-0.0383483171088673,0.0017044677024388,crisis
GOOGL,2022-06-17,0.0452326606586435,-0.0612564192982542,0.0044482395636823,crisis
GOOGL,2022-06-21,0.0173574567613685,-0.061935973814632,0.0045545203335849,crisis
GOOGL,2022-06-22,-0.1010223534500537,-0.0897726078350035,0.0096071927257185,crisis
GOOGL,2022-06-23,-0.1111309009821387,-0.0902940394921535,0.0097285483381358,crisis
GOOGL,2022-06-24,-0.0972692105819116,-0.0882949081720221,0.0093385347046626,crisis
GOOGL,2022-06-27,-0.091621747793167,-0.0100020530762551,0.0001279579199242,crisis
GOOGL,2022-06-28,-0.0443453913282981,0.0045744327664303,2.769728549589789e-05,crisis
GOOGL,2022-06-29,-0.1176255391095991,0.0324422975587593,0.0014350237529054,crisis
GOOGL,2022-06-30,-0.1264508883884781,0.034070295624437,0.001578585138902,crisis
GOOGL,2022-07-01,-0.1415815593119389,0.0352422759338974,0.0016886174244357,crisis
GOOGL,2022-07-05,-0.1407990921781564,0.0348689096020302,0.0016586419656982,crisis
GOOGL,2022-07-06,-0.2002620091230132,0.0311977804076927,0.001257525847621,crisis
GOOGL,2022-07-07,-0.1994931742803575,0.0285711969823634,0.0010537691054578,crisis
GOOGL,2022-07-08,-0.147809145771007,0.0394179997225696,0.0019758547645681,crisis
GOOGL,2022-07-11,-0.1553754337162624,0.0349290580139148,0.0015414094377071,crisis
GOOGL,2022-07-12,-0.1891382662494519,0.0429306794755313,0.0022710814584173,crisis
GOOGL,2022-07-13,-0.1914431784762793,0.0430229402325505,0.0022768348131414,crisis
GOOGL,2022-07-14,-0.2223127189155327,0.0463193424576035,0.0025955024467585,crisis
GOOGL,2022-07-15,-0.2100088861706422,0.0542795568337332,0.0035366805933794,crisis
GOOGL,2022-07-18,-0.1878418623916899,0.0562057735196314,0.0039007488544389,crisis
GOOGL,2022-07-19,-0.1289450983626104,0.048827848571797,0.0028216215676399,crisis
GOOGL,2022-07-20,-0.2345063628784787,-0.0020300392606749,4.533554964769593e-06,crisis
GOOGL,2022-07-21,-0.2221877596461735,-0.0020587177095824,4.681896761615789e-06,crisis
GOOGL,2022-07-22,-0.2280901200043416,-0.0033044181758378,1.2103290267906353e-05,crisis
GOOGL,2022-07-25,-0.0973209944853726,-0.0252621560145148,0.000582628615625,crisis
GOOGL,2022-07-26,-0.0704323881015773,-0.0259532660378001,0.0006182630643079,crisis
GOOGL,2022-07-27,-0.0557597895676652,-0.0282367984840915,0.0007325915435689,crisis
GOOGL,2022-07-28,-0.15179225989717,-0.0655038831753198,0.0038176262641961,crisis
GOOGL,2022-07-29,-0.2624280822532612,-0.0199898294828988,0.0004230741538376,crisis
GOOGL,2022-08-01,-0.2591077779023059,-0.0192024912717276,0.0003932057503232,crisis
GOOGL,2022-08-02,-0.2542371627909044,-0.0195740681802191,0.0004085876194652,crisis
GOOGL,2022-08-03,-0.2697103312091882,-0.0194527327570277,0.0004058957393863,crisis
GOOGL,2022-08-04,-0.2724833187510402,-0.0189767958839401,0.0003886617924586,crisis
GOOGL,2022-08-05,-0.286936364357134,-0.0200656531830501,0.0004362580137411,crisis
GOOGL,2022-08-08,-0.2600140668593549,-0.0283066532132634,0.0008737405041734,crisis
GOOGL,2022-08-09,-0.268414687068768,-0.0284570072211406,0.0008842985947764,range_bound
GOOGL,2022-08-10,-0.2365494412145583,-0.0411357227170829,0.0018617017928287,crisis
GOOGL,2022-08-11,-0.2075897596018443,-0.0319028708695721,0.001123868168726,trending_up
GOOGL,2022-08-12,-0.200198579106768,-0.0343397291936831,0.0012985055683286,crisis
GOOGL,2022-08-15,-0.1662501157613469,-0.0359592127852189,0.0014187838800324,trending_up
GOOGL,2022-08-16,-0.1609322653065205,-0.035592425230766,0.0013889374078666,trending_up
GOOGL,2022-08-17,-0.1522737490821373,-0.0393587605781117,0.0016927545678245,range_bound
GOOGL,2022-08-22,-0.1925591373518138,-0.0328308258340954,0.0011499453679303,range_bound
GOOGL,2022-08-23,-0.0801646490576758,-0.075560749469023,0.0054354066709229,trending_up
GOOGL,2022-08-24,-0.1155033870542882,-0.0974196459223749,0.0090175289241298,trending_up
GOOGL,2022-08-25,-0.1184042442110245,-0.1001629815981194,0.0094366182887054,trending_up
GOOGL,2022-08-26,-0.2212882218805154,-0.1275110592004977,0.013883615553937,range_bound
GOOGL,2022-08-29,-0.0420953563641576,-0.2600780721452383,0.0417127074516963,range_bound
GOOGL,2022-08-30,-0.019840747539788,-0.262322462232014,0.0423570260133802,range_bound
GOOGL,2022-08-31,-0.0219388723795604,-0.2655455429169719,0.043158970280309,range_bound
GOOGL,2022-09-01,-0.0068073642844185,-0.2671762247884947,0.0436879409267453,range_bound
GOOGL,2022-09-02,-0.0443490566209594,-0.2711046788575132,0.0439565825861898,range_bound
GOOGL,2022-09-06,0.005699748339873,-0.2794453740922877,0.0461613251615038,range_bound
GOOGL,2022-09-07,0.040901527736026,-0.2820602785699923,0.0466717830738264,range_bound
GOOGL,2022-09-08,-0.0221562997245535,-0.3035769826684625,0.0525839644888822,range_bound
GOOGL,2022-09-12,0.0263935440480795,-0.2964949771749268,0.0497830758740875,range_bound
GOOGL,2022-09-13,0.0308347861995115,-0.2970323697622671,0.0493602457574532,range_bound
GOOGL,2022-09-14,-0.1623761996921131,-0.1413426365820891,0.0099090029774535,range_bound
GOOGL,2022-09-15,-0.1450244606075524,-0.1420938534718199,0.0099461562137411,range_bound
GOOGL,2022-09-21,-0.1237944811119627,-0.1501808340866574,0.0109720542368355,range_bound
GOOGL,2022-09-22,-0.1780249398818719,-0.1316709504642016,0.0083635472805557,range_bound
GOOGL,2022-09-23,-0.1447089376454263,-0.136540784649984,0.0089671157982282,range_bound
GOOGL,2022-09-26,-0.1448190697677935,-0.1483454293109195,0.0103902397307323,range_bound
GOOGL,2022-09-27,-0.1599487055567858,-0.145425525099042,0.0099811211035407,range_bound
GOOGL,2022-09-28,-0.1666381645784618,-0.1375250990982988,0.0087110562996984,range_bound
GOOGL,2022-09-29,-0.0699475024088308,-0.1030516696379063,0.0047780663872701,range_bound
GOOGL,2022-09-30,-0.1435064186961115,-0.0729963368185965,0.0023407901164438,range_bound
GOOGL,2022-10-03,-0.2069321700324576,-0.0560311683583772,0.0013684286687341,range_bound
GOOGL,2022-10-04,-0.0768269333673984,0.0024635140541048,2.5218579756680626e-06,range_bound
GOOGL,2022-10-05,0.0332785663257744,0.0509242984927587,0.0010663251157551,range_bound
GOOGL,2022-10-06,0.0239462101597225,0.0513239696551137,0.0010770405570723,range_bound
GOOGL,2022-10-07,0.0169809481012084,0.0501066245114198,0.0010251894722945,range_bound
GOOGL,2022-10-10,-0.081879134979414,0.0986257999710615,0.003879674490996,range_bound
GOOGL,2022-10-11,-0.1250618367609554,0.0995510259740973,0.0039244627648438,range_bound
GOOGL,2022-10-12,-0.1481458235774624,0.1014991842488369,0.0040549104933357,trending_down
GOOGL,2022-10-13,-0.1387668347576081,0.0989180625877934,0.0038171782505548,range_bound
GOOGL,2022-10-14,-0.0685310918607111,0.1274549771290019,0.0063758335638761,trending_down
GOOGL,2022-10-17,-0.1527697002704454,0.163476614600115,0.0101979888901658,range_bound
GOOGL,2022-10-18,0.0002881676454258,0.2211005232860037,0.0177522361148476,range_bound
GOOGL,2022-10-19,0.0216797900209548,0.2246907680932887,0.018381913874146,range_bound
GOOGL,2022-10-20,0.0107742941040065,0.2226770826469381,0.0179453690447318,range_bound
GOOGL,2022-10-21,0.0175778626021665,0.220608713268415,0.0176296412356562,range_bound
GOOGL,2022-11-03,0.1025352286551064,0.2394066037863911,0.0210316884366652,range_bound
GOOGL,2022-11-04,0.1447921125609241,0.2328922540550011,0.0199662101772669,range_bound
GOOGL,2022-11-07,0.0651927956641367,0.2397717857575916,0.0214782489619873,range_bound
GOOGL,2022-11-08,0.0534360848095856,0.2385632327210269,0.0213123959115966,range_bound
GOOGL,2022-11-09,0.0103913680583891,0.2393495077634247,0.0215594324414463,range_bound
GOOGL,2022-11-10,-0.0510779563416764,0.2544743010668755,0.0247598472249945,crisis
GOOGL,2022-11-11,-0.0862295885355771,0.23786444923337,0.0235435009968937,crisis
GOOGL,2022-11-14,-0.1106633690008753,0.2354964971405964,0.0231566084687169,crisis
GOOGL,2022-11-15,-0.0942334034993168,0.2294048255772181,0.021583962393227,crisis
GOOGL,2022-11-16,-0.0715518882710883,0.230235059524439,0.021816841247096,crisis
GOOGL,2022-11-17,-0.0805970582272983,0.2253822329902483,0.0206079734887911,crisis
GOOGL,2022-11-18,-0.0819949586621461,0.2262659569099898,0.0200248043556013,crisis
GOOGL,2022-11-21,-0.0923095119179631,0.2253945618189344,0.0198661856379538,crisis
GOOGL,2022-11-22,-0.0999313820193775,0.2256764676227573,0.0199064548407913,crisis
GOOGL,2022-11-23,-0.1005414421736846,0.2251164842849753,0.0193957274318338,crisis
GOOGL,2022-11-25,-0.1039923469749205,0.2343498641696008,0.0202735021966137,crisis
GOOGL,2022-11-28,-0.1296196902135008,0.2347627777819138,0.0202861580517222,crisis
GOOGL,2022-11-29,-0.1692224920551647,0.2497808250701999,0.022335047107776,crisis
GOOGL,2022-11-30,-0.1882005437878577,0.2504462309021473,0.0224182975321236,crisis
GOOGL,2022-12-01,-0.3212267883633178,0.1707307238765707,0.0099456859308132,crisis
GOOGL,2022-12-02,-0.3232784897016934,0.1708014768146347,0.0099537939553762,crisis
GOOGL,2022-12-05,-0.3357824696926966,0.1719372218395134,0.0099105738953888,crisis
GOOGL,2022-12-06,-0.3599406223869458,0.1817370955929002,0.0111302908601087,crisis
GOOGL,2022-12-07,-0.4262276670975369,0.2059409705663822,0.0137375977781559,crisis
GOOGL,2022-12-08,-0.3644776509335856,0.2046920287669701,0.0125699765635662,crisis
GOOGL,2022-12-09,-0.3275830185975513,0.2114798985448799,0.0133106967904241,crisis
GOOGL,2022-12-12,-0.2919981712792575,0.2060860739481516,0.0126186220519086,crisis
GOOGL,2022-12-13,-0.290747656129647,0.2082709993056878,0.0128301740137348,crisis
GOOGL,2022-12-14,-0.3952814432073924,0.2021523752067335,0.0118333443554177,crisis
GOOGL,2022-12-15,-0.3773788709597467,0.1988940297001697,0.0114263147411971,crisis
GOOGL,2022-12-16,-0.2153863522066348,0.1218750777817163,0.003938394427935,crisis
GOOGL,2022-12-19,-0.1503600455672377,0.138787168394495,0.0050482717236168,crisis
GOOGL,2022-12-20,-0.1066169046445447,0.1313577582180248,0.0044901569974186,crisis
GOOGL,2022-12-21,-0.1267166636803119,0.1313337169317757,0.0044771442609778,crisis
GOOGL,2022-12-22,-0.173310263586636,0.1161096221514081,0.0034910688255517,crisis
GOOGL,2022-12-23,-0.0632432925028257,0.086172780499831,0.0018758911412813,crisis
GOOGL,2022-12-29,-0.15274891705515,0.0771522648795634,0.0014864467933614,crisis
GOOGL,2022-12-30,-0.0260871731342959,0.1171662169980557,0.0033242942066865,crisis
GOOGL,2023-01-03,-0.0389639068718494,0.1180564624914251,0.0033624081621539,crisis
GOOGL,2023-01-04,0.0305626906172742,0.1053833415693012,0.0026260887982253,crisis
GOOGL,2023-01-05,0.0115481524738103,0.0788596504030918,0.001428944215156,range_bound
GOOGL,2023-01-06,-0.1410316396373947,0.1387254695123344,0.004153881996507,crisis
GOOGL,2023-01-09,-0.0864760341681352,0.163414987225771,0.0058097065160085,crisis
GOOGL,2023-01-10,-0.0042041328658786,0.1739677420899202,0.0065457297067264,trending_up
GOOGL,2023-01-11,-0.050387355783278,0.2138372785142166,0.0095402680016937,crisis
GOOGL,2023-01-12,0.1233560705740146,0.2487606762912843,0.0123193722124959,trending_up
GOOGL,2023-01-13,0.1844773460683753,0.283953941494524,0.0158331882758474,trending_up
GOOGL,2023-01-17,0.237739190593871,0.2864090948301031,0.0160491642582,trending_up
GOOGL,2023-01-18,0.1901591574423711,0.2886456494169114,0.0162043787101323,trending_up
GOOGL,2023-01-19,0.1273915419740794,0.2561917672199368,0.0125463985739534,range_bound
GOOGL,2023-01-20,0.2654059902983761,0.2404383705098868,0.010892858384541,range_bound
GOOGL,2023-01-23,0.5973020654410945,0.306684406919158,0.0161892487822398,trending_up
GOOGL,2023-01-24,0.4972808735857947,0.291026665043816,0.014547757779503,trending_up
GOOGL,2023-01-25,0.6267825088126604,0.2863618833460072,0.0139444804329735,trending_up
GOOGL,2023-01-26,0.7607196156248515,0.2880194521831294,0.0139510468932335,trending_up
GOOGL,2023-01-27,0.781650205497753,0.2769764036523766,0.0129959282343836,trending_up
GOOGL,2023-01-30,0.7267228842560669,0.2764755118749724,0.0129011072336338,trending_up
GOOGL,2023-01-31,0.7811567162871138,0.2516790537676415,0.0106565752052925,trending_up
GOOGL,2023-02-01,0.6899536447766079,0.2380370686420365,0.0095740897072712,trending_up
GOOGL,2023-02-02,0.7114165026613088,0.2182816323527033,0.0080589271646981,trending_up
GOOGL,2023-02-03,0.4937585633688643,0.1739579018125863,0.0049470566014803,trending_up
GOOGL,2023-02-06,0.5989246047815553,0.1634945182059284,0.0043951252137905,trending_up
GOOGL,2023-02-07,0.6440038240446848,0.1609128691209506,0.0042650030889239,trending_up
GOOGL,2023-02-08,0.6280992690350082,0.1621248648513051,0.0042951070040276,trending_up
GOOGL,2023-02-09,0.5979091580163107,0.1631514772819992,0.0043720697456587,trending_up
GOOGL,2023-02-10,0.7832065940186226,0.2205686047610655,0.0079454784292289,trending_up
GOOGL,2023-02-13,0.7905191493378432,0.2214696455644494,0.0080014953753079,trending_up
GOOGL,2023-02-14,0.8039787525926145,0.2225776909689196,0.0080939289055436,trending_up
GOOGL,2023-02-15,0.5368011171972349,0.2522384392170083,0.0107290948710111,range_bound
GOOGL,2023-02-16,0.5206598857404536,0.2516309940507337,0.01067788781744,range_bound
GOOGL,2023-02-17,0.5073663228281309,0.2534108739817927,0.0108535407660824,range_bound
GOOGL,2023-02-21,0.6708613706511399,0.3066720128330114,0.0157228068661092,range_bound
GOOGL,2023-02-22,0.7274960669564643,0.3016469199906964,0.0153730694554685,range_bound
GOOGL,2023-02-23,0.7441908193495443,0.3054010556454977,0.0156297018109871,range_bound
GOOGL,2023-02-24,0.7437508407133762,0.3047631083640272,0.0155762571844644,range_bound
GOOGL,2023-02-27,0.780962984037223,0.3002259897963706,0.0151542783877037,range_bound
GOOGL,2023-02-28,0.7651943181670602,0.3013088458702284,0.0151184938452586,range_bound
GOOGL,2023-03-06,0.7641230929028551,0.301603715764577,0.0151554043576881,range_bound
GOOGL,2023-03-07,0.8851722405557791,0.3022370008657956,0.0151257327603467,range_bound
GOOGL,2023-03-08,0.804099453592003,0.3173559930876342,0.0167347309008178,range_bound
GOOGL,2023-03-09,0.8327400761342725,0.3172992551486987,0.0167186807884782,range_bound
GOOGL,2023-03-10,0.6806287759251142,0.3429764677605331,0.0191860326856118,range_bound
GOOGL,2023-03-13,0.5811241367235815,0.3636892523116433,0.0214977626931435,range_bound
GOOGL,2023-03-14,0.6113019566506137,0.3628939655675805,0.0211387549042196,range_bound
GOOGL,2023-03-15,0.3675914588572539,0.3109528579928164,0.0152094182682276,range_bound
GOOGL,2023-03-16,0.5175649483845088,0.3011026427864822,0.0141016678591467,range_bound
GOOGL,2023-03-17,0.8848815407006048,0.3484799406412527,0.01842530189446,range_bound
GOOGL,2023-03-30,0.7332875222629498,0.3928815587588134,0.023611091507826,range_bound
GOOGL,2023-03-31,0.7116016232676141,0.3931337432132046,0.0236754160551555,range_bound
GOOGL,2023-04-03,0.5985063492547185,0.3742550194679778,0.0215178278700729,range_bound
GOOGL,2023-04-04,0.7995926176140367,0.4106363987266533,0.0263015095027661,range_bound
GOOGL,2023-04-05,0.3781997361852391,0.6010424819142682,0.0593490155832677,range_bound
GOOGL,2023-04-06,0.3464512107024089,0.6047794336252951,0.060046299849501,range_bound
GOOGL,2023-04-12,0.1765588346195252,0.6013561715978869,0.057999602709848,range_bound
GOOGL,2023-04-13,0.1767818631255266,0.6033036503856182,0.0582566974974005,range_bound
GOOGL,2023-04-14,0.099317353203433,0.5745161774619364,0.0524686422875401,range_bound
GOOGL,2023-04-17,-0.0213986137302835,0.5921037304648372,0.0554806656475707,range_bound
GOOGL,2023-04-18,0.0488261482790528,0.6023332585233827,0.0563791159804498,range_bound
GOOGL,2023-04-19,0.2204366091631222,0.6400292058146815,0.0631837035388837,range_bound
GOOGL,2023-04-20,0.2078383771488088,0.6372362009866088,0.0626001059239853,range_bound
GOOGL,2023-04-21,0.1798310588778158,0.6432710986709115,0.0634028255031384,range_bound
GOOGL,2023-04-24,0.3743681736628557,0.4891930871939053,0.0362778555325439,range_bound
GOOGL,2023-04-25,0.3342513762208738,0.4883949264915593,0.0361094005971019,range_bound
GOOGL,2023-04-26,0.4036993737093521,0.4651602663927425,0.0326539274505919,range_bound
GOOGL,2023-04-27,0.4918093884225527,0.4422081131670534,0.029363187423801,range_bound
GOOGL,2023-04-28,0.2459381721227334,0.3814174227697911,0.0214816406713473,range_bound
GOOGL,2023-05-01,0.3000750069402378,0.3655535800344588,0.0196004342171473,range_bound
GOOGL,2023-05-03,0.3279548604574551,0.3611535961469009,0.0190513609632398,range_bound
GOOGL,2023-05-04,0.3591061295452875,0.3597026643357412,0.0189661146815598,range_bound
GOOGL,2023-05-05,0.2972174508484162,0.3172550524767537,0.0147678623897232,range_bound
GOOGL,2023-05-08,0.3603916611353546,0.2517930982043763,0.0093666122683113,range_bound
GOOGL,2023-05-09,0.3196390430312512,0.2298149545891285,0.0076413718218047,range_bound
GOOGL,2023-05-10,0.2162855721703092,0.1560007175534954,0.003509936347589,range_bound
GOOGL,2023-05-11,0.3588014911478225,0.113437112324016,0.0016925270475688,range_bound
GOOGL,2023-05-12,0.6040687101033511,0.1029612513789966,0.0013416229886116,range_bound
GOOGL,2023-05-15,0.5659898607294829,0.1036701689192031,0.0013503466480998,range_bound
GOOGL,2023-05-16,0.825472886227518,0.010578023187281,1.3810791022472737e-05,range_bound
GOOGL,2023-05-17,0.7926029756853963,0.0131775334812661,2.13491609882821e-05,range_bound
GOOGL,2023-05-18,0.8060267363541747,-0.0039957761517291,1.971156114555228e-06,range_bound
GOOGL,2023-05-19,0.705987887514546,-0.0129460391334704,2.068129997334633e-05,range_bound
GOOGL,2023-05-22,0.6036327162541313,-0.0618034535714099,0.0004587751619354,range_bound
GOOGL,2023-05-23,0.73937361633162,-0.1473548494721655,0.0025706472220672,range_bound
GOOGL,2023-05-24,0.6172545047694855,-0.2841698072459765,0.0096106627828935,range_bound
GOOGL,2023-05-25,0.6312904783093962,-0.3010470208247003,0.0107323615138978,range_bound
GOOGL,2023-05-26,0.6210267850042857,-0.324727940108056,0.0124423348921917,range_bound
GOOGL,2023-05-30,0.586394114839619,-0.3316010732279683,0.0130008488243499,range_bound
GOOGL,2023-05-31,0.5322906428660212,-0.375351811436537,0.0161642638488375,range_bound
GOOGL,2023-06-01,0.5670391043336662,-0.3813383993401302,0.0165921615787377,range_bound
GOOGL,2023-06-02,0.5230623778385328,-0.3904844395782378,0.0172544550681172,range_bound
GOOGL,2023-06-05,0.4780841036622985,-0.4033867050895346,0.0184908844635457,range_bound
GOOGL,2023-06-06,0.3972697224293473,-0.3988547360316076,0.0179776739414048,range_bound
GOOGL,2023-06-07,0.3620796768665233,-0.4152935277227674,0.0188463426698938,range_bound
GOOGL,2023-06-08,0.5842309438872941,-0.5447512172450547,0.0248402678708122,range_bound
GOOGL,2023-06-09,0.595367819223837,-0.5441072604642702,0.0246767072642695,range_bound
GOOGL,2023-06-12,0.6100719199501021,-0.5493757854096705,0.0249955152310002,range_bound
GOOGL,2023-06-13,0.5411444415250026,-0.5644464146065036,0.026305449259978,range_bound
GOOGL,2023-06-14,0.5570169708640451,-0.5693805909807901,0.0266919089568752,range_bound
GOOGL,2023-06-15,0.5760604275920036,-0.5707364852473027,0.0267896345805211,trending_up
GOOGL,2023-06-16,0.5202918428646068,-0.5891970501313499,0.0286880433374232,range_bound
GOOGL,2023-06-20,0.6307812184250432,-0.6007636173877581,0.0296798346119115,range_bound
GOOGL,2023-06-21,0.6111550222109048,-0.6112692201168458,0.0304149659438967,range_bound
GOOGL,2023-07-11,0.7266168150011694,-0.6341103026441638,0.0323086160363657,trending_up
GOOGL,2023-07-12,0.8181827977614753,-0.6305150690041191,0.0320653372612373,trending_up
GOOGL,2023-07-13,1.0574863511319323,-0.6598767153278464,0.0345042926826349,trending_up
GOOGL,2023-07-14,1.4562169610861826,-0.6207351111381056,0.0297404078075186,trending_up
GOOGL,2023-07-17,1.753702026660402,-0.4453596431377729,0.0148079539582225,trending_up
GOOGL,2023-07-18,1.740207531254098,-0.448283854444754,0.0150038101076303,trending_up
GOOGL,2023-07-19,1.7740697117104416,-0.4574576134746792,0.0156857567627779,trending_up
GOOGL,2023-07-20,1.8769316252364343,-0.5187757309652857,0.0195776292444981,trending_up
GOOGL,2023-07-21,2.109931408354641,-0.5914963494818049,0.0255055036682232,trending_up
GOOGL,2023-07-24,1.861487929401307,-0.5809646320591171,0.0249395279853071,trending_up
GOOGL,2023-07-25,1.6254096644196547,-0.6042402222602934,0.0269371224490188,trending_up
GOOGL,2023-07-26,1.5238658657823905,-0.5977018551795475,0.0262158678212346,trending_up
GOOGL,2023-07-31,1.2378914836229864,-0.5859237573642065,0.0241373332878663,trending_up
GOOGL,2023-08-01,1.4607426582936345,-0.5527538431017273,0.0218668392045333,trending_up
GOOGL,2023-08-02,1.4325892743038056,-0.5493854148898519,0.0215319907047319,trending_up
GOOGL,2023-08-03,0.97247016561221,-0.339981955875736,0.0084588523901332,trending_up
GOOGL,2023-08-04,0.9425975286280428,-0.3346614477451519,0.008078528509255,trending_up
GOOGL,2023-08-07,0.8237599582730304,-0.3082337462104539,0.0068544941537238,trending_up
GOOGL,2023-08-08,0.7976951484684529,-0.3236833148646565,0.0075807901119904,trending_up
GOOGL,2023-08-09,0.8051630205250655,-0.3122414078591102,0.0069461274902561,trending_up
GOOGL,2023-08-10,0.6352079353781073,-0.2429059677090821,0.0042067505734971,trending_up
GOOGL,2023-08-11,0.7595672522633383,-0.2226848936067813,0.0035746589805945,trending_up
GOOGL,2023-08-14,0.556101238467603,-0.351182992794768,0.0089253911881835,trending_up
GOOGL,2023-08-15,0.5484449108355041,-0.3602052382374599,0.0093893397381888,range_bound
GOOGL,2023-08-16,0.500901284749762,-0.3552414611504609,0.0092865409743359,trending_up
GOOGL,2023-08-17,0.5861175603418083,-0.3373250785854046,0.0084452960554254,trending_up
GOOGL,2023-08-18,0.7066066482665196,-0.3897218162202034,0.0113958795648619,range_bound
GOOGL,2023-08-21,0.7171733935925206,-0.492451277029985,0.0171850081750346,range_bound
GOOGL,2023-08-22,0.6139916597601913,-0.4994759129297523,0.0177460896787532,range_bound
GOOGL,2023-08-23,0.5270007296416674,-0.5029380892869103,0.0179213675269399,range_bound
GOOGL,2023-08-24,0.178653703927051,-0.6808649407232527,0.0337692665413675,range_bound
GOOGL,2023-08-25,0.2871016996368638,-0.732055043259602,0.0393052932151177,range_bound
GOOGL,2023-08-30,0.2294634437295408,-0.7399246280690304,0.040463070074902,range_bound
GOOGL,2023-08-31,0.3336475583407268,-0.7384008459205539,0.0403923986831592,range_bound
GOOGL,2023-09-13,0.3900426969616877,-0.7708065913595455,0.0427613540612468,range_bound
GOOGL,2023-09-14,0.2140829633033181,-0.7348560551976546,0.0391275577586583,range_bound
GOOGL,2023-09-15,-0.0638344556860067,-1.0178358643499308,0.0812568138974703,range_bound
GOOGL,2023-09-18,-0.0313731358334874,-0.9924468723615324,0.0780269670829457,range_bound
GOOGL,2023-09-19,-0.120639552285741,-0.9865437171309946,0.0779235479895928,range_bound
GOOGL,2023-09-20,-0.1815779367998561,-0.9866287016519738,0.0789876626045573,range_bound
GOOGL,2023-09-21,-0.0359036954636424,-1.0397166132878553,0.0836065067386255,range_bound
GOOGL,2023-09-22,0.0774107249248055,-1.1019702409369094,0.0949513427739864,range_bound
GOOGL,2023-09-25,0.0441558092335301,-1.079536471463402,0.0902113391090632,range_bound
GOOGL,2023-09-26,0.0349441447360658,-1.0763793693970896,0.0878553182223652,range_bound
GOOGL,2023-09-27,0.0894236705118207,-1.1061824687983717,0.0929981409541454,range_bound
GOOGL,2023-09-28,0.177650937111268,-1.003119546819376,0.0780646326025401,range_bound
GOOGL,2023-09-29,0.1364300337954855,-1.013226322327123,0.0786798292100066,range_bound
GOOGL,2023-10-02,0.1655763382561474,-1.0169762682139538,0.0788330107502952,range_bound
GOOGL,2023-10-04,0.0902740602195784,-1.0108892832414924,0.0755391613149715,range_bound
GOOGL,2023-10-05,0.1400680932840192,-0.9685951366453828,0.0687295958315936,range_bound
GOOGL,2023-10-06,0.1496784687100019,-0.9761322333119884,0.069149991904732,range_bound
GOOGL,2023-10-09,0.2203494753079482,-0.9317464240052838,0.0638377541617351,range_bound
GOOGL,2023-10-10,0.2228425807742884,-0.937330538994008,0.0638329490484608,range_bound
GOOGL,2023-10-11,0.2299728105266174,-0.9367039573896376,0.0639439290933538,range_bound
GOOGL,2023-10-12,0.2834131838933205,-0.9265042323169624,0.0624807347571345,range_bound
GOOGL,2023-10-13,0.2607218642243321,-0.9307028026407212,0.0617179155195052,range_bound
GOOGL,2023-10-16,0.2068909578209941,-0.9160222736775409,0.0597510399156383,range_bound
GOOGL,2023-10-17,0.3051715474110259,-0.917348357858156,0.0574588898085414,range_bound
GOOGL,2023-10-18,0.3223149017565374,-0.9181741470805256,0.0575291109761177,range_bound
GOOGL,2023-10-19,0.2162266516727116,-0.8591686844124994,0.0512046176851825,range_bound
GOOGL,2023-10-20,0.1903968323498548,-0.8469447821227071,0.0495438470181902,range_bound
GOOGL,2023-10-23,0.1070268266311758,-0.784184392372798,0.042981069738747,range_bound
GOOGL,2023-10-24,0.088433655299462,-0.7832938259310542,0.0427711949017187,range_bound
GOOGL,2023-10-25,-0.0365743015726162,-0.8112203598670549,0.0461514253772223,trending_down
GOOGL,2023-10-26,0.5817930725570244,-1.2676057323025856,0.0799956006970095,trending_down
GOOGL,2023-10-27,0.4924197323227417,-1.2371298100821375,0.0776071205573215,trending_down
GOOGL,2023-10-30,0.6911244064566056,-1.3992797222317437,0.0965666038708156,trending_down
GOOGL,2023-10-31,0.992485025669788,-1.497806805305623,0.1107107167025065,trending_down
GOOGL,2023-11-01,0.9904939479323872,-1.4916761753911787,0.1102881281821216,trending_down
GOOGL,2023-11-02,1.225951752779928,-1.3732421882527484,0.0947044287523668,range_bound
GOOGL,2023-11-03,1.1541359107209268,-1.289231243621452,0.0878871430840221,range_bound
GOOGL,2023-11-06,0.8227583753877385,-1.510972011676813,0.1230701822991865,range_bound
GOOGL,2023-11-07,0.8256473454254407,-1.5109408306799124,0.1209293707193815,range_bound
GOOGL,2023-11-08,0.7975894863603585,-1.5172164553427752,0.1215794046112467,range_bound
GOOGL,2023-11-09,0.8162163581797581,-1.5034078560409223,0.1171191170946385,range_bound
GOOGL,2023-11-10,0.771113728599566,-1.4850510008638396,0.1152545019523573,range_bound
GOOGL,2023-11-13,0.8932343420687008,-1.4556059205727012,0.1135928281953396,range_bound
GOOGL,2023-11-14,0.891298937009017,-1.4563512835577104,0.1135818610953393,range_bound
GOOGL,2023-11-15,1.1694478368325067,-1.3763275730653344,0.1083042285017437,range_bound
GOOGL,2023-11-16,1.1570373614000973,-1.3747631528146136,0.1078132087437058,range_bound
GOOGL,2023-11-17,1.4137275185355955,-1.315592186790984,0.0983237821900385,range_bound
GOOGL,2023-11-20,1.468114986730365,-1.3310969341786414,0.1007266522716175,range_bound
GOOGL,2023-11-21,1.292489228268598,-1.3346572865167474,0.1038274724006502,range_bound
GOOGL,2023-11-22,1.197167344244956,-1.3351901831432786,0.1044610469223843,range_bound
GOOGL,2023-11-24,1.278066930948956,-1.3268127794658644,0.1030576880625252,range_bound
GOOGL,2023-11-30,1.3079905342551958,-1.3509531537338135,0.1061513994695242,range_bound
GOOGL,2023-12-01,1.473883122211349,-1.3387699705151472,0.1038229358286619,range_bound
GOOGL,2023-12-04,1.5966813914113651,-1.3308721439788234,0.1030514556760913,range_bound
GOOGL,2023-12-05,1.6161970880046828,-1.3133492303446692,0.0975805163551245,range_bound
GOOGL,2023-12-06,1.5314202870416964,-1.3145514989330307,0.0970447398840971,range_bound
GOOGL,2023-12-07,1.7194513522295485,-1.197031512675899,0.0797090186843684,range_bound
GOOGL,2023-12-08,1.3455540595026385,-1.2756621871246707,0.0862214111034185,range_bound
GOOGL,2023-12-11,1.4024460193449206,-1.2716172066883888,0.0857536302739536,range_bound
GOOGL,2023-12-12,1.4533520435640002,-1.2922920011604162,0.0878508002027027,range_bound
GOOGL,2023-12-13,1.4432188211935184,-1.2918129344707756,0.0871811859513219,trending_up
GOOGL,2023-12-14,1.4882722733212064,-1.2718005112049384,0.0830425744028806,trending_up
GOOGL,2023-12-15,1.768468651279778,-1.2767616179019925,0.0852929680658997,trending_up
GOOGL,2023-12-18,1.7161269345562062,-1.2732856484161312,0.0845531178295445,trending_up
GOOGL,2023-12-19,1.216465354617282,-1.3320121634197506,0.0986661852639528,trending_up
GOOGL,2023-12-20,0.9286199570841432,-1.2969080183874946,0.0983766377968603,trending_up
GOOGL,2023-12-21,0.917420708449594,-1.268766734185646,0.0972840892556375,trending_up
GOOGL,2023-12-22,0.9272128329462386,-1.2540278701604095,0.0959479989357631,trending_up
MSFT,2021-06-28,,,,range_bound
MSFT,2021-06-29,,,,range_bound
MSFT,2021-06-30,,,,range_bound
MSFT,2021-07-01,,,,range_bound
MSFT,2021-07-02,,,,range_bound
MSFT,2021-07-06,,,,range_bound
MSFT,2021-07-07,,,,range_bound
MSFT,2021-07-08,,,,range_bound
MSFT,2021-07-09,,,,range_bound
MSFT,2021-07-12,,,,range_bound
MSFT,2021-07-13,,,,range_bound
MSFT,2021-07-14,,,,range_bound
MSFT,2021-07-15,,,,range_bound
MSFT,2021-07-16,,,,range_bound
MSFT,2021-07-19,,,,range_bound
MSFT,2021-07-20,,,,range_bound
MSFT,2021-07-21,,,,range_bound
MSFT,2021-07-22,,,,range_bound
MSFT,2021-07-23,,,,range_bound
MSFT,2021-07-26,,,,range_bound
MSFT,2021-07-29,,,,range_bound
MSFT,2021-07-30,,,,range_bound
MSFT,2021-08-02,,,,range_bound
MSFT,2021-08-03,,,,range_bound
MSFT,2021-08-04,,,,range_bound
MSFT,2021-08-05,,,,range_bound
MSFT,2021-08-06,,,,range_bound
MSFT,2021-08-09,,,,range_bound
MSFT,2021-08-10,,,,range_bound
MSFT,2021-08-11,,,,range_bound
MSFT,2021-08-12,,,,range_bound
MSFT,2021-08-13,,,,range_bound
MSFT,2021-08-16,,,,range_bound
MSFT,2021-08-19,,,,range_bound
MSFT,2021-08-23,,,,range_bound
MSFT,2021-08-24,,,,range_bound
MSFT,2021-08-25,,,,range_bound
MSFT,2021-08-26,,,,range_bound
MSFT,2021-08-27,,,,range_bound
MSFT,2021-08-30,,,,range_bound
MSFT,2021-08-31,,,,range_bound
MSFT,2021-09-01,,,,range_bound
MSFT,2021-09-02,,,,range_bound
MSFT,2021-09-03,,,,range_bound
MSFT,2021-09-07,,,,range_bound
MSFT,2021-09-08,,,,range_bound
MSFT,2021-09-09,,,,range_bound
MSFT,2021-09-10,,,,range_bound
MSFT,2021-09-13,,,,range_bound
MSFT,2021-09-14,,,,range_bound
MSFT,2021-09-15,,,,range_bound
MSFT,2021-09-16,,,,range_bound
MSFT,2021-09-20,,,,range_bound
MSFT,2021-09-21,,,,range_bound
MSFT,2021-09-22,,,,range_bound
MSFT,2021-09-23,,,,range_bound
MSFT,2021-09-24,,,,range_bound
MSFT,2021-09-27,,,,range_bound
MSFT,2021-09-28,,,,range_bound
MSFT,2021-09-29,,,,range_bound
MSFT,2021-09-30,,,,range_bound
MSFT,2021-10-01,,,,range_bound
MSFT,2021-10-04,,,,range_bound
MSFT,2021-10-05,,,,range_bound
MSFT,2021-10-06,,,,range_bound
MSFT,2021-10-08,,,,range_bound
MSFT,2021-10-11,,,,range_bound
MSFT,2021-10-12,,,,range_bound
MSFT,2021-10-13,,,,range_bound
MSFT,2021-10-14,,,,range_bound
MSFT,2021-10-22,,,,range_bound
MSFT,2021-10-25,,,,range_bound
MSFT,2021-10-26,,,,range_bound
MSFT,2021-10-27,,,,range_bound
MSFT,2021-10-28,,,,range_bound
MSFT,2021-10-29,,,,range_bound
MSFT,2021-11-01,,,,range_bound
MSFT,2021-11-02,,,,trending_up
MSFT,2021-11-03,,,,range_bound
MSFT,2021-11-04,,,,range_bound
MSFT,2021-11-05,,,,range_bound
MSFT,2021-11-08,,,,range_bound
MSFT,2021-11-09,,,,range_bound
MSFT,2021-11-10,,,,range_bound
MSFT,2021-11-11,,,,range_bound
MSFT,2021-11-12,,,,range_bound
MSFT,2021-11-15,,,,range_bound
MSFT,2021-11-16,,,,range_bound
MSFT,2021-11-17,,,,range_bound
MSFT,2021-11-18,,,,range_bound
MSFT,2021-11-19,,,,range_bound
MSFT,2021-11-22,,,,range_bound
MSFT,2021-11-23,,,,range_bound
MSFT,2021-11-24,,,,range_bound
MSFT,2021-11-26,,,,range_bound
MSFT,2021-11-29,,,,range_bound
MSFT,2021-11-30,,,,range_bound
MSFT,2021-12-13,,,,range_bound
MSFT,2021-12-14,,,,range_bound
MSFT,2021-12-15,,,,range_bound
MSFT,2021-12-16,,,,range_bound
MSFT,2021-12-17,,,,range_bound
MSFT,2021-12-20,,,,range_bound
MSFT,2021-12-21,,,,range_bound
MSFT,2021-12-22,,,,range_bound
MSFT,2021-12-23,,,,range_bound
MSFT,2021-12-27,,,,range_bound
MSFT,2021-12-28,,,,range_bound
MSFT,2021-12-29,,,,range_bound
MSFT,2021-12-30,,,,range_bound
MSFT,2021-12-31,,,,range_bound
MSFT,2022-01-03,,,,range_bound
MSFT,2022-01-04,,,,range_bound
MSFT,2022-01-05,,,,range_bound
MSFT,2022-01-07,,,,range_bound
MSFT,2022-01-10,,,,range_bound
MSFT,2022-01-11,,,,range_bound
MSFT,2022-01-12,,,,range_bound
MSFT,2022-01-13,,,,range_bound
MSFT,2022-01-14,,,,range_bound
MSFT,2022-01-18,,,,range_bound
MSFT,2022-01-19,,,,range_bound
MSFT,2022-01-20,,,,range_bound
MSFT,2022-01-21,,,,range_bound
MSFT,2022-01-24,,,,range_bound
MSFT,2022-01-25,,,,range_bound
MSFT,2022-01-26,-0.4735473591950885,-0.6990945308431915,0.1158160667215701,trending_down
MSFT,2022-01-31,-0.4455469924179376,-0.6946691417754597,0.1160542124967021,range_bound
MSFT,2022-02-01,-0.4095783199575036,-0.6621698973366021,0.1105557737658714,range_bound
MSFT,2022-02-02,-0.4089651270295734,-0.6577901272158214,0.1097542057096853,range_bound
MSFT,2022-02-03,-0.3998232075742597,-0.6489939977089364,0.1076524834531925,range_bound
MSFT,2022-02-04,-0.3696650883117159,-0.5836542263485649,0.0967488145059168,range_bound
MSFT,2022-02-07,-0.3633239242009716,-0.5807815890372643,0.0960039377693713,trending_down
MSFT,2022-02-08,-0.3508942836394604,-0.5754354419027208,0.0947538829060691,range_bound
MSFT,2022-02-09,-0.3600999368409006,-0.5573841859250855,0.0899122280704377,range_bound
MSFT,2022-02-10,-0.3486534662502356,-0.5421021846860404,0.0859527843685367,trending_down
MSFT,2022-02-11,-0.3687091837611311,-0.5286983276582056,0.0845713338650344,trending_down
MSFT,2022-02-14,-0.3467617700392266,-0.5191244450196948,0.0862732305342223,trending_down
MSFT,2022-02-15,-0.3360282653272033,-0.5174805400298899,0.0860139996558705,trending_down
MSFT,2022-02-16,-0.3358584851032505,-0.4995879657685394,0.0826296616357257,trending_down
MSFT,2022-02-17,-0.3322399876916487,-0.4999621681653442,0.0823013863682236,trending_down
MSFT,2022-02-18,-0.3636316959703857,-0.4594516235103403,0.0728797525582275,trending_down
MSFT,2022-02-22,-0.3559943832163776,-0.4496120087128227,0.0690004559407398,trending_down
MSFT,2022-02-23,-0.3485009594498406,-0.4394765520390469,0.0664672925558921,trending_down
MSFT,2022-02-28,-0.3110579862248888,-0.4325536866000882,0.0679430233594862,trending_down
MSFT,2022-03-01,-0.287735571840914,-0.4172160262751253,0.0633126147435554,trending_down
MSFT,2022-03-02,-0.2898207307575887,-0.4074771798592597,0.061599571804606,trending_down
MSFT,2022-03-03,-0.2714056964104923,-0.3892133539193032,0.0580448013475818,trending_down
MSFT,2022-03-04,-0.2893636767301877,-0.3842601873295388,0.0568797700723487,trending_down
MSFT,2022-03-07,-0.2971889692820935,-0.3807308310713946,0.0561014827376683,trending_down
MSFT,2022-03-17,-0.2953301611299751,-0.3257362225908211,0.0440499736101349,trending_down
MSFT,2022-03-18,-0.2919935913937039,-0.318458320447076,0.0427539767720109,trending_down
MSFT,2022-03-21,-0.2522165166251972,-0.3009927714549714,0.0391086613856559,trending_down
MSFT,2022-03-22,-0.2544408092509512,-0.3013692758032706,0.0391872209985504,trending_down
MSFT,2022-03-23,-0.2574005876825628,-0.2949704424082282,0.0381463726774972,trending_down
MSFT,2022-03-24,-0.2861287770742639,-0.2938347385827422,0.0386146132726733,trending_down
MSFT,2022-03-25,-0.2714969817186375,-0.2845084340133873,0.0369344475898621,trending_down
MSFT,2022-03-28,-0.237329165989242,-0.2773824427985785,0.0357308503240023,trending_down
MSFT,2022-03-29,-0.1905248284230539,-0.268496355945872,0.0342626871775862,trending_down
MSFT,2022-03-30,-0.1961140261396385,-0.2623585343273839,0.0332961105021011,trending_down
MSFT,2022-03-31,-0.122466861453512,-0.2524880852364299,0.0336957389357691,trending_down
MSFT,2022-04-01,-0.1535780331059575,-0.2302056625468287,0.0279472967925231,trending_down
MSFT,2022-04-04,-0.1671535485630911,-0.2313960273352572,0.0283932844518177,trending_down
MSFT,2022-04-05,-0.1333354304168327,-0.2163093387956493,0.0245921399069025,trending_down
MSFT,2022-04-07,-0.1808107072446041,-0.1956381448929644,0.020311683823463,trending_down
MSFT,2022-04-08,-0.1892722843805874,-0.19768052113551,0.020605737838614,trending_down
MSFT,2022-04-11,-0.1326833859786569,-0.1922743866579872,0.0195327285847467,trending_down
MSFT,2022-04-12,-0.0891412230860355,-0.2417498959397717,0.0292425993379731,trending_down
MSFT,2022-04-13,-0.0808886790012624,-0.2427893404335963,0.0294648409512615,trending_down
MSFT,2022-04-14,-0.1087661533063732,-0.2531504450312185,0.0321951258715178,trending_down
MSFT,2022-04-18,-0.0900319323646253,-0.2635623375806407,0.0349199806433948,trending_down
MSFT,2022-04-19,-0.0986137799073548,-0.2629147864230338,0.0347697678690356,trending_down
MSFT,2022-04-20,-0.1140886059564719,-0.2722912401544806,0.0379195373182214,trending_down
MSFT,2022-04-21,-0.1442838774702962,-0.2687416589653391,0.0372682544876283,trending_down
MSFT,2022-04-22,-0.1428083883648856,-0.2744921674494236,0.0391697045354479,trending_down
MSFT,2022-04-25,-0.1163812773848136,-0.2885564547424873,0.0451024834263694,trending_down
MSFT,2022-04-26,-0.0990809795610755,-0.3001589542545841,0.0494564296075269,trending_down
MSFT,2022-04-29,-0.0186142495207198,-0.2842766011137322,0.048828727934184,trending_down
MSFT,2022-05-02,-0.0216071298997823,-0.2597361515884889,0.0441076061872188,trending_down
MSFT,2022-05-03,-0.0690357525315624,-0.2273974472559187,0.0355316043501517,trending_down
MSFT,2022-05-04,-0.0615838141946767,-0.2270256037568774,0.0355150081798145,trending_down
MSFT,2022-05-05,0.0045382669148879,-0.1985867199991605,0.0292773602736907,trending_down
MSFT,2022-05-06,0.0031214934575927,-0.1802513925847048,0.0254970214143748,trending_down
MSFT,2022-05-09,-0.0018500855376875,-0.180178084244405,0.0254827953107167,trending_down
MSFT,2022-05-10,-0.0612217876868441,-0.1686262518723913,0.0242160644741434,trending_down
MSFT,2022-05-11,-0.1160930223235062,-0.1286042082086628,0.0151947584142193,trending_down
MSFT,2022-05-24,-0.1193630617644525,-0.1273998273225212,0.0150533970717244,trending_down
MSFT,2022-05-25,-0.1118623171917133,-0.1305288923047975,0.0157636157960481,trending_down
MSFT,2022-05-26,-0.1496212858059167,-0.1442738067091769,0.0195428512643931,trending_down
MSFT,2022-05-27,-0.1213188210851932,-0.1422722507194488,0.019416125700773,trending_down
MSFT,2022-05-31,-0.1012350161685251,-0.1271828738201444,0.0158843329855682,trending_down
MSFT,2022-06-01,-0.1120268364075743,-0.1274566607150477,0.0159355857224825,trending_down
MSFT,2022-06-02,-0.1113460154731197,-0.1275573150620708,0.015991839554553,trending_down
MSFT,2022-06-03,-0.0873457246895872,-0.1177723846258973,0.0138730404900268,trending_down
MSFT,2022-06-06,-0.1149852202333541,-0.1029050742950769,0.0105202375786356,trending_down
MSFT,2022-06-07,-0.1323827967215877,-0.1052166570786236,0.0109879712754418,trending_down
MSFT,2022-06-08,-0.1195621711952075,-0.1045656287681263,0.0106431767084993,trending_down
MSFT,2022-06-09,-0.1427273320871891,-0.1002130253273961,0.0097838717168544,trending_down
MSFT,2022-06-10,-0.2016046147160478,-0.0560177388265773,0.0028861145449233,trending_down
MSFT,2022-06-13,-0.2679911819676446,0.0549399299823072,0.0021660351317869,crisis
MSFT,2022-06-14,-0.1009968074871262,-0.0404854338816565,0.0014068372466164,crisis
MSFT,2022-06-15,-0.0831254649305779,-0.0385950480622571,0.0012693338655357,crisis
MSFT,2022-06-16,0.0086268969843159,-0.0190432614785561,0.0003127020325242,crisis
MSFT,2022-06-17,-0.0214793882304956,0.0026390300540068,6.182072829430396e-06,crisis
MSFT,2022-06-21,0.011182605600075,0.0065793871754926,3.8480102302673735e-05,crisis
MSFT,2022-06-22,0.0688909014484515,0.0275519897713476,0.0006870718282392,crisis
MSFT,2022-06-23,0.0821579821915345,0.0296870063528892,0.0007972189748995,crisis
MSFT,2022-06-24,0.1084752411664451,0.0349792522920765,0.0011073772621398,crisis
MSFT,2022-06-27,0.160655697456479,0.0533628687354007,0.0026812435275885,crisis
MSFT,2022-06-28,0.146087163693654,0.053643422936241,0.0027087261655432,crisis
MSFT,2022-06-29,0.0991787172791796,0.0631784734329007,0.0038164004775967,crisis
MSFT,2022-06-30,0.1177436676962377,0.0639496974434377,0.0039107062330117,crisis
MSFT,2022-07-01,0.1422930276358003,0.0694080388135756,0.0046135543235087,crisis
MSFT,2022-07-05,0.1440928383520598,0.0700446325026515,0.004728201111102,crisis
MSFT,2022-07-06,0.2032683664543044,0.0749465566435085,0.0053871519172851,crisis
MSFT,2022-07-07,0.2423889991857821,0.0780914419220514,0.005815360198715,crisis
MSFT,2022-07-08,0.3089055302521479,0.0873877754611876,0.0073755291678053,crisis
MSFT,2022-07-11,0.3216017180008845,0.0873004150138689,0.0073840405355204,crisis
MSFT,2022-07-12,0.2181403135072885,0.0945219920669867,0.0086966974881319,crisis
MSFT,2022-07-22,0.0381485954570424,0.1092807599410859,0.0098280237408761,crisis
MSFT,2022-07-25,-0.0276594713358305,0.119301427865544,0.0111815163793432,crisis
MSFT,2022-07-26,-0.1369900692667176,0.1640445654376235,0.0231753825843231,crisis
MSFT,2022-07-27,-0.1593580645059431,0.2039979445860018,0.0324957219152574,crisis
MSFT,2022-07-28,-0.2086893706536475,0.2109130894541134,0.0359226595223095,crisis
MSFT,2022-07-29,-0.2166448382427173,0.2088761612867117,0.035470486672242,crisis
MSFT,2022-08-16,-0.2123820788626833,0.2063956004454096,0.0350165296638348,crisis
MSFT,2022-08-17,-0.207831178233033,0.2081067018838709,0.0352041414334737,crisis
MSFT,2022-08-18,-0.2086735865338763,0.2083907959299697,0.0352743979194811,crisis
MSFT,2022-08-19,-0.2145237474288379,0.2091869149998342,0.0354820446667072,crisis
MSFT,2022-08-22,-0.2144186061826873,0.2087483036440431,0.0354093353752489,crisis
MSFT,2022-08-23,-0.2002587546966243,0.2082418812478259,0.0351646292889773,crisis
MSFT,2022-08-24,-0.1945649084562948,0.209214313332863,0.0352852031010126,crisis
MSFT,2022-08-25,-0.1933503443335891,0.2094374495957096,0.0353018265285316,crisis
MSFT,2022-08-26,-0.1972322253579124,0.2081816864549316,0.0348875064091184,crisis
MSFT,2022-08-29,-0.1913195097164555,0.1993016259464506,0.0331576162414526,crisis
MSFT,2022-08-30,-0.1893348741670403,0.1989320547674768,0.0330327763532106,crisis
MSFT,2022-09-08,-0.185653268633435,0.1980879012108116,0.0328308609003081,crisis
MSFT,2022-09-09,-0.1904415767952623,0.1972313830082032,0.0326524198484129,crisis
MSFT,2022-09-12,-0.1927226656961282,0.1960679595649402,0.0325761224227663,crisis
MSFT,2022-09-13,-0.1891166198774326,0.1956943201219569,0.0326677581121488,crisis
MSFT,2022-09-14,-0.2120036012920296,0.1964281506573862,0.0350010711313291,crisis
MSFT,2022-09-15,-0.2158820008614004,0.1962816735626443,0.0350017048816616,crisis
MSFT,2022-09-29,-0.2137884076517758,0.1953362134554824,0.0347494244062026,crisis
MSFT,2022-09-30,-0.2096384066389947,0.1931725735525465,0.0341918292275732,crisis
MSFT,2022-10-03,-0.2164156160050141,0.1902616934156981,0.0333632475499733,crisis
MSFT,2022-10-04,-0.1853957087253759,0.1756356916482587,0.0300881206719195,crisis
MSFT,2022-10-05,-0.2038625645695407,0.1694159906294319,0.0290563647903913,crisis
MSFT,2022-10-06,-0.196367865104643,0.1669651459423929,0.0280704583173124,crisis
MSFT,2022-10-07,-0.1969291076243685,0.1670664939217306,0.0281044782266433,crisis
MSFT,2022-10-10,-0.1930498565106999,0.1633670710634602,0.0273604352874133,crisis
MSFT,2022-10-11,-0.1896772330935321,0.1628754255316725,0.0269783376384695,crisis
MSFT,2022-10-12,-0.1874800466766144,0.1626373048896429,0.0268711452503354,crisis
MSFT,2022-10-13,-0.1840098853795897,0.1618126562440987,0.0265382281245808,crisis
MSFT,2022-10-14,-0.1994442679755647,0.1585690019558193,0.0261810194907171,crisis
MSFT,2022-10-17,-0.1907071037952502,0.1572989434607403,0.0257537026786183,crisis
MSFT,2022-10-18,-0.1970686342133077,0.1545143922322611,0.025400635120915,crisis
MSFT,2022-10-19,-0.1986230215066728,0.1541071745351368,0.0253091000843707,crisis
MSFT,2022-10-20,-0.201359820466543,0.156656421768223,0.025820105959025,crisis
MSFT,2022-10-21,-0.2000839381957613,0.1560765196298729,0.0256191616600555,crisis
MSFT,2022-10-24,-0.2055943452152653,0.1535953435736926,0.0253532762774248,crisis
MSFT,2022-10-25,-0.2068569641420633,0.153242422259521,0.0253131012563427,crisis
MSFT,2022-10-26,-0.2126206484778215,0.1515893494620703,0.0248163808555832,crisis
MSFT,2022-10-27,-0.2142970145168043,0.1528037952178177,0.0250497308541686,crisis
MSFT,2022-10-28,-0.21764022203814,0.1547260832896693,0.0254532178762176,crisis
MSFT,2022-10-31,-0.2250060351450534,0.1525892664618308,0.0252521519482512,crisis
MSFT,2022-11-01,-0.2182397062222194,0.1534684284401855,0.0253161602388439,crisis
MSFT,2022-11-02,-0.2172069869922679,0.153307117529445,0.0252596438415891,crisis
MSFT,2022-11-03,-0.2212744142187271,0.1544837099895071,0.0257874168297479,crisis
MSFT,2022-11-11,-0.2212489591657415,0.1542020306357744,0.025731344480907,crisis
MSFT,2022-11-14,-0.2261704780748059,0.1546567616424199,0.0259318981471459,crisis
MSFT,2022-11-15,-0.2365875003089835,0.1590144632087821,0.0272956466701285,trending_down
MSFT,2022-11-16,-0.2398395704628212,0.1589062707612697,0.0273471487385081,trending_down
MSFT,2022-11-17,-0.23995543646181,0.1594737838601558,0.027420887916462,trending_down
MSFT,2022-11-18,-0.237446346067251,0.1596326922138443,0.0271453152141254,range_bound
MSFT,2022-11-21,-0.2374399195182582,0.1596757349154931,0.0271850553552411,range_bound
MSFT,2022-11-22,-0.2339532078559698,0.1594279246822569,0.0270726965792382,range_bound
MSFT,2022-11-23,-0.2320461697826493,0.1560541977574229,0.0255552723564279,range_bound
MSFT,2022-11-25,-0.2304914123744337,0.1564806390189206,0.0255876581102512,range_bound
MSFT,2022-11-28,-0.2301293029073607,0.1563257317776662,0.0254183327864923,trending_down
MSFT,2022-11-29,-0.2262793571761086,0.1548295922671332,0.0250907827120351,trending_down
MSFT,2022-11-30,-0.2258952268896304,0.1545089950898522,0.0248516148264185,crisis
MSFT,2022-12-01,-0.2384086752962966,0.1496036974002259,0.024006312610341,crisis
MSFT,2022-12-02,-0.238434669272893,0.1496100955973876,0.02381276043845,crisis
MSFT,2022-12-05,-0.2384979040687216,0.1496030146888503,0.0237805596468978,crisis
MSFT,2022-12-06,-0.2399789895049372,0.1468062819553549,0.023047768765289,crisis
MSFT,2022-12-07,-0.2431866969328624,0.1438266088372478,0.02211562406548,trending_down
MSFT,2022-12-08,-0.245050789737101,0.1437455242179651,0.0220782610565009,trending_down
MSFT,2022-12-09,-0.2267592893173743,0.138041827374084,0.020470044063477,trending_down
MSFT,2022-12-12,-0.2294809848447303,0.1372415009071977,0.0202488114018948,trending_down
MSFT,2022-12-13,-0.2624970877058671,0.1306431772976506,0.0186937383390412,trending_down
MSFT,2022-12-14,-0.2462453898221647,0.1266192877316164,0.0176503351863676,trending_down
MSFT,2022-12-15,-0.2326326321114862,0.1278146842043134,0.017992840092126,crisis
MSFT,2022-12-16,-0.2553569474210936,0.1268900944918756,0.018174795208511,trending_down
MSFT,2022-12-19,-0.3139760296266131,0.1482455317445355,0.0265688951207264,trending_down
MSFT,2022-12-20,-0.3211886646636603,0.1481484743851553,0.0266185680459969,trending_down
MSFT,2022-12-21,-0.2999624524429313,0.1534799849185571,0.0285427286587975,trending_down
MSFT,2022-12-22,-0.3250870861131861,0.1588587249463239,0.0310679682756881,trending_down
MSFT,2022-12-23,-0.3222241390723952,0.157797602004393,0.0307898027099614,range_bound
MSFT,2022-12-27,-0.3008756832710542,0.16504695342092,0.0335398221806291,range_bound
MSFT,2022-12-28,-0.2965625492458431,0.1649896894296977,0.033516593855294,trending_down
MSFT,2022-12-29,-0.3134658855539565,0.1705787158321255,0.0360536635338086,trending_down
MSFT,2022-12-30,-0.3407399033065355,0.1869860522616074,0.0435114554117697,trending_down
MSFT,2023-01-03,-0.3209318371185393,0.1897595305214524,0.0449332381883916,range_bound
MSFT,2023-01-04,-0.3435776726577094,0.2063899147126127,0.0523555417866546,range_bound
MSFT,2023-01-05,-0.3525362414680669,0.2159653200634876,0.0552089356728271,range_bound
MSFT,2023-01-06,-0.3527440540365768,0.2155961677602488,0.0551141775044106,range_bound
MSFT,2023-01-09,-0.3624385666168812,0.2105738659825671,0.0535149504395918,range_bound
MSFT,2023-01-10,-0.3551364749049055,0.2140157371183177,0.0535232868677166,range_bound
MSFT,2023-01-11,-0.3632557620451908,0.2233287903879433,0.0561624294854917,range_bound
MSFT,2023-01-13,-0.3686425135479402,0.2232418893750448,0.0564307561041599,range_bound
MSFT,2023-01-17,-0.3783063055379171,0.2320390011053221,0.0590048285139402,range_bound
MSFT,2023-01-18,-0.3771394562054944,0.2318296857286476,0.0588824697244642,range_bound
MSFT,2023-01-19,-0.3772616054424651,0.2319043933945699,0.05891501466972,range_bound
MSFT,2023-01-20,-0.3765524578435233,0.2318038431655076,0.05885001822264,range_bound
MSFT,2023-01-23,-0.3826477689547148,0.2293112587589037,0.0581899506378742,range_bound
MSFT,2023-01-24,-0.3844820154639554,0.2285775074894059,0.0573352997674823,range_bound
MSFT,2023-01-25,-0.3915004461233675,0.2223240620677508,0.0533427810832293,range_bound
MSFT,2023-01-26,-0.3899936139460543,0.2224859466090781,0.0533730050641573,range_bound
MSFT,2023-01-27,-0.3971827827014685,0.2231882079178716,0.053890065948673,range_bound
MSFT,2023-01-30,-0.4020844669746509,0.2198574372177308,0.0517423321137234,range_bound
MSFT,2023-01-31,-0.3815634508900305,0.2102678369648827,0.0476689400395742,range_bound
MSFT,2023-02-01,-0.3781488664935758,0.2099664644118612,0.047939746468993,range_bound
MSFT,2023-02-03,-0.398096308293542,0.2041534186079312,0.0458857052395764,range_bound
MSFT,2023-02-06,-0.3884554165133103,0.2011494492698859,0.0446315533984109,range_bound
MSFT,2023-02-07,-0.3437231947245124,0.1706031301589582,0.0336478508506209,range_bound
MSFT,2023-02-08,-0.2372941614788868,0.083250604728161,0.01135722594714,range_bound
MSFT,2023-02-09,-0.3156775833960119,0.1694221825525247,0.054911385818103,range_bound
MSFT,2023-02-10,-0.3219745910273071,0.1693569831864731,0.055199884146401,range_bound
MSFT,2023-02-13,-0.3470530985183649,0.158448927816471,0.0497069379963196,range_bound
MSFT,2023-02-14,-0.334015358605667,0.1442464238066906,0.0403786635415571,range_bound
MSFT,2023-02-15,-0.340922149445208,0.1436715108501183,0.0401999156488599,range_bound
MSFT,2023-02-16,-0.3606162661416869,0.1269998058243586,0.0315596558214573,range_bound
MSFT,2023-02-17,-0.3570132947530821,0.1251122181549056,0.0308631049417646,range_bound
MSFT,2023-02-21,-0.3698833100401729,0.1200152273936278,0.0286814915915267,range_bound
MSFT,2023-02-22,-0.3838964236331302,0.0986016765117062,0.0192848354249788,range_bound
MSFT,2023-02-23,-0.3801659372032056,0.0983699127548266,0.0191847422182637,range_bound
MSFT,2023-02-24,-0.37187695636161,0.0934465731731149,0.0171250587064836,range_bound
MSFT,2023-02-27,-0.3763545773359521,0.09259547657087,0.0169363717958388,range_bound
MSFT,2023-02-28,-0.3738728062383909,0.0926103950394207,0.0169065547320788,range_bound
MSFT,2023-03-01,-0.3760797248745391,0.0905682505172938,0.0161166426522153,range_bound
MSFT,2023-03-02,-0.3943528560120586,0.0886527076749697,0.0158113621642607,range_bound
MSFT,2023-03-03,-0.4127624454419205,0.0862693734444007,0.0153831034020596,range_bound
MSFT,2023-03-06,-0.4271983271973295,0.0782902489080468,0.0129002785538889,range_bound
MSFT,2023-03-07,-0.4217202951804724,0.0783448712442346,0.0129236594031701,range_bound
MSFT,2023-03-08,-0.4022673281129666,0.0701809778104367,0.0107617792443115,range_bound
MSFT,2023-03-09,-0.3138214130915814,0.0446756781327905,0.0081853329707126,range_bound
MSFT,2023-03-10,-0.2589659656208773,0.028602533679968,0.0046026406262895,range_bound
MSFT,2023-03-13,-0.2381179136946075,0.02879997803142,0.0048920330381045,range_bound
MSFT,2023-03-14,-0.141544122836639,-0.0014064053905854,0.0005659588936366,range_bound
MSFT,2023-03-15,-0.135287617264922,0.002298794746313,0.0016728289461944,range_bound
MSFT,2023-03-16,-0.1382333735784238,0.0041675889474233,0.0047746881135124,range_bound
MSFT,2023-03-17,-0.1383524011122489,0.0041447306287859,0.0047450905605548,range_bound
MSFT,2023-03-20,-0.1426812942206171,0.0055788825460084,0.0078017981807285,range_bound
MSFT,2023-03-21,-0.1424366955798279,0.00578011452458,0.008389019446015,range_bound
MSFT,2023-03-22,-0.1411899811635205,0.0058925639279615,0.0088323413731115,range_bound
MSFT,2023-03-23,-0.141126682060829,0.0057912595696348,0.0085686423623539,range_bound
MSFT,2023-03-24,-0.1412196667479897,0.0062692084161716,0.0098633432492554,range_bound
MSFT,2023-03-27,-0.141232273535602,0.006407973349072,0.0103218996911793,range_bound
MSFT,2023-03-28,-0.1412431075220552,0.0063856120141429,0.0102476307239661,range_bound
MSFT,2023-03-29,-0.1412469213061,0.0061870742599418,0.0095374903891001,range_bound
MSFT,2023-03-30,-0.1416579374482942,0.0073004409339085,0.0127444110145805,range_bound
MSFT,2023-03-31,-0.1420067375648201,0.0074989021246618,0.0134541497128237,range_bound
MSFT,2023-04-03,-0.1424398940117678,0.0078922517605154,0.0149627493423963,trending_up
MSFT,2023-04-04,-0.1392242005759197,0.0083988604259414,0.0173017080326366,range_bound
MSFT,2023-04-05,-0.1388657425136462,0.0081331775462342,0.0160627999770398,range_bound
MSFT,2023-04-06,-0.1388650806747522,0.0079469291472871,0.0152676226808555,range_bound
MSFT,2023-04-10,-0.1391925043732359,0.0091345546487425,0.018370344716334,range_bound
MSFT,2023-04-11,-0.1409835397598442,0.0091749663056604,0.0180499661525411,range_bound
MSFT,2023-04-12,-0.1414623578034647,0.009471689315094,0.0191239768543447,range_bound
MSFT,2023-04-13,-0.1396731205636002,0.0086000481777726,0.0155427032491534,range_bound
MSFT,2023-04-14,-0.1402074824736168,0.0092119843160642,0.0177476663036589,range_bound
MSFT,2023-04-17,-0.139693709041509,0.0089726445293458,0.0162416874510337,range_bound
MSFT,2023-04-18,-0.1381364917644061,0.0100378401578809,0.0192686447974322,range_bound
MSFT,2023-04-19,-0.1372146539627352,0.0100073002386924,0.0191431120276673,range_bound
MSFT,2023-04-20,-0.1374002917276063,0.0102965362211725,0.020133251992542,range_bound
MSFT,2023-04-21,-0.1375269013939489,0.0109219693311202,0.0216121495734236,range_bound
MSFT,2023-04-24,-0.1376876919294042,0.0111560991292653,0.0224543248823717,range_bound
MSFT,2023-04-25,-0.137812567870008,0.0113446724291017,0.0231475622866433,range_bound
MSFT,2023-04-26,-0.1350105532497045,0.0105733878318741,0.0206876985072467,range_bound
MSFT,2023-04-27,-0.134847426797939,0.010401415053655,0.0192460034615541,range_bound
MSFT,2023-04-28,-0.1375660602336195,0.0091430703952509,0.0145016552969929,range_bound
MSFT,2023-05-15,-0.1388145856492338,0.0085794567748155,0.0122850330516199,range_bound
MSFT,2023-05-16,-0.1378496206730609,0.0088130312754184,0.0128424164304407,range_bound
MSFT,2023-05-17,-0.1380142370827626,0.0088697519066796,0.0130117174574931,range_bound
MSFT,2023-05-18,-0.1386166212462631,0.0091925836052008,0.014041570121933,range_bound
MSFT,2023-05-19,-0.1403459835032209,0.0083799441857347,0.0112327390188153,range_bound
MSFT,2023-05-24,-0.1476075641657034,0.0086403975107958,0.0101105957579903,range_bound
MSFT,2023-05-25,-0.150796714806771,0.0092539757928383,0.0111515357921715,range_bound
MSFT,2023-05-26,-0.1508437486533583,0.0095924740515262,0.0119826294487309,range_bound
MSFT,2023-05-30,-0.1505968708071893,0.0097422670616778,0.0124601029148379,range_bound
MSFT,2023-05-31,-0.1502793228620558,0.0093618943162409,0.011067669414487,range_bound
MSFT,2023-06-01,-0.1503133301319329,0.0094318509207293,0.0112157266065715,range_bound
MSFT,2023-06-02,-0.1504178174898235,0.0097990186706367,0.0121536051357846,range_bound
MSFT,2023-06-05,-0.1512643592320182,0.0114309396921468,0.015982080034037,range_bound
MSFT,2023-06-06,-0.1513894444095676,0.0117672784963005,0.0167844607443544,range_bound
MSFT,2023-06-07,-0.1512517516829546,0.0115770368449865,0.0161528748770202,range_bound
MSFT,2023-06-08,-0.1513912601330672,0.0118075591076115,0.0167166532946124,trending_up
MSFT,2023-06-09,-0.151870208316061,0.0116223866893316,0.0161822371993142,trending_up
MSFT,2023-06-12,-0.152154721146982,0.0119890532502996,0.0171312537872343,trending_up
MSFT,2023-06-13,-0.1522589345937952,0.0123061487504448,0.0181082892121404,trending_up
MSFT,2023-06-14,-0.1524045962459511,0.0123274753690545,0.0182053515033197,trending_up
MSFT,2023-06-15,-0.1527340531453567,0.0125073862340458,0.018725888984479,trending_up
MSFT,2023-06-22,-0.1527670726318808,0.012463684186053,0.0185642364398243,trending_up
MSFT,2023-06-23,-0.1554299207181856,0.012057261390516,0.0171373283141847,trending_up
MSFT,2023-06-26,-0.1549853705409357,0.0117256904729179,0.0162793943002456,trending_up
MSFT,2023-06-27,-0.1553388447131823,0.012377911972985,0.0177797654339305,trending_up
MSFT,2023-06-28,-0.1560231574052399,0.0125538948656502,0.0184456603978508,trending_up
MSFT,2023-06-29,-0.1534339139756593,0.0160792402213229,0.0282711787811336,trending_up
MSFT,2023-06-30,-0.1522859419877303,0.0160272554990834,0.0281946866631478,trending_up
MSFT,2023-07-03,-0.1508487564754053,0.0161436253078032,0.0289445530512559,trending_up
MSFT,2023-07-05,-0.1515888478441615,0.017322523351465,0.0323219099237929,trending_up
MSFT,2023-07-06,-0.1520604705048902,0.0180968542699209,0.0345524715321016,trending_up
MSFT,2023-07-07,-0.1467568938808924,0.0170421676444866,0.0326172997235931,trending_up
MSFT,2023-07-10,-0.1470757454476757,0.0168682696134168,0.0319118915641325,trending_up
MSFT,2023-07-11,-0.1474179917891784,0.0172991605407725,0.0333479180472506,trending_up
MSFT,2023-07-17,-0.1473159606271233,0.0172041442004666,0.0325715693741335,trending_up
MSFT,2023-07-18,-0.146881784675818,0.0172190910539408,0.0324859092533725,trending_up
MSFT,2023-07-19,-0.147493001268782,0.0177100230816256,0.0343286828572509,trending_up
MSFT,2023-07-20,-0.1507664628857246,0.0143438946325961,0.0192224190236349,trending_up
MSFT,2023-07-21,-0.147227827268724,0.0123133151488193,0.0143102211207672,trending_up
MSFT,2023-07-24,-0.1479893279673811,0.0127951325748027,0.0153285602903752,trending_up
MSFT,2023-07-25,-0.1479438411180649,0.0129051131728631,0.0155976608165889,trending_up
MSFT,2023-07-26,-0.1476230009684237,0.0126406831871711,0.014705568460189,trending_up
MSFT,2023-07-27,-0.1464191739419762,0.012214265972201,0.0134029125622548,trending_up
MSFT,2023-07-28,-0.1470773468735453,0.0121914325926037,0.0134243601668341,trending_up
MSFT,2023-07-31,-0.1476458931662345,0.0126051127846471,0.0144159975972956,trending_up
MSFT,2023-08-01,-0.148025005805515,0.013320587304328,0.0157729740857917,trending_up
MSFT,2023-08-02,-0.1473336865508602,0.012883161953113,0.0143727246165792,trending_up
MSFT,2023-08-03,-0.1466735609926611,0.0120824024018171,0.0129220442959595,trending_up
MSFT,2023-08-04,-0.1404017086296531,0.0101970336843295,0.0100230720608454,trending_up
MSFT,2023-08-07,-0.1399171952347406,0.0098305445746258,0.0093044315106217,trending_up
MSFT,2023-08-08,-0.1333603951503509,0.0061829655075324,0.003998120301774,trending_up
MSFT,2023-08-09,-0.1291947540114282,0.0128079338708412,0.0178812648504478,trending_up
MSFT,2023-08-14,-0.1301677079379516,0.013031260870534,0.0186353114414541,trending_up
MSFT,2023-08-15,-0.1301327782706778,0.0129975635729318,0.0185094189995963,trending_up
MSFT,2023-08-16,-0.1294191799868919,0.0122588318806747,0.0165157879436181,trending_up
MSFT,2023-08-17,-0.1272080262842713,0.0123963739202578,0.0172101769970726,trending_up
MSFT,2023-08-18,-0.1281448836430549,0.0126435323928429,0.0180352875858222,trending_up
MSFT,2023-08-21,-0.128652893203135,0.0134898513929053,0.0199208783715877,trending_up
MSFT,2023-08-22,-0.1287799398487226,0.0138654344302613,0.0209360648826307,trending_up
MSFT,2023-08-23,-0.1279432740017644,0.0140493046436791,0.0207780144823576,trending_up
MSFT,2023-08-24,-0.1279547481358911,0.0140225183659612,0.0206590879932007,trending_up
MSFT,2023-08-25,-0.1276854979209444,0.0133780805291269,0.0192707004075624,trending_up
MSFT,2023-08-28,-0.1280090661922927,0.0135030336578115,0.0197266933437543,trending_up
MSFT,2023-08-29,-0.1268821149344212,0.0141659357135574,0.0215364210038166,trending_up
MSFT,2023-08-30,-0.1269556969558016,0.0143105197009095,0.0224060632146745,trending_up
MSFT,2023-08-31,-0.1275284209071596,0.0151345320602408,0.024582591835654,trending_up
MSFT,2023-09-01,-0.1267839846562644,0.0152808229397684,0.0245359120024498,trending_up
MSFT,2023-09-05,-0.1263687445261775,0.0152465040660563,0.0241513210181383,trending_up
MSFT,2023-09-06,-0.1246626028074933,0.0143356120536272,0.0211845728994632,trending_up
MSFT,2023-09-07,-0.1247537448077621,0.0143515684664857,0.0212623715521333,range_bound
MSFT,2023-09-08,-0.1242389579432184,0.0140707282543908,0.0201151601014136,range_bound
MSFT,2023-09-18,-0.1240857005808563,0.0143494889992871,0.0205554970939119,range_bound
MSFT,2023-09-19,-0.1242322162118764,0.0147481080428062,0.0214613734876326,range_bound
MSFT,2023-09-20,-0.1239130916313557,0.0145938518750881,0.021020675361137,range_bound
MSFT,2023-09-21,-0.1234840762777919,0.0139884028754561,0.0192836712543649,range_bound
MSFT,2023-09-22,-0.1232937859537387,0.0134088705395543,0.0183648824005027,range_bound
MSFT,2023-09-25,-0.1231227130492433,0.013214344657832,0.0178369554412737,range_bound
MSFT,2023-09-26,-0.1236585214862565,0.0141858680352071,0.0200833650856722,range_bound
MSFT,2023-09-27,-0.123162602068677,0.0133538720295997,0.0182734573461614,range_bound
MSFT,2023-09-28,-0.1291402056302024,0.0144077905085059,0.0182604675229505,range_bound
MSFT,2023-09-29,-0.1293440302145809,0.0146559964940352,0.0189399045581795,range_bound
MSFT,2023-10-02,-0.1289870207869802,0.0144017610980759,0.0182589725212689,range_bound
MSFT,2023-10-05,-0.1282826919256747,0.0142584700920354,0.01760020234054,range_bound
MSFT,2023-10-06,-0.1303632054791189,0.0143053904304548,0.0175670074059549,range_bound
MSFT,2023-10-09,-0.130846048712519,0.0147510133465549,0.0189106149538555,range_bound
MSFT,2023-10-10,-0.1300503467795423,0.0147906529062061,0.0190192078853165,range_bound
MSFT,2023-10-11,-0.129982153716203,0.0147533392213975,0.0188582707077913,range_bound
MSFT,2023-10-12,-0.1295433507244291,0.0148454890647511,0.0185726760347348,range_bound
MSFT,2023-10-13,-0.1300630021954656,0.0148263554160043,0.018661407746593,range_bound
MSFT,2023-10-16,-0.1226404450362727,0.0078269744689078,0.0057579195575434,range_bound
MSFT,2023-10-17,-0.1228164109935601,0.0080750000297006,0.0062007707595023,range_bound
MSFT,2023-10-18,-0.123598069816028,0.0092615551281975,0.0077624517648592,range_bound
MSFT,2023-10-19,-0.1239707017049812,0.0096416865934557,0.0083794418104146,range_bound
MSFT,2023-10-20,-0.123812997862459,0.0092803227427337,0.0078619330628822,range_bound
MSFT,2023-10-23,-0.1229966060522214,0.0084375510400824,0.0064390923629946,range_bound
MSFT,2023-10-24,-0.1154441429686476,0.0047709263834677,0.0024531897886382,range_bound
MSFT,2023-10-25,-0.1153579854632441,0.004737292075855,0.0023419516059784,trending_down
MSFT,2023-10-30,-0.1092658309525873,-0.0004923060332938,2.9765628816402767e-05,trending_down
MSFT,2023-11-06,-0.1092406118986386,-0.0003833185534257,1.815898091839241e-05,trending_down
MSFT,2023-11-07,-0.1087047009562913,-0.0002168832015116,5.687699950018832e-06,trending_down
MSFT,2023-11-08,-0.1088032593829989,0.0004503300136074,2.3422985442000943e-05,range_bound
MSFT,2023-11-09,-0.1087971722323151,0.0003785835665377,1.6546989450749727e-05,trending_down
MSFT,2023-11-10,-0.1088030265076629,-7.404686817295238e-05,6.372088203754345e-07,range_bound
MSFT,2023-11-13,-0.1089974001239529,0.0002061659030396,5.099787789286658e-06,range_bound
MSFT,2023-11-14,-0.1087841629983875,0.0001974263128339,4.668737691448932e-06,range_bound
MSFT,2023-11-16,-0.1088596370035273,0.0002655755021677,8.638540436645137e-06,range_bound
MSFT,2023-11-17,-0.1100699935128609,0.0001565346265162,2.975807547600517e-06,range_bound
MSFT,2023-11-20,-0.1119282889462396,-0.0002469554642473,7.133954045723812e-06,range_bound
MSFT,2023-11-21,-0.1119580786647718,-0.000108391526524,1.3819170281426096e-06,range_bound
MSFT,2023-11-22,-0.1120258938903081,2.7159203507381972e-05,8.638470250232899e-08,range_bound
MSFT,2023-11-24,-0.1122593632215502,0.000123525850493,1.786734835196313e-06,range_bound
MSFT,2023-11-27,-0.1121847323069334,1.571360577424469e-05,2.886929817424999e-08,range_bound
MSFT,2023-11-28,-0.1086141783746391,-5.017377225366118e-05,3.102349859229747e-07,range_bound
MSFT,2023-11-29,-0.1083200227105571,-4.056327174345862e-05,2.0257731514483626e-07,range_bound
MSFT,2023-11-30,-0.1081526700434061,-5.727573730893727e-06,4.0237346787819214e-09,range_bound
MSFT,2023-12-01,-0.1083924735965395,-0.0003764933734841,1.703753836368449e-05,range_bound
MSFT,2023-12-04,-0.1086351393450333,-0.0001645338501608,3.263305942691197e-06,range_bound
MSFT,2023-12-05,-0.1086067446806878,-0.0004699312684399,2.6740190465557312e-05,range_bound
MSFT,2023-12-06,-0.1085610021677462,-0.0004929594586063,2.9425332349175548e-05,range_bound
MSFT,2023-12-07,-0.1085533789519744,-0.0006261700611697,4.763513732441993e-05,range_bound
MSFT,2023-12-08,-0.1086560017652179,-0.0002717117402743,8.979191406965903e-06,range_bound
MSFT,2023-12-11,-0.108884828049412,-0.0002051160494962,5.129676981741049e-06,range_bound
MSFT,2023-12-26,-0.108884778733398,-0.000104457955129,1.3319425039570731e-06,range_bound
MSFT,2023-12-27,-0.11262063080332,-0.0004793557756906,2.528299040027715e-05,range_bound
MSFT,2023-12-28,-0.1122304719110239,-0.0004421513349462,2.1397721901239564e-05,range_bound
MSFT,2023-12-29,-0.1102439196749965,0.0033158092076492,0.001168483008922,range_bound
SPY,2021-07-02,,,,range_bound
SPY,2021-07-06,,,,range_bound
SPY,2021-07-07,,,,range_bound
SPY,2021-07-08,,,,range_bound
SPY,2021-07-09,,,,range_bound
SPY,2021-07-12,,,,range_bound
SPY,2021-07-13,,,,range_bound
SPY,2021-07-14,,,,range_bound
SPY,2021-07-15,,,,range_bound
SPY,2021-07-16,,,,range_bound
SPY,2021-07-19,,,,range_bound
SPY,2021-07-20,,,,range_bound
SPY,2021-07-21,,,,range_bound
SPY,2021-07-22,,,,range_bound
SPY,2021-07-23,,,,range_bound
SPY,2021-08-02,,,,range_bound
SPY,2021-08-03,,,,range_bound
SPY,2021-08-04,,,,range_bound
SPY,2021-08-05,,,,range_bound
SPY,2021-08-06,,,,range_bound
SPY,2021-08-13,,,,range_bound
SPY,2021-08-16,,,,range_bound
SPY,2021-08-18,,,,range_bound
SPY,2021-08-19,,,,range_bound
SPY,2021-08-20,,,,range_bound
SPY,2021-08-23,,,,range_bound
SPY,2021-08-24,,,,range_bound
SPY,2021-08-25,,,,range_bound
SPY,2021-08-26,,,,range_bound
SPY,2021-08-27,,,,range_bound
SPY,2021-09-08,,,,range_bound
SPY,2021-09-09,,,,range_bound
SPY,2021-09-10,,,,range_bound
SPY,2021-09-13,,,,range_bound
SPY,2021-09-14,,,,range_bound
SPY,2021-09-15,,,,range_bound
SPY,2021-09-16,,,,range_bound
SPY,2021-09-17,,,,range_bound
SPY,2021-09-20,,,,range_bound
SPY,2021-09-22,,,,range_bound
SPY,2021-09-23,,,,range_bound
SPY,2021-09-24,,,,range_bound
SPY,2021-09-27,,,,range_bound
SPY,2021-09-28,,,,range_bound
SPY,2021-10-08,,,,range_bound
SPY,2021-10-11,,,,range_bound
SPY,2021-10-12,,,,range_bound
SPY,2021-10-13,,,,range_bound
SPY,2021-10-14,,,,range_bound
SPY,2021-10-15,,,,range_bound
SPY,2021-10-18,,,,range_bound
SPY,2021-10-19,,,,range_bound
SPY,2021-10-20,,,,range_bound
SPY,2021-10-21,,,,range_bound
SPY,2021-10-28,,,,range_bound
SPY,2021-10-29,,,,range_bound
SPY,2021-11-01,,,,range_bound
SPY,2021-11-02,,,,range_bound
SPY,2021-11-03,,,,range_bound
SPY,2021-11-04,,,,range_bound
SPY,2021-11-05,,,,range_bound
SPY,2021-11-08,,,,range_bound
SPY,2021-11-09,,,,trending_up
SPY,2021-11-10,,,,range_bound
SPY,2021-11-11,,,,range_bound
SPY,2021-11-12,,,,range_bound
SPY,2021-11-15,,,,trending_up
SPY,2021-11-16,,,,range_bound
SPY,2021-11-17,,,,range_bound
SPY,2021-11-18,,,,range_bound
SPY,2021-11-19,,,,range_bound
SPY,2021-11-22,,,,range_bound
SPY,2021-11-23,,,,trending_up
SPY,2021-11-24,,,,trending_up
SPY,2021-11-26,,,,range_bound
SPY,2021-11-29,,,,range_bound
SPY,2021-11-30,,,,range_bound
SPY,2021-12-09,,,,range_bound
SPY,2021-12-10,,,,range_bound
SPY,2021-12-13,,,,range_bound
SPY,2021-12-14,,,,range_bound
SPY,2021-12-15,,,,range_bound
SPY,2021-12-16,,,,range_bound
SPY,2021-12-17,,,,range_bound
SPY,2021-12-20,,,,range_bound
SPY,2021-12-21,,,,range_bound
SPY,2021-12-22,,,,range_bound
SPY,2021-12-23,,,,range_bound
SPY,2021-12-27,,,,range_bound
SPY,2022-01-06,,,,range_bound
SPY,2022-01-07,,,,range_bound
SPY,2022-01-10,,,,range_bound
SPY,2022-01-11,,,,range_bound
SPY,2022-01-12,,,,range_bound
SPY,2022-01-13,,,,range_bound
SPY,2022-01-14,,,,range_bound
SPY,2022-01-18,,,,range_bound
SPY,2022-01-19,,,,range_bound
SPY,2022-01-21,,,,range_bound
SPY,2022-01-24,,,,range_bound
SPY,2022-01-25,,,,range_bound
SPY,2022-01-26,,,,range_bound
SPY,2022-01-27,,,,range_bound
SPY,2022-01-28,,,,range_bound
SPY,2022-01-31,,,,range_bound
SPY,2022-02-01,,,,range_bound
SPY,2022-02-02,,,,range_bound
SPY,2022-02-03,,,,range_bound
SPY,2022-02-04,,,,range_bound
SPY,2022-02-07,,,,range_bound
SPY,2022-02-08,,,,range_bound
SPY,2022-02-09,,,,range_bound
SPY,2022-02-10,,,,range_bound
SPY,2022-02-11,,,,range_bound
SPY,2022-02-14,,,,range_bound
SPY,2022-02-15,,,,range_bound
SPY,2022-02-16,,,,range_bound
SPY,2022-02-17,,,,range_bound
SPY,2022-02-18,,,,range_bound
SPY,2022-02-22,,,,trending_down
SPY,2022-02-23,,,,trending_down
SPY,2022-02-24,,,,trending_down
SPY,2022-02-25,,,,trending_down
SPY,2022-02-28,,,,trending_down
SPY,2022-03-01,,,,trending_down
SPY,2022-03-02,,,,trending_down
SPY,2022-03-03,0.1870500828520669,-0.3330396521374738,0.108749493173564,trending_down
SPY,2022-03-04,0.2136429571784119,-0.3237319261785966,0.1046242017039645,trending_down
SPY,2022-03-07,0.1998185885231609,-0.3207260610546565,0.1032238977581169,trending_down
SPY,2022-03-08,0.1782260626208669,-0.2816440311136856,0.0849074750688163,trending_down
SPY,2022-03-09,0.1439352581392714,-0.2727786842966375,0.0809095230259728,trending_down
SPY,2022-03-10,0.1941857405298497,-0.2486872517595914,0.0718893461824644,trending_down
SPY,2022-03-11,0.2064921467256009,-0.2461356298566643,0.070821245209993,trending_down
SPY,2022-03-14,0.1836735880298143,-0.2411647302521864,0.0689276679148923,trending_down
SPY,2022-03-15,0.1862677593762336,-0.239264799813938,0.0681624573877753,trending_down
SPY,2022-03-16,0.1839678504893656,-0.2311794363331405,0.0660347036246919,trending_down
SPY,2022-03-17,0.1602207677513838,-0.217422826222401,0.0614986322065296,trending_down
SPY,2022-03-18,0.1039393092259521,-0.1895066205807363,0.0502962369550157,range_bound
SPY,2022-03-21,0.1465173378009014,-0.1718805769189252,0.042797858817851,range_bound
SPY,2022-03-22,0.1630631158061637,-0.1676112329204216,0.0408803862473347,range_bound
SPY,2022-03-23,0.1731337467960991,-0.1659512577644139,0.0404494299415826,range_bound
SPY,2022-03-24,0.185096082215334,-0.1559703392818326,0.0363095160427519,range_bound
SPY,2022-03-25,0.1898288343139755,-0.15287936352058,0.0353887237990275,range_bound
SPY,2022-03-28,0.2099825803356665,-0.1485481696733314,0.0336245344909036,range_bound
SPY,2022-03-29,0.2040820617008214,-0.1469339395380169,0.0329978218384185,range_bound
SPY,2022-03-30,0.232846487246449,-0.1400003900859015,0.0302687947109708,range_bound
SPY,2022-03-31,0.2395255783755878,-0.1399267665804975,0.0303329383458316,range_bound
SPY,2022-04-01,0.2506275268351967,-0.1461719877367938,0.0333965457974079,range_bound
SPY,2022-04-04,0.2340044556146987,-0.1471633283624652,0.0338959547984284,range_bound
SPY,2022-04-05,0.1732946825728034,-0.1353897390374784,0.0298802991660366,range_bound
SPY,2022-04-06,0.1957291855679348,-0.1396710692937001,0.0320089250170796,range_bound
SPY,2022-04-07,0.244962677972512,-0.1346859229445065,0.0306443450277721,range_bound
SPY,2022-04-08,0.2770973963739027,-0.126711561950572,0.0279293443885761,range_bound
SPY,2022-04-11,0.2887685132296622,-0.1264146500271933,0.0278587656274782,range_bound
SPY,2022-04-12,0.3191592477889811,-0.1398604637121807,0.0338985181397277,range_bound
SPY,2022-04-27,0.3587295302418909,-0.1451809136336166,0.0372183432219687,range_bound
SPY,2022-04-28,0.309074076517331,-0.1554297790388545,0.0437983769441261,range_bound
SPY,2022-04-29,0.3424285575354751,-0.1376254810432556,0.0354697758179313,range_bound
SPY,2022-05-02,0.2931222401603648,-0.1095742431382697,0.02430555769411,range_bound
SPY,2022-05-03,0.2547103720077623,-0.1033094843486571,0.0221961873108925,range_bound
SPY,2022-05-04,0.2687299841228632,-0.1025561462926105,0.0219925174091289,range_bound
SPY,2022-05-05,0.2504872121700985,-0.0953625052453862,0.0202204086104956,range_bound
SPY,2022-05-06,0.2859070760234086,-0.0798565824775597,0.0157217891383044,range_bound
SPY,2022-05-09,0.2770865625375867,-0.0792464517966049,0.0155111450821535,crisis
SPY,2022-05-12,0.2254519286970722,-0.066210565022206,0.0118594985732954,crisis
SPY,2022-05-13,0.1505874467419221,-0.0409497980336275,0.0052098468434547,crisis
SPY,2022-05-16,0.123071714508165,-0.0461079393586993,0.0069103683933957,range_bound
SPY,2022-05-17,0.0919960224326903,-0.0533897355936299,0.0094178769541336,crisis
SPY,2022-05-18,0.0928768892307321,-0.0523326122790674,0.0092327179282635,crisis
SPY,2022-05-19,0.0922988497686743,-0.0435947679195181,0.0068915604584549,crisis
SPY,2022-05-20,0.1301239806898095,-0.0598625717811186,0.0134840490524411,crisis
SPY,2022-05-23,0.1320558731304071,-0.059988293389851,0.0135431544471062,crisis
SPY,2022-05-24,0.1468432786020812,-0.0587607282218572,0.0131852140146343,crisis
SPY,2022-05-25,0.1474097894901236,-0.0583600758683499,0.0130389778826499,crisis
SPY,2022-05-26,0.1463483705328006,-0.0583023572262519,0.0130518705049519,crisis
SPY,2022-05-27,0.1335430971853022,-0.0618279983179233,0.0148973055857175,crisis
SPY,2022-05-31,0.1393879903667818,-0.0575260429907803,0.0131801490196467,crisis
SPY,2022-06-01,0.1329569541322959,-0.0569931710969673,0.0129404270974954,crisis
SPY,2022-06-02,0.1210954302403366,-0.0566779797674846,0.0127924757352454,crisis
SPY,2022-06-03,0.1289541016945188,-0.0528566258200007,0.0112606010061834,crisis
SPY,2022-06-06,0.1149541699908418,-0.0494164930591687,0.0099171332184709,crisis
SPY,2022-06-07,0.1489895971222374,-0.0435594904381748,0.0079744197832761,crisis
SPY,2022-06-08,0.1627091604290595,-0.0422995874709458,0.0075595727412152,crisis
SPY,2022-06-09,0.158998705134282,-0.0399309973278078,0.0067565678326849,crisis
SPY,2022-06-10,0.1309772109502047,-0.0187951785602492,0.001440609107069,crisis
SPY,2022-06-13,0.1232023635989441,0.002581579084146,2.736325776686588e-05,crisis
SPY,2022-06-14,0.1694163626316869,-0.0147617798958086,0.0009239647692472,crisis
SPY,2022-06-15,0.1851701971781758,-0.0132256183109908,0.0007490782223271,crisis
SPY,2022-06-16,0.1978323723140582,-0.0117351986343574,0.0005950766193791,crisis
SPY,2022-06-17,0.167883030454425,-0.0021647133051096,2.093628282862081e-05,crisis
SPY,2022-06-21,0.129747498757337,0.0018830192130454,1.6572261783531772e-05,crisis
SPY,2022-06-22,0.1478918658408097,0.0071317627129239,0.0002422105245182,crisis
SPY,2022-06-23,0.18369058787346,0.0118232084070299,0.0006919962189231,crisis
SPY,2022-06-24,0.1896807685032684,0.0122417215207788,0.0007449343610104,crisis
SPY,2022-06-27,0.2263874503298331,0.0196296272269675,0.0019979727261266,crisis
SPY,2022-06-28,0.2134710478563228,0.0200003101344304,0.0020785925987427,crisis
SPY,2022-06-29,0.2234753222899337,0.0239051482059265,0.0030256145869665,crisis
SPY,2022-06-30,0.2140722056292825,0.0239779533859862,0.0030473682375575,crisis
SPY,2022-07-01,0.1972748299919233,0.0247779657276577,0.0032699369578746,crisis
SPY,2022-07-05,0.2085736458566205,0.0254056859382943,0.0034589152423545,crisis
SPY,2022-07-06,0.224187793889194,0.0261441954549657,0.0036882748363361,crisis
SPY,2022-07-07,0.1190306019779245,0.0618294374520084,0.0356626609182263,crisis
SPY,2022-07-08,0.1678174923226443,0.0712365713853769,0.0480815681081632,crisis
SPY,2022-07-11,0.1388539268237296,0.0784612440445645,0.0594967577477124,crisis
SPY,2022-07-12,0.1139872463910642,0.0826153142504018,0.0630166403788351,crisis
SPY,2022-07-13,0.0994969708123933,0.0853124991137291,0.0655376050600192,crisis
SPY,2022-07-15,0.0854656606700283,0.0863110551392214,0.0660550690031532,crisis
SPY,2022-07-18,0.0276914744477325,0.069640235015287,0.0371502158232545,crisis
SPY,2022-07-19,0.005958316649445,0.0735266428489832,0.039457453164082,crisis
SPY,2022-07-20,0.0886206024794027,0.1069685563621916,0.0621170800839687,crisis
SPY,2022-07-21,0.1037605394955529,0.1087814493758211,0.0633781656519661,crisis
SPY,2022-07-22,0.128431759294133,0.1131822462941087,0.0666116957621291,crisis
SPY,2022-07-25,0.1104677951398434,0.1193423057281175,0.071316525251897,crisis
SPY,2022-07-26,0.118936798074962,0.1203456343715713,0.072288181746442,crisis
SPY,2022-07-27,0.0902002306838187,0.1266656887795108,0.0766638951309401,crisis
SPY,2022-07-28,0.1613538421003637,0.15190190917138,0.0958575157020406,crisis
SPY,2022-07-29,0.1843885741726605,0.1556358468138344,0.0995591588545306,crisis
SPY,2022-08-05,0.2064102610981748,0.160952816705504,0.1048279406792205,crisis
SPY,2022-08-08,0.207161226062992,0.1609366715728286,0.1048106627955958,crisis
SPY,2022-08-09,0.2305455346522582,0.1635647161907972,0.1087266881157391,crisis
SPY,2022-08-10,0.250749886973419,0.1633861346460192,0.1084372742894904,crisis
SPY,2022-08-11,0.1305755586329322,0.1460702579728479,0.0786529406347782,crisis
SPY,2022-08-12,0.1314935790748126,0.1460858089647977,0.0786751385570355,crisis
SPY,2022-08-15,0.0293189135809008,0.143450642482368,0.0734935038363236,crisis
SPY,2022-08-16,-0.001846710797616,0.1455256774804254,0.0754811639494508,crisis
SPY,2022-08-17,0.0147721178811113,0.1380443435503146,0.0685507603493067,crisis
SPY,2022-08-18,0.0377860854383611,0.1349130734393731,0.0646456540894698,trending_up
SPY,2022-08-22,0.0363553020512772,0.132154182233714,0.0618321337395137,crisis
SPY,2022-08-23,0.1328171912081284,0.1032476487606687,0.0324844281181843,range_bound
SPY,2022-08-24,0.1481964281147021,0.1023394727127267,0.0319280908873853,range_bound
SPY,2022-08-25,0.1053137612456684,0.0911830884183109,0.0254124892976518,range_bound
SPY,2022-08-26,0.053206099098316,0.0801523936975798,0.0186333343092029,range_bound
SPY,2022-08-29,0.1766257852927057,0.0199518420030271,0.0009389123891144,range_bound
SPY,2022-08-30,0.1894500247332942,0.0191816630628939,0.0008649122593181,range_bound
SPY,2022-08-31,0.2105028243061688,0.0157455343513752,0.0005723909976381,range_bound
SPY,2022-09-01,0.2236779832873359,0.0148626617589522,0.0005098608353143,range_bound
SPY,2022-09-02,0.2152498180990041,0.0142947910640753,0.0004710448923886,range_bound
SPY,2022-09-09,0.2408167873640543,0.0113645097827726,0.00029608121108,range_bound
SPY,2022-09-12,0.2752390932033894,0.0180599543803162,0.0007394131007012,range_bound
SPY,2022-09-13,0.2996609177123004,0.0198664606112448,0.0008852922976478,crisis
SPY,2022-09-14,0.1975076056627764,0.0793579822920344,0.0128466928292612,crisis
SPY,2022-09-15,0.1987958453166185,0.0792951254661993,0.0128297342569509,trending_down
SPY,2022-09-16,0.194460652371877,0.0822801475106857,0.0137252942459643,trending_down
SPY,2022-09-19,0.2034099500263708,0.0817198729781917,0.0135559638562187,trending_down
SPY,2022-09-20,0.1849586931688256,0.0803897706721982,0.0129363019181408,trending_down
SPY,2022-09-21,0.2048325743545946,0.0774977133025793,0.0120162367764987,crisis
SPY,2022-09-23,0.2306947258029168,0.0713322507067647,0.0101579726583181,trending_down
SPY,2022-09-26,0.1957843341837983,0.0789905576406115,0.0123255324119442,trending_down
SPY,2022-09-27,0.1811260883914245,0.0807273438950745,0.0127774531430086,range_bound
SPY,2022-09-28,0.1724298459187352,0.0798114856499613,0.0122949594440294,range_bound
SPY,2022-09-29,0.1964156062153743,0.085356545402107,0.0141509749531749,range_bound
SPY,2022-09-30,0.1726051900735619,0.0921584423683632,0.0164372329103368,range_bound
SPY,2022-10-03,0.1624072715672107,0.0969392843704218,0.0180203983808947,range_bound
SPY,2022-10-04,0.2005566117055321,0.1088600936844725,0.0228344408385741,range_bound
SPY,2022-10-05,0.2255564159378844,0.1171317578901144,0.0269423758903168,range_bound
SPY,2022-10-06,0.2306636786493254,0.1134779143257446,0.0247288306130196,range_bound
SPY,2022-10-07,0.2172722642566666,0.1152156648497458,0.0254581310985841,trending_down
SPY,2022-10-10,0.1935408319895102,0.1301816882115203,0.0319333945746463,trending_down
SPY,2022-10-11,0.1870136499924459,0.1308069466870315,0.0322458991706067,trending_down
SPY,2022-10-12,0.1779020801158122,0.1316319165513934,0.0325133149480028,trending_down
SPY,2022-10-13,0.1731983626133773,0.1317964451556523,0.0325475295416488,range_bound
SPY,2022-10-14,0.2072146737790223,0.1422016676004562,0.0377560310636393,trending_down
SPY,2022-10-17,0.2060333614223843,0.1486102272861796,0.0410302277391544,range_bound
SPY,2022-10-18,0.2212225804128063,0.1521225960753935,0.0435550333775818,range_bound
SPY,2022-10-19,0.2267854070665727,0.1528724639303075,0.0440063707070639,range_bound
SPY,2022-10-20,0.2258885459569202,0.1531399529813833,0.0442015174610497,trending_down
SPY,2022-10-21,0.2266640085448279,0.1543684706881821,0.0447548082866574,crisis
SPY,2022-10-24,0.23475929213154,0.1562938404175717,0.0464355310153323,crisis
SPY,2022-11-04,0.2411951705702397,0.1573837341757344,0.0469552160938681,crisis
SPY,2022-11-07,0.2103269631813096,0.1516946488048141,0.0435722102198199,crisis
SPY,2022-11-08,0.1833046537316593,0.148369792923061,0.0414843153216051,range_bound
SPY,2022-11-09,0.1590642606739325,0.146103382548183,0.040009499179844,range_bound
SPY,2022-11-10,0.2123918096448469,0.1311338156350527,0.0316110220823202,crisis
SPY,2022-11-11,0.0399791770067401,0.0435493530441446,0.003267572585507,crisis
SPY,2022-11-22,0.0446128895066921,0.0437785800558367,0.0033102330465328,crisis
SPY,2022-11-29,0.0397413912199671,0.0421767056402895,0.0030774554912378,crisis
SPY,2022-11-30,0.0236311622017124,0.0449937599087962,0.003497798623907,crisis
SPY,2022-12-01,-0.0406543802787809,0.0258132518796107,0.0011492732508396,crisis
SPY,2022-12-02,-0.0321761422371699,0.0262856558147181,0.0011918257309976,crisis
SPY,2022-12-05,-0.0337270812401826,0.0263999306730063,0.0012021367424022,crisis
SPY,2022-12-06,-0.125597449343172,0.0497341040861416,0.004110892548185,crisis
SPY,2022-12-07,-0.0888422530533401,0.0410781233962187,0.0027578721165544,crisis
SPY,2022-12-08,-0.0851265230831312,0.0408814769087319,0.002730497612039,crisis
SPY,2022-12-09,-0.1228735432408669,0.0327759532252923,0.0017244273991887,crisis
SPY,2022-12-12,-0.0918901325983826,0.0251742792979729,0.0009774402106997,crisis
SPY,2022-12-13,-0.1308232961979358,0.016749316536443,0.0004263619358453,crisis
SPY,2022-12-14,-0.1505183406004014,0.0145243434941982,0.0003193292660043,crisis
SPY,2022-12-15,-0.1337166766799212,0.0120360632886916,0.0002131549166025,crisis
SPY,2022-12-16,-0.0646495102017367,-0.0146005583608778,0.000289921587725,crisis
SPY,2022-12-19,-0.0369234960447119,-0.0195384542343683,0.0005163952735941,crisis
SPY,2022-12-20,-0.0169281410827952,-0.0222641100331282,0.0006496711851843,crisis
SPY,2022-12-21,-0.0203005010781209,-0.0223291722138059,0.0006533707409916,crisis
SPY,2022-12-22,-0.0573887809528849,-0.0308957802119413,0.0012218908570715,crisis
SPY,2022-12-23,-0.0094749325895749,-0.0413046657400894,0.002145780431597,crisis
SPY,2023-01-03,-0.0303943886387502,-0.0436717092864821,0.0023637929771892,crisis
SPY,2023-01-04,-0.0368982233746967,-0.0482348106862604,0.0027401769055623,crisis
SPY,2023-01-05,-0.0077082258706634,-0.0450074067207883,0.0023690915035187,crisis
SPY,2023-01-06,-0.0490706200637384,-0.0372692135602467,0.001606553172978,crisis
SPY,2023-01-09,0.0340975424057647,-0.0073207578973632,5.8167436962186514e-05,crisis
SPY,2023-01-10,0.0335507464082289,-0.0075477899155927,6.170859343435087e-05,crisis
SPY,2023-01-11,0.0585849159084885,-0.0051324261705545,2.836172001929871e-05,crisis
SPY,2023-01-12,0.0996027109709587,0.0015552711216843,2.54623274820176e-06,crisis
SPY,2023-01-13,0.1049437709245431,-0.0005010637964669,2.593518197979705e-07,crisis
SPY,2023-01-17,0.1238541279975342,-0.0001323776500852,1.806819460714593e-08,crisis
SPY,2023-01-18,0.1206477424849405,-0.0005464233357701,3.071183471980987e-07,crisis
SPY,2023-01-19,0.0470130825840215,0.012056887168585,0.0001449095937245,crisis
SPY,2023-01-20,0.0270495454476042,0.0131795246537908,0.0001710337634541,crisis
SPY,2023-02-02,0.0994177352154159,0.0333395510766627,0.0010654729224063,crisis
SPY,2023-02-03,0.0355791241878196,0.0200806999608284,0.0003792450434242,crisis
SPY,2023-02-06,0.0830415479799471,0.0123617152519486,0.0001423533445988,crisis
SPY,2023-02-07,0.1492729914744472,-0.005000027717886,2.311169942770253e-05,crisis
SPY,2023-02-08,0.1443815735819225,-0.0294844613707915,0.0007816118779159,crisis
SPY,2023-02-09,0.1463430384113218,-0.0183139690409079,0.0002877018349841,crisis
SPY,2023-02-10,0.1809569457541537,-0.0227284533297773,0.0004422002544146,trending_up
SPY,2023-02-13,0.1651524609856585,-0.024111073618888,0.0004944080075239,trending_up
SPY,2023-02-14,0.1420518492435842,-0.0423319187118944,0.0014525593865728,trending_up
SPY,2023-02-15,0.1427234388071074,-0.0423270571049973,0.0014523173514596,trending_up
SPY,2023-02-16,0.1144687447732708,-0.0488988468232684,0.0018979356019435,trending_up
SPY,2023-02-17,0.1733158284299103,-0.0615289650972589,0.0029777052742222,trending_up
SPY,2023-02-21,0.1764895716022512,-0.0624394583943173,0.00305802892498,trending_up
SPY,2023-02-22,0.2403724782457581,-0.0973008210596956,0.0070416998373181,trending_up
SPY,2023-02-23,0.2475869458650916,-0.0976848426928257,0.0070939457026163,trending_up
SPY,2023-02-24,0.2427267415311365,-0.1048061034731615,0.0080242563224732,trending_up
SPY,2023-02-27,0.2900009759561284,-0.1120661472448826,0.0091347970637466,trending_up
SPY,2023-02-28,0.2818253866342153,-0.1139427638169785,0.0094079026596184,trending_up
SPY,2023-03-01,0.2888986942945775,-0.1155266794194895,0.0096342328060253,trending_up
SPY,2023-03-06,0.3026724702044903,-0.1163619747605081,0.0097717195599266,trending_up
SPY,2023-03-07,0.299788876698301,-0.116483323821667,0.0097891236383923,range_bound
SPY,2023-03-08,0.198702521519527,-0.1046025309540429,0.0077520826294367,trending_up
SPY,2023-03-09,0.2082188808095308,-0.1045848826530549,0.0077499582785082,range_bound
SPY,2023-03-10,0.1604545893691675,-0.0868022772160422,0.0052583583053897,range_bound
SPY,2023-03-13,0.2303975517808645,-0.100678607577876,0.0070463335232583,range_bound
SPY,2023-03-14,0.2420561765798845,-0.1020919103236963,0.0072469471816286,range_bound
SPY,2023-03-15,0.3642309038172551,-0.0712259658360452,0.0035279131666046,range_bound
SPY,2023-03-16,0.374865740869585,-0.0732714815804744,0.0037383399460232,range_bound
SPY,2023-03-17,0.328712370312173,-0.0988682801456846,0.0068731650672607,range_bound
SPY,2023-03-20,0.2692332293115311,-0.094119320142503,0.0062283189201267,range_bound
SPY,2023-03-21,0.2598403578596819,-0.0957561388221303,0.0064574206578962,range_bound
SPY,2023-03-22,0.3314404314073036,-0.0948351281703996,0.0063670382105691,trending_down
SPY,2023-03-23,0.2869074314197921,-0.0840926483046385,0.0050299837483908,trending_down
SPY,2023-03-24,0.3384128476399017,-0.0923886643393449,0.0060926953517289,trending_down
SPY,2023-03-27,0.2570741418889817,-0.1258526414618369,0.0113481385699533,trending_down
SPY,2023-03-28,0.2277291412292186,-0.1318036846034417,0.012410466499202,trending_down
SPY,2023-03-29,0.183139227855684,-0.1401798731095467,0.0139826381551618,range_bound
SPY,2023-03-30,0.2215710719387813,-0.1313656984114489,0.0123220887282409,range_bound
SPY,2023-03-31,0.2323007562473837,-0.1303192290177398,0.0121384041328572,range_bound
SPY,2023-04-03,0.2656849651226765,-0.120917984219802,0.0104674033843198,range_bound
SPY,2023-04-04,0.3568098409035658,-0.0958466138834207,0.0066572738729963,range_bound
SPY,2023-04-05,0.336412951104089,-0.0939008947609976,0.0063839422121617,range_bound
SPY,2023-04-06,0.3887263628400164,-0.0773717923158183,0.0043606742494823,range_bound
SPY,2023-04-13,0.4219619415538078,-0.0753640632559008,0.0041417500000572,range_bound
SPY,2023-04-14,0.3644023403807854,-0.0878923023291573,0.0055732100404372,range_bound
SPY,2023-04-17,0.3168728141730585,-0.0845715602261223,0.0051567749413592,range_bound
SPY,2023-04-18,0.3489474802269912,-0.0829818574909581,0.0049691023460654,range_bound
SPY,2023-04-19,0.254326646627347,-0.0522999114354775,0.002027044078909,range_bound
SPY,2023-04-20,0.2452248740447355,-0.0520740566855555,0.0020093207367207,range_bound
SPY,2023-04-21,0.2323361852110617,-0.0489480922627492,0.0017724485903811,range_bound
SPY,2023-04-24,0.2774092419630636,-0.0363420975706694,0.0009838957215086,range_bound
SPY,2023-04-25,0.1461111911902954,0.0379871943736012,0.0011212949144487,range_bound
SPY,2023-04-26,0.2008931238741298,0.0202763276190058,0.0003144158172138,range_bound
SPY,2023-04-27,0.196881896093549,0.0228629023540292,0.0003983032710455,range_bound
SPY,2023-04-28,0.108914991808078,-0.0032741323773798,7.999660048052526e-06,range_bound
SPY,2023-05-01,0.085445730039245,-0.0078098870405016,4.534468342243248e-05,range_bound
SPY,2023-05-02,0.0662947465326955,-0.0033587457926226,8.37152066801572e-06,range_bound
SPY,2023-05-03,-0.0061099871603684,-0.0017252373155439,2.1816010769004635e-06,range_bound
SPY,2023-05-04,-0.0070178333168389,-0.0082641767925123,4.99356244137994e-05,range_bound
SPY,2023-05-05,0.1165646016062154,-0.1023131214354699,0.0075036847365936,range_bound
SPY,2023-05-08,0.0544839231507721,-0.1254455882240412,0.0111103613254037,range_bound
SPY,2023-05-09,0.0671717375933822,-0.1289815599899319,0.0116810503282038,range_bound
SPY,2023-05-10,0.0758793097522168,-0.1296554595654893,0.0117688613402944,range_bound
SPY,2023-05-11,0.071955090914886,-0.1292990222390695,0.0116791277099373,range_bound
SPY,2023-05-12,0.0623608737653667,-0.1261297197421497,0.0110621532375807,range_bound
SPY,2023-05-15,0.0435948469516234,-0.1181811555398277,0.0096107696062066,range_bound
SPY,2023-05-16,0.0651476690003964,-0.1304317204220406,0.011585568503217,range_bound
SPY,2023-05-17,0.1018149248584108,-0.1374348170145216,0.0128093404436345,range_bound
SPY,2023-05-18,0.0701134181100282,-0.1472099574765998,0.0145954589335497,range_bound
SPY,2023-05-19,0.0158165360397275,-0.1650297885127501,0.0180445968213549,range_bound
SPY,2023-05-22,0.0409533059375983,-0.1810971650454532,0.0213220574492719,range_bound
SPY,2023-05-23,0.0681182414326395,-0.1903037019601867,0.0232787035594785,range_bound
SPY,2023-05-24,-0.0220596319128935,-0.2047288656647085,0.0262133660473521,range_bound
SPY,2023-05-25,-0.0847581655871068,-0.2295220303130498,0.0315600679354941,range_bound
SPY,2023-05-26,-0.1097750932604707,-0.2364378189339153,0.0332525525428288,range_bound
SPY,2023-06-13,-0.1280197734827366,-0.2540164121106187,0.0378314434530732,range_bound
SPY,2023-06-14,-0.0967374111336873,-0.2950070603918073,0.0490256533404966,range_bound
SPY,2023-06-15,-0.0899303646093533,-0.2975984796805381,0.0496812217342755,range_bound
SPY,2023-06-16,-0.1149597589220088,-0.3123884263253813,0.053948667316283,range_bound
SPY,2023-06-20,-0.0986771515293331,-0.3146871157548435,0.0546516052716419,range_bound
SPY,2023-06-21,-0.1143601775629399,-0.3501453145686075,0.0656730449805289,range_bound
SPY,2023-06-22,-0.0635544575634212,-0.3751237456138746,0.0729449010786958,range_bound
SPY,2023-06-23,-0.1003829172241276,-0.4017149620309576,0.0808413823068828,range_bound
SPY,2023-06-26,-0.0883842194690983,-0.4129756786807259,0.0845929025179911,range_bound
SPY,2023-06-27,-0.0669664259352396,-0.4172036652696711,0.0859255138139768,range_bound
SPY,2023-06-28,-0.0851492399932082,-0.4307555727297663,0.0904141283452583,trending_up
SPY,2023-06-29,-0.1142611968163982,-0.4569807832395332,0.0986427859940458,trending_up
SPY,2023-06-30,-0.1397735167348791,-0.4647894983565673,0.1011905713270615,trending_up
SPY,2023-07-05,-0.1632682786447781,-0.4743607436385711,0.1036481165113752,trending_up
SPY,2023-07-06,-0.1509452922559463,-0.4721431578076894,0.1024179696466512,trending_up
SPY,2023-07-07,-0.1230464868725074,-0.4779677127810114,0.1045675963695925,trending_up
SPY,2023-07-10,-0.1442160955381132,-0.4582838159037032,0.0950492194797075,trending_up
SPY,2023-07-11,-0.1077788635736355,-0.3338456711407981,0.0445042808555059,trending_up
SPY,2023-07-12,-0.1339791127305842,-0.3423132736188274,0.0463692677896718,trending_up
SPY,2023-07-13,-0.1526310203476384,-0.3481390525541039,0.0472120913709054,trending_up
SPY,2023-07-24,-0.1753355951699073,-0.356067750665193,0.0492098179088268,trending_up
SPY,2023-07-28,-0.1370543664270284,-0.3180290043769984,0.0367738124504338,trending_up
SPY,2023-07-31,-0.1708393693114734,-0.3341781077790088,0.0402684963970509,trending_up
SPY,2023-08-01,-0.1783035336695584,-0.3344093854950466,0.0403136223770418,trending_up
SPY,2023-08-02,-0.0967349919505408,-0.4009759768056323,0.0582278432059006,trending_up
SPY,2023-08-03,-0.0801408628302207,-0.4115035649912578,0.0603382501117284,trending_up
SPY,2023-08-04,-0.0761590548324829,-0.4123468966383734,0.0605785488377885,range_bound
SPY,2023-08-07,-0.0461807635545057,-0.4091597898460059,0.0596230179897729,range_bound
SPY,2023-08-08,-0.0858977786622823,-0.412376665087336,0.0603806570354045,range_bound
SPY,2023-08-09,-0.0463347950531031,-0.3946136773398602,0.0551455974567053,range_bound
SPY,2023-08-10,-0.0113919753782442,-0.3949773899455709,0.0551897194200844,range_bound
SPY,2023-08-11,-0.0271755008292826,-0.3905461786544447,0.0539096683026185,range_bound
SPY,2023-08-14,-0.085207534246297,-0.3204418213985187,0.0359873600817938,range_bound
SPY,2023-08-15,-0.1205646941907723,-0.3108407643949392,0.0335962552356825,range_bound
SPY,2023-08-16,-0.1019870176961343,-0.3249856384403697,0.0365361008172546,range_bound
SPY,2023-08-18,-0.0834413286152765,-0.3315974225854161,0.038105335805748,range_bound
SPY,2023-08-21,-0.0590134415175191,-0.31171586250859,0.033373642658631,range_bound
SPY,2023-08-22,-0.0766686300530583,-0.2730269962406993,0.0255900545603962,range_bound
SPY,2023-08-23,-0.0718599113947445,-0.2672909497740349,0.024542449158178,range_bound
SPY,2023-08-24,-0.018666927530345,-0.2503842569622399,0.0215551949096368,range_bound
SPY,2023-08-25,-0.0976627033569702,-0.2264112301688387,0.017749597163311,range_bound
SPY,2023-08-28,-0.0322663137550571,-0.2470226220018644,0.0211606189517232,range_bound
SPY,2023-08-29,-0.1013626609763702,-0.3600079147546933,0.0459708313913742,range_bound
SPY,2023-08-30,-0.0587821486958997,-0.3262968428766084,0.0380389754999282,range_bound
SPY,2023-08-31,-0.076298872468672,-0.3343960835391762,0.0400569443603823,range_bound
SPY,2023-09-01,-0.1258779472234741,-0.3678213085963693,0.0486595132489637,trending_up
SPY,2023-09-05,-0.1346871666400495,-0.3701003780968674,0.0493005280158594,trending_up
SPY,2023-09-06,-0.1602834340848422,-0.370304728075584,0.0494795710723732,range_bound
SPY,2023-09-07,-0.1722809248936495,-0.3632742295213021,0.0477416281857134,range_bound
SPY,2023-09-08,-0.1178188053136904,-0.4216505651094249,0.0646518951265445,range_bound
SPY,2023-09-11,-0.0826701746202577,-0.4348749541255958,0.0687732898287821,range_bound
SPY,2023-09-12,-0.1648384190753972,-0.5267921640751811,0.1025598498706928,range_bound
SPY,2023-09-13,-0.1240624025224887,-0.49909866374972,0.0928044865492583,range_bound
SPY,2023-09-14,-0.1493936159413108,-0.4820054015654729,0.0867311873426871,range_bound
SPY,2023-09-15,-0.174144600146116,-0.4836326697656766,0.0874861024978844,range_bound
SPY,2023-09-18,-0.2026536415373662,-0.4223202327986772,0.0660529193491372,range_bound
SPY,2023-09-19,-0.2218659932752558,-0.4067589938031278,0.0611087509690058,range_bound
SPY,2023-09-20,-0.2340883986643427,-0.3962351399179247,0.0579539697084748,range_bound
SPY,2023-09-21,-0.206389254541213,-0.4130698912504492,0.062630045100695,range_bound
SPY,2023-09-22,-0.1380046053119645,-0.4446898692145478,0.0715263111860439,range_bound
SPY,2023-09-25,-0.149672978325791,-0.4430681841950112,0.0709819449456434,range_bound
SPY,2023-09-26,-0.1292994843014265,-0.4379710013414103,0.0693967030096053,range_bound
SPY,2023-09-27,-0.2011811532865208,-0.3658972259294012,0.0491868204061282,range_bound
SPY,2023-09-28,-0.2053963057268643,-0.3647779531726541,0.0488920035524701,range_bound
SPY,2023-09-29,-0.2384946945197884,-0.2887747518888544,0.0309853858016539,range_bound
SPY,2023-10-02,-0.2457847391595899,-0.2875290845021655,0.0307435959337907,range_bound
SPY,2023-10-03,-0.2358051377020814,-0.2837747229359171,0.0299355583513413,range_bound
SPY,2023-10-04,-0.2881077679270303,-0.2325952222706702,0.0204619042868757,range_bound
SPY,2023-10-05,-0.2688241869307797,-0.2233583014216548,0.0189275086018476,range_bound
SPY,2023-10-06,-0.2777792681128423,-0.2202881503428716,0.0184240551307094,range_bound
SPY,2023-10-09,-0.2667106889925018,-0.1964272134372698,0.0147830162030436,range_bound
SPY,2023-10-10,-0.2598898207247755,-0.191613731052727,0.0141069565278254,range_bound
SPY,2023-10-11,-0.2027891951281342,-0.2438412693117982,0.0229167757291983,range_bound
SPY,2023-10-12,-0.2019678316101871,-0.2425187691621987,0.0226987240088013,range_bound
SPY,2023-10-13,-0.1430148228578385,-0.3216190139720755,0.0401051728842964,range_bound
SPY,2023-10-16,-0.1888123818477122,-0.28307977709735,0.0310021089511514,range_bound
SPY,2023-10-17,-0.1634123117271488,-0.2654347501568394,0.0273616527321727,range_bound
SPY,2023-10-18,-0.202125371659217,-0.3227151061081432,0.0403375930507411,range_bound
SPY,2023-10-19,-0.2241200729460787,-0.2921292234295436,0.0332730774184413,range_bound
SPY,2023-10-20,-0.281403882674284,-0.3445302476062918,0.046378410648283,range_bound
SPY,2023-10-23,-0.2802215166463661,-0.3446747489205691,0.0465598238567117,range_bound
SPY,2023-10-24,-0.2979935564281135,-0.3625256452570308,0.0513007636559762,range_bound
SPY,2023-10-25,-0.3230475945984337,-0.3942022123889682,0.0603426888400008,trending_down
SPY,2023-10-26,-0.2827633359747762,-0.4555093548168054,0.0795326776567615,trending_down
SPY,2023-10-27,-0.2859610613736887,-0.460078770667188,0.082524992289781,trending_down
SPY,2023-10-30,-0.3043847488503755,-0.4652315547938689,0.0843423312214071,trending_down
SPY,2023-10-31,-0.2897559684290888,-0.4445050691826904,0.0780997915509138,trending_down
SPY,2023-11-01,-0.277649202231677,-0.4398802473200782,0.0767111901867555,range_bound
SPY,2023-11-02,-0.2932733107299347,-0.4662208624048718,0.0860204446930721,range_bound
SPY,2023-11-03,-0.2831479278697639,-0.4330393886373708,0.0772615586733894,range_bound
SPY,2023-11-06,-0.3059513099865651,-0.4663434200966908,0.0896572523620904,range_bound
SPY,2023-11-07,-0.3132059907853681,-0.4691751416913578,0.0908292998651384,range_bound
SPY,2023-11-08,-0.2967066700144312,-0.4748379260316868,0.0928423510210265,range_bound
SPY,2023-11-09,-0.2888277846818313,-0.4763245540322586,0.093334975342545,range_bound
SPY,2023-11-10,-0.3079685470548903,-0.4751202454486567,0.0937601460190425,range_bound
SPY,2023-11-13,-0.267792588164051,-0.4234310757683457,0.0770303145671086,range_bound
SPY,2023-11-14,-0.2572310143907846,-0.4259187955923861,0.0780108332943789,range_bound
SPY,2023-11-15,-0.2492885152141687,-0.3941748843172911,0.0697760377266523,range_bound
SPY,2023-11-16,-0.251065144285469,-0.394005583105859,0.069755035094164,range_bound
SPY,2023-11-17,-0.2508522984865065,-0.3939101584747281,0.0697229810453579,range_bound
SPY,2023-11-20,-0.2325850132053576,-0.4019109561639518,0.0725643045299396,range_bound
SPY,2023-11-21,-0.2291153971726707,-0.4023325514723893,0.0731462920090262,range_bound
SPY,2023-11-22,-0.2259297852498698,-0.402750832824752,0.0733453820521907,range_bound
SPY,2023-11-24,-0.2664925441434412,-0.3546012708203559,0.057877028484279,range_bound
SPY,2023-11-27,-0.2765072792978016,-0.3504148044192736,0.0565720691128326,range_bound
SPY,2023-11-28,-0.2409536468261568,-0.2889125835215113,0.0389196507852037,range_bound
SPY,2023-11-29,-0.2252627951275261,-0.2774571505488842,0.0359846368847187,range_bound
SPY,2023-11-30,-0.2264291985895593,-0.2772434313982211,0.0359331220728853,range_bound
SPY,2023-12-01,-0.189948451705569,-0.3161280282131901,0.0470601113492872,range_bound
SPY,2023-12-04,-0.2124888856648937,-0.3131744933916173,0.0460706455853394,range_bound
SPY,2023-12-05,-0.2135563423198584,-0.3103589042813762,0.0451592853661423,range_bound
SPY,2023-12-06,-0.1801602647542189,-0.2514363734109222,0.0299728237475118,range_bound
SPY,2023-12-07,-0.167087752634723,-0.256571168239027,0.0311378668580323,range_bound
SPY,2023-12-08,-0.1976619435876183,-0.2651092880612461,0.0329783705588904,range_bound
SPY,2023-12-11,-0.2011000149231584,-0.2659529905518614,0.033110287196821,range_bound
SPY,2023-12-12,-0.2154490005314256,-0.2678421123083423,0.0335079112512123,range_bound
SPY,2023-12-13,-0.2306547944672881,-0.2712439496577607,0.0342591478393282,range_bound
SPY,2023-12-26,-0.2571932594717512,-0.3137041456018672,0.0446048997773604,range_bound
SPY,2023-12-27,-0.2777391302584796,-0.3067686838651634,0.0426101254276448,range_bound
SPY,2023-12-28,-0.2610392701357054,-0.2840332179224066,0.0366347143096459,range_bound
SPY,2023-12-29,-0.2449593728174396,-0.269740796579719,0.0330971844313553,trending_up
^GSPC,2021-07-02,,,,range_bound
^GSPC,2021-07-06,,,,range_bound
^GSPC,2021-07-07,,,,range_bound
^GSPC,2021-07-08,,,,range_bound
^GSPC,2021-07-09,,,,range_bound
^GSPC,2021-07-12,,,,range_bound
^GSPC,2021-07-13,,,,range_bound
^GSPC,2021-07-14,,,,range_bound
^GSPC,2021-07-15,,,,range_bound
^GSPC,2021-07-16,,,,range_bound
^GSPC,2021-07-19,,,,range_bound
^GSPC,2021-07-20,,,,range_bound
^GSPC,2021-07-21,,,,range_bound
^GSPC,2021-07-22,,,,range_bound
^GSPC,2021-07-23,,,,range_bound
^GSPC,2021-08-02,,,,range_bound
^GSPC,2021-08-03,,,,range_bound
^GSPC,2021-08-04,,,,range_bound
^GSPC,2021-08-05,,,,range_bound
^GSPC,2021-08-06,,,,range_bound
^GSPC,2021-08-13,,,,range_bound
^GSPC,2021-08-16,,,,range_bound
^GSPC,2021-08-18,,,,range_bound
^GSPC,2021-08-19,,,,range_bound
^GSPC,2021-08-20,,,,range_bound
^GSPC,2021-08-23,,,,range_bound
^GSPC,2021-08-24,,,,range_bound
^GSPC,2021-08-25,,,,range_bound
^GSPC,2021-08-26,,,,range_bound
^GSPC,2021-08-27,,,,range_bound
^GSPC,2021-08-30,,,,range_bound
^GSPC,2021-09-08,,,,range_bound
^GSPC,2021-09-09,,,,range_bound
^GSPC,2021-09-10,,,,range_bound
^GSPC,2021-09-13,,,,range_bound
^GSPC,2021-09-14,,,,range_bound
^GSPC,2021-09-15,,,,range_bound
^GSPC,2021-09-16,,,,range_bound
^GSPC,2021-09-17,,,,range_bound
^GSPC,2021-09-20,,,,range_bound
^GSPC,2021-09-21,,,,range_bound
^GSPC,2021-09-22,,,,range_bound
^GSPC,2021-09-23,,,,range_bound
^GSPC,2021-09-24,,,,range_bound
^GSPC,2021-09-27,,,,range_bound
^GSPC,2021-09-28,,,,range_bound
^GSPC,2021-10-01,,,,range_bound
^GSPC,2021-10-04,,,,range_bound
^GSPC,2021-10-05,,,,range_bound
^GSPC,2021-10-06,,,,range_bound
^GSPC,2021-10-07,,,,range_bound
^GSPC,2021-10-08,,,,range_bound
^GSPC,2021-10-11,,,,range_bound
^GSPC,2021-10-12,,,,range_bound
^GSPC,2021-10-13,,,,range_bound
^GSPC,2021-10-14,,,,range_bound
^GSPC,2021-10-15,,,,range_bound
^GSPC,2021-10-18,,,,range_bound
^GSPC,2021-10-19,,,,range_bound
^GSPC,2021-10-20,,,,range_bound
^GSPC,2021-10-21,,,,range_bound
^GSPC,2021-10-28,,,,range_bound
^GSPC,2021-10-29,,,,trending_up
^GSPC,2021-11-01,,,,trending_up
^GSPC,2021-11-02,,,,trending_up
^GSPC,2021-11-03,,,,trending_up
^GSPC,2021-11-04,,,,trending_up
^GSPC,2021-11-05,,,,trending_up
^GSPC,2021-11-08,,,,trending_up
^GSPC,2021-11-09,,,,trending_up
^GSPC,2021-11-10,,,,trending_up
^GSPC,2021-11-11,,,,trending_up
^GSPC,2021-11-12,,,,trending_up
^GSPC,2021-11-15,,,,trending_up
^GSPC,2021-11-16,,,,trending_up
^GSPC,2021-11-17,,,,trending_up
^GSPC,2021-11-18,,,,trending_up
^GSPC,2021-11-19,,,,trending_up
^GSPC,2021-11-22,,,,trending_up
^GSPC,2021-11-23,,,,trending_up
^GSPC,2021-11-24,,,,trending_up
^GSPC,2021-11-26,,,,range_bound
^GSPC,2021-11-29,,,,range_bound
^GSPC,2021-11-30,,,,range_bound
^GSPC,2021-12-09,,,,range_bound
^GSPC,2021-12-10,,,,range_bound
^GSPC,2021-12-13,,,,range_bound
^GSPC,2021-12-14,,,,range_bound
^GSPC,2021-12-15,,,,range_bound
^GSPC,2021-12-16,,,,range_bound
^GSPC,2021-12-17,,,,range_bound
^GSPC,2021-12-20,,,,range_bound
^GSPC,2021-12-21,,,,range_bound
^GSPC,2021-12-22,,,,range_bound
^GSPC,2021-12-23,,,,range_bound
^GSPC,2021-12-27,,,,range_bound
^GSPC,2022-01-06,,,,range_bound
^GSPC,2022-01-07,,,,range_bound
^GSPC,2022-01-10,,,,range_bound
^GSPC,2022-01-11,,,,range_bound
^GSPC,2022-01-12,,,,range_bound
^GSPC,2022-01-13,,,,range_bound
^GSPC,2022-01-14,,,,range_bound
^GSPC,2022-01-18,,,,range_bound
^GSPC,2022-01-19,,,,range_bound
^GSPC,2022-01-21,,,,range_bound
^GSPC,2022-01-24,,,,range_bound
^GSPC,2022-01-25,,,,range_bound
^GSPC,2022-01-26,,,,range_bound
^GSPC,2022-01-27,,,,range_bound
^GSPC,2022-01-28,,,,range_bound
^GSPC,2022-01-31,,,,range_bound
^GSPC,2022-02-01,,,,range_bound
^GSPC,2022-02-02,,,,range_bound
^GSPC,2022-02-03,,,,range_bound
^GSPC,2022-02-04,,,,range_bound
^GSPC,2022-02-07,,,,range_bound
^GSPC,2022-02-08,,,,range_bound
^GSPC,2022-02-09,,,,range_bound
^GSPC,2022-02-10,,,,range_bound
^GSPC,2022-02-11,,,,range_bound
^GSPC,2022-02-14,,,,range_bound
^GSPC,2022-02-15,,,,range_bound
^GSPC,2022-02-16,,,,range_bound
^GSPC,2022-02-17,,,,range_bound
^GSPC,2022-02-18,,,,range_bound
^GSPC,2022-02-22,0.1975227618375152,-0.3484630743940765,0.1068434945495228,trending_down
^GSPC,2022-02-23,0.2228838404604374,-0.3365754140548239,0.1023193986067554,trending_down
^GSPC,2022-02-24,0.2093249313164205,-0.330417281552205,0.1013398252292141,trending_down
^GSPC,2022-02-25,0.238286917287402,-0.3211542881442619,0.0978297898503161,trending_down
^GSPC,2022-02-28,0.2308414050596938,-0.2949178580299882,0.0868493588806496,trending_down
^GSPC,2022-03-01,0.2645953066661635,-0.2811938313265254,0.0805853544890118,trending_down
^GSPC,2022-03-02,0.2665122937466906,-0.2714164096856702,0.0768418215551678,trending_down
^GSPC,2022-03-03,0.262406298869448,-0.2642729889903,0.0749720075199371,trending_down
^GSPC,2022-03-04,0.2642994846062831,-0.2629144240094613,0.0744261236990496,trending_down
^GSPC,2022-03-07,0.2407479697285359,-0.2586370633645919,0.0725230200960773,trending_down
^GSPC,2022-03-08,0.174683670171551,-0.2181260105165578,0.0556575477785605,trending_down
^GSPC,2022-03-09,0.1068668874920446,-0.1863311256114778,0.0437016175443244,trending_down
^GSPC,2022-03-10,0.1576424143378056,-0.1593412926584225,0.0344666002014366,trending_down
^GSPC,2022-03-11,0.171817747251072,-0.1544941823271468,0.0325482940505471,trending_down
^GSPC,2022-03-14,0.1706370673927102,-0.1515088903279065,0.0316741604860616,trending_down
^GSPC,2022-03-15,0.1858654159353068,-0.1442697643409941,0.0288750751475711,trending_down
^GSPC,2022-03-16,0.1901221053281565,-0.1404934840392962,0.0283262886831555,trending_down
^GSPC,2022-03-17,0.2156160344376858,-0.1328003146451076,0.0262782061276669,trending_down
^GSPC,2022-03-18,0.2107553866055729,-0.131348460632032,0.0259498136653453,range_bound
^GSPC,2022-03-21,0.2257833633721793,-0.1287121466742111,0.0251495554136002,range_bound
^GSPC,2022-03-22,0.2288202701182304,-0.1284583348704029,0.0250611241727999,range_bound
^GSPC,2022-03-23,0.2286179192620103,-0.1277649076648536,0.0250015461283911,range_bound
^GSPC,2022-03-24,0.206940534154469,-0.1251424654102179,0.0242938901490092,range_bound
^GSPC,2022-03-25,0.1654361729271851,-0.1085288350578835,0.019226523844718,range_bound
^GSPC,2022-03-28,0.1732904076030244,-0.1082544173066991,0.0191741259903591,range_bound
^GSPC,2022-03-29,0.2123249979154342,-0.1002854184069876,0.0169342423868972,range_bound
^GSPC,2022-04-06,0.2647367060425889,-0.0875725205598275,0.0133801061399473,range_bound
^GSPC,2022-04-27,0.2852219305089059,-0.0900309031237699,0.014223251483698,range_bound
^GSPC,2022-04-28,0.2982644180825213,-0.0894996710703594,0.0141075436316074,range_bound
^GSPC,2022-04-29,0.3696581098900782,-0.0791631804794901,0.011658316121705,range_bound
^GSPC,2022-05-02,0.2963339040240149,-0.0646268379145743,0.0085965245809827,range_bound
^GSPC,2022-05-03,0.2770923777667584,-0.0664426971040314,0.0091383158706016,range_bound
^GSPC,2022-05-04,0.2754086288746904,-0.0666370857409338,0.0091989497245597,range_bound
^GSPC,2022-05-05,0.2575998773025632,-0.061975879387206,0.0084252096924476,range_bound
^GSPC,2022-05-12,0.2123608993281733,-0.0497784667444669,0.0059587786552119,range_bound
^GSPC,2022-05-13,0.2231725655553704,-0.049094103831059,0.0058169272651551,range_bound
^GSPC,2022-05-16,0.1974638035100229,-0.0452531468210162,0.0051506901791301,range_bound
^GSPC,2022-05-17,0.2376464420781676,-0.0380042834110508,0.0037841090786707,crisis
^GSPC,2022-05-18,0.2338994620392558,-0.0374689256772157,0.0037516060292692,crisis
^GSPC,2022-05-19,0.1783347314883434,-0.0199636221667622,0.0011923789596041,crisis
^GSPC,2022-05-24,0.097260685410617,0.0066055661725535,0.0001529379998665,crisis
^GSPC,2022-05-25,0.1034008993848205,0.0068170320282055,0.0001637527636448,crisis
^GSPC,2022-05-26,0.0765647302788932,0.0015320254542591,8.48784276119563e-06,crisis
^GSPC,2022-05-27,0.0552905032680752,-0.0028885701994004,3.1309057895723136e-05,crisis
^GSPC,2022-05-31,0.0612050615522361,0.0010936006036605,4.592517033774612e-06,crisis
^GSPC,2022-06-01,0.0653312819166491,0.0010025261697872,3.870840111552809e-06,crisis
^GSPC,2022-06-02,0.1060446470461105,-0.0163305604488983,0.0010799689351576,crisis
^GSPC,2022-06-03,0.1043401178324066,-0.015282614165142,0.0009558791633214,crisis
^GSPC,2022-06-06,0.108155164484291,-0.0156253706048673,0.0010072088890386,crisis
^GSPC,2022-06-07,0.1032775996514581,-0.016681395300341,0.0011447303383866,crisis
^GSPC,2022-06-08,0.1065223036011537,-0.0159410223911258,0.001047725314823,crisis
^GSPC,2022-06-09,0.0922274816212811,-0.014428438650891,0.0008588314379706,crisis
^GSPC,2022-06-10,0.049022334703394,0.0067638441611619,0.0001803472898939,crisis
^GSPC,2022-06-13,0.019822260586084,0.0258725644038493,0.0026106130732231,crisis
^GSPC,2022-06-14,0.0540278776638289,0.0027806481081536,3.092210881805446e-05,crisis
^GSPC,2022-06-15,0.0485575816069772,0.0028190343008102,3.176946872229802e-05,crisis
^GSPC,2022-06-16,0.0352306336335399,-0.0015707914195784,9.947226269124698e-06,crisis
^GSPC,2022-06-17,0.0167481105798628,0.0064665767353497,0.0001740851304822,crisis
^GSPC,2022-06-21,0.0152860294195795,0.00637235879211,0.0001690387994445,crisis
^GSPC,2022-06-22,0.0235661253214842,0.0112992802583974,0.0005404348529549,crisis
^GSPC,2022-06-23,0.0188322873587567,0.0110600443579987,0.0005177316467479,crisis
^GSPC,2022-06-24,0.0188743760699181,0.0114586445230845,0.000557606221138,crisis
^GSPC,2022-06-27,0.0621396358900521,0.0232104255802105,0.0024280213112968,crisis
^GSPC,2022-06-28,0.0667585475973209,0.0235558601108118,0.002504855687491,crisis
^GSPC,2022-06-29,0.0653939088589365,0.0263984350324558,0.0031861750437962,crisis
^GSPC,2022-06-30,0.0784862191041642,0.0274158437031599,0.0034573676433026,crisis
^GSPC,2022-07-01,0.0999234104852502,0.0304881141832313,0.0043637087870515,crisis
^GSPC,2022-07-05,0.1201732473253245,0.0323454344854282,0.0049729013223376,crisis
^GSPC,2022-07-06,0.1401199659497753,0.0335236710964548,0.0054058388544576,crisis
^GSPC,2022-07-07,0.1494169335410269,0.0338238015951511,0.0055095645788179,crisis
^GSPC,2022-07-08,0.1553082897314708,0.0392385539176284,0.0074155617517417,crisis
^GSPC,2022-07-11,0.113725654412373,0.0438139912451197,0.0096560602526438,crisis
^GSPC,2022-07-12,0.0903434162035827,0.048713687726879,0.0116449690551646,crisis
^GSPC,2022-07-13,0.102936207984152,0.0554685175048775,0.0153813547354741,crisis
^GSPC,2022-07-15,0.0914421696556915,0.0564578498771784,0.0158448821343565,crisis
^GSPC,2022-07-18,0.0502306914748191,0.0403655823393988,0.0074794427403027,crisis
^GSPC,2022-07-19,0.0140996899168088,0.0442169847625949,0.0087712437243924,crisis
^GSPC,2022-07-20,0.1147324745689093,0.0797892747504931,0.0237772776379279,crisis
^GSPC,2022-07-21,0.1252571104312687,0.0814136008347666,0.0246329566939477,crisis
^GSPC,2022-07-22,0.1388824525576795,0.0859816582736771,0.0271344143631064,crisis
^GSPC,2022-07-25,0.1189413644439318,0.0901127505869903,0.0292629067344333,crisis
^GSPC,2022-07-26,0.1336234758123402,0.0906583194455734,0.0297023552747937,crisis
^GSPC,2022-07-27,-0.0063922770699932,0.1348618188164795,0.0874671490437978,crisis
^GSPC,2022-07-28,0.0834824097102497,0.1653286637675576,0.1156983511162002,crisis
^GSPC,2022-07-29,0.0730173284253739,0.1773497766723712,0.1318840568999096,crisis
^GSPC,2022-08-05,0.0934500742318418,0.1823221149293747,0.1369514621025639,crisis
^GSPC,2022-08-08,0.0999523527386865,0.1829306152853851,0.1375287346220396,crisis
^GSPC,2022-08-09,0.1004253949918481,0.1831519238290851,0.1374802373390558,crisis
^GSPC,2022-08-10,0.1109174441279556,0.1825257348554716,0.1360068340665602,crisis
^GSPC,2022-08-11,0.0428108360480494,0.1600504270575793,0.0923863785038409,crisis
^GSPC,2022-08-12,0.0416848846520505,0.1603744754529855,0.0924937598525302,crisis
^GSPC,2022-08-15,-0.0143815153015417,0.1464582366394695,0.0722849236484693,crisis
^GSPC,2022-08-16,-0.030988734756421,0.1465432207415228,0.071798986015364,crisis
^GSPC,2022-08-17,-0.0293840192174005,0.1487348428973642,0.073223554316428,crisis
^GSPC,2022-08-18,0.0011224333154105,0.1461820863221382,0.0696507095582024,crisis
^GSPC,2022-08-22,-0.0052807714801531,0.1461470389476017,0.0693969755139172,crisis
^GSPC,2022-08-23,0.0892814891806144,0.1150195674735932,0.036617123387869,crisis
^GSPC,2022-08-24,0.0963646825028434,0.1147383800433279,0.0364237151759111,crisis
^GSPC,2022-08-25,0.0805521560624313,0.1145300231012559,0.0362043161586608,range_bound
^GSPC,2022-08-26,0.0294494144698469,0.1038203568235151,0.0286137752184332,crisis
^GSPC,2022-08-29,0.171644404871899,0.0443783215895926,0.0043540471579684,crisis
^GSPC,2022-08-30,0.191528577056937,0.0435684963528336,0.0041982784929102,range_bound
^GSPC,2022-08-31,0.1805982763198161,0.046378802260537,0.0047783984111585,range_bound
^GSPC,2022-09-01,0.1961008089234823,0.0451975677141513,0.004540862599903,range_bound
^GSPC,2022-09-02,0.1422291787286014,0.0554871833107712,0.0069251520132977,range_bound
^GSPC,2022-09-09,0.1519292475649258,0.0540021314107583,0.0065287706093107,range_bound
^GSPC,2022-09-12,0.2103465419030401,0.0514049516835908,0.0059000140007479,range_bound
^GSPC,2022-09-13,0.2280821997491853,0.0538566268609822,0.0064645867528349,crisis
^GSPC,2022-09-14,0.1393643916353373,0.1090630013778725,0.0244426526131442,crisis
^GSPC,2022-09-15,0.1418939787702817,0.1089465343192026,0.0243967337997895,trending_down
^GSPC,2022-09-16,0.1413468068554484,0.1097713583310964,0.0248352423456567,trending_down
^GSPC,2022-09-19,0.1193588366290403,0.0995236645496669,0.0203692884577862,trending_down
^GSPC,2022-09-20,0.1043841603531172,0.0977834814188256,0.0194735679431921,trending_down
^GSPC,2022-09-21,0.1257583794850376,0.0950447705282616,0.0183820874840305,crisis
^GSPC,2022-09-23,0.1571454996908314,0.0886118189607688,0.015946081711309,trending_down
^GSPC,2022-09-26,0.129901426025083,0.0950654520548241,0.0180197988753261,trending_down
^GSPC,2022-09-27,0.1189455715519429,0.097036392218789,0.0187555046608062,range_bound
^GSPC,2022-09-28,0.1161644781615212,0.0971104645095412,0.018778895831881,range_bound
^GSPC,2022-09-29,0.1397927400056464,0.1027831437600766,0.0211052732894915,range_bound
^GSPC,2022-09-30,0.12034030638124,0.1100839531382469,0.0241060786296288,range_bound
^GSPC,2022-10-03,0.1040071134080979,0.1135996352419757,0.0254901352946246,range_bound
^GSPC,2022-10-04,0.1325392672635839,0.1255958889030127,0.0309651695624147,range_bound
^GSPC,2022-10-05,0.1534455359290107,0.1335333225963516,0.03567402644405,range_bound
^GSPC,2022-10-06,0.1564008177807805,0.1350323681501281,0.03619886811557,range_bound
^GSPC,2022-10-07,0.1461883240228163,0.136677404434422,0.0370988570251762,trending_down
^GSPC,2022-10-10,0.1114570884612953,0.1492558820347951,0.0438471041522344,trending_down
^GSPC,2022-10-11,0.1048622867216804,0.149890097596881,0.044206296571133,trending_down
^GSPC,2022-10-12,0.0928493503507423,0.1512158553243057,0.0448625172435431,trending_down
^GSPC,2022-10-13,0.0777569842659773,0.1541415231925703,0.0462154015515288,range_bound
^GSPC,2022-10-14,0.1008497147771285,0.1618965906224925,0.0511421481942729,trending_down
^GSPC,2022-10-17,0.0907302368262814,0.1651835635281697,0.0530775238301468,range_bound
^GSPC,2022-10-18,0.0992258606225673,0.1677994520233237,0.055642813018886,range_bound
^GSPC,2022-10-19,0.0963884628131257,0.168234032127604,0.0557820491404233,range_bound
^GSPC,2022-10-20,0.1028057411789848,0.1702413334176982,0.0566371504541086,trending_down
^GSPC,2022-10-21,0.0992740148842903,0.1705999061727107,0.0569252402578047,crisis
^GSPC,2022-10-24,0.1064337747914145,0.17250979738364,0.0589347995069801,crisis
^GSPC,2022-11-04,0.1128361455489301,0.1710026299758568,0.0568348963444043,crisis
^GSPC,2022-11-07,0.0844596657689076,0.1660885434057837,0.0535002291191606,crisis
^GSPC,2022-11-08,0.0688204298836108,0.1663467656532684,0.0524275681450836,range_bound
^GSPC,2022-11-09,0.0518139427396213,0.1652863063471477,0.0516233054207733,range_bound
^GSPC,2022-11-10,0.1097299891423855,0.1488289643842694,0.0408554087342123,crisis
^GSPC,2022-11-11,-0.0052899609498231,0.0571123467913665,0.00560955101907,crisis
^GSPC,2022-11-22,-0.0023691121706592,0.0578999902346323,0.0057083280908204,crisis
^GSPC,2022-11-29,-0.0153505011125196,0.0559321092537517,0.0052707766542762,crisis
^GSPC,2022-11-30,-0.0124578432000447,0.0561550636942009,0.0052935852520885,crisis
^GSPC,2022-12-01,-0.0568382738651361,0.035490398275757,0.0021093927981439,crisis
^GSPC,2022-12-02,-0.0557972291334801,0.0354668275269424,0.0021066350280539,crisis
^GSPC,2022-12-05,-0.0534666800555901,0.0353201083531459,0.0020826439471324,crisis
^GSPC,2022-12-06,-0.1148081753508791,0.0516604369121083,0.0042580686832521,crisis
^GSPC,2022-12-07,-0.07208812920588,0.0415442940447534,0.0026919777490127,crisis
^GSPC,2022-12-08,-0.0671209606428305,0.0413261156786173,0.0026617690902925,crisis
^GSPC,2022-12-09,-0.0916518660451882,0.0386824776125239,0.0023182655148933,crisis
^GSPC,2022-12-12,-0.077785690299637,0.0345850821977037,0.0018401456649522,crisis
^GSPC,2022-12-13,-0.1297548451405562,0.0280299903276568,0.0011900207364103,crisis
^GSPC,2022-12-14,-0.1501329152588829,0.0258845938180831,0.0010112862348259,crisis
^GSPC,2022-12-15,-0.1496153900725269,0.0172843961475748,0.0004442146967145,crisis
^GSPC,2022-12-16,-0.0659585164866051,-0.0163733004151731,0.0003666757689081,crisis
^GSPC,2022-12-19,-0.0396205248632004,-0.0211103573479729,0.000606747729688,crisis
^GSPC,2022-12-20,-0.0183123327262735,-0.0237745857631327,0.0007670379061223,crisis
^GSPC,2022-12-21,-0.0237372105332135,-0.0249426561761229,0.000822609497405,crisis
^GSPC,2022-12-22,-0.0571794074411781,-0.0339325186704737,0.0014579574834261,crisis
^GSPC,2022-12-23,-0.0087322643235603,-0.0444307202701704,0.0024559919107129,crisis
^GSPC,2023-01-03,-0.0296857104233623,-0.0468966958077972,0.0026847836857495,crisis
^GSPC,2023-01-04,-0.0441312413245236,-0.0459578172230755,0.002573011169587,crisis
^GSPC,2023-01-05,-0.0187977274548954,-0.0435246407450067,0.0022667791489979,crisis
^GSPC,2023-01-06,-0.0530088673987076,-0.041237128519513,0.0019122838479965,crisis
^GSPC,2023-01-09,0.0373256478233923,-0.0093999687742052,9.417543613843282e-05,crisis
^GSPC,2023-01-10,0.0361828964993613,-0.0096410879051787,9.88691739082226e-05,crisis
^GSPC,2023-01-11,0.0614115084902924,-0.0072171537366348,5.507069887877858e-05,crisis
^GSPC,2023-01-12,0.1042295114213798,-0.0002433916709881,6.118365414309325e-08,crisis
^GSPC,2023-01-13,0.1085888938241252,-0.0024081558192105,5.878683702831289e-06,crisis
^GSPC,2023-01-17,0.1279526153853207,-0.0019962991169033,4.031854001329549e-06,crisis
^GSPC,2023-01-18,0.123059873747658,-0.0022922500479174,5.302389917249961e-06,crisis
^GSPC,2023-01-19,0.0499614061095452,0.0102755221917901,0.0001033566961154,crisis
^GSPC,2023-01-20,0.0275235718600324,0.0117351511643613,0.0001330498902921,crisis
^GSPC,2023-02-02,0.1026996510944531,0.0326244194548876,0.0009991910869757,crisis
^GSPC,2023-02-03,0.0393384275609427,0.0194866345392786,0.0003500072331522,crisis
^GSPC,2023-02-06,0.0862023618696414,0.0118890536208757,0.0001291217907015,crisis
^GSPC,2023-02-07,0.1531304689122967,-0.0056148780841964,2.857940901557221e-05,crisis
^GSPC,2023-02-08,0.1509237001316785,-0.030571868264211,0.0008250542821762,crisis
^GSPC,2023-02-09,0.1534540229146426,-0.0194561896730415,0.0003187515849379,crisis
^GSPC,2023-02-10,0.1891444682852265,-0.0239508542801864,0.0004820258989756,trending_up
^GSPC,2023-02-13,0.1735888902117763,-0.0253604557386724,0.0005369669117848,trending_up
^GSPC,2023-02-14,0.1511685394140085,-0.0434305591258364,0.0015019053740743,trending_up
^GSPC,2023-02-15,0.1510747483209218,-0.0434046987095889,0.0015002109400236,trending_up
^GSPC,2023-02-16,0.1246387909516586,-0.0497964572957978,0.0019338809925074,trending_up
^GSPC,2023-02-17,0.1843335254995188,-0.0625178436459191,0.003020566427999,trending_up
^GSPC,2023-02-21,0.1888546836684748,-0.0634649360253621,0.0031039037297261,trending_up
^GSPC,2023-02-22,0.2539875274346836,-0.0980894597787309,0.0070337284820708,trending_up
^GSPC,2023-02-23,0.2616887084254393,-0.0984753402852496,0.0070855566601527,trending_up
^GSPC,2023-02-24,0.2560255449054314,-0.1056844047001303,0.0080181915113646,trending_up
^GSPC,2023-02-27,0.3032642534198753,-0.1128475734056628,0.0091058346591192,trending_up
^GSPC,2023-02-28,0.2967686117754624,-0.1147201991520298,0.0093774718749514,trending_up
^GSPC,2023-03-01,0.3008611255349505,-0.1161043011410341,0.0095713022573666,trending_up
^GSPC,2023-03-06,0.3194161350496463,-0.1171897567962926,0.0097435847019947,trending_up
^GSPC,2023-03-07,0.3157549659414291,-0.1173366118718371,0.0097651370490305,range_bound
^GSPC,2023-03-08,0.2124723903764405,-0.1055485412936894,0.007761883865602,trending_up
^GSPC,2023-03-09,0.2214584813050206,-0.1055562663727231,0.00776384917382,range_bound
^GSPC,2023-03-10,0.1740535290475777,-0.0878235609284905,0.005294871286198,range_bound
^GSPC,2023-03-13,0.2477728875339666,-0.1021347306927251,0.0071363817311168,range_bound
^GSPC,2023-03-14,0.2573605827532128,-0.103395180203187,0.0073127776635809,range_bound
^GSPC,2023-03-15,0.3841978063566977,-0.0717516978744772,0.003524665152244,range_bound
^GSPC,2023-03-16,0.3927658353987686,-0.0736423447816554,0.0037161911950126,range_bound
^GSPC,2023-03-17,0.3446739167405876,-0.0996661033657339,0.0068760664657444,range_bound
^GSPC,2023-03-20,0.2876204804937521,-0.0950521831079565,0.0062555549242989,range_bound
^GSPC,2023-03-21,0.2768926002639411,-0.0968522989528303,0.0065060865305838,range_bound
^GSPC,2023-03-22,0.3501069622698269,-0.0960440681820437,0.0064328026040791,trending_down
^GSPC,2023-03-23,0.3064474815657407,-0.0857443321914478,0.0051546842703618,trending_down
^GSPC,2023-03-24,0.3591166326061308,-0.0939928734523539,0.0062145993326192,trending_down
^GSPC,2023-03-27,0.27430308032237,-0.1277705996187367,0.0115255247516761,trending_down
^GSPC,2023-03-28,0.2459797495992082,-0.1333911367508355,0.0125196419388257,trending_down
^GSPC,2023-03-29,0.2031806262495017,-0.1414672769610673,0.0140201278383264,range_bound
^GSPC,2023-03-30,0.2445028132875375,-0.1322328516129694,0.0122862156281764,range_bound
^GSPC,2023-03-31,0.2556117232571602,-0.1311543971552114,0.0120982195894517,range_bound
^GSPC,2023-04-03,0.2925305921954304,-0.1209363197083101,0.0102930356175803,range_bound
^GSPC,2023-04-04,0.3873679924907702,-0.0953175116162006,0.0064771495442869,range_bound
^GSPC,2023-04-05,0.3612098996440849,-0.0931568301008144,0.0061778166817351,range_bound
^GSPC,2023-04-06,0.416158208000045,-0.076210046701275,0.004162075273399,range_bound
^GSPC,2023-04-13,0.448407999081106,-0.0742966087650399,0.0039600076205085,range_bound
^GSPC,2023-04-14,0.3894217422997819,-0.086878352490025,0.0053579667859735,range_bound
^GSPC,2023-04-17,0.3419568564037611,-0.0835461595087289,0.0049535127685328,range_bound
^GSPC,2023-04-18,0.370157684302538,-0.0821681665850267,0.0047944652305533,range_bound
^GSPC,2023-04-19,0.2706945939427092,-0.0501103829625091,0.0018368344287624,range_bound
^GSPC,2023-04-20,0.262540534832913,-0.0499168443175425,0.0018223766101419,range_bound
^GSPC,2023-04-21,0.246258892410502,-0.0466349166382119,0.0015869170503984,range_bound
^GSPC,2023-04-24,0.291695599181917,-0.0339214537491765,0.0008454445895758,range_bound
^GSPC,2023-04-25,0.1604929968612793,0.0398671755122976,0.0012146455967608,range_bound
^GSPC,2023-04-26,0.2156394550179594,0.0222242859385098,0.0003717224469367,range_bound
^GSPC,2023-04-27,0.2090582552951387,0.0250985501464251,0.0004725702411504,range_bound
^GSPC,2023-04-28,0.1207092623310097,-0.0006806246447058,3.408233980595199e-07,range_bound
^GSPC,2023-05-01,0.0976480068827165,-0.0050990028530307,1.906437630971869e-05,range_bound
^GSPC,2023-05-02,0.0753807166459559,-0.0004664479653908,1.59270162614078e-07,range_bound
^GSPC,2023-05-03,0.0023726607581913,0.0018925067991019,2.586306122820403e-06,range_bound
^GSPC,2023-05-04,0.0023244614901669,-0.0046671845849491,1.5687796896646233e-05,range_bound
^GSPC,2023-05-05,0.1275049718388921,-0.0987011804903634,0.0068731963747827,range_bound
^GSPC,2023-05-08,0.0657877878020585,-0.121584418683582,0.010283611686901,range_bound
^GSPC,2023-05-09,0.077582167742316,-0.1250345892391073,0.0108151137289004,range_bound
^GSPC,2023-05-10,0.0874439447758534,-0.1258453863918165,0.0109223467516108,range_bound
^GSPC,2023-05-11,0.0829200799970375,-0.1256096135210883,0.0108574466070625,range_bound
^GSPC,2023-05-12,0.0731196372215661,-0.1224734362822847,0.0102735472277637,range_bound
^GSPC,2023-05-15,0.0555244301420785,-0.114773219464007,0.0089253550341993,range_bound
^GSPC,2023-05-16,0.0795669804629133,-0.1272874900452384,0.0108698202862984,range_bound
^GSPC,2023-05-17,0.1162001928616704,-0.1342596118568,0.0120490283098531,range_bound
^GSPC,2023-05-18,0.0839531925285712,-0.1439152913194181,0.0137547961179553,range_bound
^GSPC,2023-05-19,0.0296448053524696,-0.1615067961029963,0.0170441264005265,range_bound
^GSPC,2023-05-22,0.0557023433046917,-0.1778091546511985,0.0202750638493388,range_bound
^GSPC,2023-05-23,0.0828894312849344,-0.1872466752641387,0.0222338092089346,range_bound
^GSPC,2023-05-24,-0.0072052206527223,-0.2007868404136141,0.0248585491077778,range_bound
^GSPC,2023-05-25,-0.0707345387566349,-0.2251769756843072,0.0299420195998644,range_bound
^GSPC,2023-05-26,-0.0972217180864655,-0.2323323080363151,0.0316335024135362,range_bound
^GSPC,2023-05-30,-0.1169571084293455,-0.2503852623046627,0.0361876995409031,range_bound
^GSPC,2023-05-31,-0.0642246705142172,-0.2883081238334319,0.0462734402526827,range_bound
^GSPC,2023-06-01,-0.0802186332765175,-0.2858636697874456,0.0452337181058223,range_bound
^GSPC,2023-06-13,-0.0317079000702983,-0.2782408570992412,0.0424108915902072,range_bound
^GSPC,2023-06-14,-0.0488003135930935,-0.2824358926648841,0.043470730968615,range_bound
^GSPC,2023-06-15,-0.084594255304937,-0.3132919699685703,0.0519811689245452,range_bound
^GSPC,2023-06-16,-0.0842953240672057,-0.3476324182547448,0.0613853004062957,range_bound
^GSPC,2023-06-20,-0.0977234072506424,-0.3748474571195209,0.0690459681540328,range_bound
^GSPC,2023-06-21,-0.0940479291935416,-0.3823140047216282,0.0713067750630312,range_bound
^GSPC,2023-06-22,-0.0702228553638579,-0.387448422052705,0.0728622413623479,range_bound
^GSPC,2023-06-23,-0.0700129920336123,-0.3914978547375686,0.0739147469481831,trending_up
^GSPC,2023-06-26,-0.0722241906349908,-0.4232387386137485,0.0834733744285857,trending_up
^GSPC,2023-06-27,-0.0730615764410735,-0.4317665734447258,0.0861154990350312,trending_up
^GSPC,2023-06-28,-0.0985461661975158,-0.4403996184452022,0.0880795093060674,trending_up
^GSPC,2023-06-29,-0.0877015578464885,-0.4375124623593965,0.0867070250252667,trending_up
^GSPC,2023-06-30,-0.0933557300049446,-0.4377811287443812,0.0866605399870789,trending_up
^GSPC,2023-07-03,-0.1565060448440317,-0.4290344366597556,0.0816021964789891,trending_up
^GSPC,2023-07-07,-0.1111444259704572,-0.2955163229715646,0.0342022747184567,trending_up
^GSPC,2023-07-10,-0.1110216923208886,-0.2994993386398051,0.0348956169525027,trending_up
^GSPC,2023-07-11,-0.113010055301334,-0.2970331064804938,0.0338922269502143,trending_up
^GSPC,2023-07-12,-0.1338164285947061,-0.3025874201158693,0.0350653301727587,trending_up
^GSPC,2023-07-13,-0.132249597435486,-0.2736835967758503,0.0268152743629058,trending_up
^GSPC,2023-07-24,-0.1588155632330227,-0.2836942328293129,0.0286941298675327,trending_up
^GSPC,2023-07-28,-0.1458244204983588,-0.280183681439047,0.0279712026251212,trending_up
^GSPC,2023-07-31,-0.1072832860211028,-0.3611658817416208,0.0462763848732741,trending_up
^GSPC,2023-08-01,-0.146299349054347,-0.3361885605663775,0.0399949934219268,trending_up
^GSPC,2023-08-02,-0.1414519180791178,-0.3373686005687897,0.040260684230021,trending_up
^GSPC,2023-08-03,-0.0741393157797639,-0.3663639711574867,0.0468561530935227,trending_up
^GSPC,2023-08-04,-0.0845636379362457,-0.3608877225599404,0.0454226599845848,trending_up
^GSPC,2023-08-07,-0.0365103098024585,-0.3433664839891123,0.040964838859392,trending_up
^GSPC,2023-08-08,-0.0474112816171402,-0.3487449811315891,0.0420879370995718,trending_up
^GSPC,2023-08-09,-0.0496560578347595,-0.3468825393478035,0.0415911602527758,range_bound
^GSPC,2023-08-10,-0.0943771403900856,-0.2779053924739854,0.026505092941842,range_bound
^GSPC,2023-08-11,-0.1162579966462272,-0.2642008413438019,0.0237650429264063,range_bound
^GSPC,2023-08-14,-0.130154340949134,-0.2558686094249068,0.0222077801758883,range_bound
^GSPC,2023-08-15,-0.1438595769427926,-0.2600232330184414,0.0229069181977142,range_bound
^GSPC,2023-08-16,-0.0852805138367384,-0.2617017787003425,0.0229866714476766,range_bound
^GSPC,2023-08-18,-0.1093048109800227,-0.2367314266522984,0.0188417444590117,range_bound
^GSPC,2023-08-21,-0.097207821590969,-0.2325895909415859,0.0181905259115028,range_bound
^GSPC,2023-08-22,-0.0571592317428026,-0.2287776241902566,0.0175649216721465,range_bound
^GSPC,2023-08-23,-0.094940139360197,-0.2386894091654341,0.0191684905546924,trending_up
^GSPC,2023-08-24,-0.0111049308227584,-0.2484139231337825,0.0208180579697639,range_bound
^GSPC,2023-08-25,-0.1431985965922241,-0.331551954869594,0.038155499244924,range_bound
^GSPC,2023-08-28,-0.121275412414053,-0.3236865717935758,0.0364070184976887,range_bound
^GSPC,2023-08-29,-0.1299423092511341,-0.3279068238765735,0.0374776282162985,trending_up
^GSPC,2023-08-30,-0.1354875713977662,-0.3273285322619519,0.0377542828130655,trending_up
^GSPC,2023-08-31,-0.1394928171762112,-0.3278186449559113,0.0379177567224287,trending_up
^GSPC,2023-09-01,-0.157872719697333,-0.3305682191356026,0.0386134502290356,trending_up
^GSPC,2023-09-05,-0.1461343588118687,-0.3311269497588386,0.0387345505099241,trending_up
^GSPC,2023-09-06,-0.0911138540808229,-0.3878225233755911,0.0533648970629985,range_bound
^GSPC,2023-09-07,-0.0809969553042326,-0.3929780423422312,0.0549836090792383,range_bound
^GSPC,2023-09-08,-0.1624123316849767,-0.4792558383589244,0.0833129442648207,range_bound
^GSPC,2023-09-11,-0.1246845270216712,-0.447268843965546,0.0730007337982098,trending_up
^GSPC,2023-09-12,-0.1597186332856699,-0.433873052203981,0.0688319624647199,range_bound
^GSPC,2023-09-13,-0.1625493984003958,-0.4322103809316739,0.0683476886436357,trending_up
^GSPC,2023-09-14,-0.1422941570948543,-0.4127300236714331,0.062097533739172,range_bound
^GSPC,2023-09-15,-0.1773327013953465,-0.4045282037251267,0.0595739757379416,range_bound
^GSPC,2023-09-18,-0.2459713336560154,-0.3483767963037358,0.0437828132111315,range_bound
^GSPC,2023-09-19,-0.2436031764972126,-0.3480328338070935,0.0436890936873607,range_bound
^GSPC,2023-09-20,-0.2159449088872356,-0.3291128142907416,0.0390721184871341,range_bound
^GSPC,2023-09-21,-0.1898314817473797,-0.3480755618431725,0.0434237138497612,range_bound
^GSPC,2023-09-22,-0.1370623740597646,-0.4007763207109506,0.0566879372342448,range_bound
^GSPC,2023-09-25,-0.1811631677776526,-0.3666934175320953,0.0476331945055177,range_bound
^GSPC,2023-09-26,-0.17557066816179,-0.361940156800268,0.0464244492337063,range_bound
^GSPC,2023-09-27,-0.2626463509613513,-0.2483695436369487,0.0222915968209033,range_bound
^GSPC,2023-09-28,-0.2652571717509828,-0.2477612259510603,0.0221838468024447,range_bound
^GSPC,2023-09-29,-0.2425964051704339,-0.2382607562879756,0.0205351543575734,range_bound
^GSPC,2023-10-02,-0.2734022221149442,-0.2140990066069912,0.016641884393628,range_bound
^GSPC,2023-10-03,-0.2666410077870346,-0.2128919402905782,0.0164509429212776,range_bound
^GSPC,2023-10-04,-0.3003860671979422,-0.1820850431493145,0.0121966007108742,range_bound
^GSPC,2023-10-05,-0.2997581415754816,-0.1697169010732151,0.0106431734818404,range_bound
^GSPC,2023-10-06,-0.3031356849616916,-0.1697990203175696,0.010656904061391,range_bound
^GSPC,2023-10-09,-0.2380085801482551,-0.2052354522695063,0.0157077509684633,range_bound
^GSPC,2023-10-10,-0.2335916958659796,-0.2011374844657429,0.015131725764365,range_bound
^GSPC,2023-10-11,-0.15861620509479,-0.2809768370329052,0.0295280338831193,range_bound
^GSPC,2023-10-12,-0.1877732197873827,-0.2435672780930929,0.0220726027059436,range_bound
^GSPC,2023-10-13,-0.1934966269257058,-0.2396048922572337,0.0214715830302377,range_bound
^GSPC,2023-10-16,-0.241494174732869,-0.2924202247748759,0.0320092864205641,range_bound
^GSPC,2023-10-17,-0.2014148168736891,-0.283907709841728,0.0302400495566438,range_bound
^GSPC,2023-10-18,-0.2384622770311455,-0.3494259347503601,0.0454886265687894,range_bound
^GSPC,2023-10-19,-0.2509606449500148,-0.3328660443786527,0.0411454016868895,range_bound
^GSPC,2023-10-20,-0.2862732719034717,-0.3353131298818987,0.0419257078646643,range_bound
^GSPC,2023-10-23,-0.3308054661543036,-0.3414971327681765,0.0437295008515787,range_bound
^GSPC,2023-10-24,-0.3014411803893321,-0.3852399808120946,0.0537616588472799,range_bound
^GSPC,2023-10-25,-0.3076900676961418,-0.3866393921192716,0.054498368094782,trending_down
^GSPC,2023-10-26,-0.3072617787514732,-0.4085237341029127,0.0619291107615689,trending_down
^GSPC,2023-10-27,-0.3080603208656334,-0.4136481829874602,0.0646056336181379,trending_down
^GSPC,2023-10-30,-0.3118213467415164,-0.4116087066497619,0.0641030303227544,trending_down
^GSPC,2023-10-31,-0.3235765055604618,-0.4329432453694116,0.0709902764951327,trending_down
^GSPC,2023-11-01,-0.3260436104839564,-0.4339092021370505,0.0714312678860039,range_bound
^GSPC,2023-11-02,-0.3443039819335913,-0.4646900391355685,0.0823027671945053,range_bound
^GSPC,2023-11-03,-0.3339093042720401,-0.427733606916176,0.0728531662940193,range_bound
^GSPC,2023-11-06,-0.3128927965937563,-0.4279816715829225,0.0734553432675947,range_bound
^GSPC,2023-11-07,-0.3043732196403137,-0.4289141737439176,0.0737240283159602,range_bound
^GSPC,2023-11-08,-0.3116926041827326,-0.4316221283104234,0.0747649698585669,range_bound
^GSPC,2023-11-09,-0.2868766651626486,-0.4032891588499332,0.0655928639066902,range_bound
^GSPC,2023-11-10,-0.284662571778606,-0.4008092052986653,0.0653670998526487,range_bound
^GSPC,2023-11-13,-0.280745884580191,-0.3817508075817199,0.0610461984436937,range_bound
^GSPC,2023-11-14,-0.2841168545072391,-0.3818866932967812,0.0611255551833538,range_bound
^GSPC,2023-11-15,-0.2669418367203644,-0.3491474457324126,0.0532351158180924,range_bound
^GSPC,2023-11-16,-0.2473406670344496,-0.3575085867783847,0.0558392942106755,range_bound
^GSPC,2023-11-17,-0.2420077600273665,-0.3574386536714478,0.0558453512523613,range_bound
^GSPC,2023-11-20,-0.2406967045586102,-0.3573883949245219,0.0558311536144845,range_bound
^GSPC,2023-11-21,-0.2835315631677159,-0.3081084904738024,0.0423380497467669,range_bound
^GSPC,2023-11-22,-0.2903774243277442,-0.3047760304359889,0.0414657270124703,range_bound
^GSPC,2023-11-24,-0.2611186662468139,-0.2423507155711231,0.0264691670159271,range_bound
^GSPC,2023-11-27,-0.2460908066713607,-0.2312762824193222,0.0241423558531114,range_bound
^GSPC,2023-11-28,-0.2432849065639009,-0.232004151278614,0.0242898481434303,range_bound
^GSPC,2023-11-29,-0.202656532286525,-0.2698560193170835,0.0330902194416971,range_bound
^GSPC,2023-11-30,-0.2136212861541031,-0.261935638858214,0.031122309455157,range_bound
^GSPC,2023-12-01,-0.2360379912369677,-0.2517839443631524,0.0288010332146669,range_bound
^GSPC,2023-12-04,-0.2171879958626633,-0.1971731940325484,0.017782417374298,range_bound
^GSPC,2023-12-05,-0.1996356971610778,-0.206096826268151,0.0193580184151943,range_bound
^GSPC,2023-12-06,-0.2082314422851474,-0.2014038802681964,0.0184868797755388,range_bound
^GSPC,2023-12-07,-0.1870319490772807,-0.2041264924317544,0.0189533741676138,range_bound
^GSPC,2023-12-08,-0.2128235809016214,-0.2170053420368603,0.021216387694293,range_bound
^GSPC,2023-12-11,-0.2277889535049078,-0.2195533476424896,0.0216718176856213,range_bound
^GSPC,2023-12-12,-0.2335247336680284,-0.2213691937025643,0.0219800296703145,range_bound
^GSPC,2023-12-13,-0.2593116996756257,-0.216312982601298,0.0208923998402748,range_bound
^GSPC,2023-12-26,-0.2709347595837929,-0.2378884082691405,0.024668735647495,range_bound
^GSPC,2023-12-27,-0.2616398966373998,-0.2255559856188094,0.0221967168144693,range_bound
^GSPC,2023-12-28,-0.2561636057365701,-0.2270856182196772,0.0225008045630107,range_bound
^GSPC,2023-12-29,-0.257564269530219,-0.2270141597010463,0.0224892293883788,trending_up
