datetime,open,high,low,close,volume,returns,returns_norm,returns_fwd_1,returns_fwd_5,vol_5d,vol_5d_annual,vol_21d,vol_21d_annual,vol_63d,vol_63d_annual,rsi_14,tr,atr_14,vol_ratio_20,vwap_20d,vwap_dev,bb_middle,bb_upper,bb_lower,bb_width,bb_pct,ema_12,ema_26,macd_line,macd_signal,macd_histogram,z_price_20d,z_price_60d
2020-01-02 05:00:00+00:00,71.40978524422886,72.46078378305016,71.15668166173941,72.40052032470703,135480400.0,,,0.009817694643849073,0.006568584627897556,,,,,,,,1.3041021213107484,,,,,,,,,,,,,,,,
2020-01-03 05:00:00+00:00,71.62912999102163,72.45594269937853,71.47244650368873,71.69662475585938,146322800.0,-0.009769814208394218,,0.0,-0.018998345723271304,,,,,,,,0.9834961956897956,,,,,,,,,,,,,,,,
2020-01-04 05:00:00+00:00,71.62912999102163,72.45594269937853,71.47244650368873,71.69662475585938,146322800.0,0.0,,0.0,-0.03940197600196671,0.006908301877688234,0.10966589250074171,,,,,,0.9834961956897956,,,,,,,,,,,,,,,,
2020-01-05 05:00:00+00:00,71.62912999102163,72.45594269937853,71.47244650368873,71.69662475585938,146322800.0,0.0,,-0.007905259767399753,-0.041568782953843364,0.005640604863149033,0.08954182627124316,,,,,,0.9834961956897956,,,,,,,,,,,,,,,,
2020-01-06 05:00:00+00:00,70.8191932093111,72.306490935931,70.56849521434884,72.2679214477539,118387200.0,0.007936671990772182,,0.004725091469293785,-0.033931762584036185,0.007247986602225986,0.11505822033250794,,,,,,1.737995721582152,,,,,,,,,,,,,,,,
2020-01-07 05:00:00+00:00,72.2775784441153,72.53309491165653,71.70869494472285,71.92805480957031,108872000.0,-0.004713963265349856,,-0.015831763386754516,-0.03847505589494016,0.006559126534487747,0.104122905768357,,,,,,0.824399966933683,,,,,,,,,,,,,,,,
2020-01-08 05:00:00+00:00,71.63156665826679,73.38643848288913,71.63156665826679,73.08512115478516,132079200.0,0.0159584243760265,,-0.02079877255022422,-0.04344369786985425,0.008159355782021538,0.1295257575463556,,,,,,1.7548718246223416,,,,,,,,,,,,,,,,
2020-01-09 05:00:00+00:00,74.06136720541696,74.83032941641996,73.81067654984861,74.63748931884766,170108400.0,0.02101811370180577,,-0.0022556854144445415,-0.009754483436600236,0.010705708003137542,0.169947845911055,,,,,,1.7452082616348008,,,,,,,,,,,,,,,,
2020-01-10 05:00:00+00:00,74.87131787710281,75.37030104945943,74.30483992947904,74.80622863769531,140644800.0,0.0022582333050031205,,0.0,-0.003244208168922902,0.010322508395912948,0.16386474073177157,,,,,,1.0654611199803838,,,,,,,,,,,,,,,,
2020-01-11 05:00:00+00:00,74.87131787710281,75.37030104945943,74.30483992947904,74.80622863769531,140644800.0,0.0,,0.0,-0.015575588970312304,0.011016081890325553,0.17487487862474235,,,,,,1.0654611199803838,,1.0153501495684476,72.95750381581156,0.024713514576942135,72.90214385986329,75.5902679378625,70.21401978186407,0.07374609128550423,0.8541660880567021,,,,,,1.416664352226806,
2020-01-12 05:00:00+00:00,74.87131787710281,75.37030104945943,74.30483992947904,74.80622863769531,140644800.0,0.0,,-0.020917413676737495,-0.026354749386941267,0.009920415474093636,0.15748171348133214,0.009281673467596866,0.14734199847460702,,,,1.0654611199803838,,1.013935235249012,73.12791174646497,0.022435523375450905,73.07524247602983,75.87198839106632,70.27849656099333,0.07654428012206421,0.8094643228687608,,,,,,1.2378572914750443,
2020-01-13 05:00:00+00:00,75.12201067519445,76.43093105955663,75.00388930942306,76.40441131591797,121532000.0,0.021139282171691524,,0.013687979616270551,-0.005553500579172366,0.011171172151030575,0.17733686018830433,0.010323120584004954,0.16387445891645383,,,,1.6247024218613149,,0.8852844729937925,73.36963126268226,0.03971995858573477,73.35267321268718,76.63979523016738,70.06555119520698,0.08962514584708156,0.9641960485498119,73.93506280521393,,,,,1.8567841941992467,
2020-01-14 05:00:00+00:00,76.34175230410106,76.5514679630278,75.24977872842311,75.37271118164062,161954400.0,-0.013595145405823798,,0.004303889989900389,-0.01898165962540732,0.012425573982702484,0.197249871932791,0.011196621156829954,0.17774085063105832,,,,1.3016892346046944,,1.1636478838084925,73.54892970182036,0.02419684062346039,73.50806074876051,76.84876353695752,70.1673579605635,0.0908935089340753,0.7790805634473207,74.15623947851034,,,,,1.1163222537892812,
2020-01-15 05:00:00+00:00,75.17264532410701,76.0524904138791,74.6182170498927,75.0497055053711,121923600.0,-0.004294654744216577,,-0.012371516576529018,-0.02318576065212874,0.012728211402531213,0.20205409203452537,0.010927756297585996,0.17347275330799491,,,,1.4342733639863923,1.3007688804391389,0.8838520328907851,73.64367711216904,0.018734629053293542,73.61817823137555,76.93191615672173,70.30444030602938,0.09002499124418384,0.7159988668756893,74.29369579033508,,,,,0.8639954675027574,
2020-01-16 05:00:00+00:00,75.5920773695483,76.1007048279931,75.23049658770428,75.98981475830078,108829200.0,0.012448680874485429,,-0.010949708576765249,-0.00420099426563636,0.013746131097184769,0.21821306623465406,0.010813370323460239,0.17165693226193118,,,44.82895873984844,1.0509993226220047,1.282928197737915,0.8001875622650447,73.76883378975548,0.029227350739168573,73.77628733317057,77.19629043959738,70.35628422674377,0.09271280055018806,0.8236148266898633,74.5546371700221,,,,,1.2944593067594523,
2020-01-17 05:00:00+00:00,76.23809509330889,76.83349837052724,75.93195936574989,76.83109283447266,137816400.0,0.011010097870447159,,0.0,0.003242025044775554,0.013997026119039949,0.22219590123273159,0.010600993789226453,0.16828555929860084,,,49.732221618881816,0.9015390047773479,1.255686112526446,1.0124785250428214,73.96261325981136,0.03733487926354551,73.96721267700195,77.60721528608538,70.32721006791853,0.09842205694510865,0.8933898495462681,74.90486111839911,,,,,1.5735593981850748,
2020-01-18 05:00:00+00:00,76.23809509330889,76.83349837052724,75.93195936574989,76.83109283447266,137816400.0,0.0,,0.0,-0.0015660010707699845,0.010877284174956595,0.17267153320028122,0.01028926448371659,0.16333700998610098,,,49.73222161888181,0.9015390047773479,1.2303898905443678,1.0117358796598181,74.13332759544409,0.03511293591568092,74.1356762156767,77.92399449027722,70.34735794107617,0.10219960127103964,0.8557537175358092,75.2012044593335,,,,,1.4230148701432364,
2020-01-19 05:00:00+00:00,76.23809509330889,76.83349837052724,75.93195936574989,76.83109283447266,137816400.0,0.0,,0.0,0.0013195608212042131,0.007436115253623066,0.11804467008900377,0.010003138841681924,0.1587949062308465,,,49.73222161888181,0.9015390047773479,1.2069005415610092,1.0110766644342262,74.2848635665165,0.033140609797674324,74.28542158338759,78.17407978217862,70.39676338459655,0.10469505633553955,0.827320006149744,75.45195651704722,,,,,1.309280024598977,
2020-01-20 05:00:00+00:00,76.23809509330889,76.83349837052724,75.93195936574989,76.83109283447266,137816400.0,0.0,,0.006823428868735881,0.0013195608212042131,0.006444552943976492,0.10230410640450582,0.00973934891486476,0.15460737096251365,,,49.73222161888182,0.9015390047773479,1.1850890032193193,1.010487568028647,74.42028109391758,0.0313780743135986,74.41940428081311,78.37489082800234,70.46391773362389,0.10630255873222656,0.8048535906882676,75.66413133511267,,,,,1.219414362753072,
2020-01-21 05:00:00+00:00,76.45984644857143,76.90097161406028,76.17299187168369,76.31039428710938,110843200.0,-0.006800254636729235,,-0.0035571319868713536,-0.005466567314306392,0.0064015850035496384,0.10162201149619728,0.009744443399051166,0.1546882433918059,,,46.306137054412275,0.7279797423765899,1.152438341730553,0.8203989522525903,74.49781343808425,0.023752738613896957,74.51395378112792,78.45572691289954,70.57218064935631,0.10579959676679888,0.7278721334190597,75.76355640465061,,,,,0.9114885336762395,
2020-01-22 05:00:00+00:00,76.79493065234263,77.13481745633268,76.48879491769239,76.58280944824219,101832400.0,0.0035634736240172282,,-0.004792488747000889,0.02832185666791065,0.003769829476533834,0.059844187680175985,0.009486211700587773,0.15058894226319816,,,48.31234808053385,0.8244231692233086,1.1290086865514641,0.763209707217082,74.68385678690265,0.024796069444578496,74.72306823730469,78.636404919316,70.80973155529337,0.1047423981462696,0.7376157946601284,75.88959533443393,,,,,0.9504631786405129,
2020-01-23 05:00:00+00:00,76.63581926484824,77.03114362991317,76.08862248837322,76.95159912109375,104472000.0,0.004804009544796626,,0.002890087772520422,0.004847601135815838,0.004514672580751706,0.07166820539730712,0.009256269593603964,0.14693872447706996,,,50.982495972200354,0.9425211415399559,1.1156881476220706,0.7954682855827998,74.9404605366752,0.026135110996897512,74.9858169555664,78.7462402495402,71.22539366159262,0.10029692138186781,0.7613777774270226,76.05298053238161,,,,,1.0455111097080898,
2020-01-24 05:00:00+00:00,77.19748815287878,77.93993070377184,76.53940855639385,76.72984313964844,146537600.0,-0.002885919498042185,,0.0,-0.01859157227595698,0.004743444351849232,0.0752998446772022,0.00890007087416103,0.14128424510327592,,,49.332205765467066,1.400522147377984,1.1360334333189215,1.115671968492067,75.220966322714,0.019664797361676783,75.23747787475585,78.73559461774599,71.73936113176572,0.0929886764363175,0.7133098141854657,76.15711324119188,,,,,0.8532392567418619,
2020-01-25 05:00:00+00:00,77.19748815287878,77.93993070377184,76.53940855639385,76.72984313964844,146537600.0,0.0,,0.0,-0.017167241468442174,0.004743444351849232,0.0752998446772022,0.00890007087416103,0.14128424510327592,,,49.33220576546707,1.400522147377984,1.1549254843231402,1.1155807479309574,75.50142623882702,0.01600963654501019,75.48913879394532,78.61955821969764,72.358719368193,0.08293694896419723,0.6981690273668277,76.24522553326211,,,,,0.7926761094673097,
2020-01-26 05:00:00+00:00,77.19748815287878,77.93993070377184,76.53940855639385,76.72984313964844,146537600.0,0.0,,0.030296163429819112,0.02843208174499612,0.003086092807637149,0.04899020455123794,0.00890007087416103,0.14128424510327592,,,49.33220576546707,1.400522147377984,1.172468103112772,1.1037536373096835,75.7133885372149,0.013247187285181749,75.71223487854004,78.49244374169622,72.93202601538387,0.07344146867719001,0.6830093189389328,76.31978208809078,,,,,0.7320372757557299,
2020-01-27 05:00:00+00:00,74.74114561147599,75.15334557711078,73.49248860994267,74.47357940673828,161940000.0,-0.029846298221118502,,-0.027510818883746624,-0.0018092678115171346,0.013840263673368868,0.21970737455577186,0.011375844187425065,0.1805859280400782,,,34.95400032630893,3.237354529705769,1.3199599907265576,1.1958673235641544,75.79142274335022,-0.01769544779652026,75.83951110839844,78.06877485718543,73.61024735961145,0.05878897994478562,0.1936361382982603,76.03575090634423,75.25397828800662,0.7817726183376124,,,-1.2254554468069603,
2020-01-28 05:00:00+00:00,75.35340531136629,76.75151414831822,75.25457238901554,76.58036804199219,162234000.0,0.027896328367608875,,-0.02050342449110787,0.02642862416497893,0.020449071006298128,0.32461893854979706,0.012649445545710614,0.20080372282082404,,,49.69694667182232,2.2779347415799407,1.3883867586446565,1.1848462031154485,75.96868879817778,0.007987415828022638,76.01427345275879,77.84713417519167,74.1814127303259,0.04822412000219844,0.6544292433966244,76.11953815798238,75.35222938089443,0.7673087770879476,,,0.6177169735864984,
2020-01-29 05:00:00+00:00,78.20991513135742,79.0294966511186,77.46987813568431,78.18339538574219,216229200.0,0.020716537766091052,,0.0014513129980122663,0.05080012907805065,0.022515243595549725,0.35741841157118587,0.01293289194644577,0.2053032949389935,,,57.576090478315045,2.4491286091264186,1.4641540336790682,1.5530344220008685,76.22198612560038,0.02508728676293197,76.19156875610352,78.14567000054328,74.23746751166377,0.05129442210843616,1.0096528737459882,76.43705465456081,75.56194538125352,0.875109273307288,,,2.038611494983955,
2020-01-30 05:00:00+00:00,77.26738534868132,78.12312337660362,76.83589699674123,78.0700912475586,126743200.0,-0.0014502608611668534,,0.046395811309309476,0.01574398748485617,0.022584917254093142,0.3585244466118134,0.012299983113354396,0.1952561786893783,,,56.897716713937285,1.347498389000961,1.4558214876306321,0.9148817635044876,76.37839190686192,0.021668981214999865,76.35476188659668,78.36604427403812,74.34347949915524,0.05268256590017606,0.9264267841434225,76.68829105348354,75.74773396394278,0.9405570895407607,,,1.7057071365736864,
2020-01-31 05:00:00+00:00,77.36139664518089,77.78324080814086,74.31448034488959,74.60856628417969,199588400.0,-0.04535169875914377,,0.0,-0.03714427160009548,0.03162224213340853,0.5019875314996053,0.016083236804958365,0.25531346917728526,,,41.00310307067183,3.755610902669005,1.620092160133373,1.4106957876833164,76.33170050737924,-0.02309566191952052,76.34487876892089,78.38986032015927,74.29989721768251,0.0535721998440285,0.07546989025652906,76.36833339666757,75.66335117284922,0.7049822238183481,,,-1.6981204389738844,-0.29546574064878817
2020-02-01 05:00:00+00:00,77.36139664518089,77.78324080814086,74.31448034488959,74.60856628417969,199588400.0,0.0,-0.0694696411775059,0.0,-0.04827641781266068,0.028572731904006155,0.45357805737432805,0.016083236804958365,0.25531346917728526,,,41.00310307067183,3.4687604632512716,1.7521398960703658,1.3819095860109387,76.28691464706895,-0.022495384196186474,76.33499565124512,78.41293205857701,74.25705924391323,0.054442563063092184,0.08458079829252248,76.09759999474635,75.5852189588737,0.5123810358726502,,,-1.6616768068299044,-0.29040001811928073
2020-02-02 05:00:00+00:00,77.36139664518089,77.78324080814086,74.31448034488959,74.60856628417969,199588400.0,0.0,-0.06837247119624114,0.002753726605756901,-0.03516184143694878,0.024248530508346855,0.3849334883030905,0.016083236804958365,0.25531346917728526,0.014173712383752889,0.22500070873179978,41.00310307067183,3.4687604632512716,1.874755650869002,1.345549693040434,76.16918620531204,-0.020917436145174623,76.24520339965821,78.46113283480732,74.0292739645091,0.058126395795254464,0.1307109131008059,75.8685178854284,75.51287431630378,0.3556435691246236,,,-1.4771563475967744,-0.28558673859693934
2020-02-03 05:00:00+00:00,73.35268032975995,75.56796570063159,72.85129158100523,74.40367889404297,173788400.0,-0.002749942046815708,-0.2581048777414227,-0.03195848402775603,-0.03781144565879291,0.019845426591539227,0.315036380539206,0.015331189483716923,0.24337508806034228,0.013958721021289222,0.22158782665716495,40.17345083414887,2.7166741196263615,1.9348926843516707,1.1669607989152047,76.10948054071572,-0.022926307838916905,76.19675178527832,78.53216109902415,73.8613424715325,0.06129944542326391,0.11611164246848982,75.64315804059987,75.43071169243261,0.21244634816726204,,,-1.5355534301260398,-0.3848880330746505
2020-02-04 05:00:00+00:00,76.00667569866678,77.05044280806926,75.60170706629567,76.8600082397461,136616400.0,0.03248030422416274,2.072094687419693,-0.008088442061434664,-0.006046188654583173,0.02770606293203157,0.4398201139611635,0.016712863806589946,0.2653084879675758,0.014800976729254615,0.23495822151877138,52.5651971277945,2.6467639140262946,1.9857406293284297,0.9128537769100843,76.18690543003417,0.008757516751915252,76.28726692199707,78.57533589890227,73.99919794509188,0.05998560622822471,0.6251582280801039,75.83036576354544,75.53658551075212,0.29378025279332576,0.5193540269875616,-0.22557377419423585,0.5006329123204158,0.8795368995512096
2020-02-05 05:00:00+00:00,77.98573120045752,78.28464294726993,76.88412080562057,77.48675537109375,118826800.0,0.00812133097570033,0.4190499276436522,-0.011561593169378437,-0.002677831268938502,0.014508085897710524,0.23030872370943192,0.016738371275562602,0.26571340648443387,0.014615113455706909,0.23200773352076576,55.119579557307034,1.4246347075238361,1.9456616349138158,0.7913426922465774,76.24547896265715,0.016019207443800903,76.36211395263672,78.70645704296369,74.01777086230975,0.06140068599413164,0.7398628048721687,76.08519493393749,75.6810425374441,0.4041523964933873,0.4963137008887268,-0.09216130439533948,0.9594512194886755,1.1675246983068974
2020-02-06 05:00:00+00:00,77.75672634398214,78.39551744527337,77.19989265225486,78.39310455322266,105425600.0,0.0116289480440857,0.6457321177252965,0.013779816557209612,0.015111969512481283,0.013910913184690992,0.22082890077901135,0.01671255077297619,0.2653035187130118,0.014490338612273765,0.23002699428715906,58.59221131175485,1.19562479301851,1.892087574778437,0.7097506835245604,76.29452587940364,0.026769939598376955,76.44021453857422,78.94867282340986,73.93175625373858,0.0656319006946217,0.8892610107280275,76.44025795228906,75.88193602009437,0.5583219321946871,0.5087153471499188,0.049606585044768226,1.5570440429121077,1.5601583770754244
2020-02-07 05:00:00+00:00,77.89294895065062,78.141823360646,76.83704482888538,77.32754516601562,117684000.0,-0.013685738155237822,-1.0679523188184425,0.0,-0.021913323684489394,0.0172826879078597,0.27435416514563965,0.016876692596268738,0.2679091893780725,0.01452736832028529,0.23061482267827804,53.36439629729903,1.556059724337274,1.868085585461211,0.7976829480730661,76.31066543515483,0.013150291124302986,76.46503715515136,78.99947244557673,73.930601864726,0.06629004273633893,0.6701578284761618,76.57676367747776,75.9890181790515,0.5877454984262585,0.5245213774051868,0.06322412102107167,0.680631313904647,0.9879635185856787
2020-02-08 05:00:00+00:00,77.89294895065062,78.141823360646,76.83704482888538,77.32754516601562,117684000.0,0.0,-0.12419418986667698,0.0,-0.014898391079509854,0.016928651926499238,0.2687340181745488,0.016876692596268738,0.2679091893780725,0.014327333214116897,0.22743936381185423,53.364396297299045,1.3047785317606184,1.8278493673397402,0.8031629677473601,76.32702674588593,0.01293870661459208,76.48985977172852,79.04899493440385,73.93072460905319,0.06691436408205356,0.6636657192837337,76.6922685218682,76.08816832623403,0.6041001956341745,0.5404371410509844,0.0636630545831901,0.6546628771349364,0.962610088621525
2020-02-09 05:00:00+00:00,77.89294895065062,78.141823360646,76.83704482888538,77.32754516601562,117684000.0,0.0,-0.12256838069459232,-0.0047270055601086325,-0.015140758781160057,0.009761303026531495,0.15495588168086677,0.016876692596268738,0.2679091893780725,0.01413534195995658,0.22439159713740867,53.364396297299045,1.3047785317606184,1.7904871647983744,0.8087188028839658,76.34361441353009,0.012724194856737262,76.51468238830566,79.09727693356899,73.93208784304232,0.06750585546854604,0.6573732855590546,76.79000339019858,76.1799740180697,0.6100293721288779,0.5543555872665631,0.05567378486231478,0.6294931422362195,0.9391289173637967
2020-02-10 05:00:00+00:00,75.91402717049185,77.69480895996094,75.83429386411699,77.69480895996094,109348800.0,0.004738213183839019,0.20983895072586647,0.0060697429159246585,-0.010463212886542728,0.009267476998923918,0.14711663652098336,0.016904038231180092,0.26834328787458417,0.013956411853622694,0.22155116975687783,55.089375731863605,1.860515095843951,1.7954891598730585,0.7518257499741826,76.39567340989105,0.016721008358993265,76.58390312194824,79.21715842879122,73.95064781510526,0.06876785328242996,0.7109377383814268,76.9292042470851,76.29218401376535,0.6370202333197454,0.5708885164771996,0.06613171684254582,0.843750953525706,1.0956979439861267
2020-02-11 05:00:00+00:00,78.19015914717811,78.26264398287658,77.00860470842123,77.22606658935547,94323200.0,-0.0060513962287446765,-0.5541014397661346,-0.023196887562660695,-0.016433210439814494,0.007095349919364109,0.11263518810971777,0.01688857914746657,0.2680978825285667,0.013832278313016692,0.21958061089004532,52.424123732938874,1.2540392744553515,1.756814168057508,0.6501959620836667,76.41610123356814,0.010488237865256874,76.6160659790039,79.26493238649937,73.96719957150844,0.06914650011451552,0.6151437098951936,76.97487537666515,76.3613605008461,0.6135148758190496,0.5794137883455697,0.03410108747347995,0.46057483958077367,0.8384564050404326
2020-02-12 05:00:00+00:00,77.67549348632544,79.06484268174145,77.67549348632544,79.06001281738281,113730400.0,0.023470169829806174,1.514662179734748,0.007172097090009544,0.006924299315518523,0.011310752844698976,0.1795526350079392,0.017608447583232878,0.27952543967490306,0.014078374363183228,0.22348726457430088,60.48017942760461,1.8387760923859844,1.7626685912238278,0.7814814356724784,76.50018889918016,0.03237823808750798,76.72148666381835,79.58565242483469,73.85732090280202,0.07466397968972284,0.9082386196695966,77.29566575216018,76.56126067244142,0.7344050797187549,0.6104120466202068,0.12399303309854814,1.63295447867839,1.6933303268658693
2020-02-13 05:00:00+00:00,78.33272065286425,78.82322105727773,78.12975573109031,78.49702453613281,94747600.0,-0.00714649991906762,-0.6489162533979896,-0.00024603320048965927,0.018401230463818363,0.012408952919526293,0.19698602073465282,0.01768979100803869,0.28081672651186185,0.013979360221066621,0.2219154637963872,57.273980448889446,0.9302570862924995,1.703210626585876,0.6628380822191892,76.55459630796248,0.024745246582897076,76.80984573364258,79.7820922544511,73.83759921283405,0.07739233147572087,0.7838221511369257,77.48049018046366,76.70465058827041,0.7758395921932504,0.6434975557348155,0.1323420364584349,1.1352886045477029,1.36378395556454
2020-02-14 05:00:00+00:00,78.4655954129786,78.7652165546687,78.00892627887556,78.51634216308594,80113600.0,0.00024606347162273493,-0.11870496869119436,0.0,0.004109893375766616,0.012394549961758922,0.19675738086827543,0.01766905192607703,0.2804875037921198,0.013814309401015306,0.21929536325512888,57.35751363052717,0.756290275793134,1.6355734586721087,0.5737929295786954,76.60168169570694,0.02438550261806722,76.89917068481445,79.9671319577395,73.8312094118894,0.07979179087638426,0.76355800064087,77.63985202394402,76.83884996418267,0.8010020597613448,0.6749984565401214,0.1260036032212234,1.0542320025634817,1.3291527364867257
2020-02-15 05:00:00+00:00,78.4655954129786,78.7652165546687,78.00892627887556,78.51634216308594,80113600.0,0.0,-0.134964186500784,0.0,0.014517407235330237,0.012414449174118436,0.19707327107141145,0.01766905192607703,0.2804875037921198,0.013655692917610382,0.21677740464157869,57.35751363052717,0.756290275793134,1.5727675170378963,0.587774459115524,76.65106172915219,0.023756588533625042,76.98849563598633,80.13862773354543,73.83836353842722,0.08183383949865515,0.7425051521305202,77.77469666073507,76.96310864558292,0.8115880151521537,0.7023163682625279,0.10927164688962587,0.9700206085220787,1.289005057704363
2020-02-16 05:00:00+00:00,78.4655954129786,78.7652165546687,78.00892627887556,78.51634216308594,80113600.0,0.0,-0.13346300253011373,0.0,0.03801313158536024,0.011694770917943808,0.18564873293249926,0.01766905192607703,0.2804875037921198,0.013502418204095172,0.21434424399616317,57.35751363052717,0.756290275793134,1.514447714091842,0.605963697666218,76.84093435990872,0.021338332339747062,77.19063377380371,80.17579507376979,74.20547247383763,0.07734516881189693,0.7220497078830029,77.88879596878905,77.07816298021278,0.8106329885762733,0.723979692325277,0.08665329625099627,0.8881988315320095,1.2523108766146465
2020-02-17 05:00:00+00:00,78.4655954129786,78.7652165546687,78.00892627887556,78.51634216308594,80113600.0,0.0,-0.13201081515088867,0.018651852639307798,0.03801313158536024,0.0032252830764235123,0.051199781568011665,0.01619454232286372,0.25708038949684614,0.013354191979982444,0.21199122563548076,57.35751363052717,0.756290275793134,1.4602936113562202,0.6253864091396768,76.90982278282607,0.020460955464825074,77.2874324798584,80.31453189461816,74.26033306509864,0.07833354835661392,0.7029846917540156,77.98534153714242,77.18469477153673,0.8006467656056913,0.73931310698136,0.061333658624331266,0.8119387670160612,1.2186011411927933
2020-02-18 05:00:00+00:00,76.19915990390432,77.25990141746018,76.01794043224491,77.07868194580078,152531200.0,-0.018480039964295803,-1.4638579055309335,-0.014275691175413163,0.01900676751913588,0.0082927203704057,0.13164285475375753,0.01571565393402624,0.24947827200112394,0.013534262345793559,0.21484975407405257,47.96951297657216,2.4984017308410245,1.5344441913194204,1.2210539326465129,76.8099060479501,0.003487032874273619,77.23219680786133,80.23063953648652,74.23375407923614,0.07764748000331351,0.4744009014087565,77.84585544616678,77.17684196963036,0.6690134765364206,0.7252531808923722,-0.0562397043559516,-0.10239639436497396,0.5223595174431492
2020-02-19 05:00:00+00:00,77.32028463710277,78.42451672179727,77.32028463710277,78.1949691772461,93984000.0,0.014378569131027788,0.944775728340806,0.010364915163393107,0.08531763092318978,0.011671447154685724,0.18527847966918504,0.01536099945245776,0.24384830664361548,0.013521275326617782,0.2146435915359858,54.23329740671913,1.3458347759964937,1.5209720902249257,0.7623639577318894,76.79792267532375,0.017866194163407543,77.2384407043457,80.24473981413867,74.23214159455274,0.07784463493509697,0.6590873758676431,77.89956525094821,77.25225879982412,0.6473064511240949,0.7096638349387168,-0.06235738381462186,0.6363495034705738,1.038928848564292
2020-02-20 05:00:00+00:00,77.95579204697857,78.44387387788015,76.88780195801438,77.3927993774414,100566000.0,-0.010311567741239687,-0.8654205073979632,0.023159508336143997,0.11184402047961717,0.012379786149504371,0.1965230126145027,0.015523879989927429,0.24643395501695917,0.013487534960835525,0.21410797983396054,49.6112527284931,1.5560719198657722,1.5234792209135577,0.8498876602761565,77.00784428072262,0.0049740428026304375,77.37765235900879,80.11721446545303,74.63809025256455,0.07081016347545681,0.502764496266937,77.8216012704087,77.26266921298095,0.5589320574277536,0.6795174794365242,-0.12058542200877054,0.011057985067748018,0.6425622365788101
2020-02-21 05:00:00+00:00,76.9868493533589,77.4290289157497,75.0248480652508,75.6409912109375,129554000.0,-0.022895396942115977,-1.7246800364812547,0.0,0.0697078441231116,0.015003323678583114,0.23817037975762614,0.0128098811181363,0.20335055857734397,0.013782900988246057,0.21879677015955268,41.32773739815165,2.4041808504989035,1.586386480169654,1.1282551834997492,77.13925376709291,-0.01980754789393565,77.42927360534668,79.98165378382191,74.87689342687145,0.0659280414145325,0.14968337995057565,77.48612279972083,77.14254491653328,0.34357788318754956,0.6123295601867293,-0.2687516769991798,-1.4012664801976986,-0.20593814620064566
2020-02-22 05:00:00+00:00,76.9868493533589,77.4290289157497,75.0248480652508,75.6409912109375,129554000.0,0.0,-0.06291911365323079,0.0,0.14452344154401908,0.015003323678583114,0.23817037975762614,0.0128098811181363,0.20335055857734397,0.013644926846560781,0.21660649856201172,41.32773739815165,2.4041808504989035,1.6448003637646003,1.1637443258548787,77.27893019526293,-0.021654118462802324,77.48089485168457,79.82645418583056,75.13533551753858,0.060545489017283655,0.10779000258866381,77.20225640144648,77.03131871611878,0.1709376853277007,0.5240511852149237,-0.35311349988722296,-1.5688399896453424,-0.20390278046815918
2020-02-23 05:00:00+00:00,76.9868493533589,77.4290289157497,75.0248480652508,75.6409912109375,129554000.0,0.0,-0.06232074735241953,0.04986934895582951,0.14519304194471827,0.013841686899182396,0.21972996756514435,0.0128098811181363,0.20335055857734397,0.013511015350673635,0.2144807194671515,41.32773739815165,2.4041808504989035,1.6990418271027647,1.187333327101286,77.41066640885683,-0.023395716655593427,77.54276046752929,79.59329421428583,75.49222672077275,0.05288781916953279,0.03627457738748788,76.96206175675279,76.92833149351276,0.03373026324003092,0.42598700081994517,-0.39225673757991425,-1.8549016904500448,-0.20192662751430115
2020-02-24 05:00:00+00:00,71.82571246698684,73.49775945094957,69.88545691802558,72.04800415039062,222195200.0,-0.04866572686155453,-3.2362106093230425,0.035059375632973344,0.09079576719112237,0.02036082683255433,0.3232181057195383,0.01673671989397299,0.26568719161439913,0.015009417164956382,0.23826711085499233,28.946706623639173,5.755534292911918,1.9887912889462758,1.9595253154621706,76.91842474620961,-0.06759966016064275,77.30216026306152,80.49889209033644,74.1054284357866,0.08270743835350382,-0.3218012014398236,76.20605289423554,76.5668257643926,-0.3607728701570636,0.2686350266245434,-0.629407896781607,-3.2872048057592886,-1.9081584527393498
2020-02-25 05:00:00+00:00,72.71733735421887,73.09910313567873,69.13643877148064,69.60760498046875,230673600.0,-0.034458792833192115,-2.1642275810602913,-0.015615741330162636,0.05384849687880422,0.021400444101022046,0.3397215182258614,0.01630385591168751,0.2588156889225324,0.015585366782202539,0.24741002758460934,23.743708940682353,3.9626643641980905,2.129782222892834,1.9386828726718646,76.18137787219489,-0.09444044071866395,76.90820274353027,81.60105853174701,72.21534695531352,0.12203784826090018,-0.27784169091585226,75.19090706134834,76.0513279285464,-0.8604208671980587,0.042823847860022995,-0.9032447150580817,-3.1113667636634106,-2.8267957872517484
2020-02-26 05:00:00+00:00,69.23307309062069,71.97552869907848,69.22582460812832,70.71182250976562,198054800.0,0.01573895137952115,1.0364650290032351,0.0699402157625919,-0.0206148364646338,0.026904056392940218,0.4270886548474636,0.016684145340339476,0.2648525964491721,0.015599228802618966,0.24763008033675393,29.884794344575127,2.7497040909501607,2.1740623563255004,1.602175637877766,75.64890529507463,-0.06981976436298426,76.52413864135742,81.91123518007898,71.13704210263587,0.14079469914634485,-0.03946649088371089,74.50181713033561,75.65580900863671,-1.153991878301099,-0.19653929737220138,-0.9574525809288976,-2.1578659635348436,-2.2008602802757746
2020-02-27 05:00:00+00:00,67.92103635676665,69.10500169424336,65.95419815371966,66.08950805664062,320605600.0,-0.06760277379378093,-3.6910178412191317,0.0005850473449420246,-0.054611110765513726,0.03438473676123135,0.545840774199832,0.02122825454201076,0.3369880937168269,0.01787424040086303,0.2837447698492022,21.92504374335182,4.757624356045966,2.358602499162677,2.396831871236606,74.42944854037378,-0.126191595745963,75.96223678588868,83.06701979750486,68.8574537742725,0.18706092164300292,-0.19479452877775008,73.20761573438254,74.94719412330366,-1.7395783889211174,-0.5051471156819847,-1.2344312732391327,-2.7791781151109993,-3.640338768273551
2020-02-28 05:00:00+00:00,62.16069333508348,67.27108062705318,61.94564270332902,66.05086517333984,426510000.0,-0.0005848762714648077,0.05788746707383797,0.0,-0.09704714182891205,0.034270736647573914,0.544031078498808,0.02124930642352432,0.33732228197551617,0.01771446955046676,0.2812084862277672,21.872593899645892,5.325437923724159,2.570519315202783,2.858578288423988,73.1176133134195,-0.10698948638347298,75.39840278625488,83.7307527736808,67.06605279882895,0.2210219229987433,-0.0609184459978932,72.10657718652982,74.28820679367671,-2.1816296071468884,-0.8404436139749655,-1.3411859931719228,-2.2436737839915715,-3.2617894705815282
2020-02-29 05:00:00+00:00,62.16069333508348,67.27108062705318,61.94564270332902,66.05086517333984,426510000.0,0.0,0.09012460494849846,0.0,-0.06677602080782863,0.03352244651905535,0.5321523409672999,0.02124930642352432,0.33732228197551617,0.017559664999638624,0.27875104016789337,21.872593899645892,5.325437923724159,2.7672992158114527,2.5904850707741587,72.05184035346329,-0.09085384671911345,74.83456878662109,84.09205464524165,65.57708292800054,0.24741201850221944,0.02558914226685654,71.1749291845006,73.67803334031842,-2.503104155817823,-1.172975722343537,-1.330128433474286,-1.8976434309325738,-2.973213774263483
2020-03-01 05:00:00+00:00,62.16069333508348,67.27108062705318,61.94564270332902,66.05086517333984,426510000.0,0.0,0.08936459844718538,-0.08517083716078755,-0.05421592045616552,0.032665036723643,0.5185413824253088,0.02124930642352432,0.33732228197551617,0.017408849627127184,0.27635692035058834,21.872593899645892,5.325437923724159,2.950023409233789,2.3628983246252555,71.1719299006028,-0.07753213699508027,74.25237159729004,84.19190843896845,64.31283475561162,0.267723080835338,0.08743015119378222,70.38661164432202,73.11305792054223,-2.7264462762202157,-1.483669833118873,-1.2427764431013428,-1.650279395224872,-2.749880753268018
2020-03-02 05:00:00+00:00,68.20614327523455,72.8356953532534,67.10433001123728,72.2002182006836,341397200.0,0.08901793841813882,4.271977944881551,0.03280060775657967,0.03383682764173379,0.055695355018413925,0.8841363513610588,0.029882571574067422,0.4743711175204221,0.0208484484710331,0.3309588592553903,47.04892589209554,6.7848301799135555,3.223938178568058,1.770212686524599,71.11489508839513,0.01503213064082108,74.00107917785644,83.87799409182804,64.12416426388484,0.2669397534117881,0.40883484403488185,70.66562803760841,73.04544016351568,-2.3798121259072644,-1.6628982916765513,-0.7169138342307131,-0.36466062386047277,-0.8828578360007433
2020-03-03 05:00:00+00:00,73.37455265692115,73.45428597286327,69.05669090258408,69.90721893310547,319475600.0,-0.03227414900537,-1.5036531145148249,-0.04432859468557082,0.0010033106849201001,0.04564918243913794,0.7246583057242554,0.030535590252609685,0.4847374676698393,0.021081755891150532,0.3346624997313311,41.658183779741954,4.397595070279195,3.3077708136902824,1.572656933859581,70.79752776021654,-0.01273557782298579,73.54343948364257,83.28058571395411,63.80629325333104,0.26479985974757836,0.3132809929865473,70.54894971383874,72.81297933163344,-2.264029617794705,-1.7831245569001821,-0.4809050608945229,-0.74687602805381,-1.550282121106798
2020-03-04 05:00:00+00:00,71.627608169565,73.30932297425433,70.82782674257614,73.14984893798828,219178400.0,0.04534114330575268,2.081207179995944,0.033524586302763115,0.047434615201839225,0.04726882332172066,0.7503693076555376,0.03188889555915305,0.5062205234041859,0.021706185684150642,0.34457501539231805,50.32593960251674,3.40210404114886,3.3145089013658953,1.0468702087355408,70.74643745382023,0.03285600064882572,73.27608070373535,82.73006202798217,63.82209937948851,0.2580373085856078,0.4933238832710981,70.9490880560156,72.83793263580787,-1.888844579792277,-1.8042685614786012,-0.0845760183136759,-0.026704466915608408,-0.589885436634449
2020-03-05 05:00:00+00:00,71.40529829391956,72.37905058025478,70.41221917601806,70.7770767211914,187572800.0,-0.03297488921595259,-1.4871231837830596,0.013458827282315955,0.013458827282315955,0.0528056271308469,0.8382633432781565,0.032520312137628446,0.5162439508461611,0.021931549685350354,0.3481525580021635,45.05146748974991,2.7376297619702257,3.273303248551919,0.8734946099057477,70.6028375993868,0.0024618016153870725,72.88911743164063,82.06958001532628,63.70865484795498,0.25190214690953244,0.3849708992767709,70.92262477373495,72.68527664213258,-1.7626518683976258,-1.7959452228624062,0.033293354464780434,-0.46011640289291567,-1.2930812623145858
2020-03-06 05:00:00+00:00,68.13852037839982,70.2696631046371,67.95247104471461,69.83715057373047,226176800.0,-0.013369061794956876,-0.5869524000147481,0.0,0.0,0.054005316993434166,0.8573078294390236,0.032547671740801365,0.5166782710819509,0.021961125363763667,0.34862205734178936,43.12339899047086,2.824605676476793,3.2412534219751246,1.0186239042139507,70.42107880479766,-0.008361283733228909,72.45515785217285,81.33110605214745,63.579209652198244,0.24500528224874807,0.35252238862492075,70.75562874296503,72.47430434076946,-1.7186755978044346,-1.7804912978508118,0.061815700046377264,-0.5899104455003172,-1.5398556259345157
2020-03-07 05:00:00+00:00,68.13852037839982,70.2696631046371,67.95247104471461,69.83715057373047,226176800.0,0.0,0.025619648846692482,0.0,0.0,0.0321793564758235,0.510831447510749,0.032547671740801365,0.5166782710819509,0.021961125363763667,0.34862205734178936,43.12339899047087,2.3171920599224904,3.1752490389713652,0.9861872531771829,70.25089571851177,-0.005924427634608191,72.02119827270508,80.48867483283779,63.55372171257237,0.23513845265586902,0.3710331417238444,70.61432440923663,72.2789596172851,-1.664635208048466,-1.7573200798903428,0.09268487184187668,-0.5158674331046222,-1.5103113518769025
2020-03-08 05:00:00+00:00,68.13852037839982,70.2696631046371,67.95247104471461,69.83715057373047,226176800.0,0.0,0.02542770076702565,0.0,0.0,0.02881706648713492,0.4574567486362362,0.032547671740801365,0.5166782710819509,0.021961125363763667,0.34862205734178936,43.12339899047087,2.3171920599224904,3.113959254753589,0.955752649168486,70.09121663098149,-0.0036379785710585876,71.58723869323731,79.52625637767069,63.64822100880393,0.22179980201368943,0.3897793033678229,70.49475920377415,72.09808487331809,-1.6033256695439349,-1.7265211978210613,0.12319552827712643,-0.44088278652870844,-1.4704408014146144
2020-03-09 05:00:00+00:00,68.13852037839982,70.2696631046371,67.95247104471461,69.83715057373047,226176800.0,0.0,0.025240002090794144,0.0,0.0,0.014461351709136726,0.2295668414652879,0.032547671740801365,0.5166782710819509,0.021935180255429183,0.3482101915154393,43.12339899047087,2.3171920599224904,3.0570473122656536,0.9411088381264904,69.85752342655805,-0.0002917194166744947,71.22516212463378,78.75989404274507,63.69043020652249,0.21157500224222991,0.407892439572605,70.3935886453059,71.93060825853382,-1.5370196132279261,-1.6886208809024343,0.1516012676745082,-0.36843024170957994,-1.422142638243064
2020-03-10 05:00:00+00:00,68.13852037839982,70.2696631046371,67.95247104471461,69.83715057373047,226176800.0,0.0,0.025056398353467117,0.0,0.0,0.005978826193783788,0.09491092344498464,0.03243101324074329,0.514826374805098,0.02192876230714377,0.3481083097448964,43.12339899047087,2.3171920599224904,3.0042005085268566,0.9159189269480136,69.69793098828644,0.00199348891385601,70.80727119445801,77.60546891605124,64.00907347286478,0.19201976313769628,0.42864869039877057,70.30798278814045,71.77553731891877,-1.4675545307783153,-1.6444076108776107,0.17685308009929535,-0.2854052384049178,-1.3757988261137881
2020-03-11 05:00:00+00:00,68.13852037839982,70.2696631046371,67.95247104471461,69.83715057373047,226176800.0,0.0,0.02487674283616825,0.0,0.0,0.0,0.0,0.032158762094800265,0.5105045218471924,0.02182788951947705,0.3465070038835767,43.12339899047087,2.3171920599224904,2.955128476483688,0.8932016903858024,69.55134836949745,0.0040924092962711395,70.42948875427246,76.4860841044767,64.37289340406821,0.17199032556762203,0.45109973951602933,70.2355470628466,71.63195311557148,-1.3964060527248705,-1.5948072992470625,0.19840124652219204,-0.19560104193588262,-1.3319945838015534
2020-03-12 05:00:00+00:00,68.13852037839982,70.2696631046371,67.95247104471461,69.83715057373047,226176800.0,0.0,0.024700896073497607,0.0,0.0,0.0,0.0,0.03215846584447742,0.510499819019112,0.02165015609469814,0.34368557323380383,43.12339899047087,2.3171920599224904,2.9095615895864597,0.8764795112168333,69.41100895486494,0.0061019330737961675,70.13929672241211,75.67859228334,64.60000116148423,0.15795127181986335,0.472727024099159,70.17425529529028,71.49900477913882,-1.3247494838485352,-1.5407957361673572,0.21604625231882202,-0.10909190360336414,-1.290467712100062
2020-03-13 05:00:00+00:00,68.13852037839982,70.2696631046371,67.95247104471461,69.83715057373047,226176800.0,0.0,0.024528725399033727,0.0,0.0,0.0,0.0,0.031904683421300824,0.5064711479460442,0.021646450864055877,0.34362675452082647,43.123398990470875,2.3171920599224904,2.8672494803247477,0.8603719577006586,69.27582773184487,0.00803759656965074,69.84910469055175,74.74564373620723,64.95256564489628,0.1402033445481746,0.4987793299808471,70.12239303043492,71.37590446762708,-1.2535114371921594,-1.4833388763723179,0.22982743918015847,-0.0048826800766115334,-1.2464627984647023
2020-03-14 05:00:00+00:00,68.13852037839982,70.2696631046371,67.95247104471461,69.83715057373047,226176800.0,0.0,0.024360104525154674,0.0,0.0,0.0,0.0,0.031904683421300824,0.5064711479460442,0.021646450864055877,0.34362675452082647,43.123398990470875,2.3171920599224904,2.8279596645817295,0.8448457553837734,69.14552544751933,0.009903398413727572,69.55891265869141,73.62821790394591,65.48960741343691,0.11700312985689078,0.5341873978811899,70.07850957555732,71.26192269770881,-1.1834131221514923,-1.4233537255281528,0.23994060337666046,0.13674959152475952,-1.2070206557540084
2020-03-15 05:00:00+00:00,68.13852037839982,70.2696631046371,67.95247104471461,69.83715057373047,226176800.0,0.0,0.02419491315415779,0.0,0.0,0.0,0.0,0.031904683421300824,0.5064711479460442,0.021646450864055877,0.34362675452082647,43.123398990470875,2.3171920599224904,2.791476264248927,0.844217969428859,69.05436009856359,0.011208797448579276,69.4483699798584,73.34962108301572,65.54711887670108,0.11234968090075469,0.5498276813760368,70.04137742143011,71.15638402185856,-1.115006600428444,-1.361684300508211,0.24667770007976708,0.19931072550414744,-1.1704042955539231
2020-03-16 05:00:00+00:00,68.13852037839982,70.2696631046371,67.95247104471461,69.83715057373047,226176800.0,0.0,0.024033036617960496,0.0,0.0,0.0,0.0,0.030205176490201813,0.4794923117993328,0.021459330655005972,0.34065631329030366,43.123398990470875,2.3171920599224904,2.757598821082753,0.8449270561141412,69.06359287394748,0.011076593094477723,69.45984725952148,73.36442003924479,65.55527447979817,0.11242675974033546,0.5483155693970345,70.00995790639939,71.05866302570092,-1.0487051193015304,-1.299088464266875,0.25038334496534453,0.19326227758813788,-1.1328436108116677
2020-03-17 05:00:00+00:00,68.13852037839982,70.2696631046371,67.95247104471461,69.83715057373047,226176800.0,0.0,0.023874365543933008,0.0,0.0,0.0,0.0,0.02924498590276244,0.46424975876579516,0.021403272793639006,0.3397664223290609,43.123398990470875,2.3171920599224904,2.726141195285592,0.8405120499501179,69.03544677036501,0.011479617893617497,69.41611366271972,73.28103509656808,65.55119222887137,0.1113551661110647,0.5544690129174907,69.98337216291186,70.96818062185126,-0.9848084589393977,-1.2362324632013797,0.25142400426198197,0.21787605166996235,-1.0955933530994297
2020-03-18 05:00:00+00:00,68.13852037839982,70.2696631046371,67.95247104471461,69.83715057373047,226176800.0,0.0,0.023718795544652848,0.0,0.0,0.0,0.0,0.029026546854453553,0.4607821463750896,0.021400131253866066,0.3397165519312228,43.123398990470875,2.3171920599224904,2.6969305427596564,0.8555227844698895,69.24836807244044,0.008430792156510169,69.60349578857422,73.13865483440864,66.0683367427398,0.101579928013177,0.5330472804938676,69.96087653380704,70.88440061828676,-0.9235240844797232,-1.1736907874570486,0.25016670297732535,0.13218912197547078,-1.0598205513325207
2020-03-19 05:00:00+00:00,68.13852037839982,70.2696631046371,67.95247104471461,69.83715057373047,226176800.0,0.0,0.023566226929583874,0.0,0.0,0.0,0.0,0.02464060071125532,0.39115740982333713,0.021329969372908934,0.3386027666000483,43.123398990470875,2.3171920599224904,2.6698063654141446,0.8892136830605424,69.54262811327715,0.004217274874959005,69.79281005859374,72.90742830640359,66.6781918107839,0.08925326964754686,0.5071181299936042,69.94184177071834,70.80682654091223,-0.8649847701938853,-1.111949584004416,0.2469648138105307,0.02847251997441676,-1.0253845836844455
2020-03-20 05:00:00+00:00,68.13852037839982,70.2696631046371,67.95247104471461,69.83715057373047,226176800.0,0.0,0.02341656443687238,0.0,0.0,0.0,0.0,0.02463711972346376,0.3911021508552572,0.021272173516290627,0.33768528581951635,43.123398990470875,2.3171920599224904,2.644619629307598,0.9256668902628435,69.86101446355852,-0.0003417076675093668,69.98212432861328,72.55166408428515,67.41258457294141,0.07343417423587048,0.4717899373685881,69.9257354327202,70.73499869149136,-0.8092632587711535,-1.0514123189577635,0.2421490601866101,-0.11284025052564765,-0.9921599902020173
2020-03-21 05:00:00+00:00,68.13852037839982,70.2696631046371,67.95247104471461,69.83715057373047,226176800.0,0.0,0.023269716983622686,0.0,0.0,0.0,0.0,0.02463711972346376,0.3911021508552572,0.021272173516290627,0.33768528581951635,43.123398990470875,2.3171920599224904,2.6212319457800906,0.9652366497748575,70.2066211269894,-0.005290458591503777,70.17143859863282,71.96096721212558,68.38190998514006,0.05100447273793327,0.4065988600624012,69.91210699287564,70.66849142350907,-0.7563844306334317,-0.9924067412928972,0.23602231065946544,-0.37360455975039625,-0.960661215080109
2020-03-22 05:00:00+00:00,68.13852037839982,70.2696631046371,67.95247104471461,69.83715057373047,226176800.0,0.0,0.023125597433166438,0.0,0.0,0.0,0.0,0.02463711972346376,0.3911021508552572,0.021272173516290627,0.33768528581951635,43.123398990470875,2.3171920599224904,2.5995148110759767,0.9895659647494623,70.03945086316345,-0.0028967431771060774,70.05328521728515,71.57007250815862,68.53649792641168,0.04330381612136614,0.42875248729496634,69.90057523608407,70.60691061982176,-0.7063353837376951,-0.9351924697818568,0.22885708604416166,-0.28499005082013346,-0.9297881130496233
2020-03-23 05:00:00+00:00,68.13852037839982,70.2696631046371,67.95247104471461,69.83715057373047,226176800.0,0.0,0.022984122377975893,0.0,0.0,0.0,0.0,0.014681253133711512,0.23305766835953018,0.021272173516290627,0.33768528581951635,43.123398990470875,2.3171920599224904,2.5793489002792995,1.010183804422647,70.03866685044191,-0.002885516878279479,70.0497817993164,71.56831231152108,68.53125128711173,0.043355752814621784,0.42998783235602256,69.89081759572197,70.54989135714833,-0.659073761426356,-0.8799687281107567,0.22089496668440067,-0.28004867057591015,-0.8994498703487224
2020-03-24 05:00:00+00:00,68.13852037839982,70.2696631046371,67.95247104471461,69.83715057373047,226176800.0,0.0,0.022845211936993796,0.0,0.0,0.0,0.0,0.01288768117531431,0.20458559619702169,0.021262172838759738,0.3375265299853831,43.123398990470875,2.3171920599224904,2.5606234116823847,1.0086074883632572,69.87646099789575,-0.0005628869998608746,69.88414688110352,70.30449463301535,69.46379912919168,0.012029845699540036,0.4440983005626886,69.8825611308002,70.49709574356181,-0.6145346127616165,-0.8268819050409286,0.21234729227931215,-0.22360679774924547,-0.8701396848540883
2020-03-25 05:00:00+00:00,68.13852037839982,70.2696631046371,67.95247104471461,69.83715057373047,226176800.0,0.0,0.02270878956626206,0.0,0.0,0.0,0.0,0.007628239511436696,0.1210945481309901,0.021253474807189122,0.3373884530147932,43.123398990470875,2.3171920599224904,2.54323545798525,1.0,69.83715057373047,0.0,69.83715057373047,69.83715167057186,69.83714947688908,3.141140148137781e-08,0.5,69.875574891251,70.4482109161669,-0.5726360249158944,-0.7760327290159219,0.20339670410002753,0.0,-0.8415743368102488
2020-03-26 05:00:00+00:00,68.13852037839982,70.2696631046371,67.95247104471461,69.83715057373047,226176800.0,0.0,0.022574781881830378,0.0,0.0,0.0,0.0,0.0029173684593300484,0.04631178855678576,0.02123923817744636,0.3371624535239509,43.123398990470875,2.3171920599224904,2.5270895009807672,1.0,69.83715057373047,0.0,69.83715057373047,69.83715167057186,69.83714947688908,3.141140148137781e-08,0.5,69.8696634577863,70.40294718709754,-0.5332837293112362,-0.7274829290749848,0.19419919976374855,0.0,-0.8136826251498938
2020-03-27 05:00:00+00:00,68.13852037839982,70.2696631046371,67.95247104471461,69.83715057373047,226176800.0,0.0,0.02244311849401478,0.0,0.0,0.0,0.0,0.0,0.0,0.021239400321254005,0.3371650274771008,43.123398990470875,2.3171920599224904,2.512096826619462,1.0,69.83715057373047,0.0,69.83715057373047,69.83715167057186,69.83714947688908,3.141140148137781e-08,0.5,69.86466147562386,70.36103632684812,-0.4963748512242603,-0.68126131350484,0.1848864622805797,0.0,-0.7908912977831106
2020-03-28 05:00:00+00:00,68.13852037839982,70.2696631046371,67.95247104471461,69.83715057373047,226176800.0,0.0,0.022313731852156602,0.0,0.0,0.0,0.0,0.0,0.0,0.021239400321254005,0.3371650274771008,43.123398990470875,2.3171920599224904,2.4981750575696786,1.0,69.83715057373047,0.0,69.83715057373047,69.83715167057186,69.83714947688908,3.141140148137781e-08,0.5,69.86042902917873,70.32222997476534,-0.461800945586603,-0.6373692399211925,0.17556829433458954,0.0,-0.7642777661851274
2020-03-29 05:00:00+00:00,68.13852037839982,70.2696631046371,67.95247104471461,69.83715057373047,226176800.0,0.0,0.022186557099104748,0.0,0.0,0.0,0.0,0.0,0.0,0.021239400321254005,0.3371650274771008,43.123398990470875,2.3171920599224904,2.4852477005948796,1.0,69.83715057373047,0.0,69.83715057373047,69.83715167057186,69.83714947688908,3.141140148137781e-08,0.5,69.85684772834054,70.28629816728127,-0.42945043894073365,-0.5957854797251009,0.16633504078436723,0.0,-0.7372678964434893
2020-03-30 05:00:00+00:00,68.13852037839982,70.2696631046371,67.95247104471461,69.83715057373047,226176800.0,0.0,0.022061531934709718,0.0,0.0,0.0,0.0,0.0,0.0,0.02092736817478469,0.3322116707134079,43.123398990470875,2.3171920599224904,2.473243726261138,1.0,69.83715057373047,0.0,69.83715057373047,69.83715167057186,69.83714947688908,3.141140148137781e-08,0.5,69.85381739686207,70.2530279751664,-0.39921057830433426,-0.5564704994409475,0.15725992113661325,0.0,-0.710665414917752
2020-03-31 05:00:00+00:00,68.13852037839982,70.2696631046371,67.95247104471461,69.83715057373047,226176800.0,0.0,0.02193859648767736,0.0,0.0,0.0,0.0,0.0,0.0,0.020598195769231855,0.32698622077206174,43.123398990470875,2.3171920599224904,2.4620971786655206,1.0,69.83715057373047,0.0,69.83715057373047,69.83715167057186,69.83714947688908,3.141140148137781e-08,0.5,69.85125327022644,70.2222222417267,-0.3709689715002611,-0.5193701938528102,0.14840122235254916,0.0,-0.6890946362501742
2020-04-01 05:00:00+00:00,68.13852037839982,70.2696631046371,67.95247104471461,69.83715057373047,226176800.0,0.0,0.02181769319518408,0.0,0.0,0.0,0.0,0.0,0.0,0.020402839752523147,0.3238850401480732,43.123398990470875,2.3171920599224904,2.4517468130410185,1.0,69.83715057373047,0.0,69.83715057373047,69.83715167057186,69.83714947688908,3.141140148137781e-08,0.5,69.84908362461168,70.19369841446772,-0.34461478985603833,-0.4844191130534559,0.1398043231974176,0.0,-0.6678850161594512
2020-04-02 05:00:00+00:00,68.13852037839982,70.2696631046371,67.95247104471461,69.83715057373047,226176800.0,0.0,0.021698766689704045,0.0,0.0,0.0,0.0,0.0,0.0,0.020404049570119556,0.3239042454070243,43.123398990470875,2.3171920599224904,2.4421357592468382,1.0,69.83715057373047,0.0,69.83715057373047,69.83715167057186,69.83714947688908,3.141140148137781e-08,0.5,69.84724777062996,70.16728746330199,-0.3200396926720259,-0.4515432289771699,0.131503536305144,0.0,-0.6470071806399672
2020-04-03 05:00:00+00:00,68.13852037839982,70.2696631046371,67.95247104471461,69.83715057373047,226176800.0,0.0,0.02158176369254346,0.0,0.0,0.0,0.0,0.0,0.0,0.01962683586431654,0.3115663603203901,43.123398990470875,2.3171920599224904,2.4332112092950995,1.0,69.83715057373047,0.0,69.83715057373047,69.83715167057186,69.83714947688908,3.141140148137781e-08,0.5,69.84569435572234,70.14283287888928,-0.2971385231669359,-0.42066228781512316,0.12352376464818726,0.0,-0.6269917078178076
2020-04-04 05:00:00+00:00,68.13852037839982,70.2696631046371,67.95247104471461,69.83715057373047,226176800.0,0.0,0.021466632913617136,0.0,0.0,0.0,0.0,0.0,0.0,0.01962683586431654,0.3115663603203901,43.12339899047087,2.3171920599224904,2.4249241271970563,1.0,69.83715057373047,0.0,69.83715057373047,69.83715167057186,69.83714947688908,3.141140148137781e-08,0.5,69.8443799277236,70.12018974517382,-0.2758098174502237,-0.3916917937421433,0.1158819762919196,0.0,-0.6024025270559388
2020-04-05 05:00:00+00:00,68.13852037839982,70.2696631046371,67.95247104471461,69.83715057373047,226176800.0,0.0,0.021353324957039517,0.0,0.0,0.0,0.0,0.0,0.0,0.01962683586431654,0.3115663603203901,43.12339899047087,2.3171920599224904,2.4172289795345874,1.0,69.83715057373047,0.0,69.83715057373047,69.83715167057186,69.83714947688908,3.141140148137781e-08,0.5,69.84326771941696,70.09922388062246,-0.25595616120550346,-0.3645446672348154,0.10858850602931192,0.0,-0.5773601091716817
2020-04-06 05:00:00+00:00,68.13852037839982,70.2696631046371,67.95247104471461,69.83715057373047,226176800.0,0.0,0.021241792232135733,0.0,0.0,0.0,0.0,0.0,0.0,0.019626049957945833,0.31155388444352605,43.12339899047087,2.3171920599224904,2.410083485276581,1.0,69.83715057373047,0.0,69.83715057373047,69.83715167057186,69.83714947688908,3.141140148137781e-08,0.5,69.84232662008057,70.07981104307491,-0.23748442299434203,-0.3391326183867207,0.10164819539237868,0.0,-0.5519310827034474
2020-04-07 05:00:00+00:00,68.13852037839982,70.2696631046371,67.95247104471461,69.83715057373047,226176800.0,0.0,0.021131988869508744,0.0,0.0,0.0,0.0,0.0,0.0,0.019153138261601012,0.30404664399979353,43.12339899047087,2.3171920599224904,2.403448383465575,1.0,69.83715057373047,0.0,69.83715057373047,69.83715167057186,69.83714947688908,3.141140148137781e-08,0.5,69.84153030525748,70.06183619349385,-0.22030588823636776,-0.31536727235665013,0.09506138412028237,0.0,-0.527035501479348
2020-04-08 05:00:00+00:00,68.13852037839982,70.2696631046371,67.95247104471461,69.83715057373047,226176800.0,0.0,0.02102387064182663,0.0,0.0,0.0,0.0,0.0,0.0,0.01911448554806242,0.3034330511946679,43.12339899047086,2.3171920599224904,2.397287217498212,1.0,69.83715057373047,0.0,69.83715057373047,69.83715167057186,69.83714947688908,3.141140148137781e-08,0.5,69.84085650040717,70.04519281425212,-0.20433631384494788,-0.2931610806543097,0.0888247668093618,0.0,-0.5020690220323167
2020-04-09 05:00:00+00:00,68.13852037839982,70.2696631046371,67.95247104471461,69.83715057373047,226176800.0,0.0,0.020917394889019583,0.0,0.0,0.0,0.0,0.0,0.0,0.019040190696435026,0.30225365698807677,43.12339899047086,2.3171920599224904,2.391566134814232,1.0,69.83715057373047,0.0,69.83715057373047,69.83715167057186,69.83714947688908,3.141140148137781e-08,0.5,69.84028635784152,70.02978227791718,-0.1894959200756574,-0.27242804853857927,0.08293212846292186,0.0,-0.4769553994930027
2020-04-10 05:00:00+00:00,68.13852037839982,70.2696631046371,67.95247104471461,69.83715057373047,226176800.0,0.0,0.020812520447599337,0.0,0.0,0.0,0.0,0.0,0.0,0.018980774817235205,0.30131045914633087,43.12339899047086,2.3171920599224904,2.3862537008933935,1.0,69.83715057373047,0.0,69.83715057373047,69.83715167057186,69.83714947688908,3.141140148137781e-08,0.5,69.83980392951675,70.01551326279224,-0.17570933327549199,-0.25308430548596184,0.07737497221046985,0.0,-0.4512529349261063
2020-04-11 05:00:00+00:00,68.13852037839982,70.2696631046371,67.95247104471461,69.83715057373047,226176800.0,0.0,0.020709207583835345,0.0,0.0,0.0,0.0,0.0,0.0,0.018980774817235205,0.30131045914633087,43.12339899047086,2.3171920599224904,2.381320726538329,1.0,69.83715057373047,0.0,69.83715057373047,69.83715167057186,69.83714947688908,3.141140148137781e-08,0.5,69.83939572093425,70.00230121175062,-0.16290549081637096,-0.2350485425520437,0.07214305173567273,0.0,-0.4256687294088167
2020-04-12 05:00:00+00:00,68.13852037839982,70.2696631046371,67.95247104471461,69.83715057373047,226176800.0,0.0,0.020607417930541348,0.0,0.0,0.0,0.0,0.0,0.0,0.018980774817235205,0.30131045914633087,43.12339899047086,2.3171920599224904,2.376740107494341,1.0,69.83715057373047,0.0,69.83715057373047,69.83715167057186,69.83714947688908,3.141140148137781e-08,0.5,69.83905031367213,69.99006783115654,-0.15101751748440506,-0.21824233753851596,0.0672248200541109,0.0,-0.3983225347906921
2020-04-13 05:00:00+00:00,68.13852037839982,70.2696631046371,67.95247104471461,69.83715057373047,226176800.0,0.0,0.02050711442724424,0.0,0.0,0.0,0.0,0.0,0.0,0.018964566282657733,0.30105315663667814,43.12339899047086,2.3171920599224904,2.3724866755249234,1.0,69.83715057373047,0.0,69.83715057373047,69.83715167057186,69.83714947688908,3.141140148137781e-08,0.5,69.8387580459888,69.97874062690275,-0.13998258091395144,-0.20259038621360306,0.06260780529965163,0.0,-0.3703026305204872
2020-04-14 05:00:00+00:00,68.13852037839982,70.2696631046371,67.95247104471461,69.83715057373047,226176800.0,0.0,0.020408261263523308,0.0,0.0,0.0,0.0,0.0,0.0,0.01895745590550393,0.30094028289861713,43.12339899047086,2.3171920599224904,2.36853706012475,1.0,69.83715057373047,0.0,69.83715057373047,69.83715167057186,69.83714947688908,3.141140148137781e-08,0.5,69.83851074256444,69.96825247481591,-0.12974173225147467,-0.1880206554211774,0.058278923169702734,0.0,-0.3411932196947002
2020-04-15 05:00:00+00:00,68.13852037839982,70.2696631046371,67.95247104471461,69.83715057373047,226176800.0,0.0,0.020310823825323267,0.0,0.0,0.0,0.0,0.0,0.0,0.01868557834231767,0.29662436038312257,43.12339899047086,2.3171920599224904,2.364869560110303,1.0,69.83715057373047,0.0,69.83715057373047,69.83715167057186,69.83714947688908,3.141140148137781e-08,0.5,69.83830148582075,69.95854122288365,-0.12023973706290292,-0.17446447174952254,0.05422473468661962,0.0,-0.31064745160509216
2020-04-16 05:00:00+00:00,68.13852037839982,70.2696631046371,67.95247104471461,69.83715057373047,226176800.0,0.0,0.020214768644058446,0.0,0.0,0.0,0.0,0.0,0.0,0.018675328904215298,0.29646165559734045,43.12339899047086,2.3171920599224904,2.3614640243826024,1.0,69.83715057373047,0.0,69.83715057373047,69.83715167057186,69.83714947688908,3.141140148137781e-08,0.5,69.83812442242224,69.94954932294638,-0.11142490052414189,-0.1618565575044464,0.05043165698030452,0.0,-0.27815468749815814
2020-04-17 05:00:00+00:00,68.13852037839982,70.2696631046371,67.95247104471461,69.83715057373047,226176800.0,0.0,0.020120063348338227,0.0,0.0,0.0,0.0,0.0,0.0,0.018674908025480552,0.2964549743545549,43.12339899047086,2.3171920599224904,2.3583017412068803,1.0,69.83715057373047,0.0,69.83715057373047,69.83715167057186,69.83714947688908,3.141140148137781e-08,0.5,69.83797459954658,69.94122348967113,-0.10324889012454719,-0.15013502402846657,0.04688613390391938,0.0,-0.24293185012299826
2020-04-18 05:00:00+00:00,68.13852037839982,70.2696631046371,67.95247104471461,69.83715057373047,226176800.0,0.0,0.020026676618155655,0.0,0.0,0.0,0.0,0.0,0.0,0.018674908025480552,0.2964549743545549,43.12339899047086,2.3171920599224904,2.355365335400853,1.0,69.83715057373047,0.0,69.83715057373047,69.83715167057186,69.83714947688908,3.141140148137781e-08,0.5,69.8378478263441,69.93351438478663,-0.09566655844253091,-0.13924133091127944,0.043574772468748524,0.0,-0.2067879634162924
2020-04-19 05:00:00+00:00,68.13852037839982,70.2696631046371,67.95247104471461,69.83715057373047,226176800.0,0.0,0.01993457814139212,0.0,0.0,0.0,0.0,0.0,0.0,0.018674908025480552,0.2964549743545549,43.12339899047087,2.3171920599224904,2.3526386728666844,1.0,69.83715057373047,0.0,69.83715057373047,69.83715167057186,69.83714947688908,3.141140148137781e-08,0.5,69.83774055671124,69.9263763247084,-0.088635767997161,-0.12912021832845574,0.04048445033129475,0.0,-0.16304935135425322
2020-04-20 05:00:00+00:00,68.13852037839982,70.2696631046371,67.95247104471461,69.83715057373047,226176800.0,0.0,0.019843738572501025,0.0,0.0,0.0,0.0,0.0,0.0,0.018674908025480552,0.2964549743545549,43.12339899047086,2.3171920599224904,2.3501067719420994,1.0,69.83715057373047,0.0,69.83715057373047,69.83715167057186,69.83714947688908,3.141140148137781e-08,0.5,69.83764979009881,69.91976700982114,-0.08211721972233477,-0.11971961860723156,0.03760239888489679,0.0,-0.11338244834262112
2020-04-21 05:00:00+00:00,68.13852037839982,70.2696631046371,67.95247104471461,69.83715057373047,226176800.0,0.0,0.01975412949324254,0.0,0.0,0.0,0.0,0.0,0.0,0.018554377685735004,0.29454161452812583,43.12339899047086,2.3171920599224904,2.3477557210835562,1.0,69.83715057373047,0.0,69.83715057373047,69.83715167057186,69.83714947688908,3.141140148137781e-08,0.5,69.8375729875806,69.91364727381442,-0.07607428623381907,-0.11099055213254906,0.034916265898729995,0.0,-0.06381378029748368
2020-04-22 05:00:00+00:00,68.13852037839982,70.2696631046371,67.95247104471461,69.83715057373047,226176800.0,0.0,0.01966572337535024,0.0,0.0,0.0,0.0,0.0,0.0,0.018443184759148166,0.2927764815403364,43.12339899047087,2.3171920599224904,2.3455726024291947,1.0,69.83715057373047,0.0,69.83715057373047,69.83715167057186,69.83714947688908,3.141140148137781e-08,0.5,69.83750800083443,69.90798085158598,-0.07047285075154264,-0.10288701185634778,0.03241416110480515,0.0,-0.002868022717697701
2020-04-23 05:00:00+00:00,68.13852037839982,70.2696631046371,67.95247104471461,69.83715057373047,226176800.0,0.0,0.019578493545018318,0.0,0.0,0.0,0.0,0.0,0.0,0.018412107397009877,0.2922831437106056,43.12339899047087,2.3171920599224904,2.3435454208215734,1.0,69.83715057373047,0.0,69.83715057373047,69.83715167057186,69.83714947688908,3.141140148137781e-08,0.5,69.83745301204921,69.90273416433742,-0.06528115228820752,-0.09536583994271974,0.03008468765451222,0.0,0.07980367191665058
2020-04-24 05:00:00+00:00,68.13852037839982,70.2696631046371,67.95247104471461,69.83715057373047,226176800.0,0.0,0.019492414149105335,0.0,0.0,0.0,0.0,0.0,0.0,0.01821046307259389,0.2890821392964516,43.12339899047086,2.3171920599224904,2.3416630379002106,1.0,69.83715057373047,0.0,69.83715057373047,69.83715167057186,69.83714947688908,3.141140148137781e-08,0.5,69.8374064830771,69.89787612058875,-0.06046963751164469,-0.08838659945650473,0.02791696194486004,0.0,0.11547501850373051
2020-04-25 05:00:00+00:00,68.13852037839982,70.2696631046371,67.95247104471461,69.83715057373047,226176800.0,0.0,0.019407460122957382,0.0,0.0,0.0,0.0,0.0,0.0,0.01821046307259389,0.2890821392964516,43.12339899047086,2.3171920599224904,2.3399151109018024,1.0,69.83715057373047,0.0,69.83715057373047,69.83715167057186,69.83714947688908,3.141140148137781e-08,0.5,69.83736711240839,69.89337793193258,-0.056010819524189515,-0.08191144347004169,0.025900623945852172,0.0,0.11206158626032903
2020-04-26 05:00:00+00:00,68.13852037839982,70.2696631046371,67.95247104471461,69.83715057373047,226176800.0,0.0,0.01932360715975967,0.0,0.0,0.0,0.0,0.0,0.0,0.01821046307259389,0.2890821392964516,43.12339899047086,2.3171920599224904,2.3382920358318517,1.0,69.83715057373047,0.0,69.83715057373047,69.83715167057186,69.83714947688908,3.141140148137781e-08,0.5,69.83733379876563,69.88921294243612,-0.05187914367049018,-0.07590498351013139,0.02402583983964121,0.0,0.1258988187785749
2020-04-27 05:00:00+00:00,68.13852037839982,70.2696631046371,67.95247104471461,69.83715057373047,226176800.0,0.0,0.019240831681331585,0.0,0.0,0.0,0.0,0.0,0.0,0.017169877170152996,0.27256335020250166,43.12339899047087,2.3171920599224904,2.336784894695469,1.0,69.83715057373047,0.0,69.83715057373047,69.83715167057186,69.83714947688908,3.141140148137781e-08,0.5,69.83730561029869,69.88535647068014,-0.048050860381451344,-0.07033415888439538,0.02228329850294404,0.0,0.07717508370441012
2020-04-28 05:00:00+00:00,68.13852037839982,70.2696631046371,67.95247104471461,69.83715057373047,226176800.0,0.0,0.019159110810285433,0.0,0.0,0.0,0.0,0.0,0.0,0.016610202902346317,0.26367879663558985,43.12339899047086,2.3171920599224904,2.3353854064973993,1.0,69.83715057373047,0.0,69.83715057373047,69.83715167057186,69.83714947688908,3.141140148137781e-08,0.5,69.83728175851896,69.88178566349868,-0.04450390497972023,-0.06516810810346035,0.02066420312374012,0.0,0.0167197722243541
2020-04-29 05:00:00+00:00,68.13852037839982,70.2696631046371,67.95247104471461,69.83715057373047,226176800.0,0.0,0.019078422343474427,0.0,0.0,0.0,0.0,0.0,0.0,0.016488376417524125,0.26174486114394563,43.12339899047087,2.3171920599224904,2.334085881742049,1.0,69.83715057373047,0.0,69.83715057373047,69.83715167057186,69.83714947688908,3.141140148137781e-08,0.5,69.8372615762438,69.87847936055289,-0.04121778430908307,-0.0603780433445849,0.01916025903550183,0.0,-0.06598729346275016
2020-04-30 05:00:00+00:00,68.13852037839982,70.2696631046371,67.95247104471461,69.83715057373047,226176800.0,0.0,0.018998744726659758,0.0,0.0,0.0,0.0,0.0,0.0,0.014050463037928826,0.22304418602198858,43.12339899047086,2.3171920599224904,2.3328791801835096,1.0,69.83715057373047,0.0,69.83715057373047,69.83715167057186,69.83714947688908,3.141140148137781e-08,0.5,69.83724449893406,69.87541796893642,-0.03817347000236282,-0.055937128676140487,0.017763658673777667,0.0,-0.2094346873265827
2020-05-01 05:00:00+00:00,68.13852037839982,70.2696631046371,67.95247104471461,69.83715057373047,226176800.0,0.0,0.01892005703033134,0.0,0.0,0.0,0.0,0.0,0.0,0.014049675749242674,0.22303168820154715,43.12339899047087,2.3171920599224904,2.331758671593437,1.0,69.83715057373047,0.0,69.83715057373047,69.83715167057186,69.83714947688908,3.141140148137781e-08,0.5,69.83723004890274,69.87258334706931,-0.0353532981665694,-0.05182036257422627,0.01646706440765687,0.0,-0.16282495743473183
2020-05-02 05:00:00+00:00,68.13852037839982,70.2696631046371,67.95247104471461,69.83715057373047,226176800.0,0.0,0.018842338926620537,0.0,0.0,0.0,0.0,0.0,0.0,0.014049675749242674,0.22303168820154715,43.12339899047087,2.3171920599224904,2.3307181993312267,1.0,69.83715057373047,0.0,69.83715057373047,69.83715167057186,69.83714947688908,3.141140148137781e-08,0.5,69.83721782195316,69.86995869719236,-0.032740875239198886,-0.0480044651072208,0.015263589868021912,0.0,-0.1601502747921532
2020-05-03 05:00:00+00:00,68.13852037839982,70.2696631046371,67.95247104471461,69.83715057373047,226176800.0,0.0,0.01876557066724712,0.0,0.0,0.0,0.0,0.0,0.0,0.014049675749242674,0.22303168820154715,43.12339899047087,2.3171920599224904,2.329752046516317,1.0,69.83715057373047,0.0,69.83715057373047,69.83715167057186,69.83714947688908,3.141140148137781e-08,0.5,69.83720747607275,69.8675284658248,-0.030320989752055993,-0.04446777003618784,0.014146780284131848,0.0,-0.12909944487159794
2020-05-04 05:00:00+00:00,68.13852037839982,70.2696631046371,67.95247104471461,69.83715057373047,226176800.0,0.0,0.018689733062446107,0.0,0.0,0.0,0.0,0.0,0.0,0.008372321936214476,0.13290649043636568,43.123398990470875,2.3171920599224904,2.328854904616758,1.0,69.83715057373047,0.0,69.83715057373047,69.83715167057186,69.83714947688908,3.141140148137781e-08,0.5,69.83719872186624,69.8652782515956,-0.02807952972935368,-0.04119012197482101,0.013110592245467331,0.0,0.0
2020-05-05 05:00:00+00:00,68.13852037839982,70.2696631046371,67.95247104471461,69.83715057373047,226176800.0,0.0,0.01861480746082352,0.0,0.0,0.0,0.0,0.0,0.0,0.007319746212417055,0.11619736882897497,43.123398990470875,2.3171920599224904,2.3280218442814538,1.0,69.83715057373047,0.0,69.83715057373047,69.83715167057186,69.83714947688908,3.141140148137781e-08,0.5,69.83719131446074,69.86319471990188,-0.026003405441144878,-0.038152778668085786,0.012149373226940909,0.0,0.0
2020-05-06 05:00:00+00:00,68.13852037839982,70.2696631046371,67.95247104471461,69.83715057373047,226176800.0,0.0,0.01854077573009296,0.0,0.0,0.0,0.0,0.0,0.0,0.004457656832428961,0.07076310845204972,43.123398990470875,2.3171920599224904,2.327248288255814,1.0,69.83715057373047,0.0,69.83715057373047,69.83715167057186,69.83714947688908,3.141140148137781e-08,0.5,69.83718504665609,69.86126552388919,-0.024080477233098918,-0.03533831838108841,0.011257841147989493,0.0,0.0
2020-05-07 05:00:00+00:00,68.13852037839982,70.2696631046371,67.95247104471461,69.83715057373047,226176800.0,0.0,0.018467620238647946,0.0,0.0,0.0,0.0,0.0,0.0,0.001684343465319528,0.0267381235899133,43.123398990470875,2.3171920599224904,2.3265299862320052,1.0,69.83715057373047,0.0,69.83715057373047,69.83715167057186,69.83714947688908,3.141140148137781e-08,0.5,69.83717974312907,69.85947923128484,-0.022299488155766767,-0.03273055233602409,0.01043106418025732,0.0,0.0
2020-05-08 05:00:00+00:00,68.13852037839982,70.2696631046371,67.95247104471461,69.83715057373047,226176800.0,0.0,0.01839532383792742,0.0,0.0,0.0,0.0,0.0,0.0,0.0,0.0,43.123398990470875,2.3171920599224904,2.3258629914956117,1.0,69.83715057373047,0.0,69.83715057373047,69.83715167057186,69.83714947688908,3.141140148137781e-08,0.5,69.83717525552929,69.85782525665118,-0.020650001121893524,-0.030314442093197974,0.00966444097130445,0.0,0.0
2020-05-09 05:00:00+00:00,68.13852037839982,70.2696631046371,67.95247104471461,69.83715057373047,226176800.0,0.0,0.01832386984553443,0.0,0.0,0.0,0.0,0.0,0.0,0.0,0.0,43.123398990470875,2.3171920599224904,2.325243639240389,1.0,69.83715057373047,0.0,69.83715057373047,69.83715167057186,69.83714947688908,3.141140148137781e-08,0.5,69.83717145832946,69.85629379865705,-0.019122340327584197,-0.02807602174007522,0.008953681412491022,0.0,0.0
2020-05-10 05:00:00+00:00,68.13852037839982,70.2696631046371,67.95247104471461,69.83715057373047,226176800.0,0.0,0.018253242029070263,0.0,0.0,0.0,0.0,0.0,0.0,0.0,0.0,43.123398990470875,2.3171920599224904,2.3246685264319678,1.0,69.83715057373047,0.0,69.83715057373047,69.83715167057186,69.83714947688908,3.141140148137781e-08,0.5,69.83716824531423,69.85487578199582,-0.0177075366815842,-0.02600232472837702,0.008294788046792817,0.0,0.0
2020-05-11 05:00:00+00:00,68.13852037839982,70.2696631046371,67.95247104471461,69.83715057373047,226176800.0,0.0,0.01818342459064849,0.0,0.0,0.0,0.0,0.0,0.0,0.0,0.0,43.123398990470875,2.3171920599224904,2.3241344931098626,1.0,69.83715057373047,0.0,69.83715057373047,69.83715167057186,69.83714947688908,3.141140148137781e-08,0.5,69.83716552660904,69.85356280360578,-0.01639727699674154,-0.024081315182049926,0.007684038185308387,0.0,0.0
2020-05-12 05:00:00+00:00,68.13852037839982,70.2696631046371,67.95247104471461,69.83715057373047,226176800.0,0.0,0.01811440215205533,0.0,0.0,0.0,0.0,0.0,0.0,0.0,0.0,43.123398990470875,2.3171920599224904,2.323638605025051,1.0,69.83715057373047,0.0,69.83715057373047,69.83715167057186,69.83714947688908,3.141140148137781e-08,0.5,69.83716322616618,69.85234708287427,-0.015183856708091525,-0.022301823487258246,0.007117966779166721,0.0,0.0
2020-05-13 05:00:00+00:00,68.13852037839982,70.2696631046371,67.95247104471461,69.83715057373047,226176800.0,0.0,0.018046159740524762,0.0,0.0,0.0,0.0,0.0,0.0,0.0,0.0,43.123398990470875,2.3171920599224904,2.323178137517725,1.0,69.83715057373047,0.0,69.83715057373047,69.83715167057186,69.83714947688908,3.141140148137781e-08,0.5,69.83716127963761,69.85122141553029,-0.014060135892677295,-0.020653485968342055,0.0065933500756647605,0.0,0.0
2020-05-14 05:00:00+00:00,68.13852037839982,70.2696631046371,67.95247104471461,69.83715057373047,226176800.0,0.0,0.017978682775098474,0.0,0.0,0.0,0.0,0.0,0.0,0.0,0.0,43.12339899047088,2.3171920599224904,2.322750560546637,1.0,69.83715057373047,0.0,69.83715057373047,69.83715167057186,69.83714947688908,3.141140148137781e-08,0.5,69.83715963257498,69.85017913095253,-0.013019498377545347,-0.019126688450182713,0.006107190072637367,0.0,0.0
2020-05-15 05:00:00+00:00,68.13852037839982,70.2696631046371,67.95247104471461,69.83715057373047,226176800.0,0.0,0.017911957053542468,0.0,0.0,0.0,0.0,0.0,0.0,0.0,0.0,43.123398990470875,2.3171920599224904,2.32235352478777,1.0,69.83715057373047,0.0,69.83715057373047,69.83715167057186,69.83714947688908,3.141140148137781e-08,0.5,69.8371582389066,69.84921405263978,-0.012055813733184095,-0.01771251350678299,0.005656699773598894,0.0,0.0
2020-05-16 05:00:00+00:00,68.13852037839982,70.2696631046371,67.95247104471461,69.83715057373047,226176800.0,0.0,0.01784596873979365,0.0,0.0,0.0,0.0,0.0,0.0,0.0,0.0,43.12339899047088,2.3171920599224904,2.3219848487259642,1.0,69.83715057373047,0.0,69.83715057373047,69.83715167057186,69.83714947688908,3.141140148137781e-08,0.5,69.83715705964873,69.84832046160946,-0.011163401960729402,-0.01640269119757227,0.005239289236842869,0.0,0.0
2020-05-17 05:00:00+00:00,68.13852037839982,70.2696631046371,67.95247104471461,69.83715057373047,226176800.0,0.0,0.017780704351911234,0.0,0.0,0.0,0.0,0.0,0.0,0.0,0.0,43.12339899047088,2.3171920599224904,2.3216425066685735,1.0,69.83715057373047,0.0,69.83715057373047,69.83715167057186,69.83714947688908,3.141140148137781e-08,0.5,69.83715606181515,69.84749306250731,-0.010337000692160814,-0.01518955309648998,0.004852552404329167,0.0,0.0
2020-05-18 05:00:00+00:00,68.13852037839982,70.2696631046371,67.95247104471461,69.83715057373047,226176800.0,0.0,0.017716150750509155,0.0,0.0,0.0,0.0,0.0,0.0,0.0,0.0,43.123398990470875,2.3171920599224904,2.321324617615282,1.0,69.83715057373047,0.0,69.83715057373047,69.83715167057186,69.83714947688908,3.141140148137781e-08,0.5,69.83715521749443,69.84672695222754,-0.009571734733114567,-0.014065989423814897,0.00449425469070033,0.0,0.0
2020-05-19 05:00:00+00:00,68.13852037839982,70.2696631046371,67.95247104471461,69.83715057373047,226176800.0,0.0,0.017652295127646957,0.0,0.0,0.0,0.0,0.0,0.0,0.0,0.0,43.123398990470875,2.3171920599224904,2.32102943492294,1.0,69.83715057373047,0.0,69.83715057373047,69.83715167057186,69.83714947688908,3.141140148137781e-08,0.5,69.8371545030692,69.84601759085739,-0.008863087788185453,-0.01302540909668901,0.004162321308503556,0.0,0.0
2020-05-20 05:00:00+00:00,68.13852037839982,70.2696631046371,67.95247104471461,69.83715057373047,226176800.0,0.0,0.017589124996157803,0.0,0.0,0.0,0.0,0.0,0.0,0.0,0.0,43.123398990470875,2.3171920599224904,2.3207553367086224,1.0,69.83715057373047,0.0,69.83715057373047,69.83715167057186,69.83714947688908,3.141140148137781e-08,0.5,69.83715389855556,69.84536077477391,-0.008206876218352477,-0.012061702521021704,0.003854826302669227,0.0,0.0
2020-05-21 05:00:00+00:00,68.13852037839982,70.2696631046371,67.95247104471461,69.83715057373047,226176800.0,0.0,0.017526628179393475,0.0,0.0,0.0,0.0,0.0,0.0,0.0,0.0,43.123398990470875,2.3171920599224904,2.3205008169381847,1.0,69.83715057373047,0.0,69.83715057373047,69.83715167057186,69.83714947688908,3.141140148137781e-08,0.5,69.83715338704401,69.84475261173365,-0.007599224689641915,-0.011169206954745747,0.0035699822651038323,0.0,0.0
2020-05-22 05:00:00+00:00,68.13852037839982,70.2696631046371,67.95247104471461,69.83715057373047,226176800.0,0.0,0.017464792801367198,0.0,0.0,0.0,0.0,0.0,0.0,0.0,0.0,43.123398990470875,2.3171920599224904,2.3202644771513494,1.0,69.83715057373047,0.0,69.83715057373047,69.83715167057186,69.83714947688908,3.141140148137781e-08,0.5,69.83715295422654,69.84418949780749,-0.0070365435809520704,-0.010342674279987012,0.003306130699034942,0.0,0.0
2020-05-23 05:00:00+00:00,68.13852037839982,70.2696631046371,67.95247104471461,69.83715057373047,226176800.0,0.0,0.017403607277276273,0.0,0.0,0.0,0.0,0.0,0.0,0.0,0.0,43.123398990470875,2.3171920599224904,2.3200450187778596,1.0,69.83715057373047,0.0,69.83715057373047,69.83715167057186,69.83714947688908,3.141140148137781e-08,0.5,69.83715258799637,69.843668096024,-0.006515508027632677,-0.009577241029516147,0.0030617330018834696,0.0,0.0
2020-05-24 05:00:00+00:00,68.13852037839982,70.2696631046371,67.95247104471461,69.83715057373047,226176800.0,0.0,0.017343060304387144,0.0,0.0,0.0,0.0,0.0,0.0,0.0,0.0,43.12339899047088,2.3171920599224904,2.3198412360024765,1.0,69.83715057373047,0.0,69.83715057373047,69.83715167057186,69.83714947688908,3.141140148137781e-08,0.5,69.83715227810931,69.84318531659486,-0.006033038485540487,-0.008868400520721015,0.002835362035180528,0.0,0.0
2020-05-25 05:00:00+00:00,68.13852037839982,70.2696631046371,67.95247104471461,69.83715057373047,226176800.0,0.0,0.01728314085326692,0.0,0.0,0.0,0.0,0.0,0.0,0.0,0.0,43.12339899047088,2.3171920599224904,2.3196520091396207,1.0,69.83715057373047,0.0,69.83715057373047,69.83715167057186,69.83714947688908,3.141140148137781e-08,0.5,69.83715201589719,69.8427382986049,-0.005586282707710666,-0.008211976958118946,0.0026256942504082805,0.0,0.0
2020-05-26 05:00:00+00:00,68.13852037839982,70.2696631046371,67.95247104471461,69.83715057373047,226176800.0,0.0,0.017223838159345615,0.0,0.0,0.0,0.0,0.0,0.0,0.0,0.0,43.123398990470875,2.3171920599224904,2.3194762984812547,1.0,69.83715057373047,0.0,69.83715057373047,69.83715167057186,69.83714947688908,3.141140148137781e-08,0.5,69.83715179402539,69.84232439305865,-0.005172599033258507,-0.007604101373146859,0.002431502339888352,0.0,0.0
2020-05-27 05:00:00+00:00,68.13852037839982,70.2696631046371,67.95247104471461,69.83715057373047,226176800.0,0.0,0.01716514171479467,0.0,0.0,0.0,0.0,0.0,0.0,0.0,0.0,43.12339899047088,2.3171920599224904,2.3193131385842003,1.0,69.83715057373047,0.0,69.83715057373047,69.83715167057186,69.83714947688908,3.141140148137781e-08,0.5,69.8371516062877,69.84194114718248,-0.004789540894776678,-0.007041189277472824,0.002251648382696146,0.0,0.0
2020-05-28 05:00:00+00:00,68.13852037839982,70.2696631046371,67.95247104471461,69.83715057373047,226176800.0,0.0,0.01710704126070771,0.0,0.0,0.0,0.0,0.0,0.0,0.0,0.0,43.12339899047088,2.3171920599224904,2.319161632965507,1.0,69.83715057373047,0.0,69.83715057373047,69.83715167057186,69.83714947688908,3.141140148137781e-08,0.5,69.83715144743275,69.84158628988973,-0.004434842456987553,-0.00651991991337577,0.0020850774563882166,0.0,0.0
2020-05-29 05:00:00+00:00,68.13852037839982,70.2696631046371,67.95247104471461,69.83715057373047,226176800.0,0.0,0.017049526779570445,0.0,0.0,0.0,0.0,0.0,0.0,0.0,0.0,43.12339899047088,2.3171920599224904,2.3190209491767204,1.0,69.83715057373047,0.0,69.83715057373047,69.83715167057186,69.83714947688908,3.141140148137781e-08,0.5,69.83715131301702,69.84125771832238,-0.004106405305364547,-0.006037216991773526,0.0019308116864089793,0.0,0.0
2020-05-30 05:00:00+00:00,68.13852037839982,70.2696631046371,67.95247104471461,69.83715057373047,226176800.0,0.0,0.01699258848800704,0.0,0.0,0.0,0.0,0.0,0.0,0.0,0.0,43.12339899047088,2.3171920599224904,2.31889031422999,1.0,69.83715057373047,0.0,69.83715057373047,69.83715167057186,69.83714947688908,3.141140148137781e-08,0.5,69.83715119928063,69.84095348538965,-0.0038022861090212245,-0.005590230815223066,0.0017879447062018414,0.0,0.0
2020-05-31 05:00:00+00:00,68.13852037839982,70.2696631046371,67.95247104471461,69.83715057373047,226176800.0,0.0,0.016936216829791177,0.0,0.0,0.0,0.0,0.0,0.0,0.0,0.0,43.12339899047088,2.3171920599224904,2.3187690103508833,1.0,69.83715057373047,0.0,69.83715057373047,69.83715167057186,69.83714947688908,3.141140148137781e-08,0.5,69.83715110304215,69.84067178822971,-0.0035206851875670964,-0.005176321689691872,0.001655636502124776,0.0,0.0
2020-06-01 05:00:00+00:00,68.13852037839982,70.2696631046371,67.95247104471461,69.83715057373047,226176800.0,0.0,0.01688040246911032,0.0,0.0,0.0,0.0,0.0,0.0,0.0,0.0,43.123398990470875,2.3171920599224904,2.31865637103457,1.0,69.83715057373047,0.0,69.83715057373047,69.83715167057186,69.83714947688908,3.141140148137781e-08,0.5,69.83715102160959,69.84041095752606,-0.0032599359164748876,-0.004793044535048476,0.0015331086185735882,0.0,0.0
2020-06-02 05:00:00+00:00,68.13852037839982,70.2696631046371,67.95247104471461,69.83715057373047,226176800.0,0.0,0.01682513628407256,0.0,0.0,0.0,0.0,0.0,0.0,0.0,0.0,43.123398990470875,2.3171920599224904,2.3185517773837074,1.0,69.83715057373047,0.0,69.83715057373047,69.83715167057186,69.83714947688908,3.141140148137781e-08,0.5,69.8371509527051,69.84016944761528,-0.00301849491017947,-0.004438134610074675,0.0014196396998952046,0.0,0.0
2020-06-03 05:00:00+00:00,68.13852037839982,70.2696631046371,67.95247104471461,69.83715057373047,226176800.0,0.0,0.016770409360445677,0.0,0.0,0.0,0.0,0.0,0.0,0.0,0.0,43.123398990470875,2.3171920599224904,2.3184546547079066,1.0,69.83715057373047,0.0,69.83715057373047,69.83715167057186,69.83714947688908,3.141140148137781e-08,0.5,69.83715089440132,69.83994582732751,-0.002794932926192928,-0.004109494273298326,0.001314561347105398,0.0,0.0
2020-06-04 05:00:00+00:00,68.13852037839982,70.2696631046371,67.95247104471461,69.83715057373047,226176800.0,0.0,0.016716212985618702,0.0,0.0,0.0,0.0,0.0,0.0,0.0,0.0,43.123398990470875,2.3171920599224904,2.318364469366091,1.0,69.83715057373047,0.0,69.83715057373047,69.83715167057186,69.83714947688908,3.141140148137781e-08,0.5,69.83715084506734,69.83973877150551,-0.0025879264381671874,-0.0038051807062720986,0.0012172542681049112,0.0,0.0
2020-06-05 05:00:00+00:00,68.13852037839982,70.2696631046371,67.95247104471461,69.83715057373047,226176800.0,0.0,0.01666253864277672,0.0,0.0,0.0,0.0,0.0,0.0,0.0,0.0,43.123398990470875,2.3171920599224904,2.3182807258344056,1.0,69.83715057373047,0.0,69.83715057373047,69.83715167057186,69.83714947688908,3.141140148137781e-08,0.5,69.83715080332321,69.8395470531518,-0.002396249828592545,-0.0035233945307361876,0.0011271447021436428,0.0,0.0
2020-06-06 05:00:00+00:00,68.13852037839982,70.2696631046371,67.95247104471461,69.83715057373047,226176800.0,0.0,0.016609378005280038,0.0,0.0,0.0,0.0,0.0,0.0,0.0,0.0,43.123398990470875,2.3171920599224904,2.3182029639835546,1.0,69.83715057373047,0.0,69.83715057373047,69.83715167057186,69.83714947688908,3.141140148137781e-08,0.5,69.83715076800125,69.83936953615763,-0.0022187681563821116,-0.0032624692558653728,0.0010437010994832612,0.0,0.0
2020-06-07 05:00:00+00:00,68.13852037839982,70.2696631046371,67.95247104471461,69.83715057373047,226176800.0,0.0,0.016556722931239307,0.0,0.0,0.0,0.0,0.0,0.0,0.0,0.0,43.123398990470875,2.3171920599224904,2.3181307565506217,1.0,69.83715057373047,0.0,69.83715057373047,69.83715167057186,69.83714947688908,3.141140148137781e-08,0.5,69.83715073811344,69.83920516857043,-0.0020544304569938276,-0.0030208614960910637,0.0009664310390972361,0.0,0.0
2020-06-08 05:00:00+00:00,68.13852037839982,70.2696631046371,67.95247104471461,69.83715057373047,226176800.0,0.0,0.01650456545827858,0.0,0.0,0.0,0.0,0.0,0.0,0.0,0.0,43.123398990470875,2.3171920599224904,2.31806370679147,1.0,69.83715057373047,0.0,69.83715057373047,69.83715167057186,69.83714947688908,3.141140148137781e-08,0.5,69.83715071282376,69.83905297636007,-0.0019022635363086238,-0.0027971419041345758,0.000894878367825952,0.0,0.0
2020-06-09 05:00:00+00:00,68.13852037839982,70.2696631046371,67.95247104471461,69.83715057373047,226176800.0,0.0,0.01645289779847867,0.0,0.0,0.0,0.0,0.0,0.0,0.0,0.0,43.123398990470875,2.3171920599224904,2.3180014463008285,1.0,69.83715057373047,0.0,69.83715057373047,69.83715167057186,69.83714947688908,3.141140148137781e-08,0.5,69.8371506914248,69.83891205764677,-0.0017613662219702064,-0.002589986767701702,0.0008286205457314955,0.0,0.0
2020-06-10 05:00:00+00:00,68.13852037839982,70.2696631046371,67.95247104471461,69.83715057373047,226176800.0,0.0,0.01640171233349349,0.0,0.0,0.0,0.0,0.0,0.0,0.0,0.0,43.123398990470875,2.3171920599224904,2.3179436329880905,1.0,69.83715057373047,0.0,69.83715057373047,69.83715167057186,69.83714947688908,3.141140148137781e-08,0.5,69.83715067331798,69.83878157735667,-0.001630904038691483,-0.002398170221899658,0.0007672661832081751,0.0,0.0
2020-06-11 05:00:00+00:00,68.13852037839982,70.2696631046371,67.95247104471461,69.83715057373047,226176800.0,0.0,0.01635100160983246,0.0,0.0,0.0,0.0,0.0,0.0,0.0,0.0,43.123398990470875,2.3171920599224904,2.3178899491976908,1.0,69.83715057373047,0.0,69.83715057373047,69.83715167057186,69.83714947688908,3.141140148137781e-08,0.5,69.83715065799683,69.83866076227325,-0.0015101042764200656,-0.0022205570328037395,0.0007104527563836739,0.0,0.0
2020-06-12 05:00:00+00:00,68.13852037839982,70.2696631046371,67.95247104471461,69.83715057373047,226176800.0,0.0,0.016300758334302324,0.0,0.0,0.0,0.0,0.0,0.0,0.0,0.0,43.123398990470875,2.3171920599224904,2.3178400999637483,1.0,69.83715057373047,0.0,69.83715057373047,69.83715167057186,69.83714947688908,3.141140148137781e-08,0.5,69.83715064503278,69.83854889645526,-0.0013982514224863962,-0.002056095910740271,0.0006578444882538747,0.0,0.0
2020-06-13 05:00:00+00:00,68.13852037839982,70.2696631046371,67.95247104471461,69.83715057373047,226176800.0,0.0,0.01625097536960205,0.0,0.0,0.0,0.0,0.0,0.0,0.0,0.0,43.123398990470875,2.3171920599224904,2.317793811389373,1.0,69.83715057373047,0.0,69.83715057373047,69.83715167057186,69.83714947688908,3.141140148137781e-08,0.5,69.83715063406319,69.83844531699417,-0.0012946829309754548,-0.0019038133147873078,0.000609130383811853,0.0,0.0
2020-06-14 05:00:00+00:00,68.13852037839982,70.2696631046371,67.95247104471461,69.83715057373047,226176800.0,0.0,0.01620164573006479,0.0,0.0,0.0,0.0,0.0,0.0,0.0,0.0,43.123398990470875,2.3171920599224904,2.317750829141739,1.0,69.83715057373047,0.0,69.83715057373047,69.83715167057186,69.83714947688908,3.141140148137781e-08,0.5,69.83715062478123,69.83834941008574,-0.0011987853045098973,-0.0017628077127318257,0.0005640224082219284,0.0,0.0
2020-06-15 05:00:00+00:00,68.13852037839982,70.2696631046371,67.95247104471461,69.83715057373047,226176800.0,0.0,0.01615276257754113,0.0,0.0,0.0,0.0,0.0,0.0,0.0,0.0,43.123398990470875,2.3171920599224904,2.31771091705465,1.0,69.83715057373047,0.0,69.83715057373047,69.83715167057186,69.83714947688908,3.141140148137781e-08,0.5,69.83715061692727,69.83826060739275,-0.001109990465479882,-0.0016322442632814372,0.0005222537978015552,0.0,0.0
2020-06-16 05:00:00+00:00,68.13852037839982,70.2696631046371,67.95247104471461,69.83715057373047,226176800.0,0.0,0.016104319217418096,0.0,0.0,0.0,0.0,0.0,0.0,0.0,0.0,43.123398990470875,2.3171920599224904,2.3176738558309244,1.0,69.83715057373047,0.0,69.83715057373047,69.83715167057186,69.83714947688908,3.141140148137781e-08,0.5,69.83715061028161,69.83817838267703,-0.0010277723954175144,-0.0015113498897086526,0.0004835774942911382,0.0,0.0
2020-06-17 05:00:00+00:00,68.13852037839982,70.2696631046371,67.95247104471461,69.83715057373047,226176800.0,0.0,0.016056309094768708,0.0,0.0,0.0,0.0,0.0,0.0,0.0,0.0,43.12339899047087,2.3171920599224904,2.317639441837465,1.0,69.83715057373047,0.0,69.83715057373047,69.83715167057186,69.83714947688908,3.141140148137781e-08,0.5,69.83715060465836,69.83810224868098,-0.0009516440226207123,-0.0013994087162910646,0.0004477646936703523,0.0,0.0
2020-06-18 05:00:00+00:00,68.13852037839982,70.2696631046371,67.95247104471461,69.83715057373047,226176800.0,0.0,0.016008725790627,0.0,0.0,0.0,0.0,0.0,0.0,0.0,0.0,43.123398990470875,2.3171920599224904,2.3176074859863958,1.0,69.83715057373047,0.0,69.83715057373047,69.83715167057186,69.83714947688908,3.141140148137781e-08,0.5,69.83715059990023,69.8380317542402,-0.000881154339978707,-0.0012957578410285932,0.0004146035010498862,0.0,0.0
2020-06-19 05:00:00+00:00,68.13852037839982,70.2696631046371,67.95247104471461,69.83715057373047,226176800.0,0.0,0.015961563018383737,0.0,0.0,0.0,0.0,0.0,0.0,0.0,0.0,43.123398990470875,2.3171920599224904,2.317577812696117,1.0,69.83715057373047,0.0,69.83715057373047,69.83715167057186,69.83714947688908,3.141140148137781e-08,0.5,69.8371505958741,69.83796648160985,-0.0008158857357472016,-0.001199783419972315,0.00038389768422511343,0.0,0.0
2020-06-20 05:00:00+00:00,68.13852037839982,70.2696631046371,67.95247104471461,69.83715057373047,226176800.0,0.0,0.015914814620298232,0.0,0.0,0.0,0.0,0.0,0.0,0.0,0.0,43.123398990470875,2.3171920599224904,2.3175502589265724,1.0,69.83715057373047,0.0,69.83715057373047,69.83715167057186,69.83714947688908,3.141140148137781e-08,0.5,69.8371505924674,69.83790604398916,-0.000755451521769146,-0.0011109170403316812,0.00035546551856253526,0.0,0.0
2020-06-21 05:00:00+00:00,68.13852037839982,70.2696631046371,67.95247104471461,69.83715057373047,226176800.0,0.0,0.015868474564121826,0.0,0.0,0.0,0.0,0.0,0.0,0.0,0.0,43.123398990470875,2.3171920599224904,2.317524673283424,1.0,69.83715057373047,0.0,69.83715057373047,69.83715167057186,69.83714947688908,3.141140148137781e-08,0.5,69.8371505895848,69.83785008322926,-0.0006994936444613131,-0.0010286323611576078,0.00032913871669629463,0.0,0.0
2020-06-22 05:00:00+00:00,68.13852037839982,70.2696631046371,67.95247104471461,69.83715057373047,226176800.0,0.0,0.015822536939828935,0.0,0.0,0.0,0.0,0.0,0.0,0.0,0.0,43.123398990470875,2.3171920599224904,2.3175009151862147,1.0,69.83715057373047,0.0,69.83715057373047,69.83715167057186,69.83714947688908,3.141140148137781e-08,0.5,69.83715058714567,69.83779826771082,-0.0006476805651516315,-0.0009524420019564125,0.000304761436804781,0.0,0.0
2020-06-23 05:00:00+00:00,68.13852037839982,70.2696631046371,67.95247104471461,69.83715057373047,226176800.0,0.0,0.015776995956451472,0.0,0.0,0.0,0.0,0.0,0.0,0.0,0.0,43.123398990470875,2.3171920599224904,2.317478854095949,1.0,69.83715057373047,0.0,69.83715057373047,69.83715167057186,69.83714947688908,3.141140148137781e-08,0.5,69.8371505850818,69.83775029037895,-0.0005997052971480343,-0.000881894660994737,0.0002821893638467026,0.0,0.0
2020-06-24 05:00:00+00:00,68.13852037839982,70.2696631046371,67.95247104471461,69.83715057373047,226176800.0,0.0,0.015731845939012997,0.0,0.0,0.0,0.0,0.0,0.0,0.0,0.0,43.123398990470875,2.3171920599224904,2.317458368797845,1.0,69.83715057373047,0.0,69.83715057373047,69.83715167057186,69.83714947688908,3.141140148137781e-08,0.5,69.83715058333544,69.8377058669235,-0.0005552835880564544,-0.0008165724464070806,0.0002612888583506262,0.0,0.0
2020-06-25 05:00:00+00:00,68.13852037839982,70.2696631046371,67.95247104471461,69.83715057373047,226176800.0,0.0,0.01568708132555875,0.0,0.0,0.0,0.0,0.0,0.0,0.0,0.0,43.12339899047087,2.3171920599224904,2.31743934673532,1.0,69.83715057373047,0.0,69.83715057373047,69.83715167057186,69.83714947688908,3.141140148137781e-08,0.5,69.83715058185776,69.83766473409439,-0.0005141522366329809,-0.0007560884044522607,0.00024193616781927974,0.0,0.0
2020-06-26 05:00:00+00:00,68.13852037839982,70.2696631046371,67.95247104471461,69.83715057373047,226176800.0,0.0,0.015642696664278102,0.0,0.0,0.0,0.0,0.0,0.0,0.0,0.0,43.123398990470875,2.3171920599224904,2.3174216833915464,1.0,69.83715057373047,0.0,69.83715057373047,69.83715167057186,69.83714947688908,3.141140148137781e-08,0.5,69.8371505806074,69.83762664814151,-0.0004760675341088927,-0.0007000842303835871,0.00022401669627469443,0.0,0.0
2020-06-27 05:00:00+00:00,68.13852037839982,70.2696631046371,67.95247104471461,69.83715057373047,226176800.0,0.0,0.015598686610716067,0.0,0.0,0.0,0.0,0.0,0.0,0.0,0.0,43.123398990470875,2.3171920599224904,2.3174052817151853,1.0,69.83715057373047,0.0,69.83715057373047,69.83715167057186,69.83714947688908,3.141140148137781e-08,0.5,69.83715057954942,69.83759138337032,-0.0004408038209078313,-0.000648228148488436,0.00020742432758060468,0.0,0.0
2020-06-28 05:00:00+00:00,68.13852037839982,70.2696631046371,67.95247104471461,69.83715057373047,226176800.0,0.0,0.015555045925070588,0.0,0.0,0.0,0.0,0.0,0.0,0.0,0.0,43.123398990470875,2.3171920599224904,2.317390051587136,1.0,69.83715057373047,0.0,69.83715057373047,69.83715167057186,69.83714947688908,3.141140148137781e-08,0.5,69.83715057865419,69.8375587308044,-0.00040815215021439144,-0.0006002129488336272,0.0001920607986192357,0.0,0.0
2020-06-29 05:00:00+00:00,68.13852037839982,70.2696631046371,67.95247104471461,69.83715057373047,226176800.0,0.0,0.01551176946957253,0.0,0.0,0.0,0.0,0.0,0.0,0.0,0.0,43.123398990470875,2.3171920599224904,2.3173759093253756,1.0,69.83715057373047,0.0,69.83715057373047,69.83715167057186,69.83714947688908,3.141140148137781e-08,0.5,69.8371505778967,69.83752849694707,-0.00037791905037920515,-0.0005557541691427428,0.00017783511876353763,0.0,0.0
2020-06-30 05:00:00+00:00,68.13852037839982,70.2696631046371,67.95247104471461,69.83715057373047,226176800.0,0.0,0.015468852205945391,0.0,0.0,0.0,0.0,0.0,0.0,0.0,0.0,43.123398990470875,2.3171920599224904,2.3173627772251697,1.0,69.83715057373047,0.0,69.83715057373047,69.83715167057186,69.83714947688908,3.141140148137781e-08,0.5,69.83715057725574,69.83750050263473,-0.0003499253789840395,-0.0005145884111110021,0.00016466303212696255,0.0,0.0
2020-07-01 05:00:00+00:00,68.13852037839982,70.2696631046371,67.95247104471461,69.83715057373047,226176800.0,0.0,0.015426289192941886,0.0,0.0,0.0,0.0,0.0,0.0,0.0,0.0,43.123398990470875,2.3171920599224904,2.3173505831321215,1.0,69.83715057373047,0.0,69.83715057373047,69.83715167057186,69.83714947688908,3.141140148137781e-08,0.5,69.8371505767134,69.83747458197514,-0.00032400526174569677,-0.00047647178123794105,0.00015246651949224428,0.0,0.0
2020-07-02 05:00:00+00:00,68.13852037839982,70.2696631046371,67.95247104471461,69.83715057373047,226176800.0,0.0,0.01538407558395466,0.0,0.0,0.0,0.0,0.0,0.0,0.0,0.0,43.123398990470875,2.3171920599224904,2.3173392600457197,1.0,69.83715057373047,0.0,69.83715057373047,69.83715167057186,69.83714947688908,3.141140148137781e-08,0.5,69.83715057625449,69.83745058136442,-0.0003000051099348866,-0.0004411784469773302,0.00014117333704244362,0.0,0.0
2020-07-03 05:00:00+00:00,68.13852037839982,70.2696631046371,67.95247104471461,69.83715057373047,226176800.0,0.0,0.015342206624698537,0.0,0.0,0.0,0.0,0.0,0.0,0.0,0.0,43.123398990470875,2.3171920599224904,2.3173287457512037,1.0,69.83715057373047,0.0,69.83715057373047,69.83715167057186,69.83714947688908,3.141140148137781e-08,0.5,69.83715057586618,69.83742835857672,-0.000277782710540464,-0.000408499299689957,0.00013071658914949299,0.0,0.0
2020-07-04 05:00:00+00:00,68.13852037839982,70.2696631046371,67.95247104471461,69.83715057373047,226176800.0,0.0,0.01530067765096174,0.0,0.0,0.0,0.0,0.0,0.0,0.0,0.0,43.123398990470875,2.3171920599224904,2.3173189824777243,1.0,69.83715057373047,0.0,69.83715057373047,69.83715167057186,69.83714947688908,3.141140148137781e-08,0.5,69.8371505755376,69.83740778192144,-0.0002572063838357508,-0.00037824071651911575,0.00012103433268336497,0.0,0.0
2020-07-05 05:00:00+00:00,68.13852037839982,70.2696631046371,67.95247104471461,69.83715057373047,226176800.0,0.0,0.015259484086423709,0.0,0.0,0.0,0.0,0.0,0.0,0.0,0.0,43.123398990470875,2.3171920599224904,2.317309916580922,1.0,69.83715057373047,0.0,69.83715057373047,69.83715167057186,69.83714947688908,3.141140148137781e-08,0.5,69.83715057525959,69.83738872946284,-0.00023815420325945524,-0.00035022341386718367,0.00011206921060772843,0.0,0.0
2020-07-06 05:00:00+00:00,68.13852037839982,70.2696631046371,67.95247104471461,69.83715057373047,226176800.0,0.0,0.015218621440537199,0.0,0.0,0.0,0.0,0.0,0.0,0.0,0.0,43.123398990470875,2.3171920599224904,2.3173014982481774,1.0,69.83715057373047,0.0,69.83715057373047,69.83715167057186,69.83714947688908,3.141140148137781e-08,0.5,69.83715057502434,69.83737108829749,-0.00022051327314898117,-0.0003242813857235432,0.00010376811257456204,0.0,0.0
2020-07-07 05:00:00+00:00,68.13852037839982,70.2696631046371,67.95247104471461,69.83715057373047,226176800.0,0.0,0.015178085306472381,0.0,0.0,0.0,0.0,0.0,0.0,0.0,0.0,43.123398990470875,2.3171920599224904,2.3172936812249145,1.0,69.83715057373047,0.0,69.83715057373047,69.83715167057186,69.83714947688908,3.141140148137781e-08,0.5,69.83715057482529,69.83735475388511,-0.0002041790598212856,-0.00030026092054309173,9.608186072180614e-05,0.0,0.0
2020-07-08 05:00:00+00:00,68.13852037839982,70.2696631046371,67.95247104471461,69.83715057373047,226176800.0,0.0,0.0151378713591209,0.0,0.0,0.0,0.0,0.0,0.0,0.0,0.0,43.123398990470875,2.3171920599224904,2.317286422560456,1.0,69.83715057373047,0.0,69.83715057373047,69.83715167057186,69.83714947688908,3.141140148137781e-08,0.5,69.83715057465686,69.83733962942921,-0.0001890547723490954,-0.0002780196909042925,8.89649185551971e-05,0.0,0.0
2020-07-09 05:00:00+00:00,68.13852037839982,70.2696631046371,67.95247104471461,69.83715057373047,226176800.0,0.0,0.015097975353157739,0.0,0.0,0.0,0.0,0.0,0.0,0.0,0.0,43.123398990470875,2.3171920599224904,2.31727968237203,1.0,69.83715057373047,0.0,69.83715057373047,69.83715167057186,69.83714947688908,3.141140148137781e-08,0.5,69.83715057451434,69.83732562530338,-0.00017505078903923277,-0.00025742591053128056,8.23751214920478e-05,0.0,0.0
2020-07-10 05:00:00+00:00,68.13852037839982,70.2696631046371,67.95247104471461,69.83715057373047,226176800.0,0.0,0.015058393121159006,0.0,0.0,0.0,0.0,0.0,0.0,0.0,0.0,43.123398990470875,2.3171920599224904,2.3172734236256347,1.0,69.83715057373047,0.0,69.83715057373047,69.83715167057186,69.83714947688908,3.141140148137781e-08,0.5,69.83715057439375,69.8373126585202,-0.00016208412645823955,-0.00023835755371667236,7.627342725843281e-05,0.0,0.0
2020-07-11 05:00:00+00:00,68.13852037839982,70.2696631046371,67.95247104471461,69.83715057373047,226176800.0,0.0,0.015019120571773676,0.0,0.0,0.0,0.0,0.0,0.0,0.0,0.0,43.123398990470875,2.3171920599224904,2.3172676119325533,1.0,69.83715057373047,0.0,69.83715057373047,69.83715167057186,69.83714947688908,3.141140148137781e-08,0.5,69.8371505742917,69.83730065223948,-0.00015007794777943673,-0.00022070163252922525,7.062368474978852e-05,0.0,0.0
2020-07-12 05:00:00+00:00,68.13852037839982,70.2696631046371,67.95247104471461,69.83715057373047,226176800.0,0.0,0.014980153687947514,0.0,0.0,0.0,0.0,0.0,0.0,0.0,0.0,43.123398990470875,2.3171920599224904,2.3172622153604063,1.0,69.83715057373047,0.0,69.83715057373047,69.83715167057186,69.83714947688908,3.141140148137781e-08,0.5,69.83715057420535,69.83728953531288,-0.00013896110752398272,-0.00020435352752817677,6.539242000419405e-05,0.0,0.0
2020-07-13 05:00:00+00:00,68.13852037839982,70.2696631046371,67.95247104471461,69.83715057373047,226176800.0,0.0,0.014941488525197427,0.0,0.0,0.0,0.0,0.0,0.0,0.0,0.0,43.123398990470875,2.3171920599224904,2.3172572042576984,1.0,69.83715057373047,0.0,69.83715057373047,69.83715167057186,69.83714947688908,3.141140148137781e-08,0.5,69.8371505741323,69.83727924186233,-0.00012866773003850085,-0.00018921636803024162,6.054863799174077e-05,0.0,0.0
2020-07-14 05:00:00+00:00,68.13852037839982,70.2696631046371,67.95247104471461,69.83715057373047,226176800.0,0.0,0.014903121209934526,0.0,0.0,0.0,0.0,0.0,0.0,0.0,0.0,43.123398990470875,2.3171920599224904,2.317252551090898,1.0,69.83715057373047,0.0,69.83715057373047,69.83715167057186,69.83714947688908,3.141140148137781e-08,0.5,69.83715057407048,69.8372697108896,-0.0001191368191229003,-0.00017520045824877335,5.606363912587304e-05,0.0,0.0
2020-07-15 05:00:00+00:00,68.13852037839982,70.2696631046371,67.95247104471461,69.83715057373047,226176800.0,0.0,0.014865047937834327,0.0,0.0,0.0,0.0,0.0,0.0,0.0,0.0,43.123398990470875,2.3171920599224904,2.317248230293155,1.0,69.83715057373047,0.0,69.83715057373047,69.83715167057186,69.83714947688908,3.141140148137781e-08,0.5,69.83715057401817,69.83726088591484,-0.00011031189667676244,-0.00016222274593437116,5.191084925760872e-05,0.0,0.0
2020-07-16 05:00:00+00:00,68.13852037839982,70.2696631046371,67.95247104471461,69.83715057373047,226176800.0,0.0,0.0148272649722525,0.0,0.0,0.0,0.0,0.0,0.0,0.0,0.0,43.123398990470875,2.3171920599224904,2.317244218123822,1.0,69.83715057373047,0.0,69.83715057373047,69.83715167057186,69.83714947688908,3.141140148137781e-08,0.5,69.8371505739739,69.83725271464192,-0.00010214066801950139,-0.00015020633035139723,4.806566233189584e-05,0.0,0.0
2020-07-17 05:00:00+00:00,68.13852037839982,70.2696631046371,67.95247104471461,69.83715057373047,226176800.0,0.0,0.014789768642684683,0.0,0.0,0.0,0.0,0.0,0.0,0.0,0.0,43.123398990470875,2.3171920599224904,2.317240492538013,1.0,69.83715057373047,0.0,69.83715057373047,69.83715167057186,69.83714947688908,3.141140148137781e-08,0.5,69.83715057393646,69.83724514864848,-9.457471202267698e-05,-0.0001390800066856532,4.4505294662976224e-05,0.0,0.0
2020-07-18 05:00:00+00:00,68.13852037839982,70.2696631046371,67.95247104471461,69.83715057373047,226176800.0,0.0,0.014752555343268924,0.0,0.0,0.0,0.0,0.0,0.0,0.0,0.0,43.123398990470875,2.3171920599224904,2.317237033065476,1.0,69.83715057373047,0.0,69.83715057373047,69.83715167057186,69.83714947688908,3.141140148137781e-08,0.5,69.83715057390476,69.837238143099,-8.75691942354706e-05,-0.00012877784419561668,4.120864996014608e-05,0.0,0.0
2020-07-19 05:00:00+00:00,68.13852037839982,70.2696631046371,67.95247104471461,69.83715057373047,226176800.0,0.0,0.014715621531329342,0.0,0.0,0.0,0.0,0.0,0.0,0.0,0.0,43.123398990470875,2.3171920599224904,2.3172338206981205,1.0,69.83715057373047,0.0,69.83715057373047,69.83715167057186,69.83714947688908,3.141140148137781e-08,0.5,69.83715057387795,69.8372316564791,-8.108260115591293e-05,-0.00011923879558767594,3.815619443176301e-05,0.0,0.0
2020-07-20 05:00:00+00:00,68.13852037839982,70.2696631046371,67.95247104471461,69.83715057373047,226176800.0,0.0,0.014678963725959698,0.0,0.0,0.0,0.0,0.0,0.0,0.0,0.0,43.12339899047088,2.3171920599224904,2.317230837785576,1.0,69.83715057373047,0.0,69.83715057373047,69.83715167057186,69.83714947688908,3.141140148137781e-08,0.5,69.83715057385525,69.83722565034958,-7.507649432625385e-05,-0.00011040633533539153,3.5329841009137684e-05,0.0,0.0
2020-07-21 05:00:00+00:00,68.13852037839982,70.2696631046371,67.95247104471461,69.83715057373047,226176800.0,0.0,0.014642578506645593,0.0,0.0,0.0,0.0,0.0,0.0,0.0,0.0,43.12339899047088,2.3171920599224904,2.317228067938213,1.0,69.83715057373047,0.0,69.83715057373047,69.83715167057186,69.83714947688908,3.141140148137781e-08,0.5,69.83715057383606,69.83722008911853,-6.951528247611805e-05,-0.00010222812476353685,3.27128422874188e-05,0.0,0.0
2020-07-22 05:00:00+00:00,68.13852037839982,70.2696631046371,67.95247104471461,69.83715057373047,226176800.0,0.0,0.014606462511924021,0.0,0.0,0.0,0.0,0.0,0.0,0.0,0.0,43.12339899047088,2.3171920599224904,2.31722549593709,1.0,69.83715057373047,0.0,69.83715057373047,69.83715167057186,69.83714947688908,3.141140148137781e-08,0.5,69.83715057381981,69.83721493983053,-6.436601071868608e-05,-9.46557019545667e-05,3.028969123588062e-05,0.0,0.0
2020-07-23 05:00:00+00:00,68.13852037839982,70.2696631046371,67.95247104471461,69.83715057373047,226176800.0,0.0,0.014570612438079101,0.0,0.0,0.0,0.0,0.0,0.0,0.0,0.0,43.12339899047088,2.3171920599224904,2.3172231076503333,1.0,69.83715057373047,0.0,69.83715057373047,69.83715167057186,69.83714947688908,3.141140148137781e-08,0.5,69.83715057380607,69.83721017197126,-5.959816519407468e-05,-8.764419460246831e-05,2.804602940839363e-05,0.0,0.0
2020-07-24 05:00:00+00:00,68.13852037839982,70.2696631046371,67.95247104471461,69.83715057373047,226176800.0,0.0,0.014535025037872884,0.0,0.0,0.0,0.0,0.0,0.0,0.0,0.0,43.12339899047088,2.3171920599224904,2.317220889955488,1.0,69.83715057373047,0.0,69.83715057373047,69.83715167057186,69.83714947688908,3.141140148137781e-08,0.5,69.83715057379445,69.83720575728677,-5.518349232147557e-05,-8.115205414626977e-05,2.59685618247942e-05,0.0,0.0
2020-07-25 05:00:00+00:00,68.13852037839982,70.2696631046371,67.95247104471461,69.83715057373047,226176800.0,0.0,0.014499697119310028,0.0,0.0,0.0,0.0,0.0,0.0,0.0,0.0,43.12339899047088,2.3171920599224904,2.3172188306674166,1.0,69.83715057373047,0.0,69.83715057373047,69.83715167057186,69.83714947688908,3.141140148137781e-08,0.5,69.8371505737846,69.83720166961594,-5.109583133844353e-05,-7.514080958470452e-05,2.404497824626099e-05,0.0,0.0
2020-07-26 05:00:00+00:00,68.13852037839982,70.2696631046371,67.95247104471461,69.83715057373047,226176800.0,0.0,0.014464625544435396,0.0,0.0,0.0,0.0,0.0,0.0,0.0,0.0,43.12339899047089,2.3171920599224904,2.3172169184713507,1.0,69.83715057373047,0.0,69.83715057373047,69.83715167057186,69.83714947688908,3.141140148137781e-08,0.5,69.83715057377627,69.83719788473553,-4.7310959260471463e-05,-6.957483951985791e-05,2.2263880259386446e-05,0.0,0.0
2020-07-27 05:00:00+00:00,68.13852037839982,70.2696631046371,67.95247104471461,69.83715057373047,226176800.0,0.0,0.014429807228163458,0.0,0.0,0.0,0.0,0.0,0.0,0.0,0.0,43.12339899047089,2.3171920599224904,2.317215142860718,1.0,69.83715057373047,0.0,69.83715057373047,69.83715167057186,69.83714947688908,3.141140148137781e-08,0.5,69.83715057376922,69.83719438021663,-4.3806447408201166e-05,-6.442116109752657e-05,2.06147136893254e-05,0.0,0.0
2020-07-28 05:00:00+00:00,68.13852037839982,70.2696631046371,67.95247104471461,69.83715057373047,226176800.0,0.0,0.014395239137138513,0.0,0.0,0.0,0.0,0.0,0.0,0.0,0.0,43.12339899047089,2.3171920599224904,2.3172134940794162,1.0,69.83715057373047,0.0,69.83715057373047,69.83715167057186,69.83714947688908,3.141140148137781e-08,0.5,69.83715057376327,69.83719113529173,-4.056152846487748e-05,-5.964923457099675e-05,1.908770610611927e-05,0.0,0.0
2020-07-29 05:00:00+00:00,68.13852037839982,70.2696631046371,67.95247104471461,69.83715057373047,226176800.0,0.0,0.014360918288624847,0.0,0.0,0.0,0.0,0.0,0.0,0.0,0.0,43.12339899047089,2.3171920599224904,2.3172119630682073,1.0,69.83715057373047,0.0,69.83715057373047,69.83715167057186,69.83714947688908,3.141140148137781e-08,0.5,69.83715057375822,69.83718813073163,-3.755697341034647e-05,-5.52307823388667e-05,1.767380892852023e-05,0.0,0.0
2020-07-30 05:00:00+00:00,68.13852037839982,70.2696631046371,67.95247104471461,69.83715057373047,226176800.0,0.0,0.014326841749425823,0.0,0.0,0.0,0.0,0.0,0.0,0.0,0.0,43.12339899047088,2.3171920599224904,2.317210541414942,1.0,69.83715057373047,0.0,69.83715057373047,69.83715167057186,69.83714947688908,3.141140148137781e-08,0.5,69.83715057375396,69.83718534873155,-3.477497759263315e-05,-5.1139621389619995e-05,1.6364643796986846e-05,0.0,0.0
2020-07-31 05:00:00+00:00,68.13852037839982,70.2696631046371,67.95247104471461,69.83715057373047,226176800.0,0.0,0.014293006634831053,0.0,0.0,0.0,0.0,0.0,0.0,0.0,0.0,43.12339899047089,2.3171920599224904,2.3172092213083384,1.0,69.83715057373047,0.0,69.83715057373047,69.83715167057186,69.83714947688908,3.141140148137781e-08,0.5,69.83715057375035,69.83718277280555,-3.2199055198134374e-05,-4.7351508151322874e-05,1.51524529531885e-05,0.0,0.0
2020-08-01 05:00:00+00:00,68.13852037839982,70.2696631046371,67.95247104471461,69.83715057373047,226176800.0,0.0,0.014259410107590782,0.0,0.0,0.0,0.0,0.0,0.0,0.0,0.0,43.12339899047089,2.3171920599224904,2.317207995495064,1.0,69.83715057373047,0.0,69.83715057373047,69.83715167057186,69.83714947688908,3.141140148137781e-08,0.5,69.8371505737473,69.83718038768887,-2.9813941580414394e-05,-4.384399483714118e-05,1.4030053256726787e-05,0.0,0.0
2020-08-02 05:00:00+00:00,68.13852037839982,70.2696631046371,67.95247104471461,69.83715057373047,226176800.0,0.0,0.014226049376916688,0.0,0.0,0.0,0.0,0.0,0.0,0.0,0.0,43.12339899047089,2.3171920599224904,2.3172068572398805,1.0,69.83715057373047,0.0,69.83715057373047,69.83715167057186,69.83714947688908,3.141140148137781e-08,0.5,69.83715057374471,69.83717817924752,-2.760550280811458e-05,-4.059629643133586e-05,1.2990793623221281e-05,0.0,0.0
2020-08-03 05:00:00+00:00,68.13852037839982,70.2696631046371,67.95247104471461,69.83715057373047,226176800.0,0.0,0.014192921697508245,0.0,0.0,0.0,0.0,0.0,0.0,0.0,0.0,43.12339899047089,2.3171920599224904,2.3172058002886384,1.0,69.83715057373047,0.0,69.83715057373047,69.83715167057186,69.83714947688908,3.141140148137781e-08,0.5,69.83715057374252,69.8371761343944,-2.5560651877754026e-05,-3.7589167520619496e-05,1.202851564286547e-05,0.0,0.0
2020-08-04 05:00:00+00:00,68.13852037839982,70.2696631046371,67.95247104471461,69.83715057373047,226176800.0,0.0,0.014160024368603912,0.0,0.0,0.0,0.0,0.0,0.0,0.0,0.0,43.12339899047089,2.3171920599224904,2.317204818833914,1.0,69.83715057373047,0.0,69.83715057373047,69.83715167057186,69.83714947688908,3.141140148137781e-08,0.5,69.83715057374067,69.83717424101188,-2.3667271207727936e-05,-3.4804788258041184e-05,1.1137517050313248e-05,0.0,0.0
2020-08-05 05:00:00+00:00,68.13852037839982,70.2696631046371,67.95247104471461,69.83715057373047,226176800.0,0.0,0.014127354733056418,0.0,0.0,0.0,0.0,0.0,0.0,0.0,0.0,43.12339899047088,2.3171920599224904,2.317203907483098,1.0,69.83715057373047,0.0,69.83715057373047,69.83715167057186,69.83714947688908,3.141140148137781e-08,0.5,69.83715057373911,69.83717248787993,-2.1914140816647887e-05,-3.222665876976253e-05,1.0312517953114642e-05,0.0,0.0
2020-08-06 05:00:00+00:00,68.13852037839982,70.2696631046371,67.95247104471461,69.83715057373047,226176800.0,0.0,0.014094910176431372,0.0,0.0,0.0,0.0,0.0,0.0,0.0,0.0,43.12339899047088,2.3171920599224904,2.3172030612287693,1.0,69.83715057373047,0.0,69.83715057373047,69.83715167057186,69.83714947688908,3.141140148137781e-08,0.5,69.83715057373779,69.83717086460959,-2.0290871802330912e-05,-2.9839501376276207e-05,9.548629573945295e-06,0.0,0.0
2020-08-07 05:00:00+00:00,68.13852037839982,70.2696631046371,67.95247104471461,69.83715057373047,226176800.0,0.0,0.014062688126128575,0.0,0.0,0.0,0.0,0.0,0.0,0.0,0.0,43.12339899047088,2.3171920599224904,2.3172022754211783,1.0,69.83715057373047,0.0,69.83715057373047,69.83715167057186,69.83714947688908,3.141140148137781e-08,0.5,69.83715057373666,69.8371693615815,-1.878784483722029e-05,-2.7629170068465027e-05,8.841325231244736e-06,0.0,0.0
2020-08-08 05:00:00+00:00,68.13852037839982,70.2696631046371,67.95247104471461,69.83715057373047,226176800.0,0.0,0.014030686050525284,0.0,0.0,0.0,0.0,0.0,0.0,0.0,0.0,43.12339899047088,2.3171920599224904,2.3172015457427007,1.0,69.83715057373047,0.0,69.83715057373047,69.83715167057186,69.83714947688908,3.141140148137781e-08,0.5,69.83715057373571,69.83716796988884,-1.7396153126014724e-05,-2.558256667997497e-05,8.186413553960244e-06,0.0,0.0
2020-08-09 05:00:00+00:00,68.13852037839982,70.2696631046371,67.95247104471461,69.83715057373047,226176800.0,0.0,0.013998901458140858,0.0,0.0,0.0,0.0,0.0,0.0,0.0,0.0,43.12339899047088,2.3171920599224904,2.3172008681841145,1.0,69.83715057373047,0.0,69.83715057373047,69.83715167057186,69.83714947688908,3.141140148137781e-08,0.5,69.8371505737349,69.83716668128451,-1.6107549612343064e-05,-2.368756326644859e-05,7.580013654105528e-06,0.0,0.0
2020-08-10 05:00:00+00:00,68.13852037839982,70.2696631046371,67.95247104471461,69.83715057373047,226176800.0,0.0,0.013967331896822102,0.0,0.0,0.0,0.0,0.0,0.0,0.0,0.0,43.12339899047088,2.3171920599224904,2.3172002390225703,1.0,69.83715057373047,0.0,69.83715057373047,69.83715167057186,69.83714947688908,3.141140148137781e-08,0.5,69.83715057373422,69.83716548813236,-1.4914398136056661e-05,-2.1932930240370207e-05,7.0185321043135456e-06,0.0,0.0
2020-08-11 05:00:00+00:00,68.13852037839982,70.2696631046371,67.95247104471461,69.83715057373047,226176800.0,0.0,0.013935974952948734,0.0,0.0,0.0,0.0,0.0,0.0,0.0,0.0,43.123398990470875,2.3171920599224904,2.3171996548011364,1.0,69.83715057373047,0.0,69.83715057373047,69.83715167057186,69.83714947688908,3.141140148137781e-08,0.5,69.83715057373364,69.83716438336185,-1.380962821428966e-05,-2.0308269835154098e-05,6.498641620864438e-06,0.0,0.0
2020-08-12 05:00:00+00:00,68.13852037839982,70.2696631046371,67.95247104471461,69.83715057373047,226176800.0,0.0,0.013904828250658382,0.0,0.0,0.0,0.0,0.0,0.0,0.0,0.0,43.12339899047088,2.3171920599224904,2.317199112309805,1.0,69.83715057373047,0.0,69.83715057373047,69.83715167057186,69.83714947688908,3.141140148137781e-08,0.5,69.83715057373315,69.83716336042619,-1.2786693034172458e-05,-1.8803954474957773e-05,6.017261440785315e-06,0.0,0.0
2020-08-13 05:00:00+00:00,68.13852037839982,70.2696631046371,67.95247104471461,69.83715057373047,226176800.0,0.0,0.013873889451090537,0.0,0.0,0.0,0.0,0.0,0.0,0.0,0.0,43.12339899047088,2.3171920599224904,2.317198608567854,1.0,69.83715057373047,0.0,69.83715057373047,69.83715167057186,69.83714947688908,3.141140148137781e-08,0.5,69.83715057373274,69.83716241326354,-1.1839530799306885e-05,-1.7411069739827597e-05,5.571538940520712e-06,0.0,0.0
2020-08-14 05:00:00+00:00,68.13852037839982,70.2696631046371,67.95247104471461,69.83715057373047,226176800.0,0.0,0.013843156251648956,0.0,0.0,0.0,0.0,0.0,0.0,0.0,0.0,43.12339899047089,2.3171920599224904,2.3171981408074713,1.0,69.83715057373047,0.0,69.83715057373047,69.83715167057186,69.83714947688908,3.141140148137781e-08,0.5,69.83715057373239,69.83716153626109,-1.0962528705249497e-05,-1.6121361532911976e-05,5.158832827662479e-06,0.0,0.0
2020-08-15 05:00:00+00:00,68.13852037839982,70.2696631046371,67.95247104471461,69.83715057373047,226176800.0,0.0,0.01381262638528191,0.0,0.0,0.0,0.0,0.0,0.0,0.0,0.0,43.12339899047089,2.3171920599224904,2.3171977064585443,1.0,69.83715057373047,0.0,69.83715057373047,69.83715167057186,69.83714947688908,3.141140148137781e-08,0.5,69.83715057373209,69.83716072422179,-1.0150489700322396e-05,-1.492718716639406e-05,4.776697466071664e-06,0.0,0.0
2020-08-16 05:00:00+00:00,68.13852037839982,70.2696631046371,67.95247104471461,69.83715057373047,226176800.0,0.0,0.013782297619779876,0.0,0.0,0.0,0.0,0.0,0.0,0.0,0.0,43.12339899047088,2.3171920599224904,2.3171973031345408,1.0,69.83715057373047,0.0,69.83715057373047,69.83715167057186,69.83714947688908,3.141140148137781e-08,0.5,69.83715057373185,69.83715997233354,-9.398601690691066e-06,-1.3821470071253463e-05,4.4228683805623965e-06,0.0,0.0
2020-08-17 05:00:00+00:00,68.13852037839982,70.2696631046371,67.95247104471461,69.83715057373047,226176800.0,0.0,0.01375216775709003,0.0,0.0,0.0,0.0,0.0,0.0,0.0,0.0,43.12339899047088,2.3171920599224904,2.3171969286193947,1.0,69.83715057373047,0.0,69.83715057373047,69.83715167057186,69.83714947688908,3.141140148137781e-08,0.5,69.83715057373163,69.83715927614072,-8.702409090233232e-06,-1.2797657875049416e-05,4.095248784816184e-06,0.0,0.0
2020-08-18 05:00:00+00:00,68.13852037839982,70.2696631046371,67.95247104471461,69.83715057373047,226176800.0,0.0,0.013722234632647254,0.0,0.0,0.0,0.0,0.0,0.0,0.0,0.0,43.12339899047088,2.3171920599224904,2.3171965808553305,1.0,69.83715057373047,0.0,69.83715057373047,69.83715167057186,69.83714947688908,3.141140148137781e-08,0.5,69.83715057373145,69.83715863151774,-8.057786288873103e-06,-1.1849683557814153e-05,3.79189726894105e-06,0.0,0.0
2020-08-19 05:00:00+00:00,68.13852037839982,70.2696631046371,67.95247104471461,69.83715057373047,226176800.0,0.0,0.013692496114720999,0.0,0.0,0.0,0.0,0.0,0.0,0.0,0.0,43.123398990470875,2.3171920599224904,2.3171962579315566,1.0,69.83715057373047,0.0,69.83715057373047,69.83715167057186,69.83714947688908,3.141140148137781e-08,0.5,69.8371505737313,69.8371580346446,-7.4609133093872515e-06,-1.0971929508128773e-05,3.511016198741522e-06,0.0,0.0
2020-08-20 05:00:00+00:00,68.13852037839982,70.2696631046371,67.95247104471461,69.83715057373047,226176800.0,0.0,0.013662950103777697,0.0,0.0,0.0,0.0,0.0,0.0,0.0,0.0,43.123398990470875,2.3171920599224904,2.3171959580737664,1.0,69.83715057373047,0.0,69.83715057373047,69.83715167057186,69.83714947688908,3.141140148137781e-08,0.5,69.83715057373117,69.83715748198429,-6.9082531268804814e-06,-1.0159194231879114e-05,3.250941104998633e-06,0.0,0.0
2020-08-21 05:00:00+00:00,68.13852037839982,70.2696631046371,67.95247104471461,69.83715057373047,226176800.0,0.0,0.013633594531858226,0.0,0.0,0.0,0.0,0.0,0.0,0.0,0.0,43.123398990470875,2.3171920599224904,2.31719567963439,1.0,69.83715057373047,0.0,69.83715057373047,69.83715167057186,69.83714947688908,3.141140148137781e-08,0.5,69.83715057373107,69.83715697026179,-6.396530721985982e-06,-9.406661529900487e-06,3.010130807914505e-06,0.0,0.0
2020-08-22 05:00:00+00:00,68.13852037839982,70.2696631046371,67.95247104471461,69.83715057373047,226176800.0,0.0,0.013604427361970041,0.0,0.0,0.0,0.0,0.0,0.0,0.0,0.0,43.123398990470875,2.3171920599224904,2.3171954210835404,1.0,69.83715057373047,0.0,69.83715057373047,69.83715167057186,69.83714947688908,3.141140148137781e-08,0.5,69.83715057373098,69.83715649644465,-5.922713668837787e-06,-8.709871957687948e-06,2.7871582888501607e-06,0.0,0.0
2020-08-23 05:00:00+00:00,68.13852037839982,70.2696631046371,67.95247104471461,69.83715057373047,226176800.0,0.0,0.01357544658749351,0.0,0.0,0.0,0.0,0.0,0.0,0.0,0.0,43.123398990470875,2.3171920599224904,2.3171951810006086,1.0,69.83715057373047,0.0,69.83715057373047,69.83715167057186,69.83714947688908,3.141140148137781e-08,0.5,69.83715057373091,69.83715605772508,-5.4839941725504104e-06,-8.06469640066044e-06,2.5807022281100293e-06,0.0,0.0
2020-08-24 05:00:00+00:00,68.13852037839982,70.2696631046371,67.95247104471461,69.83715057373047,226176800.0,0.0,0.013546650231602139,0.0,0.0,0.0,0.0,0.0,0.0,0.0,0.0,43.123398990470875,2.3171920599224904,2.3171949580664575,1.0,69.83715057373047,0.0,69.83715057373047,69.83715167057186,69.83714947688908,3.141140148137781e-08,0.5,69.83715057373084,69.83715565150325,-5.077772414097126e-06,-7.467311603347778e-06,2.3895391892506518e-06,0.0,0.0
2020-08-25 05:00:00+00:00,68.13852037839982,70.2696631046371,67.95247104471461,69.83715057373047,226176800.0,0.0,0.013518036346696235,0.0,0.0,0.0,0.0,0.0,0.0,0.0,0.0,43.123398990470875,2.3171920599224904,2.3171947510561743,1.0,69.83715057373047,0.0,69.83715057373047,69.83715167057186,69.83714947688908,3.141140148137781e-08,0.5,69.83715057373078,69.83715527537194,-4.701641159954306e-06,-6.914177514669084e-06,2.212536354714778e-06,0.0,0.0
2020-08-26 05:00:00+00:00,68.13852037839982,70.2696631046371,67.95247104471461,69.83715057373047,226176800.0,0.0,0.013489603013849707,0.0,0.0,0.0,0.0,0.0,0.0,0.0,0.0,43.123398990470875,2.3171920599224904,2.31719455883234,1.0,69.83715057373047,0.0,69.83715057373047,69.83715167057186,69.83714947688908,3.141140148137781e-08,0.5,69.83715057373074,69.8371549271022,-4.353371465981581e-06,-6.402016304931584e-06,2.048644838950003e-06,0.0,0.0
2020-08-27 05:00:00+00:00,68.13852037839982,70.2696631046371,67.95247104471461,69.83715057373047,226176800.0,0.0,0.013461348342269577,0.0,0.0,0.0,0.0,0.0,0.0,0.0,0.0,43.123398990470875,2.3171920599224904,2.31719438033878,1.0,69.83715057373047,0.0,69.83715057373047,69.83715167057186,69.83714947688908,3.141140148137781e-08,0.5,69.8371505737307,69.83715460463023,-4.030899532381227e-06,-5.9277929504215135e-06,1.8968934180402866e-06,0.0,0.0
2020-08-28 05:00:00+00:00,68.13852037839982,70.2696631046371,67.95247104471461,69.83715057373047,226176800.0,0.0,0.013433270468767897,0.0,0.0,0.0,0.0,0.0,0.0,0.0,0.0,43.123398990470875,2.3171920599224904,2.3171942145947595,1.0,69.83715057373047,0.0,69.83715057373047,69.83715167057186,69.83714947688908,3.141140148137781e-08,0.5,69.83715057373067,69.83715430604506,-3.73231439709798e-06,-5.4886972397568065e-06,1.7563828426588265e-06,0.0,0.0
2020-08-29 05:00:00+00:00,68.13852037839982,70.2696631046371,67.95247104471461,69.83715057373047,226176800.0,0.0,0.013405367557245751,0.0,0.0,0.0,0.0,0.0,0.0,0.0,0.0,43.123398990470875,2.3171920599224904,2.3171940606895975,1.0,69.83715057373047,0.0,69.83715057373047,69.83715167057186,69.83714947688908,3.141140148137781e-08,0.5,69.83715057373064,69.83715402957732,-3.4558466808221056e-06,-5.082127127969866e-06,1.6262804471477606e-06,0.0,0.0
2020-08-30 05:00:00+00:00,68.13852037839982,70.2696631046371,67.95247104471461,69.83715057373047,226176800.0,0.0,0.013377637798188981,0.0,0.0,0.0,0.0,0.0,0.0,0.0,0.0,43.123398990470875,2.3171920599224904,2.3171939177776615,1.0,69.83715057373047,0.0,69.83715057373047,69.83715167057186,69.83714947688908,3.141140148137781e-08,0.5,69.83715057373061,69.83715377358867,-3.199858056746052e-06,-4.705673313725104e-06,1.5058152569790518e-06,0.0,0.0
2020-08-31 05:00:00+00:00,68.13852037839982,70.2696631046371,67.95247104471461,69.83715057373047,226176800.0,0.0,0.013350079408175336,0.0,0.0,0.0,0.0,0.0,0.0,0.0,0.0,43.123398990470875,2.3171920599224904,2.3171937850737208,1.0,69.83715057373047,0.0,69.83715057373047,69.83715167057186,69.83714947688908,3.141140148137781e-08,0.5,69.8371505737306,69.83715353656213,-2.9628315303398267e-06,-4.357104957048049e-06,1.3942734267082223e-06,0.0,0.0
2020-09-01 05:00:00+00:00,68.13852037839982,70.2696631046371,67.95247104471461,69.83715057373047,226176800.0,0.0,0.013322690629392758,0.0,0.0,0.0,0.0,0.0,0.0,0.0,0.0,43.123398990470875,2.3171920599224904,2.3171936618486333,1.0,69.83715057373047,0.0,69.83715057373047,69.83715167057186,69.83714947688908,3.141140148137781e-08,0.5,69.83715057373058,69.83715331709311,-2.743362529145088e-06,-4.034356471467457e-06,1.2909939423223691e-06,0.0,0.0
2020-09-02 05:00:00+00:00,68.13852037839982,70.2696631046371,67.95247104471461,69.83715057373047,226176800.0,0.0,0.01329546972916845,0.0,0.0,0.0,0.0,0.0,0.0,0.0,0.0,43.123398990470875,2.3171920599224904,2.3171935474253376,1.0,69.83715057373047,0.0,69.83715057373047,69.83715167057186,69.83714947688908,3.141140148137781e-08,0.5,69.83715057373057,69.83715311388106,-2.5401504899491556e-06,-3.7355152751637972e-06,1.1953647852146416e-06,0.0,0.0
2020-09-03 05:00:00+00:00,68.13852037839982,70.2696631046371,67.95247104471461,69.83715057373047,226176800.0,0.0,0.013268414999508567,0.0,0.0,0.0,0.0,0.0,0.0,0.0,0.0,43.12339899047088,2.3171920599224904,2.3171934411751343,1.0,69.83715057373047,0.0,69.83715057373047,69.83715167057186,69.83714947688908,3.141140148137781e-08,0.5,69.83715057373055,69.83715292572175,-2.351991199134318e-06,-3.4588104599579017e-06,1.1068192608235838e-06,0.0,0.0
2020-09-04 05:00:00+00:00,68.13852037839982,70.2696631046371,67.95247104471461,69.83715057373047,226176800.0,0.0,0.013241524756648073,0.0,0.0,0.0,0.0,0.0,0.0,0.0,0.0,43.12339899047089,2.3171920599224904,2.3171933425142313,1.0,69.83715057373047,0.0,69.83715057373047,69.83715167057186,69.83714947688908,3.141140148137781e-08,0.5,69.83715057373054,69.83715275150017,-2.177769630407056e-06,-3.202602294047733e-06,1.024832663640677e-06,0.0,0.0
2020-09-05 05:00:00+00:00,68.13852037839982,70.2696631046371,67.95247104471461,69.83715057373047,226176800.0,0.0,0.013214797340610665,0.0,0.0,0.0,0.0,0.0,0.0,0.0,0.0,43.12339899047088,2.3171920599224904,2.317193250900536,1.0,69.83715057373047,0.0,69.83715057373047,69.83715167057186,69.83714947688908,3.141140148137781e-08,0.5,69.83715057373053,69.83715259018389,-2.0164533651723104e-06,-2.9653725082726483e-06,9.489191431003378e-07,0.0,0.0
2020-09-06 05:00:00+00:00,68.13852037839982,70.2696631046371,67.95247104471461,69.83715057373047,226176800.0,0.0,0.013188231114778374,0.0,0.0,0.0,0.0,0.0,0.0,0.0,0.0,43.12339899047088,2.3171920599224904,2.317193165830676,1.0,69.83715057373047,0.0,69.83715057373047,69.83715167057186,69.83714947688908,3.141140148137781e-08,0.5,69.83715057373051,69.83715244081696,-1.8670864534442444e-06,-2.745715297306968e-06,8.786288438627235e-07,0.0,0.0
2020-09-07 05:00:00+00:00,68.13852037839982,70.2696631046371,67.95247104471461,69.83715057373047,226176800.0,0.0,0.013161824465470697,0.0,0.0,0.0,0.0,0.0,0.0,0.0,0.0,43.12339899047088,2.3171920599224904,2.3171930868372344,1.0,69.83715057373047,0.0,69.83715057373047,69.83715167057186,69.83714947688908,3.141140148137781e-08,0.5,69.83715057373051,69.83715230251426,-1.728783743715212e-06,-2.542328986588617e-06,8.135452428734048e-07,0.0,0.0
2020-09-08 05:00:00+00:00,68.13852037839982,70.2696631046371,67.95247104471461,69.83715057373047,226176800.0,0.0,0.013135575801532906,0.0,0.0,0.0,0.0,0.0,0.0,0.0,0.0,43.12339899047088,2.3171920599224904,2.3171930134861816,1.0,69.83715057373047,0.0,69.83715057373047,69.83715167057186,69.83714947688908,3.141140148137781e-08,0.5,69.83715057373051,69.8371521744562,-1.600725681782933e-06,-2.3540083256274806e-06,7.532826438445476e-07,0.0,0.0
2020-09-09 05:00:00+00:00,68.13852037839982,70.2696631046371,67.95247104471461,69.83715057373047,226176800.0,0.0,0.013109483553933389,0.0,0.0,0.0,0.0,0.0,0.0,0.0,0.0,43.12339899047088,2.3171920599224904,2.3171929453744897,1.0,69.83715057373047,0.0,69.83715057373047,69.83715167057186,69.83714947688908,3.141140148137781e-08,0.5,69.83715057373051,69.83715205588392,-1.4821534080056153e-06,-2.1796373421031076e-06,6.974839340974923e-07,0.0,0.0
2020-09-10 05:00:00+00:00,68.13852037839982,70.2696631046371,67.95247104471461,69.83715057373047,226176800.0,0.0,0.013083546175369753,0.0,0.0,0.0,0.0,0.0,0.0,0.0,0.0,43.12339899047088,2.3171920599224904,2.3171928821279186,1.0,69.83715057373047,0.0,69.83715057373047,69.83715167057186,69.83714947688908,3.141140148137781e-08,0.5,69.83715057373051,69.83715194609478,-1.372364266671866e-06,-2.0181827270168595e-06,6.458184603449934e-07,0.0,0.0
2020-09-11 05:00:00+00:00,68.13852037839982,70.2696631046371,67.95247104471461,69.83715057373047,226176800.0,0.0,0.009552372351413716,0.0,0.0,0.0,0.0,0.0,0.0,0.0,0.0,43.12339899047088,2.3171920599224904,2.3171928233989596,1.0,69.83715057373047,0.0,69.83715057373047,69.83715167057186,69.83714947688908,3.141140148137781e-08,0.5,69.83715057373051,69.83715184443817,-1.2707076564311137e-06,-1.8686877128997105e-06,5.979800564685967e-07,0.0,0.0
2020-09-12 05:00:00+00:00,68.13852037839982,70.2696631046371,67.95247104471461,69.83715057373047,226176800.0,0.0,0.009552372351413718,0.0,0.0,0.0,0.0,0.0,0.0,0.0,0.0,43.12339899047088,2.3171920599224904,2.3171927688649263,1.0,69.83715057373047,0.0,69.83715057373047,69.83715167057186,69.83714947688908,3.141140148137781e-08,0.5,69.83715057373051,69.83715175031168,-1.1765811649411262e-06,-1.7302664033079936e-06,5.536852383668675e-07,0.0,0.0
2020-09-13 05:00:00+00:00,68.13852037839982,70.2696631046371,67.95247104471461,69.83715057373047,226176800.0,0.0,0.009552372351413718,0.0,0.0,0.0,0.0,0.0,0.0,0.0,0.0,43.12339899047088,2.3171920599224904,2.317192718226181,1.0,69.83715057373047,0.0,69.83715057373047,69.83715167057186,69.83714947688908,3.141140148137781e-08,0.5,69.83715057373051,69.83715166315751,-1.089427001943477e-06,-1.6020985230350904e-06,5.126715210916133e-07,0.0,0.0
2020-09-14 05:00:00+00:00,68.13852037839982,70.2696631046371,67.95247104471461,69.83715057373047,226176800.0,0.0,0.012451012053832339,0.0,0.0,0.0,0.0,0.0,0.0,0.0,0.0,43.12339899047088,2.3171920599224904,2.3171926712044892,1.0,69.83715057373047,0.0,69.83715057373047,69.83715167057186,69.83714947688908,3.141140148137781e-08,0.5,69.83715057373051,69.83715158245921,-1.0087287023452518e-06,-1.4834245588971229e-06,4.7469585655187107e-07,0.0,0.0
2020-09-15 05:00:00+00:00,68.13852037839982,70.2696631046371,67.95247104471461,69.83715057373047,226176800.0,0.0,0.010739322662766736,0.0,0.0,0.0,0.0,0.0,0.0,0.0,0.0,43.123398990470875,2.3171920599224904,2.31719262754149,1.0,69.83715057373047,0.0,69.83715057373047,69.83715167057186,69.83714947688908,3.141140148137781e-08,0.5,69.83715057373051,69.83715150773857,-9.340080566744291e-07,-1.3735412584525841e-06,4.39533201778155e-07,0.0,0.0
2020-09-16 05:00:00+00:00,68.13852037839982,70.2696631046371,67.95247104471461,69.83715057373047,226176800.0,0.0,0.0166212972216617,0.0,0.0,0.0,0.0,0.0,0.0,0.0,0.0,43.123398990470875,2.3171920599224904,2.317192586997276,1.0,69.83715057373047,0.0,69.83715057373047,69.83715167057186,69.83714947688908,3.141140148137781e-08,0.5,69.83715057373051,69.83715143855278,-8.64822268908938e-07,-1.271797460543855e-06,4.0697519163491703e-07,0.0,0.0
2020-09-17 05:00:00+00:00,68.13852037839982,70.2696631046371,67.95247104471461,69.83715057373047,226176800.0,0.0,0.024493838727785586,0.0,0.0,0.0,0.0,0.0,0.0,0.0,0.0,43.123398990470875,2.3171920599224904,2.3171925493490773,1.0,69.83715057373047,0.0,69.83715057373047,69.83715167057186,69.83714947688908,3.141140148137781e-08,0.5,69.83715057373051,69.83715137449187,-8.007613558902449e-07,-1.177590239613133e-06,3.768288837228882e-07,0.0,0.0
2020-09-18 05:00:00+00:00,68.13852037839982,70.2696631046371,67.95247104471461,69.83715057373047,226176800.0,0.0,0.02532864589869572,0.0,0.0,0.0,0.0,0.0,0.0,0.0,0.0,43.123398990470875,2.3171920599224904,2.317192514390036,1.0,69.83715057373047,0.0,69.83715057373047,69.83715167057186,69.83714947688908,3.141140148137781e-08,0.5,69.83715057373051,69.83715131517621,-7.414457030563426e-07,-1.090361332301775e-06,3.4891562924543246e-07,0.0,0.0
2020-09-19 05:00:00+00:00,68.13852037839982,70.2696631046371,67.95247104471461,69.83715057373047,226176800.0,0.0,0.02532864589869572,0.0,0.0,0.0,0.0,0.0,0.0,0.0,0.0,43.123398990470875,2.3171920599224904,2.3171924819280685,1.0,69.83715057373047,0.0,69.83715057373047,69.83715167057186,69.83714947688908,3.141140148137781e-08,0.5,69.83715057373051,69.8371512602543,-6.865237907049959e-07,-1.0095938239824193e-06,3.2307003327742336e-07,0.0,0.0
2020-09-20 05:00:00+00:00,68.13852037839982,70.2696631046371,67.95247104471461,69.83715057373047,226176800.0,0.0,0.02532864589869572,0.0,0.0,0.0,0.0,0.0,0.0,0.0,0.0,43.123398990470875,2.3171920599224904,2.317192451784813,1.0,69.83715057373047,0.0,69.83715057373047,69.83715167057186,69.83714947688908,3.141140148137781e-08,0.5,69.83715057373051,69.83715120940069,-6.35670176052372e-07,-9.348090943964098e-07,2.9913891834403785e-07,0.0,0.0
2020-09-21 05:00:00+00:00,68.13852037839982,70.2696631046371,67.95247104471461,69.83715057373047,226176800.0,0.0,0.033383342557137895,0.0,0.0,0.0,0.0,0.0,0.0,0.0,0.0,43.123398990470875,2.3171920599224904,2.3171924237946473,1.0,69.83715057373047,0.0,69.83715057373047,69.83715167057186,69.83714947688908,3.141140148137781e-08,0.5,69.83715057373051,69.837151162314,-5.885834895025255e-07,-8.655639734176331e-07,2.769804839151076e-07,0.0,0.0
2020-09-22 05:00:00+00:00,68.13852037839982,70.2696631046371,67.95247104471461,69.83715057373047,226176800.0,0.0,0.02842086884247688,0.0,0.0,0.0,0.0,0.0,0.0,0.0,0.0,43.123398990470875,2.3171920599224904,2.317192397803779,1.0,69.83715057373047,0.0,69.83715057373047,69.83715167057186,69.83714947688908,3.141140148137781e-08,0.5,69.83715057373051,69.83715111871523,-5.449847151339782e-07,-8.014481217609021e-07,2.5646340662692395e-07,0.0,0.0
2020-09-23 05:00:00+00:00,68.13852037839982,70.2696631046371,67.95247104471461,69.83715057373047,226176800.0,0.0,0.026828223225742437,0.0,0.0,0.0,0.0,0.0,0.0,0.0,0.0,43.123398990470875,2.3171920599224904,2.3171923736694016,1.0,69.83715057373047,0.0,69.83715057373047,69.83715167057186,69.83714947688908,3.141140148137781e-08,0.5,69.83715057373051,69.83715107834598,-5.046154711862982e-07,-7.420815916459814e-07,2.3746612045968317e-07,0.0,0.0
2020-09-24 05:00:00+00:00,68.13852037839982,70.2696631046371,67.95247104471461,69.83715057373047,226176800.0,0.0,0.031558123167759175,0.0,0.0,0.0,0.0,0.0,0.0,0.0,0.0,43.123398990470875,2.3171920599224904,2.317192351258908,1.0,69.83715057373047,0.0,69.83715057373047,69.83715167057186,69.83714947688908,3.141140148137781e-08,0.5,69.83715057373051,69.83715104096706,-4.672365463420647e-07,-6.871125825851982e-07,2.198760362431335e-07,0.0,0.0
2020-09-25 05:00:00+00:00,68.13852037839982,70.2696631046371,67.95247104471461,69.83715057373047,226176800.0,0.0,0.0357549615799526,0.0,0.0,0.0,0.0,0.0,0.0,0.0,0.0,43.123398990470875,2.3171920599224904,2.3171923304491644,1.0,69.83715057373047,0.0,69.83715057373047,69.83715167057186,69.83714947688908,3.141140148137781e-08,0.5,69.83715057373051,69.83715100635693,-4.3262642179797695e-07,-6.36215350427754e-07,2.0358892862977706e-07,0.0,0.0
2020-09-26 05:00:00+00:00,68.13852037839982,70.2696631046371,67.95247104471461,69.83715057373047,226176800.0,0.0,0.0357549615799526,0.0,0.0,0.0,0.0,0.0,0.0,0.0,0.0,43.123398990470875,2.3171920599224904,2.317192311125831,1.0,69.83715057373047,0.0,69.83715057373047,69.83715167057186,69.83714947688908,3.141140148137781e-08,0.5,69.83715057373051,69.83715097431053,-4.0058002070963994e-07,-5.890882844841313e-07,1.8850826377449134e-07,0.0,0.0
2020-09-27 05:00:00+00:00,68.13852037839982,70.2696631046371,67.95247104471461,69.83715057373047,226176800.0,0.0,0.0357549615799526,0.0,0.0,0.0,0.0,0.0,0.0,0.0,0.0,43.123398990470875,2.3171920599224904,2.3171922931827353,1.0,69.83715057373047,0.0,69.83715057373047,69.83715167057186,69.83714947688908,3.141140148137781e-08,0.5,69.83715057373051,69.83715094463794,-3.709074292146397e-07,-5.45452113430233e-07,1.7454468421559326e-07,0.0,0.0
2020-09-28 05:00:00+00:00,68.13852037839982,70.2696631046371,67.95247104471461,69.83715057373047,226176800.0,0.0,0.0357549615799526,0.0,0.0,0.0,0.0,0.0,0.0,0.0,0.0,43.123398990470875,2.3171920599224904,2.3171922765212893,1.0,69.83715057373047,0.0,69.83715057373047,69.83715167057186,69.83714947688908,3.141140148137781e-08,0.5,69.83715057373051,69.83715091716331,-3.4343280219673034e-07,-5.050482511835324e-07,1.6161544898680206e-07,0.0,0.0
2020-09-29 05:00:00+00:00,68.13852037839982,70.2696631046371,67.95247104471461,69.83715057373047,226176800.0,0.0,0.033231811389974386,0.0,0.0,0.0,0.0,0.0,0.0,0.0,0.0,43.123398990470875,2.3171920599224904,2.317192261049947,1.0,69.83715057373047,0.0,69.83715057373047,69.83715167057186,69.83714947688908,3.141140148137781e-08,0.5,69.83715057373051,69.83715089172384,-3.1799332589343976e-07,-4.676372661255139e-07,1.4964394023207412e-07,0.0,0.0
2020-09-30 05:00:00+00:00,68.13852037839982,70.2696631046371,67.95247104471461,69.83715057373047,226176800.0,0.0,0.03457711873081915,0.0,0.0,0.0,0.0,0.0,0.0,0.0,0.0,43.123398990470875,2.3171920599224904,2.3171922466837005,1.0,69.83715057373047,0.0,69.83715057373047,69.83715167057186,69.83714947688908,3.141140148137781e-08,0.5,69.83715057373051,69.83715086816878,-2.9443826576880383e-07,-4.329974660541719e-07,1.3855920028536805e-07,0.0,0.0
2020-10-01 05:00:00+00:00,68.13852037839982,70.2696631046371,67.95247104471461,69.83715057373047,226176800.0,0.0,0.03639588694211234,0.0,0.0,0.0,0.0,0.0,0.0,0.0,0.0,43.123398990470875,2.3171920599224904,2.317192233343614,1.0,69.83715057373047,0.0,69.83715057373047,69.83715167057186,69.83714947688908,3.141140148137781e-08,0.5,69.83715057373051,69.83715084635853,-2.726280143861004e-07,-4.009235757205576e-07,1.282955613344572e-07,0.0,0.0
2020-10-02 05:00:00+00:00,68.13852037839982,70.2696631046371,67.95247104471461,69.83715057373047,226176800.0,0.0,0.03531702437930667,0.0,0.0,0.0,0.0,0.0,0.0,0.0,0.0,43.12339899047087,2.3171920599224904,2.3171922209563913,1.0,69.83715057373047,0.0,69.83715057373047,69.83715167057186,69.83714947688908,3.141140148137781e-08,0.5,69.83715057373051,69.83715082616385,-2.5243333823254943e-07,-3.71225528222956e-07,1.1879218999040658e-07,0.0,0.0
2020-10-03 05:00:00+00:00,68.13852037839982,70.2696631046371,67.95247104471461,69.83715057373047,226176800.0,0.0,0.03531702437930667,0.0,0.0,0.0,0.0,0.0,0.0,0.0,0.0,43.12339899047087,2.3171920599224904,2.31719220945397,1.0,69.83715057373047,0.0,69.83715057373047,69.83715167057186,69.83714947688908,3.141140148137781e-08,0.5,69.83715057373051,69.83715080746508,-2.337345677005942e-07,-3.437273361184837e-07,1.099927684178895e-07,0.0,0.0
2020-10-04 05:00:00+00:00,68.13852037839982,70.2696631046371,67.95247104471461,69.83715057373047,226176800.0,0.0,0.03531702437930667,0.0,0.0,0.0,0.0,0.0,0.0,0.0,0.0,43.12339899047087,2.3171920599224904,2.3171921987731503,1.0,69.83715057373047,0.0,69.83715057373047,69.83715167057186,69.83714947688908,3.141140148137781e-08,0.5,69.83715057373051,69.8371507901514,-2.1642088654516556e-07,-3.1826604620382006e-07,1.018451596586545e-07,0.0,0.0
2020-10-05 05:00:00+00:00,68.13852037839982,70.2696631046371,67.95247104471461,69.83715057373047,226176800.0,0.0,0.024501762618008124,0.0,0.0,0.0,0.0,0.0,0.0,0.0,0.0,43.123398990470875,2.3171920599224904,2.3171921888552465,1.0,69.83715057373047,0.0,69.83715057373047,69.83715167057186,69.83714947688908,3.141140148137781e-08,0.5,69.83715057373051,69.83715077412022,-2.0038970660607447e-07,-2.9469077828427094e-07,9.430107167819648e-08,0.0,0.0
2020-10-06 05:00:00+00:00,68.13852037839982,70.2696631046371,67.95247104471461,69.83715057373047,226176800.0,0.0,0.03566066373307777,0.0,0.0,0.0,0.0,0.0,0.0,0.0,0.0,43.12339899047087,2.3171920599224904,2.317192179645764,1.0,69.83715057373047,0.0,69.83715057373047,69.83715167057186,69.83714947688908,3.141140148137781e-08,0.5,69.83715057373051,69.83715075927653,-1.855460141086951e-07,-2.728618254491558e-07,8.731581134046073e-08,0.0,0.0
2020-10-07 05:00:00+00:00,68.13852037839982,70.2696631046371,67.95247104471461,69.83715057373047,226176800.0,0.0,0.04404910580586999,0.0,0.0,0.0,0.0,0.0,0.0,0.0,0.0,43.12339899047087,2.3171920599224904,2.317192171094102,1.0,69.83715057373047,0.0,69.83715057373047,69.83715167057186,69.83714947688908,3.141140148137781e-08,0.5,69.83715057373051,69.83715074553237,-1.7180185807319504e-07,-2.526498319739637e-07,8.084797390076866e-08,0.0,0.0
2020-10-08 05:00:00+00:00,68.13852037839982,70.2696631046371,67.95247104471461,69.83715057373047,226176800.0,0.0,0.04348390751173575,0.0,0.0,0.0,0.0,0.0,0.0,0.0,0.0,43.12339899047087,2.3171920599224904,2.3171921631532726,1.0,69.83715057373047,0.0,69.83715057373047,69.83715167057186,69.83714947688908,3.141140148137781e-08,0.5,69.83715057373051,69.83715073280631,-1.5907579609120148e-07,-2.3393502479741126e-07,7.485922870620978e-08,0.0,0.0
2020-10-09 05:00:00+00:00,68.13852037839982,70.2696631046371,67.95247104471461,69.83715057373047,226176800.0,0.0,0.026856446796072495,0.0,0.0,0.0,0.0,0.0,0.0,0.0,0.0,43.12339899047087,2.3171920599224904,2.3171921557796455,1.0,69.83715057373047,0.0,69.83715057373047,69.83715167057186,69.83714947688908,3.141140148137781e-08,0.5,69.83715057373051,69.83715072102291,-1.4729239694588614e-07,-2.1660649922710625e-07,6.931410228122011e-08,0.0,0.0
2020-10-10 05:00:00+00:00,68.13852037839982,70.2696631046371,67.95247104471461,69.83715057373047,226176800.0,0.0,0.026856446796072495,0.0,0.0,0.0,0.0,0.0,0.0,0.0,0.0,43.12339899047087,2.3171920599224904,2.317192148932706,1.0,69.83715057373047,0.0,69.83715057373047,69.83715167057186,69.83714947688908,3.141140148137781e-08,0.5,69.83715057373051,69.83715071011235,-1.3638184270803322e-07,-2.0056156792329165e-07,6.417972521525843e-08,0.0,0.0
2020-10-11 05:00:00+00:00,68.13852037839982,70.2696631046371,67.95247104471461,69.83715057373047,226176800.0,0.0,0.026856446796072495,0.0,0.0,0.0,0.0,0.0,0.0,0.0,0.0,43.123398990470875,2.3171920599224904,2.3171921425748336,1.0,69.83715057373047,0.0,69.83715057373047,69.83715167057186,69.83714947688908,3.141140148137781e-08,0.5,69.83715057373051,69.83715070000999,-1.2627947398868855e-07,-1.8570514913637103e-07,5.9425675147682475e-08,0.0,0.0
2020-10-12 05:00:00+00:00,68.13852037839982,70.2696631046371,67.95247104471461,69.83715057373047,226176800.0,0.0,0.02574226964031428,0.0,0.0,0.0,0.0,0.0,0.0,0.0,0.0,43.123398990470875,2.3171920599224904,2.3171921366710952,1.0,69.83715057373047,0.0,69.83715057373047,69.83715167057186,69.83714947688908,3.141140148137781e-08,0.5,69.83715057373051,69.83715069065595,-1.169254346677917e-07,-1.7194920624265517e-07,5.502377157486347e-08,0.0,0.0
2020-10-13 05:00:00+00:00,68.13852037839982,70.2696631046371,67.95247104471461,69.83715057373047,226176800.0,0.0,0.03984866271159703,0.0,0.0,0.0,0.0,0.0,0.0,0.0,0.0,43.123398990470875,2.3171920599224904,2.3171921311890524,1.0,69.83715057373047,0.0,69.83715057373047,69.83715167057186,69.83714947688908,3.141140148137781e-08,0.5,69.83715057373051,69.8371506819948,-1.0826428820109868e-07,-1.592122226343439e-07,5.0947934433245216e-08,0.0,0.0
2020-10-14 05:00:00+00:00,68.13852037839982,70.2696631046371,67.95247104471461,69.83715057373047,226176800.0,0.0,0.04329472264943629,0.0,0.0,0.0,0.0,0.0,0.0,0.0,0.0,43.123398990470875,2.3171920599224904,2.317192126098584,1.0,69.83715057373047,0.0,69.83715057373047,69.83715167057186,69.83714947688908,3.141140148137781e-08,0.5,69.83715057373051,69.83715067397522,-1.0024470498137816e-07,-1.4741871910375075e-07,4.717401412237259e-08,0.0,0.0
2020-10-15 05:00:00+00:00,68.13852037839982,70.2696631046371,67.95247104471461,69.83715057373047,226176800.0,0.0,0.048292872651016255,0.0,0.0,0.0,0.0,0.0,0.0,0.0,0.0,43.123398990470875,2.3171920599224904,2.3171921213717206,1.0,69.83715057373047,0.0,69.83715057373047,69.83715167057186,69.83714947688908,3.141140148137781e-08,0.5,69.83715057373051,69.83715066654968,-9.281916391046252e-08,-1.364988080650931e-07,4.3679644154630586e-08,0.0,0.0
2020-10-16 05:00:00+00:00,68.13852037839982,70.2696631046371,67.95247104471461,69.83715057373047,226176800.0,0.0,0.042740048324640345,0.0,0.0,0.0,0.0,0.0,0.0,0.0,0.0,43.123398990470875,2.3171920599224904,2.3171921169824903,1.0,69.83715057373047,0.0,69.83715057373047,69.83715167057186,69.83714947688908,3.141140148137781e-08,0.5,69.83715057373051,69.83715065967418,-8.594366818215349e-08,-1.2638778008850518e-07,4.044411190635169e-08,0.0,0.0
2020-10-17 05:00:00+00:00,68.13852037839982,70.2696631046371,67.95247104471461,69.83715057373047,226176800.0,0.0,0.042740048324640345,0.0,0.0,0.0,0.0,0.0,0.0,0.0,0.0,43.12339899047087,2.3171920599224904,2.3171921129067763,1.0,69.83715057373047,0.0,69.83715057373047,69.83715167057186,69.83714947688908,3.141140148137781e-08,0.5,69.83715057373051,69.83715065330797,-7.957746106512786e-08,-1.1702571628382972e-07,3.744825521870186e-08,0.0,0.0
2020-10-18 05:00:00+00:00,68.13852037839982,70.2696631046371,67.95247104471461,69.83715057373047,226176800.0,0.0,0.042740048324640345,0.0,0.0,0.0,0.0,0.0,0.0,0.0,0.0,43.12339899047087,2.3171920599224904,2.3171921091221845,1.0,69.83715057373047,0.0,69.83715057373047,69.83715167057186,69.83714947688908,3.141140148137781e-08,0.5,69.83715057373051,69.83715064741334,-7.36828269509715e-08,-1.0835713841725808e-07,3.467431146628658e-08,0.0,0.0
2020-10-19 05:00:00+00:00,68.13852037839982,70.2696631046371,67.95247104471461,69.83715057373047,226176800.0,0.0,0.04475399390306183,0.0,0.0,0.0,0.0,0.0,0.0,0.0,0.0,43.12339899047086,2.3171920599224904,2.317192105607921,1.0,69.83715057373047,0.0,69.83715057373047,69.83715167057186,69.83714947688908,3.141140148137781e-08,0.5,69.83715057373051,69.83715064195535,-6.822483555879444e-08,-1.0033067784556536e-07,3.2105842286770924e-08,0.0,0.0
2020-10-20 05:00:00+00:00,68.13852037839982,70.2696631046371,67.95247104471461,69.83715057373047,226176800.0,0.0,0.042243765616329775,0.0,0.0,0.0,0.0,0.0,0.0,0.0,0.0,43.12339899047087,2.3171920599224904,2.317192102344676,1.0,69.83715057373047,0.0,69.83715057373047,69.83715167057186,69.83714947688908,3.141140148137781e-08,0.5,69.83715057373051,69.83715063690165,-6.317114298326487e-08,-9.289877087310527e-08,2.97276278898404e-08,0.0,0.0
2020-10-21 05:00:00+00:00,68.13852037839982,70.2696631046371,67.95247104471461,69.83715057373047,226176800.0,0.0,0.0527800635997224,0.0,0.0,0.0,0.0,0.0,0.0,0.0,0.0,43.12339899047086,2.3171920599224904,2.3171920993145205,1.0,69.83715057373047,0.0,69.83715057373047,69.83715167057186,69.83714947688908,3.141140148137781e-08,0.5,69.83715057373051,69.8371506322223,-5.8491792742643156e-08,-8.601737524701285e-08,2.7525582504369696e-08,0.0,0.0
2020-10-22 05:00:00+00:00,68.13852037839982,70.2696631046371,67.95247104471461,69.83715057373047,226176800.0,0.0,0.04978967011413649,0.0,0.0,0.0,0.0,0.0,0.0,0.0,0.0,43.12339899047086,2.3171920599224904,2.317192096500804,1.0,69.83715057373047,0.0,69.83715057373047,69.83715167057186,69.83714947688908,3.141140148137781e-08,0.5,69.83715057373051,69.83715062788957,-5.415905945937993e-08,-7.964571208948628e-08,2.5486652630106344e-08,0.0,0.0
2020-10-23 05:00:00+00:00,68.13852037839982,70.2696631046371,67.95247104471461,69.83715057373047,226176800.0,0.0,0.049894808519490276,0.0,0.0,0.0,0.0,0.0,0.0,0.0,0.0,43.12339899047086,2.3171920599224904,2.317192093888068,1.0,69.83715057373047,0.0,69.83715057373047,69.83715167057186,69.83714947688908,3.141140148137781e-08,0.5,69.83715057373051,69.83715062387779,-5.0147278329859546e-08,-7.374602533756094e-08,2.359874700770139e-08,0.0,0.0
2020-10-24 05:00:00+00:00,68.13852037839982,70.2696631046371,67.95247104471461,69.83715057373047,226176800.0,0.0,0.049894808519490276,0.0,0.0,0.0,0.0,0.0,0.0,0.0,0.0,43.12339899047086,2.3171920599224904,2.3171920914619557,1.0,69.83715057373047,0.0,69.83715057373047,69.83715167057186,69.83714947688908,3.141140148137781e-08,0.5,69.83715057373051,69.83715062016317,-4.643266038328875e-08,-6.82833523467065e-08,2.1850691963417755e-08,0.0,0.0
2020-10-25 05:00:00+00:00,68.13852037839982,70.2696631046371,67.95247104471461,69.83715057373047,226176800.0,0.0,0.049894808519490276,0.0,0.0,0.0,0.0,0.0,0.0,0.0,0.0,43.12339899047086,2.3171920599224904,2.317192089209137,1.0,69.83715057373047,0.0,69.83715057373047,69.83715167057186,69.83714947688908,3.141140148137781e-08,0.5,69.83715057373051,69.83715061672372,-4.299320721656841e-08,-6.322532332067888e-08,2.0232116104110477e-08,0.0,0.0
2020-10-26 05:00:00+00:00,68.13852037839982,70.2696631046371,67.95247104471461,69.83715057373047,226176800.0,0.0,0.049894808519490276,0.0,0.0,0.0,0.0,0.0,0.0,0.0,0.0,43.12339899047086,2.3171920599224904,2.317192087117234,1.0,69.83715057373047,0.0,69.83715057373047,69.83715167057186,69.83714947688908,3.141140148137781e-08,0.5,69.83715057373051,69.83715061353904,-3.980852625318221e-08,-5.854196390717955e-08,1.8733437653997345e-08,0.0,0.0
2020-10-27 05:00:00+00:00,68.13852037839982,70.2696631046371,67.95247104471461,69.83715057373047,226176800.0,0.0,0.042341112184369596,0.0,0.0,0.0,0.0,0.0,0.0,0.0,0.0,43.12339899047086,2.3171920599224904,2.3171920851747525,1.0,69.83715057373047,0.0,69.83715057373047,69.83715167057186,69.83714947688908,3.141140148137781e-08,0.5,69.83715057373051,69.83715061059026,-3.685974547806836e-08,-5.420552022135731e-08,1.734577474328895e-08,0.0,0.0
2020-10-28 05:00:00+00:00,68.13852037839982,70.2696631046371,67.95247104471461,69.83715057373047,226176800.0,0.0,0.048761042208954254,0.0,-0.33867112537881006,0.0,0.0,0.0,0.0,0.0,0.0,43.12339899047086,2.3171920599224904,2.31719208337102,1.0,69.83715057373047,0.0,69.83715057373047,69.83715167057186,69.83714947688908,3.141140148137781e-08,0.5,69.83715057373051,69.8371506078599,-3.412938553992717e-08,-5.0190293285071286e-08,1.6060907745144116e-08,0.0,0.0
2020-10-29 05:00:00+00:00,68.13852037839982,70.2696631046371,67.95247104471461,69.83715057373047,226176800.0,0.0,0.04441505399974714,0.0,-0.3486712350854333,0.0,0.0,0.0,0.0,0.0,0.0,43.12339899047086,2.3171920599224904,2.317192081696125,1.0,69.83715057373047,0.0,69.83715057373047,69.83715167057186,69.83714947688908,3.141140148137781e-08,0.5,69.83715057373051,69.83715060533179,-3.1601274486092734e-08,-4.647248952527558e-08,1.4871215039182844e-08,0.0,0.0
2020-10-30 05:00:00+00:00,68.13852037839982,70.2696631046371,67.95247104471461,69.83715057373047,226176800.0,0.0,0.03493799291501345,0.0,-0.37422570326754756,0.0,0.0,0.0,0.0,0.0,0.0,43.12339899047086,2.3171920599224904,2.3171920801408654,1.0,69.83715057373047,0.0,69.83715057373047,69.83715167057186,69.83714947688908,3.141140148137781e-08,0.5,69.83715057373051,69.83715060299095,-2.926043407569523e-08,-4.303007843535951e-08,1.376964435966428e-08,0.0,0.0
2020-10-31 05:00:00+00:00,68.13852037839982,70.2696631046371,67.95247104471461,69.83715057373047,226176800.0,0.0,0.03493799291501345,0.0,-0.3956754430007028,0.0,0.0,0.0,0.0,0.0,0.0,43.12339899047086,2.3171920599224904,2.317192078696696,1.0,69.83715057373047,0.0,69.83715057373047,69.83715167057186,69.83714947688908,3.141140148137781e-08,0.5,69.83715057373051,69.8371506008235,-2.709299451453262e-08,-3.9842661651194135e-08,1.2749667136661515e-08,0.0,0.0
2020-11-01 05:00:00+00:00,68.13852037839982,70.2696631046371,67.95247104471461,69.83715057373047,226176800.0,0.0,0.03493799291501345,-0.33867112537881006,-0.39498818852542394,0.0,0.0,0.0,0.0,0.0,0.0,43.12339899047086,2.3171920599224904,2.317192077355682,1.0,69.83715057373047,0.0,69.83715057373047,69.83715167057186,69.83714947688908,3.141140148137781e-08,0.5,69.83715057373051,69.83715059881662,-2.5086109189942363e-08,-3.6891351158943786e-08,1.1805241969001423e-08,0.0,0.0
2020-11-02 05:00:00+00:00,105.93134082759394,107.45560232371076,104.19348732192324,105.60124206542967,122866900.0,0.4135040218324052,15.025730877858125,-0.015121235576401104,-0.08515742364776124,0.18492462035736304,2.93558734055169,0.0902339752483652,1.4324199498955923,0.052096609899693676,0.8270080436648105,99.9999993881317,37.618451749980295,4.838710625400298,0.555930385551997,70.83126783232532,0.3292572469134516,71.62535514831544,87.61954309410771,55.631167202523166,0.4466068730178839,1.5621322893123986,75.33931849553039,72.48634255930646,2.8529759362239275,0.5705951577317045,2.282380778492223,4.248529157249596,7.616867247541182
2020-11-03 05:00:00+00:00,106.4653046968192,108.24198610997584,105.56239787070092,107.22257995605467,107624400.0,0.015236727188687686,0.4946421046120776,-0.03923436144489367,-0.07111148153585067,0.18333985379123327,2.910429951231275,0.09012892594441962,1.4307523438937497,0.05210101508163758,0.8270779737602318,99.99999941661349,2.6795882392749206,4.684487597819914,0.500383838969469,71.79401853861503,0.3304207139201471,73.49462661743163,96.0157182527593,50.97353498210397,0.612863624780592,1.2488081369403017,80.24443564330336,75.05939718128782,5.185038462015541,1.4934838185884718,3.691554643427069,2.995232547761207,5.461155533607132
2020-11-04 05:00:00+00:00,110.8147809731129,112.22253544210156,109.07692780633056,111.60118103027344,138235500.0,0.04002477222484457,1.3931530450690641,-0.03427711851566495,-0.013480003293842469,0.1794933797782333,2.849369069254051,0.09009879404064,1.430274014750171,0.052260476975468616,0.8296093528482417,99.99999948617531,4.999955486046886,4.707021018407556,0.6561190264479064,73.20496745054304,0.34404845204384416,75.58282814025878,103.72052937555515,47.44512690496243,0.7445527490207519,1.1400372331203925,85.06855031822184,77.76619598491638,7.302354333305459,2.6552579215318692,4.64709641177359,2.5601489324815696,4.722486004089559
2020-11-05 05:00:00+00:00,114.513786143965,116.13514003797306,113.46525517113334,115.56232452392578,126387100.0,0.03487835809473641,1.2027605980062335,0.0011372274505794255,0.02461825880068602,0.17557390519562371,2.7871493391603095,0.08998813920026918,1.4285174236162506,0.05236502035179697,0.8312689274981448,99.99999953965269,4.533959007699622,4.694659446214131,0.6144329623258973,74.6914114810719,0.35366987650367016,77.86908683776855,111.02430819393106,44.71386548160603,0.8515631222242961,1.0684359226748346,89.75990019602244,80.56590921002818,9.193990985994262,3.963004534424348,5.230986451569914,2.2737436906993373,4.239997321450896
2020-11-06 05:00:00+00:00,115.07120982324268,115.92704441463144,112.94133971591968,115.4310531616211,114457900.0,-0.001136581297277976,-0.12343319090167292,0.0,-0.006695221477703184,0.17573758212296434,2.7897476298309245,0.09000362536869795,1.428763258918793,0.05236801471822924,0.8313164615916288,99.62993367762843,2.985704698711757,4.572591249963962,0.5719715124376603,76.13083499154517,0.3404648670670068,80.14878196716309,117.03830538761005,43.259258546716126,0.920526114434542,0.978215329489753,93.70930834457609,83.14851246570174,10.560795878874345,5.282562803314347,5.2782330755599975,1.9128613179590117,3.6473919423653083
2020-11-07 05:00:00+00:00,115.07120982324268,115.92704441463144,112.94133971591968,115.4310531616211,114457900.0,0.0,-0.08157816692267311,0.0,-0.004362050307102461,0.019154733698522084,0.3040719707757474,0.09000362536869795,1.428763258918793,0.05236801471822924,0.8313164615916288,99.62993367762843,2.985704698711757,4.459242210588805,0.5883961230841787,77.65292685245502,0.32727871118243135,82.42847709655761,122.16059105300121,42.696363140114016,0.9640385302739723,0.9153136188681354,97.05111523950609,85.53981177651059,11.5113034629955,6.528310935250577,4.982992527744923,1.6612544754725416,3.2432176597215263
2020-11-08 05:00:00+00:00,115.07120982324268,115.92704441463144,112.94133971591968,115.4310531616211,114457900.0,0.0,-0.08157816692267311,0.02037488432940937,-0.004779234379229336,0.020805487984836533,0.3302768826793191,0.09000362536869795,1.428763258918793,0.05236801471822924,0.8313164615916288,99.62993367762843,2.985704698711757,4.353989531169016,0.6057919130641428,79.26501927354471,0.3133128642380003,84.70817222595215,126.57319971855608,42.84314473334823,0.9884530947246123,0.8669277530164836,99.87879799675456,87.7539778050373,12.124820191717262,7.647612786543915,4.477207405173347,1.4677110120659347,2.9397483188706643
2020-11-09 05:00:00+00:00,117.1913486850412,118.64043465344768,112.86353836131654,113.1261215209961,154515300.0,-0.020170093428513503,-0.824314977541208,0.0030179830254266626,-0.024651840313739237,0.01992351770804776,0.31627603858251574,0.09037859490409457,1.4347157157581025,0.05247910437583774,0.8330799552352093,92.15129460259702,5.776896292131141,4.455625728380596,0.8336126828219554,81.2515788146229,0.2817611200473916,86.87262077331543,129.9587482511316,43.78649329549927,0.9919380144002949,0.8046630352332993,101.91684776971479,89.63339585807128,12.28345191164351,8.574780611563835,3.7086713000796756,1.2186521409331972,2.5647710685647906
2020-11-10 05:00:00+00:00,112.37727008295128,114.36124992222892,110.99625432436308,112.78573608398438,138023400.0,-0.0030134380567851085,-0.18502498386018468,-0.029458646240397957,-0.02758656754658051,0.008644531764805383,0.13722768750164005,0.09041926914614629,1.4353613993335117,0.052487567786182535,0.8332143077093042,91.06417359390807,3.3649955978658426,4.377723576200971,0.762777022452597,83.16762905768968,0.2626050780414287,89.02005004882812,132.80666554821022,45.23343454944602,0.983747267618134,0.7713807149069517,103.58898443344857,91.34838402295372,12.24060041049485,9.307944571350038,2.932655839144811,1.0855228596278066,2.371873175969221
2020-11-11 05:00:00+00:00,113.97225556466694,116.34525416947628,113.24284870492872,116.20909881591795,112295000.0,0.029901266503346114,1.0605448345371733,0.002348897559993235,-0.006732959856756482,0.01803450597872473,0.2862889070256789,0.09027718581741882,1.4331058964139451,0.05255281112423613,0.8342500135924653,92.0765818011484,3.559518085491902,4.319280326864609,0.6407540030435174,85.08639238633612,0.26781643388253135,91.3386474609375,135.75477639870925,46.92251852316573,0.972559374864119,0.7799709469258866,105.53054049229002,93.18991845206219,12.340622040227828,9.914480065125597,2.4261419751022313,1.119883787703546,2.4160729447589873
2020-11-12 05:00:00+00:00,116.33552114136148,117.22053084100786,115.31434868339848,115.93677520751952,103162300.0,-0.002346143212396683,-0.16322332566616735,-0.0004190118227771489,-0.0015074570896776995,0.018108571460300236,0.2874646600955771,0.09031014068853195,1.4336290387746662,0.05255946214958764,0.8343555953467274,91.1914819548366,1.9061821576093791,4.146916171917807,0.6100533317595459,87.0472068435785,0.24918381861346858,93.64362869262695,138.14616362292742,49.14109376232646,0.9504658363117104,0.7504705243174117,107.1314996792484,94.87487080431828,12.25662887493013,10.382909827086504,1.8737190478436254,1.0018820972696463,2.250704528216062
2020-11-13 05:00:00+00:00,116.16043232778478,116.3841128585817,114.63354150747742,115.9853744506836,81581900.0,0.00041909963276073403,-0.060482998010663175,0.0,0.010420888541442519,0.018104482206934374,0.28739974521085304,0.09030458621050846,1.4335408641695888,0.05255845390542886,0.8343395899668976,91.20772521595659,1.7505713511042842,3.9757486847168413,0.5039839784024605,88.97875432618687,0.23284504837271358,95.9510398864746,140.0399009861117,51.86217878683751,0.9189866238406847,0.7272040382142453,108.4936342594692,96.43861181516016,12.055022444309046,10.717332350531013,1.3376900937780327,0.9088161528569808,2.1245836212096307
2020-11-14 05:00:00+00:00,116.16043232778478,116.3841128585817,114.63354150747742,115.9853744506836,81581900.0,0.0,-0.07638550680293647,0.0,0.005225807974567731,0.014002128620917613,0.22227690093892682,0.09030458621050846,1.4335408641695888,0.05255845390542886,0.8343395899668976,91.20772521595659,1.7505713511042842,3.8168074466016586,0.5275456410438798,91.09090465377206,0.21463455987286176,98.25845108032226,141.41334435679354,55.103557803850975,0.8783955538072532,0.7053871765687615,109.64620967350218,97.88652015853226,11.75968951496992,10.925803783418795,0.8338857315511259,0.8215487062750461,2.011314324468004
2020-11-15 05:00:00+00:00,116.16043232778478,116.3841128585817,114.63354150747742,115.9853744506836,81581900.0,0.0,-0.07638550680293647,-0.008645185666340205,0.016362826199375125,0.013631345690560934,0.2163909043942575,0.09030458621050846,1.4335408641695888,0.05255845390542886,0.8343395899668976,91.20772521595659,1.7505713511042842,3.669219154066132,0.5534184034332307,93.41023009306156,0.1946378538202752,100.56586227416992,142.23152004101928,58.90020450732055,0.8286242831241767,0.6850386265686411,110.62146579306855,99.22717603202496,11.394289761043595,11.019500978943755,0.3747887820998397,0.7401545062745643,1.9106264123086751
2020-11-16 05:00:00+00:00,115.6547207686548,117.66788289766848,114.90586651270256,116.99683380126952,91183000.0,0.0086827720683479,0.25174121287826645,0.007622179291986386,0.025226096150573918,0.0042409488850815675,0.06732297643717483,0.09020827735041703,1.4320120084124646,0.05254838127132338,0.8341796918575549,91.60989616050107,2.762016384965918,3.6044189562732596,0.6482289121128123,96.06987919498992,0.17886770031594237,102.92384643554688,142.55543867917456,63.29225419191919,0.7701148687334735,0.6775475898017373,111.60229164048408,100.54344697789492,11.058844662589166,11.027369715672837,0.03147494691632957,0.710190359206949,1.8686577239060502
2020-11-17 05:00:00+00:00,116.26741908520135,117.35666156399112,115.69361534806072,116.11180877685548,74271000.0,-0.007593277254838053,-0.3645378624511464,0.011522336761080387,0.017470751657091554,0.005761268595570758,0.0914573036407595,0.09032682871783816,1.4338939530271622,0.05257617060092666,0.8346208337889438,87.82445330921894,1.6630462159304074,3.465749474820199,0.558136808559285,98.85856006192756,0.1485916798358153,105.23757934570312,142.03796678919326,68.43719190221299,0.6993773074654573,0.6477461269647036,112.29606350761816,101.69665896300312,10.599404544615041,10.941776681461278,-0.3423721368462367,0.5909845078588145,1.7406999443988347
2020-11-18 05:00:00+00:00,115.35324564020682,116.53002096182686,114.75999422898964,114.78916931152344,76322100.0,-0.011456460190620845,-0.5090876708603729,-0.005141501552263117,0.03671501752107531,0.007791085869969594,0.12367965393053316,0.09051475498983796,1.4368771901103239,0.052624322315965165,0.8353852185681025,82.34801679536037,1.7700267328372234,3.344626421821415,0.6077723439180123,101.95619740467961,0.11179601685257208,107.48518028259278,140.47571725166824,74.49464331351732,0.6138620576778858,0.6106982441021988,112.67961824668052,102.66647454437499,10.013143702305527,10.756050085630127,-0.7429063833246001,0.4427929764087953,1.604301253435811
2020-11-19 05:00:00+00:00,114.36123584529592,115.79087409284412,113.60265410249276,115.38240814208984,74113000.0,0.00515476455205695,0.11988691733108124,0.011079120866631431,0.030129339328899052,0.008447441335369059,0.13409897392916342,0.09045434355915702,1.4359181883787595,0.05261586706212434,0.8352509955744941,82.8641491127079,2.1882199903513566,3.262025962430697,0.6282168213905484,105.45682804901695,0.08602333971786975,109.76244316101074,137.71374407309412,81.81114224892734,0.5093053708923292,0.6005313670150071,113.09543207674349,103.60839555161313,9.487036525130364,10.502247373530174,-1.0152108483998106,0.4021254680600277,1.5671639887627513
2020-11-20 05:00:00+00:00,115.3823877671786,115.50881556201766,114.06945748879453,114.11808013916016,73604300.0,-0.011018196982739092,-0.4913500209298932,0.0,0.01128993295043057,0.009481376088110095,0.15051217929488248,0.09063174108130269,1.4387342867395387,0.052661077350229075,0.8359686866486544,77.6529195327792,1.4393580732231328,3.1318353989158707,0.6670380776288182,109.39622359721065,0.041376936381960557,111.97648963928222,132.68987131376738,91.26310796479706,0.3699594752650426,0.5516958199663736,113.25276254788452,104.38689070624623,8.865871841638281,10.174972267151798,-1.3091004255135168,0.20678327986549444,1.4482428200622899
2020-11-21 05:00:00+00:00,115.3823877671786,115.50881556201766,114.06945748879453,114.11808013916016,73604300.0,0.0,-0.07384078247165608,0.0,0.01128993295043057,0.007292931427934382,0.1157716973217693,0.09063174108130269,1.4387342867395387,0.052661077350229075,0.8359686866486544,77.6529195327792,1.4393580732231328,3.0109441613663894,0.7165782273221352,113.92076788489595,0.0017290183468175598,114.1905361175537,120.15150272399855,108.22956951110886,0.10440386408744612,0.49392246399139267,113.38588833115769,105.10771955312875,8.278168778028942,9.795611569327228,-1.5174427912982864,-0.024310144034429434,1.3944631803982124
2020-11-22 05:00:00+00:00,115.3823877671786,115.50881556201766,114.06945748879453,114.11808013916016,73604300.0,0.0,-0.07384078247165608,0.0306540953342731,0.006432746531256361,0.007403158217176139,0.11752149335467421,0.09063174108130269,1.4387342867395387,0.052661077350229075,0.8359686866486544,77.6529195327792,1.4393580732231328,2.8986880122132996,0.7341838995296112,114.43781730099667,-0.00280180985735664,114.61637802124024,119.00259530318887,110.2301607392916,0.07653735631282636,0.44319730988580824,113.49853322469653,105.77515367061255,7.7233795540839765,9.381165166278578,-1.6577856121946013,-0.22721076045676666,1.3439135632178338
2020-11-23 05:00:00+00:00,113.96250558761568,114.39042656864258,110.62668524347754,110.72393798828124,127959300.0,-0.030193644700278487,-1.2098749990114157,-0.01146128838548044,-0.023500948487631068,0.014138651636371036,0.22444413662168514,0.016710304667042677,0.26526786288670146,0.052870140648871605,0.8392874636275282,64.13029244172253,3.763741325165043,2.9604775345669956,1.2635464029241048,114.58658312360133,-0.03488536630379699,114.79144592285157,118.07632832526981,111.50656352043332,0.057232180952332186,-0.11912535005453051,113.07167241909417,106.14173028673616,6.929942132358008,8.890920559494464,-1.9609784271364568,-2.4765014002181216,1.1455439085417776
2020-11-24 05:00:00+00:00,110.78229252304033,112.66901946402936,109.49852961528087,112.0076904296875,113874200.0,0.011527475161017665,0.36461126131549654,-0.007411887700506936,-0.012179249998704678,0.015729806145201607,0.24970293138875405,0.016585369003323774,0.2632845707102034,0.0528643617008228,0.839195725671268,66.50606772496818,3.1704898487484883,2.975478414151388,1.1381512994755723,114.64606185847141,-0.023555270344942453,114.81177139282227,118.0176177284203,111.60592505722423,0.05584525518083698,0.06266135840667575,112.90798288226237,106.57624585288072,6.331737029381657,8.379083853471904,-2.0473468240902477,-1.7493545663732966,1.1644117730164356
2020-11-25 05:00:00+00:00,112.3772619309076,113.54430968345936,112.0076911206696,112.84407806396484,76499200.0,0.007439492225827682,0.20906732851775264,0.0,-0.0253675801706007,0.01639113519370069,0.2602012045714233,0.01421229364265018,0.22561316722966,0.05285565007676287,0.8390574329265996,67.9934656767731,1.5366192537718604,2.872702759838565,0.7841446949673426,114.51605950764367,-0.014816740695343186,114.67585906982421,117.97679784533503,111.3749202943134,0.057569898360228175,0.22253635549845904,112.89815137175506,107.04052972036844,5.857621651386623,7.874791413054848,-2.0171697616682254,-1.1098545780061637,1.1623210885044073
2020-11-26 05:00:00+00:00,112.3772619309076,113.54430968345936,112.0076911206696,112.84407806396484,76499200.0,0.0,-0.07191788506780598,-0.004802961308042808,-0.054514476815156754,0.01639113519370069,0.2602012045714233,0.011836695173563979,0.18790171064477285,0.05285565007676287,0.8390574329265996,67.9934656767731,1.536618562789755,2.777268174335078,0.7997025284558565,114.39446503727137,-0.01373919659680949,114.5465103149414,117.92468847009465,111.16833215978815,0.05898351937331088,0.24802509329184175,112.8898324013258,107.47042219026447,5.419410211061333,7.383715172656146,-1.964304961594813,-1.0078996268326346,1.1234684848436352
2020-11-27 05:00:00+00:00,113.36923192721775,114.26396887549627,113.02884367731912,113.38867950439452,46691300.0,0.004814532592528215,0.10920108816495519,0.0,-0.052730053183098535,0.016694621233744978,0.2650188961014452,0.011907643274455058,0.18902797683047357,0.05284794011200782,0.838935041030446,69.03198587325254,1.419890811531431,2.6803126484205317,0.5060222448511584,114.30472573500924,-0.008078815580343915,114.44439163208008,117.83344546551865,111.05533779864152,0.05922621082794197,0.3442467751221244,112.96657810949023,107.90881162094077,5.057766488549461,6.91852543583481,-1.8607589472853485,-0.6230128995115014,1.1100027234821834
2020-11-28 05:00:00+00:00,113.36923192721775,114.26396887549627,113.02884367731912,113.38867950439452,46691300.0,0.0,-0.07263849944252616,0.0,-0.05165140779418087,0.004957229669804406,0.07869358138879977,0.011907643274455058,0.18902797683047357,0.05284794011200782,0.838935041030446,69.03198587325254,1.2351251981771583,2.577084973403148,0.525312458829262,114.20814447921445,-0.0072270439906496784,114.34227294921875,117.72922843889931,110.9553174595382,0.059242402697115545,0.3592255717960182,113.03151678562935,108.31472776045585,4.716789025173497,6.478178153702547,-1.76138912852905,-0.5630977128159281,1.0732831270656995
2020-11-29 05:00:00+00:00,113.36923192721775,114.26396887549627,113.02884367731912,113.38867950439452,46691300.0,0.0,-0.07263849944252616,-0.020663866614381354,-0.0462988518109092,0.0034818652979721116,0.0552728980623601,0.011907643274455058,0.18902797683047357,0.05284794011200782,0.838935041030446,69.03198587325255,1.2351251981771583,2.481230703744149,0.5592327669417718,114.2853540710513,-0.007907972564598327,114.35540084838867,117.72449692894291,110.98630476783443,0.058923252519064835,0.3565310515224133,113.08646489620861,108.69057603778464,4.395888858423973,6.0617202946468325,-1.6658314362228595,-0.5738757939103472,1.0379630689205979
2020-11-30 05:00:00+00:00,113.75827627180732,117.64844554887398,113.6026659391683,115.78116607666016,169410200.0,0.02088035177930784,0.7121439962531393,-0.029905527511241647,-0.026175880091247383,0.009043276479459126,0.14355756361109137,0.011946849094236139,0.1896503499249965,0.052864388569077145,0.839196152191583,73.71210475185035,4.259766044479463,2.6082689423681,1.9916307169967924,114.55597627963485,0.010581943838897725,114.50517234802246,117.84667118825357,111.16367350779134,0.05836415546496175,0.6909313439338869,113.50103430858577,109.2158049295532,4.285229379032572,5.706422111523981,-1.4211927324914093,0.7637253757355488,1.1076474556852942
2020-12-01 05:00:00+00:00,117.68735624187372,120.07980962174469,116.71481385558914,119.35040283203124,127728200.0,0.03036181790891964,1.0629450658757342,-0.0029247166698653793,0.0038446228957740303,0.013716213281440843,0.21773813563328195,0.01349170312659892,0.21417414741415997,0.05292841180096228,0.840212489489775,78.84789856401126,4.298643545084531,2.7290099854192738,1.4881063408110964,114.80456803349995,0.03808813955097333,114.66223754882813,118.58561344105486,110.7388616566014,0.06843361818324864,1.0974657300224062,114.40093715834661,109.96651588529231,4.434421273054298,5.452021943830045,-1.0176006707757468,2.3898629200896213,1.2245692601985423
2020-12-02 05:00:00+00:00,118.66959310630676,119.98253098044768,117.57062311807924,119.70049285888672,89004200.0,0.0029290020113107943,0.02977086281579163,0.0011386884937520936,-0.005414334121531694,0.013959808033101026,0.22160508243472227,0.01197016614946206,0.19002049670160137,0.05292210541385274,0.8401123786979962,79.27558271651785,2.4119078623684373,2.706359833772786,1.045573026569635,114.99191458671397,0.039336331536442566,114.85042343139648,119.349954732334,110.35089213045896,0.07835463146768842,1.0389527378640173,115.21625341996815,110.68755121666968,4.528702203298479,5.2673579957237315,-0.7386557924252521,2.155810951456068,1.1982194377368676
2020-12-03 05:00:00+00:00,120.1284151780445,120.3812782400354,118.85438720785504,119.56434631347656,78967600.0,-0.001138040679734895,-0.1231667394831461,0.005644080696974418,-0.011577348812350285,0.014188029015514313,0.2252279782153167,0.011954105821786541,0.18976554690357958,0.052925265998749825,0.8401625514278074,78.60991341999312,1.5268910321803588,2.6221120622304697,0.9290951876771667,115.15664699125523,0.036864662904317023,115.02937202453613,119.98092610914512,110.07781793992714,0.08609199541753221,0.9579344395163312,115.88519078820022,111.34509159421093,4.540099193989292,5.121906235376843,-0.5818070413875516,1.831737758065327,1.1523755211516797
2020-12-04 05:00:00+00:00,119.23369125780223,119.48655434771668,118.18334373345851,118.89330291748048,78260400.0,-0.005628212552909258,-0.29131638721395064,0.0,0.0038595257345412914,0.01541050602757077,0.24463419915968485,0.012053043155781247,0.19133612839035796,0.05294465141725148,0.8404702854063051,75.25572621469948,1.3810025800180483,2.5334613849295824,0.9225772877038323,115.28916395910272,0.030314062019786446,115.17476844787598,120.40732214079509,109.94221475495686,0.09086284719186877,0.855326929051542,116.34797726962795,111.90421835889757,4.443758910730381,4.986276770447551,-0.5425178597171705,1.4213077162061685,1.0856665773031136
2020-12-05 05:00:00+00:00,119.23369125780223,119.48655434771668,118.18334373345851,118.89330291748048,78260400.0,0.0,-0.07947102811053866,0.0,-0.008032895181586786,0.014341203096787849,0.22765954137342012,0.012053043155781247,0.19133612839035796,0.05294465141725148,0.8404702854063051,75.25572621469948,1.3032106142581625,2.445586329881624,0.9243870386149904,115.42220082421302,0.029195101894651097,115.32016487121582,120.80316828023086,109.83716146220078,0.09509184131219726,0.8258376641157819,116.73956583083603,112.4219283262,4.317637504636025,4.852548917285246,-0.5349114126492207,1.303350656463127,1.0501946446843549
2020-12-06 05:00:00+00:00,119.23369125780223,119.48655434771668,118.18334373345851,118.89330291748048,78260400.0,0.0,-0.07947102811053866,-0.01212123670973042,-0.0013069744975910957,0.0031066890142317787,0.049317159194842135,0.012053043155781247,0.19133612839035796,0.05294465141725148,0.8404702854063051,75.25572621469948,1.3032106142581625,2.363988064479948,0.9314961076968727,115.4984186691121,0.028554041018817103,115.41498832702636,121.0825705157231,109.74740613832962,0.0982122386502825,0.8068605337026401,117.0709099980121,112.90128940703559,4.169620590976507,4.715963252023498,-0.5463426610469915,1.2274421348105602,1.0160336955046252
2020-12-07 05:00:00+00:00,118.95165604515132,121.1496039000796,118.89330587676078,120.35211944580078,86712000.0,0.012195297984036476,0.37763424464842243,-0.005064932427412239,0.010946952818502664,0.006629522996912672,0.10524041496488734,0.012186017739343542,0.1934470344631472,0.052935568751350824,0.8403261025550174,77.82482685937634,2.2563009825991145,2.3562961300598886,1.0245060543827549,115.72013800668515,0.03848691207471086,115.62700386047364,121.70661189108611,109.54739582986116,0.10515896507962276,0.8886036370712476,117.57571145151806,113.45320274324041,4.12250870827765,4.597272343274328,-0.4747636349966786,1.5544145482849914,1.045941285346146
2020-12-08 05:00:00+00:00,120.95507789382133,121.54832923828494,119.71021762648397,120.9647979736328,82225500.0,0.005077802674004621,0.10904607697214168,0.0213499141214617,0.01609339721533809,0.006690767251595454,0.1062126373676202,0.012033993437844798,0.19103372349312334,0.05292606772347636,0.8401752784132854,78.81945382430175,1.8381116118009686,2.319282950184251,0.9681215894452371,116.01584055842578,0.04091237697338827,115.9357852935791,122.44813664147205,109.42343394568616,0.11234411068855063,0.8861134336433507,118.09710937799726,114.00961720475095,4.087492173246304,4.495316309268723,-0.40782413602241974,1.5444537345734024,1.0387154694761993
2020-12-09 05:00:00+00:00,121.11068659164964,122.4916948216798,117.67761359703717,118.43619537353516,115089200.0,-0.021125197531586266,-0.8724789079887896,-0.01184669827925,0.0,0.012427948479128353,0.19728756589498214,0.01273698587859058,0.2021933825237532,0.05304898099971101,0.8421264661837559,65.71823491190183,4.814081224642635,2.4974828269312788,1.323140554396182,116.20294988840718,0.018856106261135475,116.08847465515137,122.68880102420829,109.48814828609446,0.11371200093142113,0.6778488355810832,118.14927645423386,114.33751188392014,3.811764570313713,4.358605961477721,-0.5468413911640084,0.7113953423243334,0.8952751409635368
2020-12-10 05:00:00+00:00,117.19133090530715,120.46880067316184,116.85094263147248,119.85609436035156,81312200.0,0.011917429585939106,0.36714109721022886,0.006780386820616213,-0.036284079740123154,0.013691224865288756,0.2173414568245071,0.012918489457093155,0.20507466250846984,0.053039848839265,0.8419814976309185,68.84940186667839,3.6178580416893595,2.5775096279854273,0.9306944416862912,116.46076999248632,0.02832834146636783,116.37537536621093,123.11249527530308,109.63825545711879,0.11578256805431085,0.758323960468864,118.4118638244058,114.74629577106322,3.6655680533425823,4.2199983798506935,-0.5544303265081112,1.0332958418754554,0.928309310023393
2020-12-11 05:00:00+00:00,119.06834436920384,119.38928508279156,117.23996766557605,119.04889678955078,86939800.0,-0.006757503378720325,-0.333263771512757,0.0,-0.0422503026423533,0.01421381581420116,0.22563733095392,0.012739133180564396,0.2022274698858281,0.05306429361610061,0.8423695464330876,65.20337228093919,2.6161266947755166,2.580267989899005,0.9875705991354932,116.68650279329967,0.019843896583327834,116.62191619873047,123.37209615106171,109.87173624639924,0.11576177398472069,0.6797715474223859,118.50986889596656,115.06500695761784,3.4448619383487227,4.0649710915503,-0.620109153201577,0.719086189689543,0.8624502518553526
2020-12-12 05:00:00+00:00,119.06834436920384,119.38928508279156,117.23996766557605,119.04889678955078,86939800.0,0.0,-0.07948645148750062,0.0,-0.04887337593091412,0.012609913122930036,0.20017616506441638,0.012739133180564396,0.2022274698858281,0.05306429361610061,0.8423695464330876,65.20337228093919,2.1493174172155136,2.5494858061358987,0.9801469062534227,116.90884187018459,0.017976268382808157,116.86845703125,123.59372449578191,110.14318956671809,0.11509123394576194,0.662108032862641,118.59279626421029,115.36010990813139,3.2326863560789008,3.89851414445602,-0.6658277883771193,0.6484321314505638,0.8339588960379484
2020-12-13 05:00:00+00:00,119.06834436920384,119.38928508279156,117.23996766557605,119.04889678955078,86939800.0,0.0,-0.07948645148750062,0.005173261553051756,-0.03355448765770341,0.012072540876982325,0.1916456451189411,0.012739133180564396,0.2022274698858281,0.05306429361610061,0.8423695464330876,65.20337228093919,2.1493174172155136,2.5209023497844427,1.0033466893926253,117.47287768167358,0.013238418417796981,117.28470497131347,123.4126867468827,111.15672319574425,0.10449754342764575,0.6439455829707843,118.66296557580114,115.63335338082912,3.0296121949720174,3.7247337545592196,-0.6951215595872022,0.5757823318831375,0.8061433772835931
2020-12-14 05:00:00+00:00,119.2336797308675,119.9630864267169,118.20278730843776,118.43619537353516,79184500.0,-0.005159926207218822,-0.2724609434696975,-0.04770093147435173,-0.03852843155708141,0.007319730499020711,0.1161971193865411,0.010559320859031798,0.16762402204041035,0.053081551028550604,0.8426434993627784,62.086354600779075,1.7602991182791357,2.4665735475340638,0.9325112987555544,117.88424256542179,0.004660338897011759,117.60613021850585,123.22162620224937,111.99063423476234,0.0954966543548406,0.5739084452586455,118.62807785237561,115.84097130621475,2.7871065461608566,3.537208312879547,-0.7501017667186902,0.29563378103458193,0.7505602952513603
2020-12-15 05:00:00+00:00,120.92589772393254,124.3881531199314,120.72166474533368,124.3686981201172,157243700.0,0.04887614591382545,1.7387122836162896,0.000547558167390827,0.009631953049656028,0.02338790813244037,0.3712715316267739,0.014456911676471097,0.22949635813181038,0.05331370098436938,0.8463287656626052,74.69850494984543,5.951957746396246,2.7155295617385056,1.767725602020403,118.67410656377581,0.0457879807573564,118.18236122131347,124.09754894286621,112.26717349976073,0.1001027168593408,1.022919744056729,119.51125020125892,116.47265477391123,3.038595427347687,3.4374857357731754,-0.39889030842548845,2.091678976226917,1.0023795288989947
2020-12-16 05:00:00+00:00,123.91162528457596,124.84525763713047,123.08495834508076,124.3006362915039,98208600.0,-0.000547408312118074,-0.10581801942242235,-0.006915244459834713,-0.003275383534142473,0.022600292466421146,0.3587685205408616,0.014494119049191482,0.23008700686274774,0.0533152625488928,0.846353554730916,74.39274925641034,1.7602992920497087,2.6472988281893057,1.0907458871263496,119.2286312654692,0.04080433678666036,118.75518913269043,124.71246250945514,112.79791575592573,0.10032864113598233,0.9654350076028502,120.24807883052738,117.05250525669587,3.19557357383151,3.3891033033848426,-0.1935297295533327,1.861740030411399,0.9699327056982783
2020-12-17 05:00:00+00:00,125.3606965932024,126.0220330742196,124.52430962121518,125.16619110107422,94359800.0,0.006939265568081472,0.17256593740903722,0.01610604506860902,-0.024112868437063284,0.022146058706690157,0.3515577831488333,0.014462961969982301,0.22959240356374794,0.05330321799593172,0.8461623533801882,75.75204336287521,1.7213967827157006,2.5811629677983343,1.0209730003680424,119.67925281668906,0.04383722342365078,119.34406471252441,125.39541141924927,113.29271800579956,0.10141009896556348,0.9810603879364308,121.00471148753459,117.65351902294611,3.351192464588479,3.38152113562557,-0.030328671037091137,1.9242415517457214,0.9837511575765274
2020-12-18 05:00:00+00:00,125.41906311570028,125.55521844582084,122.65703909059238,123.18221282958984,192541500.0,-0.015977718777120467,-0.6797237638855009,0.0,-0.032834499649392335,0.02493123927768818,0.3957711540324511,0.015166223694191844,0.2407563373368416,0.05338594120225684,0.8474755435697292,66.97603668052807,2.8981793552284643,2.603806995471915,1.9309383526107253,120.1647316150279,0.024496078981275652,119.83374137878418,125.42336313089503,114.24411962667334,0.09328961422380244,0.799525763933951,121.33971169400463,118.06305189751231,3.276659796492325,3.3605488677989213,-0.08388907130659629,1.1981030557358032,0.8588891473077438
2020-12-19 05:00:00+00:00,125.41906311570028,125.55521844582084,122.65703909059238,123.18221282958984,192541500.0,0.0,-0.08396865895449387,0.0,-0.04023636032912825,0.02441246049491677,0.38753579616443146,0.015166223694191844,0.2407563373368416,0.05338594120225684,0.8474755435697292,66.97603668052807,2.8981793552284643,2.624833592597383,1.7993445536211294,120.58403947702801,0.021092114623368068,120.32341804504395,125.20703539649239,115.43980069359552,0.08117484411256033,0.7926923404121743,121.62317340717159,118.44224900359212,3.1809244035794677,3.324623974955031,-0.1436995713755631,1.170769361648696,0.8338651789521246
2020-12-20 05:00:00+00:00,125.41906311570028,125.55521844582084,122.65703909059238,123.18221282958984,192541500.0,0.0,-0.08396865895449387,-0.012243641697426755,-0.04023636032912825,0.008446342575113862,0.13408153165084902,0.015166223694191844,0.2407563373368416,0.05338594120225684,0.8474755435697292,66.97603668052807,2.8981793552284643,2.6443582899281743,1.7801045329443896,121.1914151847413,0.016161405117820125,120.69347038269044,125.23771005835403,116.14923070702685,0.07530216276414758,0.7738348573720399,121.86302562600517,118.79335743514751,3.069668190857655,3.273632818135556,-0.20396462727790077,1.095339429488161,0.8099556231582373
2020-12-21 05:00:00+00:00,121.5872462655349,124.7869116172476,120.060355010879,124.7091064453125,121251600.0,0.012319212553599572,0.37345139340058003,-0.02767663457605629,-0.028339699761392723,0.010642500005995878,0.16894445006321107,0.014798845270361157,0.2349243856578003,0.05337497507403223,0.8473014616809638,70.28508427604365,4.726556606368604,2.793086741102491,1.1243740680568848,121.49820292409754,0.025747145599371336,120.96140556335449,125.79492362205457,116.12788750465441,0.07991835141446808,0.8876783779893348,122.3008842135909,119.23156106553012,3.069323148060789,3.232770884120603,-0.16344773605981366,1.5507135119573412,0.8693422966730238
2020-12-22 05:00:00+00:00,127.99629004452623,130.71941139606707,126.0901006465024,128.25888061523438,168904800.0,0.02806684937026933,0.954589849588967,0.007024972154456188,-0.0006819389607564119,0.016398514306188043,0.26031834435065077,0.014597961095205138,0.23173544823905332,0.05341403612410578,0.8479215366276257,76.244620045909,6.010304950754573,3.0228880417919255,1.5103139709550466,122.0802763462832,0.04817291589723489,121.38932495117187,127.17450931611968,115.60414058622406,0.0953161963339835,1.0937196838258822,123.21749904461298,119.90025140254525,3.317247642067727,3.249666235710028,0.06758140635769916,2.3748787353035277,1.0453243922967816
2020-12-23 05:00:00+00:00,128.53119883757725,128.79377458393498,127.18908566358635,127.36415100097656,88223700.0,-0.007000411993450615,-0.34912497934777703,-0.007653147963872398,-0.04191974241025287,0.01383470703825086,0.21961916570788043,0.014774667975717507,0.23454058300379169,0.053441707032432686,0.8483607986795312,72.30820159608552,1.6046889203486217,2.9215881045459753,0.7856280444091868,122.37629481588569,0.039162167265203475,121.77931518554688,128.07552712585874,115.48310324523503,0.10340363518580714,0.943507609684519,123.85544549943815,120.45313285428091,3.402312645157238,3.28019551759947,0.12211712755776816,1.7740304387380788,0.976965567176055
2020-12-24 05:00:00+00:00,127.71425848740788,129.79549835924004,127.5002980000386,128.34640502929688,54930100.0,0.00768258358034394,0.19594841650339107,0.0,-0.02150219412280807,0.013324966503919166,0.21152728558581532,0.014777865618999526,0.234591344017226,0.053428355675320664,0.8481488524560294,73.9012482004813,2.43134735826348,2.88657090838294,0.49428455837334334,122.64648121031614,0.044410467263805695,122.2519702911377,129.03632377645,115.46761680582539,0.11098967925270509,0.9491536851192419,124.54636235018563,121.03781968205988,3.508542668125756,3.3258649477047273,0.1826777204210286,1.7966147404769646,1.0224572960928482
2020-12-25 05:00:00+00:00,127.71425848740788,129.79549835924004,127.5002980000386,128.34640502929688,54930100.0,0.0,-0.0898325453773462,0.0,-0.013087055748611798,0.013324966503919166,0.21152728558581532,0.014656958920683688,0.2326720096837123,0.053428355675320664,0.8481488524560294,73.9012482004813,2.295200359201445,2.844330154869976,0.4995280046411551,122.92239996201931,0.04226066998946684,122.72462539672851,129.8331648023925,115.61608599106454,0.11584536327056454,0.8954243840928139,125.13098430081814,121.5791963744478,3.551787926370338,3.3710495434378496,0.18073838293248823,1.5816975363712584,1.0149081325638247
2020-12-26 05:00:00+00:00,127.71425848740788,129.79549835924004,127.5002980000386,128.34640502929688,54930100.0,0.0,-0.0898325453773462,0.0,-0.005426145769285351,0.013513647277117019,0.21452250000418074,0.014656958920683688,0.2326720096837123,0.053428355675320664,0.8481488524560294,73.9012482004813,2.295200359201445,2.80510659803651,0.5048838902441591,123.2042354561518,0.04006477292426925,123.19728050231933,130.4879543807719,115.90660662386676,0.11835770803910417,0.8531309048259362,125.62566441289181,122.08047108962181,3.5451933232699986,3.4058782994042796,0.13931502386571903,1.4125236193037443,1.0146963881222326
2020-12-27 05:00:00+00:00,127.71425848740788,129.79549835924004,127.5002980000386,128.34640502929688,54930100.0,0.0,-0.0898325453773462,-0.03453086425988172,-0.005426145769285351,0.005194583403224548,0.08246145509709428,0.014656958920683688,0.2326720096837123,0.053428355675320664,0.8481488524560294,73.9012482004813,2.295200359201445,2.7686847238340055,0.5123675249498885,123.45131152345016,0.038139700950169525,123.59699478149415,131.10424402846283,116.08974553452546,0.12147947869186743,0.816321604062931,126.04423989233874,122.54461434441255,3.499625547926186,3.424627749108661,0.07499779881752522,1.2652864162517226,1.0253822067657665
2020-12-28 05:00:00+00:00,130.31096699096756,133.5689752639016,129.84413593469228,132.93682861328125,124486200.0,0.03514114475024631,1.208652521258843,0.013494652138295482,0.030145674691387292,0.015224550922771854,0.24168225338575955,0.01610968768698456,0.25573336391208296,0.05350925697439279,0.8494331207645509,80.83248584882666,5.222570234604717,2.943962260317628,1.1387172670536783,124.08488848884416,0.06658756807105541,124.19559631347656,132.66649781965177,115.72469480730135,0.13641226835119316,1.0159564358901125,127.10463815709912,123.31440799395838,3.790230163140734,3.497748231915076,0.2924819312256579,2.0638257435604515,1.4213361066015815
2020-12-29 05:00:00+00:00,134.25947087325437,134.97914269594398,130.6513323196226,131.16677856445312,121047300.0,-0.013404410268759407,-0.5895445082720401,0.008600058501564423,0.01642931466679287,0.018166460468589177,0.28838361961303727,0.01658783520929822,0.2633237205163449,0.053577147224972754,0.8505108450814336,72.80349857133163,4.3278103763213664,3.042808554317895,1.1042513622254686,124.77242561185064,0.048749790324845194,124.83212547302246,133.39354584122458,116.27070510482034,0.13716694057335962,0.8699533966909354,127.72958283515358,123.89606507325428,3.8335177618993015,3.5649021379119215,0.26861562398738004,1.4798135867637425,1.3538949516475236
2020-12-30 05:00:00+00:00,131.85728434018318,132.2560302372561,129.73713444926724,130.04835510253906,96452100.0,-0.008563288663227111,-0.40871833870082436,0.0077624982263633235,0.033304692557006854,0.01906043183400768,0.3025749750856985,0.015852124135710643,0.2516446692912904,0.05361378883888282,0.851092512669686,68.19427119020827,2.5188957879888676,3.005386213865822,0.8738476809294167,125.18403206262545,0.03740395667502482,125.34173851013183,133.86933051783564,116.81414650242804,0.13606947069773537,0.77596398773272,128.08631703013597,124.35179026060871,3.734526769527264,3.59882706423499,0.1356997052922737,1.1038559509308825,1.3983146606927364
2020-12-31 05:00:00+00:00,130.39846396533886,131.04034539862676,128.10326370918978,129.046630859375,99116600.0,-0.007732525048243385,-0.3766980698428253,0.0,0.01282334327150969,0.019632749435556214,0.31166023535355275,0.01596905584605847,0.2535009026470372,0.053645587815770376,0.8515973057784306,64.26955910380363,2.9370816894369796,3.000507319263762,0.8930616585981712,125.59680572126469,0.026733167035330543,125.84162521362305,133.9792287268714,117.70402170037468,0.12933087123492465,0.6969256452796003,128.23405761924968,124.6995562308877,3.5345013883619885,3.58596192906039,-0.05146054069840167,0.7877025811184016,1.6600578199380804
2021-01-01 05:00:00+00:00,130.39846396533886,131.04034539862676,128.10326370918978,129.046630859375,99116600.0,0.0,-0.0902580017940369,0.0,0.048104140694212205,0.019632749435556214,0.31166023535355275,0.015819020509074497,0.25111916550984903,0.053645587815770376,0.8515973057784306,64.26955910380363,2.9370816894369796,2.9959769171332775,0.8881892495842743,126.00507531890055,0.023569430059657268,126.34151191711426,133.93210130382764,118.75092253040089,0.12015986308115649,0.6781889919507305,128.35906888696127,125.0215617589238,3.3375071280374726,3.536270968855807,-0.19876384081833454,0.7127559678029212,1.6268077099683922
2021-01-02 05:00:00+00:00,130.39846396533886,131.04034539862676,128.10326370918978,129.046630859375,99116600.0,0.0,-0.0902580017940369,0.0,0.013519444834094285,0.005839079767170557,0.09269251769641336,0.015819020509074497,0.25111916550984903,0.053645587815770376,0.8515973057784306,64.26955910380363,2.9370816894369796,2.9917701151549707,0.8833697183271192,126.40891417593001,0.020440027499201985,126.84139862060547,133.69042733615447,119.99236990505646,0.10799358553330196,0.6609886839693857,128.464847651948,125.31971502562389,3.1451326263240986,3.4580433003494657,-0.3129106740253671,0.6439547358775403,1.5879332048151666
2021-01-03 05:00:00+00:00,130.39846396533886,131.04034539862676,128.10326370918978,129.046630859375,99116600.0,0.0,-0.0902580017940369,0.025345450317507456,0.004846484427445841,0.004472447524780874,0.07099790341413949,0.015819020509074497,0.25111916550984903,0.053645587815770376,0.8515973057784306,64.26955910380363,2.9370816894369796,2.987863799032257,0.8755925547521408,126.803243486718,0.01738431571376448,127.37192039489746,133.01769596863602,121.72614482115891,0.08865023870621841,0.6483153592101222,128.5543527607829,125.59578286516101,2.958569895621892,3.358148619403951,-0.39957872378205916,0.5932614368404917,1.531909786298235
2021-01-04 05:00:00+00:00,129.85388571223746,129.9414109803697,123.2794959824312,125.8567352294922,143301900.0,-0.025029580510311813,-1.011701992509918,-0.01221257386193142,-0.019992253229108248,0.01085818506954441,0.1723683443011745,0.016938832798152677,0.268895634501698,0.014790478992213868,0.23479157510953877,51.55978032580926,6.66191499793851,3.250296027525561,1.2737678892350397,126.91309917270115,-0.008393384281601886,127.44632225036621,132.96320434119752,121.92944015953489,0.0865757754859884,0.3559342945251819,128.13933467904587,125.61511266992628,2.5242220091195975,3.1913632973470802,-0.6671412882274828,-0.5762628218992731,0.9637815701497545
2021-01-05 05:00:00+00:00,125.35098801490136,128.12273976147537,124.9036119861187,127.41277313232422,97664900.0,0.01228776011428373,0.36595885048919824,0.03483410770208195,-0.007875863937236938,0.013647327135262004,0.21664460196388086,0.0135066716676867,0.2144117656374063,0.014755061109257213,0.23422933364793255,56.11849647682484,3.219127775356668,3.2480697237992118,0.8683240160184673,127.04884775715044,0.002856270735084186,127.60192909240723,132.9171002017068,122.28675798310766,0.08330863251213717,0.4822060328639222,128.02755597955024,125.74827270417798,2.279283275372265,3.0089472929521177,-0.7296640175798528,-0.0711758685443113,1.182724669647331
2021-01-06 05:00:00+00:00,124.21311335164054,127.4516812419368,122.9099027104786,123.12386322021484,155088000.0,-0.03424113145728623,-1.3438161046457973,-0.03299738500909921,-0.018452538147726294,0.0194193491114748,0.30827261023023267,0.01556325037027508,0.24705894042949061,0.014694640854073012,0.23327019183172182,43.86486796279636,4.541778531458192,3.3404774957748535,1.3426185199251435,126.86225570334517,-0.030362858875244793,127.49981269836425,133.0837022663419,121.91592313038662,0.08759055326909168,0.10816296374802015,127.27314170888326,125.55387200166219,1.7192697072210734,2.751011775805909,-1.0317420685848355,-1.5673481450079183,0.4498810059795996
2021-01-07 05:00:00+00:00,124.83555751900508,128.01577569056272,124.34928626267364,127.32526397705078,109578200.0,0.03355407930199174,1.1448910765327316,-0.008557270855388488,0.01645987795496917,0.027566888411770088,0.4376107869444719,0.01719360102362816,0.2729399547011142,0.014647080818914119,0.2325151996794663,54.374710018754996,4.891912470347876,3.4512942796729265,0.9839693777377986,127.20316502262791,0.0009589530829079957,127.7069652557373,132.91090531867852,122.50302519279607,0.08149813994123443,0.4633257422193695,127.28116051937057,125.68508622206134,1.5960742973092295,2.520024280106573,-0.9239499827973434,-0.14669703112252458,1.1129731913251604
2021-01-08 05:00:00+00:00,128.79378086858412,128.98830121735807,126.65419059044255,128.42422485351562,105158200.0,0.008594094521516674,0.22684916930739304,0.0,0.00886259879263629,0.028040077190305365,0.4451224259316165,0.016825865791104705,0.2671023388596727,0.014669703266801015,0.23287431990640375,56.66040910174445,2.3341106269155176,3.3714954473331114,0.9828396401825668,127.62496551014206,0.006223587055208796,127.9690658569336,132.72194543082253,123.21618628304466,0.07428169522160208,0.5478824457369541,127.45701657077751,125.88798537994685,1.569031190830657,2.3298256622513898,-0.7607944714207329,0.19152978294781617,1.2530438095834175
2021-01-09 05:00:00+00:00,128.79378086858412,128.98830121735807,126.65419059044255,128.42422485351562,105158200.0,0.0,-0.08878054626101839,0.0,0.024358237235458047,0.024706339374263447,0.39220097874638543,0.016825865791104705,0.2671023388596727,0.014669703266801015,0.23287431990640375,56.66040910174445,2.3341106269155176,3.2973965315889977,1.024683095299449,128.08268150013694,0.00265949320518194,128.23116645812988,132.41688474428014,124.0454481719796,0.06528394620066086,0.5230615610258038,127.60581784504491,126.07585497058159,1.5299628744633225,2.1698531046937766,-0.6398902302304541,0.09224624410321185,1.213365544760185
2021-01-10 05:00:00+00:00,128.79378086858412,128.98830121735807,126.65419059044255,128.42422485351562,105158200.0,0.0,-0.08878054626101839,0.023802118033427355,0.038618921317959964,0.02428829717234219,0.3855647645235044,0.016825865791104705,0.2671023388596727,0.014669703266801015,0.23287431990640375,56.66040910174445,2.3341106269155176,3.228590395540892,1.0327809965436698,128.30118749114064,0.0009580541561790771,128.41692237854005,132.2602594163129,124.5735853407672,0.05985717406376831,0.5009500175113205,127.73172661557886,126.24980829524337,1.4819183203354953,2.0322661478221202,-0.5503478274866249,0.003800070045278271,1.172237586949994
2021-01-11 05:00:00+00:00,125.64276278499334,126.5958502406681,124.97170611320487,125.4385223388672,100384500.0,-0.023523263835286443,-0.9475845677624902,0.0013976890744786807,0.01447233115027502,0.020516464031965484,0.32568876966589316,0.017528347206631628,0.27825388561644593,0.014756135610266997,0.2342463908226648,48.42797799259827,3.452518740310751,3.244585277310168,1.0202256408671997,128.1587904913696,-0.021686066622769104,128.2759044647217,132.34404917544606,124.20775975399732,0.06342804173083318,0.15126828964876365,127.37892595762322,126.1897130392155,1.1892129184077191,1.8636555019392402,-0.6744425835315211,-1.3949268414049452,0.6536161791274738
2021-01-12 05:00:00+00:00,124.97167735433456,126.12900498980764,123.3767086805256,125.26344299316406,91951100.0,-0.001396713216296057,-0.13619872142165432,-0.01596756549675793,0.013056393297532276,0.01199839907905146,0.19046868056445945,0.016331087450030896,0.2592479761921784,0.01474931677187193,0.2341381451189227,47.98767546686662,2.7522963092820447,3.2094217795938738,0.9327487569077867,128.05931656179953,-0.022319948277232403,128.17086906433104,132.44156573182758,123.90017239683452,0.06664067582085283,0.15960751868718967,127.05346704001411,126.12110044321169,0.9323665968024244,1.677397720911877,-0.7450311241094527,-1.3615699252512392,0.6013331952334314
2021-01-13 05:00:00+00:00,125.22453134083727,127.84067229611608,124.96195562519108,127.29605102539062,88636800.0,0.016096420579576165,0.5025127119212273,0.01535951323933138,0.029494920875186237,0.014131688460555028,0.2243335996324189,0.01668945300263399,0.2649368529760185,0.014421978388679485,0.22894180937996364,53.29660211495856,2.8787166709250016,3.1857999861175257,0.884015502146463,128.01771566157214,-0.005669183217926933,128.11835136413575,132.40575934496744,123.83094338330406,0.06692886593031612,0.40410285860110634,127.09078765314896,126.20813381966938,0.8826538334795799,1.5184489434254178,-0.6357951099458379,-0.383588565595575,0.9096094125239341
2021-01-14 05:00:00+00:00,127.20852658339784,127.40303206132964,125.22453212496984,125.37042236328124,90221800.0,-0.015242750015450082,-0.6430810942750862,0.013921578959513958,0.008448726934550788,0.0152552737700077,0.2421699634658828,0.01690840213019583,0.2684125626238376,0.014567473341015472,0.23125147014534095,48.26992832089921,2.178499936359799,3.1138499825634023,0.8842613056658437,127.89182291245947,-0.02011160608418523,127.96955223083496,132.42683842076792,123.512266040902,0.06966166736119829,0.20844032032046597,126.82611607009238,126.1460811191962,0.6800349508961858,1.3507661449195714,-0.6707311940233855,-1.1662387187181342,0.5651047469650649
2021-01-15 05:00:00+00:00,125.24400143779673,126.64446478265978,123.51287725867944,123.64903259277344,111598500.0,-0.013825563874003584,-0.5887857938095604,0.0,-0.037036962215931446,0.015416860748198641,0.2447350772222807,0.017130433141218038,0.2719371956548916,0.014690475621109018,0.23320407080826955,44.25197235540593,3.1315875239803432,3.1151169498074696,1.064220059253823,127.65415378567542,-0.03239104349560481,127.73468360900878,132.5859831065583,122.88338411145926,0.07595900127484827,0.07891168971333519,126.33733399665869,125.9611145616834,0.3762194349752832,1.155856802930714,-0.7796373679554307,-1.6843532411466573,0.25889458331556553
2021-01-16 05:00:00+00:00,125.24400143779673,126.64446478265978,123.51287725867944,123.64903259277344,111598500.0,0.0,-0.0829433706878916,0.0,-0.07108919716567141,0.01268110638952725,0.20130632313504768,0.017130433141218038,0.2719371956548916,0.014690475621109018,0.23320407080826955,44.251972355405925,3.1315875239803432,3.1162934193912464,1.0362214401554577,127.42899035692703,-0.030570055300008142,127.49981498718262,132.67072212761127,122.32890784675398,0.08111238657010554,0.12764924124222685,125.92374916529172,125.78984923065303,0.13389993463869132,0.9514654292723095,-0.8175654946336182,-1.4894030350310905,0.23969942391861257
2021-01-17 05:00:00+00:00,125.24400143779673,126.64446478265978,123.51287725867944,123.64903259277344,111598500.0,0.0,-0.0829433706878916,0.0,-0.08578394596110628,0.012737036514959924,0.2021941863511967,0.017130433141218038,0.2719371956548916,0.014690475621109018,0.23320407080826955,44.25197235540593,3.1315875239803432,3.117385855433325,1.0424587673291834,126.91172980944899,-0.026386758943929122,127.03542518615723,131.80288248580268,122.26796788651178,0.07505713138928352,0.14484290256405255,125.57379276951968,125.63127022043973,-0.057477450920046635,0.7496768532338384,-0.807154304153885,-1.420628389743787,0.2175084078125129
2021-01-18 05:00:00+00:00,125.24400143779673,126.64446478265978,123.51287725867944,123.64903259277344,111598500.0,0.0,-0.0829433706878916,-0.00539770741498502,-0.08578394596110628,0.00797643827144194,0.12662203208575976,0.014917343943307142,0.23680549377363783,0.014658078198528445,0.23268977766866356,44.25197235540593,3.1315875239803432,3.118400260329541,1.0470796710267893,126.4992845192777,-0.023051146189645457,126.65953788757324,131.23716844173,122.08190733341647,0.07228244521498271,0.17117209884204446,125.27767581925104,125.48443780357556,-0.20676198432451542,0.5583890857221676,-0.765151070046683,-1.3153116046318238,0.1961505234228348
2021-01-19 05:00:00+00:00,124.27144590893572,125.17591790643084,123.4545139910682,124.32007598876952,90757300.0,0.0054123276719665984,0.11429279281059224,-0.03181096106134507,-0.08082249472519698,0.0071812777168243965,0.11399924960644246,0.014854446589613435,0.2358070292376521,0.01462840381934389,0.23221871150286816,46.583363689843836,1.721403915362643,3.0186148071176198,0.8538169013455119,126.24523238175806,-0.015485482756320468,126.37312393188476,130.7712855779509,121.97496228581863,0.06960596540189577,0.2666015817140822,125.13035276840773,125.39818878025659,-0.26783601184885697,0.3931440662079627,-0.6609800780568197,-0.9335936731436707,0.2889380256105684
2021-01-20 05:00:00+00:00,125.12729193961265,128.85213061210496,125.02031169638846,128.40475463867188,104319500.0,0.032327922612042925,1.0917639830348744,-0.03536193354637951,-0.07619659452954619,0.014049222157641279,0.22302448765810268,0.01660423487231386,0.2635840570958927,0.015056807919113747,0.23901941575465746,58.07642976604606,4.532054623335441,3.1267176511331787,0.9790099339202666,126.22065152696227,0.017009518984367995,126.34103012084961,130.6658046909817,122.01625555071752,0.06846191717758347,0.7385933051950073,125.63410690229452,125.62089736236143,0.01320953993308649,0.31715716095298746,-0.30394762101990097,0.9543732207800298,0.9854134158655066
2021-01-21 05:00:00+00:00,130.1261500695179,135.83496806730977,129.92190967683482,133.11184692382812,120150900.0,0.03600230866581899,1.2170626152892063,-0.015819332438160583,-0.043936672168691904,0.01790922318537357,0.2843001043371029,0.01831977222831832,0.29081736834886723,0.015657928307566606,0.24856190608979828,66.91159539654242,7.430213428637899,3.43411020666923,1.1165627484281233,126.47522493507435,0.04985748558166661,126.54429092407227,131.7056828697915,121.38289897835303,0.08157447338048811,1.1362194606440292,126.78452844406893,126.17578251506268,0.6087459290062469,0.37547491456363935,0.23327101444260756,2.5448778425761134,1.7667699861242252
2021-01-22 05:00:00+00:00,132.53803360991805,136.0100159621577,131.31263593020583,135.25143432617188,114459400.0,0.015945793537491978,0.484634001027009,0.0,-0.021047531418664334,0.015937552491444747,0.25300080239640405,0.018584051208050914,0.29501266709155316,0.015657399011050052,0.2485535037680826,70.00584322549248,4.697380031951866,3.52434376561799,1.05614234282407,126.82108459905253,0.062330945095848286,126.8545310974121,133.24807231454645,120.46098988027775,0.10080114855692025,1.1566707669183804,128.08712934900782,126.84805301958929,1.2390763294185376,0.548195197534619,0.6908811318839186,2.6266830676735164,2.0899893846251665
2021-01-23 05:00:00+00:00,132.53803360991805,136.0100159621577,131.31263593020583,135.25143432617188,114459400.0,0.0,-0.09541045429013487,0.0,0.014443146483849922,0.015937552491444747,0.25300080239640405,0.018584051208050914,0.29501266709155316,0.015657399011050052,0.2485535037680826,70.00584322549248,4.697380031951866,3.608132070356124,1.0487189111187738,127.16208229416333,0.059809731943398815,127.16477127075196,134.5339132948793,119.79562924662459,0.11589911184501575,1.0486841635663502,129.18933011472538,127.47052570896577,1.718804405759613,0.7823170391796178,0.9364873665799952,2.1947366542653977,2.0259687761266565
2021-01-24 05:00:00+00:00,132.53803360991805,136.0100159621577,131.31263593020583,135.25143432617188,114459400.0,0.0,-0.09541045429013487,-0.02693840288955396,0.053879880228357546,0.017139424359381445,0.272079926818355,0.018584051208050914,0.29501266709155316,0.015657399011050052,0.2485535037680826,70.00584322549248,4.697380031951866,3.6859354961843915,1.0627614728655035,127.67877737208269,0.055989476132482195,127.63450622558594,135.80654262510635,119.46246982606553,0.12805371589837702,0.9660361094960952,130.121961531871,128.0468893102403,2.0750722216307054,1.0408680756698354,1.03420414596087,1.8641444379843792,1.9629909987053988
2021-01-25 05:00:00+00:00,139.1416483205631,141.106173284309,132.79093279458516,138.99575805664062,157611700.0,0.027307892417115412,0.8925906322057596,-0.0016760335531110782,0.08305567022468607,0.016123375983485618,0.25595065888256646,0.018251109610371328,0.28972738308014095,0.015382747051879551,0.24419353908171174,75.09614232099018,8.315240489723834,4.016600138580066,1.4238076022249135,128.4961719027529,0.07553889629933273,128.21365547180176,137.8331089026345,118.59420204096901,0.15005349306101598,1.0604321837184396,131.48716099722017,128.85791662478846,2.629244372431714,1.3585433350222111,1.2707010374095027,2.2417287348737567,2.5161446496922593
2021-01-26 05:00:00+00:00,139.65703155504326,140.3378079598759,137.48825229704508,139.22911071777344,98390600.0,0.0016774396686976031,-0.038515720787505266,0.0077429663840089535,0.08487395537479059,0.012237666379785683,0.1942669312121342,0.018178099983227603,0.2885683911797259,0.015350996720739455,0.24368951820026788,75.37660726605971,2.8495556628308236,3.933239818883692,0.9121857595311659,129.37191722634861,0.0707983656622357,129.0189178466797,139.50199965276005,118.53583604059935,0.16250456880343664,0.9869843172058272,132.6782301849976,129.62615322426882,3.052076960728783,1.6972500601635256,1.3548269005652576,1.9479372688233096,2.4395375589007218
2021-01-27 05:00:00+00:00,139.49172564743122,140.3378474829839,136.55465878230473,138.1593475341797,140843800.0,-0.007713143466106162,-0.3783623688492839,0.036253729411343194,0.059042878762873174,0.013393339506085934,0.21261267334656023,0.016183823012094613,0.2569102257137197,0.01540613894528897,0.24456487387764927,71.40643903396177,3.783188700679176,3.9225218818690837,1.2871176379524598,130.03991529328985,0.058768605858399436,129.56062202453614,140.76974793855442,118.35149611051787,0.17303291291539943,0.8835591452715269,133.5214790079487,130.25824169166964,3.26323731627906,2.0104475113866327,1.2527898048924273,1.5342365810861078,2.1723004526999743
2021-01-28 05:00:00+00:00,135.68907538027003,138.0912555090123,132.94649958704122,133.32579040527344,142621100.0,-0.03561202641031805,-1.3809577759431115,0.03887525277409454,0.015556509140037589,0.02255613890780395,0.35806760452726394,0.017192756511571643,0.2729265484878297,0.016160761643967063,0.25654413784396923,56.839015071425855,5.212847947138471,4.014688029388326,1.2814243377191066,130.32677271389096,0.02249390520968445,129.80570030212402,141.12401540831684,118.48738519593122,0.17438856814222053,0.6555041572054923,133.49137306907556,130.48546752230695,3.0059055467686164,2.2095391184630295,0.7963664283055869,0.6220166288219705,1.3057023160689718
2021-01-29 05:00:00+00:00,132.10040333112445,132.98542025799577,126.63472114242197,128.336669921875,177523800.0,-0.038138640206239395,-1.4606278505983534,0.0,-0.014783163017282441,0.02729469520571988,0.4332898537538506,0.01922690446852473,0.30521764623187764,0.016954434235685174,0.2691432996445346,46.33221898299384,6.691069262851471,4.205858117492837,1.544797942065487,130.2601063887957,-0.01498742696137888,129.801322555542,141.12195497747317,118.4806901336108,0.17443015524109287,0.43531047652295685,132.6983418156601,130.32629732968235,2.3720444859777388,2.2420401919659714,0.13000429401176739,-0.25875809390817284,0.3859077422385594
2021-01-30 05:00:00+00:00,132.10040333112445,132.98542025799577,126.63472114242197,128.336669921875,177523800.0,0.0,-0.086969523242417,0.0,-0.03952249010792919,0.019441615847416792,0.3086260837051026,0.01922690446852473,0.30521764623187764,0.016954434235685174,0.2691432996445346,46.332218982993844,6.3506991155738035,4.3590610459271915,1.4976431733141087,130.19751002658393,-0.01449967578122227,129.79694480895995,141.11988694584437,118.47400267207553,0.1744716280271459,0.4355169853633663,132.0273153704624,130.17891752169663,1.8483978487657566,2.1633117233259287,-0.31491387456017206,-0.25793205854653495,0.36298637159786623
2021-01-31 05:00:00+00:00,132.10040333112445,132.98542025799577,126.63472114242197,128.336669921875,177523800.0,0.0,-0.086969523242417,-0.016251605188864038,-0.03653784339641275,0.01907219450746329,0.3027617017379993,0.01922690446852473,0.30521764623187764,0.016954434235685174,0.2691432996445346,46.332218982993844,6.3506991155738035,4.501320908044806,1.4504477851200086,130.25772012987272,-0.014968833219431073,129.94185218811035,141.102963544439,118.78074083178167,0.17178624389886768,0.4280903928386507,131.4595237629874,130.04245473652466,1.417069026462741,2.0140631839532914,-0.5969941574905504,-0.28763842864539846,0.3403933962364375
2021-02-01 05:00:00+00:00,130.0775115262782,131.66275996689075,127.3349355620146,130.45680236816406,106239800.0,0.01638511095591024,0.5005957769544991,-0.00629687321662975,-0.020621368547638963,0.024150997741380683,0.38338520362665546,0.018755472973416593,0.2977339032543207,0.016882855491201748,0.2680070223021663,51.1271712412786,4.327824404876139,4.488928300675616,0.862988568994681,130.45282696312998,3.0472960872244705e-05,130.20152015686034,141.14384304964625,119.25919726407443,0.16808287460243385,0.5116649003052188,131.30525893301458,130.07314715368315,1.232111779331433,1.8576729030289199,-0.625561123697487,0.04665960122087525,0.7144516630676412
2021-02-02 05:00:00+00:00,132.00314951845078,132.56722577893618,130.9139069960329,131.28347778320312,83305400.0,0.006316782142775564,0.1372307137295068,0.007838934954410792,-0.01441526643614155,0.020707914200887342,0.32872794687846446,0.01876387032513976,0.29786720708030695,0.01649628074495678,0.2618703384519538,52.89442796809651,2.110423410772114,4.3190350942539375,0.6781603183483593,130.59488306658005,0.005245098075175865,130.40089149475097,141.26534291066184,119.53644007884009,0.1666315512321203,0.5406180788456387,131.30190798688974,130.16280127438833,1.139106712501416,1.7139596649234192,-0.5748529524220032,0.162472315382555,0.8442209709996343
2021-02-03 05:00:00+00:00,132.0323794534668,132.0421143770578,129.94141877691072,130.26235961914062,89880900.0,-0.007808370130337144,-0.37005267789461493,-0.02511054030137394,-0.02315255305142605,0.009013612434637044,0.14308666149821433,0.018605357574936053,0.29535089518027546,0.01653682889475841,0.2625140203749472,50.46689884891068,2.100695600147077,4.1605822732463045,0.7317907206967281,130.77460181439102,-0.003932388425544272,130.64548835754394,141.25024861532088,120.040728099767,0.16234407159555905,0.4819360018948873,131.14197746877448,130.1701759665922,0.9718015021822737,1.5655280323751901,-0.5937265301929164,-0.07225599242045087,0.6208463972979612
2021-02-04 05:00:00+00:00,132.55750155942113,133.62728904915303,130.89444790890877,133.61756896972656,84183100.0,0.025431189079759168,0.8215066124616232,0.0031074613208297297,0.00863914889127293,0.01314223287180511,0.20862647910536716,0.018933541493364757,0.3005606533749938,0.016809108185341815,0.2668363201151679,57.387171297365704,3.3649294300124097,4.103749927301027,0.6931362279528961,131.20050204939366,0.018089439427539124,131.1439151763916,141.29128973562337,120.99654061715984,0.15475174041560846,0.6218863943030716,131.52283769969017,130.42553841126883,1.0972992884213397,1.47188228358442,-0.37458299516308036,0.4875455772122866,1.2458440709391192
2021-02-05 05:00:00+00:00,133.77831254493844,133.84648451427685,132.32705363193958,133.20364379882812,75693800.0,-0.0031026431418554904,-0.203597268181386,0.0,0.010119086809432298,0.013680456237941455,0.21717051016497219,0.018597746046979162,0.29523006591984857,0.016794199206697433,0.26659964741639786,56.34138702811728,1.519430882337275,3.9191557098036163,0.6325886297296298,131.61600478026008,0.011918885799894374,131.62164573669435,141.1649921309801,122.0782993424086,0.1450118077595985,0.5828848706089631,131.78142325340372,130.63132399553248,1.1500992578712328,1.4075256784417827,-0.2574264205705499,0.33153948243585246,1.12753052555131
2021-02-06 05:00:00+00:00,133.77831254493844,133.84648451427685,132.32705363193958,133.20364379882812,75693800.0,0.0,-0.09208975228000316,0.0,0.012062599333819257,0.012946122874078266,0.20551332940377515,0.018597746046979162,0.29523006591984857,0.016794199206697433,0.26659964741639786,56.341387028117296,1.519430882337275,3.7477467935560207,0.6422240113203587,132.04416511253046,0.008704556821649508,132.09937629699706,140.88913187311292,123.30962072088121,0.1330779269745222,0.5628155977870224,132.00022641423823,130.82186620318402,1.178360211054212,1.3616925849642687,-0.18333237391005675,0.25126239114808924,1.092062697277084
2021-02-07 05:00:00+00:00,133.77831254493844,133.84648451427685,132.32705363193958,133.20364379882812,75693800.0,0.0,-0.09208975228000316,-0.001095636916338738,0.010268250775063326,0.012992067921158458,0.2062426844150712,0.018597746046979162,0.29523006591984857,0.016794199206697433,0.26659964741639786,56.34138702811728,1.519430882337275,3.5885813713261103,0.6521574588692516,132.4855703815461,0.005390794101447436,132.5771068572998,140.42071817511402,124.7334955394856,0.11832527506059892,0.5399393159695037,132.18536755032898,130.99829417323173,1.1870733770972492,1.326768743390865,-0.13969536629361579,0.15975726387801506,1.065233016164451
2021-02-08 05:00:00+00:00,132.49262578464683,133.39844945852406,131.41149002924152,133.34974670410156,71297200.0,0.0010962375652338637,-0.05284844005882864,0.006617438541825393,0.011376352042673288,0.011702877988360621,0.18577742868560432,0.018588836314593123,0.295088628302999,0.01674156724110514,0.2657641408645796,56.6893341214288,1.9869594292825354,3.4741798040372838,0.6194706489275047,132.83428244295607,0.0038655061137033374,133.0285903930664,139.84300698092386,126.21417380520894,0.10245040660391203,0.5235644759088713,132.36450280475552,131.17247584218504,1.1920269625704805,1.2998203872267882,-0.1077934246563077,0.09425790363548742,1.0649305549758827
2021-02-09 05:00:00+00:00,133.06725182462114,134.29449558670797,132.3172860388913,132.47311401367188,76774200.0,-0.0065956394121517445,-0.3282881208100899,0.004579282803893525,0.004727628708421472,0.0031437062093366344,0.04990478894972577,0.018714452780582834,0.29708272788050044,0.016767347689042606,0.2661733927881619,53.912948078098864,1.9772095478166705,3.3672533571643832,0.6751369425461928,133.02526517890482,-0.004168024352292025,133.2320083618164,139.69930940679578,126.76470731683705,0.09708329288884096,0.441328357620396,132.38121222151187,131.2688194104433,1.1123928110685597,1.2623348719951426,-0.1499420609265829,-0.2346865695184157,0.8576350792634104
2021-02-10 05:00:00+00:00,132.93089894279558,133.42764614924684,130.9049865610518,131.86924743652344,73046600.0,-0.004568829787790986,-0.25477887623645734,0.001924042966582995,0.00014766968328672192,0.0033654325143410587,0.05342458492270355,0.01751966874332318,0.2781161192823878,0.016536083483797613,0.26250218734278635,52.02286549003989,2.52265958819504,3.3069252308094303,0.6559425911719577,132.98268033760553,-0.008443461403827712,133.16987838745118,139.66585113539102,126.67390563951133,0.09755919021026863,0.39988943908822383,132.30244840843673,131.31329556052333,0.9891528479134024,1.2076984671787947,-0.2185456192653923,-0.40044224364710435,0.7047098957885284
2021-02-11 05:00:00+00:00,132.36597838425936,132.84324151471785,130.29137814000228,131.6160125732422,64280000.0,-0.0019221943667249543,-0.15940908777941099,-0.0017729620281760061,0.014565343912481099,0.0031827334843127974,0.050524327733338543,0.015610854649195122,0.24781463492968053,0.016490094563267475,0.261772135862064,51.2120407913036,2.551863374715566,3.25299224108844,0.5905249590500155,132.8230467680015,-0.009170876485014369,132.98810729980468,139.44215056129835,126.534064038311,0.09706196129167939,0.3937027014717484,132.19684289532987,131.33571904294695,0.8611238523829172,1.1383835442196193,-0.27725969183670207,-0.4251891941130084,0.6252846246763958
2021-02-12 05:00:00+00:00,130.85631242835694,132.0056200817279,130.21347177715296,131.8497772216797,60145100.0,0.0017745355855325667,-0.026848238173642413,0.0,0.03462244854341279,0.0035898929654732165,0.056987784119893886,0.015162520981184192,0.24069755859007463,0.01645630465441401,0.26123573768816516,51.95644337567387,1.792148304574937,3.14864624562319,0.5666764198226276,132.66452971327143,-0.006179399834873439,132.8180244445801,139.19981244822566,126.43623644093451,0.09609822206485916,0.42413981611836,132.14344817630675,131.3737974265568,0.7696507497499567,1.064636985325687,-0.2949862355757302,-0.30344073552656203,0.658929146291716
2021-02-13 05:00:00+00:00,130.85631242835694,132.0056200817279,130.21347177715296,131.8497772216797,60145100.0,0.0,-0.09060380399995507,0.0,0.04363569825668345,0.0033774111653902565,0.05361474011301275,0.015162520981184192,0.24069755859007463,0.01645630465441401,0.26123573768816516,51.95644337567387,1.792148304574937,3.0517535355483147,0.581556701273157,132.4976877016292,-0.004914005117052013,132.64794158935547,138.93731008859797,126.35857309011298,0.09482798487311306,0.43654654137598065,132.09826802944104,131.4090551891585,0.6892128402825506,0.9895521563170597,-0.30033931603450914,-0.2538138344960752,0.6338822868841101
2021-02-14 05:00:00+00:00,130.85631242835694,132.0056200817279,130.21347177715296,131.8497772216797,60145100.0,0.0,-0.09060380399995507,0.0,0.042350074163143514,0.0024118955446560822,0.03828765479654805,0.015162520981184192,0.24069755859007463,0.01645630465441401,0.26123573768816516,51.95644337567387,1.792148304574937,2.9617817333359304,0.6103155898158391,131.95828278295716,-0.0008229483853813207,132.29064254760743,137.8286600898676,126.75262500534726,0.08372500784047839,0.4601964671867201,132.06003867440083,131.44170126564154,0.6183374087592881,0.9153092068055054,-0.2969717980462173,-0.1592141312531199,0.6089845128897209
2021-02-15 05:00:00+00:00,130.85631242835694,132.0056200817279,130.21347177715296,131.8497772216797,60145100.0,0.0,-0.09060380399995507,0.016367324585650378,0.042350074163143514,0.0013076168307897644,0.020757773666592864,0.013694090355674003,0.21738694507416878,0.016434837503501783,0.26089495723214007,51.95644337567387,1.792148304574937,2.878236488424431,0.6223928707599653,131.58476117009826,0.0020099848264123615,131.92167587280272,136.39404897328671,127.44930277231873,0.06780346096870692,0.4919619126683265,132.02769075859757,131.47192911423696,0.555761644360615,0.8433996943165274,-0.28763804995591236,-0.03215234932669402,0.5853149906556772
2021-02-16 05:00:00+00:00,131.96669475107984,132.47316186052734,129.3368942321961,129.72650146484375,80576300.0,-0.016234823762978023,-0.670980445536814,0.017961148018217354,0.025564329892330706,0.007498308014551091,0.11903194956158807,0.013974977772424286,0.2218458945809404,0.015437495003480956,0.24506263587007684,43.79311355754228,3.1362676283312396,2.8966672841320604,0.8606566263509527,131.01025801787932,-0.009895869683832296,131.50003356933593,134.97519880575388,128.02486833291798,0.05285421063540038,0.24482765799069514,131.6736616364816,131.34263817724488,0.33102345923671805,0.7409244473005655,-0.40990098806384745,-1.0206893680372175,0.03464236321671213
2021-02-17 05:00:00+00:00,127.83691804290048,128.78169493091983,126.10320712430666,127.43757629394533,97918500.0,-0.01780175238845416,-0.7239428020657077,0.008711631693242294,0.038412598392302266,0.009337748490566958,0.1482321618678536,0.014301469321318754,0.22702878724217468,0.015611507328015427,0.24782499588474768,37.03730697142579,3.623294340537086,2.9485692167324196,1.0714735920170493,130.63817161741997,-0.02511500466779285,131.20562286376952,135.01147131516768,127.39977441237136,0.058013496195201415,0.004966288339736964,131.02195619916833,131.0533743340375,-0.031418134869170444,0.5864559308666183,-0.6178740657357887,-1.980134846641054,-0.5722507223258548
2021-02-18 05:00:00+00:00,125.8402278328021,126.61942728077476,124.09678225798234,126.33697509765624,96856700.0,-0.008673904382487335,-0.3952737196058134,-0.0012318705614300374,0.030589755915769512,0.008527477330131988,0.1353695059576217,0.012390221984450852,0.19668867635845294,0.01562986972649775,0.24811648992390103,34.29751780935935,3.340794035962986,2.9765852752488886,1.1087913516364931,130.63357627608428,-0.03400905534667782,131.1056381225586,135.31275471695383,126.89852152816333,0.06417903386370624,-0.06673768338809397,130.30118987585877,130.70401142763887,-0.40282155178010726,0.3886004343372732,-0.7914219861173805,-2.266950733552379,-0.8847541692611655
2021-02-19 05:00:00+00:00,126.85318631272438,127.31096541209789,125.45063033694107,126.4927978515625,87668800.0,0.001232629937669776,-0.04031526655664233,0.0,0.0360588920806566,0.008847958330846731,0.14045698412449564,0.009341823389119496,0.14829684887698058,0.015493286193488566,0.24594829355472778,35.03029879245942,1.8603350751568115,2.896853118099455,1.0580268765676544,130.66057248357242,-0.03294871093689261,131.01344451904296,135.54439794358987,126.48249109449607,0.06916776276175719,0.0011373717737411403,129.71528341058243,130.39206968126285,-0.6767862706804237,0.1755230933337338,-0.8523093640141576,-1.9954505129050342,-0.8590998854173533
2021-02-20 05:00:00+00:00,126.85318631272438,127.31096541209789,125.45063033694107,126.4927978515625,87668800.0,0.0,-0.08450366686163098,0.0,0.07339447878196648,0.008847958330846731,0.14045698412449564,0.009341823389119496,0.14829684887698058,0.015493286193488566,0.24594829355472778,35.03029879245942,1.8603350751568115,2.8228161150321234,1.1186824504240607,130.69066401972074,-0.03318660223710427,130.92125091552734,135.7469810927465,126.09552073830818,0.07371958552905672,0.04116238358391299,129.21951640150243,130.10323473091466,-0.8837183294122326,-0.03632519121545946,-0.8473931381967732,-1.8353504656643467,-0.8471602210474837
2021-02-21 05:00:00+00:00,126.85318631272438,127.31096541209789,125.45063033694107,126.4927978515625,87668800.0,0.0,-0.08450366686163098,0.030714163866233823,0.0710043782874461,0.008158068110137228,0.1295053163888988,0.009341823389119496,0.14829684887698058,0.015493286193488566,0.24594829355472778,35.03029879245942,1.8603350751568115,2.754067469326744,1.1320962061215516,130.46908645464805,-0.03143490120087049,130.72305068969726,135.93894256533227,125.50715881406227,0.07980064492246561,0.09448422829702921,128.8000212399732,129.83579496207375,-1.0357737221005436,-0.2362148973924763,-0.7995588247080674,-1.6220630868118824,-0.8409558115639977
2021-02-22 05:00:00+00:00,124.68117557823038,126.34671464924598,122.33384996779368,122.72344970703124,103916400.0,-0.03025192495341575,-1.1615671510072871,0.0011125403386114119,0.039089609742125386,0.013302062819464106,0.21116370086676423,0.010545735227553957,0.16740835682664554,0.01588927916621822,0.25223448711535884,26.20140307161121,4.158947883768818,2.854416070358321,1.324283494417382,129.9129867104838,-0.058583237519933065,130.29504928588867,136.6069777025078,123.98312086926953,0.09688669602126992,-0.09978496895826723,127.86516408105905,129.30895457281133,-1.4437904917522815,-0.47773001626443734,-0.9660604754878441,-2.399139875833069,-1.7583435690955096
2021-02-23 05:00:00+00:00,120.54167771296495,123.41496128803963,115.3113195259661,122.58706665039062,158273000.0,-0.0011119219242403551,-0.119578909145797,0.004068394520474694,0.03793486533558843,0.013567946265546622,0.21538446972314335,0.010343411507109967,0.16419656733490062,0.015470156646783357,0.24558112338360996,25.94659000964262,8.103641762073536,3.2293607626236933,1.9327628166293827,129.18585004967292,-0.05382936046672482,129.91128463745116,137.1035101649951,122.71905910990722,0.11072518523106878,-0.00917605121051242,127.05314909172544,128.81103694892832,-1.7578878572028742,-0.7337615844521248,-1.0241262727507494,-2.0367042048420516,-1.7242871462953262
2021-02-24 05:00:00+00:00,121.69102056156322,122.29489311702532,119.05149320550257,122.0903549194336,111039900.0,-0.004060140981682444,-0.22438774725873778,0.03603616260300724,-0.01909376077478875,0.013056878411129997,0.20727151904794885,0.0102932852151615,0.16340083711905184,0.015455325747974006,0.24534569016379532,24.993248451041126,3.5355734448880582,3.251233097071148,1.3340954568746406,128.48842957149884,-0.05240442339845177,129.3349239349365,137.1011812886558,121.56866658121722,0.12009528621404995,0.033586856220167625,126.28964229598824,128.31320865044722,-2.0235663544589784,-0.9917225384534956,-1.0318438160054828,-1.8656525751193298,-1.7732669630871356
2021-02-25 05:00:00+00:00,121.43776543888308,123.17147632846172,117.4054244574372,117.84371948242188,148199500.0,-0.03540204921555014,-1.3350339914487337,-0.0022266748541809323,-0.03300828597189476,0.017196944944214483,0.2729930377947663,0.010425943151594197,0.16550671657449142,0.01602253282759903,0.25434982341117346,18.675463150842248,5.766051871024516,3.430863009496389,1.7062345756938926,127.37485262715377,-0.0808794324092393,128.56692771911622,137.64877196416597,119.48508347406647,0.14127807837006282,-0.09036512559325467,124.99026955543957,127.5376909342972,-2.547421378857635,-1.3028623065343234,-1.2445590723233115,-2.3614605023730184,-2.5965287643036334
2021-02-26 05:00:00+00:00,119.40211317040608,121.6033452358005,118.04825992472897,118.10670471191406,164560400.0,0.002229157580802069,0.005134843241815302,0.0,-0.0065541001726796555,0.0176781498993735,0.2806319296407828,0.010563580642481776,0.16769164400629613,0.016028034160098004,0.25443715435720404,20.02372544045471,3.7596257533786286,3.454346062630835,1.8023949692097998,126.29798915622469,-0.0693549486821329,127.81208076477051,137.74131194930547,117.88284958023556,0.15537234235015757,0.011272530950189038,123.93125957951257,126.83909936226883,-2.9078397827562554,-1.6238578017787098,-1.2839819809775457,-1.9549098761992432,-2.3715606490376375
2021-02-27 05:00:00+00:00,119.40211317040608,121.6033452358005,118.04825992472897,118.10670471191406,164560400.0,0.0,-0.07427218601060179,0.0,0.00940655458733941,0.01566786711387197,0.2487196797486753,0.010563580642481776,0.16769164400629613,0.016028034160098004,0.25443715435720404,20.02372544045471,3.5550853110715366,3.461541723233742,1.7187488821135504,125.32107649210417,-0.06108350747561204,127.0572338104248,137.54060656509196,116.57386105575765,0.1650181172731783,0.07310832553740874,123.03517421526665,126.19225531409441,-3.15708109882776,-1.93050246118852,-1.22657863763924,-1.707566697850365,-2.226907255384213
2021-02-28 05:00:00+00:00,119.40211317040608,121.6033452358005,118.04825992472897,118.10670471191406,164560400.0,0.0,-0.07427218601060179,-0.051099461356340026,-0.0013177936855186534,0.015791605629322372,0.25068396778556784,0.010563580642481776,0.16769164400629613,0.016028034160098004,0.25443715435720404,20.02372544045471,3.5550853110715366,3.4682234080792993,1.6389261136038156,124.44483597204736,-0.05366444924183829,126.29508171081542,137.0647172092711,115.52544621235977,0.17054718762707596,0.1198396408088482,122.27694813782779,125.59332563985882,-3.316377502031031,-2.2076774693570225,-1.1087000326740086,-1.5206414367646064,-2.101781274517037
2021-03-01 05:00:00+00:00,120.53195302229754,124.60325484384612,119.5969181572381,124.4668960571289,116307900.0,0.052451292351979366,1.7754525101128207,0.021339598636771928,0.05246247171698126,0.03136511180727028,0.4979057141146369,0.016499196463916257,0.2619166240555122,0.016793259268512103,0.2665847263602809,46.710140595500015,6.496550131932054,3.6845324597830675,1.1359952820817756,124.14508306996035,0.0025855307504482773,125.89477081298828,136.28604432803476,115.5034972979418,0.16507871531030158,0.43129452545966446,122.61386320233566,125.50988641150845,-2.8960232091727818,-2.3453466173201742,-0.5506765918526075,-0.2748218981613421,-0.8038720320505618
2021-03-02 05:00:00+00:00,125.07076378614748,125.37270000855568,121.75917765120198,121.86631774902344,102260900.0,-0.021115097626901214,-0.8245055974219954,0.025069609639256862,0.030472600026230756,0.027279241125913192,0.43304452784239156,0.01694321588645927,0.26896521387150013,0.01691246475727778,0.26847705482940826,40.72619853834602,3.613522357353702,3.6794603096095417,0.9847469092233795,123.7612159359428,-0.015548990253580938,125.39462432861328,135.53500030060243,115.25424835662412,0.1617354177068222,0.32602683621711326,122.49885620951841,125.23999243650957,-2.741136226991159,-2.424504539254371,-0.31663168773678807,-0.6958926551315472,-1.2812977920408206
2021-03-03 05:00:00+00:00,121.56438254510716,122.44098002866822,118.6716145648539,118.88589477539062,112966300.0,-0.024760522127644177,-0.9481978720115394,0.0160659526228788,0.04898589222567851,0.030827832307827808,0.4893766664742886,0.017541038317363526,0.2784553507535926,0.017148179332906223,0.2722189077144441,35.165983112064225,3.7693654638143244,3.685882106338455,1.0629204198715514,123.26457425128112,-0.03683094183850042,124.7581184387207,134.85224817418032,114.66398870326107,0.16181920442183823,0.209126798583658,121.94301598888336,124.76931853568594,-2.82630254680258,-2.5048641407640133,-0.3214384060385669,-1.163492805665369,-1.784352931752516
2021-03-04 05:00:00+00:00,118.58395606502584,120.38584631369558,115.53535272389264,117.0060806274414,178155000.0,-0.015938261048364273,-0.6341583222315489,-0.010624409187874106,-0.007928051756222132,0.0318063100106152,0.5049095184642719,0.01768669677108261,0.28076760702296205,0.017227843650164578,0.2734835395454323,32.18164717778279,4.850493589802937,3.769068640871632,1.5881220540282412,122.53746394000943,-0.04727432354717085,124.01593360900878,134.09739247698568,113.93447474103189,0.16258328385062534,0.15233935517835984,121.18348747173845,124.19426387581598,-3.010776404077532,-2.606046593426717,-0.40472981065081504,-1.390642579286561,-2.030290922535353
2021-03-05 05:00:00+00:00,117.83399731994244,118.76903225470892,114.51266857773292,118.2625503540039,153766600.0,0.01068125119012058,0.30285119626851403,0.0,0.01200223019154456,0.032318100157528784,0.5130339351773913,0.017976868297423353,0.2853739372004599,0.01729581531047018,0.274562556201645,36.08594650172228,4.256363676975994,3.8038754291648007,1.3158105964415423,122.01657517061979,-0.031743141048275095,123.336572265625,133.01858801638542,113.65455651486457,0.15700153770949077,0.2379666568285342,120.73411253054851,123.75487768901509,-3.020765158466574,-2.6889903064346887,-0.3317748520318853,-1.0481333726858628,-1.730778807944416
2021-03-06 05:00:00+00:00,117.83399731994244,118.76903225470892,114.51266857773292,118.2625503540039,153766600.0,0.0,-0.07368545027923534,0.0,-0.004427724663721988,0.015034451551650053,0.23866451942349118,0.017976868297423353,0.2853739372004599,0.01729581531047018,0.274562556201645,36.08594650172228,4.256363676975994,3.8361960182941717,1.2651333205777782,121.53580953738984,-0.027677901191779195,122.6572109222412,131.71041263304645,113.60400921143597,0.1476179287419887,0.25728694065260066,120.35387219569549,123.34803862716241,-2.9941664314669225,-2.7500255314411355,-0.24414090002578703,-0.9708522373895974,-1.6623518363537697
2021-03-07 05:00:00+00:00,117.83399731994244,118.76903225470892,114.51266857773292,118.2625503540039,153766600.0,0.0,-0.07368545027923534,0.04348583264949757,0.003222485259642749,0.014150886040819636,0.224638351771345,0.017976868297423353,0.2853739372004599,0.01729581531047018,0.274562556201645,36.08594650172228,4.256363676975994,3.8662079939143017,1.218214857859775,121.09070304627859,-0.023914186560402846,121.97784957885742,130.1198953636938,113.83580379402106,0.1335003988502456,0.27184485797335844,120.03213037389679,122.97133579211363,-2.9392054182168437,-2.787861508796277,-0.15134390942056664,-0.9126205681065647,-1.6195605565083333
2021-03-08 05:00:00+00:00,117.78528102761602,117.85346041822145,113.18802088680536,113.33412170410156,154376600.0,-0.04256687068157096,-1.560661477375793,-0.03906188192482729,-0.038585427928257365,0.020752295426509762,0.32943247699372746,0.019682626619608495,0.31245201110414395,0.01781581212873819,0.282817249783737,28.14734789485793,5.074529467198545,3.952516670577462,1.188308428635323,120.36203204190741,-0.06201054221035631,121.15823059082031,129.31625202577848,113.00020915586214,0.1346672264059339,0.020465289954287622,119.0016675016206,122.25746808189052,-3.25580058026992,-2.881449323091006,-0.37435125717891404,-1.9181388401828492,-2.315537995067607
2021-03-09 05:00:00+00:00,115.93469539878758,118.88590088596752,115.70093853482196,117.94112396240234,129525800.0,0.03984526534722678,1.3202238907484947,0.009251704144461081,0.0004958217262984732,0.029584631080888407,0.46964145881773645,0.02205747105928915,0.3501514978433012,0.01848944108914744,0.29351077801478015,41.17490572003802,5.551779181865953,4.066749707098069,0.9850374851884055,119.97935210111366,-0.01728174253588656,120.68340797424317,128.39585454473615,112.97096140375018,0.12781287336763,0.3222169847936117,118.83850695712549,121.93773888785437,-3.0992319307288767,-2.92500584461858,-0.17422608611029666,-0.7111320608255531,-1.4991780241612445
2021-03-10 05:00:00+00:00,118.5255013169697,118.99301494253612,116.34374629434264,116.85997009277344,111943300.0,-0.009209169275086854,-0.3932341137756101,-0.01623509747815144,-0.00867561816562401,0.02939355274713101,0.4666081843054084,0.02187803958379513,0.3473031114740939,0.01803181666218749,0.28624621544915335,39.37085470196281,2.649268648193484,3.9655010600334557,0.8464675351386339,119.61451663367853,-0.023571343880357847,120.20955772399903,127.61800066445211,112.80111478354594,0.12325880039360697,0.27393443817084084,118.5341166703021,121.56160786599652,-3.0274911956944237,-2.9455029148337486,-0.08198828086067511,-0.9042622473166361,-1.6061206690591354
2021-03-11 05:00:00+00:00,119.3534324659154,120.0060077932538,118.10671917458306,118.78851318359376,103026500.0,0.01636833067723523,0.4981289530804607,0.007684233593970413,0.007684233593970413,0.030611992410402,0.48595031432472235,0.02229624867630667,0.35394197500296315,0.017628765132426328,0.2798479707694002,44.07767826408285,3.1460377004803632,3.9069679629225207,0.7745451591594769,119.35585843877567,-0.0047760952635634395,119.82434349060058,126.63418680408043,113.01450017712074,0.11366377006712383,0.42394609836643166,118.57325459542389,121.3561934450778,-2.7829388496539167,-2.9129901017977824,0.1300512521438657,-0.3042156065342732,-1.259424874355971
2021-03-12 05:00:00+00:00,117.26906067587844,118.01903394756955,116.06130832636462,117.88267517089844,88105100.0,-0.007654860249470426,-0.3398827194766677,0.0,0.0,0.03085790569006778,0.4898540666172259,0.022297559912523992,0.3539627902326097,0.01760347125606482,0.27944644293012805,42.412184567266,2.7272048572291396,3.8226991696587076,0.6622586297226417,119.07192232720156,-0.010088396404128374,119.39383735656739,125.47870071537388,113.3089739977609,0.1019292702794058,0.37582611995042753,118.46701160703535,121.09889579513859,-2.6318841881032426,-2.856768919058875,0.22488473095563233,-0.4966955201982897,-1.3592658620761058
2021-03-13 05:00:00+00:00,117.26906067587844,118.01903394756955,116.06130832636462,117.88267517089844,88105100.0,0.0,-0.07255174398253271,0.0,0.0,0.020550519623480767,0.32622938542129704,0.022297559912523992,0.3539627902326097,0.01760347125606482,0.27944644293012805,42.412184567266,1.9577256212049292,3.6894867733405805,0.6621500526288635,118.78807931809959,-0.007680553108321972,118.96333122253418,124.07375566398575,113.85290678108261,0.08591596063987064,0.39426944239011275,118.37711369378351,120.86065723038006,-2.4835435365965424,-2.7821238425664085,0.2985803059698662,-0.4229222304395487,-1.3207035387349177
2021-03-14 05:00:00+00:00,117.26906067587844,118.01903394756955,116.06130832636462,117.88267517089844,88105100.0,0.0,-0.07255174398253271,0.0,0.0,0.010140004806039283,0.1609675860586781,0.022297559912523992,0.3539627902326097,0.01760347125606482,0.27944644293012805,42.412184567266,1.9577256212049292,3.565789548188034,0.6661077028515093,118.60333387165221,-0.006113355501213479,118.72129249572754,123.53160492556273,113.91098006589235,0.08103537838435011,0.4128313038849918,118.30104622872426,120.64006596671476,-2.3390197379904976,-2.6935030216512263,0.3544832836607288,-0.3486747844600328,-1.278717683625422
2021-03-15 05:00:00+00:00,117.26906067587844,118.01903394756955,116.06130832636462,117.88267517089844,88105100.0,0.0,-0.07255174398253271,0.0,0.0,0.00882233275867466,0.1400501907774694,0.021433585572393277,0.3402476227738476,0.017373751756744937,0.2757997589311119,42.412184567266,1.9577256212049292,3.450927839117812,0.6842574863318548,118.33383627552666,-0.003827204497812453,118.48607292175294,122.94791715192466,114.02422869158121,0.07531423938943912,0.4323824723895308,118.23668145059722,120.43581479665428,-2.1991333460570672,-2.5946290865323944,0.3954957404753272,-0.2704701104418769,-1.243521342061301
2021-03-16 05:00:00+00:00,117.26906067587844,118.01903394756955,116.06130832636462,117.88267517089844,88105100.0,0.0,-0.07255174398253271,0.0,0.0,0.0034233575752153876,0.05434411675721406,0.021437045334939675,0.34030254480160627,0.017374110514878575,0.2758054540399265,42.412184567266,1.9577256212049292,3.3442705378383204,0.6904062554865411,118.15482960573145,-0.002308688994701396,118.27568893432617,122.40647878798353,114.14489908066881,0.06985019306801124,0.4524287391332966,118.18221894602817,120.24669334289459,-2.064474396866416,-2.488598148599199,0.42412375173278294,-0.19028504346681366,-1.2153006435173404
2021-03-17 05:00:00+00:00,117.26906067587844,118.01903394756955,116.06130832636462,117.88267517089844,88105100.0,0.0,-0.07255174398253271,0.0,0.0,0.0,0.0,0.021434551500545213,0.3402629564078939,0.017236992551922774,0.2736287738583616,42.412184567266,1.9577256212049292,3.2452316152216496,0.7070541907208,118.16370866951709,-0.0023840101881911916,118.27763671875,122.40760560368963,114.14766783381037,0.06983516072036844,0.45218347173366913,118.1361352883159,120.0715808857097,-1.9354455973937945,-2.3779676383581183,0.4425220409643238,-0.19126611306532332,-1.1881029430333876
2021-03-18 05:00:00+00:00,117.26906067587844,118.01903394756955,116.06130832636462,117.88267517089844,88105100.0,0.0,-0.07255174398253271,0.0,0.0,0.0,0.0,0.019992575735221882,0.3173723007781285,0.017143704219676675,0.2721478674942787,42.412184567266,1.9577256212049292,3.1532669013633123,0.7294318137882451,118.15734207928824,-0.0023300023348775413,118.26643524169921,122.39957019605257,114.13330028734586,0.0698953163829878,0.4535751826350881,118.09714142409783,119.9094397216496,-1.8122982975517772,-2.26483377019685,0.452535472645073,-0.18569926945964754,-1.1618566213138493
2021-03-19 05:00:00+00:00,117.26906067587844,118.01903394756955,116.06130832636462,117.88267517089844,88105100.0,0.0,-0.07255174398253271,0.0,0.0,0.0,0.0,0.019986152818869986,0.3172703401419752,0.017064894030516264,0.2708967945265003,42.412184567266,1.9577256212049292,3.0678710956377135,0.7532721947118992,118.15055932422155,-0.002272464150773205,118.25523376464844,122.3914046382641,114.11906289103277,0.0699532822682077,0.4549633459141492,118.0641466159133,119.75930901418656,-1.6951623982732542,-2.150899495812131,0.4557370975388766,-0.18014661634340318,-1.1364967741530387
2021-03-20 05:00:00+00:00,117.26906067587844,118.01903394756955,116.06130832636462,117.88267517089844,88105100.0,0.0,-0.07255174398253271,0.0,0.0,0.0,0.0,0.019986152818869986,0.3172703401419752,0.017064894030516264,0.2708967945265003,42.412184567266,1.9577256212049292,2.988574990321086,0.7787236035934114,118.14331822043646,-0.002211037789566238,118.24403228759766,122.3831092167108,114.10495535848452,0.07000906259769497,0.4563481033467225,118.03622793206486,119.62029909986892,-1.5840711678040549,-2.0375338302105157,0.4534626624064608,-0.1746075866131097,-1.1099473767723997
2021-03-21 05:00:00+00:00,117.26906067587844,118.01903394756955,116.06130832636462,117.88267517089844,88105100.0,0.0,-0.07255174398253271,0.0,0.0,0.0,0.0,0.019986152818869986,0.3172703401419752,0.017064894030516264,0.2708967945265003,42.412184567266,1.9577256212049292,2.914942892527075,0.7885518211449611,117.80390880681112,0.0006681759128143694,117.91482124328613,120.83897643057894,114.99066605599332,0.049597754658162754,0.49450335732395745,118.01260443034695,119.49158621624147,-1.4789817858945185,-1.9258234213473164,0.446841635452798,-0.0219865707041701,-1.0758201083525851
2021-03-22 05:00:00+00:00,117.26906067587844,118.01903394756955,116.06130832636462,117.88267517089844,88105100.0,0.0,-0.07255174398253271,0.0,0.0,0.0,0.0,0.015964487223379717,0.25342837801038476,0.017064894030516264,0.2708967945265003,42.412184567266,1.9577256212049292,2.8465702302897786,0.7935789935136554,117.61994340043252,0.00222875643163873,117.71563911437988,119.97321047981326,115.4580677489465,0.038356354048076496,0.5369946348266358,117.99261531350871,119.37240762029013,-1.3797923067814253,-1.8166171984341384,0.4368248916527131,0.14797853930654337,-1.0405141757553276
2021-03-23 05:00:00+00:00,117.26906067587844,118.01903394756955,116.06130832636462,117.88267517089844,88105100.0,0.0,-0.07255174398253271,0.0,0.0,0.0,0.0,0.01539401589308893,0.2443724263901351,0.017046943624585507,0.27061184066634764,42.412184567266,1.9577256212049292,2.783081329640861,0.8025648889896566,117.5653512715903,0.002691862047142216,117.66547813415528,119.85718813638617,115.47376813192439,0.0372532375168192,0.5495496750304736,117.97570144541481,119.26205706848334,-1.2863556230685305,-1.7105648833610168,0.4242092602924863,0.19819870012189417,-1.007867279450027
2021-03-24 05:00:00+00:00,117.26906067587844,118.01903394756955,116.06130832636462,117.88267517089844,88105100.0,0.0,-0.07255174398253271,0.0,0.0,0.0,0.0,0.014449237283622223,0.22937453092216117,0.0165104284196702,0.26209492582548305,42.412184567266,1.9577256212049292,2.724127350466866,0.836889074874582,117.62595084153841,0.0021777952441938042,117.70930786132813,119.88045909934637,115.53815662330989,0.036890051899311924,0.53992520339775,117.96138971087385,119.1598806316252,-1.1984909207513539,-1.6081500908390842,0.40965917008773034,0.1597008135909997,-0.9764254332371195
2021-03-25 05:00:00+00:00,117.26906067587844,118.01903394756955,116.06130832636462,117.88267517089844,88105100.0,0.0,-0.07255174398253271,0.0,0.0,0.0,0.0,0.014004191924824633,0.22230965487302956,0.015804442627466993,0.25088774881359543,42.412184567266,1.9577256212049292,2.669384369805299,0.8638276586115397,117.58905203476598,0.002490808218483147,117.69031410217285,119.84768959240176,115.53293861194393,0.0366619038565228,0.5445821948003075,117.94927978164685,119.06527281971951,-1.1159930380726593,-1.5097186802857994,0.3937256422131401,0.17832877920122978,-0.9461025160432368
2021-03-26 05:00:00+00:00,117.26906067587844,118.01903394756955,116.06130832636462,117.88267517089844,88105100.0,0.0,-0.07255174398253271,0.0,0.0,0.0,0.0,0.013802932073632208,0.21911475378208742,0.015640402468311068,0.24828369201667122,42.412184567266,1.9577256212049292,2.6185516020481296,0.8925581723533396,117.54969875304252,0.002824642530152886,117.67132034301758,119.81412278609886,115.5285178999363,0.036420130866806066,0.5493173854088322,117.93903291845479,118.97767299388092,-1.0386400754261302,-1.4155029593138657,0.3768628838877355,0.1972695416353287,-0.9235672791982531
2021-03-27 05:00:00+00:00,117.26906067587844,118.01903394756955,116.06130832636462,117.88267517089844,88105100.0,0.0,-0.07255174398253271,0.0,0.0,0.0,0.0,0.013802932073632208,0.21911475378208742,0.015640402468311068,0.24828369201667122,42.412184567266,1.9577256212049292,2.5713497462736155,0.9232655636954012,117.50763766658451,0.00318144717847825,117.6523265838623,119.77974229571838,115.52491087200623,0.03616444780358265,0.5541381230176128,117.9303624957538,118.89656204403036,-0.9661995482765633,-1.3256422771064051,0.35944272882984185,0.2165524920704508,-0.9037554614632671
2021-03-28 05:00:00+00:00,117.26906067587844,118.01903394756955,116.06130832636462,117.88267517089844,88105100.0,0.0,-0.07255174398253271,0.0,0.0,0.0,0.0,0.013802932073632208,0.21911475378208742,0.015640402468311068,0.24828369201667122,42.412184567266,1.9577256212049292,2.527519451625852,0.9564777341670166,117.87529897514464,6.25723478288819e-05,117.87975425720215,118.50714883772707,117.25235967667723,0.01064465368931814,0.5023278123424675,117.9230259842376,118.82145931268725,-0.8984333284496557,-1.2402004873750554,0.34176715892539966,0.00931124936986995,-0.8833233487668946
2021-03-29 05:00:00+00:00,117.26906067587844,118.01903394756955,116.06130832636462,117.88267517089844,88105100.0,0.0,-0.07255174398253271,0.0,0.0,0.0,0.0,0.00981132081767957,0.1557498894999062,0.015181622959618002,0.24100079309698572,42.412184567266,1.9577256212049292,2.4868198923100717,0.9784771911400632,117.87092542768823,9.967319789077342e-05,117.87683181762695,118.50356693105228,117.25009670420162,0.010633728507311408,0.5046617407787728,117.9168181668008,118.75191974662883,-0.8351015798280343,-1.1591807058656514,0.324079126037617,0.018646963115091033,-0.8552645928183608
2021-03-30 05:00:00+00:00,117.26906067587844,118.01903394756955,116.06130832636462,117.88267517089844,88105100.0,0.0,-0.07255174398253271,0.0,0.0,0.0,0.0,0.004534954423747381,0.07199016967348679,0.015175442789826242,0.2409026859430108,42.412184567266,1.9577256212049292,2.44902744437399,0.9916031494014091,117.93519294866937,-0.00044550887307904646,117.9279670715332,118.33307014610104,117.52286399696537,0.006870347800061782,0.44409830055834143,117.91156539820042,118.68753125953769,-0.7759658613372693,-1.0825377369599751,0.3065718756227058,-0.22360679776663103,-0.8273111752933165
2021-03-31 05:00:00+00:00,117.26906067587844,118.01903394756955,116.06130832636462,117.88267517089844,88105100.0,0.0,-0.07255174398253271,0.0,0.0,0.0,0.0,0.004018107010967479,0.06378547135359018,0.015164978557815059,0.2407365714096336,42.412184567265996,1.9577256212049292,2.4139344570047716,1.0,117.88267517089844,0.0,117.88267517089844,117.88267517089844,117.88267517089844,0.0,,117.90712074784628,118.62791229000887,-0.720791542162587,-1.0101884980004976,0.2893969558379106,,-0.7999979398845269
2021-04-01 05:00:00+00:00,117.26906067587844,118.01903394756955,116.06130832636462,117.88267517089844,88105100.0,0.0,-0.07255174398253271,0.0,0.0,0.0,0.0,0.0016704274536897717,0.026517213753827994,0.014563342046045896,0.23118588787084807,42.412184567265996,1.9577256212049292,2.3813481115904973,1.0,117.88267517089844,0.0,117.88267517089844,117.88267517089844,117.88267517089844,0.0,,117.9033598898543,118.57270954044513,-0.6693496505908314,-0.9420207285185644,0.27267107792773304,,-0.7732626309828184
2021-04-02 05:00:00+00:00,117.26906067587844,118.01903394756955,116.06130832636462,117.88267517089844,88105100.0,0.0,-0.07255174398253271,0.0,0.0,0.0,0.0,0.0,0.0,0.013808041216017254,0.21919585890306933,42.412184567265996,1.9577256212049292,2.3510893622772424,1.0,117.88267517089844,0.0,117.88267517089844,117.88267517089844,117.88267517089844,0.0,,117.90017762539955,118.52159588344168,-0.6214182580421266,-0.8779002344232769,0.25648197638115033,,-0.7461083137477931
2021-04-03 05:00:00+00:00,117.26906067587844,118.01903394756955,116.06130832636462,117.88267517089844,88105100.0,0.0,-0.07255174398253271,0.0,0.0,0.0,0.0,0.0,0.0,0.013808041216017254,0.21919585890306933,42.412184567265996,1.9577256212049292,2.3229919522006486,1.0,117.88267517089844,0.0,117.88267517089844,117.88267517089844,117.88267517089844,0.0,,117.89748494009169,118.47426842325329,-0.5767834831616057,-0.8176768841709428,0.2408934010093371,,-0.7194306458858741
2021-04-04 05:00:00+00:00,117.26906067587844,118.01903394756955,116.06130832636462,117.88267517089844,88105100.0,0.0,-0.07255174398253271,0.0,0.0,0.0,0.0,0.0,0.0,0.013808041216017254,0.21919585890306933,42.412184567265996,1.9577256212049292,2.2969014999866686,1.0,117.88267517089844,0.0,117.88267517089844,117.88267517089844,117.88267517089844,0.0,,117.89520651406195,118.43044670085663,-0.535240186794681,-0.7611895446956904,0.22594935790100945,,-0.6931004769563367
2021-04-05 05:00:00+00:00,117.26906067587844,118.01903394756955,116.06130832636462,117.88267517089844,88105100.0,0.0,-0.07255174398253271,0.0,0.0,0.0,0.0,0.0,0.0,0.01362168224900888,0.21623750201532305,42.412184567265996,1.9577256212049292,2.2726746515022587,1.0,117.88267517089844,0.0,117.88267517089844,117.88267517089844,117.88267517089844,0.0,,117.89327861511373,118.38987103197084,-0.4965924168571121,-0.7082701191279749,0.2116777022708628,,-0.6684880267021199
2021-04-06 05:00:00+00:00,117.26906067587844,118.01903394756955,116.06130832636462,117.88267517089844,88105100.0,0.0,-0.07255174398253271,0.0,0.0,0.0,0.0,0.0,0.0,0.013585603466905592,0.21566476910501473,42.412184567265996,1.9577256212049292,2.2501782921953066,1.0,117.88267517089844,0.0,117.88267517089844,117.88267517089844,117.88267517089844,0.0,,117.89164731600368,118.3523009681877,-0.4606536521840212,-0.6587468257391842,0.19809317355516298,,-0.6439309833159608
2021-04-07 05:00:00+00:00,117.26906067587844,118.01903394756955,116.06130832636462,117.88267517089844,88105100.0,0.0,-0.07255174398253271,0.0,0.0,0.0,0.0,0.0,0.0,0.013564663313928136,0.21533235448185073,42.412184567266,1.9577256212049292,2.229288815695994,1.0,117.88267517089844,0.0,117.88267517089844,117.88267517089844,117.88267517089844,0.0,,117.8902669859875,118.3175138720922,-0.4272468861047116,-0.6124468378122897,0.18519995170757808,,-0.6197798224903751
2021-04-08 05:00:00+00:00,117.26906067587844,118.01903394756955,116.06130832636462,117.88267517089844,88105100.0,0.0,-0.07255174398253271,0.0,0.0,0.0,0.0,0.0,0.0,0.013118795288568953,0.20825441900591568,42.412184567266,1.9577256212049292,2.2098914446609177,1.0,117.88267517089844,0.0,117.88267517089844,117.88267517089844,117.88267517089844,0.0,,117.88909901443535,118.28530359792971,-0.3962045834943666,-0.5691983869487051,0.17299380345433846,,-0.5960474506569735
2021-04-09 05:00:00+00:00,117.26906067587844,118.01903394756955,116.06130832636462,117.88267517089844,88105100.0,0.0,-0.07255174398253271,0.0,0.0,0.0,0.0,0.0,0.0,0.013120369906698126,0.20827941529379382,42.412184567266,1.9577256212049292,2.191879600128347,1.0,117.88267517089844,0.0,117.88267517089844,117.88267517089844,117.88267517089844,0.0,,117.88811073081428,118.25547927000147,-0.36736853918719703,-0.5288324173964035,0.1614638782092065,,-0.5729809209211598
2021-04-10 05:00:00+00:00,117.26906067587844,118.01903394756955,116.06130832636462,117.88267517089844,88105100.0,0.0,-0.07255174398253271,0.0,0.0,0.0,0.0,0.0,0.0,0.013120369906698126,0.20827941529379382,42.412184567266,1.9577256212049292,2.1751543159195315,1.0,117.88267517089844,0.0,117.88267517089844,117.88267517089844,117.88267517089844,0.0,,117.88727449082722,118.2278641515494,-0.34058966072217345,-0.4911838660615575,0.15059420533938406,,-0.5492825046871868
2021-04-11 05:00:00+00:00,117.26906067587844,118.01903394756955,116.06130832636462,117.88267517089844,88105100.0,0.0,-0.07255174398253271,0.0,0.0,0.0,0.0,0.0,0.0,0.013120369906698126,0.20827941529379382,42.412184567266,1.9577256212049292,2.1596236948684884,1.0,117.88267517089844,0.0,117.88267517089844,117.88267517089844,117.88267517089844,0.0,,117.88656690314588,118.2022945974271,-0.3157276942812217,-0.45609263170549036,0.14036493742426864,,-0.5252003385766639
2021-04-12 05:00:00+00:00,117.26906067587844,118.01903394756955,116.06130832636462,117.88267517089844,88105100.0,0.0,-0.07255174398253271,0.0,0.0,0.0,0.0,0.0,0.0,0.013117005373642052,0.20822600498732846,42.412184567266,1.9577256212049292,2.1452024038925197,1.0,117.88267517089844,0.0,117.88267517089844,117.88267517089844,117.88267517089844,0.0,,117.88596817510782,118.1786190843509,-0.2926509092430791,-0.42340428721300816,0.13075337796992903,,-0.5010482077290856
2021-04-13 05:00:00+00:00,117.26906067587844,118.01903394756955,116.06130832636462,117.88267517089844,88105100.0,0.0,-0.07255174398253271,0.0,0.0,0.0,0.0,0.0,0.0,0.01310570096630568,0.20804655308414235,42.412184567266,1.9577256212049292,2.1318112051291203,1.0,117.88267517089844,0.0,117.88267517089844,117.88267517089844,117.88267517089844,0.0,,117.8854615590756,118.15669731298405,-0.27123575390845645,-0.3929705805520978,0.12173482664364138,,-0.47749294686681004
2021-04-14 05:00:00+00:00,117.26906067587844,118.01903394756955,116.06130832636462,117.88267517089844,88105100.0,0.0,-0.07255174398253271,0.0,0.0,0.0,0.0,0.0,0.0,0.013103066667853191,0.2080047348926359,42.412184567266,1.9577256212049292,2.1193765205631068,1.0,117.88267517089844,0.0,117.88267517089844,117.88267517089844,117.88267517089844,0.0,,117.8850328839714,118.13639937653326,-0.25136649256185706,-0.3646497629540497,0.11328327039219266,,-0.4545231798928263
2021-04-15 05:00:00+00:00,117.26906067587844,118.01903394756955,116.06130832636462,117.88267517089844,88105100.0,0.0,-0.07255174398253271,0.0,0.0,0.0,0.0,0.0,0.0,0.013104967325540354,0.20803490689804208,42.412184567266,1.9577256212049292,2.1078300277518083,1.0,117.88267517089844,0.0,117.88267517089844,117.88267517089844,117.88267517089844,0.0,,117.88467015888327,118.11760499093069,-0.2329348320474196,-0.3383067767727237,0.10537194472530409,,-0.43268547159390974
2021-04-16 05:00:00+00:00,117.26906067587844,118.01903394756955,116.06130832636462,117.88267517089844,88105100.0,0.0,-0.07255174398253271,0.0,0.0,0.0,0.0,0.0,0.0,0.013099177209365811,0.207942991653282,42.412184567266,1.9577256212049292,2.0971082844270312,1.0,117.88267517089844,0.0,117.88267517089844,117.88267517089844,117.88267517089844,0.0,,117.88436323765484,118.1002027820394,-0.21583954438456487,-0.31381333029509195,0.09797378591052708,,-0.41328640753589174
2021-04-17 05:00:00+00:00,117.26906067587844,118.01903394756955,116.06130832636462,117.88267517089844,88105100.0,0.0,-0.07255174398253271,0.0,0.0,0.0,0.0,0.0,0.0,0.013099177209365811,0.207942991653282,42.412184567266,1.9577256212049292,2.0871523799111666,1.0,117.88267517089844,0.0,117.88267517089844,117.88267517089844,117.88267517089844,0.0,,117.88410353507692,118.08408962565859,-0.1999860905816746,-0.2910478823524085,0.09106179177073392,,-0.3901807651683206
2021-04-18 05:00:00+00:00,117.26906067587844,118.01903394756955,116.06130832636462,117.88267517089844,88105100.0,0.0,-0.07255174398253271,0.0,0.0,0.0,0.0,0.0,0.0,0.013099177209365811,0.207942991653282,42.412184567266,1.9577256212049292,2.0779076114321495,1.0,117.88267517089844,0.0,117.88267517089844,117.88267517089844,117.88267517089844,0.0,,117.88388378674176,118.0691700364171,-0.18528624967534313,-0.2698955558169955,0.08460930614165235,,-0.36272435421675686
2021-04-19 05:00:00+00:00,117.26906067587844,118.01903394756955,116.06130832636462,117.88267517089844,88105100.0,0.0,-0.07255174398253271,0.0,0.0,0.0,0.0,0.0,0.0,0.013099177209365811,0.207942991653282,42.412184567266,1.9577256212049292,2.069323183558777,1.0,117.88267517089844,0.0,117.88267517089844,117.88267517089844,117.88267517089844,0.0,,117.88369784584279,118.05535560193424,-0.17165775609144873,-0.2502479958718861,0.07859023978043739,,-0.33318692766088776
2021-04-20 05:00:00+00:00,117.26906067587844,118.01903394756955,116.06130832636462,117.88267517089844,88105100.0,0.0,-0.07255174398253271,0.0,0.0,0.0,0.0,0.0,0.0,0.012969219421569587,0.20587997572861252,42.412184567266,1.9577256212049292,2.0613519291049305,1.0,117.88267517089844,0.0,117.88267517089844,117.88267517089844,117.88267517089844,0.0,,117.88354051123596,118.04256445889455,-0.1590239476585822,-0.23200318622922536,0.07297923857064317,,-0.30224618595429575
2021-04-21 05:00:00+00:00,117.26906067587844,118.01903394756955,116.06130832636462,117.88267517089844,88105100.0,0.0,-0.07255174398253271,0.0,0.0,0.0,0.0,0.0,0.0,0.01280159583563658,0.2032190337951269,42.412184567266,1.9577256212049292,2.0539500499692163,1.0,117.88267517089844,0.0,117.88267517089844,117.88267517089844,117.88267517089844,0.0,,117.88340738195328,118.03072080793187,-0.1473134259785951,-0.2150652341790993,0.06775180820050422,,-0.26936776203644497
2021-04-22 05:00:00+00:00,117.26906067587844,118.01903394756955,116.06130832636462,117.88267517089844,88105100.0,0.0,-0.07255174398253271,0.0,0.0,0.0,0.0,0.0,0.0,0.01276691986385848,0.20266856980836082,42.412184567266,1.9577256212049292,2.0470768764860527,1.0,117.88267517089844,0.0,117.88267517089844,117.88267517089844,117.88267517089844,0.0,,117.88329473409868,118.01975446444791,-0.1364597303492303,-0.1993441334131255,0.0628844030638952,,-0.2341597434469908
2021-04-23 05:00:00+00:00,117.26906067587844,118.01903394756955,116.06130832636462,117.88267517089844,88105100.0,0.0,-0.07255174398253271,0.0,0.0,0.0,0.0,0.0,0.0,0.012764232553932137,0.20262591008579567,42.412184567266,1.9577256212049292,2.0406946439659723,1.0,117.88267517089844,0.0,117.88267517089844,117.88267517089844,117.88267517089844,0.0,,117.88319941668325,118.00960044270352,-0.12640102602026104,-0.18475551193455264,0.0583544859142916,,-0.19659413470046616
2021-04-24 05:00:00+00:00,117.26906067587844,118.01903394756955,116.06130832636462,117.88267517089844,88105100.0,0.0,-0.07255174398253271,0.0,0.0,0.0,0.0,0.0,0.0,0.012764232553932137,0.20262591008579567,42.412184567266,1.9577256212049292,2.0347682851973263,1.0,117.88267517089844,0.0,117.88267517089844,117.88267517089844,117.88267517089844,0.0,,117.88311876348558,118.00019857071796,-0.11707980723237199,-0.17122037099411652,0.05414056376174453,,-0.15494459115847414
2021-04-25 05:00:00+00:00,117.26906067587844,118.01903394756955,116.06130832636462,117.88267517089844,88105100.0,0.0,-0.07255174398253271,0.0,0.0,0.0,0.0,0.0,0.0,0.012764232553932137,0.20262591008579567,42.412184567266,1.9577256212049292,2.029265237769298,1.0,117.88267517089844,0.0,117.88267517089844,117.88267517089844,117.88267517089844,0.0,,117.88305051847217,117.99149313369429,-0.10844261522211696,-0.15866481983971661,0.05022220461759966,,-0.11037836503241244
2021-04-26 05:00:00+00:00,117.26906067587844,118.01903394756955,116.06130832636462,117.88267517089844,88105100.0,0.0,-0.07255174398253271,0.0,0.0,0.0,0.0,0.0,0.0,0.012207471271803777,0.193787598732949,42.412184567266,1.9577256212049292,2.0241552651575576,1.0,117.88267517089844,0.0,117.88267517089844,117.88267517089844,117.88267517089844,0.0,,117.88299277269161,117.98343254385756,-0.10043977116595215,-0.14701981010496373,0.04658003893901158,,-0.11093324425744093
2021-04-27 05:00:00+00:00,117.26906067587844,118.01903394756955,116.06130832636462,117.88267517089844,88105100.0,0.0,-0.07255174398253271,0.0,0.0,0.0,0.0,0.0,0.0,0.012207579988306568,0.19378932455392778,42.412184567266,1.9577256212049292,2.0194102905895126,1.0,117.88267517089844,0.0,117.88267517089844,117.88267517089844,117.88267517089844,0.0,,117.88294391087729,117.97596903474948,-0.09302512387219508,-0.13622087285841,0.04319574898621492,,-0.10778191022485373
2021-04-28 05:00:00+00:00,117.26906067587844,118.01903394756955,116.06130832636462,117.88267517089844,88105100.0,0.0,-0.07255174398253271,0.0,0.0,0.0,0.0,0.0,0.0,0.012199846624047132,0.19366656120215772,42.412184567266,1.9577256212049292,2.015004242776328,1.0,117.88267517089844,0.0,117.88267517089844,117.88267517089844,117.88267517089844,0.0,,117.88290256626516,117.96905837816793,-0.08615581190277055,-0.12620786066728212,0.04005204876451157,,-0.10463193141834522
2021-04-29 05:00:00+00:00,117.26906067587844,118.01903394756955,116.06130832636462,117.88267517089844,88105100.0,0.0,-0.07255174398253271,0.0,0.0,0.0,0.0,0.0,0.0,0.011355022448904123,0.18025539318813566,42.412184567266,1.9577256212049292,2.0109129126640855,1.0,117.88267517089844,0.0,117.88267517089844,117.88267517089844,117.88267517089844,0.0,,117.88286758236259,117.9626596220739,-0.07979203971130744,-0.11692469647608719,0.03713265676477975,,-0.10148321244129856
2021-04-30 05:00:00+00:00,117.26906067587844,118.01903394756955,116.06130832636462,117.88267517089844,88105100.0,0.0,-0.07255174398253271,0.0,0.0,0.0,0.0,0.0,0.0,0.011351453317021502,0.18019873497598882,42.412184567266,1.9577256212049292,2.0071138204170027,1.0,117.88267517089844,0.0,117.88267517089844,117.88267517089844,117.88267517089844,0.0,,117.88283798059888,117.95673484791276,-0.07389686731387712,-0.10831913064364519,0.03442226332976807,,-0.012912543452714462
2021-05-01 05:00:00+00:00,117.26906067587844,118.01903394756955,116.06130832636462,117.88267517089844,88105100.0,0.0,-0.07255174398253271,0.0,0.0,0.0,0.0,0.0,0.0,0.011351453317021502,0.18019873497598882,42.412184567266,1.9577256212049292,2.0035860919018544,1.0,117.88267517089844,0.0,117.88267517089844,117.88267517089844,117.88267517089844,0.0,,117.88281293295265,117.9512489459117,-0.06843601295905444,-0.10034250710672704,0.031906494147672604,,0.08626114401070126
2021-05-02 05:00:00+00:00,117.26906067587844,118.01903394756955,116.06130832636462,117.88267517089844,88105100.0,0.0,-0.07255174398253271,0.0,0.0,0.0,0.0,0.0,0.0,0.011351453317021502,0.18019873497598882,42.412184567266,1.9577256212049292,2.0003103439949315,1.0,117.88267517089844,0.0,117.88267517089844,117.88267517089844,117.88267517089844,0.0,,117.88279173879047,117.94616940702183,-0.06337766823135382,-0.0929495393316524,0.029571871100298575,,0.11484807368831612
2021-05-03 05:00:00+00:00,117.26906067587844,118.01903394756955,116.06130832636462,117.88267517089844,88105100.0,0.0,-0.07255174398253271,0.0,0.0,0.0,0.0,0.0,0.0,0.009150244254723126,0.1452556244009697,42.412184567266,1.9577256212049292,1.9972685780813597,1.0,117.88267517089844,0.0,117.88267517089844,117.88267517089844,117.88267517089844,0.0,,117.88277380526861,117.94146613027195,-0.0586923250033351,-0.08609809646598894,0.02740577146265384,,0.09297859808429626
2021-05-04 05:00:00+00:00,117.26906067587844,118.01903394756955,116.06130832636462,117.88267517089844,88105100.0,0.0,-0.07255174398253271,0.0,0.0,0.0,0.0,0.0,0.0,0.008775497158345654,0.13930669867161963,42.412184567266,1.9577256212049292,1.9944440811616149,1.0,117.88267517089844,0.0,117.88267517089844,117.88267517089844,117.88267517089844,0.0,,117.88275863075012,117.93711124439243,-0.054352613642308256,-0.07974899990125281,0.025396386258944553,,0.10359926660111263
2021-05-05 05:00:00+00:00,117.26906067587844,118.01903394756955,116.06130832636462,117.88267517089844,88105100.0,0.0,-0.07255174398253271,0.0,0.0,0.0,0.0,0.0,0.0,0.00820885533948318,0.13031153866066314,42.412184567266,1.9577256212049292,1.9918213340218518,1.0,117.88267517089844,0.0,117.88267517089844,117.88267517089844,117.88267517089844,0.0,,117.88274579077293,117.93307894265213,-0.050333151879200955,-0.07386583029684243,0.02353267841764148,,0.11432400954264024
2021-05-06 05:00:00+00:00,117.26906067587844,118.01903394756955,116.06130832636462,117.88267517089844,88105100.0,0.0,-0.07255174398253271,0.0,0.0,0.0,0.0,0.0,0.0,0.007955639526213339,0.12629186224101732,42.412184567266,1.9577256212049292,1.9893859259635,1.0,117.88267517089844,0.0,117.88267517089844,117.88267517089844,117.88267517089844,0.0,,117.88273492617685,117.92934532992963,-0.046610403752779916,-0.06841474498802994,0.02180434123525002,,0.12515844432986575
2021-05-07 05:00:00+00:00,117.26906067587844,118.01903394756955,116.06130832636462,117.88267517089844,88105100.0,0.0,-0.07255174398253271,0.0,0.0,0.0,0.0,0.0,0.0,0.007839876646111561,0.12445418349020597,42.412184567266,1.9577256212049292,1.9871244756236024,1.0,117.88267517089844,0.0,117.88267517089844,117.88267517089844,117.88267517089844,0.0,,117.8827257330571,117.9258882811125,-0.04316254805540609,-0.06336430560150517,0.020201757546099083,,0.005469186049144183
2021-05-08 05:00:00+00:00,117.26906067587844,118.01903394756955,116.06130832636462,117.88267517089844,88105100.0,0.0,-0.07255174398253271,0.0,0.0,0.0,0.0,0.0,0.0,0.007839876646111561,0.12445418349020597,42.412184567266,1.9577256212049292,1.9850245574508403,1.0,117.88267517089844,0.0,117.88267517089844,117.88267517089844,117.88267517089844,0.0,,117.88271795426346,117.92268730998553,-0.0399693557220786,-0.05868531562561986,0.01871595990354126,,0.010951738957247254
2021-05-09 05:00:00+00:00,117.26906067587844,118.01903394756955,116.06130832636462,117.88267517089844,88105100.0,0.0,-0.07255174398253271,0.0,0.0,0.0,0.0,0.0,0.0,0.007839876646111561,0.12445418349020597,42.412184567266,1.9577256212049292,1.9830746334332754,1.0,117.88267517089844,0.0,117.88267517089844,117.88267517089844,117.88267517089844,0.0,,117.8827113722073,117.91972344783093,-0.037012075623636065,-0.0543506676252231,0.017338592001587036,,-0.12909944488575917
2021-05-10 05:00:00+00:00,117.26906067587844,118.01903394756955,116.06130832636462,117.88267517089844,88105100.0,0.0,-0.07255174398253271,0.0,0.0,0.0,0.0,0.0,0.0,0.005643145300235984,0.08958215445976403,42.412184567266,1.9577256212049292,1.9812639897026791,1.0,117.88267517089844,0.0,117.88267517089844,117.88267517089844,117.88267517089844,0.0,,117.88270580277518,117.91697913102112,-0.03427332824594487,-0.05033519974936746,0.016061871503422594,,
2021-05-11 05:00:00+00:00,117.26906067587844,118.01903394756955,116.06130832636462,117.88267517089844,88105100.0,0.0,-0.07255174398253271,0.0,0.0,0.0,0.0,0.0,0.0,0.002575705456324792,0.04088805652792523,42.412184567266,1.9577256212049292,1.9795826776671257,1.0,117.88267517089844,0.0,117.88267517089844,117.88267517089844,117.88267517089844,0.0,,117.88270109017876,117.91443809693796,-0.03173700675920088,-0.046615561151334146,0.014878554392133266,,
2021-05-12 05:00:00+00:00,117.26906067587844,118.01903394756955,116.06130832636462,117.88267517089844,88105100.0,0.0,-0.07255174398253271,0.0,0.0,0.0,0.0,0.0,0.0,0.002290633039501363,0.036362672204571594,42.412184567266,1.9577256212049292,1.9780214593483976,1.0,117.88267517089844,0.0,117.88267517089844,117.88267517089844,117.88267517089844,0.0,,117.88269710259718,117.9120852876017,-0.029388185004521006,-0.043170085921971524,0.013781900917450518,,
2021-05-13 05:00:00+00:00,117.26906067587844,118.01903394756955,116.06130832636462,117.88267517089844,88105100.0,0.0,-0.07255174398253271,0.0,0.0,0.0,0.0,0.0,0.0,0.0009644217400490168,0.01530972049892328,42.412184567266,1.9577256212049292,1.9765717566238643,1.0,117.88267517089844,0.0,117.88267517089844,117.88267517089844,117.88267517089844,0.0,,117.88269372848967,117.90990676043849,-0.02721303194881841,-0.0399786751273409,0.012765643178522489,,
2021-05-14 05:00:00+00:00,117.26906067587844,118.01903394756955,116.06130832636462,117.88267517089844,88105100.0,0.0,-0.07255174398253271,0.0,0.0,0.0,0.0,0.0,0.0,0.0,0.0,42.41218456726601,1.9577256212049292,1.9752256040939402,1.0,117.88267517089844,0.0,117.88267517089844,117.88267517089844,117.88267517089844,0.0,,117.88269087347564,117.90788960565774,-0.025198732182104777,-0.03702268653829367,0.011823954356188895,,
2021-05-15 05:00:00+00:00,117.26906067587844,118.01903394756955,116.06130832636462,117.88267517089844,88105100.0,0.0,-0.07255174398253271,0.0,0.0,0.0,0.0,0.0,0.0,0.0,0.0,42.412184567266,1.9577256212049292,1.973975605316154,1.0,117.88267517089844,0.0,117.88267517089844,117.88267517089844,117.88267517089844,0.0,,117.88268845769454,117.90602186974965,-0.023333412055109193,-0.03428483164165678,0.010951419586547585,,
2021-05-16 05:00:00+00:00,117.26906067587844,118.01903394756955,116.06130832636462,117.88267517089844,88105100.0,0.0,-0.07255174398253271,0.0,0.0,0.0,0.0,0.0,0.0,0.0,0.0,42.412184567266,1.9577256212049292,1.9728148921653523,1.0,117.88267517089844,0.0,117.88267517089844,117.88267517089844,117.88267517089844,0.0,,117.88268641357206,117.90429248464956,-0.021606071077499678,-0.03174907952882536,0.01014300845132568,,
2021-05-17 05:00:00+00:00,117.26906067587844,118.01903394756955,116.06130832636462,117.88267517089844,88105100.0,0.0,-0.07255174398253271,0.0,0.0,0.0,0.0,0.0,0.0,0.0,0.0,42.412184567266,1.9577256212049292,1.9717370870967508,1.0,117.88267517089844,0.0,117.88267517089844,117.88267517089844,117.88267517089844,0.0,,117.88268468392997,117.90269120214948,-0.02000651821951749,-0.029400567266963787,0.009394049047446298,,
2021-05-18 05:00:00+00:00,117.26906067587844,118.01903394756955,116.06130832636462,117.88267517089844,88105100.0,0.0,-0.07255174398253271,0.0,0.0,0.0,0.0,0.0,0.0,0.0,0.0,42.412184567266,1.9577256212049292,1.9707362681044778,1.0,117.88267517089844,0.0,117.88267517089844,117.88267517089844,117.88267517089844,0.0,,117.88268322038667,117.90120853316793,-0.018525312781264347,-0.0272255163698239,0.008700203588559552,,
2021-05-19 05:00:00+00:00,117.26906067587844,118.01903394756955,116.06130832636462,117.88267517089844,88105100.0,0.0,-0.07255174398253271,0.0,0.0,0.0,0.0,0.0,0.0,0.0,0.0,42.412184567266,1.9577256212049292,1.9698069361830814,1.0,117.88267517089844,0.0,117.88267517089844,117.88267517089844,117.88267517089844,0.0,,117.88268198200387,117.89983569151833,-0.017153709514460047,-0.02521115499875113,0.008057445484291083,,
2021-05-20 05:00:00+00:00,117.26906067587844,118.01903394756955,116.06130832636462,117.88267517089844,88105100.0,0.0,-0.07255174398253271,0.0,0.0,0.0,0.0,0.0,0.0,0.0,0.0,42.412184567266,1.9577256212049292,1.9689439851132136,1.0,117.88267517089844,0.0,117.88267517089844,117.88267517089844,117.88267517089844,0.0,,117.88268093414149,117.89856454184279,-0.01588360770129782,-0.023345645539260468,0.007462037837962648,,
2021-05-21 05:00:00+00:00,117.26906067587844,118.01903394756955,116.06130832636462,117.88267517089844,88105100.0,0.0,-0.07255174398253271,0.0,0.0,0.0,0.0,0.0,0.0,0.0,0.0,42.412184567266,1.9577256212049292,1.9681426734054792,1.0,117.88267517089844,0.0,117.88267517089844,117.88267517089844,117.88267517089844,0.0,,117.88268004748872,117.89738755140246,-0.014707503913740538,-0.021618017214156484,0.006910513300415946,,
2021-05-22 05:00:00+00:00,117.26906067587844,118.01903394756955,116.06130832636462,117.88267517089844,88105100.0,0.0,-0.07255174398253271,0.0,0.0,0.0,0.0,0.0,0.0,0.0,0.0,42.412184567266,1.9577256212049292,1.9673985982482973,1.0,117.88267517089844,0.0,117.88267517089844,117.88267517089844,117.88267517089844,0.0,,117.88267929724407,117.8962977454392,-0.013618448195131805,-0.02001810341035155,0.006399655215219745,,
2021-05-23 05:00:00+00:00,117.26906067587844,118.01903394756955,116.06130832636462,117.88267517089844,88105100.0,0.0,-0.07255174398253271,0.0,0.0,0.0,0.0,0.0,0.0,0.0,0.0,42.412184567266,1.9577256212049292,1.966707671316628,1.0,117.88267517089844,0.0,117.88267517089844,117.88267517089844,117.88267517089844,0.0,,117.88267866242165,117.8952886658436,-0.012610003421940519,-0.018536483412669346,0.005926479990728827,,
2021-05-24 05:00:00+00:00,117.26906067587844,118.01903394756955,116.06130832636462,117.88267517089844,88105100.0,0.0,-0.07255174398253271,0.0,0.0,0.0,0.0,0.0,0.0,0.0,0.0,42.412184567266,1.9577256212049292,1.9660660963086496,1.0,117.88267517089844,0.0,117.88267517089844,117.88267517089844,117.88267517089844,0.0,,117.88267812526425,117.89435433288469,-0.011676207620439527,-0.017164428254223384,0.005488220633783857,,
2021-05-25 05:00:00+00:00,117.26906067587844,118.01903394756955,116.06130832636462,117.88267517089844,88105100.0,0.0,-0.07255174398253271,0.0,0.0,0.0,0.0,0.0,0.0,0.0,0.0,42.412184567265996,1.9577256212049292,1.9654703480869555,1.0,117.88267517089844,0.0,117.88267517089844,117.88267517089844,117.88267517089844,0.0,,117.88267767074643,117.8934892097746,-0.010811539028168227,-0.015893850409012353,0.005082311380844126,,
2021-05-26 05:00:00+00:00,117.26906067587844,118.01903394756955,116.06130832636462,117.88267517089844,88105100.0,0.0,-0.07255174398253271,0.0,0.0,0.0,0.0,0.0,0.0,0.0,0.0,42.412184567266,1.9577256212049292,1.9649171533096679,1.0,117.88267517089844,0.0,117.88267517089844,117.88267517089844,117.88267517089844,0.0,,117.88267728615443,117.89268816985785,-0.01001088370341563,-0.014717257067893008,0.004706373364477379,,
2021-05-27 05:00:00+00:00,117.26906067587844,118.01903394756955,116.06130832636462,117.88267517089844,88105100.0,0.0,-0.07255174398253271,0.0,0.0,0.0,0.0,0.0,0.0,0.0,0.0,42.412184567266,1.9577256212049292,1.9644034724450439,1.0,117.88267517089844,0.0,117.88267517089844,117.88267517089844,117.88267517089844,0.0,,117.88267696073044,117.89194646623123,-0.009269505500796527,-0.013627706754473713,0.004358201253677186,,
2021-05-28 05:00:00+00:00,117.26906067587844,118.01903394756955,116.06130832636462,117.88267517089844,88105100.0,0.0,-0.07255174398253271,0.0,0.0,0.0,0.0,0.0,0.0,0.0,0.0,42.412184567266,1.9577256212049292,1.96392648307075,1.0,117.88267517089844,0.0,117.88267517089844,117.88267517089844,117.88267517089844,0.0,,117.88267668537168,117.89125970361398,-0.00858301824230523,-0.012618769052040017,0.004035750809734787,,
2021-05-29 05:00:00+00:00,117.26906067587844,118.01903394756955,116.06130832636462,117.88267517089844,88105100.0,0.0,-0.07255174398253271,0.0,0.0,0.0,0.0,0.0,0.0,0.0,0.0,42.412184567266,1.9577256212049292,1.9634835643660487,1.0,117.88267517089844,0.0,117.88267517089844,117.88267517089844,117.88267517089844,0.0,,117.88267645237579,117.89062381230173,-0.00794735992593587,-0.011684487226819189,0.003737127300883318,,
2021-05-30 05:00:00+00:00,117.26906067587844,118.01903394756955,116.06130832636462,117.88267517089844,88105100.0,0.0,-0.07255174398253271,0.0,0.0,0.0,0.0,0.0,0.0,0.0,0.0,42.412184567266,1.9577256212049292,1.9630722827116829,1.0,117.88267517089844,0.0,117.88267517089844,117.88267517089844,117.88267517089844,0.0,,117.88267625522542,117.89003502404964,-0.007358768824218487,-0.01081934354629905,0.003460574722080563,,
2021-05-31 05:00:00+00:00,117.26906067587844,118.01903394756955,116.06130832636462,117.88267517089844,88105100.0,0.0,-0.07255174398253271,0.0,0.0,0.0,0.0,0.0,0.0,0.0,0.0,42.412184567266,1.9577256212049292,1.9626903783183436,1.0,117.88267517089844,0.0,117.88267517089844,117.88267517089844,117.88267517089844,0.0,,117.88267608840587,117.88948984974215,-0.006813761336275093,-0.010018227104294258,0.0032044657680191657,,
2021-06-01 05:00:00+00:00,117.26906067587844,118.01903394756955,116.06130832636462,117.88267517089844,88105100.0,0.0,-0.07255174398253271,0.0,0.0,0.0,0.0,0.0,0.0,0.0,0.0,42.412184567266,1.9577256212049292,1.9623357528102425,1.0,117.88267517089844,0.0,117.88267517089844,117.88267517089844,117.88267517089844,0.0,,117.88267594725087,117.88898505871668,-0.006309111465810702,-0.009276403976597548,0.0029672925107868467,,
2021-06-02 05:00:00+00:00,117.26906067587844,118.01903394756955,116.06130832636462,117.88267517089844,88105100.0,0.0,-0.07255174398253271,0.0,0.0,0.0,0.0,0.0,0.0,0.0,0.0,42.412184567266,1.9577256212049292,1.9620064576955771,1.0,117.88267517089844,0.0,117.88267517089844,117.88267517089844,117.88267517089844,0.0,,117.88267582781205,117.88851765961904,-0.005841831806989717,-0.008589489542675983,0.002747657735686266,,
2021-06-03 05:00:00+00:00,117.26906067587844,118.01903394756955,116.06130832636462,117.88267517089844,88105100.0,0.0,-0.07255174398253271,0.0,0.0,0.0,0.0,0.0,0.0,0.0,0.0,42.412184567266,1.9577256212049292,1.9617006836605309,1.0,117.88267517089844,0.0,117.88267517089844,117.88267517089844,117.88267517089844,0.0,,117.88267572674843,117.88808488267678,-0.005409155928347786,-0.007953422819810345,0.002544266891462558,,
2021-06-04 05:00:00+00:00,117.26906067587844,118.01903394756955,116.06130832636462,117.88267517089844,88105100.0,0.0,-0.07255174398253271,0.0,0.0,0.0,0.0,0.0,0.0,0.0,0.0,42.412184567266,1.9577256212049292,1.961416750627988,1.0,117.88267517089844,0.0,117.88267517089844,117.88267517089844,117.88267517089844,0.0,,117.88267564123305,117.8876841632858,-0.005008522052747821,-0.00736444266639784,0.002355920613650019,,
2021-06-05 05:00:00+00:00,117.26906067587844,118.01903394756955,116.06130832636462,117.88267517089844,88105100.0,0.0,-0.07255174398253271,0.0,0.0,0.0,0.0,0.0,0.0,0.0,0.0,42.412184567266,1.9577256212049292,1.9611530985263412,1.0,117.88267517089844,0.0,117.88267517089844,117.88267517089844,117.88267517089844,0.0,,117.88267556887388,117.88731312681266,-0.004637557938778514,-0.006819065720873976,0.0021815077820954622,,
2021-06-06 05:00:00+00:00,117.26906067587844,118.01903394756955,116.06130832636462,117.88267517089844,88105100.0,0.0,-0.07255174398253271,0.0,0.0,0.0,0.0,0.0,0.0,0.0,0.0,42.412184567266,1.9577256212049292,1.9609082787176688,1.0,117.88267517089844,0.0,117.88267517089844,117.88267517089844,117.88267517089844,0.0,,117.8826755076469,117.88696957452271,-0.004294066875814906,-0.006314065951862163,0.002019999076047257,,
2021-06-07 05:00:00+00:00,117.26906067587844,118.01903394756955,116.06130832636462,117.88267517089844,88105100.0,0.0,-0.07255174398253271,0.0,0.0,0.0,0.0,0.0,0.0,0.0,0.0,42.41218456726601,1.9577256212049292,1.9606809460381873,1.0,117.88267517089844,0.0,117.88267517089844,117.88267517089844,117.88267517089844,0.0,,117.88267545583943,117.88665147055055,-0.003976014711113862,-0.005846455703712504,0.0018704409925986414,,
2021-06-08 05:00:00+00:00,117.26906067587844,118.01903394756955,116.06130832636462,117.88267517089844,88105100.0,0.0,-0.07255174398253271,0.0,0.0,0.0,0.0,0.0,0.0,0.0,0.0,42.41218456726601,1.9577256212049292,1.9604698514072405,1.0,117.88267517089844,0.0,117.88267517089844,117.88267517089844,117.88267517089844,0.0,,117.88267541200236,117.88635692983557,-0.003681517833214798,-0.005413468129612963,0.001731950296398165,,
2021-06-09 05:00:00+00:00,117.26906067587844,118.01903394756955,116.06130832636462,117.88267517089844,88105100.0,0.0,-0.07255174398253271,0.0,0.0,0.0,0.0,0.0,0.0,0.0,0.0,42.41218456726602,1.9577256212049292,1.9602738349642181,1.0,117.88267517089844,0.0,117.88267517089844,117.88267517089844,117.88267517089844,0.0,,117.88267537490944,117.88608420695134,-0.0034088320418987905,-0.005012540912070129,0.0016037088701713383,,
2021-06-10 05:00:00+00:00,117.26906067587844,118.01903394756955,116.06130832636462,117.88267517089844,88105100.0,0.0,-0.07255174398253271,0.0,0.0,0.0,0.0,0.0,0.0,0.0,0.0,42.41218456726602,1.9577256212049292,1.9600918196956973,1.0,117.88267517089844,0.0,117.88267517089844,117.88267517089844,117.88267517089844,0.0,,117.88267534352312,117.88583168576224,-0.003156342239122978,-0.004641301177480699,0.0014849589383577212,,
2021-06-11 05:00:00+00:00,117.26906067587844,118.01903394756955,116.06130832636462,117.88267517089844,88105100.0,0.0,-0.07255174398253271,0.0,0.0,0.0,0.0,0.0,0.0,0.0,0.0,42.41218456726602,1.9577256212049292,1.9599228055177855,1.0,117.88267517089844,0.0,117.88267517089844,117.88267517089844,117.88267517089844,0.0,,117.88267531696548,117.8855978698464,-0.0029225528809320167,-0.004297551518170963,0.0013749986372389462,,
2021-06-12 05:00:00+00:00,117.26906067587844,118.01903394756955,116.06130832636462,117.88267517089844,88105100.0,0.0,-0.07255174398253271,0.0,0.0,0.0,0.0,0.0,0.0,0.0,0.0,42.41218456726602,1.9577256212049292,1.9597658637811528,1.0,117.88267517089844,0.0,117.88267517089844,117.88267517089844,117.88267517089844,0.0,,117.88267529449362,117.88538137362804,-0.0027060791344126756,-0.003979257041419305,0.0012731779070066299,,
2021-06-13 05:00:00+00:00,117.26906067587844,118.01903394756955,116.06130832636462,117.88267517089844,88105100.0,0.0,-0.07255174398253271,0.0,0.0,0.0,0.0,0.0,0.0,0.0,0.0,42.41218456726602,1.9577256212049292,1.9596201321685656,1.0,117.88267517089844,0.0,117.88267517089844,117.88267517089844,117.88267517089844,0.0,,117.88267527547899,117.88518091416658,-0.002505638687594569,-0.003684533370654358,0.001178894683059789,,
2021-06-14 05:00:00+00:00,117.26906067587844,118.01903394756955,116.06130832636462,117.88267517089844,88105100.0,0.0,-0.07255174398253271,0.0,0.0,0.0,0.0,0.0,0.0,0.0,0.0,42.41218456726602,1.9577256212049292,1.9594848099568773,1.0,117.88267517089844,0.0,117.88267517089844,117.88267517089844,117.88267517089844,0.0,,117.88267525938969,117.88499530355413,-0.0023200441644490866,-0.0034116355294133037,0.001091591364964217,,
2021-06-15 05:00:00+00:00,117.26906067587844,118.01903394756955,116.06130832636462,117.88267517089844,88105100.0,0.0,-0.07255174398253271,0.0,0.0,0.0,0.0,0.0,0.0,0.0,0.0,42.41218456726602,1.9577256212049292,1.9593591536174526,1.0,117.88267517089844,0.0,117.88267517089844,117.88267517089844,117.88267517089844,0.0,,117.88267524577566,117.88482344187594,-0.002148196100279165,-0.0031589476435864763,0.0010107515433073113,,
2021-06-16 05:00:00+00:00,117.26906067587844,118.01903394756955,116.06130832636462,117.88267517089844,88105100.0,0.0,-0.07255174398253271,0.0,0.0,0.0,0.0,0.0,0.0,0.0,0.0,42.41218456726602,1.9577256212049292,1.959242472730844,1.0,117.88267517089844,0.0,117.88267517089844,117.88267517089844,117.88267517089844,0.0,,117.88267523425608,117.88466431069241,-0.001989076436331061,-0.0029249734021353935,0.0009358969658043326,,
2021-06-17 05:00:00+00:00,117.26906067587844,118.01903394756955,116.06130832636462,117.88267517089844,88105100.0,0.0,-0.07255174398253271,0.0,0.0,0.0,0.0,0.0,0.0,0.0,0.0,42.41218456726602,1.9577256212049292,1.9591341261932786,1.0,117.88267517089844,0.0,117.88267517089844,117.88267517089844,117.88267517089844,0.0,,117.88267522450874,117.88451696700398,-0.0018417424952303918,-0.0027083272207543935,0.0008665847255240017,,
2021-06-18 05:00:00+00:00,117.26906067587844,118.01903394756955,116.06130832636462,117.88267517089844,88105100.0,0.0,-0.07255174398253271,0.0,0.0,0.0,0.0,0.0,0.0,0.0,0.0,42.41218456726602,1.9577256212049292,1.959033518694111,1.0,117.88267517089844,0.0,117.88267517089844,117.88267517089844,117.88267517089844,0.0,,117.88267521626099,117.88438053766282,-0.0017053214018289964,-0.0025077260569693143,0.0008024046551403179,,
2021-06-19 05:00:00+00:00,117.26906067587844,118.01903394756955,116.06130832636462,117.88267517089844,88105100.0,0.0,-0.07255174398253271,0.0,0.0,0.0,0.0,0.0,0.0,0.0,0.0,42.41218456726602,1.9577256212049292,1.9589400974448838,1.0,117.88267517089844,0.0,117.88267517089844,117.88267517089844,117.88267517089844,0.0,,117.88267520928213,117.88425421419879,-0.001579004916663962,-0.002321981828908244,0.0007429769122442821,,
2021-06-20 05:00:00+00:00,117.26906067587844,118.01903394756955,116.06130832636462,117.88267517089844,88105100.0,0.0,-0.07255174398253271,0.0,0.0,0.0,0.0,0.0,0.0,0.0,0.0,42.41218456726602,1.9577256212049292,1.95885334914203,1.0,117.88267517089844,0.0,117.88267517089844,117.88267517089844,117.88267517089844,0.0,,117.88267520337695,117.8841372480284,-0.0014620446514470586,-0.002149994393416007,0.0006879497419689483,,
2021-06-21 05:00:00+00:00,117.26906067587844,118.01903394756955,116.06130832636462,117.88267517089844,88105100.0,0.0,-0.07255174398253271,0.0,0.0,0.0,0.0,0.0,0.0,0.0,0.0,42.41218456726602,1.9577256212049292,1.9587727971465227,1.0,117.88267517089844,0.0,117.88267517089844,117.88267517089844,117.88267517089844,0.0,,117.88267519838024,117.88402894601877,-0.0013537476385323544,-0.0019907450424392764,0.0006369974039069221,,
2021-06-22 05:00:00+00:00,117.26906067587844,118.01903394756955,116.06130832636462,117.88267517089844,88105100.0,0.0,-0.07255174398253271,0.0,0.0,0.0,0.0,0.0,0.0,0.0,0.0,42.41218456726601,1.9577256212049292,1.9586979988649804,1.0,117.88267517089844,0.0,117.88267517089844,117.88267517089844,117.88267517089844,0.0,,117.88267519415228,117.88392866638023,-0.0012534722279440302,-0.0018432904795402274,0.0005898182515961972,,
2021-06-23 05:00:00+00:00,117.26906067587844,118.01903394756955,116.06130832636462,117.88267517089844,88105100.0,0.0,-0.07255174398253271,0.0,0.0,0.0,0.0,0.0,0.0,0.0,0.0,42.41218456726602,1.9577256212049292,1.9586285433178339,1.0,117.88267517089844,0.0,117.88267517089844,117.88267517089844,117.88267517089844,0.0,,117.88267519057476,117.88383581486306,-0.0011606242883033246,-0.001706757241292847,0.0005461329529895223,,
2021-06-24 05:00:00+00:00,117.26906067587844,118.01903394756955,116.06130832636462,117.88267517089844,88105100.0,0.0,-0.07255174398253271,0.0,0.0,0.0,0.0,0.0,0.0,0.0,0.0,42.41218456726602,1.9577256212049292,1.9585640488811977,1.0,117.88267517089844,0.0,117.88267517089844,117.88267517089844,117.88267517089844,0.0,,117.88267518754762,117.88374984123605,-0.0010746536884340685,-0.0015803365307210913,0.0005056828422870228,,
2021-06-25 05:00:00+00:00,117.26906067587844,118.01903394756955,116.06130832636462,117.88267517089844,88105100.0,0.0,-0.07255174398253271,0.0,0.0,0.0,0.0,0.0,0.0,0.0,0.0,42.41218456726602,1.9577256212049292,1.9585041611900356,1.0,117.88267517089844,0.0,117.88267517089844,117.88267517089844,117.88267517089844,0.0,,117.8826751849862,117.88367023602586,-0.0009950510396663503,-0.0014632794325101432,0.00046822839284379287,,
2021-06-26 05:00:00+00:00,117.26906067587844,118.01903394756955,116.06130832636462,117.88267517089844,88105100.0,0.0,-0.07255174398253271,0.0,0.0,0.0,0.0,0.0,0.0,0.0,0.0,42.41218456726602,1.9577256212049292,1.9584485511910996,1.0,117.88267517089844,0.0,117.88267517089844,117.88267517089844,117.88267517089844,0.0,,117.88267518281884,117.88359652749791,-0.0009213446790710123,-0.001354892481822317,0.0004335478027513047,,
2021-06-27 05:00:00+00:00,117.26906067587844,118.01903394756955,116.06130832636462,117.88267517089844,88105100.0,0.0,-0.07255174398253271,0.0,0.0,0.0,0.0,0.0,0.0,0.0,0.0,42.41218456726602,1.9577256212049292,1.9583969133349446,1.0,117.88267517089844,0.0,117.88267517089844,117.88267517089844,117.88267517089844,0.0,,117.88267518098493,117.88352827886092,-0.000853097875989306,-0.001254533560655715,0.00040143568466640897,,
2021-06-28 05:00:00+00:00,117.26906067587844,118.01903394756955,116.06130832636462,117.88267517089844,88105100.0,0.0,-0.07255174398253271,0.0,0.0,0.0,0.0,0.0,0.0,0.0,0.0,42.41218456726602,1.9577256212049292,1.9583489638970866,1.0,117.88267517089844,0.0,117.88267517089844,117.88267517089844,117.88267517089844,0.0,,117.88267517943316,117.88346508567852,-0.0007899062453589067,-0.0011616080975963535,0.00037170185223744674,,
2021-06-29 05:00:00+00:00,117.26906067587844,118.01903394756955,116.06130832636462,117.88267517089844,88105100.0,0.0,-0.07255174398253271,0.0,0.0,0.0,0.0,0.0,0.0,0.0,0.0,42.41218456726602,1.9577256212049292,1.9583044394190754,1.0,117.88267517089844,0.0,117.88267517089844,117.88267517089844,117.88267517089844,0.0,,117.88267517812014,117.8834065734726,-0.0007313953524601402,-0.0010755655485691108,0.0003441701961089706,,
2021-06-30 05:00:00+00:00,117.26906067587844,118.01903394756955,116.06130832636462,117.88267517089844,88105100.0,0.0,-0.07255174398253271,0.0,0.0,0.0,0.0,0.0,0.0,0.0,0.0,42.41218456726601,1.9577256212049292,1.9582630952609223,1.0,117.88267517089844,0.0,117.88267517089844,117.88267517089844,117.88267517089844,0.0,,117.8826751770091,117.88335239550415,-0.0006772184950420979,-0.0009958961378637083,0.00031867764282161046,,
2021-07-01 05:00:00+00:00,117.26906067587844,118.01903394756955,116.06130832636462,117.88267517089844,88105100.0,0.0,-0.07255174398253271,0.0,0.0,0.0,0.0,0.0,0.0,0.0,0.0,42.41218456726602,1.9577256212049292,1.958224704256923,1.0,117.88267517089844,0.0,117.88267517089844,117.88267517089844,117.88267517089844,0.0,,117.882675176069,117.88330223071854,-0.0006270546495414919,-0.0009221278401992651,0.0002950731906577732,,
2021-07-02 05:00:00+00:00,117.26906067587844,118.01903394756955,116.06130832636462,117.88267517089844,88105100.0,0.0,-0.07255174398253271,0.0,0.0,0.0,0.0,0.0,0.0,0.0,0.0,42.41218456726602,1.9577256212049292,1.958189055467495,1.0,117.88267517089844,0.0,117.88267517089844,117.88267517089844,117.88267517089844,0.0,,117.88267517527353,117.88325578184298,-0.0005806065694429208,-0.0008538235860479962,0.00027321701660507547,,
2021-07-03 05:00:00+00:00,117.26906067587844,118.01903394756955,116.06130832636462,117.88267517089844,88105100.0,0.0,-0.07255174398253271,0.0,0.0,0.0,0.0,0.0,0.0,0.0,0.0,42.41218456726602,1.9577256212049292,1.958155953020169,1.0,117.88267517089844,0.0,117.88267517089844,117.88267517089844,117.88267517089844,0.0,,117.88267517460045,117.88321277362486,-0.0005375990244118611,-0.0007905786737207693,0.00025297964930890815,,
2021-07-04 05:00:00+00:00,117.26906067587844,118.01903394756955,116.06130832636462,117.88267517089844,88105100.0,0.0,-0.07255174398253271,0.0,0.0,0.0,0.0,0.0,0.0,0.0,0.0,42.41218456726602,1.9577256212049292,1.9581252150333661,1.0,117.88267517089844,0.0,117.88267517089844,117.88267517089844,117.88267517089844,0.0,,117.88267517403091,117.88317295120068,-0.0004977771697696198,-0.0007320183729305395,0.00023424120316091967,,
2021-07-05 05:00:00+00:00,117.26906067587844,118.01903394756955,116.06130832636462,117.88267517089844,88105100.0,0.0,-0.07255174398253271,0.0,0.0,0.0,0.0,0.0,0.0,0.0,0.0,42.41218456726602,1.9577256212049292,1.9580966726170494,1.0,117.88267517089844,0.0,117.88267517089844,117.88267517089844,117.88267517089844,0.0,,117.88267517354899,117.8831360785857,-0.0004609050367037071,-0.000677795705685173,0.0002168906689814659,,
2021-07-06 05:00:00+00:00,117.26906067587844,118.01903394756955,116.06130832636462,117.88267517089844,88105100.0,0.0,-0.07255174398253271,0.0,0.0,0.0,0.0,0.0,0.0,0.0,0.0,42.41218456726602,1.9577256212049292,1.9580701689447553,1.0,117.88267517089844,0.0,117.88267517089844,117.88267517089844,117.88267517089844,0.0,,117.88267517314122,117.88310193727553,-0.00042676413430342564,-0.0006275893914088235,0.00020082525710539791,,
2021-07-07 05:00:00+00:00,117.26906067587844,118.01903394756955,116.06130832636462,117.88267517089844,88105100.0,0.0,-0.07255174398253271,0.0,0.0,0.0,0.0,0.0,0.0,0.0,0.0,42.41218456726602,1.9577256212049292,1.9580455583919107,1.0,117.88267517089844,0.0,117.88267517089844,117.88267517089844,117.88267517089844,0.0,,117.88267517279618,117.8830703249513,-0.00039515215512153645,-0.0005811019441513661,0.00018594978902982968,,
2021-07-08 05:00:00+00:00,117.26906067587844,118.01903394756955,116.06130832636462,117.88267517089844,88105100.0,0.0,-0.07255174398253271,0.0,0.0,0.0,0.0,0.0,0.0,0.0,0.0,42.41218456726602,1.9577256212049292,1.958022705735698,1.0,117.88267517089844,0.0,117.88267517089844,117.88267517089844,117.88267517089844,0.0,,117.88267517250424,117.88304105428072,-0.0003658817764886635,-0.0005380579106188257,0.00017217613413016218,,
2021-07-09 05:00:00+00:00,117.26906067587844,118.01903394756955,116.06130832636462,117.88267517089844,88105100.0,0.0,-0.07255174398253271,0.0,0.0,0.0,0.0,0.0,0.0,0.0,0.0,42.41218456726602,1.9577256212049292,1.9580014854120718,1.0,117.88267517089844,0.0,117.88267517089844,117.88267517089844,117.88267517089844,0.0,,117.8826751722572,117.88301395180797,-0.00033877955077343813,-0.0004982022386497482,0.00015942268787631005,,
2021-07-10 05:00:00+00:00,117.26906067587844,118.01903394756955,116.06130832636462,117.88267517089844,88105100.0,0.0,-0.07255174398253271,0.0,0.0,0.0,0.0,0.0,0.0,0.0,0.0,42.41218456726602,1.9577256212049292,1.9579817808258473,1.0,117.88267517089844,0.0,117.88267517089844,117.88267517089844,117.88267517089844,0.0,,117.88267517204815,117.88298885692578,-0.0003136848776250645,-0.0004612987664448115,0.00014761388881974702,,
2021-07-11 05:00:00+00:00,117.26906067587844,118.01903394756955,116.06130832636462,117.88267517089844,88105100.0,0.0,-0.07255174398253271,0.0,0.0,0.0,0.0,0.0,0.0,0.0,0.0,42.41218456726602,1.9577256212049292,1.9579634837100675,1.0,117.88267517089844,0.0,117.88267517089844,117.88267517089844,117.88267517089844,0.0,,117.88267517187128,117.88296562092376,-0.000290449052471331,-0.00042712882365011543,0.00013667977117878442,,
2021-07-12 05:00:00+00:00,117.26906067587844,118.01903394756955,116.06130832636462,117.88267517089844,88105100.0,0.0,-0.03652798034797068,0.0,0.0,0.0,0.0,0.0,0.0,0.0,0.0,42.41218456726602,1.9577256212049292,1.957946493531129,1.0,117.88267517089844,0.0,117.88267517089844,117.88267517089844,117.88267517089844,0.0,,117.88267517172162,117.88294410610706,-0.0002689343854456183,-0.00039548993600921605,0.00012655555056359773,,
2021-07-13 05:00:00+00:00,117.26906067587844,118.01903394756955,116.06130832636462,117.88267517089844,88105100.0,0.0,-0.03156607706780289,0.0,0.0,0.0,0.0,0.0,0.0,0.0,0.0,42.41218456726602,1.9577256212049292,1.9579307169364006,1.0,117.88267517089844,0.0,117.88267517089844,117.88267517089844,117.88267517089844,0.0,,117.88267517159497,117.8829241849805,-0.00024901338552751895,-0.0003661946259128767,0.00011718124038535773,,
2021-07-14 05:00:00+00:00,117.26906067587844,118.01903394756955,116.06130832636462,117.88267517089844,88105100.0,0.0,-0.018654165169420395,0.0,0.0,0.0,0.0,0.0,0.0,0.0,0.0,42.41218456726602,1.9577256212049292,1.9579160672412956,1.0,117.88267517089844,0.0,117.88267517089844,117.88267517089844,117.88267517089844,0.0,,117.88267517148782,117.88290573949294,-0.00023056800512222253,-0.00033906930175474587,0.00010850129663252334,,
2021-07-15 05:00:00+00:00,117.26906067587844,118.01903394756955,116.06130832636462,117.88267517089844,88105100.0,0.0,-0.006895561244075249,0.0,0.0,0.0,0.0,0.0,0.0,0.0,0.0,42.41218456726602,1.9577256212049292,1.9579024639529838,1.0,117.88267517089844,0.0,117.88267517089844,117.88267517089844,117.88267517089844,0.0,,117.88267517139715,117.8828886603378,-0.00021348894064487922,-0.0003139532295327725,0.0001004642888878933,,
2021-07-16 05:00:00+00:00,117.26906067587844,118.01903394756955,116.06130832636462,117.88267517089844,88105100.0,0.0,-0.0072899614981174815,0.0,0.0,0.0,0.0,0.0,0.0,0.0,0.0,42.41218456726602,1.9577256212049292,1.9578898323281226,1.0,117.88267517089844,0.0,117.88267517089844,117.88267517089844,117.88267517089844,0.0,,117.88267517132041,117.88287284630525,-0.00019767498483247437,-0.00029069758059271293,9.302259576023856e-05,,
2021-07-17 05:00:00+00:00,117.26906067587844,118.01903394756955,116.06130832636462,117.88267517089844,88105100.0,0.0,-0.0072899614981174815,0.0,0.0,0.0,0.0,0.0,0.0,0.0,0.0,42.41218456726602,1.9577256212049292,1.9578781029621801,1.0,117.88267517089844,0.0,117.88267517089844,117.88267517089844,117.88267517089844,0.0,,117.8826751712555,117.88285820368252,-0.0001830324270173378,-0.0002691645498776379,8.613212286030011e-05,,
2021-07-18 05:00:00+00:00,117.26906067587844,118.01903394756955,116.06130832636462,117.88267517089844,88105100.0,0.0,-0.0072899614981174815,0.0,0.0,0.0,0.0,0.0,0.0,0.0,0.0,42.41218456726602,1.9577256212049292,1.9578672114080908,1.0,117.88267517089844,0.0,117.88267517089844,117.88267517089844,117.88267517089844,0.0,,117.88267517120056,117.88284464569851,-0.00016947449795168268,-0.0002492265394924469,7.97520415407642e-05,,
2021-07-19 05:00:00+00:00,117.26906067587844,118.01903394756955,116.06130832636462,117.88267517089844,88105100.0,0.0,-0.014376747869710021,0.0,0.0,0.0,0.0,0.0,0.0,0.0,0.0,42.41218456726602,1.9577256212049292,1.9578570978221506,1.0,117.88267517089844,0.0,117.88267517089844,117.88267517089844,117.88267517089844,0.0,,117.88267517115409,117.88283209200962,-0.00015692085553098423,-0.00023076540270015438,7.384454716917015e-05,,
2021-07-20 05:00:00+00:00,117.26906067587844,118.01903394756955,116.06130832636462,117.88267517089844,88105100.0,0.0,-0.015431034331959264,0.0,0.0,0.0,0.0,0.0,0.0,0.0,0.0,42.41218456726602,1.9577256212049292,1.957847706635206,1.0,117.88267517089844,0.0,117.88267517089844,117.88267517089844,117.88267517089844,0.0,,117.88267517111476,117.88282046822361,-0.00014529710885824443,-0.0002136717439317724,6.837463507352798e-05,,
2021-07-21 05:00:00+00:00,117.26906067587844,118.01903394756955,116.06130832636462,117.88267517089844,88105100.0,0.0,-0.005061661026029932,0.0,0.0,0.0,0.0,0.0,0.0,0.0,0.0,42.41218456726602,1.9577256212049292,1.9578389862473293,1.0,117.88267517089844,0.0,117.88267517089844,117.88267517089844,117.88267517089844,0.0,,117.88267517108147,117.88280970545878,-0.00013453437730959195,-0.00019784427060733631,6.330989329774437e-05,,
2021-07-22 05:00:00+00:00,117.26906067587844,118.01903394756955,116.06130832636462,117.88267517089844,88105100.0,0.0,-0.005892723494524886,0.0,0.0,0.0,0.0,0.0,0.0,0.0,0.0,42.41218456726602,1.9577256212049292,1.9578308887443008,1.0,117.88267517089844,0.0,117.88267517089844,117.88267517089844,117.88267517089844,0.0,,117.88267517105331,117.88279973993579,-0.00012456888248379983,-0.000183189192982629,5.862031049882918e-05,,
2021-07-23 05:00:00+00:00,117.26906067587844,118.01903394756955,116.06130832636462,117.88267517089844,88105100.0,0.0,-0.005744362001922614,0.0,0.0,0.0,0.0,0.0,0.0,0.0,0.0,42.41218456726602,1.9577256212049292,1.9578233696343457,1.0,117.88267517089844,0.0,117.88267517089844,117.88267517089844,117.88267517089844,0.0,,117.88267517102949,117.8827905125997,-0.00011534157020776092,-0.0001696196684276554,5.427809821989448e-05,,
2021-07-24 05:00:00+00:00,117.26906067587844,118.01903394756955,116.06130832636462,117.88267517089844,88105100.0,0.0,-0.005744362001922614,0.0,0.0,0.0,0.0,0.0,0.0,0.0,0.0,42.41218456726602,1.9577256212049292,1.957816387603673,1.0,117.88267517089844,0.0,117.88267517089844,117.88267517089844,117.88267517089844,0.0,,117.88267517100934,117.88278196876998,-0.00010679776063682311,-0.00015705528686948896,5.0257526232665845e-05,,
2021-07-25 05:00:00+00:00,117.26906067587844,118.01903394756955,116.06130832636462,117.88267517089844,88105100.0,0.0,-0.005744362001922614,0.0,0.0,0.0,0.0,0.0,0.0,0.0,0.0,42.41218456726602,1.9577256212049292,1.9578099042894772,1.0,117.88267517089844,0.0,117.88267517089844,117.88267517089844,117.88267517089844,0.0,,117.88267517099229,117.88277405781653,-9.888682424730177e-05,-0.00014542159434505154,4.653477009774977e-05,,
2021-07-26 05:00:00+00:00,117.26906067587844,118.01903394756955,116.06130832636462,117.88267517089844,88105100.0,0.0,-0.0026735848806213477,0.0,0.0,0.0,0.0,0.0,0.0,0.0,0.0,42.41218456726602,1.9577256212049292,1.9578038840691523,1.0,117.88267517089844,0.0,117.88267517089844,117.88267517089844,117.88267517089844,0.0,,117.88267517097785,117.88276673285964,-9.156188178849334e-05,-0.0001346496518337399,4.3087770045246564e-05,,
2021-07-27 05:00:00+00:00,117.26906067587844,118.01903394756955,116.06130832636462,117.88267517089844,88105100.0,0.0,-0.005369979290013966,0.0,0.0,0.0,0.0,0.0,0.0,0.0,0.0,42.41218456726602,1.9577256212049292,1.957798293864565,1.0,117.88267517089844,0.0,117.88267517089844,117.88267517089844,117.88267517089844,0.0,,117.88267517096563,117.88275995049214,-8.477952651730902e-05,-0.00012467562677045374,3.989610025314472e-05,,
2021-07-28 05:00:00+00:00,117.26906067587844,118.01903394756955,116.06130832636462,117.88267517089844,88105100.0,0.0,-0.009454520622347857,0.0,0.0,0.0,0.0,0.0,0.0,0.0,0.0,42.41218456726602,1.9577256212049292,1.9577931029603053,1.0,117.88267517089844,0.0,117.88267517089844,117.88267517089844,117.88267517089844,0.0,,117.88267517095528,117.88275367052223,-7.849956695338278e-05,-0.00011544041480703955,3.694084785365677e-05,,
2021-07-29 05:00:00+00:00,117.26906067587844,118.01903394756955,116.06130832636462,117.88267517089844,88105100.0,0.0,-0.007624965371063323,0.0,0.0,0.0,0.0,0.0,0.0,0.0,0.0,42.41218456726602,1.9577256212049292,1.9577882828349211,1.0,117.88267517089844,0.0,117.88267517089844,117.88267517089844,117.88267517089844,0.0,,117.88267517094653,117.88274785573529,-7.26847887619897e-05,-0.00010688928959802958,3.420450083603989e-05,,
2021-07-30 05:00:00+00:00,117.26906067587844,118.01903394756955,116.06130832636462,117.88267517089844,88105100.0,0.0,-0.011566804731682595,0.0,0.0,0.0,0.0,0.0,0.0,0.0,0.0,42.41218456726602,1.9577256212049292,1.9577838070042075,1.0,117.88267517089844,0.0,117.88267517089844,117.88267517089844,117.88267517089844,0.0,,117.88267517093914,117.8827424716733,-6.730073415894822e-05,-9.897157851021331e-05,3.1670844351265094e-05,,
2021-07-31 05:00:00+00:00,117.26906067587844,118.01903394756955,116.06130832636462,117.88267517089844,88105100.0,0.0,-0.011566804731682595,0.0,0.0,0.0,0.0,0.0,0.0,0.0,0.0,42.41218456726602,1.9577256212049292,1.9577796508756875,1.0,117.88267517089844,0.0,117.88267517089844,117.88267517089844,117.88267517089844,0.0,,117.88267517093288,117.88273748643071,-6.231549782853563e-05,-9.164036237387778e-05,2.9324864545342155e-05,,
2021-08-01 05:00:00+00:00,117.26906067587844,118.01903394756955,116.06130832636462,117.88267517089844,88105100.0,0.0,-0.011566804731682595,0.0,0.0,0.0,0.0,0.0,0.0,0.0,0.0,42.41218456726602,1.9577256212049292,1.9577757916134906,1.0,117.88267517089844,0.0,117.88267517089844,117.88267517089844,117.88267517089844,0.0,,117.8826751709276,117.88273287046536,-5.76995377628009e-05,-8.485219745166242e-05,2.715265968886152e-05,,
2021-08-02 05:00:00+00:00,117.26906067587844,118.01903394756955,116.06130832636462,117.88267517089844,88105100.0,0.0,-0.02266597077115088,0.0,0.0,0.0,0.0,0.0,0.0,0.0,0.0,42.41218456726602,1.9577256212049292,1.9577722080128792,1.0,117.88267517089844,0.0,117.88267517089844,117.88267517089844,117.88267517089844,0.0,,117.88267517092311,117.88272859642336,-5.34255002548889e-05,-7.856685801230772e-05,2.514135775741882e-05,,
2021-08-03 05:00:00+00:00,117.26906067587844,118.01903394756955,116.06130832636462,117.88267517089844,88105100.0,0.0,-0.018534689093648665,0.0,0.0,0.0,0.0,0.0,0.0,0.0,0.0,42.41218456726602,1.9577256212049292,1.9577688803837399,1.0,117.88267517089844,0.0,117.88267517089844,117.88267517089844,117.88267517089844,0.0,,117.8826751709193,117.88272463897707,-4.946805776739893e-05,-7.274709796332597e-05,2.3279040195927037e-05,,
2021-08-04 05:00:00+00:00,117.26906067587844,118.01903394756955,116.06130832636462,117.88267517089844,88105100.0,0.0,-0.01585131504564044,0.0,0.0,0.0,0.0,0.0,0.0,0.0,0.0,42.41218456726602,1.9577256212049292,1.9577657904423962,1.0,117.88267517089844,0.0,117.88267517089844,117.88267517089844,117.88267517089844,0.0,,117.88267517091609,117.88272097467495,-4.580375886575894e-05,-6.735843014381256e-05,2.1554671278053628e-05,,
2021-08-05 05:00:00+00:00,117.26906067587844,118.01903394756955,116.06130832636462,117.88267517089844,88105100.0,0.0,-0.01585131504564044,0.0,0.0,0.0,0.0,0.0,0.0,0.0,0.0,42.41218456726602,1.9577256212049292,1.9577629212111485,1.0,117.88267517089844,0.0,117.88267517089844,117.88267517089844,117.88267517089844,0.0,,117.88267517091336,117.88271758180262,-4.2410889264488105e-05,-6.236892196794768e-05,1.995803270345957e-05,,
2021-08-06 05:00:00+00:00,117.26906067587844,118.01903394756955,116.06130832636462,117.88267517089844,88105100.0,0.0,-0.014109329537576567,0.0,0.0,0.0,0.0,0.0,0.0,0.0,0.0,42.41218456726602,1.9577256212049292,1.9577602569249901,1.0,117.88267517089844,0.0,117.88267517089844,117.88267517089844,117.88267517089844,0.0,,117.88267517091106,117.88271444025416,-3.9269343105274856e-05,-5.774900619541312e-05,1.8479663090138262e-05,,
2021-08-07 05:00:00+00:00,117.26906067587844,118.01903394756955,116.06130832636462,117.88267517089844,88105100.0,0.0,-0.014109329537576567,0.0,0.0,0.0,0.0,0.0,0.0,0.0,0.0,42.41218456726602,1.9577256212049292,1.9577577829449857,1.0,117.88267517089844,0.0,117.88267517089844,117.88267517089844,117.88267517089844,0.0,,117.88267517090912,117.882711531413,-3.636050387001433e-05,-5.347130573033336e-05,1.7110801860319033e-05,,
2021-08-08 05:00:00+00:00,117.26906067587844,118.01903394756955,116.06130832636462,117.88267517089844,88105100.0,0.0,-0.014109329537576567,0.0,0.0,0.0,0.0,0.0,0.0,0.0,0.0,42.41218456726601,1.9577256212049292,1.957755485677839,1.0,117.88267517089844,0.0,117.88267517089844,117.88267517089844,117.88267517089844,0.0,,117.88267517090748,117.88270883804155,-3.366713407615407e-05,-4.9510471399497506e-05,1.5843337323343436e-05,,
2021-08-09 05:00:00+00:00,117.26906067587844,118.01903394756955,116.06130832636462,117.88267517089844,88105100.0,0.0,-0.006577142289038331,0.0,0.0,0.0,0.0,0.0,0.0,0.0,0.0,42.41218456726601,1.9577256212049292,1.9577533525012027,1.0,117.88267517089844,0.0,117.88267517089844,117.88267517089844,117.88267517089844,0.0,,117.88267517090608,117.8827063441791,-3.117327301538353e-05,-4.5843031722674714e-05,1.4669758707291184e-05,,
2021-08-10 05:00:00+00:00,117.26906067587844,118.01903394756955,116.06130832636462,117.88267517089844,88105100.0,0.0,0.0045965835806993935,0.0,0.0,0.0,0.0,0.0,0.0,0.0,0.0,42.41218456726601,1.9577256212049292,1.957751371694326,1.0,117.88267517089844,0.0,117.88267517089844,117.88267517089844,117.88267517089844,0.0,,117.88267517090492,117.8827040350472,-2.8864142279871885e-05,-4.244725383411415e-05,1.3583111554242266e-05,,
2021-08-11 05:00:00+00:00,117.26906067587844,118.01903394756955,116.06130832636462,117.88267517089844,88105100.0,0.0,0.0056855175540861625,0.0,0.0,0.0,0.0,0.0,0.0,0.0,0.0,42.41218456726601,1.9577256212049292,1.9577495323736547,1.0,117.88267517089844,0.0,117.88267517089844,117.88267517089844,117.88267517089844,0.0,,117.88267517090392,117.8827018969621,-2.672605818077045e-05,-3.930301470344541e-05,1.257695652267496e-05,,
2021-08-12 05:00:00+00:00,117.26906067587844,118.01903394756955,116.06130832636462,117.88267517089844,88105100.0,0.0,0.0052628051813628455,0.0,0.0,0.0,0.0,0.0,0.0,0.0,0.0,42.41218456726602,1.9577256212049292,1.9577478244330315,1.0,117.88267517089844,0.0,117.88267517089844,117.88267517089844,117.88267517089844,0.0,,117.88267517090307,117.88269991725369,-2.4746350618443103e-05,-3.639168188644496e-05,1.1645331268001855e-05,,
2021-08-13 05:00:00+00:00,117.26906067587844,118.01903394756955,116.06130832636462,117.88267517089844,88105100.0,0.0,0.0031734263212429546,0.0,0.0,0.0,0.0,0.0,0.0,0.0,0.0,42.41218456726601,1.9577256212049292,1.9577462384881672,1.0,117.88267517089844,0.0,117.88267517089844,117.88267517089844,117.88267517089844,0.0,,117.88267517090236,117.88269808419034,-2.2913287978099106e-05,-3.369600310477579e-05,1.0782715126676686e-05,,
2021-08-14 05:00:00+00:00,117.26906067587844,118.01903394756955,116.06130832636462,117.88267517089844,88105100.0,0.0,0.0031734263212429546,0.0,0.0,0.0,0.0,0.0,0.0,0.0,0.0,42.41218456726602,1.9577256212049292,1.9577447658250788,1.0,117.88267517089844,0.0,117.88267517089844,117.88267517089844,117.88267517089844,0.0,,117.88267517090176,117.88269638690946,-2.1216007695556982e-05,-3.120000402293203e-05,9.98399632737505e-06,,
2021-08-15 05:00:00+00:00,117.26906067587844,118.01903394756955,116.06130832636462,117.88267517089844,88105100.0,0.0,0.0031734263212429546,0.0,0.0,0.0,0.0,0.0,0.0,0.0,0.0,42.41218456726601,1.9577256212049292,1.957743398352211,1.0,117.88267517089844,0.0,117.88267517089844,117.88267517089844,117.88267517089844,0.0,,117.88267517090125,117.88269481535309,-1.964445183944008e-05,-2.8888893586233642e-05,9.244441746793562e-06,,
2021-08-16 05:00:00+00:00,117.26906067587844,118.01903394756955,116.06130832636462,117.88267517089844,88105100.0,0.0,0.0077272453599395744,0.0,0.0,0.0,0.0,0.0,0.0,0.0,0.0,42.41218456726602,1.9577256212049292,1.9577421285559766,1.0,117.88267517089844,0.0,117.88267517089844,117.88267517089844,117.88267517089844,0.0,,117.88267517090082,117.88269336020831,-1.8189307482430195e-05,-2.6748976365472953e-05,8.559668883042759e-06,,
2021-08-17 05:00:00+00:00,117.26906067587844,118.01903394756955,116.06130832636462,117.88267517089844,88105100.0,0.0,0.00962437523615378,0.0,0.0,0.0,0.0,0.0,0.0,0.0,0.0,42.41218456726602,1.9577256212049292,1.957740949459473,1.0,117.88267517089844,0.0,117.88267517089844,117.88267517089844,117.88267517089844,0.0,,117.88267517090046,117.88269201285202,-1.684195156315127e-05,-2.4767571405008618e-05,7.925619841857348e-06,,
2021-08-18 05:00:00+00:00,117.26906067587844,118.01903394756955,116.06130832636462,117.88267517089844,88105100.0,0.0,0.0017606437881650275,0.0,0.0,0.0,0.0,0.0,0.0,0.0,0.0,42.41218456726602,1.9577256212049292,1.9577398545841485,1.0,117.88267517089844,0.0,117.88267517089844,117.88267517089844,117.88267517089844,0.0,,117.88267517090014,117.8826907652999,-1.5594399755514132e-05,-2.2932937075109725e-05,7.3385373195955926e-06,,
2021-08-19 05:00:00+00:00,117.26906067587844,118.01903394756955,116.06130832636462,117.88267517089844,88105100.0,0.0,0.006255727103109773,0.0,0.0,0.0,0.0,0.0,0.0,0.0,0.0,42.41218456726602,1.9577256212049292,1.9577388379142042,1.0,117.88267517089844,0.0,117.88267517089844,117.88267517089844,117.88267517089844,0.0,,117.88267517089989,117.88268961015905,-1.4439259160781148e-05,-2.123420149224401e-05,6.794942331462861e-06,,
2021-08-20 05:00:00+00:00,117.26906067587844,118.01903394756955,116.06130832636462,117.88267517089844,88105100.0,0.0,0.003712454095783708,0.0,0.0,0.0,0.0,0.0,0.0,0.0,0.0,42.41218456726602,1.9577256212049292,1.9577378938635417,1.0,117.88267517089844,0.0,117.88267517089844,117.88267517089844,117.88267517089844,0.0,,117.88267517089966,117.88268854058418,-1.3369684523922842e-05,-1.9661298098579777e-05,6.2916135746569346e-06,,
2021-08-21 05:00:00+00:00,117.26906067587844,118.01903394756955,116.06130832636462,117.88267517089844,88105100.0,0.0,0.003712454095783708,0.0,0.0,0.0,0.0,0.0,0.0,0.0,0.0,42.41218456726602,1.9577256212049292,1.9577370172450692,1.0,117.88267517089844,0.0,117.88267517089844,117.88267517089844,117.88267517089844,0.0,,117.88267517089946,117.8826875502371,-1.2379337633205978e-05,-1.820490600550502e-05,5.8255683722990405e-06,,
2021-08-22 05:00:00+00:00,117.26906067587844,118.01903394756955,116.06130832636462,117.88267517089844,88105100.0,0.0,0.003712454095783708,0.0,0.0,0.0,0.0,0.0,0.0,0.0,0.0,42.41218456726601,1.9577256212049292,1.9577362032422023,1.0,117.88267517089844,0.0,117.88267517089844,117.88267517089844,117.88267517089844,0.0,,117.88267517089929,117.88268663324905,-1.1462349760904544e-05,-1.6856394756584926e-05,5.394044995680382e-06,,
2021-08-23 05:00:00+00:00,117.26906067587844,118.01903394756955,116.06130832636462,117.88267517089844,88105100.0,0.0,0.0017674254151707524,0.0,0.0,0.0,0.0,0.0,0.0,0.0,0.0,42.41218456726601,1.9577256212049292,1.9577354473823974,1.0,117.88267517089844,0.0,117.88267517089844,117.88267517089844,117.88267517089844,0.0,,117.88267517089915,117.88268578418604,-1.061328688933827e-05,-1.5607773183135594e-05,4.994486293797324e-06,,
2021-08-24 05:00:00+00:00,117.26906067587844,118.01903394756955,116.06130832636462,117.88267517089844,88105100.0,0.0,0.0211423377631642,0.0,0.0,0.0,0.0,0.0,0.0,0.0,0.0,42.41218456726601,1.9577256212049292,1.9577347455125782,1.0,117.88267517089844,0.0,117.88267517089844,117.88267517089844,117.88267517089844,0.0,,117.88267517089903,117.88268499801659,-9.827117551708398e-06,-1.4451642056850155e-05,4.6245245051417575e-06,,
2021-08-25 05:00:00+00:00,117.26906067587844,118.01903394756955,116.06130832636462,117.88267517089844,88105100.0,0.0,0.020926283988948018,0.0,0.0,0.0,0.0,0.0,0.0,0.0,0.0,42.41218456726602,1.9577256212049292,1.9577340937763177,1.0,117.88267517089844,0.0,117.88267517089844,117.88267517089844,117.88267517089844,0.0,,117.88267517089895,117.88268427008191,-9.09918296088108e-06,-1.3381150237656342e-05,4.2819672767752614e-06,,
2021-08-26 05:00:00+00:00,117.26906067587844,118.01903394756955,116.06130832636462,117.88267517089844,88105100.0,0.0,0.023689416781115313,0.0,0.0,0.0,0.0,0.0,0.0,0.0,0.0,42.41218456726602,1.9577256212049292,1.957733488592647,1.0,117.88267517089844,0.0,117.88267517089844,117.88267517089844,117.88267517089844,0.0,,117.88267517089886,117.88268359606832,-8.425169454540082e-06,-1.238995408103309e-05,3.9647846264930075e-06,,
2021-08-27 05:00:00+00:00,117.26906067587844,118.01903394756955,116.06130832636462,117.88267517089844,88105100.0,0.0,0.017462027557997067,0.0,0.0,0.0,0.0,0.0,0.0,0.0,0.0,42.41218456726602,1.9577256212049292,1.9577329266363814,1.0,117.88267517089844,0.0,117.88267517089844,117.88267517089844,117.88267517089844,0.0,,117.8826751708988,117.88268297198167,-7.801082858804875e-06,-1.1472179836587446e-05,3.671096977782571e-06,,
2021-08-28 05:00:00+00:00,117.26906067587844,118.01903394756955,116.06130832636462,117.88267517089844,88105100.0,0.0,0.017462027557997067,0.0,0.0,0.0,0.0,0.0,0.0,0.0,0.0,42.41218456726602,1.9577256212049292,1.9577324048198492,1.0,117.88267517089844,0.0,117.88267517089844,117.88267517089844,117.88267517089844,0.0,,117.88267517089875,117.88268239412365,-7.223224898211811e-06,-1.062238884891232e-05,3.3991639507005084e-06,,
2021-08-29 05:00:00+00:00,117.26906067587844,118.01903394756955,116.06130832636462,117.88267517089844,88105100.0,0.0,0.017462027557997067,0.0,0.0,0.0,0.0,0.0,0.0,0.0,0.0,42.41218456726602,1.9577256212049292,1.9577319202759265,1.0,117.88267517089844,0.0,117.88267517089844,117.88267517089844,117.88267517089844,0.0,,117.8826751708987,117.88268185906993,-6.6881712399435855e-06,-9.835545327118573e-06,3.147374087174988e-06,,
2021-08-30 05:00:00+00:00,117.26906067587844,118.01903394756955,116.06130832636462,117.88267517089844,88105100.0,0.0,0.02242406808601877,0.0,0.0,0.0,0.0,0.0,0.0,0.0,0.0,42.41218456726602,1.9577256212049292,1.9577314703422837,1.0,117.88267517089844,0.0,117.88267517089844,117.88267517089844,117.88267517089844,0.0,,117.88267517089866,117.88268136364982,-6.192751158096144e-06,-9.106986493314087e-06,2.9142353352179432e-06,,
2021-08-31 05:00:00+00:00,117.26906067587844,118.01903394756955,116.06130832636462,117.88267517089844,88105100.0,0.0,0.034159559977598425,0.0,0.0,0.0,0.0,0.0,0.0,0.0,0.0,42.41218456726602,1.9577256212049292,1.9577310525467584,1.0,117.88267517089844,0.0,117.88267517089844,117.88267517089844,117.88267517089844,0.0,,117.88267517089864,117.8826809049275,-5.734028860615581e-06,-8.432394966774386e-06,2.698366106158805e-06,,
2021-09-01 05:00:00+00:00,117.26906067587844,118.01903394756955,116.06130832636462,117.88267517089844,88105100.0,0.0,0.03135390183217287,0.0,0.0,0.0,0.0,0.0,0.0,0.0,0.0,42.41218456726602,1.9577256212049292,1.9577306645937704,1.0,117.88267517089844,0.0,117.88267517089844,117.88267517089844,117.88267517089844,0.0,,117.88267517089861,117.8826804801846,-5.309285995735991e-06,-7.807773172566708e-06,2.4984871768307173e-06,,
2021-09-02 05:00:00+00:00,117.26906067587844,118.01903394756955,116.06130832636462,117.88267517089844,88105100.0,0.0,0.03451353501953417,0.0,0.0,0.0,0.0,0.0,0.0,0.0,0.0,42.41218456726602,1.9577256212049292,1.9577303043517102,1.0,117.88267517089844,0.0,117.88267517089844,117.88267517089844,117.88267517089844,0.0,,117.88267517089858,117.88268008690414,-4.9160055652919254e-06,-7.2294196511117524e-06,2.313414085819827e-06,,
2021-09-03 05:00:00+00:00,117.26906067587844,118.01903394756955,116.06130832636462,117.88267517089844,88105100.0,0.0,0.03451353501953417,0.0,0.0,0.0,0.0,0.0,0.0,0.0,0.0,42.41218456726602,1.9577256212049292,1.957729969841226,1.0,117.88267517089844,0.0,117.88267517089844,117.88267517089844,117.88267517089844,0.0,,117.88267517089855,117.88267972275557,-4.551857017531802e-06,-6.693907124395763e-06,2.142050106863961e-06,,
2021-09-04 05:00:00+00:00,117.26906067587844,118.01903394756955,116.06130832636462,117.88267517089844,88105100.0,0.0,0.03451353501953417,0.0,0.0,0.0,0.0,0.0,0.0,0.0,0.0,42.41218456726602,1.9577256212049292,1.9577296592243476,1.0,117.88267517089844,0.0,117.88267517089844,117.88267517089844,117.88267517089844,0.0,,117.88267517089852,117.88267938558097,-4.214682448377971e-06,-6.1980621891922044e-06,1.9833797408142334e-06,,
2021-09-05 05:00:00+00:00,117.26906067587844,118.01903394756955,116.06130832636462,117.88267517089844,88105100.0,0.0,0.03451353501953417,0.0,0.0,0.0,0.0,0.0,0.0,0.0,0.0,42.41218456726602,1.9577256212049292,1.957729370794389,1.0,117.88267517089844,0.0,117.88267517089844,117.88267517089844,117.88267517089844,0.0,,117.88267517089852,117.88267907338226,-3.902483740603202e-06,-5.738946499474404e-06,1.836462758871202e-06,,
2021-09-06 05:00:00+00:00,117.26906067587844,118.01903394756955,116.06130832636462,117.88267517089844,88105100.0,0.0,0.05011215538751256,0.0,0.0,0.0,0.0,0.0,0.0,0.0,0.0,42.41218456726602,1.9577256212049292,1.9577291029665704,1.0,117.88267517089844,0.0,117.88267517089844,117.88267517089844,117.88267517089844,0.0,,117.88267517089852,117.88267878430939,-3.613410868297251e-06,-5.313839373238974e-06,1.7004285049417227e-06,,
2021-09-07 05:00:00+00:00,117.26906067587844,118.01903394756955,116.06130832636462,117.88267517089844,88105100.0,0.0,0.04468806841586055,0.0,0.0,0.0,0.0,0.0,0.0,0.0,0.0,42.41218456726602,1.9577256212049292,1.9577288542693103,1.0,117.88267517089844,0.0,117.88267517089844,117.88267517089844,117.88267517089844,0.0,,117.88267517089852,117.88267851664932,-3.3457507981893286e-06,-4.920221658229046e-06,1.574470860039717e-06,,
2021-09-08 05:00:00+00:00,117.26906067587844,118.01903394756955,116.06130832636462,117.88267517089844,88105100.0,0.0,0.041164846726611914,0.0,0.0,0.0,0.0,0.0,0.0,0.0,0.0,42.41218456726602,1.9577256212049292,1.9577286233361404,1.0,117.88267517089844,0.0,117.88267517089844,117.88267517089844,117.88267517089844,0.0,,117.88267517089852,117.88267826881592,-3.0979173999412524e-06,-4.555760806571488e-06,1.4578434066302357e-06,,
2021-09-09 05:00:00+00:00,117.26906067587844,118.01903394756955,116.06130832636462,117.88267517089844,88105100.0,0.0,0.03796955490800131,0.0,0.0,0.0,0.0,0.0,0.0,0.0,0.0,42.41218456726602,1.9577256212049292,1.957728408898197,1.0,117.88267517089844,0.0,117.88267517089844,117.88267517089844,117.88267517089844,0.0,,117.88267517089852,117.88267803934056,-2.868442038561625e-06,-4.218297052969515e-06,1.3498550144078905e-06,,
2021-09-10 05:00:00+00:00,117.26906067587844,118.01903394756955,116.06130832636462,117.88267517089844,88105100.0,0.0,0.03796955490800131,0.0,0.0,0.0,0.0,0.0,0.0,0.0,0.0,42.41218456726602,1.9577256212049292,1.9577282097772493,1.0,117.88267517089844,0.0,117.88267517089844,117.88267517089844,117.88267517089844,0.0,,117.88267517089852,117.88267782686337,-2.6559648489410392e-06,-3.90583061216382e-06,1.2498657632227808e-06,,
2021-09-11 05:00:00+00:00,117.26906067587844,118.01903394756955,116.06130832636462,117.88267517089844,88105100.0,0.0,0.03796955490800131,0.0,0.0,0.0,0.0,0.0,0.0,0.0,0.0,42.41218456726602,1.9577256212049292,1.9577280248792266,1.0,117.88267517089844,0.0,117.88267517089844,117.88267517089844,117.88267517089844,0.0,,117.88267517089852,117.88267763012523,-2.4592267067191642e-06,-3.616509831074889e-06,1.1572831243557247e-06,,
2021-09-12 05:00:00+00:00,117.26906067587844,118.01903394756955,116.06130832636462,117.88267517089844,88105100.0,0.0,0.03796955490800131,0.0,0.0,0.0,0.0,0.0,0.0,0.0,0.0,42.41218456726602,1.9577256212049292,1.9577278531882052,1.0,117.88267517089844,0.0,117.88267517089844,117.88267517089844,117.88267517089844,0.0,,117.88267517089852,117.88267744796028,-2.2770617533751647e-06,-3.3486202155349443e-06,1.0715584621597796e-06,,
2021-09-13 05:00:00+00:00,117.26906067587844,118.01903394756955,116.06130832636462,117.88267517089844,88105100.0,0.0,0.02784808550824356,0.0,0.0,0.0,0.0,0.0,0.0,0.0,0.0,42.41218456726602,1.9577256212049292,1.9577276937608286,1.0,117.88267517089844,0.0,117.88267517089844,117.88267517089844,117.88267517089844,0.0,,117.88267517089852,117.88267727928903,-2.1083905039631645e-06,-3.1005742732205887e-06,9.921837692574242e-07,,
2021-09-14 05:00:00+00:00,117.26906067587844,118.01903394756955,116.06130832636462,117.88267517089844,88105100.0,0.0,0.03319631033434152,0.0,0.0,0.0,0.0,0.0,0.0,0.0,0.0,42.41218456726602,1.9577256212049292,1.9577275457211214,1.0,117.88267517089844,0.0,117.88267517089844,117.88267517089844,117.88267517089844,0.0,,117.88267517089852,117.88267712311195,-1.9522134238059152e-06,-2.8709021033376545e-06,9.186886795317392e-07,,
2021-09-15 05:00:00+00:00,117.26906067587844,118.01903394756955,116.06130832636462,117.88267517089844,88105100.0,0.0,0.019091172930728793,0.0,0.0,0.0,0.0,0.0,0.0,0.0,0.0,42.41218456726602,1.9577256212049292,1.9577274082556793,1.0,117.88267517089844,0.0,117.88267517089844,117.88267517089844,117.88267517089844,0.0,,117.88267517089852,117.88267697850354,-1.8076050167792346e-06,-2.6582426860259707e-06,8.506376692467362e-07,,
2021-09-16 05:00:00+00:00,117.26906067587844,118.01903394756955,116.06130832636462,117.88267517089844,88105100.0,0.0,0.03479902912791689,0.0,0.0,0.0,0.0,0.0,0.0,0.0,0.0,42.41218456726602,1.9577256212049292,1.957727280609197,1.0,117.88267517089844,0.0,117.88267517089844,117.88267517089844,117.88267517089844,0.0,,117.88267517089852,117.88267684460686,-1.6737083399220865e-06,-2.461335816805194e-06,7.876274768831077e-07,,
2021-09-17 05:00:00+00:00,117.26906067587844,118.01903394756955,116.06130832636462,117.88267517089844,88105100.0,0.0,0.03875971850849651,0.0,0.0,0.0,0.0,0.0,0.0,0.0,0.0,42.41218456726602,1.9577256212049292,1.957727162080321,1.0,117.88267517089844,0.0,117.88267517089844,117.88267517089844,117.88267517089844,0.0,,117.88267517089852,117.88267672062847,-1.5497299443723023e-06,-2.2790146423186158e-06,7.292846979463135e-07,,
2021-09-18 05:00:00+00:00,117.26906067587844,118.01903394756955,116.06130832636462,117.88267517089844,88105100.0,0.0,0.03875971850849651,0.0,0.0,0.0,0.0,0.0,0.0,0.0,0.0,42.41218456726602,1.9577256212049292,1.957727052017793,1.0,117.88267517089844,0.0,117.88267517089844,117.88267517089844,117.88267517089844,0.0,,117.88267517089852,117.88267660583365,-1.434935128941106e-06,-2.110198739643114e-06,6.752636107020078e-07,,
2021-09-19 05:00:00+00:00,117.26906067587844,118.01903394756955,116.06130832636462,117.88267517089844,88105100.0,0.0,0.03875971850849651,0.0,0.0,0.0,0.0,0.0,0.0,0.0,0.0,42.41218456726602,1.9577256212049292,1.9577269498168741,1.0,117.88267517089844,0.0,117.88267517089844,117.88267517089844,117.88267517089844,0.0,,117.88267517089852,117.88267649954216,-1.328643634224136e-06,-1.9538877185593185e-06,6.252440843351826e-07,,
2021-09-20 05:00:00+00:00,117.26906067587844,118.01903394756955,116.06130832636462,117.88267517089844,88105100.0,0.0,0.02851591061099455,0.0,0.0,0.0,0.0,0.0,0.0,0.0,0.0,42.41218456726602,1.9577256212049292,1.9577268549160212,1.0,117.88267517089844,0.0,117.88267517089844,117.88267517089844,117.88267517089844,0.0,,117.88267517089852,117.8826764011241,-1.230225578296995e-06,-1.809155290506854e-06,5.789297122098588e-07,,
2021-09-21 05:00:00+00:00,117.26906067587844,118.01903394756955,116.06130832636462,117.88267517089844,88105100.0,0.0,0.027875760209081935,0.0,0.0,0.0,0.0,0.0,0.0,0.0,0.0,42.41218456726602,1.9577256212049292,1.9577267667938005,1.0,117.88267517089844,0.0,117.88267517089844,117.88267517089844,117.88267517089844,0.0,,117.88267517089852,117.88267630999627,-1.1390977476821718e-06,-1.6751437819419177e-06,5.36046034259746e-07,,
2021-09-22 05:00:00+00:00,117.26906067587844,118.01903394756955,116.06130832636462,117.88267517089844,88105100.0,0.0,0.03551881185179265,0.0,0.0,0.0,0.0,0.0,0.0,0.0,0.0,42.412184567266024,1.9577256212049292,1.957726684966024,1.0,117.88267517089844,0.0,117.88267517089844,117.88267517089844,117.88267517089844,0.0,,117.88267517089852,117.88267622561865,-1.0547201299004882e-06,-1.5510590515336319e-06,4.963389216331436e-07,,
2021-09-23 05:00:00+00:00,117.26906067587844,118.01903394756955,116.06130832636462,117.88267517089844,88105100.0,0.0,0.028645636281112455,0.0,0.0,0.0,0.0,0.0,0.0,0.0,0.0,42.412184567266024,1.9577256212049292,1.9577266089830885,1.0,117.88267517089844,0.0,117.88267517089844,117.88267517089844,117.88267517089844,0.0,,117.88267517089852,117.88267614749122,-9.765927018179354e-07,-1.4361657815904927e-06,4.5957307977255724e-07,,
2021-09-24 05:00:00+00:00,117.26906067587844,118.01903394756955,116.06130832636462,117.88267517089844,88105100.0,0.0,0.022328035003210428,0.0,0.0,0.0,0.0,0.0,0.0,0.0,0.0,42.412184567266024,1.9577256212049292,1.9577265384275058,1.0,117.88267517089844,0.0,117.88267517089844,117.88267517089844,117.88267517089844,0.0,,117.88267517089852,117.88267607515102,-9.042525022096015e-07,-1.3297831257143144e-06,4.2553062350471285e-07,,
2021-09-25 05:00:00+00:00,117.26906067587844,118.01903394756955,116.06130832636462,117.88267517089844,88105100.0,0.0,0.022328035003210428,0.0,0.0,0.0,0.0,0.0,0.0,0.0,0.0,42.41218456726602,1.9577256212049292,1.9577264729116073,1.0,117.88267517089844,0.0,117.88267517089844,117.88267517089844,117.88267517089844,0.0,,117.88267517089852,117.88267600816935,-8.37270832221293e-07,-1.2312806670157102e-06,3.940098347944172e-07,,
2021-09-26 05:00:00+00:00,117.26906067587844,118.01903394756955,116.06130832636462,117.88267517089844,88105100.0,0.0,0.022328035003210428,0.0,0.0,0.0,0.0,0.0,0.0,0.0,0.0,42.41218456726602,1.9577256212049292,1.957726412075416,1.0,117.88267517089844,0.0,117.88267517089844,117.88267517089844,117.88267517089844,0.0,,117.88267517089852,117.88267594614929,-7.752507684699594e-07,-1.14007468730656e-06,3.648239188366005e-07,,
2021-09-27 05:00:00+00:00,117.26906067587844,118.01903394756955,116.06130832636462,117.88267517089844,88105100.0,0.0,0.022328035003210428,0.0,0.0,0.0,0.0,0.0,0.0,0.0,0.0,42.412184567266024,1.9577256212049292,1.9577263555846671,1.0,117.88267517089844,0.0,117.88267517089844,117.88267517089844,117.88267517089844,0.0,,117.88267517089852,117.8826758887233,-7.178247756201017e-07,-1.0556247049692682e-06,3.377999293491665e-07,,
2021-09-28 05:00:00+00:00,117.26906067587844,118.01903394756955,116.06130832636462,117.88267517089844,88105100.0,0.0,0.024880120576104846,0.0,0.0,0.0,0.0,0.0,0.0,0.0,0.0,42.412184567266024,1.9577256212049292,1.9577263031289718,1.0,117.88267517089844,0.0,117.88267517089844,117.88267517089844,117.88267517089844,0.0,,117.88267517089852,117.88267583555108,-6.646525605447096e-07,-9.774302760843565e-07,3.1277771553964696e-07,,
2021-09-29 05:00:00+00:00,117.26906067587844,118.01903394756955,116.06130832636462,117.88267517089844,88105100.0,0.0,0.0412401924570699,0.0,0.0,0.0,0.0,0.0,0.0,0.0,0.0,42.412184567266024,1.9577256212049292,1.9577262544201117,1.0,117.88267517089844,0.0,117.88267517089844,117.88267517089844,117.88267517089844,0.0,,117.88267517089852,117.88267578631755,-6.154190259621828e-07,-9.050280260599219e-07,2.896090000977391e-07,,
2021-09-30 05:00:00+00:00,117.26906067587844,118.01903394756955,116.06130832636462,117.88267517089844,88105100.0,0.0,0.06103610397402501,0.0,0.0,0.0,0.0,0.0,0.0,0.0,0.0,42.412184567266024,1.9577256212049292,1.9577262091904557,1.0,117.88267517089844,0.0,117.88267517089844,117.88267517089844,117.88267517089844,0.0,,117.88267517089852,117.88267574073095,-5.698324230252183e-07,-8.379889054529812e-07,2.681564824277629e-07,,
2021-10-01 05:00:00+00:00,117.26906067587844,118.01903394756955,116.06130832636462,117.88267517089844,88105100.0,0.0,0.0696509915022539,0.0,0.0,0.0,0.0,0.0,0.0,0.0,0.0,42.412184567266024,1.9577256212049292,1.9577261671914896,1.0,117.88267517089844,0.0,117.88267517089844,117.88267517089844,117.88267517089844,0.0,,117.88267517089852,117.88267569852113,-5.276226033856801e-07,-7.75915645039521e-07,2.482930416538409e-07,,
2021-10-02 05:00:00+00:00,117.26906067587844,118.01903394756955,116.06130832636462,117.88267517089844,88105100.0,0.0,0.0696509915022539,0.0,0.0,0.0,0.0,0.0,0.0,0.0,0.0,42.41218456726603,1.9577256212049292,1.9577261281924496,1.0,117.88267517089844,0.0,117.88267517089844,117.88267517089844,117.88267517089844,0.0,,117.88267517089852,117.88267565943796,-4.88539441789726e-07,-7.18440404389562e-07,2.2990096259983603e-07,,
2021-10-03 05:00:00+00:00,117.26906067587844,118.01903394756955,116.06130832636462,117.88267517089844,88105100.0,0.0,0.0696509915022539,0.0,0.0,0.0,0.0,0.0,0.0,0.0,0.0,42.412184567266024,1.9577256212049292,1.9577260919790556,1.0,117.88267517089844,0.0,117.88267517089844,117.88267517089844,117.88267517089844,0.0,,117.88267517089852,117.88267562324985,-4.523513297272075e-07,-6.652225894570912e-07,2.1287125972988367e-07,,
2021-10-04 05:00:00+00:00,117.26906067587844,118.01903394756955,116.06130832636462,117.88267517089844,88105100.0,0.0,0.08568432717177457,0.0,0.0,0.0,0.0,0.0,0.0,0.0,0.0,42.412184567266024,1.9577256212049292,1.9577260583523324,1.0,117.88267517089844,0.0,117.88267517089844,117.88267517089844,117.88267517089844,0.0,,117.88267517089852,117.88267558974235,-4.1884382540047227e-07,-6.159468366457675e-07,1.9710301124529524e-07,,
2021-10-05 05:00:00+00:00,117.26906067587844,118.01903394756955,116.06130832636462,117.88267517089844,88105100.0,0.0,0.0865715891069412,0.0,0.0,0.0,0.0,0.0,0.0,0.0,0.0,42.41218456726602,1.9577256212049292,1.957726027127518,1.0,117.88267517089844,0.0,117.88267517089844,117.88267517089844,117.88267517089844,0.0,,117.88267517089852,117.88267555871687,-3.878183463257301e-07,-5.7032113858176e-07,1.825027922560299e-07,,
2021-10-06 05:00:00+00:00,117.26906067587844,118.01903394756955,116.06130832636462,117.88267517089844,88105100.0,0.0,0.0826998319043604,0.0,0.0,0.0,0.0,0.0,0.0,0.0,0.0,42.412184567266024,1.9577256212049292,1.9577259981330477,1.0,117.88267517089844,0.0,117.88267517089844,117.88267517089844,117.88267517089844,0.0,,117.88267517089852,117.88267552998958,-3.590910608863851e-07,-5.28075123042685e-07,1.689840621562999e-07,,
2021-10-07 05:00:00+00:00,117.26906067587844,118.01903394756955,116.06130832636462,117.88267517089844,88105100.0,0.0,0.06703459375196162,0.0,0.0,0.0,0.0,0.0,0.0,0.0,0.0,42.412184567266024,1.9577256212049292,1.957725971209611,1.0,117.88267517089844,0.0,117.88267517089844,117.88267517089844,117.88267517089844,0.0,,117.88267517089852,117.88267550339025,-3.3249172304294916e-07,-4.889584430427379e-07,1.5646671999978876e-07,,
2021-10-08 05:00:00+00:00,117.26906067587844,118.01903394756955,116.06130832636462,117.88267517089844,88105100.0,0.0,0.04895382183710819,0.0,0.0,0.0,0.0,0.0,0.0,0.0,0.0,42.412184567266024,1.9577256212049292,1.9577259462092766,1.0,117.88267517089844,0.0,117.88267517089844,117.88267517089844,117.88267517089844,0.0,,117.88267517089852,117.88267547876123,-3.0786270599492127e-07,-4.5273929563317465e-07,1.4487658963825338e-07,,
2021-10-09 05:00:00+00:00,117.26906067587844,118.01903394756955,116.06130832636462,117.88267517089844,88105100.0,0.0,0.04895382183710819,0.0,0.0,0.0,0.0,0.0,0.0,0.0,0.0,42.412184567266024,1.9577256212049292,1.9577259229946806,1.0,117.88267517089844,0.0,117.88267517089844,117.88267517089844,117.88267517089844,0.0,,117.88267517089852,117.88267545595657,-2.850580500535216e-07,-4.1920304651724404e-07,1.3414499646372245e-07,,
2021-10-10 05:00:00+00:00,117.26906067587844,118.01903394756955,116.06130832636462,117.88267517089844,88105100.0,0.0,0.04895382183710819,0.0,0.0,0.0,0.0,0.0,0.0,0.0,0.0,42.412184567266024,1.9577256212049292,1.9577259014382697,1.0,117.88267517089844,0.0,117.88267517089844,117.88267517089844,117.88267517089844,0.0,,117.88267517089852,117.88267543484116,-2.6394263841211796e-07,-3.881509648962188e-07,1.2420832648410086e-07,,
2021-10-11 05:00:00+00:00,117.26906067587844,118.01903394756955,116.06130832636462,117.88267517089844,88105100.0,0.0,0.05909452616270679,0.0,0.0,0.0,0.0,0.0,0.0,0.0,0.0,42.412184567266024,1.9577256212049292,1.9577258814216028,1.0,117.88267517089844,0.0,117.88267517089844,117.88267517089844,117.88267517089844,0.0,,117.88267517089852,117.88267541528985,-2.443913302840883e-07,-3.5939903797379275e-07,1.1500770768970443e-07,,
2021-10-12 05:00:00+00:00,117.26906067587844,118.01903394756955,116.06130832636462,117.88267517089844,88105100.0,0.0,0.06289981996574359,0.0,0.0,0.0,0.0,0.0,0.0,0.0,0.0,42.412184567266024,1.9577256212049292,1.9577258628346974,1.0,117.88267517089844,0.0,117.88267517089844,117.88267517089844,117.88267517089844,0.0,,117.88267517089852,117.88267539718679,-2.2628826457093965e-07,-3.327768832932221e-07,1.0648861872228248e-07,,
2021-10-13 05:00:00+00:00,117.26906067587844,118.01903394756955,116.06130832636462,117.88267517089844,88105100.0,0.0,0.05847605809456548,0.0,0.0,0.0,0.0,0.0,0.0,0.0,0.0,42.41218456726602,1.9577256212049292,1.9577258455754283,1.0,117.88267517089844,0.0,117.88267517089844,117.88267517089844,117.88267517089844,0.0,,117.88267517089852,117.88267538042469,-2.0952616353042686e-07,-3.081267393406631e-07,9.860057581023627e-08,,
2021-10-14 05:00:00+00:00,117.26906067587844,118.01903394756955,116.06130832636462,117.88267517089844,88105100.0,0.0,0.0755960877899861,0.0,0.0,0.0,0.0,0.0,0.0,0.0,0.0,42.41218456726602,1.9577256212049292,1.9577258295489641,1.0,117.88267517089844,0.0,117.88267517089844,117.88267517089844,117.88267517089844,0.0,,117.88267517089852,117.88267536490423,-1.940057074989454e-07,-2.853025329723196e-07,9.129682547337421e-08,,
2021-10-15 05:00:00+00:00,117.26906067587844,118.01903394756955,116.06130832636462,117.88267517089844,88105100.0,0.0,0.0737464261008906,0.0,0.0,0.0,0.0,0.0,0.0,0.0,0.0,42.41218456726602,1.9577256212049292,1.9577258146672474,1.0,117.88267517089844,0.0,117.88267517089844,117.88267517089844,117.88267517089844,0.0,,117.88267517089852,117.88267535053343,-1.796349096139238e-07,-2.641690083006405e-07,8.453409868671668e-08,,
2021-10-16 05:00:00+00:00,117.26906067587844,118.01903394756955,116.06130832636462,117.88267517089844,88105100.0,0.0,0.0737464261008906,0.0,0.0,0.0,0.0,0.0,0.0,0.0,0.0,42.412184567266024,1.9577256212049292,1.9577258008485106,1.0,117.88267517089844,0.0,117.88267517089844,117.88267517089844,117.88267517089844,0.0,,117.88267517089852,117.88267533722714,-1.6632861843390856e-07,-2.446009303272941e-07,7.827231189338555e-08,,
2021-10-17 05:00:00+00:00,117.26906067587844,118.01903394756955,116.06130832636462,117.88267517089844,88105100.0,0.0,0.0737464261008906,0.0,0.0,0.0,0.0,0.0,0.0,0.0,0.0,42.412184567266024,1.9577256212049292,1.9577257880168264,1.0,117.88267517089844,0.0,117.88267517089844,117.88267517089844,117.88267517089844,0.0,,117.88267517089852,117.8826753249065,-1.54007977926085e-07,-2.2648233984705228e-07,7.247436192096728e-08,,
2021-10-18 05:00:00+00:00,117.26906067587844,118.01903394756955,116.06130832636462,117.88267517089844,88105100.0,0.0,0.07441583520794573,0.0,0.0,0.0,0.0,0.0,0.0,0.0,0.0,42.41218456726602,1.9577256212049292,1.9577257761016909,1.0,117.88267517089844,0.0,117.88267517089844,117.88267517089844,117.88267517089844,0.0,,117.88267517089852,117.8826753134985,-1.4259997271892644e-07,-2.0970586642142714e-07,6.71058937025007e-08,,
2021-10-19 05:00:00+00:00,117.26906067587844,118.01903394756955,116.06130832636462,117.88267517089844,88105100.0,0.0,0.07055581405534518,0.0,0.0,0.0,0.0,0.0,0.0,0.0,0.0,42.41218456726602,1.9577256212049292,1.9577257650376363,1.0,117.88267517089844,0.0,117.88267517089844,117.88267517089844,117.88267517089844,0.0,,117.88267517089852,117.88267530293552,-1.3203700177655264e-07,-1.9417209349245224e-07,6.21350917158996e-08,,
2021-10-20 05:00:00+00:00,117.26906067587844,118.01903394756955,116.06130832636462,117.88267517089844,88105100.0,0.0,0.06784580077923912,0.0,0.0,0.0,0.0,0.0,0.0,0.0,0.0,42.412184567266024,1.9577256212049292,1.9577257547638713,1.0,117.88267517089844,0.0,117.88267517089844,117.88267517089844,117.88267517089844,0.0,,117.88267517089852,117.882675293155,-1.2225648049479787e-07,-1.7978897089292137e-07,5.7532490398123504e-08,,
2021-10-21 05:00:00+00:00,117.26906067587844,118.01903394756955,116.06130832636462,117.88267517089844,88105100.0,0.0,0.06668883291109685,0.0,0.0,0.0,0.0,0.0,0.0,0.0,0.0,42.412184567266024,1.9577256212049292,1.957725745223947,1.0,117.88267517089844,0.0,117.88267517089844,117.88267517089844,117.88267517089844,0.0,,117.88267517089852,117.88267528409897,-1.1320044279727881e-07,-1.6647126527379286e-07,5.3270822476514045e-08,,
2021-10-22 05:00:00+00:00,117.26906067587844,118.01903394756955,116.06130832636462,117.88267517089844,88105100.0,0.0,0.06777752755160125,0.0,0.0,0.0,0.0,0.0,0.0,0.0,0.0,42.412184567266024,1.9577256212049292,1.957725736365446,1.0,117.88267517089844,0.0,117.88267517089844,117.88267517089844,117.88267517089844,0.0,,117.88267517089852,117.88267527571374,-1.0481521428573615e-07,-1.5414005507618152e-07,4.932484079044538e-08,,
2021-10-23 05:00:00+00:00,117.26906067587844,118.01903394756955,116.06130832636462,117.88267517089844,88105100.0,0.0,0.06777752755160125,0.0,0.0,0.0,0.0,0.0,0.0,0.0,0.0,42.41218456726603,1.9577256212049292,1.9577257281396947,1.0,117.88267517089844,0.0,117.88267517089844,117.88267517089844,117.88267517089844,0.0,,117.88267517089852,117.88267526794964,-9.705111381208553e-08,-1.4272226682336233e-07,4.56711530112768e-08,,
2021-10-24 05:00:00+00:00,117.26906067587844,118.01903394756955,116.06130832636462,117.88267517089844,88105100.0,0.0,0.06777752755160125,0.0,0.0,0.0,0.0,0.0,0.0,0.0,0.0,42.41218456726603,1.9577256212049292,1.957725720501497,1.0,117.88267517089844,0.0,117.88267517089844,117.88267517089844,117.88267517089844,0.0,,117.88267517089852,117.88267526076066,-8.986214083961386e-08,-1.3215024162661264e-07,4.228810078699878e-08,,
2021-10-25 05:00:00+00:00,117.26906067587844,118.01903394756955,116.06130832636462,117.88267517089844,88105100.0,0.0,0.06777752755160125,0.0,0.0,0.0,0.0,0.0,0.0,0.0,0.0,42.41218456726603,1.9577256212049292,1.9577257134088852,1.0,117.88267517089844,0.0,117.88267517089844,117.88267517089844,117.88267517089844,0.0,,117.88267517089852,117.8826752541042,-8.320567701503023e-08,-1.2236132870429616e-07,3.915565168926593e-08,,
2021-10-26 05:00:00+00:00,117.26906067587844,118.01903394756955,116.06130832636462,117.88267517089844,88105100.0,0.0,0.05863449210300759,0.0,0.0,0.0,0.0,0.0,0.0,0.0,0.0,42.41218456726603,1.9577256212049292,1.9577257068228886,1.0,117.88267517089844,0.0,117.88267517089844,117.88267517089844,117.88267517089844,0.0,,117.88267517089852,117.88267524794081,-7.704228721649997e-08,-1.1329752040673693e-07,3.625523319023696e-08,,
2021-10-27 05:00:00+00:00,117.26906067587844,118.01903394756955,116.06130832636462,117.88267517089844,88105100.0,0.0,0.048437194817697905,0.0,0.0,0.0,0.0,0.0,0.0,0.0,0.0,42.41218456726603,1.9577256212049292,1.95772570070732,1.0,117.88267517089844,0.0,117.88267517089844,117.88267517089844,117.88267517089844,0.0,,117.88267517089852,117.88267524223397,-7.1335449547405e-08,-1.0490510623487055e-07,3.3569656687465544e-08,,
2021-10-28 05:00:00+00:00,117.26906067587844,118.01903394756955,116.06130832636462,117.88267517089844,88105100.0,0.0,0.0431947754779435,0.0,0.0,0.0,0.0,0.0,0.0,0.0,0.0,42.412184567266024,1.9577256212049292,1.9577256950285777,1.0,117.88267517089844,0.0,117.88267517089844,117.88267517089844,117.88267517089844,0.0,,117.88267517089852,117.88267523694986,-6.605134217352315e-08,-9.713435342260108e-08,3.108301124907793e-08,,
2021-10-29 05:00:00+00:00,117.26906067587844,118.01903394756955,116.06130832636462,117.88267517089844,88105100.0,0.0,0.04396825264753032,0.0,0.0,0.0,0.0,0.0,0.0,0.0,0.0,42.412184567266024,1.9577256212049292,1.9577256897554602,1.0,117.88267517089844,0.0,117.88267517089844,117.88267517089844,117.88267517089844,0.0,,117.88267517089852,117.88267523205717,-6.115864437106211e-08,-8.99392116122933e-08,2.8780567241231187e-08,,
2021-10-30 05:00:00+00:00,117.26906067587844,118.01903394756955,116.06130832636462,117.88267517089844,88105100.0,0.0,0.04396825264753032,0.0,0.0,0.0,0.0,0.0,0.0,0.0,0.0,42.412184567266024,1.9577256212049292,1.957725684858994,1.0,117.88267517089844,0.0,117.88267517089844,117.88267517089844,117.88267517089844,0.0,,117.88267517089852,117.88267522752689,-5.662836599640286e-08,-8.327704248911522e-08,2.664867649271236e-08,,
2021-10-31 05:00:00+00:00,117.26906067587844,118.01903394756955,116.06130832636462,117.88267517089844,88105100.0,0.0,0.04396825264753032,0.0,0.0,0.0,0.0,0.0,0.0,0.0,0.0,42.412184567266024,1.9577256212049292,1.957725680312275,1.0,117.88267517089844,0.0,117.88267517089844,117.88267517089844,117.88267517089844,0.0,,117.88267517089852,117.88267522333219,-5.2433662744988396e-08,-7.710836654028986e-08,2.4674703795301464e-08,,
2021-11-01 05:00:00+00:00,117.26906067587844,118.01903394756955,116.06130832636462,117.88267517089844,88105100.0,0.0,0.026294134734791957,0.0,0.0,0.0,0.0,0.0,0.0,0.0,0.0,42.41218456726603,1.9577256212049292,1.9577256760903219,1.0,117.88267517089844,0.0,117.88267517089844,117.88267517089844,117.88267517089844,0.0,,117.88267517089852,117.8826752194482,-4.854967983192182e-08,-7.139662919861626e-08,2.284694936669444e-08,,
2021-11-02 05:00:00+00:00,117.26906067587844,118.01903394756955,116.06130832636462,117.88267517089844,88105100.0,0.0,0.02556885704407532,0.0,0.0,0.0,0.0,0.0,0.0,0.0,0.0,42.41218456726603,1.9577256212049292,1.9577256721699365,1.0,117.88267517089844,0.0,117.88267517089844,117.88267517089844,117.88267517089844,0.0,,117.88267517089852,117.88267521585192,-4.495339567256451e-08,-6.610798249340592e-08,2.1154586820841405e-08,,
2021-11-03 05:00:00+00:00,117.26906067587844,118.01903394756955,116.06130832636462,117.88267517089844,88105100.0,0.0,0.02293488425991435,0.0,-0.1992276863708049,0.0,0.0,0.0,0.0,0.0,0.0,42.412184567266024,1.9577256212049292,1.9577256685295787,1.0,117.88267517089844,0.0,117.88267517089844,117.88267517089844,117.88267517089844,0.0,,117.88267517089852,117.88267521252203,-4.162350819569838e-08,-6.121108763386442e-08,1.958757943816604e-08,,
2021-11-04 05:00:00+00:00,117.26906067587844,118.01903394756955,116.06130832636462,117.88267517089844,88105100.0,0.0,-0.00023240481021084445,0.0,-0.20119232418429545,0.0,0.0,0.0,0.0,0.0,0.0,42.41218456726603,1.9577256212049292,1.9577256651492467,1.0,117.88267517089844,0.0,117.88267517089844,117.88267517089844,117.88267517089844,0.0,,117.88267517089852,117.8826752094388,-3.8540278524124005e-08,-5.667692581191634e-08,1.8136647287792337e-08,,
2021-11-05 05:00:00+00:00,117.26906067587844,118.01903394756955,116.06130832636462,117.88267517089844,88105100.0,0.0,0.0013354597325569825,0.0,-0.18558555956343803,0.0,0.0,0.0,0.0,0.0,0.0,42.41218456726603,1.9577256212049292,1.957725662010367,1.0,117.88267517089844,0.0,117.88267517089844,117.88267517089844,117.88267517089844,0.0,,117.88267517089852,117.88267520658395,-3.5685431498677644e-08,-5.24786269492686e-08,1.6793195450590958e-08,,
2021-11-06 05:00:00+00:00,117.26906067587844,118.01903394756955,116.06130832636462,117.88267517089844,88105100.0,0.0,0.0013354597325569825,0.0,-0.18531004645136717,0.0,0.0,0.0,0.0,0.0,0.0,42.41218456726603,1.9577256212049292,1.9577256590956926,1.0,117.88267517089844,0.0,117.88267517089844,117.88267517089844,117.88267517089844,0.0,,117.88267517089852,117.88267520394058,-3.3042056202248204e-08,-4.859131279986453e-08,1.5549256597616325e-08,,
2021-11-07 05:00:00+00:00,117.26906067587844,118.01903394756955,116.06130832636462,117.88267517089844,88105100.0,0.0,0.0013354597325569825,-0.1992276863708049,-0.19682531398479097,0.0,0.0,0.0,0.0,0.0,0.0,42.41218456726603,1.9577256212049292,1.9577256563892096,1.0,117.88267517089844,0.0,117.88267517089844,117.88267517089844,117.88267517089844,0.0,,117.88267517089852,117.88267520149302,-3.059449227293953e-08,-4.4991948694479534e-08,1.4397456421540001e-08,,
2021-11-08 05:00:00+00:00,148.16041026715402,148.31697989696048,146.93723803048172,147.2112274169922,55020900.0,0.22217862496891563,15.034148706487557,-0.002453428746289399,0.003000069239564418,0.09936130171558549,1.577311765698568,0.048483350796250546,0.7696493336039061,0.02799187563343031,0.4443572499378313,99.99999917537302,30.434304726062038,3.991767018508697,0.636441105464617,118.81596998155747,0.19288785192315522,119.34910278320312,132.46523008398708,106.23297548241916,0.2197943175929746,1.5621322893124,122.39476013183602,120.05516055078925,2.3395995810467696,0.46791988021579495,1.8716797008309747,4.2485291572496005,7.616867247541253
2021-11-09 05:00:00+00:00,146.97637928946335,148.17997664131613,146.83938459031998,147.5732879638672,56787900.0,0.002456443334323426,0.11567411901691592,0.019537574679562963,0.0054669106616245244,0.09909237196249344,1.5730426382176028,0.04845950621110146,0.7692708125493862,0.027988594629704447,0.4443051656183754,99.99999918619227,1.3405920509961504,3.8023973779720865,0.6689978197569112,119.82633407665774,0.18802151981599263,120.83363342285156,138.9997289265115,102.66753791919163,0.3006794547026248,1.2359769339434656,126.26837979830235,122.0935403591654,4.174839439136946,1.2093037920000251,2.965535647136921,2.9439077357738612,5.373884426912146
2021-11-10 05:00:00+00:00,146.8002509889988,146.9078907486886,144.67682566721112,144.7453155517578,65187100.0,-0.019349166341008386,-1.3753646748979511,0.00033829595644596644,-0.01386674184792247,0.10163083370234584,1.6133394690754133,0.04885539350010577,0.775555328432888,0.0281341373182131,0.4466155841720012,90.06074678233418,2.8964622966560682,3.7376877293066566,0.7784544692546961,120.89849854718265,0.1647501814733897,122.17676544189453,143.17558088716223,101.17794999662684,0.3437448252835671,1.0373767431950391,129.11098529883395,123.77144963269077,5.339535666143178,2.035350166828656,3.3041854993145217,2.1495069727801575,4.037866230028575
2021-11-11 05:00:00+00:00,145.76298280044355,146.22288178403127,144.5104408038777,144.6963653564453,41000000.0,-0.0003382387472708621,-0.08091020781847043,-0.014134539751307296,-0.020728561548779556,0.10166510121351925,1.6138834489510971,0.04885883305875792,0.7756099297337684,0.028134801437471026,0.44662612673838537,89.89419498850921,1.7124409801535592,3.593027247224293,0.5037853014494579,121.66119383499588,0.15919661468140225,123.51744995117187,146.674843486822,100.36005641552174,0.37496553798357335,0.9572819340110346,131.50873607692802,125.32144339000592,6.187292686922092,2.8657386708473434,3.3215540160747485,1.8291277360441387,3.514153804331437
2021-11-12 05:00:00+00:00,145.24437287945577,147.17209373098063,144.3147648635999,146.77090454101562,63804000.0,0.014235383741692602,0.915735227153021,0.0,-0.022802578300271215,0.10042196558286912,1.594149282603355,0.04881539189939677,0.7749203227077649,0.02816540071539485,0.4471118752164929,90.68077927376532,2.857328867380744,3.540477362949754,0.7958705142473096,122.8680263333656,0.16285842403437856,124.96186141967773,150.15377378817243,99.76994905118302,0.4031936157527138,0.9328580300361107,133.85676199447994,126.91029236415478,6.946469630325154,3.6818848627429057,3.2645847675822486,1.731432120144442,3.357804383953604
2021-11-13 05:00:00+00:00,145.24437287945577,147.17209373098063,144.3147648635999,146.77090454101562,63804000.0,0.0,-0.0586611838565766,0.0,-0.04991428387426611,0.012056017275044163,0.1913833410699927,0.04881539189939677,0.7749203227077649,0.02816540071539485,0.4471118752164929,90.68077927376532,2.857328867380744,3.491681041837682,0.8081185235434941,124.11200380794531,0.15438278318124152,126.4062728881836,153.1538143426624,99.65873143370477,0.42319959038961846,0.8806823084560923,135.84355315548544,128.38144882170005,7.4621043337853905,4.437928756951402,3.024175576833988,1.5227292338243685,3.0275636592778694
2021-11-14 05:00:00+00:00,145.24437287945577,147.17209373098063,144.3147648635999,146.77090454101562,63804000.0,0.0,-0.0586611838565766,-6.663604111645238e-05,-0.06577380073628714,0.011949956971289633,0.18969968594372996,0.04881539189939677,0.7749203227077649,0.02816540071539485,0.4471118752164929,90.68077927376532,2.857328867380744,3.4463701722336153,0.8207494052834167,125.39486798518256,0.14564219402122347,127.85068435668946,155.7551723576618,99.94619635571712,0.43651683432717275,0.8390175118724073,137.52468413787471,129.74363072683454,7.781053411040176,5.106553687769157,2.674499723271019,1.3560700474896288,2.770640179771018
2021-11-15 05:00:00+00:00,147.14273967083545,148.620341460146,146.22291165316477,146.7806854248047,59222800.0,6.663826139614345e-05,-0.06687169318923802,-0.006622366783576306,-0.06571154345228203,0.006398584761847729,0.10157438413569925,0.04881468165910048,0.7749090479925944,0.028165269201739295,0.44710978750193325,90.68504866002885,2.397429806981222,3.371445860429873,0.7762384740360703,126.65864721370133,0.13708914189130025,129.29558486938475,158.007827348351,100.58334239041851,0.4441333786914926,0.8044885917257947,138.94868433586393,131.00563477853603,7.943049557327896,5.673852861680905,2.2691966956469907,1.217954366903178,2.5636986507901396
2021-11-16 05:00:00+00:00,146.72195341819835,148.23868992516853,146.13482479249984,147.7592010498047,59256200.0,0.006644391947480145,0.40658151522775055,-0.016222522101233205,-0.059483095544826003,0.006305713357843779,0.10010009630227609,0.04876513484971197,0.774122516777202,0.028164467520218797,0.4470970612023298,91.12319278024492,2.1038651326686875,3.2809043798755027,0.7916432594120543,128.01034287818877,0.13365569136340444,130.78941116333007,160.10398953244243,101.47483279421772,0.4482714328074197,0.7894428443213605,140.30414844570097,132.2466396875189,8.057508758182081,6.1505840409811405,1.9069247172009405,1.1577713772854414,2.47431867574769
2021-11-17 05:00:00+00:00,147.75919078814144,151.67334153749616,147.7494107865361,150.1957550048828,88807000.0,0.016355547850249227,1.0846371746447074,-0.027744348247293882,-0.04676476991181977,0.007163150944589174,0.11371149601800222,0.0487153284382546,0.7733318645067255,0.028206232606399987,0.44776006139145347,92.11744457137617,3.923930750960068,3.3268348349529715,1.1858761795817165,129.92156225263156,0.1349851249230855,132.4050651550293,162.28095576744826,102.52917454261032,0.4512801768941112,0.7977432552664755,141.8259340701905,133.5762037851014,8.2497302850891,6.570413289802733,1.6793169952863671,1.1909730210659017,2.5128922252402477
2021-11-18 05:00:00+00:00,150.41104477831504,155.26458367795593,149.76520627698585,154.48175048828125,137827700.0,0.02813649289790885,1.9038343048760369,-0.01669272213321238,-0.02193179781734078,0.012030873492802555,0.19098419590100754,0.04876908879949993,0.7741852837842143,0.028366663208464617,0.4503068182459377,93.4971953843807,5.499377400970076,3.482016446811336,1.7813324027806723,132.7944895395125,0.14038720353841344,134.23501892089843,164.8401701839153,103.62986765788156,0.4559935478692303,0.8307732641702198,143.77298274989676,135.12476280015176,8.648219949744998,6.985974621791186,1.662245327953812,1.3230930566808787,2.672521789879771
2021-11-19 05:00:00+00:00,154.2664794451428,157.5641620110988,153.1705218782956,157.104248046875,117305600.0,0.016833615752057794,1.1009218302806603,0.0,-0.008583526919512252,0.010734186446852787,0.17039992718983513,0.04868514855532075,0.7728527737176855,0.0284048406410912,0.4509128662004869,94.16966851956145,4.393640132803199,3.5471324243821836,1.4880190376160358,135.43643933724385,0.13791994156113557,136.19609756469725,167.40977035811014,104.98242477128439,0.458363688116474,0.8349197420719752,145.82394664173955,136.75287281842756,9.071073823311991,7.402994462095347,1.6680793612166438,1.3396789682879013,2.666650131052824
2021-11-20 05:00:00+00:00,154.2664794451428,157.5641620110988,153.1705218782956,157.104248046875,117305600.0,0.0,-0.07995407160264893,0.0,-0.008583526919512252,0.010755222504893996,0.17073386425868808,0.04868514855532075,0.7728527737176855,0.0284048406410912,0.4509128662004869,94.16966851956145,4.393640132803199,3.6075972606979705,1.4609614672683349,137.98230872108243,0.12171497310554695,138.15717620849608,169.45454866194174,106.85980375505042,0.4530690813514326,0.8026942895376022,147.559377627145,138.26038209460887,9.29899553253614,7.782194676183506,1.5168008563526332,1.2107771581504088,2.47708367487827
2021-11-21 05:00:00+00:00,154.2664794451428,157.5641620110988,153.1705218782956,157.104248046875,117305600.0,0.0,-0.07995407160264893,-0.0029191968180134475,0.023850605088096,0.012148760927840636,0.19285560091586781,0.04868514855532075,0.7728527737176855,0.0284048406410912,0.4509128662004869,94.16966851956145,4.393640132803199,3.663743180134058,1.4348703326893237,140.4372453565871,0.10608880980299765,140.1182548522949,170.9787756440527,109.25773406053713,0.4404925086212253,0.775205874022656,149.0278192301804,139.65622401699895,9.37159521318145,8.100074783583096,1.271520429598354,1.1008234960906238,2.317451169336762
2021-11-22 05:00:00+00:00,158.21003278234278,162.1437601236508,157.54463404161646,157.564208984375,117467900.0,0.002923465983424986,0.12431061236893554,-0.002415870336924364,0.02684817701903275,0.012498205941308169,0.19840286853102806,0.04864824982324837,0.7722670245051427,0.028399660047399272,0.45083062682517183,94.2988198563957,5.039512076775793,3.762012387037039,1.4115075186619241,142.83989178066994,0.09344963109715612,142.10233154296876,172.03198551367444,112.17267757226307,0.42124085714463577,0.7583036452165451,150.34110996159495,140.98274142198977,9.35836853960518,8.351733534787513,1.0066350048176673,1.0332145808661806,2.2093383606057384
2021-11-23 05:00:00+00:00,157.66200120676388,158.3274146566765,155.64621578340464,157.94578552246094,96041900.0,0.0024187932602182855,0.08823499359044906,-0.0032729504940961496,0.029334916711075687,0.007060700162074312,0.11208514026505248,0.04861675556128654,0.7717670685958836,0.028394968112150185,0.4507561446621516,94.40945802238156,2.6811988732718532,3.6848114217680976,1.1485733468088315,145.0222197682232,0.08182279578710197,144.10548706054686,172.53506960000146,115.67590452109226,0.3945662739061383,0.7434136773325196,151.511060047882,142.23926320720986,9.271796840672152,8.53574619596444,0.7360506447077118,0.9736547093300785,2.10949698076437
2021-11-24 05:00:00+00:00,157.2999692591092,158.66013635871653,156.2137915801923,158.4644317626953,69463600.0,0.0032783183121665085,0.14761226686234863,0.0,0.010609274741602004,0.0016032555682632703,0.025450893130224916,0.04857502963482154,0.7711046900479827,0.02838932388846492,0.4506665453888602,94.56387805794695,2.446344778524235,3.5963495186792507,0.8400854046595717,147.03275507831214,0.07214033179068484,146.13457489013672,172.39378884058036,119.87536093969308,0.3593839988953359,0.7347720098519988,152.58080954246867,143.44112754465323,9.139681997815444,8.656533356334641,0.4831486414808026,0.9390880394079952,2.0290990246102716
2021-11-25 05:00:00+00:00,157.2999692591092,158.66013635871653,156.2137915801923,158.4644317626953,69463600.0,0.0,-0.08234960648391002,0.03271494158941124,-0.020326587205119262,0.0016032555682632703,0.025450893130224916,0.04857502963482154,0.7711046900479827,0.02838932388846492,0.4506665453888602,94.56387805794695,2.446344778524235,3.5142063229538927,0.849663161365986,149.08913434174886,0.059163418040625096,148.16366271972657,171.3192308417284,125.00809459772475,0.31256743653542096,0.7224253144793544,153.4859821917343,144.55396489413783,8.932017297596474,8.711630144587009,0.2203871530094652,0.8897012579174178,1.9267543671415268
2021-11-26 05:00:00+00:00,156.14527755829806,157.00638063396804,153.00416477836075,153.4445037841797,76959800.0,-0.03219120006098217,-2.3065722511879274,0.0,-0.048309907500143634,0.015413493256378695,0.24468161994689494,0.049540182060496256,0.7864260098216189,0.02876245495816556,0.4565898174900166,72.18287564416659,5.460266984334567,3.6532106559096555,0.9478156309071214,150.9886109217126,0.016005088497150207,149.94175415039064,168.26386322342546,131.6196450773558,0.24438968553959778,0.5955880575709526,153.47960089826438,145.21252333043722,8.267077567827158,8.62271962923504,-0.355642061407881,0.38235223028381027,1.5448088155908304
2021-11-27 05:00:00+00:00,156.14527755829806,157.00638063396804,153.00416477836075,153.4445037841797,76959800.0,0.0,-0.0726048180323674,0.0,-0.04244027713238818,0.015103674620679443,0.23976340157733372,0.049540182060496256,0.7864260098216189,0.02876245495816556,0.4565898174900166,72.18287564416659,4.0022158556072895,3.6781395987452012,0.9543655579289371,152.91434035628797,0.0034550825530864173,151.7198455810547,162.1407356477737,141.2989555143357,0.13737016442126238,0.5827500430425322,153.47420134225135,145.82229966034407,7.651901681907276,8.428556039769486,-0.7766543578622098,0.33100017217012906,1.484721120610998
2021-11-28 05:00:00+00:00,156.14527755829806,157.00638063396804,153.00416477836075,153.4445037841797,76959800.0,0.0,-0.0726048180323674,-0.02140539074004999,-0.03108006679057418,0.014830962427619741,0.23543422972334768,0.049540182060496256,0.7864260098216189,0.02876245495816556,0.4565898174900166,72.18287564416659,4.0022158556072895,3.7012879028067793,0.9415575219918055,153.13125130313963,0.0020414708465585933,152.03150939941406,162.25563085617512,141.807387942653,0.13450003222556256,0.5691010171749884,153.4696324871634,146.38690737322077,7.082725113942644,8.159389854604118,-1.0766647406614744,0.27640406869995343,1.4286427767873933
2021-11-29 05:00:00+00:00,155.94955010034442,157.7304958999759,155.38199643665857,156.80088806152344,88748200.0,0.021637808766903143,1.4173182922525642,-0.030611100372724187,-0.009886296081112245,0.019249631918806062,0.3055784333201516,0.012864362550419471,0.20421542450269523,0.02884076003278732,0.4578328720130778,76.77345159881816,4.285992115796205,3.743052489448881,1.064960806847471,153.5160241806565,0.020949268345840398,152.49288940429688,162.70272921126184,142.2830495973319,0.13390578205776035,0.7109728819784089,153.98213334475727,147.1583133501321,6.8238199946251825,7.892275882608332,-1.0684558879831494,0.8438915279136365,1.5649024789660173
2021-11-30 05:00:00+00:00,156.55627065978888,161.9675835913138,156.48776584559891,161.75230407714844,174048100.0,0.031089406402591044,2.044777658772462,0.0032165469136697933,0.021379246553762554,0.02442679746076693,0.38776338844159997,0.014246438409140624,0.22615519859390848,0.02902740253099829,0.4607957298191301,81.59805040232517,5.4798177457148824,3.867107150610738,1.960492132263756,154.64538694421097,0.0439370380130585,153.3432388305664,163.66841413170695,143.01806352942586,0.1346674999156519,0.9072117422380782,155.1775442266636,148.23934970028145,6.938194526382148,7.701459611363096,-0.7632650849809481,1.628846968952313,1.7736320607288953
2021-12-01 05:00:00+00:00,163.88551760970591,166.64500155872992,160.99883389139347,161.2336883544922,152052500.0,-0.0032113848929385446,-0.30522573934303754,0.006167585870666459,-0.0033268621552287048,0.015449073289633004,0.2452464354646768,0.013307406835061401,0.2112485344844016,0.029039180850068763,0.46098270483786713,79.72995524583956,5.646167667336442,3.994182901805431,1.6119143370399687,155.3925892297127,0.03622753522785571,154.17010498046875,164.22480311210083,144.11540684883667,0.13043641804493644,0.8512578538684024,156.109258707868,149.20189330429704,6.907365403570964,7.54264076980467,-0.6352753662337065,1.4050314154736074,1.668883513990802
2021-12-02 05:00:00+00:00,155.3331118145511,160.6759203936693,154.41328379839803,160.245361328125,136739200.0,-0.006148644156133024,-0.5045851040478484,0.011863709459075444,-0.04334604792142305,0.016633717339993595,0.26405207676099524,0.013486145722697818,0.21408592636221524,0.02906647650427844,0.4614160099153368,76.15195831210333,6.820404556094161,4.196055877111769,1.395623438507011,156.01194905306582,0.026418314015284793,154.8438278198242,164.61266179886528,145.07499384078315,0.12617660150339408,0.7764676685001365,156.74558218790753,150.01992797272877,6.725654215178764,7.37924345887949,-0.6535892437007256,1.1058706740005473,1.5482292872934031
2021-12-03 05:00:00+00:00,160.49976670029744,161.4195945786872,156.29205136899398,158.36654663085938,118023100.0,-0.011793887348302116,-0.8866539813062994,0.0,-0.07562266288497688,0.018858591651430476,0.29937086151962355,0.013774496503429143,0.21866335309921364,0.02913626526059313,0.46252387207643975,69.74435703440477,5.127543209693215,4.262590686581873,1.1721653303617805,156.4427410282002,0.012147802951992252,155.4236099243164,164.5289301621036,146.3182896865292,0.11716778734223246,0.6616053378512573,156.99496133297706,150.6381960214792,6.356765311497867,7.174747829403165,-0.817982517905298,0.6464213514050285,1.3899157636997836
2021-12-04 05:00:00+00:00,160.49976670029744,161.4195945786872,156.29205136899398,158.36654663085938,118023100.0,0.0,-0.08011555886475917,0.0,-0.07286896161012835,0.016837628951328818,0.267289073239184,0.013774496503429143,0.21866335309921364,0.02913626526059313,0.46252387207643975,69.74435703440477,5.127543209693215,4.3243730096612545,1.1414330624201545,156.8509436738876,0.009570221673801687,156.0033920288086,164.22244805399978,147.78433600361743,0.10537022199713958,0.6437607065098332,157.20597445572818,151.21066643698884,5.995308018739337,6.938859867270399,-0.9435518485310626,0.575042826039332,1.339859366974938
2021-12-05 05:00:00+00:00,160.49976670029744,161.4195945786872,156.29205136899398,158.36654663085938,118023100.0,0.0,-0.08011555886475917,-0.021050224856303812,-0.09813321654531659,0.004942594482768565,0.07846125499707327,0.013774496503429143,0.21866335309921364,0.02913626526059313,0.46252387207643975,69.74435703440477,5.127543209693215,4.3817423096635375,1.109875232123057,157.21546870198156,0.0072684411788108754,156.58268508911132,163.61180890686464,149.553561271358,0.089781623220384,0.6268907468412058,157.384524021133,151.74073163653483,5.643792384598157,6.679846370735951,-1.0360539861377935,0.5075629873648225,1.2926138776085032
2021-12-06 05:00:00+00:00,160.76397340255957,164.27693555746282,160.7541933995356,161.77188110351562,107497000.0,0.021274939970187135,1.3639364255624726,-0.034232828269072146,-0.07874049685306694,0.012523015663586596,0.19879671066249985,0.014269456584776234,0.22652060080410588,0.029204288231440157,0.463603703262246,74.58529345482106,5.910388926603446,4.490931353730675,0.9884680717281874,157.6982882112163,0.02518109367654997,157.28331909179687,163.33479803038503,151.2318401532087,0.07695004115542951,0.8708648792526376,158.05950203380726,152.48377974520008,5.5757222886071816,6.459021554310198,-0.8832992657030161,1.4834595170105522,1.4227956890858005
2021-12-07 05:00:00+00:00,165.45116789916565,167.89751232351225,164.72704457429052,167.50608825683594,120405400.0,0.03483249687321283,2.254969127011735,-0.022275631391231676,-0.04608529870012501,0.018790180641567813,0.2982848704054112,0.015720363884583723,0.24955304014829896,0.029436446386356004,0.4672890997187036,80.30095446110593,6.12563121999662,4.607695629892528,1.0913103956339392,158.5354006509659,0.05355439733101131,158.14883575439453,164.84896851404878,151.44870299474027,0.08473198968166383,1.1982885890550827,159.5128229911963,153.59654333865458,5.916279652541704,6.350473173956499,-0.4341935214147954,2.7931543562203354,1.6588594907302225
2021-12-08 05:00:00+00:00,168.43571937748263,172.18352101189242,167.03640253357247,171.32240295410156,116998900.0,0.022527480357709448,1.4134746172350734,0.0029789796485522047,-0.003755509041171723,0.015302967357504338,0.24292707569577443,0.01597972897896263,0.25367033337928324,0.029504359145201307,0.4683671813432214,83.03546070158328,5.147118478319953,4.64622583335163,1.0705402042408614,159.4754583830389,0.06915000237439199,158.99086837768556,167.68631098169536,150.29542577367576,0.10938291856301614,1.209080327361914,161.32968144702787,154.90956997683585,6.420111470192012,6.364400833203602,0.055710636988409945,2.8363213094476523,1.7778765757730997
2021-12-09 05:00:00+00:00,171.15604705270513,172.95655298827864,170.18728927314578,170.8135528564453,108923700.0,-0.002974551281176705,-0.2986015949788414,-0.02724992896264611,0.0013191780200683123,0.016104060369369327,0.2556440330143333,0.01527756207478077,0.24252377933533134,0.029516386335996007,0.46855810707810247,81.41269349144592,2.7692637151328654,4.512157110621718,1.0004886998998213,160.1703865415831,0.06230867596207027,159.67633361816405,169.79115036829882,149.5615168680293,0.1266914954888988,1.050539842362091,162.78873858693822,156.08764278273287,6.701095804205352,6.431739827403953,0.2693559768013989,2.2021593694483643,1.6781587975763297
2021-12-10 05:00:00+00:00,171.4496116481563,175.77474686026093,170.9407678198788,175.59860229492188,115402700.0,0.02762809409012757,1.7386499339023678,0.0,0.0008365503720471068,0.014246680530493471,0.2261590421512289,0.015873177489731747,0.2519788809253123,0.029632523178037808,0.4704017222906724,84.48358964919981,4.961194003815621,4.544231174421283,1.0609269471438152,161.1541264100012,0.08225849007989738,160.6010513305664,172.87658256484707,148.32552009628574,0.15286987392148313,1.1108717691366907,164.75948684970493,157.53289904289502,7.226587806809903,6.590709423285142,0.6358783835247603,2.443487076546764,1.8346405421603598
2021-12-11 05:00:00+00:00,171.4496116481563,175.77474686026093,170.9407678198788,175.59860229492188,115402700.0,0.0,-0.10555991755555566,0.0,0.04173944325019696,0.016938906799145354,0.26889680923103837,0.015873177489731747,0.2519788809253123,0.029632523178037808,0.4704017222906724,84.48358964919981,4.8339790403821326,4.564927450561344,1.0618557445672834,162.13958872511105,0.07664647322879085,161.52576904296876,175.37737365014272,147.6741644357948,0.17150953298961452,1.0079856684858224,166.427043072046,158.8710992837859,7.555943788260095,6.783756296280133,0.7721874919799614,2.0319426739432878,1.7552249037790235
2021-12-12 05:00:00+00:00,171.4496116481563,175.77474686026093,170.9407678198788,175.59860229492188,115402700.0,0.0,-0.10555991755555566,0.021110707881289548,0.04855666660440461,0.014443312641441513,0.22928048014325794,0.015873177489731747,0.2519788809253123,0.029632523178037808,0.4704017222906724,84.48358964919981,4.8339790403821326,4.5841454212628285,1.0628656019010296,163.10234686641795,0.07116375224625184,162.4274887084961,177.48846459044802,147.36651282654418,0.18544860850470224,0.9372596334281755,167.83805218325767,160.11017358090706,7.727878602350614,6.97258075749423,0.7552978448563845,1.7490385337127015,1.6827393570288063
2021-12-13 05:00:00+00:00,177.23275419312068,178.22108688608395,171.76273170193855,171.96823120117188,153237000.0,-0.02089096413811068,-1.4879252230102538,0.008087970962340707,0.02687853384679806,0.0173620312848632,0.2756137022080275,0.016870755475305636,0.26781494050464005,0.029820743490324094,0.473389627118675,73.04761115794136,6.458355184145404,4.718017547183012,1.375103534113986,163.93413184692474,0.04671850898349174,163.12861099243165,178.61079347612775,147.64642850873554,0.18981566004279168,0.7854771999377028,168.47346433985985,160.9885482194452,7.484916120414653,7.075047830078315,0.40986829033633754,1.1419087997508113,1.4521870222634954
2021-12-14 05:00:00+00:00,171.48876932392616,173.92533410356964,168.51402063695377,170.58851623535156,139380400.0,-0.008055438621229325,-0.6323029228156224,-0.027718786534939532,0.018639804685417927,0.017778403116588574,0.28222340012609415,0.017078531995161784,0.2711132905035471,0.029864097059240095,0.47407784368946804,69.21308071766317,5.411313466615866,4.767538684285359,1.2127148673474022,164.50291585560652,0.035674150370996124,163.73481521606445,179.39644332131417,148.07318711081473,0.1913048008095607,0.7188055090195182,168.79885693916626,161.69965696136416,7.099199977802101,7.079878259623073,0.019321718179027947,0.8752220360780729,1.338084845720582
2021-12-15 05:00:00+00:00,171.35175229088827,175.6475325738547,168.611843504033,175.4518280029297,131063300.0,0.028110202100533752,1.7510529660889798,0.0408687041484892,0.05625908049034822,0.01796779125146384,0.28522984356297204,0.01789062867371789,0.2840049256155532,0.02998478979506695,0.47599378147376725,74.32853536427292,7.0356890698217,4.929549426109384,1.1105880498701304,165.28861864481243,0.05792592459023882,164.58418502807618,180.87234146900514,148.29602858714722,0.19793100337253405,0.8336056788951647,169.82239094897602,162.7183362977764,7.104054651199618,7.0847135379383825,0.019341113261235776,1.3344227155806592,1.512520643569319
2021-12-16 05:00:00+00:00,175.43221959715143,177.25230012898882,167.0852950701425,168.56288146972656,150185800.0,-0.04005565694115619,-2.6971699397203177,0.006544077214680755,-0.004220301942822635,0.02530579373150323,0.40171702165592865,0.0203936572133903,0.3237392718583754,0.03054032417322427,0.4848126163298743,59.29830405466713,10.167005058846314,5.303653399876308,1.2343312129786337,165.86527039905016,0.016003588970213978,165.34010391235353,180.8354577228001,149.84475010190695,0.18743612038202942,0.6039917383235328,169.62862025986072,163.1512655697727,6.477354690088021,6.96324176836831,-0.48588707828028976,0.4159669532941317,1.1475781861784569
2021-12-17 05:00:00+00:00,166.28292736988075,169.74695967221308,166.0480878451819,167.4669647216797,195432700.0,-0.006522757701863817,-0.514525806697308,0.0,-0.02562036702875925,0.02494433206318553,0.3959789955588217,0.018896955225587275,0.2999798643793584,0.030570919829994284,0.48529830732394724,57.31279836347464,3.6988718270311836,5.189026144673084,1.5316346005920023,166.36250720185404,0.0065950769553934875,166.0412269592285,180.5049035325405,151.5775503859165,0.1742178956177379,0.5492868377975871,169.2960578693713,163.47094698843247,5.825110880938837,6.735615590882416,-0.910504709943579,0.19714735119034849,1.0606051751174264
2021-12-18 05:00:00+00:00,166.28292736988075,169.74695967221308,166.0480878451819,167.4669647216797,195432700.0,0.0,-0.0905580803298429,0.0,-0.029157951294404127,0.024296989321349965,0.3857027481113042,0.018896955225587275,0.2999798643793584,0.030570919829994284,0.48529830732394724,57.31279836347464,3.6988718270311836,5.082586550555805,1.4636838525502127,166.81562432664677,0.003889366455738942,166.74235000610352,179.93895274248436,153.54574726972268,0.1582873545430754,0.5274545930513814,169.0146589235726,163.76694830200634,5.247710621566256,6.438034597019184,-1.1903239754529285,0.10981837220552584,1.0270231185052126
2021-12-19 05:00:00+00:00,166.28292736988075,169.74695967221308,166.0480878451819,167.4669647216797,195432700.0,0.0,-0.0905580803298429,0.008188425181168801,-0.029157951294404127,0.024336035565878374,0.3863225880272233,0.018896955225587275,0.2999798643793584,0.030570919829994284,0.48529830732394724,57.31279836347464,3.6988718270311836,4.983749784589761,1.4074554136700828,167.18150259572332,0.001704587686477705,167.27565383911133,179.61487823927254,154.9364294389501,0.14753162360410557,0.5077521437476191,168.77655212328136,164.0410235923525,4.73552853092886,6.097533383801119,-1.3620048528722588,0.031008574990476656,0.9946963585348643
2021-12-20 05:00:00+00:00,164.66835958996737,166.91899978685493,163.86596626176092,166.1068115234375,107499100.0,-0.008155081923212485,-0.618057980484924,-0.018729454658999223,-0.037043052214036254,0.016690987485211715,0.26496121213176943,0.018636074690473185,0.2958385142725024,0.03061213553017583,0.4859525862806978,54.484865716092706,3.6009984599187703,4.884981832827547,0.7931880294159379,167.4874962047259,-0.008312029281794822,167.49337921142578,179.57319179536086,155.4135666274907,0.14424226964442355,0.4426080629002362,168.36582280022844,164.19404492058104,4.171777879647408,5.712382282970377,-1.5406044033229689,-0.2295677483990554,0.8992939069495544
2021-12-21 05:00:00+00:00,167.8779657038139,169.48276731961977,165.49033075391415,169.27728271484375,91185900.0,0.018907072177579688,1.1318522357145162,-0.015087322588191565,-0.01866314814195602,0.010758157671542975,0.17078045858474647,0.017884094088699495,0.28390119229427513,0.030650563753736506,0.4865626154179031,59.50113628679107,3.992436565705617,4.821228599461696,0.6882756752937852,167.9079642245014,0.008089204105721844,167.89555892944335,179.6284860903298,156.1626317685569,0.13976459217503315,0.5588823132733062,168.50604740247695,164.57058105348938,3.9354663489875747,5.356999096173817,-1.4215327471862427,0.23552925309322464,1.0217828852346387
2021-12-22 05:00:00+00:00,169.3261422982902,172.08562553909977,168.45524441835437,171.87034606933594,92135300.0,0.01520229411370059,0.8865521367568431,-0.003630601611465889,-0.02600803634305926,0.011405782638756894,0.1810611862212528,0.018057856923346736,0.2866595917797686,0.030664455221392304,0.48678313563048076,63.084627772880516,3.6303811207453975,4.736168065267675,0.7073490397039669,168.45030821042332,0.01989894090009518,168.4768081665039,179.75705545596605,157.19656087704175,0.13390860632062782,0.6504194817609288,169.02363181276294,165.11130438799654,3.912327424766403,5.068064761892335,-1.1557373371259319,0.6016779270437153,1.1153618374293202
2021-12-23 05:00:00+00:00,172.07584853415432,173.05438616600892,171.5082949159227,172.49661254882812,68356600.0,0.0036372082410371033,0.1375489815487079,0.0,-0.01678856132872386,0.011103946175163412,0.17626968090557546,0.017934668626441306,0.2847040381914964,0.03065642828372605,0.4866557119453548,63.91509000765505,1.5460912500862207,4.508305435611858,0.5349929060607161,169.02426785277248,0.020129929769332346,169.18331146240234,179.52858651549784,158.83803640930685,0.12229663745994858,0.6601359591417718,169.55793654138836,165.65836425176184,3.8995722896265193,4.834366267439171,-0.9347939778126522,0.6405438365670876,1.1132587029707
2021-12-24 05:00:00+00:00,172.07584853415432,173.05438616600892,171.5082949159227,172.49661254882812,68356600.0,0.0,-0.0977128441794596,0.0,-0.017281896070088343,0.011103946175163412,0.17626968090557546,0.0176133154158606,0.2796027141222441,0.03065642828372605,0.4866557119453548,63.91509000765505,1.5460912500862207,4.296718708074312,0.5455969884996307,169.62098037761834,0.016670658795666437,169.8898147583008,178.97838508378504,160.80124443281653,0.1069937045774569,0.6434107729363058,170.01004054253295,166.16490116265564,3.8451393798773097,4.6365208899268,-0.7913815100494901,0.5736430917452227,1.0817847321308813
2021-12-25 05:00:00+00:00,172.07584853415432,173.05438616600892,171.5082949159227,172.49661254882812,68356600.0,0.0,-0.0977128441794596,0.0,-0.010774538172824588,0.008900219528915863,0.1412866049243509,0.0176133154158606,0.2796027141222441,0.03065642828372605,0.4866557119453548,63.915090007655046,1.5460912500862207,4.10024531821802,0.5566299380665464,170.24182609722644,0.013071482496292109,170.59631805419923,177.94316518903457,163.2494709193639,0.08613136811664618,0.6293272106900509,170.392590081963,166.63391682089065,3.758673261072346,4.4609513641559095,-0.7022781030835636,0.5173088427602044,1.0520146480170354
2021-12-26 05:00:00+00:00,172.07584853415432,173.05438616600892,171.5082949159227,172.49661254882812,68356600.0,0.0,-0.0977128441794596,-0.02245897431995114,-0.007264916772096952,0.006583191860968703,0.10450493098288613,0.0176133154158606,0.2796027141222441,0.03065642828372605,0.4866557119453548,63.91509000765505,1.5460912500862207,3.9178057419228915,0.5656440847657669,170.68230867146303,0.010517910181288469,171.13255462646484,177.2261442149898,165.03896503793987,0.07121484982007764,0.6119256476455183,170.7162858460961,167.06819057851564,3.6480952675804588,4.298380144840819,-0.6502848772603604,0.4477025905820721,1.0239344671814166
2021-12-27 05:00:00+00:00,173.2892490658333,176.54778161213417,173.26968906108772,176.459716796875,74919600.0,0.02271501799816726,1.3606687631708732,0.005800690551358345,0.015543140542141565,0.009878174943952153,0.15681116585332078,0.017686302922708223,0.2807613548738447,0.03071772959873425,0.4876288401526723,69.71426054831389,4.051169063306048,3.92733169345026,0.6318432480627137,171.02609462831933,0.030792422583395523,171.5802360534668,177.864640092652,165.2958320142816,0.07325323922770333,0.888221437783371,171.5998906077544,167.763859187283,3.836031420471386,4.205910399966933,-0.3698789794955468,1.5528857511334855,1.2027193826732538
2021-12-28 05:00:00+00:00,176.29336988152778,177.43825729141835,174.69834852343934,175.44203186035156,79144300.0,-0.005783931324748207,-0.4742140331531658,-0.0005017585454774043,0.009686262976656757,0.0110915910156964,0.1760735488294259,0.01633075414686866,0.2592426851685075,0.030745806670658446,0.48807454985179816,66.74779237157017,2.739908767979017,3.842515770202314,0.6783001593670228,171.16100531075034,0.02440137351469365,171.7862174987793,178.3008756097325,165.27155938782613,0.07584610926076733,0.7805837466302097,172.1909892620001,168.33261271862142,3.8583765433786823,4.1364036286492825,-0.27802708527060016,1.122334986520838,1.1216887479041706
2021-12-29 05:00:00+00:00,175.48117571727812,176.7532777728696,174.316713410959,175.5301055908203,62348900.0,0.0005018844684200414,-0.0694382281992535,0.006621795071486636,-0.014449716895725162,0.011055497452395306,0.17550058127487675,0.015653487063962433,0.24849140353326732,0.030744209949994276,0.4880492026970543,66.8791445689485,2.436564361910598,3.742090669610049,0.5452384972979393,171.2966633934608,0.024118040509974598,172.02204513549805,178.7271411863327,165.3169490846634,0.07795624154512501,0.7615965848010177,172.70469946643396,168.8657603387843,3.8389391276496667,4.076910728449359,-0.2379716007996926,1.0463863392040718,1.102655768251915
2021-12-30 05:00:00+00:00,175.6181743920382,176.69457190920295,174.26778749437727,174.37542724609375,59773000.0,-0.006599967292901009,-0.5249478477987642,0.0035478478225228205,-0.008347230342912071,0.01193489176778802,0.18946053325223486,0.01572115847957513,0.24956565395274063,0.030777317559181096,0.4885747696995278,63.346200650984976,2.4267844148256756,3.6481402228397366,0.5357437754954564,171.15664902460523,0.018458897978474345,171.96088638305665,178.54993352087246,165.37183924524084,0.07663425417729217,0.6832238267942863,172.96173450945855,169.2738838133998,3.687850696058746,3.9990987219712366,-0.3112480259124908,0.7328953071771457,1.0169075521066713
2021-12-31 05:00:00+00:00,174.2677857929612,175.38331824017646,173.45559766181222,173.7589569091797,64062300.0,-0.0035415690567913963,-0.32707325072094023,0.0,0.015149959144274527,0.012197818120793931,0.1936343597113078,0.014504013346226051,0.23024407395885538,0.03079208259108871,0.4888091573146927,61.478926204140635,1.9277205783642444,3.525253105377202,0.5877107812662767,170.99798218099815,0.015889682910703955,171.86890411376953,178.29344081514733,165.44436741239173,0.07476089679521139,0.6470964275917994,173.08438410941565,169.60611145012425,3.478272659291406,3.894933509435271,-0.4166608501438649,0.5883857103671978,0.96320436073462
2022-01-01 05:00:00+00:00,174.2677857929612,175.38331824017646,173.45559766181222,173.7589569091797,64062300.0,0.0,-0.09910356355719264,0.0,0.032383715859617634,0.0032492555092601713,0.051580332141653654,0.014504013346226051,0.23024407395885538,0.03079208259108871,0.4888091573146927,61.478926204140635,1.9277205783642444,3.411143639161991,0.6018851595302477,170.83166189991493,0.016846872594860198,171.77692184448242,178.0269260966005,165.52691759236433,0.07276884676949219,0.6585626972994115,173.1881645401486,169.9137296322765,3.2744349078720916,3.7708337891226353,-0.49639888125054377,0.6342507891976473,0.9488468357973721
2022-01-02 05:00:00+00:00,174.2677857929612,175.38331824017646,173.45559766181222,173.7589569091797,64062300.0,0.0,-0.09910356355719264,-0.0243941995172976,0.03136434478671091,0.003072848433970145,0.04877995663727571,0.014504013346226051,0.23024407395885538,0.03079208259108871,0.4888091573146927,61.478926204140635,1.9277205783642444,3.305184849105009,0.6282012623391371,170.8382147182885,0.01680916047635923,171.8664581298828,178.17899630101098,165.55391995875462,0.07345864038645254,0.649899986977715,173.27597875076876,170.19856128241747,3.0774174683512854,3.632150524968366,-0.5547330566170805,0.5995999479108608,0.9389743700728134
2022-01-03 05:00:00+00:00,174.01337226981713,178.95499096160628,173.895952516217,178.10365295410156,104487900.0,0.024696667103820947,1.4778362045073317,0.01285475555407456,0.05715273963769052,0.012486565574992881,0.1982180834443884,0.01470983144348362,0.23351133496281556,0.03086952402375407,0.49003850194672327,69.41487861574701,5.196034052426597,3.4402455064851227,1.0424529513689267,171.23426972840167,0.03856958075683139,172.24221496582032,179.1051475300979,165.37928240154275,0.07968932082810766,0.9270359597288456,174.01869785897378,170.78412362846814,3.2345742305056433,3.5526352660758214,-0.31806103557017806,1.7081438389153834,1.2326577733023225
2022-01-04 05:00:00+00:00,178.71035458130368,179.01369889567948,175.2756775127618,175.84323120117188,99310400.0,-0.012772834487147142,-0.9187696969261037,0.02732689091227103,0.043735771432877435,0.01388849262680773,0.22047298545652472,0.014900550513910838,0.23653890634658256,0.030955065284670624,0.49139642736604383,62.23154530816789,3.7380213829176796,3.461515211944591,1.006744583713653,171.1860923140002,0.02648460708643207,172.26178512573242,179.16536616930767,165.35820408215716,0.08015220599898454,0.7593904564046867,174.29939529623502,171.1588723375573,3.140522958677707,3.4702128045961986,-0.3296898459184918,1.0375618256187467,1.0835185499209354
2022-01-05 05:00:00+00:00,175.7551459173302,176.30312460609773,170.89181265756935,171.16580200195312,94537600.0,-0.02696017719678772,-1.8077680979502777,0.01697656248725088,0.015854360594400596,0.019070287685879463,0.30273143188376705,0.014818736198313375,0.23524014435004753,0.03122937472223883,0.4957509546905446,50.56972229230173,5.411311948528379,3.6007864074148617,0.9861774140027604,171.39057797135345,-0.0013132060655303187,172.39193115234374,179.09719741427466,165.68666489041283,0.07779095247799543,0.4085696896667657,173.81730402019167,171.1593856460311,2.657918374160573,3.3077539185090736,-0.6498355443485004,-0.365721241332938,0.7292233684770849
2022-01-06 05:00:00+00:00,168.99347567343597,171.53767993498516,167.95622799076347,168.30850219726562,96904000.0,-0.016834071065616112,-1.1567779771713078,-0.0009873955364142484,-0.0175919827463743,0.01987563263968661,0.31551588668813413,0.012449593101744308,0.19763116362696412,0.03135261794185352,0.49770738014979693,45.01973410389316,3.5814519442216977,3.5994053743296357,1.065625820114501,171.64797638922687,-0.019841387383075993,172.43400802612305,179.01862355225202,165.84939249999408,0.0763725856807948,0.18673145664415347,172.96979604743382,170.94820909427068,2.021586953163137,3.0505205254398864,-1.0289335722767494,-1.2530741734233868,0.4783795197368116
2022-01-07 05:00:00+00:00,169.17940193566972,170.40257420223315,167.35932100577125,168.474853515625,86709100.0,0.000987883332511863,-0.02720735135707206,0.0,-0.01914203017720295,0.019959568651781303,0.31684832957240455,0.012362586730732962,0.19624998030591867,0.03134999222464387,0.4976656981812975,45.395472229652455,3.0432531964619045,3.5596802187676553,1.0141408680965176,171.96491640193258,-0.02071563092935945,172.48440246582032,178.92275974219532,166.04604518944532,0.07465437088029837,0.1886201884983908,172.27826642715553,170.76499756992655,1.5132688572289794,2.743070191797705,-1.2298013345687258,-1.245519246006436,0.46935548128297205
2022-01-08 05:00:00+00:00,169.17940193566972,170.40257420223315,167.35932100577125,168.474853515625,86709100.0,0.0,-0.08983494712541677,0.0,-0.00011618797312296092,0.011795643643643664,0.18725003781012559,0.012362586730732962,0.19624998030591867,0.03134999222464387,0.4976656981812975,45.39547222965246,3.0432531964619045,3.522792574317245,1.0829990429516434,172.32489562447597,-0.0228523250117793,172.53479690551757,178.8217946872946,166.24779912374052,0.07287802686225542,0.1771158881540907,171.69312597922774,170.59535726960792,1.097768709619828,2.41400989536213,-1.3162411857423018,-1.2915364473836384,0.44399976418773063
2022-01-09 05:00:00+00:00,169.17940193566972,170.40257420223315,167.35932100577125,168.474853515625,86709100.0,0.0,-0.08983494712541677,-0.00011618797312296092,-0.005200252097395386,0.01269582648846514,0.20153999746143123,0.012362586730732962,0.19624998030591867,0.03134999222464387,0.4976656981812975,45.395472229652455,3.0432531964619045,3.4885397616132923,1.0972449956105315,172.53660546613267,-0.024108950776627135,172.65319900512696,178.50458450684928,166.80181350340465,0.06778195290257624,0.1429610142527702,171.19800713867346,170.43828291746104,0.7597242212124229,2.0831527605321885,-1.3234285393197656,-1.4281559429889197,0.417371131821048
2022-01-10 05:00:00+00:00,165.4511773077938,168.79777487885306,164.56070430318124,168.4944305419922,106765600.0,0.00011619472346842435,-0.08249813631763074,-0.016506728620115152,-0.005084654900019192,0.007663041617367089,0.12164701443534898,0.012211049480207648,0.19384440103040385,0.014649837611279626,0.23255896240155854,45.45026781623525,4.237070575671822,3.5420062483317585,1.337858456085057,172.45242295012454,-0.023490345617957646,172.6140563964844,178.57006680316164,166.65804598980714,0.0690095642384609,0.15416230217850957,170.78207227764557,170.2942938526115,0.4877784250340653,1.764077893432564,-1.2762994683984987,-1.3833507912859604,0.3921783286817584
2022-01-11 05:00:00+00:00,168.62164395189677,171.4202477771128,167.15383722500894,171.32240295410156,76138300.0,0.0166444826813732,0.9593848916673977,-0.002563641753584922,0.011613779221966825,0.0073318813542884685,0.11639000823407246,0.012051115226276225,0.19130552345826463,0.014763341781691173,0.23436078524762444,52.81613030235905,4.266410552103849,3.5937494128869076,0.9637331303381331,172.43191248582448,-0.006476149718844219,172.58665924072267,178.56208323030853,166.6112352511368,0.06924549111587337,0.3942120016232751,170.8652000740234,170.3704500823515,0.49474999167188116,1.5102123130804275,-1.0154623214085463,-0.42315199350689875,0.6760906828406608
2022-01-12 05:00:00+00:00,172.3400748149154,173.37732250749067,171.0679876032979,171.7627410888672,74805200.0,0.0025669335102320562,0.06791193317235389,0.019397142898800235,0.014213860221094388,0.0072272080337665535,0.11472837078404641,0.011590763163810722,0.1839976610213483,0.014499188933116148,0.23016748877499152,53.86084201080727,2.309334904192781,3.5020055194087556,0.9430105713213105,172.39757303991917,-0.003695981718896342,172.54996566772462,178.53672018188706,166.56321115356218,0.06939154686000916,0.43425280951514283,171.00328330707626,170.47358274950082,0.5297005575754383,1.3141099619794299,-0.7844094044039915,-0.2629887619394287,0.7026077677113717
2022-01-13 05:00:00+00:00,172.00737775161056,172.82934594142114,168.10300645305696,168.4944305419922,84505800.0,-0.019211416191605393,-1.301008562795317,-0.005084654900019192,0.014075438731342649,0.012774165965284976,0.20278359810245639,0.012281169001643643,0.1949575139250269,0.014756020761640985,0.23424456765724774,45.76189421919612,4.726339488364175,3.589457945762714,1.0545640145058115,172.18754315013786,-0.021918306713557933,172.3498565673828,178.60562420038352,166.09408893438209,0.07259382464939769,0.1918502850831374,170.6173059586018,170.32697888227796,0.29032707632384813,1.1093533848483137,-0.8190263085244656,-1.2325988596674515,0.2928732779806743
2022-01-14 05:00:00+00:00,167.66266389110206,170.05029852382498,167.4180294399018,169.3555450439453,80440800.0,0.00509762574460536,0.2307978230381291,0.0,0.04114785794202169,0.012973713502065772,0.2059513170448014,0.012354528315952216,0.19612205693709112,0.014682705273794498,0.23308072036870064,47.98130251772788,2.632269083923177,3.521087312774176,0.9963237702973868,172.03338009866835,-0.01581191247105711,172.19280319213868,178.5891925543823,165.79641382989507,0.07429334145987852,0.2782140839532814,170.4231888948085,170.25502082017923,0.1681680746292784,0.9211163228045067,-0.7529482481752283,-0.8871436641868744,0.3691868435413154
2022-01-15 05:00:00+00:00,167.66266389110206,170.05029852382498,167.4180294399018,169.3555450439453,80440800.0,0.0,-0.0906660132980367,0.0,0.05203349594097029,0.01297589201220114,0.2059858998210823,0.012354528315952216,0.19612205693709112,0.014682705273794498,0.23308072036870064,47.981302517727876,2.632269083923177,3.4576002964276764,0.9889230410630104,171.88150730471529,-0.01491514352313957,172.03574981689454,178.55382111008075,165.51767852370833,0.07577577683851978,0.29440200540986505,170.2589359946757,170.18839298490263,0.07054300977307548,0.7510016601982205,-0.680458650425145,-0.8223919783605406,0.34006852429919815
2022-01-16 05:00:00+00:00,167.66266389110206,170.05029852382498,167.4180294399018,169.3555450439453,80440800.0,0.0,-0.0906660132980367,0.0,0.06563645434239596,0.009682296563076658,0.15370169295525749,0.012354528315952216,0.19612205693709112,0.014682705273794498,0.23308072036870064,47.98130251772788,2.632269083923177,3.3986480669630694,0.9855781600796296,171.54690657207252,-0.012939414103970297,171.68054122924804,177.9531803034924,165.40790215500368,0.07307338419755315,0.3146716112800728,170.11995277148642,170.12670054483172,-0.006747773345296082,0.5994517734895173,-0.6061995468348134,-0.7413135548797092,0.31061022666589266
2022-01-17 05:00:00+00:00,167.66266389110206,170.05029852382498,167.4180294399018,169.3555450439453,80440800.0,0.0,-0.0906660132980367,0.019258013986543254,0.06563645434239596,0.009423699965549407,0.1495965992335901,0.011118428510229103,0.17649958084749945,0.014682869101226226,0.23308332104855434,47.98130251772789,2.632269083923177,3.3439067110316487,0.9847959858822012,171.2503004308062,-0.011188032764851117,171.37621688842773,177.4684558502066,165.28397792664887,0.07109783460496312,0.3341601620389813,170.00235158263396,170.06957791513642,-0.06722633250245735,0.46611615229112235,-0.5333424847935797,-0.6633593518440746,0.28349199803567815
2022-01-18 05:00:00+00:00,167.82900716362772,168.83689986985863,165.77408681023036,166.1557159423828,90956700.0,-0.0190749253172138,-1.2845466930504736,0.02147625395640751,0.045502159138741005,0.009364368417315546,0.14865474010442672,0.011709741757449533,0.18588638764199933,0.014915019630162894,0.23676859644634551,39.834352246934266,3.5814582337149545,3.3608746769375992,1.0943726737645856,170.81100278650635,-0.028017614788153504,170.90749740600586,177.0958211082353,164.71917370377642,0.07241722915792898,0.11606876980989667,169.41056148413378,169.77966221345096,-0.3691007293171822,0.29907277596946147,-0.6681735052866437,-1.535724920760411,-0.20219134928182989
2022-01-19 05:00:00+00:00,166.35143003303915,167.40825267441707,162.37856885772902,162.66233825683594,94815000.0,-0.02124888875610749,-1.410266740196993,0.010455419867515747,0.028523719482909327,0.011069847028558785,0.1757283737345632,0.012366165401830739,0.19630678994841155,0.015077237123421032,0.23934371931913748,33.20552343000972,5.029683816688049,3.480075329776917,1.1172424690710956,170.23027474446062,-0.046525437717950875,170.32184295654298,177.29546548406665,163.3482204290193,0.0818875888902044,-0.049176892603256896,168.37237329531874,169.2524530314795,-0.8800797361607522,0.06324227354341874,-0.9433220097041709,-2.196707570413025,-0.7393678780756768
2022-01-20 05:00:00+00:00,163.3962221186515,166.0382709410417,160.6563135530504,160.97923278808594,91420500.0,-0.010401139983377508,-0.7278022808041119,0.01293015712323764,0.02960307629727854,0.010111226055351764,0.1605107375545043,0.012439484019411171,0.1974706869199448,0.014747624320558326,0.2341112782872314,30.56632108713373,5.381957387991292,3.6159240482208013,1.0601554936471325,169.6088252578547,-0.05360686791897447,169.68285675048827,177.60755163750693,161.7581618634696,0.09340595790029162,-0.04914568235678234,167.23496706343678,168.63962190233923,-1.4046548389024451,-0.23033714894575405,-1.1743176899566912,-2.19658272942713,-1.012381463844287
2022-01-21 05:00:00+00:00,160.8911718694381,162.76018251834915,158.81667665863466,158.92431640625,122848900.0,-0.012847276318287163,-0.8762544750499388,0.0,0.017033189692632345,0.008371358551766003,0.13289119718236006,0.012594360235014864,0.19992927062286195,0.014696416536406732,0.23329837991489666,27.67426953252607,3.9435058597144916,3.639322749041779,1.3776555501708572,168.72377196849092,-0.06166114653714213,168.9411247253418,177.96077599519023,159.92147345549338,0.1067786340893875,-0.0552769181097254,165.9564054238696,167.91996964336965,-1.963564219500057,-0.5769825630566147,-1.3865816564434423,-2.2211076724389036,-1.3323108915464759
2022-01-22 05:00:00+00:00,160.8911718694381,162.76018251834915,158.81667665863466,158.92431640625,122848900.0,0.0,-0.07402490800586274,0.0,0.02003507695658624,0.008371358551766003,0.13289119718236006,0.012594360235014864,0.19992927062286195,0.014696416536406732,0.23329837991489666,27.67426953252607,3.9435058597144916,3.6610501140898304,1.3336939097844884,167.8952036175066,-0.05644754317095689,168.19939270019532,177.96025581882762,158.43852958156302,0.11606300072712411,0.02488441948128925,164.87454557500504,167.25362495913856,-2.3790793841335187,-0.9374019272719956,-1.4416774568615232,-1.900462322074843,-1.3395308035590667
2022-01-23 05:00:00+00:00,160.8911718694381,162.76018251834915,158.81667665863466,158.92431640625,122848900.0,0.0,-0.07402490800586274,0.004887983156516729,-0.04649812769570305,0.009065724786810888,0.143913919442734,0.012594360235014864,0.19992927062286195,0.014696416536406732,0.23329837991489666,27.67426953252607,3.9435058597144916,3.681225524491592,1.3205325625983455,166.72959716146661,-0.04911319382531984,167.24042587280275,176.66708407911844,157.81376766648705,0.11273181298264909,0.05890468899248408,163.95912570288888,166.6366391404061,-2.677513437517206,-1.2854242293210376,-1.3920892081961682,-1.7643812440300646,-1.3428875512720955
2022-01-24 05:00:00+00:00,156.58562410189697,158.81668910799385,151.37979580013618,158.15127563476562,162294600.0,-0.004876075753207831,-0.3771929069389243,0.011515815386248907,-0.05113615817238415,0.005890987307624014,0.0935165243556666,0.010707990098190106,0.16998407304691876,0.014705805718376,0.23344742855792674,26.496361467860538,7.544520606113821,3.9571751731788942,1.6874219716824952,165.53531706620464,-0.046689736783987204,166.35582809448243,175.70347718145302,157.00817900751184,0.11238138385703635,0.06114353548247287,163.065610307793,166.00809369554383,-2.9424833877508263,-1.6168360610069956,-1.3256473267438307,-1.7554258580701088,-1.4581679229027655
2022-01-25 05:00:00+00:00,155.56793581393717,159.26680751652682,153.65001008067688,156.35076904296875,115798400.0,-0.011450013080540894,-0.7837876923375213,0.0005638214871255265,-0.0619386989364169,0.006117891308187919,0.0971185136975331,0.010667857597706224,0.1693469893522896,0.01477356035231711,0.23452300002740908,23.94045674906303,5.616797435849946,4.07571962051254,1.1908262129151617,164.71476245412617,-0.053495057698493366,165.6150764465332,175.6784459665442,155.55170692652223,0.12152721522620333,0.039701519200780036,162.03255780551237,165.29273631387161,-3.260178508359246,-1.9455045504774457,-1.3146739578818003,-1.8411939231968795,-1.7656085184468402
2022-01-26 05:00:00+00:00,159.99089049638027,160.86178832446035,154.4328043421836,156.26266479492188,108275300.0,-0.0005636625995109456,-0.10487885193069998,0.0029516118985863926,-0.08633717278533237,0.00495337988463976,0.07863246794391969,0.009517660076500959,0.15108816975401715,0.01476706197082765,0.2344198414193359,23.81937585645474,6.428983982276748,4.243809932067127,1.106989086973471,164.06892203486458,-0.049955997167894145,165.012784576416,175.81236673643895,154.21320241639307,0.13089388422533701,0.09488618856548653,161.1448819577292,164.62384212728276,-3.4789601695535453,-2.2521956742926657,-1.2267644952608796,-1.6204552457380526,-1.8134341510149092
2022-01-27 05:00:00+00:00,158.96346843901696,160.32363543352318,154.88296745549837,155.80279541015625,121954600.0,-0.002947264444749849,-0.2527364713632072,-0.06522638893046717,-0.08813925500757125,0.00461469277796694,0.07325597680479798,0.009078302628910405,0.14411358649608494,0.01477101496509976,0.23448259325800427,23.16092787802664,5.4406679780248055,4.329299792492676,1.224776961162276,163.3708774616827,-0.04857475138108544,164.3791816711426,175.79298731646827,152.9653760258169,0.13887166889734456,0.1242976914321892,160.32302248887183,163.97043125934746,-3.6474087704756357,-2.5312382935292597,-1.116170476946376,-1.5028092342712445,-1.9167653322978315
2022-01-28 05:00:00+00:00,162.15352186578443,166.6939371213685,159.3059729952558,166.6743621826172,179935700.0,0.06745090620933328,3.9863286902766277,0.0,-0.03133519082078762,0.032634687203543754,0.5180595987297523,0.017993499386122144,0.2856379475488354,0.016527921898365314,0.2623726261906391,54.9006747360333,10.891141711212242,4.79800278668693,1.7262629691674718,163.44371997145973,0.019382958295756356,164.28915710449218,175.5948361058621,152.98347810312225,0.1376314688154279,0.6054870334561946,161.30015167252495,164.17072243884894,-2.8705707663239934,-2.5991047880882068,-0.27146597823578666,0.42194813382477886,-0.22176105294587514
2022-01-29 05:00:00+00:00,162.15352186578443,166.6939371213685,159.3059729952558,166.6743621826172,179935700.0,0.0,-0.08291697368517599,0.0,-0.014863842208964861,0.03216633458807189,0.5106247314512009,0.017993499386122144,0.2856379475488354,0.016527921898365314,0.2623726261906391,54.9006747360333,7.387964126112706,4.9830000252173425,1.652369405494154,163.51032635993835,0.01898333841657157,164.1991325378418,175.39259260546595,153.00567247021763,0.13634006336841617,0.6105658853393654,162.12695328946222,164.35617723468363,-2.229223945221406,-2.5251286195148466,0.29590467429344036,0.44226354135746143,-0.2371925264818752
2022-01-30 05:00:00+00:00,162.15352186578443,166.6939371213685,159.3059729952558,166.6743621826172,179935700.0,0.0,-0.08291697368517599,-0.02546030956384704,-0.013206724398996506,0.030581712854938634,0.4854696412833284,0.017993499386122144,0.2856379475488354,0.016527921898365314,0.2623726261906391,54.9006747360333,7.387964126112706,5.154783175281297,1.5986600928780275,163.52684825342445,0.01888421163264545,164.10812911987304,175.1835252635724,153.0327329761737,0.13497681319137225,0.615852879185908,162.82655465763992,164.52789463823427,-1.701339980594355,-2.3603708917307484,0.6590309111363934,0.4634115167436318,-0.2548124136046021
2022-01-31 05:00:00+00:00,166.5079694467073,171.2440880703996,165.87191101795182,171.02880859375,115541600.0,0.025790031837601483,1.4605445486265953,0.0009734190513648322,0.01257371586309275,0.029970182514611445,0.4757618980852698,0.018888245633427288,0.29984160389010167,0.016618311032742198,0.26380750921534096,62.6240693478066,5.372177052447796,5.170311309364618,1.0088834035870224,163.64614536917955,0.04316619688386369,164.09344940185548,175.12929192860128,153.05760687510968,0.13450680166664847,0.8142197424023768,164.08843987857992,165.00944382012432,-0.9210039415443987,-2.0724975016934786,1.1514935601490799,1.256878969609508,0.44579516634715927
2022-02-01 05:00:00+00:00,170.2753591337895,171.08754730875657,168.61184784118433,170.86248779296875,86213900.0,-0.0009729455862683381,-0.14692216217501844,-0.006994975312869078,0.011589015842919936,0.029635370029806866,0.47044691466147476,0.018533070088202305,0.2942033669034792,0.0161788970971731,0.256832029238549,62.18601378502423,2.475699467572241,4.977839034950877,0.7490694399662469,163.65265542649146,0.042196695480715,164.04843673706054,174.959203696131,153.13766977799008,0.13301884706842296,0.8122626980060039,165.1306010961782,165.44300263292763,-0.3124015367494337,-1.7204783087046698,1.408076771955236,1.2490507920240164,0.3918763217376936
2022-02-02 05:00:00+00:00,170.9994831805343,172.105235689561,169.6099612749151,172.0660858154297,84914300.0,0.007019554841880548,0.33144834762569364,0.01700417776689922,0.023047160141550727,0.011320690926980717,0.1797103971732975,0.01859082377272479,0.2951201782227442,0.01618861583093604,0.2569863093541201,64.14083766919518,2.4952744146459054,4.800512990643379,0.7376469610697016,163.78524554098513,0.0481259292625926,164.2270195007324,175.55319755288176,152.90084144858307,0.13793318647055922,0.8460596451249358,166.19759874529382,165.93360138718705,0.2639973581067636,-1.3235831753423832,1.5875805334491468,1.3842385804997417,0.5744143926615912
2022-02-03 05:00:00+00:00,170.7352545735362,172.45749049022623,168.42590499267487,169.1891632080078,89418100.0,-0.016861224990039614,-1.0961389836386561,0.0016821205849191223,-0.012297751405749957,0.01544987707191072,0.24525919511276728,0.0184755771244825,0.29329069439864724,0.016320977225830032,0.2590874813585708,56.60791160222292,4.031585497551362,4.745589598279664,0.7737542050307034,163.80044435473462,0.031850260094070486,164.21870040893555,175.52925142912252,152.90814938874857,0.1377498542129681,0.7197268192416543,166.6578394318652,166.17475411465526,0.48308531720994097,-0.9622494768319184,1.4453347940418593,0.878907276966617,0.0340559928072073
2022-02-04 05:00:00+00:00,168.20939100229583,170.5804825811808,167.22960653014735,168.90504455566406,82465400.0,-0.0016807074046257266,-0.18619664583248527,0.0,-0.022066959150606857,0.015549295363016965,0.24683741155699618,0.018444845301719606,0.2928028418364492,0.0162440436764604,0.2578661991239135,55.90956433810752,3.3508760510334525,4.645967202047792,0.7129664508397038,163.78924658377562,0.030288011736692013,164.1961753845215,175.4653712361765,152.92697953286648,0.13726502246796354,0.7089265832775022,167.00356329706503,166.37699785102626,0.626565446038768,-0.6444864922577811,1.271051938296549,0.8357063331100099,-0.04011941328794205
2022-02-05 05:00:00+00:00,168.20939100229583,170.5804825811808,167.22960653014735,168.90504455566406,82465400.0,0.0,-0.08550345846283607,0.0,0.0015686719464236276,0.008748140356196369,0.1388724229007016,0.018444845301719606,0.2928028418364492,0.0162440436764604,0.2578661991239135,55.90956433810752,3.3508760510334525,4.553460691261053,0.7123430093113357,163.77806839622184,0.030354192042811277,164.17365036010742,175.40114844559199,152.94615227462285,0.1367758840819774,0.7107056335940779,167.29609887531103,166.56426056988832,0.7318383054227127,-0.36922153272168234,1.101059838144395,0.8428225343763118,-0.04447471051472731
2022-02-06 05:00:00+00:00,168.20939100229583,170.5804825811808,167.22960653014735,168.90504455566406,82465400.0,0.0,-0.08550345846283607,0.0042526704048433395,0.022236544415694448,0.008801232851554016,0.1397152401359027,0.018444845301719606,0.2928028418364492,0.0162440436764604,0.2578661991239135,55.90956433810752,3.3508760510334525,4.467561788387654,0.7117206571463217,163.76690974074495,0.03042025670953716,164.15112533569337,175.3365792259053,152.96567144548143,0.13628239059997163,0.7125045289458801,167.54362897998072,166.73765197624206,0.8059770037386613,-0.13418182542961363,0.940158829168275,0.8500181157835213,-0.037053019051111885
2022-02-07 05:00:00+00:00,169.36552707422473,170.43348845120025,167.49413533637534,168.18978881835938,77251200.0,-0.004243653357371935,-0.3386641421795051,-0.018131956818951966,0.017907718386849014,0.0070939709569033905,0.11261329775928765,0.018466619722261813,0.2931485000466325,0.01604786961117085,0.2547520323812933,53.82186154650236,2.939353114824911,4.358404025990315,0.6706859447897302,163.8209087953573,0.025975893386252807,164.2528289794922,175.5514441305005,152.9542138284839,0.13757589712404888,0.6742231143484801,167.64303818588513,166.84521766825074,0.797820517634392,0.0522186431831875,0.7456018744512045,0.6968924573939205,-0.16189474887629124
2022-02-08 05:00:00+00:00,168.25837758980256,171.80520742660315,167.96443926792173,171.29571533203125,74829200.0,0.018298355236258963,1.0051919759493986,-0.008225359877163774,0.03670521253450709,0.009014433255896109,0.14309969163174827,0.018370317008900457,0.29161974186582323,0.015608478068662994,0.24777690788332815,60.68678413327705,3.8407681586814135,4.321430035468251,0.6553440030106036,164.11393978979223,0.041926183199143194,164.68449783325195,176.37997309885992,152.98902256764399,0.14203492641365661,0.7826399675360104,168.20498851606146,167.1748841618641,1.0301043541973627,0.24779578538602254,0.7823085688113401,1.1305598701440425,0.43359802954683196
2022-02-09 05:00:00+00:00,172.4910234332755,173.0788850240933,171.36426255447887,172.71636962890625,71285000.0,0.008259374801462896,0.4029977922326304,0.024168966697864613,0.04381786023212886,0.008964821061538286,0.14231212246214625,0.017662092635298946,0.2803770284759186,0.015383462166525008,0.24420489117477642,63.36920824954298,1.783169692062046,4.140125725224951,0.6298579623244476,164.51146144981576,0.04750509865810253,165.27135467529297,177.35543406183353,153.1872752887524,0.14623319824880773,0.8080505645264816,168.8990471488068,167.58536456683018,1.3136825819766216,0.46097314470414236,0.8527094372724793,1.232202258105927,0.7161278775718617
2022-02-10 05:00:00+00:00,170.6196718007765,171.93257943938036,168.08203354026793,168.6405029296875,90865900.0,-0.02388151954611751,-1.505221260933518,0.020635502135969652,-0.0038775864471404242,0.015739212739881665,0.24985225644999856,0.01839766006583906,0.29205379943828613,0.015674242109423052,0.24882087966569913,52.33591961171709,4.634336088638321,4.175426465468763,0.8143772435147122,164.9871697815874,0.021663438406746886,165.75716400146484,177.54444243016437,153.96988557276532,0.1422234568226005,0.6223072376572669,168.85927111509613,167.66352296407885,1.195748151017284,0.6079281459667707,0.5878200050505134,0.4892289506290681,-0.035500795126332654
2022-02-11 05:00:00+00:00,168.846288443205,169.5811269216294,164.64300397443432,165.2308807373047,98670700.0,-0.020425474596296983,-1.290501037428612,0.0,-0.02265995224571926,0.01810970026600274,0.2874825793305811,0.01877824123603458,0.2980953382183539,0.015465872583152743,0.24551311598180567,45.239836465391775,4.938122947195069,4.229904785592071,0.8940134504261869,165.335486439059,-0.0006330880843068218,166.07249221801757,177.4193230829829,154.72566135305223,0.1366491309116911,0.4629142493296759,168.30105721082052,167.48332724357704,0.8177299672434799,0.6498885102221126,0.16784145702136732,-0.14834300268129622,-0.6692512722437846
2022-02-12 05:00:00+00:00,168.846288443205,169.5811269216294,164.64300397443432,165.2308807373047,98670700.0,0.0,-0.0794444455799814,0.0,-0.0014209727424802088,0.018217894976693353,0.28920011711654076,0.01877824123603458,0.2980953382183539,0.015465872583152743,0.24551311598180567,45.239836465391775,4.938122947195069,4.280491797135142,0.903914406224882,165.6915181210147,-0.002787840757457201,166.3878204345703,177.237884373131,155.5377564960096,0.1304189682901381,0.44668512075980055,167.82872236874115,167.31647935422353,0.5122430145176224,0.6223594110812146,-0.11011639656359218,-0.21325951696079798,-0.6504353411498015
2022-02-13 05:00:00+00:00,168.846288443205,169.5811269216294,164.64300397443432,165.2308807373047,98670700.0,0.0,-0.0794444455799814,-0.0014209727424802088,0.008009754875156982,0.014105478442759278,0.22391752849874208,0.01877824123603458,0.2980953382183539,0.015465872583152743,0.24551311598180567,45.239836465391775,4.938122947195069,4.327465450710852,0.9310476230736063,166.24742954271017,-0.0061522930875231256,166.74180068969727,176.90033626888894,156.5832651105056,0.12184749759415721,0.4256329841730588,167.42905442544324,167.1619905677851,0.2670638576581439,0.5513003003966005,-0.2842364427384566,-0.297468063307765,-0.6249930901354536
2022-02-14 05:00:00+00:00,163.98651932384257,166.1518495458794,163.19289630795137,165.46600341796875,86185500.0,0.0014219832816600268,0.004532533484468995,-0.022628657871269775,0.009444147493801847,0.012467198898143591,0.19791064698039856,0.018715584080182972,0.2971006867049021,0.01525629123419443,0.2421861152091188,45.871933374167035,2.9589532379280286,4.229714578369222,0.8247613579272232,166.7635518661817,-0.007841782731255858,167.19756240844725,176.13806762671348,158.25705719018103,0.10694540146973491,0.403162128525982,167.12704657813947,167.0363618900209,0.09068468811855723,0.45917717794099183,-0.3684924898224346,-0.38735148589607177,-0.5677951921180702
2022-02-15 05:00:00+00:00,167.5137664381475,169.45373566949445,166.80832036305304,169.29696655273438,62527400.0,0.022888615090843934,1.2678717939782238,0.0013909302968915238,0.0328153732185521,0.015330459161117959,0.24336349454850004,0.018966066415838985,0.3010769705126646,0.015508809963578389,0.24619472576513465,54.98866124995531,3.987732251525699,4.212430126451828,0.6117536030317159,167.39724387314067,0.01122124464647134,167.8492774963379,175.19088022149768,160.5076747711781,0.08747851447045955,0.5985948920550571,167.46088042038485,167.20381408725896,0.25706633312589133,0.41875500897797174,-0.1616886758520804,0.3943795682202282,0.16730611077086704
2022-02-16 05:00:00+00:00,168.37596721528965,169.83583650795123,166.612352178537,169.0618133544922,61177400.0,-0.0013899638494164175,-0.16670909578519127,0.021731412267451677,0.031380794423955694,0.010280705707107757,0.16320114361949742,0.01897640071089937,0.3012410223608943,0.015082170097627256,0.23942202785697886,54.38316900068829,3.2234843294142195,4.141791140949142,0.6168864775268275,168.16149280311643,0.005325392727735306,168.5122283935547,173.18202620139573,163.84243058571366,0.05542384493230816,0.5588446206401794,167.7071777948629,167.34144366260958,0.36573413225332274,0.408150833633042,-0.04241670137971926,0.23537848256071722,0.11670021225612531
2022-02-17 05:00:00+00:00,167.57253401447812,168.43474911832254,165.06428820364812,165.46600341796875,69589300.0,-0.021498651241427583,-1.3452071352823385,0.009444147493801847,0.02775054806671373,0.015729195264242657,0.24969323395416576,0.019720910412529345,0.3130597474760211,0.014467639851477285,0.22966666263033808,46.035604007063405,3.9975251508440692,4.131486427370208,0.7430473415823202,168.20420893579382,-0.016548447785424122,168.45181045532226,173.25119710004716,163.65242381059736,0.05698231003575738,0.18893868546356168,167.3623817368792,167.20252216300656,0.15985957387263738,0.3584925816809611,-0.1986330078083237,-1.2442452581457517,-0.5710830238911895
2022-02-18 05:00:00+00:00,166.38699918366942,167.0924302194162,162.83037691642315,163.91793823242188,82772700.0,-0.009399830339523558,-0.6300643529159676,0.0,0.04516757228178525,0.01632224206113742,0.2591075599966076,0.013183709628016776,0.20928490219812151,0.01449213734777164,0.23005554832796962,42.977096382544175,4.262053302993053,4.14081263277184,0.9321693515260158,168.15943644936445,-0.025875741622179788,168.3139892578125,173.47311635877,163.154862156855,0.061303604337427806,0.07395399072696457,166.8324673515781,166.95921964962992,-0.12675229805182653,0.26144360573440356,-0.3881959037862301,-1.7041840370921397,-0.8587734435989292
2022-02-19 05:00:00+00:00,166.38699918366942,167.0924302194162,162.83037691642315,163.91793823242188,82772700.0,0.0,-0.0769769409955929,0.0,0.02801987343974388,0.016268821052933584,0.25825952778164546,0.013183709628016776,0.20928490219812151,0.01449213734777164,0.23005554832796962,42.97709638254418,4.262053302993053,4.1494726806447835,0.9861215396551903,168.10948127031193,-0.025570984378456497,168.17616806030273,173.65696339503245,162.695372725573,0.06517921531859945,0.11153176064630006,166.38407825632328,166.73393954465152,-0.3498612883282419,0.13918262692187444,-0.48904391525011637,-1.553872957414802,-0.8367326040444238
2022-02-20 05:00:00+00:00,166.38699918366942,167.0924302194162,162.83037691642315,163.91793823242188,82772700.0,0.0,-0.0769769409955929,0.0,0.014861868588341709,0.00927324206323081,0.14720815407967336,0.013183709628016776,0.20928490219812151,0.01449213734777164,0.23005554832796962,42.97709638254418,4.262053302993053,4.15751415366966,1.0057536417738306,167.69377294594824,-0.023034908529489605,167.82062454223632,173.44299616244825,162.19825292202438,0.06700453696377377,0.15293237681189337,166.0046720988,166.52534685485674,-0.5206747560567351,0.007211150326152535,-0.5278859063828876,-1.3882704927524259,-0.8100726511972259
2022-02-21 05:00:00+00:00,166.38699918366942,167.0924302194162,162.83037691642315,163.91793823242188,82772700.0,0.0,-0.0769769409955929,0.018135129732895328,0.014861868588341709,0.009481634653511727,0.15051628389338464,0.011701380205962392,0.18575365212714148,0.014457586068072214,0.22950706376658733,42.97709638254418,4.262053302993053,4.164981235764188,1.0078607407638305,167.337177403001,-0.020859456917588386,167.473397064209,173.1621530559896,161.7846410724284,0.06793623454833889,0.18750120088432087,165.6836361193572,166.3322054754171,-0.6485693560599088,-0.12394495095105974,-0.5246244051088491,-1.2499951964627187,-0.7832768825440248
2022-02-22 05:00:00+00:00,161.6448612037598,163.3202994694817,158.87206895600934,160.9982147216797,91162800.0,-0.017972649724697472,-1.1274301506911304,0.02655093784651341,-0.0032149574736826114,0.008085827347360162,0.12835852983192042,0.012202460084375052,0.19370804859869178,0.01441760256981463,0.2288723454089716,36.77840726152469,5.045869276412532,4.2279018100962125,1.105813963432234,166.74314844837113,-0.035683213858133805,166.92000350952148,172.8747370598398,160.96526995920317,0.07134835160698566,0.0027662667185802924,164.96280205817604,165.93709504921435,-0.9742929910383111,-0.29401455896851003,-0.6802784320698011,-1.9889349331256763,-1.2929160229993086
2022-02-23 05:00:00+00:00,162.19352949330056,162.7911986729469,156.52058346872764,156.83412170410156,90009200.0,-0.026204579086899837,-1.5962870585129694,-0.016406650279634172,-0.030583783311689205,0.012443578606592858,0.19753568647637007,0.012989766454084785,0.20620614975790597,0.0146189284432643,0.23206829457075576,30.10855672428127,6.270615204219268,4.373809909676431,1.0914293959798276,166.06979226865715,-0.05888814541251744,166.30225143432617,173.663217030169,158.94128583848334,0.08852514662135792,-0.14313095931135827,163.71223584985688,165.26280072735412,-1.5505648774972371,-0.5453246226742554,-1.0052402548229817,-2.5725238372454355,-1.9751369804575933
2022-02-24 05:00:00+00:00,149.4955488212337,159.5579417081335,148.92727191069304,159.45016479492188,141147500.0,0.01654272982565873,0.8945457566631004,-0.012799368175029135,-0.002818519090371008,0.0168123831333651,0.26688830830332555,0.013427181979986836,0.2131499059647181,0.014780931400260903,0.23464001178597638,37.74680834761279,10.630669797440476,4.820728473088149,1.6527190051005698,165.38588697330087,-0.03722619030223815,165.82950744628906,173.68450840922947,157.97450648334865,0.09473586557548674,0.09393113498873684,163.0565326106361,164.8322351027295,-1.7757024920933873,-0.7914001965580818,-0.9843022955353055,-1.6242754600450513,-1.4379718050989285
2022-02-25 05:00:00+00:00,160.52789462372328,161.78201763247694,157.61793335879435,161.51748657226562,91974200.0,0.012881985814027608,0.6775323054996147,0.0,-0.01026647006407666,0.018746841353067537,0.2975968805291899,0.01385826741997054,0.21999317517282455,0.014887200529495123,0.23632698191395915,43.04412964142597,4.16408427368259,4.773825315987752,1.0709787048922348,165.00977381393656,-0.021621728493827378,165.46012954711915,173.4005091677139,157.5197499265244,0.09597937149364441,0.25173460443707224,162.81975629704064,164.58669817454697,-1.7669418775063264,-0.9865085327477308,-0.7804333447585956,-0.993061582251712,-1.0318711961004403
2022-02-26 05:00:00+00:00,160.52789462372328,161.78201763247694,157.61793335879435,161.51748657226562,91974200.0,0.0,-0.07278961659821272,0.0,-0.008301713135343003,0.018746841353067537,0.2975968805291899,0.01385826741997054,0.21999317517282455,0.014887200529495123,0.23632698191395915,43.04412964142597,4.16408427368259,4.730272384394526,1.0650822135397533,164.6378021897524,-0.01931874798021133,165.09075164794922,173.0436912438888,157.13781205200965,0.09634627641527685,0.27534941435315624,162.6194071086137,164.35934916697056,-1.7399420583568599,-1.1371952378695567,-0.6027468204873032,-0.8986023425873758,-1.0010994129678954
2022-02-27 05:00:00+00:00,160.52789462372328,161.78201763247694,157.61793335879435,161.51748657226562,91974200.0,0.0,-0.07278961659821272,-0.0016351731333990038,0.010296130675990778,0.016764647161776378,0.26613052324683073,0.01385826741997054,0.21999317517282455,0.014887200529495123,0.23632698191395915,43.04412964142597,4.16408427368259,4.689830376486531,1.0560793641215918,164.3155021281498,-0.017323298023414316,164.75713653564452,172.72248438325101,156.79178868803803,0.09669199180192385,0.29664102401049713,162.44988087225246,164.14884082662203,-1.6989599543695704,-1.2495481811695595,-0.4494117732000109,-0.8134359039580116,-0.9718064174711067
2022-02-28 05:00:00+00:00,159.76367431641097,162.07596656799925,159.1464052349538,161.7820281982422,95056600.0,0.0016365114881471967,0.02215230821885805,0.01176466434372947,0.01195084551089054,0.00789502489405546,0.1253296347860089,0.013872815754255986,0.2202241228198817,0.014578280826107168,0.23142303365244493,43.808328930377776,2.9295613330454557,4.564096873383597,1.0789428864547927,163.88239583692982,-0.012982700625522573,164.28145217895508,171.72166843051298,156.84123592739718,0.0905788955828455,0.3320328404305763,162.3471343070201,163.973521372668,-1.62638706564789,-1.3249159580652257,-0.3014711075826644,-0.6718686382776943,-0.8924419772410099
2022-03-01 05:00:00+00:00,161.37052533149114,163.23212509592508,158.6957174816516,159.90084838867188,83474400.0,-0.011695998707574347,-0.7508747959309493,-0.020172772161970887,0.00018401627742314908,0.008715314315443996,0.13835132565855568,0.013223589663828476,0.20991797814032617,0.014626046989529897,0.23218129798944623,39.726375433982014,4.536407614273486,4.562119069161446,0.9409693209106078,163.34013710199966,-0.021508883461130147,163.64067611694335,170.17439211981326,157.10696011407344,0.07985442443663196,0.21380545721387537,161.97078262727422,163.67184189237196,-1.70105926509774,-1.4001446194717286,-0.30091464562601145,-1.1447781711444995,-1.214786997436958
2022-03-02 05:00:00+00:00,161.0667710705488,163.97673219026618,159.65587901852524,163.19290161132812,79724800.0,0.020379020984320536,1.1078677547893996,0.0019851372812040857,0.04557449156482707,0.01154859836162867,0.18332831553742462,0.013994311197773144,0.22215280319372507,0.014881482773941275,0.2362362153584415,48.72962134830368,4.320853171740936,4.544885790774267,0.9043807644847053,163.0603082120019,0.0008124948941836901,163.3682960510254,169.4639075642977,157.2726845377531,0.07462416711953021,0.4856130562688111,162.1588009325133,163.63636483451685,-1.477563902003567,-1.4156284759780964,-0.06193542602547053,-0.057547774924755414,-0.5545878925176454
2022-03-03 05:00:00+00:00,165.06430592514928,165.49541352335572,162.203336805619,162.8695831298828,76678400.0,-0.0019831694999718225,-0.1895403984551499,0.0187535302396582,0.0558307833151408,0.011670615015198758,0.18526526986435327,0.013126069536145656,0.2083698941062941,0.014865605032131432,0.23598416402118066,47.971732403244694,3.292076717736734,4.455399428414444,0.880810109494172,162.92889820201495,-0.00036418753577108866,163.2502311706543,169.28511197823525,157.21535036307336,0.0739341165314781,0.4684626711853758,162.2681520398009,163.57956618972915,-1.311414149928254,-1.394785610768128,0.08337146083987412,-0.12614931525849696,-0.5924863752806173
2022-03-04 05:00:00+00:00,161.16475211398938,162.2033212553789,158.82306783943153,159.87142944335938,83737200.0,-0.018579850832853614,-1.1454508993775534,0.0,0.0013498725534515366,0.01485712848030394,0.2358496029325153,0.012999698101640731,0.206363809775159,0.015025588688200045,0.23852382582793533,41.52255082048718,4.046515290451282,4.426193418559933,0.9702166885862946,162.64899158120468,-0.017373724295305478,162.98225860595704,169.12188190515067,156.8426353067634,0.07534100155081819,0.24665960670532996,161.8994254865022,163.30488939370176,-1.405463907199561,-1.3969212700544147,-0.008542637145146248,-1.013361573178681,-1.1785520085610486
2022-03-05 05:00:00+00:00,161.16475211398938,162.2033212553789,158.82306783943153,159.87142944335938,83737200.0,0.0,-0.06998393590898361,0.0,0.029333649285560925,0.01477343756139027,0.23452105078187505,0.012999698101640731,0.206363809775159,0.015025588688200045,0.23852382582793533,41.52255082048718,3.3802534159473794,4.351483418373322,0.9786835844882932,162.36419957705982,-0.015592342811844354,162.71428604125975,168.90827121189403,156.52030087062548,0.07613326796718585,0.2705147397366739,161.58742609524944,163.05055902700974,-1.463132931760299,-1.4101636023955917,-0.05296932936470733,-0.9179410410533032,-1.1569223565290834
2022-03-06 05:00:00+00:00,161.16475211398938,162.2033212553789,158.82306783943153,159.87142944335938,83737200.0,0.0,-0.06998393590898361,0.024293868823392906,0.054546720909121715,0.01382426800380445,0.2194534511734434,0.012999698101640731,0.206363809775159,0.015025588688200045,0.23852382582793533,41.52255082048718,3.3802534159473794,4.282109846771469,0.9800858253361711,162.08559723380486,-0.01384967782020077,162.4345573425293,168.61058605485948,156.25852863019912,0.07604328553445253,0.29249384851039056,161.32342661034326,162.81506794673936,-1.4916413363960999,-1.4264591491956935,-0.06518218720040636,-0.8300246059584393,-1.1199596867535817
2022-03-07 05:00:00+00:00,160.05757297165496,161.6840185904636,155.82489737817548,156.07965087890625,96418800.0,-0.024003466718912052,-1.447781900803578,0.011813850567862216,0.029535324779870198,0.01148995081730228,0.18239731463367104,0.013862464904316123,0.22005980817108756,0.014917756850875147,0.23681204847807422,34.249500798664556,5.85912121228813,4.394753515736945,1.106567748393523,161.49455145782798,-0.03469318741059243,161.7736915588379,167.68065667016836,155.86672644750743,0.07302751213020409,0.018023166498003892,160.51669188242988,162.31614816393693,-1.799456281507048,-1.5010585756579644,-0.29839770584908365,-1.9279073340079842,-1.8425805681041858
2022-03-08 05:00:00+00:00,155.60938587479396,159.58730866544224,152.65043241487157,154.2572784423828,131148300.0,-0.011744611819227748,-0.7376858697847127,-0.033814192776404184,0.01751455981953809,0.010828300840083759,0.17189394686552048,0.012664249519901187,0.20103872862556607,0.014906444616668112,0.23663247232716822,31.402571892144323,6.936876250570663,4.576333711082211,1.4470457953727145,160.7155190642875,-0.04186668329116749,161.03346481323243,166.80379106609922,155.26313856036563,0.071666175220899,-0.08715799366483758,159.5537051993457,161.71919485122922,-2.1654896518835187,-1.6339447909030753,-0.5315448609804434,-2.3486319746593476,-2.1005475019566124
2022-03-09 05:00:00+00:00,158.2156295977199,160.10662184800367,156.18748303740642,159.65591430664062,91454900.0,0.0343991162435798,1.8975468058457197,0.027946053122022585,0.05312513619242565,0.02177749744458233,0.3457070544942568,0.015239977228231262,0.2419271383931242,0.015255002705515372,0.24216566045046703,45.780844302371996,5.849343405620857,4.667262974977829,0.9970549479757626,160.48249166452484,-0.005177242330632774,160.74296035766602,166.1470825503346,155.33883816499744,0.06723930156125,0.3994243641918274,159.56942967739107,161.56635925533377,-1.9969295779426943,-1.7065417483109993,-0.29038782963169507,-0.402302543232691,-0.9757830657605734
2022-03-10 05:00:00+00:00,156.96149116992498,157.1476526374479,152.82679892923494,155.31546020507812,105342000.0,-0.0275626881482207,-1.6294118613364832,0.024494556882562524,0.024494556882562524,0.024949582117445104,0.3960623375864643,0.01566498829357484,0.24867397989322257,0.01549147337452211,0.24591951594578443,38.748644454565195,6.829115377405685,4.821681003722676,1.1344968148750452,160.0362690578748,-0.030394970639518574,160.31283645629884,166.01415100810908,154.6115219044886,0.07112736169900426,0.0617347362781464,158.91497283549677,161.10332969605557,-2.188356860558798,-1.8029047707605592,-0.385452089798239,-1.753061054887413,-1.767381328668512
2022-03-11 05:00:00+00:00,155.7171269987306,156.0600575177212,151.37668929729986,151.60203552246094,96970100.0,-0.024199375732545016,-1.426881994616094,0.0,0.0,0.02587738811767581,0.41079080123560824,0.016287156971992418,0.25855060147298237,0.01575489714842821,0.2501012387168503,33.9446463239359,4.683368220421329,4.811801519201151,1.0364109373144639,159.42750266380602,-0.051618483316377944,159.6970413208008,166.3413251688429,153.05275747275869,0.08321110764594583,-0.10917067839638102,157.7899055565682,160.39953012764113,-2.609624571072942,-1.9642487308230359,-0.6453758402499061,-2.4366827135855265,-2.3401303079095888
2022-03-12 05:00:00+00:00,155.7171269987306,156.0600575177212,151.37668929729986,151.60203552246094,96970100.0,0.0,-0.05653070684318542,0.0,0.0,0.024985479109989533,0.3966321846769905,0.016287156971992418,0.25855060147298237,0.01575489714842821,0.2501012387168503,33.9446463239359,4.683368220421329,4.80262771214545,1.0286068453783916,158.82790419480605,-0.04766340140119392,159.08124618530275,166.33346889303337,151.82902347757212,0.09117633764677718,-0.015649543888746186,156.83792555132092,159.74786386059074,-2.909938309269819,-2.1533866465123928,-0.7565516627574262,-2.062598175554987,-2.2163795585462016
2022-03-13 05:00:00+00:00,155.7171269987306,156.0600575177212,151.37668929729986,151.60203552246094,96970100.0,0.0,-0.05653070684318542,0.0,0.0,0.02484107672792158,0.3943398679269277,0.016287156971992418,0.25855060147298237,0.01575489714842821,0.2501012387168503,33.9446463239359,4.683368220421329,4.794109177022299,1.0209194034602573,158.23726809743593,-0.043767437238611054,158.4654510498047,166.07134788490538,150.85955421470402,0.09599438596505422,0.048809583133603604,156.03240400841938,159.1444691688774,-3.1120651604580303,-2.3451223493015205,-0.7669428111565098,-1.804761667465585,-2.110908394157478
2022-03-14 05:00:00+00:00,155.7171269987306,156.0600575177212,151.37668929729986,151.60203552246094,96970100.0,0.0,-0.05653070684318542,0.0,0.0,0.014225411350481847,0.22582140438582274,0.016287156971992418,0.25855060147298237,0.01575469087356069,0.25009796420484326,33.9446463239359,4.683368220421329,4.786199108693658,1.0178079470702628,157.767507342286,-0.040668793123899705,157.99564208984376,166.088043833008,149.90324034667952,0.1024382905265515,0.10496236035342721,155.35080885673347,158.58577038025396,-3.2349615235204965,-2.5230901841453157,-0.7118713393751808,-1.580150558586294,-2.0027167763009732
2022-03-15 05:00:00+00:00,155.7171269987306,156.0600575177212,151.37668929729986,151.60203552246094,96970100.0,0.0,-0.05653070684318542,0.0,0.0,0.010822289830206002,0.1717985250419311,0.015969856123451445,0.2535136066568073,0.015581098768092511,0.24734227496104585,33.9446463239359,4.683368220421329,4.778854045245635,1.014103310635514,157.4988161918362,-0.038896447854762546,157.73403778076172,166.30846030128322,149.15961526024023,0.10872000287521058,0.14242476717091848,154.7740744976146,158.0684566870841,-3.294382189469502,-2.677348585210153,-0.617033604259349,-1.4303009313163273,-1.9088339425428777
2022-03-16 05:00:00+00:00,155.7171269987306,156.0600575177212,151.37668929729986,151.60203552246094,96970100.0,0.0,-0.05653070684318542,0.0,0.0,0.0,0.0,0.01505228037891877,0.2389475432822169,0.015572473959483506,0.24720536036893612,33.9446463239359,4.683368220421329,4.7720336291867556,1.0380831718188062,157.04532333613548,-0.03590511034311331,157.34163131713868,166.295314834643,148.38794779963436,0.1138120082085233,0.17948410375143836,154.28606850143711,157.58946252674164,-3.3033940253045273,-2.802557673229028,-0.5008363520754995,-1.2820635849942466,-1.824302124993693
2022-03-17 05:00:00+00:00,155.7171269987306,156.0600575177212,151.37668929729986,151.60203552246094,96970100.0,0.0,-0.05653070684318542,0.0,0.0,0.0,0.0,0.014476313640485192,0.22980435476217548,0.01541696341427862,0.24473670699577493,33.9446463239359,4.683368220421329,4.765700385703511,1.0353146343766704,156.54396988570332,-0.03259807393885683,156.84585876464843,165.92318175077497,147.76853577852188,0.11574832842411634,0.21115805561827208,153.8731403508254,157.14594941531342,-3.2728090644880297,-2.8966079514808283,-0.3762011130072014,-1.1553677775269122,-1.7476038153541347
2022-03-18 05:00:00+00:00,155.7171269987306,156.0600575177212,151.37668929729986,151.60203552246094,96970100.0,0.0,-0.05653070684318542,0.0,0.0,0.0,0.0,0.01406325512176614,0.22324725405749152,0.015394194886631855,0.24437526782454028,33.9446463239359,4.683368220421329,4.759819516754783,1.0325608248722424,156.04528351221768,-0.02930863015423327,156.3500862121582,165.43619222970574,147.26398019461067,0.11622770716247902,0.23871916745591587,153.52373960800008,156.73528912695397,-3.2115495189538876,-2.95959626497544,-0.2519532539784475,-1.045123330176336,-1.67755375432621
2022-03-19 05:00:00+00:00,155.7171269987306,156.0600575177212,151.37668929729986,151.60203552246094,96970100.0,0.0,-0.05653070684318542,0.0,0.0,0.0,0.0,0.01406325512176614,0.22324725405749152,0.015394194886631855,0.24437526782454028,33.9446463239359,4.683368220421329,4.754358709873823,1.029821626093786,155.5492429898474,-0.02603663897904353,155.85431365966798,164.83468327536784,146.87394404396812,0.11524056543356104,0.26324592866572927,153.22809282560945,156.35504811921373,-3.126955293604283,-2.993068070701209,-0.13388722290307387,-0.9470162853370816,-1.60782973378109
2022-03-20 05:00:00+00:00,155.7171269987306,156.0600575177212,151.37668929729986,151.60203552246094,96970100.0,0.0,-0.05653070684318542,0.0,0.0,0.0,0.0,0.01406325512176614,0.22324725405749152,0.015394194886631855,0.24437526782454028,33.9446463239359,4.683368220421329,4.749287960627216,1.0287763197302375,155.0319227232753,-0.022624281982719163,155.3453140258789,164.0611301361788,146.629497915579,0.11221215348469325,0.285259437782633,152.9779301635866,156.00297311204685,-3.0250429484602535,-2.999463046253018,-0.025579902207235605,-0.8589622488694671,-1.5457783769417317
2022-03-21 05:00:00+00:00,155.7171269987306,156.0600575177212,151.37668929729986,151.60203552246094,96970100.0,0.0,-0.05653070684318542,0.0,0.0,0.0,0.0,0.01404069597275916,0.2228891386691212,0.015394194886631855,0.24437526782454028,33.9446463239359,4.683368220421329,4.744579407755367,1.0214637253555803,154.6426844790812,-0.020056781864051985,154.93037338256835,163.52231104283197,146.33843572230472,0.11091353454687185,0.3063104044911513,152.76625406495188,155.67697773504048,-2.9107236700886006,-2.9817151710201344,0.07099150093153384,-0.7747583820353936,-1.491819069087916
2022-03-22 05:00:00+00:00,155.7171269987306,156.0600575177212,151.37668929729986,151.60203552246094,96970100.0,0.0,-0.05653070684318542,0.0,0.0,0.0,0.0,0.013913853118360762,0.2208755707791788,0.015234864646148951,0.24184597866864102,33.9446463239359,4.683368220421329,4.7402071800886505,1.0122693558603832,154.1329925166955,-0.01669474282130989,154.350830078125,162.12044250421417,146.58121765203583,0.10067470867706461,0.3231060698450008,152.58714351995326,155.37513016373828,-2.7879866437850183,-2.9429694655731113,0.15498282178809308,-0.707575720619996,-1.4478014327914313
2022-03-23 05:00:00+00:00,155.7171269987306,156.0600575177212,151.37668929729986,151.60203552246094,96970100.0,0.0,-0.05653070684318542,0.0,0.0,0.0,0.0,0.012910048670793409,0.20494066917995604,0.015023326669762888,0.23848791739846076,33.9446463239359,4.683368220421329,4.736147254398127,1.0016605318422513,153.66024118132555,-0.013576372189011079,153.7874526977539,160.5212090349807,147.0536963605271,0.08757224622818843,0.3377267407783125,152.43558844341598,155.09564167179178,-2.6600532283758014,-2.8863862181336497,0.22633298975784832,-0.6490930368867499,-1.4061357866289381
2022-03-24 05:00:00+00:00,155.7171269987306,156.0600575177212,151.37668929729986,151.60203552246094,96970100.0,0.0,-0.05653070684318542,0.0,0.0,0.0,0.0,0.012929002180650578,0.20524154682127932,0.014976741087670624,0.23774839420907687,33.944646323935885,4.683368220421329,4.732377323399785,0.9948611376574712,153.29105855463004,-0.01114116328549469,153.37398300170898,159.52512555439523,147.22284044902273,0.08021102969749065,0.35596598810133107,152.3073495324998,154.8368560311006,-2.529506498600796,-2.815010274227079,0.28550377562628304,-0.5761360475946755,-1.3665932627750446
2022-03-25 05:00:00+00:00,155.7171269987306,156.0600575177212,151.37668929729986,151.60203552246094,96970100.0,0.0,-0.05653070684318542,0.0,0.0,0.0,0.0,0.012466736088207383,0.1979033001004256,0.014899435631563158,0.23652120813798422,33.944646323935885,4.683368220421329,4.728876673187038,0.9881534313228214,152.92685424812413,-0.008738792464741747,152.96051330566405,158.33545474784432,147.58557186348378,0.07027881021083421,0.37362859690504224,152.19883968480153,154.5972396971273,-2.398400012325766,-2.731688221846816,0.3332882095210503,-0.5054856123798309,-1.3316630754997332
2022-03-26 05:00:00+00:00,155.7171269987306,156.0600575177212,151.37668929729986,151.60203552246094,96970100.0,0.0,-0.05653070684318542,0.0,0.0,0.0,0.0,0.012466736088207383,0.1979033001004256,0.014899435631563158,0.23652120813798422,33.944646323935885,4.683368220421329,4.725626069418059,0.9815355706828371,152.56752823939777,-0.006368599957180599,152.54704360961915,156.84864759177978,148.24543962745852,0.05639708093155576,0.39015631249676874,152.10702365982604,154.37537272122606,-2.2683490614000164,-2.6390203897574565,0.3706713283574401,-0.439374750012925,-1.3053617227530594
2022-03-27 05:00:00+00:00,155.7171269987306,156.0600575177212,151.37668929729986,151.60203552246094,96970100.0,0.0,-0.05653070684318542,0.0,0.0,0.0,0.0,0.012466736088207383,0.1979033001004256,0.014899435631563158,0.23652120813798422,33.944646323935885,4.683368220421329,4.722607651632578,0.9812617847804804,152.34882225608766,-0.004925967722353429,152.3231628417969,156.30481309722524,148.34151258636854,0.052278986086491626,0.4094436636727691,152.02933317715448,154.16994033613233,-2.1406071589778435,-2.539337743601534,0.3987305846236904,-0.3622253453089224,-1.2803410557273407
2022-03-28 05:00:00+00:00,155.7171269987306,156.0600575177212,151.37668929729986,151.60203552246094,96970100.0,0.0,-0.05653070684318542,0.0,0.0,0.0,0.0,0.011459060672663435,0.18190694878960786,0.014890311519956706,0.2363763673565138,33.944646323935885,4.683368220421329,4.719804835117489,0.9985291866629301,152.18267200602284,-0.003830004534971287,152.19040069580078,156.07643547094378,148.30436592065777,0.051068066808108825,0.4242974899371318,151.9635950764324,153.97972516474925,-2.0161300883168565,-2.4346962125445986,0.4185661242277421,-0.30281004025147396,-1.2580929664780398
2022-03-29 05:00:00+00:00,155.7171269987306,156.0600575177212,151.37668929729986,151.60203552246094,96970100.0,0.0,-0.05653070684318542,0.0,0.0,0.0,0.0,0.011212169627164911,0.1779876749457009,0.014826368629140278,0.23536130543324885,33.9446463239359,4.683368220421329,4.717202219782049,0.9957018111804455,151.80286970702224,-0.0013247459631341608,151.7877067565918,153.4484007605202,150.1270127526634,0.021881798459364075,0.4440983005623984,151.90797052966755,153.80360000606123,-1.8956294763936796,-2.326882865314415,0.4312533889207355,-0.22360679775040684,-1.2148964653790004
2022-03-30 05:00:00+00:00,155.7171269987306,156.0600575177212,151.37668929729986,151.60203552246094,96970100.0,0.0,-0.05653070684318542,0.0,0.0,0.0,0.0,0.007802965184653429,0.123868232204929,0.014826493270002976,0.23536328404560422,33.9446463239359,4.683368220421329,4.714785505541998,1.0,151.60203552246094,0.0,151.60203552246094,151.60203552246094,151.60203552246094,0.0,,151.86090360548192,153.64052115542415,-1.7796175499422304,-2.2174298022399785,0.4378122522977481,,-1.1737525316779436
2022-03-31 05:00:00+00:00,155.7171269987306,156.0600575177212,151.37668929729986,151.60203552246094,96970100.0,0.0,-0.05653070684318542,0.0,0.0,0.0,0.0,0.005280736717384071,0.08382909656043497,0.014823234151463069,0.23531154714270497,33.9446463239359,4.683368220421329,4.712541413747664,1.0,151.60203552246094,0.0,151.60203552246094,151.60203552246094,151.60203552246094,0.0,,151.8210777465556,153.48952221964907,-1.6684444730934729,-2.1076327364106775,0.4391882633172046,,-1.1344501913937965
2022-04-01 05:00:00+00:00,155.7171269987306,156.0600575177212,151.37668929729986,151.60203552246094,96970100.0,0.0,-0.05653070684318542,0.0,0.0,0.0,0.0,0.0,0.0,0.012009932327839503,0.19065176521307026,33.9446463239359,4.683368220421329,4.710457614224355,1.0,151.60203552246094,0.0,151.60203552246094,151.60203552246094,151.60203552246094,0.0,,151.78737894284873,153.34970839022773,-1.5623294473789997,-1.998572078604342,0.43624263122534224,,-1.1012439795619031
2022-04-02 05:00:00+00:00,155.7171269987306,156.0600575177212,151.37668929729986,151.60203552246094,96970100.0,0.0,-0.05653070684318542,0.0,0.0,0.0,0.0,0.0,0.0,0.012009932327839503,0.19065176521307026,33.9446463239359,4.683368220421329,4.708522657524139,1.0,151.60203552246094,0.0,151.60203552246094,151.60203552246094,151.60203552246094,0.0,,151.75886457048136,153.2202511407635,-1.4613865702821442,-1.8911349769399024,0.42974840665775815,,-1.0694035416162426
2022-04-03 05:00:00+00:00,155.7171269987306,156.0600575177212,151.37668929729986,151.60203552246094,96970100.0,0.0,-0.05653070684318542,0.0,0.0,0.0,0.0,0.0,0.0,0.012009932327839503,0.19065176521307026,33.944646323935885,4.683368220421329,4.706725912016795,1.0,151.60203552246094,0.0,151.60203552246094,151.60203552246094,151.60203552246094,0.0,,151.73473702463207,153.10038331718553,-1.365646292553464,-1.7860372400626148,0.42039094750915074,,-1.0417986593835935
2022-04-04 05:00:00+00:00,155.7171269987306,156.0600575177212,151.37668929729986,151.60203552246094,96970100.0,0.0,-0.05653070684318542,0.0,0.0,0.0,0.0,0.0,0.0,0.011492985422529769,0.1824454874982262,33.9446463239359,4.683368220421329,4.705057505474262,1.0,151.60203552246094,0.0,151.60203552246094,151.60203552246094,151.60203552246094,0.0,,151.71432140891343,152.98939459165035,-1.275073182736918,-1.6838444285974754,0.40877124586055746,,-1.0102875434976104
2022-04-05 05:00:00+00:00,155.7171269987306,156.0600575177212,151.37668929729986,151.60203552246094,96970100.0,0.0,-0.05653070684318542,0.0,0.0,0.0,0.0,0.0,0.0,0.011494923687145196,0.18247625649511093,33.9446463239359,4.683368220421329,4.703508270827624,1.0,151.60203552246094,0.0,151.60203552246094,151.60203552246094,151.60203552246094,0.0,,151.6970466571515,152.88662725319188,-1.189580596040372,-1.584991662086055,0.3954110660456829,,-0.97965683589617
2022-04-06 05:00:00+00:00,155.7171269987306,156.0600575177212,151.37668929729986,151.60203552246094,96970100.0,0.0,-0.05653070684318542,0.0,0.0,0.0,0.0,0.0,0.0,0.011440980695096241,0.1816199380434933,33.9446463239359,4.683368220421329,4.702069695798603,1.0,151.60203552246094,0.0,151.60203552246094,151.60203552246094,151.60203552246094,0.0,,151.6824295595068,152.79147231017475,-1.1090427506679532,-1.4898018798024346,0.3807591291344814,,-0.9502186982990086
2022-04-07 05:00:00+00:00,155.7171269987306,156.0600575177212,151.37668929729986,151.60203552246094,96970100.0,0.0,-0.05653070684318542,0.0,0.0,0.0,0.0,0.0,0.0,0.0112841006021744,0.17912954377432594,33.9446463239359,4.683368220421329,4.700733876128798,1.0,151.60203552246094,0.0,151.60203552246094,151.60203552246094,151.60203552246094,0.0,,151.67006124611513,152.7033658814552,-1.0333046353400732,-1.3985024309099623,0.36519779556988907,,-0.9219222908333896
2022-04-08 05:00:00+00:00,155.7171269987306,156.0600575177212,151.37668929729986,151.60203552246094,96970100.0,0.0,-0.05653070684318542,0.0,0.0,0.0,0.0,0.0,0.0,0.011286234888280466,0.1791634245159058,33.9446463239359,4.683368220421329,4.699493472149693,1.0,151.60203552246094,0.0,151.60203552246094,151.60203552246094,151.60203552246094,0.0,,151.6595957501683,152.62178585486302,-0.962190104694713,-1.3112399656669125,0.3490498609721995,,-0.8936987321738136
2022-04-09 05:00:00+00:00,155.7171269987306,156.0600575177212,151.37668929729986,151.60203552246094,96970100.0,0.0,-0.05653070684318542,0.0,0.0,0.0,0.0,0.0,0.0,0.011286234888280466,0.1791634245159058,33.9446463239359,4.683368220421329,4.69834166845481,1.0,151.60203552246094,0.0,151.60203552246094,151.60203552246094,151.60203552246094,0.0,,151.65074033052102,152.5462487932036,-0.8955084626825851,-1.228093665070047,0.3325852023874618,,-0.8727292704018099
2022-04-10 05:00:00+00:00,155.7171269987306,156.0600575177212,151.37668929729986,151.60203552246094,96970100.0,0.0,-0.05653070684318542,0.0,0.0,0.0,0.0,0.0,0.0,0.011286234888280466,0.1791634245159058,33.944646323935885,4.683368220421329,4.697272136452418,1.0,151.60203552246094,0.0,151.60203552246094,151.60203552246094,151.60203552246094,0.0,,151.64324728312715,152.47630706944489,-0.8330597863177331,-1.1490868893195842,0.3160271030018511,,-0.8587354605346462
2022-04-11 05:00:00+00:00,155.7171269987306,156.0600575177212,151.37668929729986,151.60203552246094,96970100.0,0.0,-0.05653070684318542,0.0,0.0,0.0,0.0,0.0,0.0,0.01128356625242361,0.17912106123500363,33.9446463239359,4.683368220421329,4.696278999593055,1.0,151.60203552246094,0.0,151.60203552246094,151.60203552246094,151.60203552246094,0.0,,151.63690701225542,152.41154621411272,-0.7746392018572976,-1.074197351827127,0.29955814996982943,,-0.835480857971557
2022-04-12 05:00:00+00:00,155.7171269987306,156.0600575177212,151.37668929729986,151.60203552246094,96970100.0,0.0,-0.05653070684318542,0.0,0.0,0.0,0.0,0.0,0.0,0.01099362567983421,0.17451839733464827,33.944646323935885,4.683368220421329,4.695356801080789,1.0,151.60203552246094,0.0,151.60203552246094,151.60203552246094,151.60203552246094,0.0,,151.63154216767165,152.35158245917555,-0.7200402915038921,-1.0033659397624801,0.28332564825858797,,-0.8079715306902182
2022-04-13 05:00:00+00:00,155.7171269987306,156.0600575177212,151.37668929729986,151.60203552246094,96970100.0,0.0,-0.05653070684318542,0.0,0.0,0.0,0.0,0.0,0.0,0.010919045532414658,0.17333447419776027,33.944646323935885,4.683368220421329,4.694500473890828,1.0,151.60203552246094,0.0,151.60203552246094,151.60203552246094,151.60203552246094,0.0,,151.62700268379308,152.29606046386334,-0.6690577800702613,-0.9365043078240364,0.2674465277537751,,-0.7811124142279852
2022-04-14 05:00:00+00:00,155.7171269987306,156.0600575177212,151.37668929729986,151.60203552246094,96970100.0,0.0,-0.05653070684318542,0.0,0.0,0.0,0.0,0.0,0.0,0.010558180126080773,0.16760591346620587,33.944646323935885,4.683368220421329,4.693705312928721,1.0,151.60203552246094,0.0,151.60203552246094,151.60203552246094,151.60203552246094,0.0,,151.62316158204968,152.24465120894465,-0.6214896268949701,-0.8735013716382232,0.25201174474325305,,-0.754856788228409
2022-04-15 05:00:00+00:00,155.7171269987306,156.0600575177212,151.37668929729986,151.60203552246094,96970100.0,0.0,-0.05653070684318542,0.0,0.0,0.0,0.0,0.0,0.0,0.010283640642325953,0.163247734271706,33.944646323935885,4.683368220421329,4.692966949178193,1.0,151.60203552246094,0.0,151.60203552246094,151.60203552246094,151.60203552246094,0.0,,151.61991141903601,152.19705004698287,-0.5771386279468516,-0.8142288228999489,0.23709019495309736,,-0.7294222009411563
2022-04-16 05:00:00+00:00,155.7171269987306,156.0600575177212,151.37668929729986,151.60203552246094,96970100.0,0.0,-0.05653070684318542,0.0,0.0,0.0,0.0,0.0,0.0,0.010283640642325953,0.163247734271706,33.944646323935885,4.683368220421329,4.69228132569556,1.0,151.60203552246094,0.0,151.60203552246094,151.60203552246094,151.60203552246094,0.0,,151.61716128110137,152.15297489701825,-0.5358136159168794,-0.758545781503335,0.2227321655864556,,-0.7130891446830134
2022-04-17 05:00:00+00:00,155.7171269987306,156.0600575177212,151.37668929729986,151.60203552246094,96970100.0,0.0,-0.05653070684318542,0.0,0.0,0.0,0.0,0.0,0.0,0.010283640642325953,0.163247734271706,33.944646323935885,4.683368220421329,4.6916446753188294,1.0,151.60203552246094,0.0,151.60203552246094,151.60203552246094,151.60203552246094,0.0,,151.61483424131052,152.11216457297695,-0.4973303316664328,-0.7063026915359546,0.20897235986952178,,-0.6991229644130265
2022-04-18 05:00:00+00:00,155.7171269987306,156.0600575177212,151.37668929729986,151.60203552246094,96970100.0,0.0,-0.05653070684318542,0.0,0.0,0.0,0.0,0.0,0.0,0.010278981229836738,0.1631737683914932,33.944646323935885,4.683368220421329,4.6910534999690086,1.0,151.60203552246094,0.0,151.60203552246094,151.60203552246094,151.60203552246094,0.0,,151.61286520764133,152.0743772359017,-0.4615120282603584,-0.6573445588808354,0.195832530620477,,-0.6771164519585438
2022-04-19 05:00:00+00:00,155.7171269987306,156.0600575177212,151.37668929729986,151.60203552246094,96970100.0,0.0,-0.05653070684318542,0.0,0.0,0.0,0.0,0.0,0.0,0.009800405978204741,0.15557662179480267,33.944646323935885,4.683368220421329,4.690504551429889,1.0,151.60203552246094,0.0,151.60203552246094,151.60203552246094,151.60203552246094,0.0,,151.61119910222897,152.03938896083199,-0.4281898586030195,-0.6115136188252723,0.18332376022225283,,-0.6531212486796071
2022-04-20 05:00:00+00:00,155.7171269987306,156.0600575177212,151.37668929729986,151.60203552246094,96970100.0,0.0,-0.05653070684318542,0.0,0.0,0.0,0.0,0.0,0.0,0.009802799124023646,0.15561461180693031,33.944646323935885,4.683368220421329,4.689994813500706,1.0,151.60203552246094,0.0,151.60203552246094,151.60203552246094,151.60203552246094,0.0,,151.60978932072618,152.00699240984153,-0.39720308911535085,-0.5686515128832881,0.17144842376793723,,-0.6296859348370476
2022-04-21 05:00:00+00:00,155.7171269987306,156.0600575177212,151.37668929729986,151.60203552246094,96970100.0,0.0,-0.05653070684318542,0.0,0.0,0.0,0.0,0.0,0.0,0.009472157427179459,0.1503658375894215,33.944646323935885,4.683368220421329,4.689521485423608,1.0,151.60203552246094,0.0,151.60203552246094,151.60203552246094,151.60203552246094,0.0,,151.60859642868536,151.9769956033689,-0.3683991746835318,-0.5286010452433368,0.16020187055980506,,-0.6068790945983616
2022-04-22 05:00:00+00:00,155.7171269987306,156.0600575177212,151.37668929729986,151.60203552246094,96970100.0,0.0,-0.05653070684318542,0.0,0.0,0.0,0.0,0.0,0.0,0.009417813336446576,0.1495031518935907,33.944646323935885,4.683368220421329,4.689081966494874,1.0,151.60203552246094,0.0,151.60203552246094,151.60203552246094,151.60203552246094,0.0,,151.607587058497,151.94922078256087,-0.3416337240638825,-0.491207581007446,0.1495738569435635,,-0.5848330384212505
2022-04-23 05:00:00+00:00,155.7171269987306,156.0600575177212,151.37668929729986,151.60203552246094,96970100.0,0.0,-0.05653070684318542,0.0,0.0,0.0,0.0,0.0,0.0,0.009417813336446576,0.1495031518935907,33.944646323935885,4.683368220421329,4.688673841775335,1.0,151.60203552246094,0.0,151.60203552246094,151.60203552246094,151.60203552246094,0.0,,151.6067329760299,151.9235033558868,-0.31677037985690504,-0.45632014077733785,0.1395497609204328,,-0.559483050882658
2022-04-24 05:00:00+00:00,155.7171269987306,156.0600575177212,151.37668929729986,151.60203552246094,96970100.0,0.0,-0.05653070684318542,0.0,0.0,0.0,0.0,0.0,0.0,0.009417813336446576,0.1495031518935907,33.944646323935885,4.683368220421329,4.688294868821478,1.0,151.60203552246094,0.0,151.60203552246094,151.60203552246094,151.60203552246094,0.0,,151.60601029086544,151.89969092378115,-0.29368063291570934,-0.4237922392050122,0.13011160628930285,,-0.5383323333544779
2022-04-25 05:00:00+00:00,155.7171269987306,156.0600575177212,151.37668929729986,151.60203552246094,96970100.0,0.0,-0.05653070684318542,0.0,0.0,0.0,0.0,0.0,0.0,0.009417813336446576,0.1495031518935907,33.944646323935885,4.683368220421329,4.687942965364324,1.0,151.60203552246094,0.0,151.60203552246094,151.60203552246094,151.60203552246094,0.0,,151.60539878803397,151.8776423755352,-0.27224358750123656,-0.3934825088642571,0.12123892136302056,,-0.5131787309080749
2022-04-26 05:00:00+00:00,155.7171269987306,156.0600575177212,151.37668929729986,151.60203552246094,96970100.0,0.0,-0.05653070684318542,0.0,0.0,0.0,0.0,0.0,0.0,0.009171769703732008,0.14559733031058872,33.944646323935885,4.683368220421329,4.687616197868396,1.0,151.60203552246094,0.0,151.60203552246094,151.60203552246094,151.60203552246094,0.0,,151.60488136256117,151.85722705308524,-0.2523456905240664,-0.365255145196219,0.11290945467215258,,-0.4876530571835679
2022-04-27 05:00:00+00:00,155.7171269987306,156.0600575177212,151.37668929729986,151.60203552246094,96970100.0,0.0,-0.05653070684318542,0.0,0.0,0.0,0.0,0.0,0.0,0.008583526901401288,0.13625926531764385,33.944646323935885,4.683368220421329,4.687312770907891,1.0,151.60203552246094,0.0,151.60203552246094,151.60203552246094,151.60203552246094,0.0,,151.60444354100727,151.83832397674269,-0.23388043573541495,-0.3389802033040582,0.10509976756864325,,-0.4618882595137954
2022-04-28 05:00:00+00:00,155.7171269987306,156.0600575177212,151.37668929729986,151.60203552246094,96970100.0,0.0,-0.05653070684318542,0.0,0.0,0.0,0.0,0.0,0.0,0.008300937943036182,0.13177330467512272,33.944646323935885,4.683368220421329,4.687031017301708,1.0,151.60203552246094,0.0,151.60203552246094,151.60203552246094,151.60203552246094,0.0,,151.60407307661552,151.82082112827737,-0.21674805166185251,-0.3145337729756171,0.09778572131376456,,-0.43578943803845804
2022-04-29 05:00:00+00:00,155.7171269987306,156.0600575177212,151.37668929729986,151.60203552246094,96970100.0,0.0,-0.05653070684318542,0.0,0.0,0.0,0.0,0.0,0.0,0.008115024827729425,0.12882202546372098,33.9446463239359,4.683368220421329,4.68676938895311,1.0,151.60203552246094,0.0,151.60203552246094,151.60203552246094,151.60203552246094,0.0,,151.60375960674557,151.80461478710578,-0.20085518036020744,-0.29179805445253515,0.09094287409232771,,-0.4095431426250388
2022-04-30 05:00:00+00:00,155.7171269987306,156.0600575177212,151.37668929729986,151.60203552246094,96970100.0,0.0,-0.05653070684318542,0.0,0.0,0.0,0.0,0.0,0.0,0.008115024827729425,0.12882202546372098,33.9446463239359,4.683368220421329,4.686526448343697,1.0,151.60203552246094,0.0,151.60203552246094,151.60203552246094,151.60203552246094,0.0,,151.60349436300947,151.7896089156506,-0.1861145526411292,-0.270661354090254,0.0845468014491248,,-0.3817352690517708
2022-05-01 05:00:00+00:00,155.7171269987306,156.0600575177212,151.37668929729986,151.60203552246094,96970100.0,0.0,-0.05653070684318542,0.0,0.0,0.0,0.0,0.0,0.0,0.008115024827729425,0.12882202546372098,33.9446463239359,4.683368220421329,4.686300860634956,1.0,151.60203552246094,0.0,151.60203552246094,151.60203552246094,151.60203552246094,0.0,,151.603269926002,151.77571459022914,-0.1724446642271289,-0.251018016117629,0.07857335189050008,,-0.35753463336343516
2022-05-02 05:00:00+00:00,155.7171269987306,156.0600575177212,151.37668929729986,151.60203552246094,96970100.0,0.0,-0.05653070684318542,0.0,0.0,0.0,0.0,0.0,0.0,0.008109047925320688,0.12872714507941685,33.9446463239359,4.683368220421329,4.686091386333983,1.0,151.60203552246094,0.0,151.60203552246094,151.60203552246094,151.60203552246094,0.0,,151.6030800177649,151.76284947409815,-0.1597694563332368,-0.23276830416075053,0.07299884782751373,,-0.3349566757402357
2022-05-03 05:00:00+00:00,155.7171269987306,156.0600575177212,151.37668929729986,151.60203552246094,96970100.0,0.0,-0.05653070684318542,0.0,0.0,0.0,0.0,0.0,0.0,0.007994026320745501,0.12690123371278353,33.944646323935885,4.683368220421329,4.685896874483079,1.0,151.60203552246094,0.0,151.60203552246094,151.60203552246094,151.60203552246094,0.0,,151.6029193261797,151.7509373295324,-0.14801800335271764,-0.21581824399914395,0.06780024064642631,,-0.30477747249187975
2022-05-04 05:00:00+00:00,155.7171269987306,156.0600575177212,151.37668929729986,151.60203552246094,96970100.0,0.0,-0.05653070684318542,0.0,0.0,0.0,0.0,0.0,0.0,0.007519544761808146,0.11936907247297666,33.944646323935885,4.683368220421329,4.6857162563358115,1.0,151.60203552246094,0.0,151.60203552246094,151.60203552246094,151.60203552246094,0.0,,151.6027833563768,151.73990756604562,-0.13712420966882632,-0.20007943713308043,0.06295522746425411,,-0.27341535063391215
2022-05-05 05:00:00+00:00,155.7171269987306,156.0600575177212,151.37668929729986,151.60203552246094,96970100.0,0.0,-0.05653070684318542,0.0,0.0,0.0,0.0,0.0,0.0,0.007520234292202337,0.11938001842864336,33.944646323935885,4.683368220421329,4.685548539484778,1.0,151.60203552246094,0.0,151.60203552246094,151.60203552246094,151.60203552246094,0.0,,151.60266830500512,151.72969482207637,-0.12702651707124346,-0.18546885312071304,0.05844233604946958,,-0.2422001937518656
2022-05-06 05:00:00+00:00,155.7171269987306,156.0600575177212,151.37668929729986,151.60203552246094,96970100.0,0.0,-0.05653070684318542,0.0,0.0,0.0,0.0,0.0,0.0,0.007181897920886123,0.11400909504069912,33.944646323935885,4.683368220421329,4.685392802408817,1.0,151.60203552246094,0.0,151.60203552246094,151.60203552246094,151.60203552246094,0.0,,151.60257095384446,151.7202385776604,-0.11766762381594731,-0.1719086072597599,0.05424098344381259,,-0.2036012817098337
2022-05-07 05:00:00+00:00,155.7171269987306,156.0600575177212,151.37668929729986,151.60203552246094,96970100.0,0.0,-0.05653070684318542,0.0,0.0,0.0,0.0,0.0,0.0,0.007181897920886123,0.11400909504069912,33.944646323935885,4.683368220421329,4.685248189409711,1.0,151.60203552246094,0.0,151.60203552246094,151.60203552246094,151.60203552246094,0.0,,151.60248857978544,151.71148279579378,-0.10899421600834103,-0.1593257290094761,0.050331513001135086,,-0.1724077089580717
2022-05-08 05:00:00+00:00,155.7171269987306,156.0600575177212,151.37668929729986,151.60203552246094,96970100.0,0.0,-0.05653070684318542,0.0,0.0,0.0,0.0,0.0,0.0,0.007181897920886123,0.11400909504069912,33.944646323935885,4.683368220421329,4.685113905910541,1.0,151.60203552246094,0.0,151.60203552246094,151.60203552246094,151.60203552246094,0.0,,151.6024188786586,151.7033755903617,-0.10095671170310538,-0.14765192554820197,0.04669521384509659,,-0.1290994448722975
2022-05-09 05:00:00+00:00,155.7171269987306,156.0600575177212,151.37668929729986,151.60203552246094,96970100.0,0.0,-0.05653070684318542,0.0,0.0,0.0,0.0,0.0,0.0,0.006541552365761854,0.1038439244886726,33.944646323935885,4.683368220421329,4.684989214089883,1.0,151.60203552246094,0.0,151.60203552246094,151.60203552246094,151.60203552246094,0.0,,151.60235990078203,151.69586891866533,-0.09350901788329224,-0.13682334401522003,0.04331432613192779,,0.0
2022-05-10 05:00:00+00:00,155.7171269987306,156.0600575177212,151.37668929729986,151.60203552246094,96970100.0,0.0,-0.05653070684318542,0.0,0.0,0.0,0.0,0.0,0.0,0.0063801930058306235,0.10128242406012902,33.944646323935885,4.683368220421329,4.684873428827843,1.0,151.60203552246094,0.0,151.60203552246094,151.60203552246094,151.60203552246094,0.0,,151.60230999642494,151.68891829672424,-0.08660830029930366,-0.12678033527203678,0.04017203497273311,,0.0
2022-05-11 05:00:00+00:00,155.7171269987306,156.0600575177212,151.37668929729986,151.60203552246094,96970100.0,0.0,-0.05653070684318542,0.0,0.0,0.0,0.0,0.0,0.0,0.004583953100458722,0.07276799955238356,33.9446463239359,4.683368220421329,4.684765913941663,1.0,151.60203552246094,0.0,151.60203552246094,151.60203552246094,151.60203552246094,0.0,,151.60226776966124,151.68248253566767,-0.08021476600643496,-0.11746722141891641,0.037252455412481456,,0.0
2022-05-12 05:00:00+00:00,155.7171269987306,156.0600575177212,151.37668929729986,151.60203552246094,96970100.0,0.0,-0.05653070684318542,0.0,0.0,0.0,0.0,0.0,0.0,0.003048834765301201,0.04839875146508974,33.9446463239359,4.683368220421329,4.684666078690211,1.0,151.60203552246094,0.0,151.60203552246094,151.60203552246094,151.60203552246094,0.0,,151.60223203932273,151.67652349765234,-0.07429145832961126,-0.10883206880105539,0.03454061047144413,,0.0
2022-05-13 05:00:00+00:00,155.7171269987306,156.0600575177212,151.37668929729986,151.60203552246094,96970100.0,0.0,-0.05653070684318542,0.0,0.0,0.0,0.0,0.0,0.0,0.0,0.0,33.9446463239359,4.683368220421329,4.684573374528148,1.0,151.60203552246094,0.0,151.60203552246094,151.60203552246094,151.60203552246094,0.0,,151.60220180595937,151.67100586986038,-0.06880406390101257,-0.10082646782104683,0.03202240392003426,,0.0
2022-05-14 05:00:00+00:00,155.7171269987306,156.0600575177212,151.37668929729986,151.60203552246094,96970100.0,0.0,-0.05653070684318542,0.0,0.0,0.0,0.0,0.0,0.0,0.0,0.0,33.9446463239359,4.683368220421329,4.684487292091947,1.0,151.60203552246094,0.0,151.60203552246094,151.60203552246094,151.60203552246094,0.0,,151.60217622388268,151.6658969552382,-0.06372073135551659,-0.09340532052794079,0.029684589172424197,,0.0
2022-05-15 05:00:00+00:00,155.7171269987306,156.0600575177212,151.37668929729986,151.60203552246094,96970100.0,0.0,-0.05653070684318542,0.0,0.0,0.0,0.0,0.0,0.0,0.0,0.0,33.9446463239359,4.683368220421329,4.684407358401189,1.0,151.60203552246094,0.0,151.60203552246094,151.60203552246094,151.60203552246094,0.0,,151.6021545775101,151.66116647873616,-0.05901190122605726,-0.08652663666756408,0.027514735441506816,,0.0
2022-05-16 05:00:00+00:00,155.7171269987306,156.0600575177212,151.37668929729986,151.60203552246094,96970100.0,0.0,-0.05653070684318542,0.0,0.0,0.0,0.0,0.0,0.0,0.0,0.0,33.9446463239359,4.683368220421329,4.684333134259771,1.0,151.60203552246094,0.0,151.60203552246094,151.60203552246094,151.60203552246094,0.0,,151.60213626134868,151.65678640790094,-0.05465014655226241,-0.08015133864450374,0.02550119209224133,,0.0
2022-05-17 05:00:00+00:00,155.7171269987306,156.0600575177212,151.37668929729986,151.60203552246094,96970100.0,0.0,-0.05653070684318542,0.0,0.0,0.0,0.0,0.0,0.0,0.0,0.0,33.9446463239359,4.683368220421329,4.6842642118427396,1.0,151.60203552246094,0.0,151.60203552246094,151.60203552246094,151.60203552246094,0.0,,151.60212076305825,151.65273078675722,-0.05061002369896528,-0.07424307565539606,0.023633051956430784,,0.0
2022-05-18 05:00:00+00:00,155.7171269987306,156.0600575177212,151.37668929729986,151.60203552246094,96970100.0,0.0,-0.05653070684318542,0.0,0.0,0.0,0.0,0.0,0.0,0.0,0.0,33.9446463239359,4.683368220421329,4.6842002124554964,1.0,151.60203552246094,0.0,151.60203552246094,151.60203552246094,151.60203552246094,0.0,,151.6021076491202,151.6489755819945,-0.04686793287430646,-0.06876804709917814,0.021900114224871675,,0.0
2022-05-19 05:00:00+00:00,155.7171269987306,156.0600575177212,151.37668929729986,151.60203552246094,96970100.0,0.0,-0.05653070684318542,0.0,0.0,0.0,0.0,0.0,0.0,0.0,0.0,33.9446463239359,4.683368220421329,4.6841407844530565,1.0,151.60203552246094,0.0,151.60203552246094,151.60203552246094,151.60203552246094,0.0,,151.6020965527111,151.64549854054755,-0.043401987836460876,-0.06369483524663469,0.020292847410173814,,0.0
2022-05-20 05:00:00+00:00,155.7171269987306,156.0600575177212,151.37668929729986,151.60203552246094,96970100.0,0.0,-0.05653070684318542,0.0,0.0,0.0,0.0,0.0,0.0,0.0,0.0,33.9446463239359,4.683368220421329,4.684085601307933,1.0,151.60203552246094,0.0,151.60203552246094,151.60203552246094,151.60203552246094,0.0,,151.60208716344184,151.6422790577263,-0.04019189428447589,-0.05899424705420293,0.01880235276972704,,0.0
2022-05-21 05:00:00+00:00,155.7171269987306,156.0600575177212,151.37668929729986,151.60203552246094,96970100.0,0.0,-0.05653070684318542,0.0,0.0,0.0,0.0,0.0,0.0,0.0,0.0,33.9446463239359,4.683368220421329,4.6840343598160326,1.0,151.60203552246094,0.0,151.60203552246094,151.60203552246094,151.60203552246094,0.0,,151.60207921867553,151.63929805511404,-0.037218836438512426,-0.05463916493106483,0.017420328492552407,,0.0
2022-05-22 05:00:00+00:00,155.7171269987306,156.0600575177212,151.37668929729986,151.60203552246094,96970100.0,0.0,-0.05653070684318542,0.0,0.0,0.0,0.0,0.0,0.0,0.0,0.0,33.9446463239359,4.683368220421329,4.683986778430697,1.0,151.60203552246094,0.0,151.60203552246094,151.60203552246094,151.60203552246094,0.0,,151.60207249618097,151.6365378675101,-0.03446537132913363,-0.0506044062106786,0.016139034881544966,,0.0
2022-05-23 05:00:00+00:00,155.7171269987306,156.0600575177212,151.37668929729986,151.60203552246094,96970100.0,0.0,-0.05653070684318542,0.0,0.0,0.0,0.0,0.0,0.0,0.0,0.0,33.944646323935885,4.683368220421329,4.683942595715742,1.0,151.60203552246094,0.0,151.60203552246094,151.60203552246094,151.60203552246094,0.0,,151.60206680791634,151.63398213824718,-0.0319153303308326,-0.0468665910347094,0.014951260703876798,,0.0
2022-05-24 05:00:00+00:00,155.7171269987306,156.0600575177212,151.37668929729986,151.60203552246094,96970100.0,0.0,-0.05653070684318542,0.0,0.0,0.0,0.0,0.0,0.0,0.0,0.0,33.944646323935885,4.683368220421329,4.683901568908998,1.0,151.60203552246094,0.0,151.60203552246094,151.60203552246094,151.60203552246094,0.0,,151.60206199476934,151.631615722263,-0.029553727493663473,-0.04340401832650022,0.013850290832836745,,0.0
2022-05-25 05:00:00+00:00,155.7171269987306,156.0600575177212,151.37668929729986,151.60203552246094,96970100.0,0.0,-0.05653070684318542,0.0,0.0,0.0,0.0,0.0,0.0,0.0,0.0,33.944646323935885,4.683368220421329,4.68386347258845,1.0,151.60203552246094,0.0,151.60203552246094,151.60203552246094,151.60203552246094,0.0,,151.6020579221065,151.62942459635173,-0.027366674245229206,-0.04019654951024602,0.012829875265016812,,0.0
2022-05-26 05:00:00+00:00,155.7171269987306,156.0600575177212,151.37668929729986,151.60203552246094,96970100.0,0.0,-0.05653070684318542,0.0,0.0,0.0,0.0,0.0,0.0,0.0,0.0,33.944646323935885,4.683368220421329,4.683828097433656,1.0,151.60203552246094,0.0,151.60203552246094,151.60203552246094,151.60203552246094,0.0,,151.60205447600717,151.6273957760635,-0.025341300056339833,-0.03722549961946478,0.011884199563124948,,0.0
2022-05-27 05:00:00+00:00,155.7171269987306,156.0600575177212,151.37668929729986,151.60203552246094,96970100.0,0.0,-0.05653070684318542,0.0,0.0,0.0,0.0,0.0,0.0,0.0,0.0,33.944646323935885,4.683368220421329,4.683795249075633,1.0,151.60203552246094,0.0,151.60203552246094,151.60203552246094,151.60203552246094,0.0,,151.60205156007697,151.6255172387596,-0.0234656786826406,-0.034473535432099946,0.011007856749459345,,0.0
2022-05-28 05:00:00+00:00,155.7171269987306,156.0600575177212,151.37668929729986,151.60203552246094,96970100.0,0.0,-0.05653070684318542,0.0,0.0,0.0,0.0,0.0,0.0,0.0,0.0,33.9446463239359,4.683368220421329,4.6837647470288974,1.0,151.60203552246094,0.0,151.60203552246094,151.60203552246094,151.60203552246094,0.0,,151.60204909275143,151.6237778523671,-0.021728759615683657,-0.031924580268816685,0.010195820653133028,,0.0
2022-05-29 05:00:00+00:00,155.7171269987306,156.0600575177212,151.37668929729986,151.60203552246094,96970100.0,0.0,-0.05653070684318542,0.0,0.0,0.0,0.0,0.0,0.0,0.0,0.0,33.9446463239359,4.683368220421329,4.683736423699785,1.0,151.60203552246094,0.0,151.60203552246094,151.60203552246094,151.60203552246094,0.0,,151.6020470050144,151.62216730941108,-0.020120304396670008,-0.02956372509438735,0.009443420697717343,,0.0
2022-05-30 05:00:00+00:00,155.7171269987306,156.0600575177212,151.37668929729986,151.60203552246094,96970100.0,0.0,-0.05653070684318542,0.0,0.0,0.0,0.0,0.0,0.0,0.0,0.0,33.9446463239359,4.683368220421329,4.68371012346561,1.0,151.60203552246094,0.0,151.60203552246094,151.60203552246094,151.60203552246094,0.0,,151.60204523846772,151.62067606593328,-0.01863082746555733,-0.02737714556862135,0.008746318103064019,,0.0
2022-05-31 05:00:00+00:00,155.7171269987306,156.0600575177212,151.37668929729986,151.60203552246094,96970100.0,0.0,-0.05653070684318542,0.0,0.0,0.0,0.0,0.0,0.0,0.0,0.0,33.9446463239359,4.683368220421329,4.68368570181959,1.0,151.60203552246094,0.0,151.60203552246094,151.60203552246094,151.60203552246094,0.0,,151.60204374369744,151.6192952849353,-0.01725154123786865,-0.02535202470247081,0.008100483464602161,,0.0
2022-06-01 05:00:00+00:00,155.7171269987306,156.0600575177212,151.37668929729986,151.60203552246094,96970100.0,0.0,-0.05653070684318542,0.0,0.0,0.0,0.0,0.0,0.0,0.0,0.0,33.9446463239359,4.683368220421329,4.683663024576857,1.0,151.60203552246094,0.0,151.60203552246094,151.60203552246094,151.60203552246094,0.0,,151.6020424788918,151.61801678401127,-0.015974305119470955,-0.02347648078587084,0.0075021756663998865,,0.0
2022-06-02 05:00:00+00:00,155.7171269987306,156.0600575177212,151.37668929729986,151.60203552246094,96970100.0,0.0,-0.05653070684318542,0.0,0.0,0.0,0.0,0.0,0.0,0.0,0.0,33.9446463239359,4.683368220421329,4.683641967137176,1.0,151.60203552246094,0.0,151.60203552246094,151.60203552246094,151.60203552246094,0.0,,151.60204140867165,151.61683298685938,-0.014791578187725918,-0.021739500266241857,0.006947922078515939,,0.0
2022-06-03 05:00:00+00:00,155.7171269987306,156.0600575177212,151.37668929729986,151.60203552246094,96970100.0,0.0,-0.05653070684318542,0.0,0.0,0.0,0.0,0.0,0.0,0.0,0.0,33.9446463239359,4.683368220421329,4.683622413800331,1.0,151.60203552246094,0.0,151.60203552246094,151.60203552246094,151.60203552246094,0.0,,151.60204050310077,151.6157368783854,-0.013696375284638407,-0.020130875269921168,0.006434499985282761,,0.0
2022-06-04 05:00:00+00:00,155.7171269987306,156.0600575177212,151.37668929729986,151.60203552246094,96970100.0,0.0,-0.05653070684318542,0.0,0.0,0.0,0.0,0.0,0.0,0.0,0.0,33.9446463239359,4.683368220421329,4.683604257130402,1.0,151.60203552246094,0.0,151.60203552246094,151.60203552246094,151.60203552246094,0.0,,151.60203973684847,151.61472196313173,-0.012682226283260434,-0.01864114547258902,0.0059589191893285876,,0.0
2022-06-05 05:00:00+00:00,155.7171269987306,156.0600575177212,151.37668929729986,151.60203552246094,96970100.0,0.0,-0.05653070684318542,0.0,0.0,0.0,0.0,0.0,0.0,0.0,0.0,33.9446463239359,4.683368220421329,4.683587397365469,1.0,151.60203552246094,0.0,151.60203552246094,151.60203552246094,151.60203552246094,0.0,,151.60203908848115,151.61378222678573,-0.01174313830458118,-0.017261544038987456,0.005518405734406276,,0.0
2022-06-06 05:00:00+00:00,155.7171269987306,156.0600575177212,151.37668929729986,151.60203552246094,96970100.0,0.0,-0.05653070684318542,0.0,0.0,0.0,0.0,0.0,0.0,0.0,0.0,33.9446463239359,4.683368220421329,4.683571741869459,1.0,151.60203552246094,0.0,151.60203552246094,151.60203552246094,151.60203552246094,0.0,,151.60203853986266,151.61291210053943,-0.010873560676770921,-0.01598394736654415,0.00511038668977323,,0.0
2022-06-07 05:00:00+00:00,155.7171269987306,156.0600575177212,151.37668929729986,151.60203552246094,96970100.0,0.0,-0.05653070684318542,0.0,0.0,0.0,0.0,0.0,0.0,0.0,0.0,33.9446463239359,4.683368220421329,4.683557204623164,1.0,151.60203552246094,0.0,151.60203552246094,151.60203552246094,151.60203552246094,0.0,,151.60203807564702,151.61210642808916,-0.010068352442146988,-0.01480082838166472,0.004732475939517731,,0.0
2022-06-08 05:00:00+00:00,155.7171269987306,156.0600575177212,151.37668929729986,151.60203552246094,96970100.0,0.0,-0.05653070684318542,0.0,0.0,0.0,0.0,0.0,0.0,0.0,0.0,33.944646323935885,4.683368220421329,4.683543705751605,1.0,151.60203552246094,0.0,151.60203552246094,151.60203552246094,151.60203552246094,0.0,,151.60203768284916,151.61136043507966,-0.009322752230502829,-0.013705213151432341,0.004382460920929513,,0.0
2022-06-09 05:00:00+00:00,155.7171269987306,156.0600575177212,151.37668929729986,151.60203552246094,96970100.0,0.0,-0.05653070684318542,0.0,0.0,0.0,0.0,0.0,0.0,0.0,0.0,33.944646323935885,4.683368220421329,4.683531171085157,1.0,151.60203552246094,0.0,151.60203552246094,151.60203552246094,151.60203552246094,0.0,,151.60203735048174,151.6106697008116,-0.008632350329861538,-0.012690640587118182,0.004058290257256644,,0.0
2022-06-10 05:00:00+00:00,155.7171269987306,156.0600575177212,151.37668929729986,151.60203552246094,96970100.0,0.0,-0.05653070684318542,0.0,0.0,0.0,0.0,0.0,0.0,0.0,0.0,33.944646323935885,4.683368220421329,4.683519531752027,1.0,151.60203552246094,0.0,151.60203552246094,151.60203552246094,151.60203552246094,0.0,,151.60203706924776,151.61003013204487,-0.007993062797112316,-0.011751125029117009,0.0037580622320046927,,0.0
2022-06-11 05:00:00+00:00,155.7171269987306,156.0600575177212,151.37668929729986,151.60203552246094,96970100.0,0.0,-0.05653070684318542,0.0,0.0,0.0,0.0,0.0,0.0,0.0,0.0,33.944646323935885,4.683368220421329,4.683508723799834,1.0,151.60203552246094,0.0,151.60203552246094,151.60203552246094,151.60203552246094,0.0,,151.60203683128054,151.60943793874233,-0.00740110746178857,-0.01088112151565132,0.003480014053862751,,0.0
2022-06-12 05:00:00+00:00,155.7171269987306,156.0600575177212,151.37668929729986,151.60203552246094,96970100.0,0.0,-0.05653070684318542,0.0,0.0,0.0,0.0,0.0,0.0,0.0,0.0,33.944646323935885,4.683368220421329,4.683498687844227,1.0,151.60203552246094,0.0,151.60203552246094,151.60203552246094,151.60203552246094,0.0,,151.60203662992367,151.60888961161035,-0.00685298168667714,-0.010075493549856486,0.0032225118631793465,,0.0
2022-06-13 05:00:00+00:00,155.7171269987306,156.0600575177212,151.37668929729986,151.60203552246094,96970100.0,0.0,-0.05653070684318542,0.0,0.0,0.0,0.0,0.0,0.0,0.0,0.0,33.9446463239359,4.683368220421329,4.683489368742592,1.0,151.60203552246094,0.0,151.60203552246094,151.60203552246094,151.60203552246094,0.0,,151.6020364595448,151.60838190130298,-0.0063454417581851885,-0.009329483191522228,0.0029840414333370396,,0.0
2022-06-14 05:00:00+00:00,155.7171269987306,156.0600575177212,151.37668929729986,151.60203552246094,96970100.0,0.0,-0.05653070684318542,0.0,0.0,0.0,0.0,0.0,0.0,0.0,0.0,33.9446463239359,4.683368220421329,4.683480715291073,1.0,151.60203552246094,0.0,151.60203552246094,151.60203552246094,151.60203552246094,0.0,,151.60203631537803,151.60791179916652,-0.005875483788486235,-0.00863868331091503,0.002763199522428794,,0.0
2022-06-15 05:00:00+00:00,155.7171269987306,156.0600575177212,151.37668929729986,151.60203552246094,96970100.0,0.0,-0.05653070684318542,0.0,0.0,0.0,0.0,0.0,0.0,0.0,0.0,33.9446463239359,4.683368220421329,4.683472679943234,1.0,151.60203552246094,0.0,151.60203552246094,151.60203552246094,151.60203552246094,0.0,,151.60203619339077,151.60747651941054,-0.005440326019765962,-0.007999011852685216,0.002558685832919254,,0.0
2022-06-16 05:00:00+00:00,155.7171269987306,156.0600575177212,151.37668929729986,151.60203552246094,96970100.0,0.0,-0.05653070684318542,0.0,0.0,0.0,0.0,0.0,0.0,0.0,0.0,33.9446463239359,4.683368220421329,4.683465218548813,1.0,151.60203552246094,0.0,151.60203552246094,151.60203552246094,151.60203552246094,0.0,,151.6020360901708,151.60707348259945,-0.005037392428647536,-0.00740668796787768,0.0023692955392301445,,0.0
2022-06-17 05:00:00+00:00,155.7171269987306,156.0600575177212,151.37668929729986,151.60203552246094,96970100.0,0.0,-0.05653070684318542,0.0,0.0,0.0,0.0,0.0,0.0,0.0,0.0,33.9446463239359,4.683368220421329,4.683458290111136,1.0,151.60203552246094,0.0,151.60203552246094,151.60203552246094,151.60203552246094,0.0,,151.6020360028308,151.60670030036695,-0.004664297536152162,-0.006858209881532577,0.0021939123453804145,,0.0
2022-06-18 05:00:00+00:00,155.7171269987306,156.0600575177212,151.37668929729986,151.60203552246094,96970100.0,0.0,-0.05653070684318542,0.0,0.0,0.0,0.0,0.0,0.0,0.0,0.0,33.9446463239359,4.683368220421329,4.683451856561864,1.0,151.60203552246094,0.0,151.60203552246094,151.60203552246094,151.60203552246094,0.0,,151.60203592892773,151.6063547612628,-0.004318832335059142,-0.006350334372237891,0.002031502037178749,,0.0
2022-06-19 05:00:00+00:00,155.7171269987306,156.0600575177212,151.37668929729986,151.60203552246094,96970100.0,0.0,-0.05653070684318542,0.0,0.0,0.0,0.0,0.0,0.0,0.0,0.0,33.944646323935885,4.683368220421329,4.683445882551826,1.0,151.60203552246094,0.0,151.60203552246094,151.60203552246094,151.60203552246094,0.0,,151.60203586639437,151.60603481764784,-0.003998951253464611,-0.005880057748483235,0.0018811064950186238,,0.0
2022-06-20 05:00:00+00:00,155.7171269987306,156.0600575177212,151.37668929729986,151.60203552246094,96970100.0,0.0,-0.05653070684318542,0.0,0.0,0.0,0.0,0.0,0.0,0.0,0.0,33.944646323935885,4.683368220421329,4.68344033525679,1.0,151.60203552246094,0.0,151.60203552246094,151.60203552246094,151.60203552246094,0.0,,151.60203581348154,151.6057385735599,-0.003702760078368783,-0.005444598214460345,0.0017418381360915615,,0.0
2022-06-21 05:00:00+00:00,155.7171269987306,156.0600575177212,151.37668929729986,151.60203552246094,96970100.0,0.0,-0.05653070684318542,0.0,0.0,0.0,0.0,0.0,0.0,0.0,0.0,33.944646323935885,4.683368220421329,4.683435184197115,1.0,151.60203552246094,0.0,151.60203552246094,151.60203552246094,151.60203552246094,0.0,,151.60203576870913,151.60546427347847,-0.0034285047693458637,-0.005041379525437449,0.0016128747560915854,,0.0
2022-06-22 05:00:00+00:00,155.7171269987306,156.0600575177212,151.37668929729986,151.60203552246094,96970100.0,0.0,-0.05653070684318542,0.0,0.0,0.0,0.0,0.0,0.0,0.0,0.0,33.944646323935885,4.683368220421329,4.683430401070273,1.0,151.60203552246094,0.0,151.60203552246094,151.60203552246094,151.60203552246094,0.0,,151.60203573082478,151.60521029192162,-0.003174561096841444,-0.004668015839718248,0.0014934547428768043,,0.0
2022-06-23 05:00:00+00:00,155.7171269987306,156.0600575177212,151.37668929729986,151.60203552246094,96970100.0,0.0,-0.05653070684318542,0.0,0.0,0.0,0.0,0.0,0.0,0.0,0.0,33.944646323935885,4.683368220421329,4.683425959595349,1.0,151.60203552246094,0.0,151.60203552246094,151.60203552246094,151.60203552246094,0.0,,151.6020356987688,151.6049751238134,-0.002939425044615973,-0.004322297680697793,0.0013828726360818203,,0.0
2022-06-24 05:00:00+00:00,155.7171269987306,156.0600575177212,151.37668929729986,151.60203552246094,96970100.0,0.0,-0.05653070684318542,0.0,0.0,0.0,0.0,0.0,0.0,0.0,0.0,33.944646323935885,4.683368220421329,4.683421835368633,1.0,151.60203552246094,0.0,151.60203552246094,151.60203552246094,151.60203552246094,0.0,,151.6020356716445,151.60475737556507,-0.002721703920570917,-0.004002178928672418,0.001280475008101501,,0.0
2022-06-25 05:00:00+00:00,155.7171269987306,156.0600575177212,151.37668929729986,151.60203552246094,96970100.0,0.0,-0.05653070684318542,0.0,0.0,0.0,0.0,0.0,0.0,0.0,0.0,33.944646323935885,4.683368220421329,4.68341800572954,1.0,151.60203552246094,0.0,151.60203552246094,151.60203552246094,151.60203552246094,0.0,,151.60203564869317,151.6045557568166,-0.0025201081234342837,-0.0037057647676247913,0.0011856566441905076,,0.0
2022-06-26 05:00:00+00:00,155.7171269987306,156.0600575177212,151.37668929729986,151.60203552246094,96970100.0,0.0,-0.05653070684318542,0.0,0.0,0.0,0.0,0.0,0.0,0.0,0.0,33.944646323935885,4.683368220421329,4.683414449636096,1.0,151.60203552246094,0.0,151.60203552246094,151.60203552246094,151.60203552246094,0.0,,151.60203562927282,151.60436907279026,-0.0023334435174433565,-0.0034313005175885046,0.001097857000145148,,0.0
2022-06-27 05:00:00+00:00,155.7171269987306,156.0600575177212,151.37668929729986,151.60203552246094,96970100.0,0.0,-0.05653070684318542,0.0,0.0,0.0,0.0,0.0,0.0,0.0,0.0,33.944646323935885,4.683368220421329,4.683411147549327,1.0,151.60203552246094,0.0,151.60203552246094,151.60203552246094,151.60203552246094,0.0,,151.6020356128402,151.6041962172103,-0.0021606043700899136,-0.0031771612880887867,0.0010165569179988732,,0.0
2022-06-28 05:00:00+00:00,155.7171269987306,156.0600575177212,151.37668929729986,151.60203552246094,96970100.0,0.0,-0.05653070684318542,0.0,0.0,0.0,0.0,0.0,0.0,0.0,0.0,33.944646323935885,4.683368220421329,4.683408081325899,1.0,151.60203552246094,0.0,151.60203552246094,151.60203552246094,151.60203552246094,0.0,,151.60203559893571,151.60403616574737,-0.00200056681165961,-0.0029418423928029517,0.0009412755811433419,,0.0
2022-06-29 05:00:00+00:00,155.7171269987306,156.0600575177212,151.37668929729986,151.60203552246094,96970100.0,0.0,-0.05653070684318542,0.0,0.0,0.0,0.0,0.0,0.0,0.0,0.0,33.944646323935885,4.683368220421329,4.68340523411843,1.0,151.60203552246094,0.0,151.60203552246094,151.60203552246094,151.60203552246094,0.0,,151.60203558717035,151.60388796994837,-0.0018523827780256852,-0.0027239504698474987,0.0008715676918218136,,0.0
2022-06-30 05:00:00+00:00,155.7171269987306,156.0600575177212,151.37668929729986,151.60203552246094,96970100.0,0.0,-0.05653070684318542,0.0,0.0,0.0,0.0,0.0,0.0,0.0,0.0,33.944646323935885,4.683368220421329,4.683402590282923,1.0,151.60203552246094,0.0,151.60203552246094,151.60203552246094,151.60203552246094,0.0,,151.60203557721505,151.60375075161596,-0.0017151744009140657,-0.0025221952560608124,0.0008070208551467467,,0.0
2022-07-01 05:00:00+00:00,155.7171269987306,156.0600575177212,151.37668929729986,151.60203552246094,96970100.0,0.0,-0.05653070684318542,0.0,0.0,0.0,0.0,0.0,0.0,0.0,0.0,33.944646323935885,4.683368220421329,4.68340013529281,1.0,151.60203552246094,0.0,151.60203552246094,151.60203552246094,151.60203552246094,0.0,,151.60203556879134,151.60362369760446,-0.0015881288131254223,-0.0023353819674737345,0.0007472531543483121,,0.0
2022-07-02 05:00:00+00:00,155.7171269987306,156.0600575177212,151.37668929729986,151.60203552246094,96970100.0,0.0,-0.05653070684318542,0.0,0.0,0.0,0.0,0.0,0.0,0.0,0.0,33.944646323935885,4.683368220421329,4.683397855659132,1.0,151.60203552246094,0.0,151.60203552246094,151.60203552246094,151.60203552246094,0.0,,151.60203556166357,151.60350605500122,-0.001470493337649259,-0.0021624042415088396,0.0006919109038595805,,0.0
2022-07-03 05:00:00+00:00,155.7171269987306,156.0600575177212,151.37668929729986,151.60203552246094,96970100.0,0.0,-0.05653070684318542,0.0,0.0,0.0,0.0,0.0,0.0,0.0,0.0,33.944646323935885,4.683368220421329,4.683395738856432,1.0,151.60203552246094,0.0,151.60203552246094,151.60203552246094,151.60203552246094,0.0,,151.6020355556324,151.6033971266649,-0.0013615710325041164,-0.002002237599707895,0.0006406665672037785,,0.0
2022-07-04 05:00:00+00:00,155.7171269987306,156.0600575177212,151.37668929729986,151.60203552246094,96970100.0,0.0,-0.05653070684318542,0.0,0.0,0.0,0.0,0.0,0.0,0.0,0.0,33.944646323935885,4.683368220421329,4.683393773253925,1.0,151.60203552246094,0.0,151.60203552246094,151.60203552246094,151.60203552246094,0.0,,151.60203555052908,151.60329626709424,-0.0012607165651559171,-0.0018539333927974995,0.0005932168276415824,,0.0
2022-07-05 05:00:00+00:00,155.7171269987306,156.0600575177212,151.37668929729986,151.60203552246094,96970100.0,0.0,-0.05653070684318542,0.0,0.0,0.0,0.0,0.0,0.0,0.0,0.0,33.944646323935885,4.683368220421329,4.683391948051597,1.0,151.60203552246094,0.0,151.60203552246094,151.60203552246094,151.60203552246094,0.0,,151.60203554621089,151.60320287860287,-0.0011673323919865197,-0.0017166131926353036,0.0005492808006487839,,0.0
2022-07-06 05:00:00+00:00,155.7171269987306,156.0600575177212,151.37668929729986,151.60203552246094,96970100.0,0.0,-0.05653070684318542,0.0,0.0,0.0,0.0,0.0,0.0,0.0,0.0,33.944646323935885,4.683368220421329,4.683390253220863,1.0,151.60203552246094,0.0,151.60203552246094,151.60203552246094,151.60203552246094,0.0,,151.60203554255705,151.60311640777752,-0.0010808652204730151,-0.001589463598202846,0.0005085983777298308,,0.0
2022-07-07 05:00:00+00:00,155.7171269987306,156.0600575177212,151.37668929729986,151.60203552246094,96970100.0,0.0,-0.05653070684318542,0.0,0.0,0.0,0.0,0.0,0.0,0.0,0.0,33.944646323935885,4.683368220421329,4.683388679449468,1.0,151.60203552246094,0.0,151.60203552246094,151.60203552246094,151.60203552246094,0.0,,151.60203553946533,151.6030363421985,-0.0010008027331593894,-0.0014717314251941546,0.00047092869203476523,,0.0
2022-07-08 05:00:00+00:00,155.7171269987306,156.0600575177212,151.37668929729986,151.60203552246094,96970100.0,0.0,-0.05653070684318542,0.0,0.0,0.0,0.0,0.0,0.0,0.0,0.0,33.944646323935885,4.683368220421329,4.683387218090315,1.0,151.60203552246094,0.0,151.60203552246094,151.60203552246094,151.60203552246094,0.0,,151.60203553684926,151.6029622074031,-0.0009266705538379938,-0.0013627192509229225,0.0004360486970849287,,0.0
2022-07-09 05:00:00+00:00,155.7171269987306,156.0600575177212,151.37668929729986,151.60203552246094,96970100.0,0.0,-0.05653070684318542,0.0,0.0,0.0,0.0,0.0,0.0,0.0,0.0,33.944646323935885,4.683368220421329,4.683385861113959,1.0,151.60203552246094,0.0,151.60203552246094,151.60203552246094,151.60203552246094,0.0,,151.60203553463566,151.60289356407404,-0.0008580294383762066,-0.0012617812884135793,0.0004037518500373727,,0.0
2022-07-10 05:00:00+00:00,155.7171269987306,156.0600575177212,151.37668929729986,151.60203552246094,96970100.0,0.0,-0.05653070684318542,0.0,0.0,0.0,0.0,0.0,0.0,0.0,0.0,33.944646323935885,4.683368220421329,4.6833846010644855,1.0,151.60203552246094,0.0,151.60203552246094,151.60203552246094,151.60203552246094,0.0,,151.6020355327626,151.602830005436,-0.0007944726733910557,-0.0011683195654090745,0.00037384689201801886,,0.0
2022-07-11 05:00:00+00:00,155.7171269987306,156.0600575177212,151.37668929729986,151.60203552246094,96970100.0,0.0,-0.05653070684318542,0.0,0.0,0.0,0.0,0.0,0.0,0.0,0.0,33.944646323935885,4.683368220421329,4.683383431018546,1.0,151.60203552246094,0.0,151.60203552246094,151.60203552246094,151.60203552246094,0.0,,151.60203553117773,151.60277115484524,-0.0007356236675093442,-0.0010817803858291285,0.0003461567183197843,,0.0
2022-07-12 05:00:00+00:00,155.7171269987306,156.0600575177212,151.37668929729986,151.60203552246094,96970100.0,0.0,-0.05653070684318542,0.0,0.0,0.0,0.0,0.0,0.0,0.0,0.0,33.944646323935885,4.683368220421329,4.683382344547317,1.0,151.60203552246094,0.0,151.60203552246094,151.60203552246094,151.60203552246094,0.0,,151.60203552983668,151.60271666355752,-0.0006811337208318946,-0.0010016510528296817,0.0003205173319977871,,0.0
2022-07-13 05:00:00+00:00,155.7171269987306,156.0600575177212,151.37668929729986,151.60203552246094,96970100.0,0.0,-0.05653070684318542,0.0,0.0,0.0,0.0,0.0,0.0,0.0,0.0,33.944646323935885,4.683368220421329,4.683381335681175,1.0,151.60203552246094,0.0,151.60203552246094,151.60203552246094,151.60203552246094,0.0,,151.60203552870195,151.60266620866147,-0.0006306799595279244,-0.0009274568341693303,0.00029677687464140586,,0.0
2022-07-14 05:00:00+00:00,155.7171269987306,156.0600575177212,151.37668929729986,151.60203552246094,96970100.0,0.0,-0.05653070684318542,0.0,0.0,0.0,0.0,0.0,0.0,0.0,0.0,33.944646323935885,4.683368220421329,4.683380398876901,1.0,151.60203552246094,0.0,151.60203552246094,151.60203552246094,151.60203552246094,0.0,,151.60203552774178,151.60261949116511,-0.0005839634233382185,-0.0008587581520031081,0.0002747947286648896,,0.0
2022-07-15 05:00:00+00:00,155.7171269987306,156.0600575177212,151.37668929729986,151.60203552246094,96970100.0,0.0,-0.05653070684318542,0.0,0.0,0.0,0.0,0.0,0.0,0.0,0.0,33.944646323935885,4.683368220421329,4.683379528987217,1.0,151.60203552246094,0.0,151.60203552246094,151.60203552246094,151.60203552246094,0.0,,151.60203552692934,151.60257623422405,-0.0005407072947036795,-0.0007951479805432223,0.0002544406858395428,,0.0
2022-07-16 05:00:00+00:00,155.7171269987306,156.0600575177212,151.37668929729986,151.60203552246094,96970100.0,0.0,-0.05653070684318542,0.0,0.0,0.0,0.0,0.0,0.0,0.0,0.0,33.944646323935885,4.683368220421329,4.683378721232511,1.0,151.60203552246094,0.0,151.60203552246094,151.60203552246094,151.60203552246094,0.0,,151.60203552624188,151.60253618150085,-0.0005006552589748026,-0.0007362494362295384,0.00023559417725473584,,0.0
2022-07-17 05:00:00+00:00,155.7171269987306,156.0600575177212,151.37668929729986,151.60203552246094,96970100.0,0.0,-0.05653070684318542,0.0,0.0,0.0,0.0,0.0,0.0,0.0,0.0,33.944646323935885,4.683368220421329,4.68337797117457,1.0,151.60203552246094,0.0,151.60203552246094,151.60203552246094,151.60203552246094,0.0,,151.6020355256602,151.60249909564604,-0.0004635699858397402,-0.0006817135461515788,0.00021814356031183866,,0.0
2022-07-18 05:00:00+00:00,155.7171269987306,156.0600575177212,151.37668929729986,151.60203552246094,96970100.0,0.0,-0.01082080603541269,0.0,0.0,0.0,0.0,0.0,0.0,0.0,0.0,33.944646323935885,4.683368220421329,4.683377274692196,1.0,151.60203552246094,0.0,151.60203552246094,151.60203552246094,151.60203552246094,0.0,,151.602035525168,151.60246475689158,-0.0004292317235865539,-0.0006312171816385739,0.00020198545805201994,,0.0
2022-07-19 05:00:00+00:00,155.7171269987306,156.0600575177212,151.37668929729986,151.60203552246094,96970100.0,0.0,-0.009917338938395307,0.0,0.0,0.0,0.0,0.0,0.0,0.0,0.0,33.944646323935885,4.683368220421329,4.683376627958563,1.0,151.60203552246094,0.0,151.60203552246094,151.60203552246094,151.60203552246094,0.0,,151.60203552475153,151.60243296174855,-0.00039743699701944024,-0.0005844611447147471,0.00018702414769530688,,0.0
2022-07-20 05:00:00+00:00,155.7171269987306,156.0600575177212,151.37668929729986,151.60203552246094,96970100.0,0.0,-0.01715404875203568,0.0,0.0,0.0,0.0,0.0,0.0,0.0,0.0,33.944646323935885,4.683368220421329,4.68337602742019,1.0,151.60203552246094,0.0,151.60203552246094,151.60203552246094,151.60203552246094,0.0,,151.60203552439913,151.6024035218013,-0.00036799740217929866,-0.0005411683962076575,0.0001731709940283588,,0.0
2022-07-21 05:00:00+00:00,155.7171269987306,156.0600575177212,151.37668929729986,151.60203552246094,96970100.0,0.0,-0.01727948289744751,0.0,0.0,0.0,0.0,0.0,0.0,0.0,0.0,33.944646323935885,4.683368220421329,4.683375469777414,1.0,151.60203552246094,0.0,151.60203552246094,151.60203552246094,151.60203552246094,0.0,,151.60203552410093,151.6023762625909,-0.0003407384899674071,-0.0005010824149596074,0.00016034392499220031,,0.0
2022-07-22 05:00:00+00:00,155.7171269987306,156.0600575177212,151.37668929729986,151.60203552246094,96970100.0,0.0,-0.01204491547938402,0.0,0.0,0.0,0.0,0.0,0.0,0.0,0.0,33.944646323935885,4.683368220421329,4.6833749519662655,1.0,151.60203552246094,0.0,151.60203552246094,151.60203552246094,151.60203552246094,0.0,,151.60203552384863,151.60235102258125,-0.00031549873261838,-0.00046396567849136194,0.00014846694587298192,,0.0
2022-07-23 05:00:00+00:00,155.7171269987306,156.0600575177212,151.37668929729986,151.60203552246094,96970100.0,0.0,-0.01204491547938402,0.0,0.0,0.0,0.0,0.0,0.0,0.0,0.0,33.944646323935885,4.683368220421329,4.683374471141628,1.0,151.60203552246094,0.0,151.60203552246094,151.60203552246094,151.60203552246094,0.0,,151.60203552363512,151.60232765220195,-0.00029212856682647725,-0.00042959825615838503,0.00013746968933190778,,0.0
2022-07-24 05:00:00+00:00,155.7171269987306,156.0600575177212,151.37668929729986,151.60203552246094,96970100.0,0.0,-0.01204491547938402,0.0,0.0,0.0,0.0,0.0,0.0,0.0,0.0,33.944646323935885,4.683368220421329,4.683374024661607,1.0,151.60203552246094,0.0,151.60203552246094,151.60203552246094,151.60203552246094,0.0,,151.60203552345448,151.60230601296186,-0.0002704895073861735,-0.0003977765064039427,0.00012728699901776923,,0.0
2022-07-25 05:00:00+00:00,155.7171269987306,156.0600575177212,151.37668929729986,151.60203552246094,96970100.0,0.0,-0.01202012888969741,0.0,0.0,0.0,0.0,0.0,0.0,0.0,0.0,33.944646323935885,4.683368220421329,4.683373610073016,1.0,151.60203552246094,0.0,151.60203552246094,151.60203552246094,151.60203552246094,0.0,,151.60203552330162,151.60228597662845,-0.0002504533268279374,-0.00036831187048874165,0.00011785854366080424,,0.0
2022-07-26 05:00:00+00:00,155.7171269987306,156.0600575177212,151.37668929729986,151.60203552246094,96970100.0,0.0,-0.00955609395407229,0.0,0.0,0.0,0.0,0.0,0.0,0.0,0.0,33.944646323935885,4.683368220421329,4.683373225097895,1.0,151.60203552246094,0.0,151.60203552246094,151.60203552246094,151.60203552246094,0.0,,151.60203552317228,151.6022674244679,-0.0002319012956206734,-0.000341029755515128,0.00010912845989445461,,0.0
2022-07-27 05:00:00+00:00,155.7171269987306,156.0600575177212,151.37668929729986,151.60203552246094,96970100.0,0.0,-0.003484877578258683,0.0,0.0,0.0,0.0,0.0,0.0,0.0,0.0,33.944646323935885,4.683368220421329,4.683372867620998,1.0,151.60203552246094,0.0,151.60203552246094,151.60203552246094,151.60203552246094,0.0,,151.60203552306282,151.60225024654144,-0.00021472347862072638,-0.0003157685001362477,0.00010104502151552132,,0.0
2022-07-28 05:00:00+00:00,155.7171269987306,156.0600575177212,151.37668929729986,151.60203552246094,96970100.0,0.0,0.007137189878257728,0.0,0.0,0.0,0.0,0.0,0.0,0.0,0.0,33.944646323935885,4.683368220421329,4.683372535678164,1.0,151.60203552246094,0.0,151.60203552246094,151.60203552246094,151.60203552246094,0.0,,151.60203552297023,151.602234341054,-0.00019881808375998844,-0.00029237841686099585,9.356033310100741e-05,,0.0
2022-07-29 05:00:00+00:00,155.7171269987306,156.0600575177212,151.37668929729986,151.60203552246094,96970100.0,0.0,0.013593256706780158,0.0,0.0,0.0,0.0,0.0,0.0,0.0,0.0,33.944646323935885,4.683368220421329,4.683372227445534,1.0,151.60203552246094,0.0,151.60203552246094,151.60203552246094,151.60203552246094,0.0,,151.60203552289187,151.60221961375078,-0.00018409085890880306,-0.0002707209052705573,8.663004636175425e-05,,0.0
2022-07-30 05:00:00+00:00,155.7171269987306,156.0600575177212,151.37668929729986,151.60203552246094,96970100.0,0.0,0.013593256706780158,0.0,0.0,0.0,0.0,0.0,0.0,0.0,0.0,33.944646323935885,4.683368220421329,4.683371941229519,1.0,151.60203552246094,0.0,151.60203552246094,151.60203552246094,151.60203552246094,0.0,,151.60203552282556,151.60220597735892,-0.00017045453336095306,-0.00025066763088863646,8.02130975276834e-05,,0.0
2022-07-31 05:00:00+00:00,155.7171269987306,156.0600575177212,151.37668929729986,151.60203552246094,96970100.0,0.0,0.013593256706780158,0.0,0.0,0.0,0.0,0.0,0.0,0.0,0.0,33.944646323935885,4.683368220421329,4.683371675457506,1.0,151.60203552246094,0.0,151.60203552246094,151.60203552246094,151.60203552246094,0.0,,151.60203552276946,151.60219335107016,-0.00015782830070065756,-0.0002320997648510407,7.427146415038313e-05,,0.0
2022-08-01 05:00:00+00:00,155.7171269987306,156.0600575177212,151.37668929729986,151.60203552246094,96970100.0,0.0,0.014710491035210896,0.0,0.0,0.0,0.0,0.0,0.0,0.0,0.0,33.944646323935885,4.683368220421329,4.683371428669208,1.0,151.60203552246094,0.0,151.60203552246094,151.60203552246094,151.60203552246094,0.0,,151.602035522722,151.60218166006206,-0.00014613734006729828,-0.00021490727989429223,6.876993982699394e-05,,0.0
2022-08-02 05:00:00+00:00,155.7171269987306,156.0600575177212,151.37668929729986,151.60203552246094,96970100.0,0.0,0.015634815454706075,0.0,0.0,0.0,0.0,0.0,0.0,0.0,0.0,33.944646323935885,4.683368220421329,4.683371199508645,1.0,151.60203552246094,0.0,151.60203552246094,151.60203552246094,151.60203552246094,0.0,,151.60203552268183,151.60217083505455,-0.00013531237271990904,-0.0001989882984594156,6.367592573950655e-05,,0.0
2022-08-03 05:00:00+00:00,155.7171269987306,156.0600575177212,151.37668929729986,151.60203552246094,96970100.0,0.0,0.016888859864394683,0.0,0.0,0.0,0.0,0.0,0.0,0.0,0.0,33.944646323935885,4.683368220421329,4.683370986716694,1.0,151.60203552246094,0.0,151.60203552246094,151.60203552246094,151.60203552246094,0.0,,151.60203552264784,151.60216081189947,-0.00012528925162769156,-0.00018424848909307081,5.895923746537926e-05,,0.0
2022-08-04 05:00:00+00:00,155.7171269987306,156.0600575177212,151.37668929729986,151.60203552246094,96970100.0,0.0,0.016888859864394683,0.0,0.0,0.0,0.0,0.0,0.0,0.0,0.0,33.944646323935885,4.683368220421329,4.683370789124168,1.0,151.60203552246094,0.0,151.60203552246094,151.60203552246094,151.60203552246094,0.0,,151.60203552261908,151.6021515312003,-0.00011600858121596502,-0.00017060050751764968,5.4591926301684655e-05,,0.0
2022-08-05 05:00:00+00:00,155.7171269987306,156.0600575177212,151.37668929729986,151.60203552246094,96970100.0,0.0,0.004698241938636867,0.0,0.0,0.0,0.0,0.0,0.0,0.0,0.0,33.944646323935885,4.683368220421329,4.683370605645393,1.0,151.60203552246094,0.0,151.60203552246094,151.60203552246094,151.60203552246094,0.0,,151.60203552259475,151.60214293796034,-0.00010741536559066844,-0.00015796347913225344,5.054811354158499e-05,,0.0
2022-08-06 05:00:00+00:00,155.7171269987306,156.0600575177212,151.37668929729986,151.60203552246094,96970100.0,0.0,0.004698241938636867,0.0,0.0,0.0,0.0,0.0,0.0,0.0,0.0,33.944646323935885,4.683368220421329,4.683370435272246,1.0,151.60203552246094,0.0,151.60203552246094,151.60203552246094,151.60203552246094,0.0,,151.60203552257414,151.60213498125665,-9.945868251293177e-05,-0.00014626251980838913,4.680383729545735e-05,,0.0
2022-08-07 05:00:00+00:00,155.7171269987306,156.0600575177212,151.37668929729986,151.60203552246094,96970100.0,0.0,0.004698241938636867,0.0,0.0,0.0,0.0,0.0,0.0,0.0,0.0,33.944646323935885,4.683368220421329,4.683370277068609,1.0,151.60203552246094,0.0,151.60203552246094,151.60203552246094,151.60203552246094,0.0,,151.60203552255672,151.60212761393845,-9.209138173105202e-05,-0.0001354282921929217,4.333691046186968e-05,,0.0
2022-08-08 05:00:00+00:00,155.7171269987306,156.0600575177212,151.37668929729986,151.60203552246094,96970100.0,0.0,0.013233834877061406,0.0,0.0,0.0,0.0,0.0,0.0,0.0,0.0,33.944646323935885,4.683368220421329,4.683370130165232,1.0,151.60203552246094,0.0,151.60203552246094,151.60203552246094,151.60203552246094,0.0,,151.60203552254197,151.6021207923475,-8.526980553824615e-05,-0.0001253965948619866,4.012678932374046e-05,,0.0
2022-08-09 05:00:00+00:00,155.7171269987306,156.0600575177212,151.37668929729986,151.60203552246094,96970100.0,0.0,0.02593548674477366,0.0,0.0,0.0,0.0,0.0,0.0,0.0,0.0,33.944646323935885,4.683368220421329,4.683369993754954,1.0,151.60203552246094,0.0,151.60203552246094,151.60203552246094,151.60203552246094,0.0,,151.6020355225295,151.6021144760596,-7.89535301066735e-05,-0.000116107981910924,3.7154451804250496e-05,,0.0
2022-08-10 05:00:00+00:00,155.7171269987306,156.0600575177212,151.37668929729986,151.60203552246094,96970100.0,0.0,0.024654656766161978,0.0,0.0,0.0,0.0,0.0,0.0,0.0,0.0,33.944646323935885,4.683368220421329,4.683369867088267,1.0,151.60203552246094,0.0,151.60203552246094,151.60203552246094,151.60203552246094,0.0,,151.60203552251895,151.60210862764487,-7.310512592084706e-05,-0.00010750741071290861,3.4402284792061556e-05,,0.0
2022-08-11 05:00:00+00:00,155.7171269987306,156.0600575177212,151.37668929729986,151.60203552246094,96970100.0,0.0,0.022209309280169363,0.0,0.0,0.0,0.0,0.0,0.0,0.0,0.0,33.944646323935885,4.683368220421329,4.6833697494692,1.0,151.60203552246094,0.0,151.60203552246094,151.60203552246094,151.60203552246094,0.0,,151.60203552251002,151.60210321244605,-6.768993603145645e-05,-9.95439157766182e-05,3.1853979745161744e-05,,0.0
2022-08-12 05:00:00+00:00,155.7171269987306,156.0600575177212,151.37668929729986,151.60203552246094,96970100.0,0.0,0.01753319848737906,0.0,0.0,0.0,0.0,0.0,0.0,0.0,0.0,33.944646323935885,4.683368220421329,4.683369640251495,1.0,151.60203552246094,0.0,151.60203552246094,151.60203552246094,151.60203552246094,0.0,,151.60203552250246,151.60209819837306,-6.267587059483049e-05,-9.217030674026067e-05,2.9494436145430182e-05,,0.0
2022-08-13 05:00:00+00:00,155.7171269987306,156.0600575177212,151.37668929729986,151.60203552246094,96970100.0,0.0,0.01753319848737906,0.0,0.0,0.0,0.0,0.0,0.0,0.0,0.0,33.944646323935885,4.683368220421329,4.683369538835055,1.0,151.60203552246094,0.0,151.60203552246094,151.60203552246094,151.60203552246094,0.0,,151.60203552249607,151.60209355571288,-5.803321681696616e-05,-8.534288875560177e-05,2.730967193863561e-05,,0.0
2022-08-14 05:00:00+00:00,155.7171269987306,156.0600575177212,151.37668929729986,151.60203552246094,96970100.0,0.0,0.01753319848737906,0.0,0.0,0.0,0.0,0.0,0.0,0.0,0.0,33.944646323935885,4.683368220421329,4.683369444662646,1.0,151.60203552246094,0.0,151.60203552246094,151.60203552246094,151.60203552246094,0.0,,151.60203552249067,151.60208925695346,-5.373446279577365e-05,-7.902120356363615e-05,2.5286740767862498e-05,,0.0
2022-08-15 05:00:00+00:00,155.7171269987306,156.0600575177212,151.37668929729986,151.60203552246094,96970100.0,0.0,0.026327479930631982,0.0,0.0,0.0,0.0,0.0,0.0,0.0,0.0,33.944646323935885,4.683368220421329,4.683369357216838,1.0,151.60203552246094,0.0,151.60203552246094,151.60203552246094,151.60203552246094,0.0,,151.6020355224861,151.60208527662067,-4.975413457941613e-05,-7.316778976679215e-05,2.341365518737602e-05,,0.0
2022-08-16 05:00:00+00:00,155.7171269987306,156.0600575177212,151.37668929729986,151.60203552246094,96970100.0,0.0,0.04153343498243279,0.0,0.0,0.0,0.0,0.0,0.0,0.0,0.0,33.944646323935885,4.683368220421329,4.683369276017159,1.0,151.60203552246094,0.0,151.60203552246094,151.60203552246094,151.60203552246094,0.0,,151.60203552248223,151.60208159112736,-4.6068645133345854e-05,-6.774796084010289e-05,2.1679315706757036e-05,,0.0
2022-08-17 05:00:00+00:00,155.7171269987306,156.0600575177212,151.37668929729986,151.60203552246094,96970100.0,0.0,0.051511404082918884,0.0,0.0,0.0,0.0,0.0,0.0,0.0,0.0,33.944646323935885,4.683368220421329,4.683369200617458,1.0,151.60203552246094,0.0,151.60203552246094,151.60203552246094,151.60203552246094,0.0,,151.60203552247896,151.60207817863355,-4.265615459075889e-05,-6.27295995902341e-05,2.0073444999475212e-05,,0.0
2022-08-18 05:00:00+00:00,155.7171269987306,156.0600575177212,151.37668929729986,151.60203552246094,96970100.0,0.0,0.05026520152287624,0.0,0.0,0.0,0.0,0.0,0.0,0.0,0.0,33.944646323935885,4.683368220421329,4.683369130603449,1.0,151.60203552246094,0.0,151.60203552246094,151.60203552246094,151.60203552246094,0.0,,151.60203552247617,151.60207501891705,-3.949644087697379e-05,-5.8082967847582044e-05,1.858652697060825e-05,,0.0
2022-08-19 05:00:00+00:00,155.7171269987306,156.0600575177212,151.37668929729986,151.60203552246094,96970100.0,0.0,0.06303630296203806,0.0,0.0,0.0,0.0,0.0,0.0,0.0,0.0,33.944646323935885,4.683368220421329,4.6833690655904405,1.0,151.60203552246094,0.0,151.60203552246094,151.60203552246094,151.60203552246094,0.0,,151.6020355224738,151.6020720932536,-3.657077979823953e-05,-5.378053023771354e-05,1.7209750439474014e-05,,0.0
2022-08-20 05:00:00+00:00,155.7171269987306,156.0600575177212,151.37668929729986,151.60203552246094,96970100.0,0.0,0.06303630296203806,0.0,0.0,0.0,0.0,0.0,0.0,0.0,0.0,33.944646323935885,4.683368220421329,4.683369005221218,1.0,151.60203552246094,0.0,151.60203552246094,151.60203552246094,151.60203552246094,0.0,,151.60203552247182,151.602069384306,-3.3861834168646965e-05,-4.9796791023900227e-05,1.5934956855253262e-05,,0.0
2022-08-21 05:00:00+00:00,155.7171269987306,156.0600575177212,151.37668929729986,151.60203552246094,96970100.0,0.0,0.06303630296203806,0.0,0.0,0.0,0.0,0.0,0.0,0.0,0.0,33.944646323935885,4.683368220421329,4.683368949164083,1.0,151.60203552246094,0.0,151.60203552246094,151.60203552246094,151.60203552246094,0.0,,151.60203552247015,151.60206687602115,-3.135355100880588e-05,-4.610814302088136e-05,1.4754592012075479e-05,,0.0
2022-08-22 05:00:00+00:00,155.7171269987306,156.0600575177212,151.37668929729986,151.60203552246094,96970100.0,0.0,0.05460289646242382,0.0,0.0,0.0,0.0,0.0,0.0,0.0,0.0,33.944646323935885,4.683368220421329,4.68336889711103,1.0,151.60203552246094,0.0,151.60203552246094,151.60203552246094,151.60203552246094,0.0,,151.60203552246873,151.6020645535352,-2.9031066475226908e-05,-4.269272771175047e-05,1.366166123652356e-05,,0.0
2022-08-23 05:00:00+00:00,155.7171269987306,156.0600575177212,151.37668929729986,151.60203552246094,96970100.0,0.0,0.05118283738264831,0.0,0.0,0.0,0.0,0.0,0.0,0.0,0.0,33.944646323935885,4.683368220421329,4.683368848776051,1.0,151.60203552246094,0.0,151.60203552246094,151.60203552246094,151.60203552246094,0.0,,151.60203552246753,151.60206240308526,-2.6880617724600597e-05,-3.95303057143205e-05,1.2649687989719902e-05,,0.0
2022-08-24 05:00:00+00:00,155.7171269987306,156.0600575177212,151.37668929729986,151.60203552246094,96970100.0,0.0,0.06465001455808811,0.0,0.0,0.0,0.0,0.0,0.0,0.0,0.0,33.944646323935885,4.683368220421329,4.683368803893571,1.0,151.60203552246094,0.0,151.60203552246094,151.60203552246094,151.60203552246094,0.0,,151.6020355224665,151.60206041192788,-2.4889461371913058e-05,-3.6602136845839015e-05,1.1712675473925958e-05,,0.0
2022-08-25 05:00:00+00:00,155.7171269987306,156.0600575177212,151.37668929729986,151.60203552246094,96970100.0,0.0,0.04885711075285881,0.0,0.0,0.0,0.0,0.0,0.0,0.0,0.0,33.944646323935885,4.683368220421329,4.683368762216983,1.0,151.60203552246094,0.0,151.60203552246094,151.60203552246094,151.60203552246094,0.0,,151.60203552246566,151.60205856826366,-2.304579800238571e-05,-3.389086907714836e-05,1.0845071074762648e-05,,0.0
2022-08-26 05:00:00+00:00,155.7171269987306,156.0600575177212,151.37668929729986,151.60203552246094,96970100.0,0.0,0.04589797943183607,0.0,0.0,0.0,0.0,0.0,0.0,0.0,0.0,33.944646323935885,4.683368220421329,4.683368723517293,1.0,151.60203552246094,0.0,151.60203552246094,151.60203552246094,151.60203552246094,0.0,,151.60203552246492,151.60205686116714,-2.1338702225648376e-05,-3.138043570684836e-05,1.0041733481199986e-05,,0.0
2022-08-27 05:00:00+00:00,155.7171269987306,156.0600575177212,151.37668929729986,151.60203552246094,96970100.0,0.0,0.04589797943183607,0.0,0.0,0.0,0.0,0.0,0.0,0.0,0.0,33.944646323935885,4.683368220421329,4.683368687581867,1.0,151.60203552246094,0.0,151.60203552246094,151.60203552246094,151.60203552246094,0.0,,151.6020355224643,151.60205528052222,-1.9758057931085204e-05,-2.9055960151695732e-05,9.297902220610527e-06,,0.0
2022-08-28 05:00:00+00:00,155.7171269987306,156.0600575177212,151.37668929729986,151.60203552246094,96970100.0,0.0,0.04589797943183607,0.0,0.0,0.0,0.0,0.0,0.0,0.0,0.0,33.944646323935885,4.683368220421329,4.683368654213257,1.0,151.60203552246094,0.0,151.60203552246094,151.60203552246094,151.60203552246094,0.0,,151.60203552246378,151.60205381696213,-1.8294498346449473e-05,-2.690366779064648e-05,8.609169444197007e-06,,0.0
2022-08-29 05:00:00+00:00,155.7171269987306,156.0600575177212,151.37668929729986,151.60203552246094,96970100.0,0.0,0.04220573610371959,0.0,0.0,0.0,0.0,0.0,0.0,0.0,0.0,33.944646323935885,4.683368220421329,4.6833686232281195,1.0,151.60203552246094,0.0,151.60203552246094,151.60203552246094,151.60203552246094,0.0,,151.60203552246332,151.60205246181388,-1.6939350558686783e-05,-2.4910804344254542e-05,7.971453785567759e-06,,0.0
2022-08-30 05:00:00+00:00,155.7171269987306,156.0600575177212,151.37668929729986,151.60203552246094,96970100.0,0.0,0.0514592587095307,0.0,0.0,0.0,0.0,0.0,0.0,0.0,0.0,33.944646323935885,4.683368220421329,4.683368594456206,1.0,151.60203552246094,0.0,151.60203552246094,151.60203552246094,151.60203552246094,0.0,,151.60203552246296,151.602051207047,-1.5684584042219285e-05,-2.3065560283847492e-05,7.380976241628207e-06,,0.0
2022-08-31 05:00:00+00:00,155.7171269987306,156.0600575177212,151.37668929729986,151.60203552246094,96970100.0,0.0,0.0589527949932527,0.0,0.0,0.0,0.0,0.0,0.0,0.0,0.0,33.944646323935885,4.683368220421329,4.6833685677394294,1.0,151.60203552246094,0.0,151.60203552246094,151.60203552246094,151.60203552246094,0.0,,151.60203552246264,151.6020500452258,-1.4522763166269215e-05,-2.1357000860331838e-05,6.834237694062623e-06,,0.0
2022-09-01 05:00:00+00:00,155.7171269987306,156.0600575177212,151.37668929729986,151.60203552246094,96970100.0,0.0,0.06069025375782416,0.0,0.0,0.0,0.0,0.0,0.0,0.0,0.0,33.944646323935885,4.683368220421329,4.683368542930994,1.0,151.60203552246094,0.0,151.60203552246094,151.60203552246094,151.60203552246094,0.0,,151.6020355224624,151.60204896946544,-1.3447003055944151e-05,-1.9775001299454305e-05,6.3279982435101534e-06,,0.0
2022-09-02 05:00:00+00:00,155.7171269987306,156.0600575177212,151.37668929729986,151.60203552246094,96970100.0,0.0,0.06069025375782416,0.0,0.0,0.0,0.0,0.0,0.0,0.0,0.0,33.944646323935885,4.683368220421329,4.683368519894589,1.0,151.60203552246094,0.0,151.60203552246094,151.60203552246094,151.60203552246094,0.0,,151.60203552246216,151.60204797339102,-1.2450928863927402e-05,-1.8310186812348928e-05,5.859257948421526e-06,,0.0
2022-09-03 05:00:00+00:00,155.7171269987306,156.0600575177212,151.37668929729986,151.60203552246094,96970100.0,0.0,0.06069025375782416,0.0,0.0,0.0,0.0,0.0,0.0,0.0,0.0,33.944646323935885,4.683368220421329,4.683368498503643,1.0,151.60203552246094,0.0,151.60203552246094,151.60203552246094,151.60203552246094,0.0,,151.60203552246196,151.6020470510999,-1.1528637941182751e-05,-1.6953877038115694e-05,5.425239096932943e-06,,0.0
2022-09-04 05:00:00+00:00,155.7171269987306,156.0600575177212,151.37668929729986,151.60203552246094,96970100.0,0.0,0.06069025375782416,0.0,0.0,0.0,0.0,0.0,0.0,0.0,0.0,33.944646323935885,4.683368220421329,4.68336847864062,1.0,151.60203552246094,0.0,151.60203552246094,151.60203552246094,151.60203552246094,0.0,,151.6020355224618,151.60204619712664,-1.0674664849830151e-05,-1.5698034600458584e-05,5.023369750628433e-06,,0.0
2022-09-05 05:00:00+00:00,155.7171269987306,156.0600575177212,151.37668929729986,151.60203552246094,96970100.0,0.0,0.07247190143119947,0.0,0.0,0.0,0.0,0.0,0.0,0.0,0.0,33.944646323935885,4.683368220421329,4.683368460196386,1.0,151.60203552246094,0.0,151.60203552246094,151.60203552246094,151.60203552246094,0.0,,151.60203552246165,151.60204540641064,-9.88394899081868e-06,-1.4535217478530604e-05,4.651268487711923e-06,,0.0
2022-09-06 05:00:00+00:00,155.7171269987306,156.0600575177212,151.37668929729986,151.60203552246094,96970100.0,0.0,0.06976470502027901,0.0,0.0,0.0,0.0,0.0,0.0,0.0,0.0,33.944646323935885,4.683368220421329,4.683368443069596,1.0,151.60203552246094,0.0,151.60203552246094,151.60203552246094,151.60203552246094,0.0,,151.60203552246153,151.6020446742662,-9.151804675866515e-06,-1.3458534917997786e-05,4.306730242131271e-06,,0.0
2022-09-07 05:00:00+00:00,155.7171269987306,156.0600575177212,151.37668929729986,151.60203552246094,96970100.0,0.0,0.07000613053931058,0.0,0.0,0.0,0.0,0.0,0.0,0.0,0.0,33.944646323935885,4.683368220421329,4.683368427166148,1.0,151.60203552246094,0.0,151.60203552246094,151.60203552246094,151.60203552246094,0.0,,151.60203552246145,151.6020439963547,-8.473893245763975e-06,-1.2461606583551026e-05,3.987713337787051e-06,,0.0
2022-09-08 05:00:00+00:00,155.7171269987306,156.0600575177212,151.37668929729986,151.60203552246094,96970100.0,0.0,0.06692308776503009,0.0,0.0,0.0,0.0,0.0,0.0,0.0,0.0,33.944646323935885,4.683368220421329,4.683368412398662,1.0,151.60203552246094,0.0,151.60203552246094,151.60203552246094,151.60203552246094,0.0,,151.60203552246136,151.60204336865885,-7.846197490835038e-06,-1.1538524765007829e-05,3.6923272741727903e-06,,0.0
2022-09-09 05:00:00+00:00,155.7171269987306,156.0600575177212,151.37668929729986,151.60203552246094,96970100.0,0.0,0.06524589933887562,0.0,0.0,0.0,0.0,0.0,0.0,0.0,0.0,33.944646323935885,4.683368220421329,4.683368398685995,1.0,151.60203552246094,0.0,151.60203552246094,151.60203552246094,151.60203552246094,0.0,,151.60203552246128,151.602042787459,-7.264997719858002e-06,-1.0683819355977864e-05,3.4188216361198623e-06,,0.0
2022-09-10 05:00:00+00:00,155.7171269987306,156.0600575177212,151.37668929729986,151.60203552246094,96970100.0,0.0,0.06524589933887562,0.0,0.0,0.0,0.0,0.0,0.0,0.0,0.0,33.944646323935885,4.683368220421329,4.683368385952805,1.0,151.60203552246094,0.0,151.60203552246094,151.60203552246094,151.60203552246094,0.0,,151.60203552246122,151.60204224931098,-6.726849761662379e-06,-9.892425437114768e-06,3.165575675452389e-06,,0.0
2022-09-11 05:00:00+00:00,155.7171269987306,156.0600575177212,151.37668929729986,151.60203552246094,96970100.0,0.0,0.06524589933887562,0.0,0.0,0.0,0.0,0.0,0.0,0.0,0.0,33.944646323935885,4.683368220421329,4.683368374129128,1.0,151.60203552246094,0.0,151.60203552246094,151.60203552246094,151.60203552246094,0.0,,151.60203552246116,151.60204175102578,-6.2285646151849505e-06,-9.159653272728805e-06,2.931088657543854e-06,,0.0
2022-09-12 05:00:00+00:00,155.7171269987306,156.0600575177212,151.37668929729986,151.60203552246094,96970100.0,0.0,0.07852452511997499,0.0,0.0,0.0,0.0,0.0,0.0,0.0,0.0,33.944646323935885,4.683368220421329,4.68336836315,1.0,151.60203552246094,0.0,151.60203552246094,151.60203552246094,151.60203552246094,0.0,,151.60203552246114,151.6020412896506,-5.767189463767863e-06,-8.481160510936616e-06,2.713971047168753e-06,,0.0
2022-09-13 05:00:00+00:00,155.7171269987306,156.0600575177212,151.37668929729986,151.60203552246094,96970100.0,0.0,0.07262150421489387,0.0,0.0,0.0,0.0,0.0,0.0,0.0,0.0,33.944646323935885,4.683368220421329,4.683368352955095,1.0,151.60203552246094,0.0,151.60203552246094,151.60203552246094,151.60203552246094,0.0,,151.6020355224611,151.60204086245136,-5.33999025265075e-06,-7.852926459279443e-06,2.512936206628693e-06,,0.0
2022-09-14 05:00:00+00:00,155.7171269987306,156.0600575177212,151.37668929729986,151.60203552246094,96970100.0,0.0,0.060721318463842516,0.0,0.0,0.0,0.0,0.0,0.0,0.0,0.0,33.944646323935885,4.683368220421329,4.6833683434883975,1.0,151.60203552246094,0.0,151.60203552246094,151.60203552246094,151.60203552246094,0.0,,151.60203552246108,151.6020404668965,-4.944435431752936e-06,-7.271228253774141e-06,2.3267928220212054e-06,,0.0
2022-09-15 05:00:00+00:00,155.7171269987306,156.0600575177212,151.37668929729986,151.60203552246094,96970100.0,0.0,0.05274951269491472,0.0,0.0,0.0,0.0,0.0,0.0,0.0,0.0,33.944646323935885,4.683368220421329,4.683368334697893,1.0,151.60203552246094,0.0,151.60203552246094,151.60203552246094,151.60203552246094,0.0,,151.60203552246105,151.602040100642,-4.578180949010857e-06,-6.732618792821485e-06,2.1544378438106277e-06,,0.0
2022-09-16 05:00:00+00:00,155.7171269987306,156.0600575177212,151.37668929729986,151.60203552246094,96970100.0,0.0,0.05325107334908601,0.0,0.0,0.0,0.0,0.0,0.0,0.0,0.0,33.944646323935885,4.683368220421329,4.683368326535281,1.0,151.60203552246094,0.0,151.60203552246094,151.60203552246094,151.60203552246094,0.0,,151.60203552246102,151.60203976151746,-4.23905643742728e-06,-6.233906321742645e-06,1.994849884315365e-06,,0.0
2022-09-17 05:00:00+00:00,155.7171269987306,156.0600575177212,151.37668929729986,151.60203552246094,96970100.0,0.0,0.05325107334908601,0.0,0.0,0.0,0.0,0.0,0.0,0.0,0.0,33.944646323935885,4.683368220421329,4.683368318955713,1.0,151.60203552246094,0.0,151.60203552246094,151.60203552246094,151.60203552246094,0.0,,151.602035522461,151.60203944751325,-3.925052254771799e-06,-5.772135508348476e-06,1.8470832535766767e-06,,0.0
2022-09-18 05:00:00+00:00,155.7171269987306,156.0600575177212,151.37668929729986,151.60203552246094,96970100.0,0.0,0.05325107334908601,0.0,0.0,0.0,0.0,0.0,0.0,0.0,0.0,33.944646323935885,4.683368220421329,4.683368311917543,1.0,151.60203552246094,0.0,151.60203552246094,151.60203552246094,151.60203552246094,0.0,,151.60203552246097,151.60203915676863,-3.634307660149716e-06,-5.344569938708724e-06,1.710262278559008e-06,,0.0
2022-09-19 05:00:00+00:00,155.7171269987306,156.0600575177212,151.37668929729986,151.60203552246094,96970100.0,0.0,0.05330989762953106,0.0,0.0,0.0,0.0,0.0,0.0,0.0,0.0,33.944646323935885,4.683368220421329,4.6833683053821,1.0,151.60203552246094,0.0,151.60203552246094,151.60203552246094,151.60203552246094,0.0,,151.60203552246097,151.60203888756064,-3.3650996726919402e-06,-4.948675885505368e-06,1.5835762128134278e-06,,0.0
2022-09-20 05:00:00+00:00,155.7171269987306,156.0600575177212,151.37668929729986,151.60203552246094,96970100.0,0.0,0.062297975188352304,0.0,0.0,0.0,0.0,0.0,0.0,0.0,0.0,33.944646323935885,4.683368220421329,4.683368299313473,1.0,151.60203552246094,0.0,151.60203552246094,151.60203552246094,151.60203552246094,0.0,,151.60203552246097,151.60203863829398,-3.115833010269853e-06,-4.582107310458265e-06,1.4662743001884125e-06,,0.0
2022-09-21 05:00:00+00:00,155.7171269987306,156.0600575177212,151.37668929729986,151.60203552246094,96970100.0,0.0,0.06362468685074463,0.0,0.0,0.0,0.0,0.0,0.0,0.0,0.0,33.944646323935885,4.683368220421329,4.6833682936783205,1.0,151.60203552246094,0.0,151.60203552246094,151.60203552246094,151.60203552246094,0.0,,151.60203552246097,151.6020384074915,-2.885030539800937e-06,-4.2426919563268e-06,1.357661416525863e-06,,0.0
2022-09-22 05:00:00+00:00,155.7171269987306,156.0600575177212,151.37668929729986,151.60203552246094,96970100.0,0.0,0.05446739197524651,0.0,0.0,0.0,0.0,0.0,0.0,0.0,0.0,33.944646323935885,4.683368220421329,4.683368288445679,1.0,151.60203552246094,0.0,151.60203552246094,151.60203552246094,151.60203552246094,0.0,,151.60203552246097,151.60203819378552,-2.6713245517839823e-06,-3.928418475418237e-06,1.2570939236342543e-06,,0.0
2022-09-23 05:00:00+00:00,155.7171269987306,156.0600575177212,151.37668929729986,151.60203552246094,96970100.0,0.0,0.057153988990503404,0.0,0.0,0.0,0.0,0.0,0.0,0.0,0.0,33.944646323935885,4.683368220421329,4.6833682835867965,1.0,151.60203552246094,0.0,151.60203552246094,151.60203552246094,151.60203552246094,0.0,,151.60203552246097,151.6020379959096,-2.4734486316901894e-06,-3.6374245066726274e-06,1.163975874982438e-06,,0.0
2022-09-24 05:00:00+00:00,155.7171269987306,156.0600575177212,151.37668929729986,151.60203552246094,96970100.0,0.0,0.057153988990503404,0.0,0.0,0.0,0.0,0.0,0.0,0.0,0.0,33.944646323935885,4.683368220421329,4.683368279074977,1.0,151.60203552246094,0.0,151.60203552246094,151.60203552246094,151.60203552246094,0.0,,151.60203552246097,151.60203781269118,-2.290230213475297e-06,-3.3679856480331616e-06,1.0777554345578644e-06,,0.0
2022-09-25 05:00:00+00:00,155.7171269987306,156.0600575177212,151.37668929729986,151.60203552246094,96970100.0,0.0,0.057153988990503404,0.0,0.0,0.0,0.0,0.0,0.0,0.0,0.0,33.944646323935885,4.683368220421329,4.683368274885431,1.0,151.60203552246094,0.0,151.60203552246094,151.60203552246094,151.60203552246094,0.0,,151.60203552246097,151.6020376430445,-2.1205835309956456e-06,-3.1185052246256585e-06,9.97921693630013e-07,,0.0
2022-09-26 05:00:00+00:00,155.7171269987306,156.0600575177212,151.37668929729986,151.60203552246094,96970100.0,0.0,0.057153988990503404,0.0,0.0,0.0,0.0,0.0,0.0,0.0,0.0,33.944646323935885,4.683368220421329,4.683368270995138,1.0,151.60203552246094,0.0,151.60203552246094,151.60203552246094,151.60203552246094,0.0,,151.60203552246097,151.60203748596422,-1.963503251545262e-06,-2.8875048300095793e-06,9.240015784643172e-07,,0.0
2022-09-27 05:00:00+00:00,155.7171269987306,156.0600575177212,151.37668929729986,151.60203552246094,96970100.0,0.0,0.04787494080754185,0.0,0.0,0.0,0.0,0.0,0.0,0.0,0.0,33.944646323935885,4.683368220421329,4.683368267382724,1.0,151.60203552246094,0.0,151.60203552246094,151.60203552246094,151.60203552246094,0.0,,151.60203552246097,151.60203734051953,-1.8180585641403013e-06,-2.6736155768357237e-06,8.555570126954223e-07,,0.0
2022-09-28 05:00:00+00:00,155.7171269987306,156.0600575177212,151.37668929729986,151.60203552246094,96970100.0,0.0,0.037345778720140686,0.0,0.0,0.0,0.0,0.0,0.0,0.0,0.0,33.944646323935885,4.683368220421329,4.6833682640283385,1.0,151.60203552246094,0.0,151.60203552246094,151.60203552246094,151.60203552246094,0.0,,151.60203552246097,151.60203720584852,-1.6833875520205765e-06,-2.4755699718726943e-06,7.921824198521178e-07,,0.0
2022-09-29 05:00:00+00:00,155.7171269987306,156.0600575177212,151.37668929729986,151.60203552246094,96970100.0,0.0,0.031946630210665745,0.0,0.0,0.0,0.0,0.0,0.0,0.0,0.0,33.944646323935885,4.683368220421329,4.683368260913552,1.0,151.60203552246094,0.0,151.60203552246094,151.60203552246094,151.60203552246094,0.0,,151.60203552246097,151.60203708115313,-1.5586921620069916e-06,-2.292194409899554e-06,7.335022478925623e-07,,0.0
2022-09-30 05:00:00+00:00,155.7171269987306,156.0600575177212,151.37668929729986,151.60203552246094,96970100.0,0.0,0.02525291990654372,0.0,0.0,0.0,0.0,0.0,0.0,0.0,0.0,33.944646323935885,4.683368220421329,4.68336825802125,1.0,151.60203552246094,0.0,151.60203552246094,151.60203552246094,151.60203552246094,0.0,,151.60203552246097,151.60203696569442,-1.4432334580760653e-06,-2.1224022195348563e-06,6.79168761458791e-07,,0.0
2022-10-01 05:00:00+00:00,155.7171269987306,156.0600575177212,151.37668929729986,151.60203552246094,96970100.0,0.0,0.02525291990654372,0.0,0.0,0.0,0.0,0.0,0.0,0.0,0.0,33.944646323935885,4.683368220421329,4.683368255335542,1.0,151.60203552246094,0.0,151.60203552246094,151.60203552246094,151.60203552246094,0.0,,151.60203552246097,151.60203685878824,-1.336327272838389e-06,-1.965187230195563e-06,6.288599573571738e-07,,0.0
2022-10-02 05:00:00+00:00,155.7171269987306,156.0600575177212,151.37668929729986,151.60203552246094,96970100.0,0.0,0.02525291990654372,0.0,0.0,0.0,0.0,0.0,0.0,0.0,0.0,33.944646323935885,4.683368220421329,4.68336825284167,1.0,151.60203552246094,0.0,151.60203552246094,151.60203552246094,151.60203552246094,0.0,,151.60203552246097,151.60203675980102,-1.2373400579690497e-06,-1.8196177957502603e-06,5.822777377812106e-07,,0.0
2022-10-03 05:00:00+00:00,155.7171269987306,156.0600575177212,151.37668929729986,151.60203552246094,96970100.0,0.0,0.022660540442348102,0.0,0.0,0.0,0.0,0.0,0.0,0.0,0.0,33.944646323935885,4.683368220421329,4.683368250525931,1.0,151.60203552246094,0.0,151.60203552246094,151.60203552246094,151.60203552246094,0.0,,151.60203552246097,151.60203666814618,-1.145685217807113e-06,-1.684831280161631e-06,5.391460623545179e-07,,0.0
2022-10-04 05:00:00+00:00,155.7171269987306,156.0600575177212,151.37668929729986,151.60203552246094,96970100.0,0.0,0.016602877963139008,0.0,0.0,0.0,0.0,0.0,0.0,0.0,0.0,33.9446463239359,4.683368220421329,4.6833682483756025,1.0,151.60203552246094,0.0,151.60203552246094,151.60203552246094,151.60203552246094,0.0,,151.60203552246097,151.6020365832806,-1.0608196419070737e-06,-1.5600289525107197e-06,4.99209310603646e-07,,0.0
2022-10-05 05:00:00+00:00,155.7171269987306,156.0600575177212,151.37668929729986,151.60203552246094,96970100.0,0.0,0.016299565874658386,0.0,0.0,0.0,0.0,0.0,0.0,0.0,0.0,33.9446463239359,4.683368220421329,4.683368246378869,1.0,151.60203552246094,0.0,151.60203552246094,151.60203552246094,151.60203552246094,0.0,,151.60203552246097,151.60203650470137,-9.822404081205605e-07,-1.444471243632688e-06,4.622308355121275e-07,,0.0
2022-10-06 05:00:00+00:00,155.7171269987306,156.0600575177212,151.37668929729986,151.60203552246094,96970100.0,0.0,0.014717362812937543,0.0,0.0,0.0,0.0,0.0,0.0,0.0,0.0,33.9446463239359,4.683368220421329,4.683368244524759,1.0,151.60203552246094,0.0,151.60203552246094,151.60203552246094,151.60203552246094,0.0,,151.60203552246097,151.60203643194282,-9.094818551602657e-07,-1.3374733659382037e-06,4.27991510777938e-07,,0.0
2022-10-07 05:00:00+00:00,155.7171269987306,156.0600575177212,151.37668929729986,151.60203552246094,96970100.0,0.0,0.06263963155874139,0.0,0.0,0.0,0.0,0.0,0.0,0.0,0.0,33.9446463239359,4.683368220421329,4.683368242803086,1.0,151.60203552246094,0.0,151.60203552246094,151.60203552246094,151.60203552246094,0.0,,151.60203552246097,151.6020363645738,-8.421128256941302e-07,-1.2384012578893891e-06,3.96288432195259e-07,,0.0
2022-10-08 05:00:00+00:00,155.7171269987306,156.0600575177212,151.37668929729986,151.60203552246094,96970100.0,0.0,0.06263963155874139,0.0,0.0,0.0,0.0,0.0,0.0,0.0,0.0,33.9446463239359,4.683368220421329,4.683368241204389,1.0,151.60203552246094,0.0,151.60203552246094,151.60203552246094,151.60203552246094,0.0,,151.60203552246097,151.60203630219505,-7.797340799697849e-07,-1.1466678223054684e-06,3.6693374233568343e-07,,0.0
2022-10-09 05:00:00+00:00,155.7171269987306,156.0600575177212,151.37668929729986,151.60203552246094,96970100.0,0.0,0.06263963155874139,0.0,0.0,0.0,0.0,0.0,0.0,0.0,0.0,33.9446463239359,4.683368220421329,4.683368239719885,1.0,151.60203552246094,0.0,151.60203552246094,151.60203552246094,151.60203552246094,0.0,,151.60203552246097,151.60203624443696,-7.219759936560877e-07,-1.0617294565755922e-06,3.397534629195045e-07,,0.0
2022-10-10 05:00:00+00:00,155.7171269987306,156.0600575177212,151.37668929729986,151.60203552246094,96970100.0,0.0,0.08289281862103057,0.0,0.0,0.0,0.0,0.0,0.0,0.0,0.0,33.9446463239359,4.683368220421329,4.683368238341417,1.0,151.60203552246094,0.0,151.60203552246094,151.60203552246094,151.60203552246094,0.0,,151.60203552246097,151.60203619095725,-6.68496284106368e-07,-9.830828220817475e-07,3.145865379753795e-07,,0.0
2022-10-11 05:00:00+00:00,155.7171269987306,156.0600575177212,151.37668929729986,151.60203552246094,96970100.0,0.0,0.08222402326469486,0.0,0.0,0.0,0.0,0.0,0.0,0.0,0.0,33.9446463239359,4.683368220421329,4.68336823706141,1.0,151.60203552246094,0.0,151.60203552246094,151.60203552246094,151.60203552246094,0.0,,151.60203552246097,151.602036141439,-6.189780208387674e-07,-9.102618618331516e-07,2.912838409943842e-07,,0.0
2022-10-12 05:00:00+00:00,155.7171269987306,156.0600575177212,151.37668929729986,151.60203552246094,96970100.0,0.0,0.08734353861401613,0.0,0.0,0.0,0.0,0.0,0.0,0.0,0.0,33.9446463239359,4.683368220421329,4.683368235872833,1.0,151.60203552246094,0.0,151.60203552246094,151.60203552246094,151.60203552246094,0.0,,151.60203552246097,151.60203609558874,-5.731277781251265e-07,-8.428350450915465e-07,2.6970726696642005e-07,,0.0
2022-10-13 05:00:00+00:00,155.7171269987306,156.0600575177212,151.37668929729986,151.60203552246094,96970100.0,0.0,0.07696659557811401,0.0,0.0,0.0,0.0,0.0,0.0,0.0,0.0,33.9446463239359,4.683368220421329,4.683368234769154,1.0,151.60203552246094,0.0,151.60203552246094,151.60203552246094,151.60203552246094,0.0,,151.60203552246097,151.6020360531348,-5.306738444232906e-07,-7.804028049578954e-07,2.497289605346048e-07,,0.0
2022-10-14 05:00:00+00:00,155.7171269987306,156.0600575177212,151.37668929729986,151.60203552246094,96970100.0,0.0,0.07579449188403402,0.0,0.0,0.0,0.0,0.0,0.0,0.0,0.0,33.9446463239359,4.683368220421329,4.68336823374431,1.0,151.60203552246094,0.0,151.60203552246094,151.60203552246094,151.60203552246094,0.0,,151.60203552246097,151.60203601382563,-4.913646591830911e-07,-7.225951758029346e-07,2.3123051661984342e-07,,0.0
2022-10-15 05:00:00+00:00,155.7171269987306,156.0600575177212,151.37668929729986,151.60203552246094,96970100.0,0.0,0.07579449188403402,0.0,0.0,0.0,0.0,0.0,0.0,0.0,0.0,33.9446463239359,4.683368220421329,4.6833682327926685,1.0,151.60203552246094,0.0,151.60203552246094,151.60203552246094,151.60203552246094,0.0,,151.60203552246097,151.60203597742822,-4.5496724965232715e-07,-6.690695905728131e-07,2.1410234092048596e-07,,0.0
2022-10-16 05:00:00+00:00,155.7171269987306,156.0600575177212,151.37668929729986,151.60203552246094,96970100.0,0.0,0.07579449188403402,0.0,0.0,0.0,0.0,0.0,0.0,0.0,0.0,33.9446463239359,4.683368220421329,4.683368231909001,1.0,151.60203552246094,0.0,151.60203552246094,151.60203552246094,151.60203552246094,0.0,,151.60203552246097,151.60203594372692,-4.2126595189984073e-07,-6.195088628382187e-07,1.9824291093837801e-07,,0.0
2022-10-17 05:00:00+00:00,155.7171269987306,156.0600575177212,151.37668929729986,151.60203552246094,96970100.0,0.0,0.07288394398529925,0.0,0.0,0.0,0.0,0.0,0.0,0.0,0.0,33.9446463239359,4.683368220421329,4.683368231088453,1.0,151.60203552246094,0.0,151.60203552246094,151.60203552246094,151.60203552246094,0.0,,151.60203552246097,151.602035912522,-3.900610465734644e-07,-5.736192995852679e-07,1.835582530118035e-07,,0.0
2022-10-18 05:00:00+00:00,155.7171269987306,156.0600575177212,151.37668929729986,151.60203552246094,96970100.0,0.0,0.08766875647255909,0.0,0.0,0.0,0.0,0.0,0.0,0.0,0.0,33.9446463239359,4.683368220421329,4.683368230326516,1.0,151.60203552246094,0.0,151.60203552246094,151.60203552246094,151.60203552246094,0.0,,151.60203552246097,151.6020358836286,-3.61167622031644e-07,-5.311289640745432e-07,1.6996134204289917e-07,,0.0
2022-10-19 05:00:00+00:00,155.7171269987306,156.0600575177212,151.37668929729986,151.60203552246094,96970100.0,0.0,0.09406766977493256,0.0,0.0,0.0,0.0,0.0,0.0,0.0,0.0,33.9446463239359,4.683368220421329,4.683368229619003,1.0,151.60203552246094,0.0,151.60203552246094,151.60203552246094,151.60203552246094,0.0,,151.60203552246097,151.6020358568754,-3.344144374750613e-07,-4.917860587546468e-07,1.573716212795855e-07,,0.0
2022-10-20 05:00:00+00:00,155.7171269987306,156.0600575177212,151.37668929729986,151.60203552246094,96970100.0,0.0,0.07977025499362149,0.0,0.0,0.0,0.0,0.0,0.0,0.0,0.0,33.9446463239359,4.683368220421329,4.683368228962026,1.0,151.60203552246094,0.0,151.60203552246094,151.60203552246094,151.60203552246094,0.0,,151.60203552246097,151.60203583210395,-3.096429850302229e-07,-4.5535744400976207e-07,1.4571445897953915e-07,,0.0
2022-10-21 05:00:00+00:00,155.7171269987306,156.0600575177212,151.37668929729986,151.60203552246094,96970100.0,0.0,0.0663923676738629,0.0,0.0,0.0,0.0,0.0,0.0,0.0,0.0,33.9446463239359,4.683368220421329,4.683368228351976,1.0,151.60203552246094,0.0,151.60203552246094,151.60203552246094,151.60203552246094,0.0,,151.60203552246097,151.60203580916743,-2.8670646656792087e-07,-4.2162724852139385e-07,1.3492078195347298e-07,,0.0
2022-10-22 05:00:00+00:00,155.7171269987306,156.0600575177212,151.37668929729986,151.60203552246094,96970100.0,0.0,0.0663923676738629,0.0,0.0,0.0,0.0,0.0,0.0,0.0,0.0,33.9446463239359,4.683368220421329,4.683368227785501,1.0,151.60203552246094,0.0,151.60203552246094,151.60203552246094,151.60203552246094,0.0,,151.60203552246097,151.6020357879299,-2.654689410519495e-07,-3.90395587027505e-07,1.2492664597555548e-07,,0.0
2022-10-23 05:00:00+00:00,155.7171269987306,156.0600575177212,151.37668929729986,151.60203552246094,96970100.0,0.0,0.0663923676738629,0.0,0.0,0.0,0.0,0.0,0.0,0.0,0.0,33.9446463239359,4.683368220421329,4.683368227259489,1.0,151.60203552246094,0.0,151.60203552246094,151.60203552246094,151.60203552246094,0.0,,151.60203552246097,151.60203576826552,-2.45804557152951e-07,-3.6147738105259424e-07,1.1567282389964322e-07,,0.0
2022-10-24 05:00:00+00:00,155.7171269987306,156.0600575177212,151.37668929729986,151.60203552246094,96970100.0,0.0,0.06750431043050911,0.0,0.0,0.0,0.0,0.0,0.0,0.0,0.0,33.9446463239359,4.683368220421329,4.68336822677105,1.0,151.60203552246094,0.0,151.60203552246094,151.60203552246094,151.60203552246094,0.0,,151.60203552246097,151.60203575005775,-2.2759678586226073e-07,-3.3470126201452754e-07,1.0710447615226681e-07,,0.0
2022-10-25 05:00:00+00:00,155.7171269987306,156.0600575177212,151.37668929729986,151.60203552246094,96970100.0,0.0,0.08886291894373603,0.0,0.0,0.0,0.0,0.0,0.0,0.0,0.0,33.9446463239359,4.683368220421329,4.683368226317499,1.0,151.60203552246094,0.0,151.60203552246094,151.60203552246094,151.60203552246094,0.0,,151.60203552246097,151.6020357331987,-2.1073773837088083e-07,-3.099085572857982e-07,9.917081891491735e-08,,0.0
2022-10-26 05:00:00+00:00,155.7171269987306,156.0600575177212,151.37668929729986,151.60203552246094,96970100.0,0.0,0.08774925848660531,0.0,0.0,0.0,0.0,0.0,0.0,0.0,0.0,33.9446463239359,4.683368220421329,4.683368225896344,1.0,151.60203552246094,0.0,151.60203552246094,151.60203552246094,151.60203552246094,0.0,,151.60203552246097,151.60203571758848,-1.9512751237016346e-07,-2.869523483026713e-07,9.182483593250784e-08,,0.0
2022-10-27 05:00:00+00:00,155.7171269987306,156.0600575177212,151.37668929729986,151.60203552246094,96970100.0,0.0,0.07316509998835488,0.0,0.0,0.0,0.0,0.0,0.0,0.0,0.0,33.9446463239359,4.683368220421329,4.683368225505272,1.0,151.60203552246094,0.0,151.60203552246094,151.60203552246094,151.60203552246094,0.0,,151.60203552246097,151.60203570313456,-1.8067359519591264e-07,-2.656965976813196e-07,8.502300248540693e-08,,0.0
2022-10-28 05:00:00+00:00,155.7171269987306,156.0600575177212,151.37668929729986,151.60203552246094,96970100.0,0.0,0.06578568113187334,0.0,0.0,0.0,0.0,0.0,0.0,0.0,0.0,33.9446463239359,4.683368220421329,4.683368225142133,1.0,151.60203552246094,0.0,151.60203552246094,151.60203552246094,151.60203552246094,0.0,,151.60203552246097,151.60203568975132,-1.6729035223761457e-07,-2.460153485925786e-07,7.8724996354964e-08,,0.0
2022-10-29 05:00:00+00:00,155.7171269987306,156.0600575177212,151.37668929729986,151.60203552246094,96970100.0,0.0,0.06578568113187334,0.0,0.0,0.0,0.0,0.0,0.0,0.0,0.0,33.9446463239359,4.683368220421329,4.683368224804933,1.0,151.60203552246094,0.0,151.60203552246094,151.60203552246094,151.60203552246094,0.0,,151.60203552246097,151.60203567735942,-1.54898458504249e-07,-2.2779197057491266e-07,7.289351207066366e-08,,0.0
2022-10-30 05:00:00+00:00,155.7171269987306,156.0600575177212,151.37668929729986,151.60203552246094,96970100.0,0.0,0.06578568113187334,0.0,0.0,0.0,0.0,0.0,0.0,0.0,0.0,33.9446463239359,4.683368220421329,4.683368224491819,1.0,151.60203552246094,0.0,151.60203552246094,151.60203552246094,151.60203552246094,0.0,,151.60203552246097,151.60203566588544,-1.4342447229864774e-07,-2.109184709196597e-07,6.749399862101195e-08,,0.0
2022-10-31 05:00:00+00:00,155.7171269987306,156.0600575177212,151.37668929729986,151.60203552246094,96970100.0,0.0,0.06578568113187334,0.0,0.0,0.0,0.0,0.0,0.0,0.0,0.0,33.9446463239359,4.683368220421329,4.68336822420107,1.0,151.60203552246094,0.0,151.60203552246094,151.60203552246094,151.60203552246094,0.0,,151.60203552246097,151.6020356552614,-1.3280043731356272e-07,-1.952948641984403e-07,6.249442688487757e-08,,0.0
2022-11-01 05:00:00+00:00,155.7171269987306,156.0600575177212,151.37668929729986,151.60203552246094,96970100.0,0.0,0.05213449260830392,0.0,0.0,0.0,0.0,0.0,0.0,0.0,0.0,33.9446463239359,4.683368220421329,4.6833682239310885,1.0,151.60203552246094,0.0,151.60203552246094,151.60203552246094,151.60203552246094,0.0,,151.60203552246097,151.6020356454243,-1.2296334261918673e-07,-1.8082855988258962e-07,5.786521726340288e-08,,0.0
2022-11-02 05:00:00+00:00,155.7171269987306,156.0600575177212,151.37668929729986,151.60203552246094,96970100.0,0.0,0.03151413860390418,0.0,0.1087901895515786,0.0,0.0,0.0,0.0,0.0,0.0,33.9446463239359,4.683368220421329,4.683368223680391,1.0,151.60203552246094,0.0,151.60203552246094,151.60203552246094,151.60203552246094,0.0,,151.60203552246097,151.6020356363159,-1.1385492371118744e-07,-1.6743383264830919e-07,5.357890893712175e-08,,0.0
2022-11-03 05:00:00+00:00,155.7171269987306,156.0600575177212,151.37668929729986,151.60203552246094,96970100.0,0.0,0.04837626312580056,0.0,0.10418003772179563,0.0,0.0,0.0,0.0,0.0,0.0,33.9446463239359,4.683368220421329,4.6833682234476015,1.0,151.60203552246094,0.0,151.60203552246094,151.60203552246094,151.60203552246094,0.0,,151.60203552246097,151.60203562788217,-1.054212077633565e-07,-1.5503130767131864e-07,4.961009990796214e-08,,0.0
2022-11-04 05:00:00+00:00,155.7171269987306,156.0600575177212,151.37668929729986,151.60203552246094,96970100.0,0.0,0.06197287110219103,0.0,0.1420860003469231,0.0,0.0,0.0,0.0,0.0,0.0,33.9446463239359,4.683368220421329,4.683368223231439,1.0,151.60203552246094,0.0,151.60203552246094,151.60203552246094,151.60203552246094,0.0,,151.60203552246097,151.6020356200732,-9.761222941051528e-08,-1.4354749201915797e-07,4.593526260864269e-08,,0.0
2022-11-05 05:00:00+00:00,155.7171269987306,156.0600575177212,151.37668929729986,151.60203552246094,96970100.0,0.0,0.06197287110219103,0.0,0.04877182937665814,0.0,0.0,0.0,0.0,0.0,0.0,33.944646323935885,4.683368220421329,4.683368223030717,1.0,151.60203552246094,0.0,151.60203552246094,151.60203552246094,151.60203552246094,0.0,,151.60203552246097,151.60203561284266,-9.038168968800164e-08,-1.3291433155292673e-07,4.2532641864925085e-08,,0.0
2022-11-06 05:00:00+00:00,155.7171269987306,156.0600575177212,151.37668929729986,151.60203552246094,96970100.0,0.0,0.06197287110219103,0.1087901895515786,0.02894563372944714,0.0,0.0,0.0,0.0,0.0,0.0,33.9446463239359,4.683368220421329,4.683368222844332,1.0,151.60203552246094,0.0,151.60203552246094,151.60203552246094,151.60203552246094,0.0,,151.60203552246097,151.6020356061477,-8.368672865799454e-08,-1.230688109739403e-07,3.938208231594576e-08,,0.0
2022-11-07 05:00:00+00:00,134.94600177423487,136.95379796987663,133.52872680415337,136.72743225097656,83374600.0,-0.10326950160734193,-13.408781593745854,-0.004157821626873837,-0.07201051792713153,0.04618352511930807,0.7331407328039627,0.02253525276647658,0.3577360473124641,0.013010734250981511,0.20653900321468385,1.197417191178829e-06,18.073308718307572,5.639792543948849,0.8658668459162434,150.95806423151416,-0.10408029863689591,150.85830535888672,157.51043016956268,144.20618054821077,0.08819036903338906,-0.5621322893124017,149.3136350191557,150.5002131353943,-1.1865781162385929,-0.23731572170276738,-0.9492623945358255,-4.248529157249601,-7.61686724753652
2022-11-08 05:00:00+00:00,138.19393528890745,139.1978259809836,135.3200229786847,137.2982940673828,89908500.0,0.0041664894015982475,0.6256585999891949,0.03432951269734685,-0.06813599360804978,0.04668422696830288,0.7410891282445455,0.022598964077140855,0.358747433014782,0.013029776225709278,0.20684128519229134,3.9690066286141956,3.87780300229889,5.513936148116709,0.9371594942089487,150.28544985412503,-0.09459080227441448,150.14311828613282,159.12593289660072,141.16030367566492,0.11965669439939357,-0.21496656536702938,147.46512102657525,149.5222932044305,-2.05717217785525,-0.6012870129332639,-1.4558851649219862,-2.859866261468118,-5.2309849024123665
2022-11-09 05:00:00+00:00,136.31406095143706,136.36327480735815,132.46576869499577,132.74134826660156,74917800.0,-0.03375340297630677,-4.226025396986838,-0.08170503004320118,-0.09043709919330256,0.0455276739951601,0.7227294189744966,0.02343152388833743,0.3719639102868602,0.013643543877095998,0.21658454460236404,2.9592947359245443,4.832525372387039,5.465263949850304,0.7899835745655358,149.52516063391568,-0.12643997206962987,149.20008392333983,161.04281597095988,137.3573518757198,0.15874967005655216,-0.19488761506032176,145.19992521734852,148.2792602460728,-3.079335028724273,-1.096896616091466,-1.9824384126328072,-2.7795504602412873,-5.08881831427226
2022-11-10 05:00:00+00:00,139.01083896213112,144.55197143554688,137.29829567413785,144.55197143554688,118854000.0,0.0852366219375026,9.029049572325981,-0.018904203080087334,-0.02112757336951776,0.06825136369741895,1.0834568099063544,0.03080465910101561,0.489008803220459,0.017529021634874326,0.27826459183288993,43.253270307221186,11.810623168945312,5.918503894071376,1.238981088322514,149.11210533243948,-0.031546673847515735,148.84758071899415,160.80838815700758,136.88677328098072,0.16071215105059664,0.32042979515767817,145.10024002014828,148.00316477862643,-2.90292475847815,-1.4581022445688028,-1.4448225139093474,-0.7182808193692864,-1.6856987613244874
2022-11-11 05:00:00+00:00,143.51851370440974,147.64236984681628,142.09138720356083,147.33726501464844,93979700.0,0.019085171870574468,2.0424261740284693,0.0,0.006115951122822372,0.06944048241101565,1.102333484279414,0.031154449692204537,0.49456155671187596,0.01770631521794138,0.2810790402119479,48.666651584951715,5.550982643255452,5.8922523761559535,0.9812109202504654,148.89898636058365,-0.010599635779719023,148.63434219360352,160.54032444130365,136.72835994590338,0.1602049980103792,0.44552834230852173,145.44439771160984,147.9538388701836,-2.5094411585737646,-1.6683700273697952,-0.8410711312039694,-0.2178866307659131,-0.8947224080829375
2022-11-12 05:00:00+00:00,143.51851370440974,147.64236984681628,142.09138720356083,147.33726501464844,93979700.0,0.0,0.034093537672187396,0.0,-0.006767549706136355,0.04378674709989745,0.6950930612808441,0.031154449692204537,0.49456155671187596,0.01770631521794138,0.2810790402119479,48.666651584951715,5.550982643255452,5.86787596666306,0.982745072573362,148.68520095308392,-0.009148642322778764,148.42110366821288,160.2558407206977,136.58636661572805,0.1594751253021366,0.45420943242093925,145.73560806592346,147.90816673273656,-2.172558666813103,-1.7692077552584569,-0.4033509115546461,-0.183162270316243,-0.8701244221089502
2022-11-13 05:00:00+00:00,143.51851370440974,147.64236984681628,142.09138720356083,147.33726501464844,93979700.0,0.0,0.034093537672187396,0.009576231623730003,-0.010509657627085,0.044081850460847186,0.699777681905638,0.031154449692204537,0.49456155671187596,0.01770631521794138,0.2810790402119479,48.666651584951715,5.550982643255452,5.845240729276803,0.9842840297940103,148.47074597906948,-0.007693104418005503,148.20786514282227,159.95463823273752,136.46109205290702,0.15851753992401596,0.46294300904981067,145.98201682726577,147.86587771658188,-1.8838608893161108,-1.7921383820699879,-0.09172250724612296,-0.1482279638007571,-0.8461621676879748
2022-11-14 05:00:00+00:00,146.61882473623606,147.90814675324938,145.10312196997452,145.93971252441406,73374100.0,-0.009530670158163257,-0.9852798492239404,-0.011730112555225491,-0.0198953666119005,0.03848144927672023,0.6108740692532886,0.031203046795167395,0.4953330118051435,0.01774305930633258,0.2816623345321573,45.92132873533089,2.8050247832748596,5.628082447419521,0.7780884219393828,148.21128078875634,-0.015565114012145737,147.92474899291992,159.59980336467171,136.24969462116812,0.1578512649335048,0.4149881274510927,145.9755084729809,147.72319881345834,-1.7476903404774475,-1.78324877375148,0.03555843327403241,-0.34004749019562946,-1.1844617512689193
2022-11-15 05:00:00+00:00,149.81752177217496,151.16589433590542,146.2152837355369,147.6719207763672,89868300.0,0.011799453107218446,1.273004083232836,0.008401201225482602,-0.008262170243582667,0.01121501532917764,0.17803284906468733,0.031343241673903836,0.4975585365104723,0.017811683995078577,0.282751717693484,49.70816152110386,5.226181811491358,5.599375259138938,0.9566016421777017,148.01048687367313,-0.002292691092023269,147.72824325561524,159.2742787571409,136.18220775408957,0.15631453061480569,0.4975609602429938,146.23649498119417,147.71940044034048,-1.4829054591463091,-1.7231801108304459,0.24027465168413675,-0.009756159028024868,-0.7021621119002919
2022-11-16 05:00:00+00:00,146.77628031248196,147.50459125268796,144.96530968920132,146.44163513183594,64218300.0,-0.00836610755015911,-0.8757742466629179,-0.01280518494372429,0.005269779506182681,0.008553026502001085,0.13577508648743736,0.0313796963806889,0.4981372370400987,0.01783969034085781,0.28319630464986517,47.18113921255574,2.706611087165868,5.392749246855147,0.6956975514037088,147.7672669635428,-0.009052287831349608,147.470223236084,158.88161691811354,136.05882955405446,0.1547620045812384,0.454931530148335,146.26805500436984,147.62475115822903,-1.3566961538591897,-1.6498833194361948,0.2931871655770051,-0.18027387940665995,-0.9989610127360418
2022-11-17 05:00:00+00:00,144.11887238503795,149.0891706966127,143.84329285652703,148.34117126464844,80389400.0,0.012887878016326168,1.4464515999562495,-0.003767605377614669,0.0035954898894976495,0.010687932441083766,0.16966566761140287,0.03153918414948059,0.5006690268803751,0.01791980900796947,0.28446814906117374,51.29789752533642,5.245877840085683,5.3822584320859,0.878776765095719,147.58923541620973,0.0050689625949980706,147.30718002319335,158.56211642136725,136.05224362501946,0.15280906737067154,0.5459350104200876,146.58699596748963,147.6778193142601,-1.0908233467704633,-1.5380713249030487,0.4472479781325853,0.1837400416803505,-0.4826046280516352
2022-11-18 05:00:00+00:00,149.90608139833125,150.28992540848853,147.60301733738748,148.9021759033203,74829600.0,0.0037747206801458854,0.4316153373537218,0.0,0.0014561387088856126,0.010701325098658928,0.1698782694594316,0.0315561322752423,0.5009380700360998,0.017927290601781175,0.28458691568099076,52.475999567555846,2.686908071101044,5.189733406301267,0.8280200471994974,147.42830299176563,0.009898263088590726,147.17218704223632,158.27394920016084,136.0704248843118,0.15086766570559257,0.5779150569285578,146.94317749607896,147.76851239493124,-0.825334898852276,-1.395524039692894,0.5701891408406181,0.3116602277142312,-0.32283194082461136
2022-11-19 05:00:00+00:00,149.90608139833125,150.28992540848853,147.60301733738748,148.9021759033203,74829600.0,0.0,0.008002325857099065,0.0,0.0014561387088856126,0.008786287185991726,0.13947798505036574,0.0315561322752423,0.5009380700360998,0.017927290601781175,0.28458691568099076,52.475999567555846,2.686908071101044,5.010960168072679,0.8382888196565944,147.26337892858484,0.01100586317690558,147.0371940612793,157.9766270890816,136.097761033477,0.1487981744706468,0.5852412477548516,147.2445618664238,147.85248746962674,-0.6079256032029434,-1.238004352394904,0.6300787491919606,0.3409649910194062,-0.3111043588435376
2022-11-20 05:00:00+00:00,149.90608139833125,150.28992540848853,147.60301733738748,148.9021759033203,74829600.0,0.0,0.008002325857099065,0.02216051742091052,0.021470398988248984,0.007690437543623266,0.12208191128220963,0.0315561322752423,0.5009380700360998,0.017927290601781175,0.28458691568099076,52.475999567555846,2.686908071101044,4.84495644686042,0.8488154888386065,147.09431285369507,0.012141280264427132,146.90220108032227,157.66973604441134,136.1346661162332,0.14659460355126552,0.5928705980369778,147.49957941056172,147.93024216841883,-0.4306627578571067,-1.0765360334873446,0.6458732756302379,0.37148239214791123,-0.2994087044978108
2022-11-21 05:00:00+00:00,147.79004119922186,147.99671837716943,145.3885491071394,145.67396545410156,58724100.0,-0.021918541504244955,-2.4134018675108253,-0.014449370476990575,-0.0006751566127821684,0.012798861186551075,0.20317562258670727,0.03188716374139753,0.5061930316496027,0.018133169372424627,0.2878551398450924,44.70402664639631,3.5136267961809153,4.749861471811884,0.6808956422300906,146.7925442425139,-0.007678645837129955,146.6057975769043,157.1527064475482,136.0588887062604,0.1438811976738009,0.45582439678622844,147.21871572495246,147.7631105599509,-0.5443948349984282,-0.9701077937895615,0.42571295879113324,-0.17670241285508617,-1.1157121177966334
2022-11-22 05:00:00+00:00,145.79208977743497,148.0459404204949,144.6110171948753,147.80972290039062,51804100.0,0.014554779256412435,1.6168813988217237,-0.005891260745809035,0.013976160586366637,0.013265899264791702,0.2105896222336406,0.03208805814192549,0.509382131391097,0.01823380547230484,0.28945268840428345,49.98204904558403,3.434923225619599,4.655937311369578,0.6168103842168572,146.54626657094656,0.00854785669475556,146.4161819458008,156.71840523953855,136.11395865206302,0.14072520068241318,0.5676330203130476,147.3096399057891,147.7665633259094,-0.4569234201202903,-0.8674709190557073,0.410547498935417,0.2705320812521909,-0.5396804382801613
2022-11-23 05:00:00+00:00,147.09122719796105,149.43366845656658,146.98296272757275,148.6856689453125,58301400.0,0.005908682680869725,0.6598184200474914,0.0,0.047496959664397265,0.013479179691195704,0.21397534404033744,0.03212504885546462,0.5099693407641572,0.018251095116254706,0.28972715299317264,52.00544018954998,2.4507057289938246,4.49842076977131,0.7105278937046546,146.32352918402722,0.015886801855490774,146.27036361694337,156.34354120574125,136.1971860281455,0.1377336780973318,0.6198879552692057,147.5213366811004,147.83464522364298,-0.3133085425425861,-0.7566384437530831,0.443329901210497,0.4795518210768223,-0.2981964357812498
2022-11-24 05:00:00+00:00,147.09122719796105,149.43366845656658,146.98296272757275,148.6856689453125,58301400.0,0.0,0.008496744060950278,0.01998515911557197,0.07012829440733648,0.013479179691195704,0.21397534404033744,0.03212504885546462,0.5099693407641572,0.018251095116254706,0.28972715299317264,52.00544018954998,2.4507057289938246,4.352155409715776,0.7276741241488336,146.09004174324375,0.017457144461067345,146.12454528808593,155.95424273820302,136.29484783796883,0.1345386215674821,0.6302747958532572,147.7004647217484,147.89768401784073,-0.19721929609232802,-0.6447546142209322,0.44753531812860414,0.5210991834130289,-0.28580525925204364
2022-11-25 05:00:00+00:00,145.96922504559743,146.5302359602774,144.79800437919693,145.7723846435547,35195900.0,-0.01978807730363497,-2.14412291324686,0.0,0.0005404171832137372,0.016035041725142765,0.2545483960036313,0.03238571469370297,0.5141072826637705,0.018415238987992466,0.292332856176293,44.985947865943885,3.887664566115575,4.318977492315761,0.4569027253073564,145.7358497238074,0.0002506299107105798,145.83306274414062,155.3185741133968,136.34755137488443,0.13008725443692024,0.4968015377229636,147.4038370174109,147.74025443456028,-0.33641741714939144,-0.5830871748066241,0.24666975765723265,-0.012793849108145643,-1.0166947533141253
2022-11-26 05:00:00+00:00,145.96922504559743,146.5302359602774,144.79800437919693,145.7723846435547,35195900.0,0.0,0.016994121747541897,0.0,-0.0013485967318402903,0.012631616134921739,0.20052068969900297,0.03238571469370297,0.5141072826637705,0.018415238987992466,0.292332856176293,44.985947865943885,1.7322315810804696,4.134209927227526,0.4759882928402007,145.35206735468776,0.0028833807575741684,145.5415802001953,154.63066320233253,136.4524971980581,0.12490015553816308,0.5126967947869495,147.15284434450993,147.5944863018932,-0.4416419573832684,-0.554798131321953,0.1131561739386846,0.05078717914779814,-0.9852095232868696
2022-11-27 05:00:00+00:00,145.96922504559743,146.5302359602774,144.79800437919693,145.7723846435547,35195900.0,0.0,0.016994121747541897,0.02697274592963761,0.0020297908944075793,0.009848261463057215,0.15633630406554305,0.03238571469370297,0.5141072826637705,0.018415238987992466,0.292332856176293,44.985947865943885,1.7322315810804696,3.9626400453598793,0.4920174155312485,145.86501957743624,-0.0006354765623685732,145.99382781982422,154.0812163134822,137.90643932616624,0.11079082745386873,0.48630935212008275,146.94046592897834,147.45951580868294,-0.5190498797045962,-0.5476484809984816,0.028598601293885473,-0.05476259151966888,-0.9547581538348319
2022-11-28 05:00:00+00:00,142.84924916455952,144.32557460653223,141.11703271911014,141.9437713623047,69246000.0,-0.02661539303795276,-2.8316888384862904,0.021605155541635,-0.02428784515858895,0.012935326996164538,0.20534195015490914,0.023480783248494,0.3727458783871589,0.01870376310377704,0.2969130345219577,36.826972417709136,4.655351924444545,4.012119465294498,0.9822026652917399,146.2186972783504,-0.030117037718648175,146.22610168457032,153.4865123903563,138.96569097878435,0.09930389475126226,0.20509035261235578,146.17174368795162,147.05094214598824,-0.8791984580366261,-0.6139584764061106,-0.26523998163051554,-1.179638589550575,-1.8461503325317787
2022-11-29 05:00:00+00:00,142.01266197350824,142.5244590100729,138.13485967272496,138.94190979003906,83763800.0,-0.02137507225990655,-2.2367955406432154,-0.046342030244719945,-0.04492244430373149,0.012629872293683795,0.2004930070775535,0.024006759704403666,0.3810954957740315,0.0188775678085495,0.2996720986750833,31.93621583130532,4.389599337347931,4.039082313298315,1.1807193166629137,146.50072779930647,-0.054402721401266604,146.5361297607422,151.55583736036073,141.51642216112367,0.06851153511170914,-0.25644047187930413,145.05946154981123,146.4502730825846,-1.3908115327733697,-0.7693290876795624,-0.6214824450938072,-3.02576188751721,-2.419328642112213
2022-11-30 05:00:00+00:00,139.16828541868128,146.37276146207836,138.33170993361605,145.6936492919922,111380900.0,0.047450194087423146,4.822632938420661,-0.001887993610864891,0.009547915409337193,0.029226423836226048,0.46395509509454685,0.024731242095060422,0.3925962971835714,0.01985496617306675,0.3151878167012067,48.50194504885796,8.041051528462305,4.3249372572386005,1.5783179019452773,146.60114272319126,-0.006228778231646303,146.59321365356445,151.54340075255504,141.64302655457385,0.06753637464677045,0.4091383473408821,145.15702889476213,146.39422687587407,-1.2371979811119331,-0.8629028663660366,-0.3742951147458965,-0.3634466106364709,-0.7880208399798795
2022-12-01 05:00:00+00:00,145.87082558028513,146.77630352615344,144.29607218523327,145.96923828125,71250400.0,0.0018897781172469528,0.2066350892015711,0.0033829498613748843,0.03778614070621056,0.029240386485002098,0.46417674527237784,0.016400028600393763,0.2603423830259315,0.01985736221991346,0.315225852765723,49.047068058392995,2.48023134092017,4.193172548930141,1.026176277659706,146.5189021800622,-0.00376561462733082,146.52481231689453,151.4695134994252,141.58011113436385,0.06749302188951581,0.4438212730015583,145.28198418499105,146.36274623923526,-1.080762054244218,-0.906474703941673,-0.17428735030254505,-0.22471490799376675,-0.6996586762389251
2022-12-02 05:00:00+00:00,143.65630431626485,145.66410017016838,143.35118446433725,145.4770965576172,65447400.0,-0.0033772405590581935,-0.3254366202072942,0.0,0.04874388713150779,0.029287149289356995,0.464919081777964,0.015848070163162992,0.25158031447219265,0.019860271980994586,0.3152720437908947,48.06853040953987,2.6180538169127487,4.080664068071756,0.9623727452269488,146.41222604541352,-0.0064280186360879624,146.43180389404296,151.38213506995422,141.4814727181317,0.0676127868983064,0.4035713669954589,145.31200147308738,146.2971425591154,-0.9851410860280225,-0.9222079803589429,-0.06293310566907961,-0.3857145320181636,-0.7906137807648431
2022-12-03 05:00:00+00:00,143.65630431626485,145.66410017016838,143.35118446433725,145.4770965576172,65447400.0,0.0,0.01657283219305483,0.0,0.036172399585747916,0.02550725901269593,0.40491518384702613,0.015848070163162992,0.25158031447219265,0.019860271980994586,0.3152720437908947,48.06853040953987,2.3129157058311307,3.954396327911711,0.9829936838832571,146.30097837226356,-0.005663309442803363,146.33879547119142,151.28739535805076,141.39019558433208,0.06763209811759772,0.41293507928753637,145.3374007168612,146.23639841085628,-0.898997693995085,-0.9175659230861714,0.018568229091086352,-0.3482596828498536,-0.76544616121772
2022-12-04 05:00:00+00:00,143.65630431626485,145.66410017016838,143.35118446433725,145.4770965576172,65447400.0,0.0,0.01657283219305483,0.008047367083264811,0.03974380869560279,0.02147081387602127,0.3408386037726425,0.015848070163162992,0.25158031447219265,0.019860271980994586,0.3152720437908947,48.06853040953987,2.3129157058311307,3.8371477120488127,0.9888802831649174,146.28026820092043,-0.005520949086203014,146.31566467285157,151.27642864486606,141.35490070083708,0.06780906177211175,0.4154799422059733,145.35889238466982,146.18015382913487,-0.8212614444650512,-0.8983050273619474,0.07704358289689617,-0.3380802311761068,-0.740783599236785
2022-12-05 05:00:00+00:00,145.43774157529282,148.53801893223152,143.4693076933105,144.31573486328125,68826400.0,-0.008015159699159738,-0.7909017652423628,0.02603035605607773,0.031443404990035395,0.0039102376723925275,0.0620730986898401,0.015808795266882593,0.2509568448222379,0.019881671935780176,0.31561175754147885,45.39895782657923,5.068711238921026,3.925116535396828,1.0567339838199008,146.08045841035394,-0.012228213013255395,146.14785537719726,151.14239324769878,141.15331750669574,0.06834910929908576,0.31658758413498217,145.1984066121485,146.0420487205531,-0.8436421084046231,-0.8873724435704826,0.04373033516585956,-0.7336496634600708,-0.98233727614623
2022-12-06 05:00:00+00:00,144.7487956238567,144.9751613197971,139.68006926529813,140.65444946289062,64727200.0,-0.02569733311019301,-2.535751447237825,0.013977440865625246,0.005275720062284384,0.010733962496499588,0.17039637208819158,0.016450793208190814,0.2611482461917399,0.020127458235963132,0.3195134940971835,38.19685574159494,5.29509205449898,4.02297192961841,0.9934083514678231,145.79314752838818,-0.03653420197598023,145.85849609375,151.41977797288473,140.29721421461528,0.07625585108954136,0.032118067024767175,144.4993362814934,145.6429672940596,-1.1436310125661748,-0.9386241573696211,-0.2050068551965537,-1.8715277319009334,-1.7598944195565875
2022-12-07 05:00:00+00:00,139.9458322919547,141.10720126498546,137.79039443330282,138.71556091308594,69721100.0,-0.013880657254472122,-1.345659203124647,-0.011987185527388422,-0.024569083406233316,0.010773193273071744,0.17101914135949078,0.016595533440870447,0.2634459261539955,0.02019010043590858,0.3205079081929853,35.02779787128293,3.3168068316826407,3.9725315654801405,1.0788852777888462,145.25286910431583,-0.0471274321943299,145.37721557617186,151.65386478146792,139.1005663708758,0.08634983385009654,-0.030669665071055494,143.6095246863538,145.12982608065414,-1.5203013943003327,-1.0549596047557634,-0.4653417895445693,-2.1226786602842256,-2.0842441132271303
2022-12-08 05:00:00+00:00,140.1131279990439,141.25482328488022,138.8730200272998,140.39854431152344,62128300.0,0.012059611204401209,1.2261864564201919,0.0034467325237410584,-0.019385479397219685,0.014231796315134191,0.22592276255742297,0.016557873067422426,0.2628480862594438,0.020260729849945133,0.32162911538170696,39.70409444790716,2.5392623717942797,3.870155194502579,0.9709335516652208,144.80382769882033,-0.03137698762404704,144.95203399658203,151.3736878196559,138.53038017350815,0.08860384564490216,0.1454581786472761,143.11552770561067,144.77936076442225,-1.6638330588115764,-1.1767342955669262,-0.4870987632446502,-1.4181672854108944,-1.6383241849267427
2022-12-09 05:00:00+00:00,140.09344213199822,143.27247380855323,138.67616726979998,139.91629028320312,76097000.0,-0.0034408061550302307,-0.30960448591682144,0.0,-0.00733213435162694,0.013881118608851913,0.22035592655047823,0.016493269201208523,0.2618225316770321,0.02026202942841973,0.3216497455504249,38.841413509886145,4.596306538753254,3.922023147663342,1.188058124405362,144.27409471524703,-0.031145797413748743,144.50273971557618,151.01744480331055,137.9880346278418,0.09016721898224521,0.1479925514196917,142.62333733293258,144.41913332136897,-1.7957959884363959,-1.3005466341408203,-0.4952493542955756,-1.408029794321234,-1.6690612769306885
2022-12-10 05:00:00+00:00,140.09344213199822,143.27247380855323,138.67616726979998,139.91629028320312,76097000.0,0.0,0.03156155383220985,0.0,0.04146516402170497,0.014305634494079747,0.22709490730993395,0.016493269201208523,0.2618225316770321,0.02026202942841973,0.3216497455504249,38.841413509886145,4.596306538753254,3.970186247026907,1.186883870298581,143.7454088877323,-0.027367210757079864,144.0534454345703,150.52995747363178,137.57693339550883,0.08991818306773003,0.1806031451485802,142.20686855605112,144.08558939261596,-1.8787208365648382,-1.416181474625624,-0.4625393619392142,-1.2775874194056798,-1.6006182699600733
2022-12-11 05:00:00+00:00,140.09344213199822,143.27247380855323,138.67616726979998,139.91629028320312,76097000.0,0.0,0.03156155383220985,-0.016125700829938916,0.05687314461908999,0.009279124386065136,0.1473015330597795,0.016493269201208523,0.2618225316770321,0.02026202942841973,0.3216497455504249,38.841413509886145,4.596306538753254,4.01490912500736,1.1710186240081055,143.4340709361247,-0.02514203775558421,143.76556167602538,150.4473856526073,137.08373769944347,0.09295444470407106,0.21195953333154427,141.8544718986899,143.77675242154834,-1.9222805228584434,-1.517401284272188,-0.4048792385862554,-1.1521618666738236,-1.5373384429460406
2022-12-12 05:00:00+00:00,140.44776160871248,142.21935519606154,138.8336463442299,142.2095184326172,70462700.0,0.01625713483581138,1.6284056245467282,-0.006736719196116736,0.07419529660507074,0.008628518491510018,0.13697348466874618,0.016403263846444714,0.26039374096481704,0.02038167577456144,0.32354907241343606,45.831565817339275,3.3857088518316516,3.9699662483519527,1.0689686690856353,143.19667827350258,-0.006941587678275844,143.4855514526367,149.91852704995063,137.0525758553228,0.0896672247788988,0.40082093420715503,141.909094442371,143.66066101496085,-1.7515665725898373,-1.564234341935718,-0.1873322306541192,-0.3967162631713802,-1.0265711319926292
2022-12-13 05:00:00+00:00,147.14043487810696,147.6030180487257,141.9634590975565,143.17404174804688,93886200.0,0.0067595133182921045,0.6883962350885868,0.015780722534970426,0.08148092994607259,0.007829142391920644,0.12428378248761246,0.01611587369385485,0.25583156372680693,0.020404884814730073,0.3239175045041643,48.49783991318993,5.639558951169192,4.089222869981755,1.3868843937283226,142.95874529637345,0.001503739428214901,143.20997009277343,149.158999134463,137.26094105108388,0.08308121337970661,0.4969803185969695,142.1037017201673,143.6246151433376,-1.520913423170299,-1.5555701581826344,0.03465673501233546,-0.012078725612122084,-0.799219934274298
2022-12-14 05:00:00+00:00,143.05597702965818,144.34529916781915,138.93210452988586,140.9497528076172,82291200.0,-0.015657501586275577,-1.507390427099902,0.04915772945008068,0.08189191883002311,0.01166524112109117,0.18517996194006922,0.016305025321083737,0.25883425272119187,0.020488829792324758,0.32525008971133484,43.215122113378364,5.413194637933287,4.183792281978294,1.1944392977426384,142.5964488877768,-0.01168285894340798,142.82317428588868,148.2567943913076,137.38955418046976,0.07608877386442153,0.32760834932100413,141.9261711182365,143.42647719254347,-1.5003060743069625,-1.5445173414075002,0.04421126710053769,-0.6895666027159818,-1.2174765065494282
2022-12-15 05:00:00+00:00,138.88286801559113,139.5619801804679,133.88304361781863,134.3456268310547,98931900.0,-0.047987679836498674,-4.469723339065509,0.014794523263635506,0.03174604104637124,0.025138738444240513,0.399065101184155,0.019060486757363562,0.3025758469669435,0.021320287367969537,0.3384490695364754,32.05174635951224,7.0667091897985586,4.38971491825117,1.3724900046204287,141.95270376986903,-0.05662318244553331,142.25183639526367,148.6899222467454,135.81375054378194,0.09051673447072757,-0.11401864984367663,140.75993353559315,142.753821610211,-1.9938880746178427,-1.6343914880495687,-0.359496586568274,-2.4560745993747086,-2.4112799509752123
2022-12-16 05:00:00+00:00,134.5326248058533,135.4774647205223,131.61933586337778,132.38702392578125,160156900.0,-0.014686151865631492,-1.3264355520682236,0.0,-0.006939881978969775,0.024807762916592424,0.39381102756692365,0.0188920588592659,0.2999021369736731,0.021379183311218762,0.33938401365088355,29.608891440620937,3.8581288571445214,4.351744485314981,2.0446404355005012,140.88897052434118,-0.06422039219890828,141.582568359375,149.16154733254393,134.00358938620604,0.1070609053217828,-0.10664797106231262,139.4717935956221,141.9859106706236,-2.514117075001508,-1.8103366054399568,-0.703780469561551,-2.4265918842492518,-2.5934622517923245
2022-12-17 05:00:00+00:00,134.5326248058533,135.4774647205223,131.61933586337778,132.38702392578125,160156900.0,0.0,0.05042121423897361,0.0,0.01724247495677722,0.021123705677320262,0.3353284319418757,0.0188920588592659,0.2999021369736731,0.021379183311218762,0.33938401365088355,29.608891440620937,3.8581288571445214,4.316486226159949,1.8935965202835177,139.9823998110232,-0.0573725102355959,140.91330032348634,149.25961326510787,132.5669873818648,0.11846025779626758,-0.01078101536225121,138.3818290310312,141.27488202285753,-2.8930529918263233,-2.02687988271723,-0.8661731091090932,-2.0431240614490047,-2.423020029264029
2022-12-18 05:00:00+00:00,134.5326248058533,135.4774647205223,131.61933586337778,132.38702392578125,160156900.0,0.0,0.05042121423897361,0.01616674375266669,0.020096790324118707,0.019599096112366075,0.3111260054098408,0.0188920588592659,0.2999021369736731,0.021379183311218762,0.33938401365088355,29.608891440620937,3.8581288571445214,4.283746414087418,1.7970180771220226,139.22375256536625,-0.05164198451517279,140.43546295166016,149.58864371876277,131.28228218455754,0.13035426486617935,0.060347422897745584,137.4595513225312,140.61652216381484,-3.1569708412836235,-2.252898074430509,-0.9040727668531146,-1.7586103084090188,-2.2778192871617016
2022-12-19 05:00:00+00:00,132.9775676474043,133.06614357854048,129.24739159594094,130.2808074951172,79592600.0,-0.016037453557224343,-1.4411401361637386,0.0005290870126071212,0.0038675213449106405,0.01959979020216111,0.3111370237437521,0.01841021727838243,0.2922531390075858,0.0214485218950837,0.34048472954589165,26.859396756761356,3.8187519825995366,4.250532526123998,0.895152389120683,138.836763337247,-0.06567318706901994,140.00240783691407,150.21173281056673,129.79308286326142,0.14584499125965444,0.02388623308173886,136.35512919523674,139.85091366983724,-3.495784474600498,-2.5014753544645068,-0.9943091201359913,-1.9044550676730458,-2.463763633584553
2022-12-20 05:00:00+00:00,129.31627297471567,131.14691722297425,127.83994745250584,130.2119140625,77432800.0,-0.0005289470954237645,0.006965537092848954,-0.02325579265877875,0.0033366689440998964,0.008333941901475983,0.13229722627299725,0.017988379395818977,0.285556670222492,0.021447668461886983,0.34047118171389695,26.77182416329454,3.306969770468413,4.183135186434314,0.8878102601494983,138.01607454169496,-0.05993430428684942,139.22832107543945,149.95529971264804,128.50134243823086,0.15409190535877085,0.07973221920735858,135.41001917481572,139.13691369892337,-3.7268945241076494,-2.7465591883931353,-0.9803353357145141,-1.6810711231705675,-2.32328992864796
2022-12-21 05:00:00+00:00,130.88117753836192,134.6507305969255,130.65481182459862,133.31219482421875,85928000.0,0.02353047560846776,2.2222401078727203,0.024351352447762764,0.027225614857000924,0.014155063722856596,0.224704670417704,0.015163645409999354,0.24071540834414612,0.02169386114946031,0.3443793694694268,36.76368538179568,4.438816534425513,4.201398139862257,0.9769917243702688,137.4641454645131,-0.031144567425125586,138.5954689025879,149.13985012858487,128.05108767659092,0.1521605476641969,0.24947443737412803,135.08727696703158,138.70545304153785,-3.618176074506266,-2.920882565615762,-0.6972935088905041,-1.0021022505034891,-1.7535240231896665
2022-12-22 05:00:00+00:00,132.2295865606811,132.43626376220547,128.24350390512237,130.14303588867188,77852100.0,-0.024059585390693607,-2.1479176171883916,0.0028059341185715514,0.01691921570497734,0.018245378440559124,0.2896364035798735,0.015688310703787508,0.2490442116776067,0.021868426801577714,0.3471505132871656,31.9626141684829,5.068690919096383,4.263347624093266,0.8789711403792514,136.84634727570923,-0.05150726153930792,137.82876586914062,148.49552720052424,127.16200453775703,0.1547828026191716,0.1397346044550606,134.3266244934378,138.07119991910335,-3.744575425665545,-3.0856211376257185,-0.6589542880398263,-1.4410615821797572,-2.1257590146259497
2022-12-23 05:00:00+00:00,128.8537182862033,130.33004413506166,127.59392142994788,129.7788848876953,63814900.0,-0.002802004833925797,-0.2001093515143027,0.0,0.04617598884497354,0.018156924584559846,0.28823224214700066,0.015692639556876213,0.24911293009001578,0.021866269456163545,0.3471162664904179,31.45431256854893,2.7361227051137718,4.154260129880446,0.7211519690451685,136.2723463021002,-0.050034806663842385,137.04385528564453,147.65106203331118,126.43664853797787,0.15480018021322794,0.15754554564766338,133.6269722464005,137.45695436122128,-3.8299821148207798,-3.234493333064731,-0.5954887817560488,-1.3698178174093472,-2.0681631480960094
2022-12-24 05:00:00+00:00,128.8537182862033,130.33004413506166,127.59392142994788,129.7788848876953,63814900.0,0.0,0.056480063182148085,0.0,0.017359925330670656,0.016864889062549723,0.2677218140891988,0.015692639556876213,0.24911293009001578,0.021866269456163545,0.3471162664904179,31.45431256854893,2.7361227051137718,4.052964599539969,0.7218177869573774,135.69728541283885,-0.04560372459868993,136.25894470214843,146.5573810703487,125.96050833394816,0.15115978463963392,0.18538622841510294,133.0349588065997,136.88820847429344,-3.8532496676937456,-3.358244599990534,-0.4950050677032114,-1.2584550863395885,-1.9683464656346674
2022-12-25 05:00:00+00:00,128.8537182862033,130.33004413506166,127.59392142994788,129.7788848876953,63814900.0,0.0,0.056480063182148085,0.0,0.014854369546024815,0.0168684535279981,0.2677783982239985,0.015692639556876213,0.24911293009001578,0.021866269456163545,0.3471162664904179,31.45431256854893,2.7361227051137718,3.958904464223812,0.7238694378645619,135.14664978611745,-0.04136084928659354,135.53210220336913,145.48237664951398,125.5818277572243,0.1468327323841582,0.21090157629255785,132.53402435753748,136.3615919123232,-3.8275675547857304,-3.4521091909495736,-0.3754583638361568,-1.1563936948297677,-1.8789571757357344
2022-12-26 05:00:00+00:00,128.8537182862033,130.33004413506166,127.59392142994788,129.7788848876953,63814900.0,0.0,0.056480063182148085,0.014073791454785045,0.014854369546024815,0.010516723282257927,0.1669478064728245,0.015724250209546865,0.24961473364449768,0.021866269456163545,0.3471162664904179,31.45431256854893,2.7361227051137718,3.871562910001666,0.7242441785442028,134.7499702312995,-0.038304269203005836,134.9883239746094,144.94861344590907,125.02803450330971,0.14757260743785752,0.2384895739262927,132.11015674679254,135.873983984573,-3.763827237780447,-3.5144528003157482,-0.24937443746469867,-1.0460417042948282,-1.7982404421721512
2022-12-27 05:00:00+00:00,129.3064518231432,129.3359771357154,126.6884306433546,127.97775268554688,69007800.0,-0.01397567515904648,-1.2146507265078597,0.03165666804595624,0.0007697448625707537,0.006059550685719462,0.09619238502722763,0.015152539370299003,0.24053910542955848,0.021911682152719585,0.3478371706991306,28.444870662566686,3.0904542443407195,3.815769433883027,0.7834962565885013,134.32771281338648,-0.049617687407295274,134.45143356323243,144.71866071413717,124.18420641232767,0.15272767093369935,0.18474054471878115,131.47440227583166,135.2890779624229,-3.8146756865912437,-3.5744973775708475,-0.24017830902039616,-1.261037821124876,-1.951757946388848
2022-12-28 05:00:00+00:00,127.62342547026658,128.9619612841453,123.883405115354,124.05072021484376,85438400.0,-0.031165925705125705,-2.731227276751332,-0.027544183599660932,-0.029939149467126613,0.013775717726243473,0.21868273941038635,0.016125940230566214,0.2559913650430187,0.022199914228285326,0.3524127130500442,23.226910126705434,5.078556168791309,3.9059684863764756,0.9573761307004249,133.62444712645174,-0.07717590752417411,133.63404235839843,144.49362384463905,122.77446087215782,0.16252717188807134,0.058761902763149854,130.33229734337198,134.45660701815777,-4.124309674785792,-3.6844598370138364,-0.4398498377719555,-1.7649523889473995,-2.336667853911946
2022-12-29 05:00:00+00:00,125.969942452078,128.4206408882066,125.71405141675788,127.56437683105467,75703700.0,0.02793063752900944,2.540061119541939,-0.002462801730500064,0.036299736923036896,0.021722750068768042,0.34483796684622886,0.01730968068316474,0.2747826621695552,0.02254079559499635,0.3578240369874033,34.75875009711511,4.3699206733628415,3.939107928304073,0.848481357046537,133.09904196568388,-0.04338723138952247,133.016446685791,143.7761731066534,122.2567202649286,0.16178039165756436,0.24664458734912043,129.90646341840008,133.9460714487427,-4.0396080303426345,-3.755489475679596,-0.2841185546630385,-1.013421650603519,-1.7982385353043715
2022-12-30 05:00:00+00:00,126.38331908581098,127.8990067839709,125.41878304163788,127.87931823730467,77034200.0,0.0024658394151836067,0.278779320930018,0.0,0.02825262673322171,0.021848063770754815,0.34682726019418403,0.017376719862133846,0.27584687614345643,0.022547770412253296,0.35793475877881525,35.69117801987855,2.480223742333024,3.834901915020427,0.8629402815263386,132.58326112552353,-0.03678423495728833,132.4145980834961,142.892177628429,121.93701853856317,0.15825414563923113,0.28357215868693986,129.59459492900078,133.49668232196953,-3.9020873929687525,-3.7848090591374275,-0.11727833383132502,-0.8657113652522401,-1.6889730670521812
2022-12-31 05:00:00+00:00,126.38331908581098,127.8990067839709,125.41878304163788,127.87931823730467,77034200.0,0.0,0.059932541512580914,0.0,0.03927383387514505,0.021848063770754815,0.34682726019418403,0.017376719862133846,0.27584687614345643,0.022547770412253296,0.35793475877881525,35.69117801987855,2.480223742333024,3.7381391883998982,0.862487537969691,132.06802149651537,-0.032755126606459954,131.81274948120117,141.84954903342083,121.7759499289815,0.15228875191092328,0.3040495267723761,129.3307062072014,133.08058127866101,-3.749875071459627,-3.7778222616018677,0.027947190142240785,-0.7838018929104956,-1.6260002822605342
2023-01-01 05:00:00+00:00,126.38331908581098,127.8990067839709,125.41878304163788,127.87931823730467,77034200.0,0.0,0.059932541512580914,0.0,0.002391604964821159,0.020960661914504606,0.33274019244649317,0.017376719862133846,0.27584687614345643,0.022547770412253296,0.35793475877881525,35.69117801987855,2.480223742333024,3.6482880851094075,0.8593262660399568,131.48947721112498,-0.028230983896246304,131.09623947143555,139.988740567525,122.20373837534609,0.13566370983550663,0.3191216846998454,129.1074157502942,132.69530253485684,-3.5878867845626417,-3.739835166194023,0.15194838163138114,-0.7235132612006183,-1.5680123033495874
2023-01-02 05:00:00+00:00,126.38331908581098,127.8990067839709,125.41878304163788,127.87931823730467,77034200.0,0.0,0.059932541512580914,0.038858238791276145,0.002391604964821159,0.01226184850129262,0.19465081049022204,0.01676730029811849,0.2661726404805642,0.022547770412253296,0.35793475877881525,35.69117801987855,2.480223742333024,3.5648549177682374,0.8674799791176533,130.71521495600754,-0.022176351561714755,130.33150329589844,137.26566860921568,123.3973379825812,0.1064081229474387,0.32318094912705014,128.91847767137273,132.33856295726036,-3.4200852858876374,-3.675885190132746,0.2557999042451087,-0.7072762034917988,-1.5144282367518267
2023-01-03 05:00:00+00:00,128.22379338136977,128.8340031338152,122.2102267313656,123.09602355957033,112117500.0,-0.038122262761405484,-3.239837816231026,-0.010208911728316616,-0.03510260829127598,0.01735735562306449,0.27553947837802334,0.01800073833039575,0.28575286222665114,0.022981483516395642,0.3648197408622783,27.625523406369595,6.623776402449607,3.7833493095311925,1.2416993697061236,129.77580331078263,-0.05426478904884963,129.4388168334961,135.09678267091283,123.78085099607938,0.08742301538022959,-0.06051887340678315,128.0227155003262,131.65393040928333,-3.6312149089571335,-3.6669511338976237,0.035736224940490224,-2.2420754936271305,-2.0196541538758774
2023-01-04 05:00:00+00:00,124.88729543343348,126.62936374107429,123.10586505340991,124.36566162109376,89113600.0,0.010261380069560042,0.9579078247983706,0.010718384622014465,-0.029119871312129675,0.01873070395171955,0.2973407072245483,0.018277932056040325,0.2901531762049092,0.023041578937445916,0.36577372609647474,32.01705671888055,3.5333401815039593,3.765491514672105,0.9923267323425091,129.25565261705975,-0.03931946272166651,128.93981857299804,134.53567939121217,123.34395775478391,0.0867980253135859,0.09129103631243615,127.46009182659813,131.1140586471952,-3.653966820597077,-3.6643542712375146,0.010387450640437557,-1.634835854750254,-1.7912679550230748
2023-01-05 05:00:00+00:00,125.12349705306252,125.7533952948206,122.79090770776376,123.04679870605467,80962700.0,-0.01066134992217477,-0.8514101837447732,-0.03548846098895886,-0.04367810830304708,0.018543696638149875,0.29437205815421447,0.01560632730969762,0.24774276564321362,0.023057265737480046,0.366022746327015,29.98191559848597,2.9624875870568417,3.7081340912710146,0.9431488682183293,128.67074956786755,-0.04570578772429403,128.47280731201172,134.40616253499672,122.53945208902671,0.09236748767503987,0.04275377067115176,126.78112365420682,130.51648383674035,-3.735360182533526,-3.6785554534967173,-0.056804729036808776,-1.8289849173153934,-1.8748549705703104
2023-01-06 05:00:00+00:00,124.02119442530204,128.2336347517989,122.91886860960568,127.57421112060548,87754700.0,0.036133482984702765,3.1250642991749946,0.0,-0.028990949818967215,0.027279821245712696,0.43305373695871224,0.017696479656538738,0.28092290551509136,0.023584378876819887,0.3743904080039415,43.304706607506894,5.314766142193207,3.8228935234797423,1.067278613271297,128.25029874482948,-0.005299563432807275,128.23216667175294,133.8806517042458,122.58368163926009,0.08809778668018252,0.4417582283247121,126.90313711057584,130.29853770961927,-3.395400599043427,-3.6219244826060595,0.22652388356263264,-0.23296708670114932,-1.2898801871180532
2023-01-07 05:00:00+00:00,124.02119442530204,128.2336347517989,122.91886860960568,127.57421112060548,87754700.0,0.0,0.05812153679701593,0.0,-0.02840858117288636,0.027279821245712696,0.43305373695871224,0.017696479656538738,0.28092290551509136,0.023584378876819887,0.3743904080039415,43.304706607506894,5.314766142193207,3.929455853387847,1.1164329492288756,127.79111955086319,-0.0017002529614127382,127.99152603149415,133.29420615567278,122.68884590731551,0.08285986250173837,0.46065056715510405,127.00637926596501,130.09673574006268,-3.0903564740976748,-3.515610880904383,0.4252544068067081,-0.1573977313795838,-1.2533938077705815
2023-01-08 05:00:00+00:00,124.02119442530204,128.2336347517989,122.91886860960568,127.57421112060548,87754700.0,0.0,0.05812153679701593,-0.004071824203449426,-0.038141885603276915,0.01781300159678738,0.2827726339721751,0.017696479656538738,0.28092290551509136,0.023584378876819887,0.3743904080039415,43.304706607506894,5.314766142193207,4.0284065883025155,1.1106663761580609,127.65367294881302,-0.0006228674863795211,127.85619621276855,133.0499077401405,122.6624846853966,0.08124301647030022,0.47285321964100735,127.09373801283277,129.90988206454733,-2.8161440517145593,-3.3757175150664183,0.559573463351859,-0.10858712143597056,-1.231321166659113
2023-01-09 05:00:00+00:00,128.41075122341888,131.30435066058786,127.83990374783173,128.09579467773438,70790800.0,0.004080136651847074,0.4029335005141175,-0.004437222480883629,-0.034209355883096704,0.017757203895971126,0.2818868729316412,0.017427612974902917,0.276654779262454,0.019774141247331234,0.31390476078181806,44.81558434894676,3.7301395399823747,4.007101799136791,0.8997447913353485,127.54767634171102,0.00427897213489573,127.75039024353028,132.82693361921488,122.67384686784568,0.07947597445310653,0.5340196476857161,127.24790057666378,129.7755052210797,-2.5276046444159164,-3.2060949409363184,0.678490296520402,0.13607859074286713,-1.131351420421631
2023-01-10 05:00:00+00:00,128.2041342180523,129.18835147296187,126.0979098932644,128.66671752929688,63896200.0,0.004447096171222247,0.43241403953607394,-0.020675526185132354,-0.029904827776308984,0.015355266724866173,0.24375730241436697,0.0174653474961604,0.27725379621699026,0.019775363353991746,0.31392416112361393,46.496337918885125,3.090441579697469,3.9416260691768397,0.8236470100447728,127.27450893179427,0.010820269796543167,127.51811637878419,131.90087212328356,123.13536063428481,0.06873934259632081,0.6310364092220121,127.4661801078381,129.69337279946615,-2.227192691628048,-3.0103144910746646,0.7831217994466169,0.5241456368880478,-1.0304329728801007
2023-01-11 05:00:00+00:00,129.1784814447806,131.4028064616691,128.40095662151043,131.3831329345703,69458900.0,0.020892257436376092,1.8083271846745013,0.0005997561464254897,-0.009424150869246417,0.008657501354555673,0.13743357335615486,0.017291962723816206,0.27450139828450054,0.01951362837866953,0.3097692471989527,53.718949273826766,3.0018498401586555,3.874499195675541,0.9002222142875149,127.31472514682538,0.030965982442898707,127.5801212310791,132.15031899507542,123.00992346708279,0.07164435524745368,0.9160664264302799,128.06878823502765,129.81854021688127,-1.7497519818536205,-2.758201989230456,1.0084500073768354,1.66426570572112,-0.6892471726477171
2023-01-12 05:00:00+00:00,131.76696547602162,132.14095769176564,129.36547379890666,131.30438232421875,71379600.0,-0.000599576364587921,-0.002458545244509956,-0.010017898719340779,-0.018611358687005697,0.00876288486568816,0.13910648473261505,0.016443986818608685,0.26104019810677664,0.01616376230683716,0.256591771890305,53.493497240492026,2.775483892858972,3.7959981026172143,0.9206025505141242,127.39696465728329,0.02975847110180378,127.65639610290528,132.4276049988263,122.88518720698426,0.07475080045460307,0.8822916058477541,128.56657194105705,129.92860259520256,-1.3620306541455136,-2.4789677222134676,1.116937068067954,1.5291664233910147,-0.6726709480825165
2023-01-13 05:00:00+00:00,129.94617875784812,132.79056549396478,129.58202324711493,132.63308715820312,57809700.0,0.010068415531423484,0.8916884799969984,0.0,-0.003327957202543752,0.008248979486255343,0.13094848974422993,0.01655723131812629,0.26283789880519404,0.016017576826579408,0.25427114933400163,56.78870780111632,3.208542246849845,3.7540369700624026,0.7484863174282078,127.4945212916369,0.03874271478305414,127.79910621643066,132.98991255778222,122.6082998750791,0.08123384419544866,0.9656290972814269,129.1921896667718,130.12893478505444,-0.9367451182826301,-2.1705232014273,1.2337780831446699,1.8625163891257088,-0.4936713270583782
2023-01-14 05:00:00+00:00,129.94617875784812,132.79056549396478,129.58202324711493,132.63308715820312,57809700.0,0.0,0.0446267147390939,0.0,-0.0037702555535511495,0.00888360162644999,0.14102280390093355,0.01655723131812629,0.26283789880519404,0.016017576826579408,0.25427114933400163,56.78870780111632,3.208542246849845,3.715073061261506,0.7514074828147629,127.59283940701391,0.038001435834613934,127.94181632995605,133.5053585445963,122.3782741153158,0.08696988012569919,0.9216082710671422,129.72155851160738,130.31442755343582,-0.5928690418284361,-1.8549923695075274,1.2621233276790913,1.6864330842685684,-0.46983639969605323
2023-01-15 05:00:00+00:00,129.94617875784812,132.79056549396478,129.58202324711493,132.63308715820312,57809700.0,0.0,0.0446267147390939,0.0,-0.022557468129985936,0.009405579016311017,0.14930893808235887,0.01655723131812629,0.26283789880519404,0.016017576826579408,0.25427114933400163,56.78870780111632,3.208542246849845,3.6788922888035303,0.7543515387755144,127.6919279539883,0.0372543481425647,128.08452644348145,133.98283372867115,122.18621915829176,0.09210023176050669,0.8855818707634,130.16948599569903,130.4861801167519,-0.3166941210528762,-1.5473327198165974,1.2306385987637212,1.5423274830536036,-0.4468947991575852
2023-01-16 05:00:00+00:00,129.94617875784812,132.79056549396478,129.58202324711493,132.63308715820312,57809700.0,0.0,0.0446267147390939,-0.008680419531371664,-0.022557468129985936,0.0045771361159817675,0.0726597832786791,0.01655723131812629,0.26283789880519404,0.015987105018189455,0.2537874243720123,56.78870780111632,3.208542246849845,3.64529585723541,0.759903492675753,127.86670455805216,0.035936603017207004,128.31729316711426,134.55549523489137,122.07909109933715,0.09723088624777607,0.8459164951855059,130.5485015591612,130.64521026797053,-0.0967087088093308,-1.2572079176151443,1.1604992088058135,1.3836659807420235,-0.4222932409305738
2023-01-17 05:00:00+00:00,132.70199775252627,135.12316348796887,132.01304876349633,133.7944793701172,63646600.0,0.008718313824601474,0.774266103710272,0.005399330785232248,-0.01399856198951921,0.0051670530111064565,0.08202442367085089,0.016266506147445074,0.2582227797962582,0.015950379799914375,0.25320442960560974,60.11152217187668,3.1101147244725382,3.6070686334666338,0.8487858280268049,128.33567164991615,0.04079994739618722,128.80448112487792,135.16051291828003,122.44844933147581,0.09869271220835615,0.8925403779775881,131.04788276084673,130.87848946072214,0.16939330012459664,-0.9718876740671961,1.1412809741917926,1.5701615119103522,-0.25300084492020974
2023-01-18 05:00:00+00:00,134.66054787823845,136.42228931739672,132.89879142112386,133.07595825195312,69672800.0,-0.00538480665569885,-0.4088881327666696,-0.0004437752159335284,-0.041811600922364134,0.0050690897766380895,0.08046930553466602,0.014506685775324015,0.23028649745559338,0.0159342954199495,0.25294909798933135,57.181892907458675,3.5234978962728576,3.6010992950956497,0.9329022900779713,128.59587418879266,0.03366561565296644,129.08006019592284,135.6828458513328,122.4772745405129,0.10230527697907757,0.8025918350655737,131.3598943748631,131.04126492673925,0.31862944812385763,-0.7137842496289853,1.032413697752843,1.2103673402622948,-0.31778879760733914
2023-01-19 05:00:00+00:00,131.96381962844052,134.0995687562006,131.65871475561192,133.13504028320312,58280400.0,0.0004438737132962714,0.0805850633872743,-0.018858313236645885,-0.050936648167928755,0.00505837032232238,0.08029913947280792,0.013373152114216807,0.21229220843553193,0.015829608141760865,0.2512872389682152,57.365890736079635,2.440854000588672,3.518224631202294,0.790283110065423,128.81266068087967,0.03246613057786246,129.34284629821778,136.15930700972118,122.52638558671437,0.10540143357889484,0.7781644423319038,131.63299374537695,131.19635939758842,0.4366343477885266,-0.483700530145483,0.9203348779340096,1.1126577693276127,-0.2833670646160526
2023-01-20 05:00:00+00:00,133.14488168206822,135.84164181281548,132.10161400912494,135.69400024414062,80223600.0,0.019038398894488225,1.6275203456038962,0.0,-0.028126261242510164,0.009533504518785853,0.15133969247770723,0.013879234545010527,0.22032601796420737,0.016030546630584733,0.2544770385897097,64.48451048201383,3.7400278036905377,3.5340677149514543,1.085485963870175,129.2347831430538,0.04760134633414457,129.73358039855958,137.07268156704225,122.39447923007693,0.11314111806574559,0.9060728765518118,132.25776397595598,131.5295179788145,0.728245997141471,-0.2413112246880922,0.9695572218295632,1.62429150620725,0.07961757188053503
2023-01-21 05:00:00+00:00,133.14488168206822,135.84164181281548,132.10161400912494,135.69400024414062,80223600.0,0.0,0.03675666111863718,0.0,-0.04230362110002106,0.009533504518785853,0.15133969247770723,0.013879234545010527,0.22032601796420737,0.016030546630584733,0.2544770385897097,64.48451048201383,3.7400278036905377,3.548779149861389,1.0831487999014922,129.6550878582615,0.04450390124113008,130.12431449890136,137.8686677170495,122.37996128075322,0.11903007132788435,0.8595965723894956,132.78641570952286,131.83799814661646,0.9484175629063998,-0.0033654671691938087,0.9517830300755936,1.4383862895579849,0.10966837953185317
2023-01-22 05:00:00+00:00,133.14488168206822,135.84164181281548,132.10161400912494,135.69400024414062,80223600.0,0.0,0.03675666111863718,-0.022960882143674866,-0.05523203373815411,0.009379580078609838,0.14889621774130377,0.013879234545010527,0.22032601796420737,0.016030546630584733,0.2544770385897097,64.48451048201383,3.7400278036905377,3.5624397679920428,1.0808216786231635,130.07358654267045,0.041419765732883716,130.51504859924316,138.5650137575605,122.46508344092581,0.12335688864562136,0.8216754074734407,133.23373640715636,132.12362793161824,1.1101084755381123,0.21932932137226743,0.8907791541658449,1.2867016298937635,0.14422915987322613
2023-01-23 05:00:00+00:00,135.9400590430552,141.0579999020067,135.72353008280908,138.88287353515625,81760300.0,0.023228588993365547,1.9548240426088754,-0.009962777725808225,-0.03302953894546601,0.011590744833909365,0.183997370043185,0.014552175943387438,0.23100863148635947,0.016110797683374235,0.25575098455850254,71.81033268232896,5.3639996578660885,3.6911226172687606,1.1245209869010842,131.10688554521838,0.0559895384650829,131.30439109802245,139.38720640353387,123.22157579251103,0.12311568924572167,0.9688021531288902,134.10283442684863,132.62431279113957,1.4785216357090576,0.4711677842396255,1.007353851469432,1.8752086125155618,0.6440671661932014
2023-01-24 05:00:00+00:00,138.0954934654877,140.90051809732327,138.0856567013407,140.28045654296875,66435100.0,0.010012738303538844,0.8544918154844738,0.004723064613976424,-0.02329888281035697,0.010672967643702793,0.1694281088176597,0.01093966898524043,0.17366186136187506,0.016051221370902927,0.2548052399175264,74.31128799085072,2.8148613959825752,3.628532530034033,0.9282164306565667,131.9523051102738,0.0593678666147196,132.10013084411622,140.43630805390785,123.76395363432458,0.12620997657646046,0.9906520994565687,135.05323782932865,133.19143455053432,1.8618032787943264,0.7492948831505657,1.1125083956437607,1.962608397826273,0.8794068851093202
2023-01-25 05:00:00+00:00,138.6663258108729,140.18201330953534,136.61915274790366,139.6210174560547,65799300.0,-0.004711945940034707,-0.36297591609836993,-0.014587656083429268,-0.007972149246249005,0.011171835003464315,0.177347382644478,0.0111492369456671,0.176988649598211,0.016035071312755153,0.2545488656924169,71.10573918799436,3.661303795065095,3.6308733346791087,0.9291759188083658,132.81766922762222,0.04872725004008657,132.9288417816162,140.75527426883764,125.10240929439476,0.11775371518062559,0.9275367918502522,135.75597315651729,133.66769995094324,2.0882732055740405,1.0170905476352607,1.0711826579387798,1.7101471674010102,0.811753018252339
2023-01-26 05:00:00+00:00,140.91037200424128,141.97332836189656,139.6604119793185,141.6879119873047,54105100.0,0.01469510214276716,1.2347765185269588,-0.01349948994584571,-0.00228657324534165,0.011228307327063453,0.17824385298968567,0.010673230884920202,0.16943228764243623,0.01615625360183511,0.2564725748936835,74.77816180776522,2.3523109058418754,3.5395474469050208,0.7826323491345314,133.49757193337328,0.057805496171510144,133.63452682495117,141.9574992160665,125.31155443383582,0.12456320366992678,0.9838046303596055,136.66857913048457,134.26178973141447,2.4067893990701066,1.29503031792223,1.1117590811478766,1.9352185214384225,1.1571002292249253
2023-01-27 05:00:00+00:00,140.900529862646,144.90628582720518,140.82179068901343,143.62680053710938,70555800.0,0.013591436485485777,1.1363075159383318,0.0,0.0034380988169575577,0.010211367801056888,0.16210043848445405,0.008473780521035364,0.13451709553921742,0.01606944530580525,0.25509453591548986,77.6481127682872,4.084495138191755,3.5784722819969303,1.0334475524905724,134.40165697364856,0.06422995937361485,134.43715629577636,143.37289419319677,125.50141839835595,0.1329355387101586,1.0142073518061616,137.73907473150376,134.95549423554002,2.783580495963747,1.5927403535305333,1.1908401424332138,2.056829407224646,1.4462693266970832
2023-01-28 05:00:00+00:00,140.900529862646,144.90628582720518,140.82179068901343,143.62680053710938,70555800.0,0.0,0.017650276799544503,0.0,-0.03242284753303304,0.008624221341262419,0.13690526952333762,0.008473780521035364,0.13451709553921742,0.01606944530580525,0.25509453591548986,77.6481127682872,4.084495138191755,3.6146167717251325,1.0466307231846288,135.32880793029116,0.05777468115829977,135.23978576660156,144.45922140831146,126.02035012489166,0.13634206220380907,0.9548551069961315,138.64487870159692,135.59781322084146,3.047065480755464,1.8836053789755196,1.1634601017799442,1.819420427984529,1.4155441065449113
2023-01-29 05:00:00+00:00,140.900529862646,144.90628582720518,140.82179068901343,143.62680053710938,70555800.0,0.0,0.017650276799544503,0.020489528321278927,-0.055469051587260565,0.008827844062738099,0.14013768001717852,0.008473780521035364,0.13451709553921742,0.01606944530580525,0.25509453591548986,77.6481127682872,4.084495138191755,3.6481795121870344,1.0468131832426033,136.14297195200763,0.05210607321972701,136.0163360595703,145.31812163012722,126.71455048901339,0.13677453517764315,0.9090862135990636,139.4113282147527,136.1925530220465,3.218775192706204,2.1506393417216567,1.068135850984547,1.6363448543962549,1.432954934320129
2023-01-30 05:00:00+00:00,142.6721140707524,143.2527985417942,140.59541543784155,140.7430419921875,64015300.0,-0.020282441893486977,-1.6362610798152122,-0.008939995315323856,-0.07443347315233362,0.014135394484945649,0.2243924309457608,0.010192058308451915,0.16179390979220046,0.015920883689455125,0.25273619336809655,64.09904542678464,3.0313850992678226,3.6041227684070907,0.9496900299852299,136.71574971259187,0.02861450358461897,136.62015228271486,145.46999017726586,127.77031438816385,0.1295539164125303,0.732935888690751,139.61620725743498,136.52962627909397,3.0865809783410043,2.3378276690455264,0.7487533092954779,0.9317435547630049,1.0215067887801346
2023-01-31 05:00:00+00:00,140.4477331827307,142.0618481205238,140.0343639323399,142.01263427734375,65874500.0,0.00898019685384556,0.7555205118055655,-0.007839155266657571,-0.06608427090935598,0.012997119401432168,0.20632287417841313,0.01023914004966318,0.16254130926342192,0.015725842675176432,0.24964001325266122,66.84222326335384,2.027484188183905,3.4915057269625773,0.979877222497408,137.25074614840267,0.033531440024141414,137.15162734985353,145.95379719692085,128.3494575027862,0.1283567685947216,0.776125490188638,139.98488833742095,136.93577501970506,3.049113317715893,2.4800847987796,0.5690285189362929,1.1045019607545514,1.2475223337364116
2023-02-01 05:00:00+00:00,141.69774073810188,144.29607334830789,139.08957136310852,143.1346893310547,77663600.0,0.0078700429725475,0.6616092836444152,-0.03573807531552797,-0.04152108419116085,0.011743114566421048,0.18641616456054108,0.009582726350512992,0.1521210648326577,0.01456118879844922,0.23115170612493632,69.09013690718618,5.206501985199367,3.6140054596937765,1.1498648978776012,137.90324667103314,0.036549090122533434,137.7431427001953,146.4806043292502,129.0056810711404,0.12686601246019802,0.808530489732323,140.4694731056723,137.3949538575828,3.0745192480895014,2.5989716886415803,0.47554755944792104,1.23412195892929,1.4474970649335137
2023-02-02 05:00:00+00:00,146.54992610628193,148.79393998354684,145.83145179927072,148.43963623046875,118339000.0,0.036392315172786,2.928500449263794,-0.023818466564106244,-0.02476546789130618,0.020378209891533782,0.3234940532260495,0.011818712590798464,0.18761624599320373,0.015275477081391653,0.24249068109137445,77.02176639944665,5.6592506524921475,3.760094402036517,1.6769507240289556,139.00256428948998,0.06357514866397734,138.5334701538086,148.1409269747365,128.9260133328807,0.13870231952265527,1.0155456985807934,141.6956520479487,138.21307847779659,3.4825735701521126,2.7756920649436867,0.7068815052084259,2.062182794323175,2.2567203112588374
2023-02-03 05:00:00+00:00,145.69362375451536,154.89605760293438,145.4967833818238,152.06150817871094,154357300.0,0.024106712491569402,1.9201442410848828,0.0,0.016982599096711848,0.02126128309347275,0.33751240571682567,0.012449942013229128,0.19763670242507458,0.015559556471121635,0.24700030159832162,80.66894921688223,9.399274221110574,4.162892960541806,2.047305440408821,140.58353781093763,0.07548241830065092,139.504891204834,150.43780088957013,128.57198152009786,0.1567387292347108,1.0742577838819858,143.29039914498904,139.23888808527173,4.051511059717313,3.030855863898412,1.0206551958189012,2.2970311355279454,2.689406557192991
2023-02-04 05:00:00+00:00,145.69362375451536,154.89605760293438,145.4967833818238,152.06150817871094,154357300.0,0.0,-0.0009569936683387044,0.0,0.02406035002496565,0.014590526604950431,0.23161742936502236,0.012449942013229128,0.19763670242507458,0.015559556471121635,0.24700030159832162,80.66894921688223,9.399274221110574,4.536920193439576,1.9241094091480937,141.9742420549962,0.06633674915192624,140.47631225585937,152.257959036788,128.69466547493073,0.16773855451828631,0.9916628438396629,144.6398005347924,140.18871179589684,4.451088738895578,3.3149024388978456,1.1361862999977324,1.9666513753586514,2.529711726769718
2023-02-05 05:00:00+00:00,145.69362375451536,154.89605760293438,145.4967833818238,152.06150817871094,154357300.0,0.0,-0.0009569936683387044,0.018255953022606297,0.02155112941051529,0.01606709217022137,0.2550571810461529,0.012449942013229128,0.19763670242507458,0.015559556471121635,0.24700030159832162,80.66894921688223,9.399274221110574,4.884231195416075,1.8148984060631084,143.2070756449578,0.058229282609422305,141.44773330688477,153.70086705519185,129.1945995585777,0.17325316513517683,0.9331045057470538,145.78160171077988,141.06817819462378,4.713423516156098,3.5946066543494966,1.1188168618066014,1.7324180229882173,2.380102520007325
2023-02-06 05:00:00+00:00,150.1620046015634,150.6836384438328,148.40024764766747,149.3352508544922,69858300.0,-0.018091313856431316,-1.4310630402217923,-0.01888136354431702,0.003236098328841086,0.02163993409044676,0.3435233039469051,0.013504185256780238,0.21437229508791258,0.01570175076907807,0.24925756609978647,70.19448770133272,3.6612605310434674,4.796876147960889,0.8183895889313922,143.8087481784779,0.0370073552251848,142.22477188110352,154.40522619751786,130.04431756468918,0.17128456815662052,0.7918806962646133,146.3283169636587,141.68055394720662,4.647763016452075,3.8052379267700127,0.842525089682062,1.1675227850584535,1.9303376117947009
2023-02-07 05:00:00+00:00,148.26246234257331,152.7800151967711,148.26246234257331,152.20916748046875,83322600.0,0.019061892523136226,1.5047179998240345,0.017970139877288682,0.02254310646167923,0.016926391112692278,0.2686981288679858,0.01380701290568848,0.21917953498266612,0.015506715334728848,0.24616147456298546,74.0235859245512,4.517552854197788,4.776924484120667,0.96838122440384,144.6500282795416,0.04966283783069194,143.1814323425293,155.34185001045418,131.0210146746044,0.16986026007665342,0.8711934649149264,147.23306319701408,142.46045124596677,4.77261195104731,3.9987127316254725,0.7738992194218373,1.4847738596597049,2.1982089147738058
2023-02-08 05:00:00+00:00,151.45130381865607,152.14025265616812,148.78406936876726,149.52223205566406,64120100.0,-0.017810585554017957,-1.3972933623807426,0.006959559519051917,-0.014049987080841708,0.015420369442717151,0.2447907760210155,0.014570761607810073,0.23130366976243863,0.015576325369099754,0.24726649960118594,65.54527993978493,3.4250981117014874,4.680365457519298,0.7426881039724659,145.2196132799103,0.02877577947172418,144.00079193115235,155.50144266523859,132.5001411970661,0.159730381754911,0.7400490307973173,147.58524302142177,142.98354612075914,4.601696900662631,4.119309565432904,0.48238733522972677,0.9601961231892701,1.7873288546398345
2023-02-09 05:00:00+00:00,151.35289040745275,151.89421276586904,148.04592065726197,148.4888153076172,56007100.0,-0.006935453564626014,-0.5389936926281312,-0.0024502663484522458,-0.016710150687009095,0.01535345525931565,0.24372854629023552,0.014787402188614547,0.234742732366598,0.015546359291082208,0.2467908028599716,62.57666198800251,3.848292108607069,4.620931646882711,0.6579446019787055,145.77602140878528,0.018269348389721735,144.64053268432616,155.606631599967,133.67443376868533,0.151632446481292,0.6754626988546613,147.72425414237492,143.39134383830418,4.332910304070737,4.1620297131604715,0.17088059091026508,0.7018507954186456,1.6077755433793661
2023-02-10 05:00:00+00:00,147.32569243849323,149.1788354914484,147.08911426452642,148.85354614257812,57450700.0,0.0024532731637111433,0.19864310138019978,0.0,-0.027811797070041222,0.015580920003360721,0.2473394371589048,0.014450266953061496,0.2293908764177747,0.015537613481595361,0.24665196743847473,63.2099839271865,2.089721226921995,4.440130902599803,0.684053397426788,146.36280108794833,0.01673285668481192,145.29850997924805,155.5609930384266,135.0360269200695,0.14126067859394106,0.6732054583101369,147.89799137317542,143.79595141639857,4.102039956776849,4.1500317618837474,-0.047991805106898155,0.6928218332405466,1.6116115191253495
2023-02-11 05:00:00+00:00,147.32569243849323,149.1788354914484,147.08911426452642,148.85354614257812,57450700.0,0.0,0.005709745699098693,0.0,-0.01756551012791341,0.013533329792377383,0.21483495024751167,0.014450266953061496,0.2293908764177747,0.015537613481595361,0.24665196743847473,63.2099839271865,2.089721226921995,4.2722444971942455,0.6934549872324965,146.96571009815648,0.012682506351668631,145.95648727416992,155.2697053343455,136.64326921399433,0.12761636339851481,0.6555347920390897,148.04499979923736,144.17058806278223,3.87441173645513,4.094907756798024,-0.22049602034289428,0.6221391681563581,1.5771957139771928
2023-02-12 05:00:00+00:00,147.32569243849323,149.1788354914484,147.08911426452642,148.85354614257812,57450700.0,0.0,0.005709745699098693,-0.018459303846528496,-0.01009513076484636,0.0082453402045576,0.1308907179382911,0.014450266953061496,0.2293908764177747,0.015537613481595361,0.24665196743847473,63.2099839271865,2.089721226921995,4.116349977889085,0.7037804124066216,147.4369203446819,0.009516909973641564,146.45502090454102,155.22557413283192,137.6844676762501,0.11977128778681517,0.6367373970378664,148.1693915443667,144.5174738464708,3.6519176978958967,4.0063097450175995,-0.3543920471217028,0.546949588151466,1.5348562823724614
2023-02-13 05:00:00+00:00,148.79435847028975,152.05708767351098,148.76478808797367,151.6529541015625,62199000.0,0.018631802902098194,1.4589104985346857,0.0042427106544893345,0.0085214735511836,0.009502904573869785,0.15085393341142606,0.014183259198428099,0.22515225971646036,0.015578093154412114,0.24729456232303307,68.34530809636472,3.2922995855373074,4.0574892355782435,0.7639299867790088,147.8899267319869,0.024813412912850337,147.0236457824707,155.58068595076224,138.46660561417917,0.11640359103803113,0.7704970543579942,148.70532424547375,145.04602793944056,3.659296306033184,3.9369070572207168,-0.27761075118753276,1.081988217431975,1.7784456085782803
2023-02-14 05:00:00+00:00,149.94767374239032,151.57412024796835,148.70567235340334,151.0122528076172,61707600.0,-0.004233735734012707,-0.33025106390667347,-0.013712911234113223,0.004260686038642714,0.008864163985795067,0.14071424092145296,0.014231393866881806,0.2259163738894747,0.015574341081803883,0.24723500001689844,66.07214607785505,2.9472817481591562,3.978188700762595,0.7598037706743985,148.34351169643836,0.017672348180771055,147.59320755004882,155.57253631509894,139.6138787849987,0.10812596185829675,0.7142439143843756,149.06023633195736,145.48797052226845,3.5722658096889006,3.863978807714354,-0.29171299802545336,0.8569756575375026,1.6337699491055617
2023-02-15 05:00:00+00:00,150.923562968411,153.279432747917,150.696851620169,153.1118621826172,65573800.0,0.013807801682862065,1.0754471244526616,0.0105394067848672,0.01822349443430893,0.009957532041549814,0.15807092072338855,0.014270161962813603,0.22653179833330886,0.015513046562592036,0.24626197968950353,69.63620827724601,2.582581127748,3.8785024455472668,0.8017472847535075,148.75480411710916,0.028456698281883252,148.16440505981444,155.9980533620599,140.330756757569,0.10574264850026538,0.8157824382659992,149.68356338590502,146.05270323784987,3.630860148055149,3.817355075782513,-0.18649492772736442,1.2631297530639984,1.7812357692780105
2023-02-16 05:00:00+00:00,151.3178281549916,154.09756497312395,151.16012443154224,151.51498413085938,68167900.0,-0.010484254414242982,-0.8176451076712873,0.007603946563439212,0.03522374154827235,0.01227632326813759,0.19488059029036664,0.014418254236337698,0.22888269029431832,0.014259588498055574,0.22636394978383256,64.11930203678578,2.937440541581708,3.8112837381211553,0.8346828829759854,149.09150751047392,0.015994963364761118,148.55881423950194,156.22300397553317,140.8946245034707,0.10318054536535627,0.6928559960787345,149.9653204235903,146.45731663733207,3.5080037862582287,3.7554848178776568,-0.24748103161942803,0.7714239843149376,1.54382828973446
2023-02-17 05:00:00+00:00,150.17442580979125,150.8151376986906,148.69584602843153,150.37156677246094,59144100.0,-0.007575182284438721,-0.5879715175467262,0.0,0.024444135353540286,0.013251763516059629,0.21036522417919604,0.014394829394931885,0.22851083246515286,0.014153861434954885,0.2246855846889506,60.42770490451794,2.819138102427843,3.7404161927144903,0.7292860107941398,149.3758986875068,0.00662138532120741,148.89605255126952,156.23306455571648,141.55904054682256,0.09855213591939385,0.6005528013513614,150.0278198618781,146.74726109178607,3.2805587700920285,3.660499608320531,-0.37994083822850255,0.4022112054054449,1.3700606228877117
2023-02-18 05:00:00+00:00,150.17442580979125,150.8151376986906,148.69584602843153,150.37156677246094,59144100.0,0.0,0.00252089467372189,0.0,0.02108439727040823,0.009506347609509741,0.1509085899077768,0.014394829394931885,0.22851083246515286,0.014153861434954885,0.2246855846889506,60.42770490451794,2.1192916702590594,3.624621583967674,0.7344533985362864,149.66431999664266,0.004703327836494965,149.2332908630371,156.15903720440141,142.30754452167278,0.09281771247302464,0.5821771296059053,150.08070400196777,147.01572817924347,3.064975822724307,3.5413948512012863,-0.47641902847697937,0.3287085184236217,1.3209199242882834
2023-02-19 05:00:00+00:00,150.17442580979125,150.8151376986906,148.69584602843153,150.37156677246094,59144100.0,0.0,0.00252089467372189,0.0,0.03980644234135511,0.00941200144120186,0.1494108909168098,0.014394829394931885,0.22851083246515286,0.014153861434954885,0.2246855846889506,60.42770490451794,2.1192916702590594,3.5170980187027734,0.7366815184352544,150.0460423952481,0.0021648000629362354,149.71471710205077,155.37927437119407,144.05015983290747,0.0756713485325847,0.5579789063117292,150.12545212050517,147.2643088157781,2.8611433047270793,3.4053445419064454,-0.5442012371793661,0.23191562524691714,1.2753824700994445
2023-02-20 05:00:00+00:00,150.17442580979125,150.8151376986906,148.69584602843153,150.37156677246094,59144100.0,0.0,0.00252089467372189,0.027411360464628887,0.03980644234135511,0.005051591988925508,0.08019153676597827,0.01346218670486236,0.21370558874511536,0.013966801930953378,0.22171610712119613,60.42770490451794,2.1192916702590594,3.417254708099651,0.7397823859692748,150.38904646988638,-0.00011624336834830834,150.13266372680664,154.4862472970851,145.77908015652818,0.0579964874026426,0.5274375169096635,150.16331591311376,147.49447607182867,2.6688398412850916,3.2580436017821746,-0.589203760497083,0.10975006763865369,1.2312848603100617
2023-02-21 05:00:00+00:00,148.05508866222715,149.1393862953431,146.29065710385296,146.35964965820312,58867200.0,-0.02704239647931571,-2.078888680522875,-0.0028880594718621033,0.012064380786212636,0.011715366427197536,0.18597567650615981,0.01490048307747625,0.23653783582637122,0.014443998380686916,0.2292913659163034,47.51675508474566,4.080909668607973,3.464658633850245,0.7450775647828737,150.59548098524627,-0.02894125079511445,150.29391174316407,153.6896985477001,146.89812493862806,0.04518861429781727,-0.07928579021887504,149.57813648928135,147.41041485600454,2.1677216332768126,3.0399792080811023,-0.8722575748042898,-2.317143160875498,0.7951455916997708
2023-02-22 05:00:00+00:00,146.74413211289576,147.80871152161882,145.05855932975447,146.7835693359375,51011300.0,0.0028922379627112265,0.23337456512128463,-0.0032795717864817497,0.006693212915918956,0.012480086302806824,0.19811522818710237,0.01483244635839914,0.23545778639417841,0.014176034760210463,0.22503757531514426,48.76249218532658,2.750152191864345,3.413622459422681,0.6743800861865135,150.63558445435442,-0.026242822243959518,150.2111083984375,153.86799912158276,146.55421767529222,0.04869001716497961,0.03135883432251081,149.1482030810746,147.3639818545181,1.7842212265564967,2.7888276117761817,-1.004606385219685,-1.8745646627099544,0.8105117154908333
2023-02-23 05:00:00+00:00,147.946689634791,148.19311959888688,145.13739706863274,147.26654052734375,48394200.0,0.0032849613689410026,0.26267525397664193,0.018335453093784482,0.013499840644018768,0.012878042636312327,0.2044325891338142,0.012477174065367804,0.19806899785096785,0.0137934124531544,0.21896363449192746,50.21242872567592,3.055722530254144,3.3880581787677855,0.6879686726342308,150.3632470510635,-0.021027902961737354,149.97136001586915,153.74433737506112,146.19838265667718,0.050315971780115,0.14155370798399475,148.85871653434677,147.3567639784311,1.5019525559156648,2.5314526006040783,-1.0295000446884135,-1.4337851680640192,0.8312829120055845
2023-02-24 05:00:00+00:00,145.00924162382364,145.0881010134071,143.6390916917033,144.61495971679688,55469600.0,-0.0181693855511069,-1.383882865712231,0.0,0.00963455383088574,0.013926898981684947,0.22108266743914237,0.011716520013879635,0.18599398912701937,0.01401315077713952,0.22245187224457602,43.01539927301582,3.6274488356404504,3.4051575114015473,0.8481690723399246,149.91905661801522,-0.03667737356913483,149.59903259277343,153.93171625968233,145.26634892586452,0.05792395300714267,-0.07517156330182416,148.20583087010831,147.1536673664582,1.052163503650121,2.235594781213287,-1.183431277563166,-2.3006862532072896,0.537706993643675
2023-02-25 05:00:00+00:00,145.00924162382364,145.0881010134071,143.6390916917033,144.61495971679688,55469600.0,0.0,0.014409645358656218,0.0,0.005482926922421916,0.013926898981684947,0.22108266743914237,0.011716520013879635,0.18599398912701937,0.01401315077713952,0.22245187224457602,43.015399273015824,1.4490093217038122,3.2654326407088523,0.9175377852294374,149.40220869338123,-0.033103414653361876,149.22670516967773,153.93218560423594,144.52122473511952,0.06306485731502093,0.009960192479916051,147.65338915421424,146.96561494796475,0.687774206249486,1.9260306662205269,-1.2382564599710408,-1.9601592300803388,0.5141652437201332
2023-02-26 05:00:00+00:00,145.00924162382364,145.0881010134071,143.6390916917033,144.61495971679688,55469600.0,0.0,0.014409645358656218,-0.008179872640793673,-0.028603330929479642,0.008951537254415233,0.14210124856147577,0.011716520013879635,0.18599398912701937,0.01401315077713952,0.22245187224457602,43.015399273015824,1.4490093217038122,3.1356881179227782,0.9285883304884264,149.18385474982372,-0.03159351592652815,148.99069061279297,154.1270358341243,143.85434539146164,0.06894853900207791,0.07404236792499794,147.18593847153466,146.79149233824862,0.3944461332860385,1.6197137596336293,-1.2252676263475908,-1.7038305283000061,0.48878875960236645
2023-02-27 05:00:00+00:00,145.60065500306268,147.0397972581303,145.34435826985944,145.80764770507812,44998500.0,0.008213511364914402,0.643469315844647,0.0034596262301520575,-0.02059189738674183,0.00999348657725004,0.1586416812831941,0.01135460537789277,0.18024877239108508,0.014035098595332252,0.2228002830571266,47.26200276903005,2.4248375413334315,3.0849130767378248,0.7782622381492653,148.8344888166792,-0.020759138215598927,148.67061462402344,153.76010630866455,143.58112293938234,0.06846667981446147,0.21873744016665916,146.97389373823364,146.71861495801375,0.25527878021989636,1.3468267637508828,-1.0915479835309865,-1.1250502393333603,0.5902167382406234
2023-02-28 05:00:00+00:00,144.95008720013072,146.95109701970668,144.7332276594082,145.30494689941406,50547000.0,-0.0034536554903815304,-0.25259133676695933,0.014451724216542727,-0.023968601215428875,0.009663759352125921,0.15340742385419914,0.010372346135362092,0.16465589031869998,0.01390576482166849,0.22074717304971161,45.71562263559577,2.2178693602984936,3.022981382706444,0.8846082934630742,148.63978825812654,-0.022950638845221097,148.45975036621093,153.74631902583354,143.1731817065883,0.0712188811658655,0.20162087452940883,146.71713268610756,146.61389880552488,0.10323388058267824,1.098108187117242,-0.9948743065345638,-1.193516501882364,0.5118358748618466
2023-03-01 05:00:00+00:00,144.7332532784917,145.12753521820275,142.93923585875515,143.23495483398438,55479000.0,-0.014348293361983335,-1.083298896324983,-0.004112009531281435,-0.05538570404162524,0.008168160761444441,0.12966553226146785,0.010136823956571707,0.16091709163878326,0.013411138080229404,0.21289521695181124,39.92304828152137,2.3657110406589084,2.97603350113162,0.9713706623263522,148.38468575951455,-0.035953032075857067,148.1970573425293,153.97668727067904,142.41742741437955,0.07799925358559895,0.07072489326894908,146.18141301655015,146.36360665948484,-0.18219364293469198,0.8420478211068553,-1.0242414640415474,-1.717100426924202,0.26297106282875204
2023-03-02 05:00:00+00:00,142.31822024697658,144.61494903595985,141.84506394442167,143.8263702392578,52238100.0,0.004120487090324312,0.3320135324765495,-0.03390038452093136,-0.03753290871312143,0.008606127833436394,0.13661804399102284,0.010157249954287855,0.1612413443002071,0.01300606924182445,0.2064649484901233,42.1773578079695,2.7698850915381854,2.961308614732089,0.9188192602356478,148.15158308987463,-0.030072460588567666,147.9456985473633,154.0341325061896,141.857264588537,0.0823063329127768,0.16170871393507036,145.81909874312058,146.1756632209495,-0.3565644778289254,0.6023253613196992,-0.9588898391486246,-1.3531651442597215,0.3041927988278262
2023-03-03 05:00:00+00:00,145.9259229618336,148.952089353373,145.2260704687506,148.87322998046875,70732300.0,0.034488328472344586,2.6138921084812443,0.0,-0.012036348833771138,0.018188250146327238,0.2887295200236961,0.012836055005713701,0.20376605616158536,0.013638712491970779,0.2165078487411882,57.00410638436413,5.125719114115185,3.1159093646880245,1.2297507597241122,148.1608980451845,0.004784822196560845,147.94668273925782,154.0357409374184,141.85762454109724,0.08231422408966048,0.5760829680927357,146.288965087328,146.37548298091392,-0.08651789358592055,0.4645567103385752,-0.5510746039244958,0.30433187237094356,0.843860454197551
2023-03-04 05:00:00+00:00,145.9259229618336,148.952089353373,145.2260704687506,148.87322998046875,70732300.0,0.0,0.005451475522469809,0.0,0.0029216291634139857,0.018286875982966345,0.29029515664325267,0.012836055005713701,0.20376605616158536,0.013638712491970779,0.2165078487411882,57.00410638436413,3.726018884622391,3.159488616111908,1.2157145025228737,148.1700003604817,0.004723680812724363,147.94766693115236,154.03734863492545,141.85798522737926,0.08232210524288885,0.5759943700130441,146.68654430165734,146.56050127717725,0.12604302448008298,0.3968539731668768,-0.27081094868679384,0.30397748005217684,0.8219461857843203
2023-03-05 05:00:00+00:00,145.9259229618336,148.952089353373,145.2260704687506,148.87322998046875,70732300.0,0.0,0.005451475522469809,-0.018202075826787567,0.017036899052331078,0.017990151122137657,0.28558479550587496,0.012836055005713701,0.20376605616158536,0.013638712491970779,0.2165078487411882,57.00410638436413,3.726018884622391,3.1999550638626566,1.206864177253969,148.02761857187463,0.005680076993728575,147.80868072509764,153.66469393846012,141.95266751173517,0.07923774415189856,0.5908936862490317,147.02295748301293,146.7318145144581,0.2911429685548228,0.37571177224446606,-0.08456880368964326,0.3635747449961267,0.799535180835167
2023-03-06 05:00:00+00:00,151.59383305095145,154.06799923846452,151.26855877090114,151.63327026367188,87558000.0,0.018369771667598372,1.383959058028236,0.014709836104576324,0.03589228904592967,0.014954596661613145,0.23739686234343077,0.012817157688377915,0.2034660705488848,0.013781909402759864,0.21878102922795192,63.412246138341764,5.194769257995773,3.3424417920150225,1.4617153628274588,148.13740751834698,0.023054721033490988,147.8397315979004,153.77333898567576,141.90612421012503,0.08027080844429288,0.8196654596314431,147.73223637234508,147.09488531069616,0.6373510616489284,0.4280396301253586,0.2093114315235698,1.2786618385257704,1.1205563877969646
2023-03-07 05:00:00+00:00,151.50510660246357,151.83039589059405,148.9718149331636,149.4351043701172,56182000.0,-0.014602695864448357,-1.093273422747848,-0.008307596031358666,0.020875379529848415,0.019022597398812954,0.30197437204657945,0.01318267209416108,0.20926843185876762,0.01295169799786816,0.20560183175023392,56.22497551435286,2.8585809574304335,3.307880303830409,0.9453273458002283,147.92431539357244,0.010110000477550847,147.6558937072754,153.11021087680524,142.20157653774555,0.07387876003572075,0.6631011369105215,147.99421606431002,147.26823487065326,0.7259811936567644,0.4876279428316398,0.2383532508251246,0.6524045476420872,0.8179625611667253
2023-03-08 05:00:00+00:00,150.62780991403972,151.2783884609091,149.66180891591966,150.68695068359375,47204800.0,0.008342296425481708,0.6283325446808465,0.015140210856470437,0.0294274469023057,0.01215477034054497,0.19295099738511512,0.01293775109360137,0.205380431508739,0.01293677817167264,0.205364986851928,59.07013371619951,1.8432840907919115,3.203266288613374,0.8085352082134714,147.82637722183227,0.01898355132136153,147.6144920349121,152.956893042728,142.2720910270962,0.07238315065369577,0.7875541020027,148.4084829288152,147.52147307901924,0.8870098497959589,0.5675043242245037,0.3195055255714552,1.150216408010801,0.957959283824698
2023-03-09 05:00:00+00:00,151.3671337581158,152.33313497413033,148.08468493947933,148.43954467773438,53833600.0,-0.015026741728316534,-1.119448444513883,0.014074150440539723,0.014074150440539723,0.014529125105197055,0.2306427107741794,0.013144775455327194,0.20866684136748945,0.013022793562199961,0.20673043884548437,52.476024255275604,4.248450034651,3.2779222704732045,0.9262876287787939,147.7252684664123,0.004811899772885875,147.51789093017578,152.71836754387505,142.31741431647652,0.07050638510227607,0.5886124307463226,148.41326165941814,147.5894783826278,0.8237832767903512,0.6187601147376732,0.205023162052678,0.3544497229852909,0.6336389841123498
2023-03-10 05:00:00+00:00,148.06496662146847,148.78453780981002,145.5020893181875,146.37937927246094,68572400.0,-0.01397602916256596,-1.0343601092378898,0.0,0.0,0.01568706570498411,0.2490244479343085,0.013377586548500828,0.2123626028974566,0.012484228987105134,0.19818099126158384,47.26705300607971,3.2824484916225174,3.27824557198387,1.1703971735308676,147.51293869136404,-0.007743982960832013,147.3182815551758,152.36165992844712,142.27490318190445,0.06846914476642763,0.4069173267178604,148.10035667680933,147.49984141150432,0.6005152653050061,0.6151111448511398,-0.014595879546133728,-0.3723306931285587,0.3178980554609269
2023-03-11 05:00:00+00:00,148.06496662146847,148.78453780981002,145.5020893181875,146.37937927246094,68572400.0,0.0,0.010399410796420148,0.0,0.0,0.01066849049702219,0.16935703631745952,0.013377586548500828,0.2123626028974566,0.012484228987105134,0.19818099126158384,47.267053006079706,3.2824484916225174,3.278545780529488,1.161055166984519,147.30399851122138,-0.006316594887586024,147.1186721801758,151.96540780547957,142.271936554872,0.06588878968902052,0.4237329034561774,147.8355909222942,147.41684421601963,0.4187467062745611,0.575838257135824,-0.15709155086126292,-0.30506838617528964,0.28772766604412325
2023-03-12 05:00:00+00:00,148.06496662146847,148.78453780981002,145.5020893181875,146.37937927246094,68572400.0,0.0,0.010399410796420148,0.0,0.0,0.010066717771273924,0.1598041904487912,0.013377586548500828,0.2123626028974566,0.012484228987105134,0.19818099126158384,47.26705300607971,3.2824484916225174,3.2788245456075615,1.1518611136261057,147.09836740237796,-0.00491181294449094,146.91906280517577,151.52454860218532,142.31357700816622,0.0626941896997631,0.44140862044724344,147.61155836078137,147.3399949609412,0.27156339984017563,0.5149832856766944,-0.24341988583651875,-0.23436551821102625,0.25860809630103104
2023-03-13 05:00:00+00:00,148.06496662146847,148.78453780981002,145.5020893181875,146.37937927246094,68572400.0,0.0,0.010399410796420148,0.0,0.0,0.007951418336570771,0.12622485293283087,0.013377586548500828,0.2123626028974566,0.012484809584740117,0.1981902079633076,47.26705300607971,3.2824484916225174,3.279083398894344,1.1425478976071648,147.09352170221987,-0.004878709236973051,146.92004928588867,151.5250389837859,142.31505958799144,0.06268701542478346,0.4412951983720382,147.42199234719362,147.26883824327598,0.15315410391764317,0.44261744932488417,-0.289463345407241,-0.23481920651184707,0.22794229746119635
2023-03-14 05:00:00+00:00,148.06496662146847,148.78453780981002,145.5020893181875,146.37937927246094,68572400.0,0.0,0.010399410796420148,0.0,0.0,0.006250270252603314,0.09921996429199936,0.01200496036103918,0.1905728376869871,0.012483999423981753,0.19817734705997592,47.26705300607971,3.2824484916225174,3.2793237626606424,1.1260733511678147,147.06629507585396,-0.004692708814637345,146.89983978271485,151.51089507614478,142.28878448928492,0.06277822086464241,0.4435638398225791,147.2615903356963,147.20295239358597,0.05863794211032314,0.36582154788197196,-0.3071836057716488,-0.22574464070968364,0.19748061434852052
2023-03-15 05:00:00+00:00,148.06496662146847,148.78453780981002,145.5020893181875,146.37937927246094,68572400.0,0.0,0.010399410796420148,0.0,0.0,0.0,0.0,0.01198677441737839,0.19028414478128622,0.012250637395578077,0.1944728397043656,47.26705300607971,3.2824484916225174,3.279546957586491,1.1077206493177223,147.0204223267545,-0.004379326223951026,146.8554817199707,151.4687521392717,142.2422113006697,0.06282735060714639,0.44839859749844235,147.125865556737,147.14194697720635,-0.016081420469333807,0.28944095421171084,-0.30552237468104465,-0.20640561000623095,0.16520654420026123
2023-03-16 05:00:00+00:00,148.06496662146847,148.78453780981002,145.5020893181875,146.37937927246094,68572400.0,0.0,0.010399410796420148,0.0,0.0,0.0,0.0,0.01196137056433891,0.18988087111637444,0.01224904258382116,0.19444752285258501,47.26705300607971,3.2824484916225174,3.279754210017636,1.0961202425958327,147.09193234862502,-0.004867851467232862,146.9437026977539,151.44263425963874,142.44477113586908,0.06123340407637079,0.4372825061316842,147.01102151300222,147.08546048055854,-0.0744389675563184,0.21666496985810502,-0.2911039374144234,-0.2508699754732639,0.13062279085628276
2023-03-17 05:00:00+00:00,148.06496662146847,148.78453780981002,145.5020893181875,146.37937927246094,68572400.0,0.0,0.010399410796420148,0.0,0.0,0.0,0.0,0.011238542427033501,0.17840633016467347,0.012204029895013568,0.19373296857002165,47.267053006079706,3.2824484916225174,3.279946658703699,1.0847602841981965,147.1619601410067,-0.005346250765888997,147.03192367553712,151.4060482599911,142.65779909108312,0.05949897784247997,0.42540857142073923,146.91384578368817,147.0331581688476,-0.119312385159418,0.14946949885460042,-0.2687818840140184,-0.29836571431704256,0.09303477061679825
2023-03-18 05:00:00+00:00,148.06496662146847,148.78453780981002,145.5020893181875,146.37937927246094,68572400.0,0.0,0.010399410796420148,0.0,0.0,0.0,0.0,0.011238542427033501,0.17840633016467347,0.012204029895013568,0.19373296857002165,47.267053006079706,3.2824484916225174,3.280125361055043,1.073633374941629,147.23055131572707,-0.0058148357200081885,147.12014465332032,151.35806938212357,142.88221992451707,0.05761175315303913,0.4126028152618261,146.8316201665763,146.98473010244857,-0.15310993587226562,0.08895361190922722,-0.24206354778149286,-0.34958873895269676,0.054845453660702
2023-03-19 05:00:00+00:00,148.06496662146847,148.78453780981002,145.5020893181875,146.37937927246094,68572400.0,0.0,0.010399410796420148,0.0,0.0,0.0,0.0,0.011238542427033501,0.17840633016467347,0.012204029895013568,0.19373296857002165,47.267053006079706,3.2824484916225174,3.28029129895272,1.054178772438948,147.23490318166284,-0.005844565767760844,147.14873123168945,151.35698802279197,142.94047444058694,0.0571973234954572,0.4085901838434443,146.7620446444047,146.93988930022726,-0.17784465582255393,0.035593958362871,-0.21343861418542492,-0.36563926462622304,0.010024616002509224
2023-03-20 05:00:00+00:00,148.06496662146847,148.78453780981002,145.5020893181875,146.37937927246094,68572400.0,0.0,0.010399410796420148,0.0,0.0,0.0,0.0,0.01110159601579492,0.17623237328219307,0.012204029895013568,0.19373296857002165,47.267053006079706,3.2824484916225174,3.28044538414342,1.039772286163461,147.26438650440787,-0.006045982954331531,147.20245285034179,151.3384160824228,143.06648961826076,0.05619421622391018,0.4004979575862047,146.70317304872106,146.89837003891122,-0.19519699019016912,-0.010564231347737027,-0.18463275884243208,-0.39800816965518176,-0.04139897448489519
2023-03-21 05:00:00+00:00,148.06496662146847,148.78453780981002,145.5020893181875,146.37937927246094,68572400.0,0.0,0.010399410796420148,0.0,0.0,0.0,0.0,0.011070514310641022,0.17573896650922677,0.012170996624729135,0.1932085816610389,47.26705300607971,3.2824484916225174,3.28058846324907,1.0295520801944504,147.38664755536362,-0.006881217066973778,147.35967407226562,151.07865669131303,143.6406914532182,0.05047490288589549,0.3682039014132611,146.6533586216041,146.85992627843342,-0.20656765682932132,-0.04976491644405389,-0.15680274038526743,-0.5271843943469551,-0.08873788614008538
2023-03-22 05:00:00+00:00,148.06496662146847,148.78453780981002,145.5020893181875,146.37937927246094,68572400.0,0.0,0.010399410796420148,0.0,0.0,0.0,0.0,0.010548415790616389,0.16745090944606644,0.012141259912152228,0.1927365259833163,47.26705300607971,3.2824484916225174,3.2807213224186023,1.0170804050528899,147.47335023132757,-0.007473531888876159,147.4873245239258,150.8542628437674,144.12038620408418,0.04565732452886709,0.3354669515423472,146.61120795250514,146.82433020391693,-0.21312225141178942,-0.08243638343760101,-0.1306858679741884,-0.65813219383061,-0.14332431143421762
2023-03-23 05:00:00+00:00,148.06496662146847,148.78453780981002,145.5020893181875,146.37937927246094,68572400.0,0.0,0.010399410796420148,0.0,0.0,0.0,0.0,0.010526434171665306,0.16710196206311156,0.012142018754020571,0.19274857222452463,47.267053006079706,3.2824484916225174,3.2808446916474536,1.0187121831009036,147.3440784947508,-0.006590403833413068,147.36263198852538,150.69802888004367,144.0272350970071,0.04526787892575103,0.3526033410649278,146.5755420017291,146.79137087566093,-0.2158288739318266,-0.10911488153644613,-0.10671399239538046,-0.5895866357402902,-0.20847613817226623
2023-03-24 05:00:00+00:00,148.06496662146847,148.78453780981002,145.5020893181875,146.37937927246094,68572400.0,0.0,0.010399410796420148,0.0,0.0,0.0,0.0,0.007168764371030002,0.11380060640019453,0.011933741660225247,0.18944227586068244,47.26705300607971,3.2824484916225174,3.28095924878853,1.020349205529632,147.21439129100733,-0.005704437487688462,147.237939453125,150.52161707870388,143.9542618275461,0.04460368893744656,0.36926850340360395,146.54536312030322,146.76085297912758,-0.21548985882435545,-0.13038987699402801,-0.08509998183032744,-0.522925986385585,-0.2583585056055205
2023-03-25 05:00:00+00:00,148.06496662146847,148.78453780981002,145.5020893181875,146.37937927246094,68572400.0,0.0,0.010399410796420148,0.0,0.0,0.0,0.0,0.007168764371030002,0.11380060640019453,0.011933741660225247,0.18944227586068244,47.26705300607971,3.2824484916225174,3.281065623276672,1.021991497662185,147.08428661396505,-0.004815619146683514,147.1132469177246,150.32405252129993,143.90244131414929,0.04365080196171616,0.3857190786563831,146.5198271437121,146.73259566752265,-0.21276852381055278,-0.14686560635733298,-0.0659029174532198,-0.4571236853744692,-0.301857370245242
2023-03-26 05:00:00+00:00,148.06496662146847,148.78453780981002,145.5020893181875,146.37937927246094,68572400.0,0.0,0.010399410796420148,0.0,0.0,0.0,0.0,0.007168764371030002,0.11380060640019453,0.011933741660225247,0.18944227586068244,47.26705300607971,3.2824484916225174,3.2811643995870896,1.0366580415059905,146.74667998222716,-0.0025092380606598764,146.85055236816407,149.26528029701396,144.4358244393142,0.03288687566929952,0.40243764316596276,146.49821977890423,146.70643149011065,-0.2082117112064168,-0.15913482732714976,-0.049076883879267036,-0.3902494273361499,-0.3573183833902029
2023-03-27 05:00:00+00:00,148.06496662146847,148.78453780981002,145.5020893181875,146.37937927246094,68572400.0,0.0,0.010399410796420148,0.0,0.0,0.0,0.0,0.005677812644349922,0.0901324814866075,0.01159633112022731,0.18408604958928312,47.26705300607971,3.2824484916225174,3.281256120446763,1.027039073747122,146.6147079458952,-0.0016076627364037931,146.69776611328126,148.78895310187178,144.60657912469074,0.028510140869843777,0.42387413403071156,146.4799366240668,146.68220539991435,-0.20226877584755698,-0.1677616170312312,-0.03450715881632577,-0.3045034638771535,-0.39675299791567614
2023-03-28 05:00:00+00:00,148.06496662146847,148.78453780981002,145.5020893181875,146.37937927246094,68572400.0,0.0,0.010399410796420148,0.0,0.0,0.0,0.0,0.004849741381935962,0.07698725771748763,0.011536972574114821,0.1831437618820831,47.26705300607971,3.2824484916225174,3.28134128981646,1.0108636397541935,146.4611256926675,-0.0005584558468062182,146.4823875427246,147.40372152094113,145.5610535645081,0.01257945059023287,0.4440983005624787,146.46446626228126,146.6597738349178,-0.19530757263652276,-0.17327080815228954,-0.022036764484233223,-0.22360679775008813,-0.41907837982310747
2023-03-29 05:00:00+00:00,148.06496662146847,148.78453780981002,145.5020893181875,146.37937927246094,68572400.0,0.0,0.010399410796420148,0.0,0.0,0.0,0.0,0.00436507208286684,0.06929337111681833,0.011516738671189039,0.18282255863092003,47.26705300607971,3.2824484916225174,3.28142037565975,1.0,146.37937927246094,0.0,146.37937927246094,146.37937927246094,146.37937927246094,0.0,,146.45137595615506,146.63900386732837,-0.18762791117330835,-0.17614222875649332,-0.011485682416815024,,-0.44230752993601
2023-03-30 05:00:00+00:00,148.06496662146847,148.78453780981002,145.5020893181875,146.37937927246094,68572400.0,0.0,0.010399410796420148,0.0,0.0,0.0,0.0,0.0030498195977318385,0.04841438519525697,0.011377726515428888,0.18061580907078204,47.26705300607971,3.2824484916225174,3.281493812514234,1.0,146.37937927246094,0.0,146.37937927246094,146.37937927246094,146.37937927246094,0.0,,146.44029954327905,146.6197724158567,-0.17947287257763378,-0.17680835752072144,-0.002664515056912342,,-0.46653159491533963
2023-03-31 05:00:00+00:00,148.06496662146847,148.78453780981002,145.5020893181875,146.37937927246094,68572400.0,0.0,0.010399410796420148,0.0,0.0,0.0,0.0,0.0,0.0,0.011254003494035133,0.17865176699441362,47.26705300607971,3.2824484916225174,3.2815620038791113,1.0,146.37937927246094,0.0,146.37937927246094,146.37937927246094,146.37937927246094,0.0,,146.43092719392243,146.60196551634587,-0.17103832242344197,-0.17565435050126554,0.004616028077823575,,-0.5305029229721959
2023-04-01 05:00:00+00:00,148.06496662146847,148.78453780981002,145.5020893181875,146.37937927246094,68572400.0,0.0,0.010399410796420148,0.0,0.0,0.0,0.0,0.0,0.0,0.011254003494035133,0.17865176699441362,47.26705300607971,3.2824484916225174,3.281625324432212,1.0,146.37937927246094,0.0,146.37937927246094,146.37937927246094,146.37937927246094,0.0,,146.42299674446681,146.58547764642847,-0.16248090196165776,-0.17301966079334402,0.010538758831686257,,-0.5829781763883104
2023-04-02 05:00:00+00:00,148.06496662146847,148.78453780981002,145.5020893181875,146.37937927246094,68572400.0,0.0,0.010399410796420148,0.0,0.0,0.0,0.0,0.0,0.0,0.011254003494035133,0.17865176699441362,47.26705300607971,3.2824484916225174,3.281684122088663,1.0,146.37937927246094,0.0,146.37937927246094,146.37937927246094,146.37937927246094,0.0,,146.41628636415822,146.57021110020864,-0.15392473605041346,-0.1692006758447579,0.01527593979434444,,-0.6227726830686022
2023-04-03 05:00:00+00:00,148.06496662146847,148.78453780981002,145.5020893181875,146.37937927246094,68572400.0,0.0,0.010399410796420148,0.0,0.0,0.0,0.0,0.0,0.0,0.010941435308186859,0.1736899008693827,47.26705300607971,3.2824484916225174,3.28173871991251,1.0,146.37937927246094,0.0,146.37937927246094,146.37937927246094,146.37937927246094,0.0,,146.41060835005095,146.55607540926437,-0.1454670592134164,-0.1644539525184896,0.018986893305073194,,-0.6067440406165437
2023-04-04 05:00:00+00:00,148.06496662146847,148.78453780981002,145.5020893181875,146.37937927246094,68572400.0,0.0,0.010399410796420148,0.0,0.0,0.0,0.0,0.0,0.0,0.010889178230502568,0.172860345478609,47.26705300607971,3.2824484916225174,3.2817894178917966,1.0,146.37937927246094,0.0,146.37937927246094,146.37937927246094,146.37937927246094,0.0,,146.40580387657556,146.54298680653818,-0.13718292996261994,-0.15899974800731567,0.021816818044695735,,-0.581392077729772
2023-04-05 05:00:00+00:00,148.06496662146847,148.78453780981002,145.5020893181875,146.37937927246094,68572400.0,0.0,0.010399410796420148,0.0,0.0,0.0,0.0,0.0,0.0,0.010848105607477704,0.17220833780130765,47.26705300607971,3.2824484916225174,3.281836494586848,1.0,146.37937927246094,0.0,146.37937927246094,146.37937927246094,146.37937927246094,0.0,,146.40173855286562,146.53086772993987,-0.12912917707424754,-0.15302563382070206,0.02389645674645452,,-0.5560851052720728
2023-04-06 05:00:00+00:00,148.06496662146847,148.78453780981002,145.5020893181875,146.37937927246094,68572400.0,0.0,0.010399410796420148,0.0,0.0,0.0,0.0,0.0,0.0,0.009818285076176414,0.15586044367619792,47.26705300607971,3.2824484916225174,3.2818802086608247,1.0,146.37937927246094,0.0,146.37937927246094,146.37937927246094,146.37937927246094,0.0,,146.3982986635726,146.5196463627192,-0.1213476991465825,-0.14669004688587817,0.025342347739295668,,-0.5307529885610246
2023-04-07 05:00:00+00:00,148.06496662146847,148.78453780981002,145.5020893181875,146.37937927246094,68572400.0,0.0,0.010399410796420148,0.0,0.0,0.0,0.0,0.0,0.0,0.009311514379404135,0.14781570826383167,47.26705300607971,3.2824484916225174,3.281920800300946,1.0,146.37937927246094,0.0,146.37937927246094,146.37937927246094,146.37937927246094,0.0,,146.39538798801695,146.50925620788524,-0.11386821986829432,-0.1401256814823614,0.026257461614067085,,-0.5101203380094936
2023-04-08 05:00:00+00:00,148.06496662146847,148.78453780981002,145.5020893181875,146.37937927246094,68572400.0,0.0,0.010399410796420148,0.0,0.0,0.0,0.0,0.0,0.0,0.009311514379404135,0.14781570826383167,47.26705300607971,3.2824484916225174,3.2819584925382013,1.0,146.37937927246094,0.0,146.37937927246094,146.37937927246094,146.37937927246094,0.0,,146.39292510870064,146.4996356941501,-0.10671058544946277,-0.1334426622757817,0.026732076826318923,,-0.4845484337294332
2023-04-09 05:00:00+00:00,148.06496662146847,148.78453780981002,145.5020893181875,146.37937927246094,68572400.0,0.0,0.010399410796420148,0.0,0.0,0.0,0.0,0.0,0.0,0.009311514379404135,0.14781570826383167,47.26705300607971,3.2824484916225174,3.2819934924727954,1.0,146.37937927246094,0.0,146.37937927246094,146.37937927246094,146.37937927246094,0.0,,146.39084113389453,146.49072781106202,-0.09988667716748978,-0.12673146525412332,0.026844788086633542,,-0.46289285383709255
2023-04-10 05:00:00+00:00,148.06496662146847,148.78453780981002,145.5020893181875,146.37937927246094,68572400.0,0.0,0.010399410796420148,0.0,0.0,0.0,0.0,0.0,0.0,0.009038491268612706,0.14348160074386754,47.26705300607971,3.2824484916225174,3.2820259924120614,1.0,146.37937927246094,0.0,146.37937927246094,146.37937927246094,146.37937927246094,0.0,,146.38907777059705,146.48247977116563,-0.09340200056857384,-0.12006557231701344,0.0266635717484396,,-0.44645928485775377
2023-04-11 05:00:00+00:00,148.06496662146847,148.78453780981002,145.5020893181875,146.37937927246094,68572400.0,0.0,0.010399410796420148,0.0,0.0,0.0,0.0,0.0,0.0,0.008691696854210227,0.13797641008441613,47.26705300607972,3.2824484916225174,3.282056170927094,1.0,146.37937927246094,0.0,146.37937927246094,146.37937927246094,146.37937927246094,0.0,,146.38758569396072,146.47484269718748,-0.08725700322676744,-0.11350385849896424,0.026246855272196806,,-0.4280588563755639
2023-04-12 05:00:00+00:00,148.06496662146847,148.78453780981002,145.5020893181875,146.37937927246094,68572400.0,0.0,0.010399410796420148,0.0,0.0,0.0,0.0,0.0,0.0,0.008408575107687565,0.13348199169209674,47.26705300607972,3.2824484916225174,3.2820841938339105,1.0,146.37937927246094,0.0,146.37937927246094,146.37937927246094,146.37937927246094,0.0,,146.38632316757614,146.4677713323929,-0.08144816481677708,-0.10709271976252682,0.025644554945749742,,-0.4097110719235941
2023-04-13 05:00:00+00:00,148.06496662146847,148.78453780981002,145.5020893181875,146.37937927246094,68572400.0,0.0,0.010399410796420148,0.0,0.0,0.0,0.0,0.0,0.0,0.008366088990638745,0.132807545492793,47.26705300607971,3.2824484916225174,3.2821102151045256,1.0,146.37937927246094,0.0,146.37937927246094,146.37937927246094,146.37937927246094,0.0,,146.38525487601996,146.46122377239794,-0.07596889637798654,-0.10086795508561877,0.024899058707632232,,-0.3913954935726853
2023-04-14 05:00:00+00:00,148.06496662146847,148.78453780981002,145.5020893181875,146.37937927246094,68572400.0,0.0,0.010399410796420148,0.0,0.0,0.0,0.0,0.0,0.0,0.00835911824429535,0.13269688832513019,47.26705300607971,3.2824484916225174,3.282134377712954,1.0,146.37937927246094,0.0,146.37937927246094,146.37937927246094,146.37937927246094,0.0,,146.38435093701088,146.45516121684705,-0.0708102798361665,-0.09485642003572832,0.02404614019956182,,-0.3633925449728551
2023-04-15 05:00:00+00:00,148.06496662146847,148.78453780981002,145.5020893181875,146.37937927246094,68572400.0,0.0,0.010399410796420148,0.0,0.0,0.0,0.0,0.0,0.0,0.00835911824429535,0.13269688832513019,47.26705300607971,3.2824484916225174,3.28215681442078,1.0,146.37937927246094,0.0,146.37937927246094,146.37937927246094,146.37937927246094,0.0,,146.38358606554166,146.4495477394851,-0.06596167394343411,-0.08907747081726948,0.023115796873835373,,-0.33559938238778136
2023-04-16 05:00:00+00:00,148.06496662146847,148.78453780981002,145.5020893181875,146.37937927246094,68572400.0,0.0,0.010399410796420148,0.0,0.0,0.0,0.0,0.0,0.0,0.00835911824429535,0.13269688832513019,47.26705300607971,3.2824484916225174,3.282177648506619,1.0,146.37937927246094,0.0,146.37937927246094,146.37937927246094,146.37937927246094,0.0,,146.38293886660617,146.44435007526107,-0.061411208654902794,-0.08354421838479614,0.02213300972989335,,-0.30458898316537447
2023-04-17 05:00:00+00:00,148.06496662146847,148.78453780981002,145.5020893181875,146.37937927246094,68572400.0,0.0,0.010399410796420148,0.0,0.0,0.0,0.0,0.0,0.0,0.008001686200603549,0.1270228305358457,47.26705300607971,3.2824484916225174,3.2821969944434692,1.0,146.37937927246094,0.0,146.37937927246094,146.37937927246094,146.37937927246094,0.0,,146.38239123673767,146.43953742320178,-0.057146186464109405,-0.0782646120006588,0.0211184255365494,,-0.2722317573287019
2023-04-18 05:00:00+00:00,148.06496662146847,148.78453780981002,145.5020893181875,146.37937927246094,68572400.0,0.0,0.010399410796420148,0.0,0.0,0.0,0.0,0.0,0.0,0.007988117002341973,0.12680742619130175,47.26705300607971,3.2824484916225174,3.282214958527687,1.0,146.37937927246094,0.0,146.37937927246094,146.37937927246094,146.37937927246094,0.0,,146.38192785761817,146.43508126388764,-0.05315340626947318,-0.07324237085442167,0.020088964584948493,,-0.24145901216632126
2023-04-19 05:00:00+00:00,148.06496662146847,148.78453780981002,145.5020893181875,146.37937927246094,68572400.0,0.0,0.010399410796420148,0.0,0.0,0.0,0.0,0.0,0.0,0.0077759769913724915,0.12343980791839117,47.26705300607971,3.2824484916225174,3.2822316394630326,1.0,146.37937927246094,0.0,146.37937927246094,146.37937927246094,146.37937927246094,0.0,,146.381535767594,146.43095519044863,-0.049419422854640516,-0.06847778125446545,0.019058358399824935,,-0.20878399545744902
2023-04-20 05:00:00+00:00,148.06496662146847,148.78453780981002,145.5020893181875,146.37937927246094,68572400.0,0.0,0.010399410796420148,0.0,0.0,0.0,0.0,0.0,0.0,0.007675035900559414,0.12183741777823723,47.26705300607971,3.2824484916225174,3.282247128902996,1.0,146.37937927246094,0.0,146.37937927246094,146.37937927246094,146.37937927246094,0.0,,146.381203999112,146.42713475207916,-0.0459307529671662,-0.0639683755970056,0.018037622629839406,,-0.17361496520960432
2023-04-21 05:00:00+00:00,148.06496662146847,148.78453780981002,145.5020893181875,146.37937927246094,68572400.0,0.0,0.010399410796420148,0.0,0.0,0.0,0.0,0.0,0.0,0.007622315678797471,0.12100051020315956,47.26705300607972,3.2824484916225174,3.282261511954391,1.0,146.37937927246094,0.0,146.37937927246094,146.37937927246094,146.37937927246094,0.0,,146.3809232719349,146.42359730914447,-0.042674037209565086,-0.059709507919517506,0.01703547070995242,,-0.13508555837773129
2023-04-22 05:00:00+00:00,148.06496662146847,148.78453780981002,145.5020893181875,146.37937927246094,68572400.0,0.0,0.010399410796420148,0.0,0.0,0.0,0.0,0.0,0.0,0.007622315678797471,0.12100051020315956,47.26705300607973,3.2824484916225174,3.2822748676449716,1.0,146.37937927246094,0.0,146.37937927246094,146.37937927246094,146.37937927246094,0.0,,146.3806857335543,146.42032189901974,-0.03963616546545268,-0.05569483942870454,0.016058673963251863,,-0.13533732634255935
2023-04-23 05:00:00+00:00,148.06496662146847,148.78453780981002,145.5020893181875,146.37937927246094,68572400.0,0.0,0.010399410796420148,0.0,0.0,0.0,0.0,0.0,0.0,0.007622315678797471,0.12100051020315956,47.26705300607973,3.2824484916225174,3.2822872693576537,1.0,146.37937927246094,0.0,146.37937927246094,146.37937927246094,146.37937927246094,0.0,,146.38048473953992,146.41728911186723,-0.036804372327310375,-0.05191674600842571,0.015112373681115336,,-0.13029130771385702
2023-04-24 05:00:00+00:00,148.06496662146847,148.78453780981002,145.5020893181875,146.37937927246094,68572400.0,0.0,0.010399410796420148,0.0,0.0,0.0,0.0,0.0,0.0,0.007622315678797471,0.12100051020315956,47.26705300607973,3.2824484916225174,3.2822987852337158,1.0,146.37937927246094,0.0,146.37937927246094,146.37937927246094,146.37937927246094,0.0,,146.3803146676816,146.4144809756149,-0.03416630793330455,-0.048366658393401485,0.014200350460096933,,-0.1194682614171634
2023-04-25 05:00:00+00:00,148.06496662146847,148.78453780981002,145.5020893181875,146.37937927246094,68572400.0,0.0,0.010399410796420148,0.0,0.0,0.0,0.0,0.0,0.0,0.006818359988938068,0.10823810928025945,47.26705300607973,3.2824484916225174,3.282309478547202,1.0,146.37937927246094,0.0,146.37937927246094,146.37937927246094,146.37937927246094,0.0,,146.38017076072458,146.41188084945534,-0.031710088730761754,-0.045035344460873546,0.013325255730111792,,-0.14420887262155677
2023-04-26 05:00:00+00:00,148.06496662146847,148.78453780981002,145.5020893181875,146.37937927246094,68572400.0,0.0,0.010399410796420148,0.0,0.0,0.0,0.0,0.0,0.0,0.00680831630892508,0.10807867080288579,47.26705300607972,3.2824484916225174,3.2823194080525817,1.0,146.37937927246094,0.0,146.37937927246094,146.37937927246094,146.37937927246094,0.0,,146.3800489932994,146.40947332523353,-0.029424331934137626,-0.04191314195552636,0.012488810021388734,,-0.17002711733396664
2023-04-27 05:00:00+00:00,148.06496662146847,148.78453780981002,145.5020893181875,146.37937927246094,68572400.0,0.0,0.010399410796420148,0.0,0.0,0.0,0.0,0.0,0.0,0.0067949777284867065,0.10786692740279039,47.26705300607973,3.2824484916225174,3.282328628307577,1.0,146.37937927246094,0.0,146.37937927246094,146.37937927246094,146.37937927246094,0.0,,146.37994595932426,146.40724413613927,-0.0272981768150089,-0.03899014892742287,0.011691972112413969,,-0.19706879662459273
2023-04-28 05:00:00+00:00,148.06496662146847,148.78453780981002,145.5020893181875,146.37937927246094,68572400.0,0.0,0.010399410796420148,0.0,0.0,0.0,0.0,0.0,0.0,0.006388958979694057,0.10142157958118064,47.26705300607972,3.2824484916225174,3.2823371899729303,1.0,146.37937927246094,0.0,146.37937927246094,146.37937927246094,146.37937927246094,0.0,,146.3798587767299,146.4051800721631,-0.025321295433201385,-0.03625637822857858,0.010935082795377193,,-0.20535630735912372
2023-04-29 05:00:00+00:00,148.06496662146847,148.78453780981002,145.5020893181875,146.37937927246094,68572400.0,0.0,0.010399410796420148,0.0,0.0,0.0,0.0,0.0,0.0,0.006388958979694057,0.10142157958118064,47.26705300607973,3.2824484916225174,3.2823451400907584,1.0,146.37937927246094,0.0,146.37937927246094,146.37937927246094,146.37937927246094,0.0,,146.37978500684235,146.40326890181478,-0.023483894972429198,-0.0337018815773487,0.010217986604919502,,-0.22178420263380907
2023-04-30 05:00:00+00:00,148.06496662146847,148.78453780981002,145.5020893181875,146.37937927246094,68572400.0,0.0,0.010399410796420148,0.0,0.0,0.0,0.0,0.0,0.0,0.006388958979694057,0.10142157958118064,47.26705300607973,3.2824484916225174,3.282352522343027,1.0,146.37937927246094,0.0,146.37937927246094,146.37937927246094,146.37937927246094,0.0,,146.3797225861683,146.40149929964042,-0.0217767134721214,-0.03131684795630324,0.00954013448418184,,-0.283269863885069
2023-05-01 05:00:00+00:00,148.06496662146847,148.78453780981002,145.5020893181875,146.37937927246094,68572400.0,0.0,0.010399410796420148,0.0,0.0,0.0,0.0,0.0,0.0,0.006305904657163584,0.10010313308483317,47.26705300607973,3.2824484916225174,3.2823593772915625,1.0,146.37937927246094,0.0,146.37937927246094,146.37937927246094,146.37937927246094,0.0,,146.37966976867486,146.3998607791086,-0.02019101043373439,-0.029091680451789472,0.008900670018055081,,-0.33853964759961397
2023-05-02 05:00:00+00:00,148.06496662146847,148.78453780981002,145.5020893181875,146.37937927246094,68572400.0,0.0,0.010399410796420148,0.0,0.0,0.0,0.0,0.0,0.0,0.006289839146534444,0.09984810100997335,47.26705300607973,3.2824484916225174,3.2823657426009167,1.0,146.37937927246094,0.0,146.37937927246094,146.37937927246094,146.37937927246094,0.0,,146.37962507694965,146.39834363046802,-0.018718553518368708,-0.027017055065105322,0.008298501546736614,,-0.3105103794185067
2023-05-03 05:00:00+00:00,148.06496662146847,148.78453780981002,145.5020893181875,146.37937927246094,68572400.0,0.0,0.010399410796420148,0.0,0.0,0.0,0.0,0.0,0.0,0.00601121485672702,0.09542507752965876,47.26705300607973,3.2824484916225174,3.282371653245317,1.0,146.37937927246094,0.0,146.37937927246094,146.37937927246094,146.37937927246094,0.0,,146.37958726087447,146.39693886320822,-0.017351602333746996,-0.025083964518833657,0.007732362185086661,,-0.2813513614056178
2023-05-04 05:00:00+00:00,148.06496662146847,148.78453780981002,145.5020893181875,146.37937927246094,68572400.0,0.0,0.010399410796420148,0.0,0.0,0.0,0.0,0.0,0.0,0.005991855107859088,0.09511775104396347,47.26705300607973,3.2824484916225174,3.2823771417008314,1.0,146.37937927246094,0.0,146.37937927246094,146.37937927246094,146.37937927246094,0.0,,146.379555262657,146.39563815278248,-0.016082890125488802,-0.023283749640164688,0.007200859514675886,,-0.2507541460976774
2023-05-05 05:00:00+00:00,148.06496662146847,148.78453780981002,145.5020893181875,146.37937927246094,68572400.0,0.0,0.010399410796420148,0.0,0.0,0.0,0.0,0.0,0.0,0.004089489979867736,0.06491864085492342,47.26705300607973,3.2824484916225174,3.2823822381238092,1.0,146.37937927246094,0.0,146.37937927246094,146.37937927246094,146.37937927246094,0.0,,146.37952818724222,146.39443379127718,-0.014905604034964881,-0.021608120519124727,0.006702516484159846,,-0.21788194668335015
2023-05-06 05:00:00+00:00,148.06496662146847,148.78453780981002,145.5020893181875,146.37937927246094,68572400.0,0.0,0.010399410796420148,0.0,0.0,0.0,0.0,0.0,0.0,0.004089489979867736,0.06491864085492342,47.26705300607973,3.2824484916225174,3.2823869705165745,1.0,146.37937927246094,0.0,146.37937927246094,146.37937927246094,146.37937927246094,0.0,,146.37950527727585,146.39331864173522,-0.01381336445936654,-0.02004916930717309,0.006235804847806552,,-0.17331312534789697
2023-05-07 05:00:00+00:00,148.06496662146847,148.78453780981002,145.5020893181875,146.37937927246094,68572400.0,0.0,0.010399410796420148,0.0,0.0,0.0,0.0,0.0,0.0,0.004089489979867736,0.06491864085492342,47.267053006079735,3.2824484916225174,3.282391364881285,1.0,146.37937927246094,0.0,146.37937927246094,146.37937927246094,146.37937927246094,0.0,,146.3794858919197,146.39228609586303,-0.01280020394332837,-0.018599376234404146,0.005799172291075776,,-0.1290994448712373
2023-05-08 05:00:00+00:00,148.06496662146847,148.78453780981002,145.5020893181875,146.37937927246094,68572400.0,0.0,0.010399410796420148,0.0,0.0,0.0,0.0,0.0,0.0,0.003322035518195211,0.0527356789660087,47.26705300607973,3.2824484916225174,3.2823954453628015,1.0,146.37937927246094,0.0,146.37937927246094,146.37937927246094,146.37937927246094,0.0,,146.37946948892605,146.39133003487026,-0.011860545944216483,-0.017251610176366613,0.00539106423215013,,0.0
2023-05-09 05:00:00+00:00,148.06496662146847,148.78453780981002,145.5020893181875,146.37937927246094,68572400.0,0.0,0.010399410796420148,0.0,0.0,0.0,0.0,0.0,0.0,0.0027938607474662608,0.04435116441324454,47.26705300607973,3.2824484916225174,3.282399234381353,1.0,146.37937927246094,0.0,146.37937927246094,146.37937927246094,146.37937927246094,0.0,,146.3794556094699,146.3904447932103,-0.01098918374040636,-0.015999124889174564,0.005009941148768203,,0.0
2023-05-10 05:00:00+00:00,148.06496662146847,148.78453780981002,145.5020893181875,146.37937927246094,68572400.0,0.0,0.010399410796420148,0.0,0.0,0.0,0.0,0.0,0.0,0.002564586996469145,0.04071155644948465,47.26705300607973,3.2824484916225174,3.282402752755722,1.0,146.37937927246094,0.0,146.37937927246094,146.37937927246094,146.37937927246094,0.0,,146.37944386531467,146.38962512500663,-0.010181259691961486,-0.014835551849731949,0.0046542921577704625,,0.0
2023-05-11 05:00:00+00:00,148.06496662146847,148.78453780981002,145.5020893181875,146.37937927246094,68572400.0,0.0,0.010399410796420148,0.0,0.0,0.0,0.0,0.0,0.0,0.0017608141657302597,0.02795205832513163,47.26705300607973,3.2824484916225174,3.2824060198176364,1.0,146.37937927246094,0.0,146.37937927246094,146.37937927246094,146.37937927246094,0.0,,146.37943392795256,146.3888661729662,-0.009432245013641705,-0.0137548904825139,0.0043226454688721945,,0.0
2023-05-12 05:00:00+00:00,148.06496662146847,148.78453780981002,145.5020893181875,146.37937927246094,68572400.0,0.0,0.010399410796420148,0.0,0.0,0.0,0.0,0.0,0.0,0.0,0.0,47.26705300607973,3.2824484916225174,3.282409053517985,1.0,146.37937927246094,0.0,146.37937927246094,146.37937927246094,146.37937927246094,0.0,,146.37942551941538,146.38816343959544,-0.008737920180067249,-0.012751496422024569,0.00401357624195732,,0.0
2023-05-13 05:00:00+00:00,148.06496662146847,148.78453780981002,145.5020893181875,146.37937927246094,68572400.0,0.0,0.010399410796420148,0.0,0.0,0.0,0.0,0.0,0.0,0.0,0.0,47.26705300607973,3.2824484916225174,3.282411870525452,1.0,146.37937927246094,0.0,146.37937927246094,146.37937927246094,146.37937927246094,0.0,,146.37941840449932,146.38751276054845,-0.008094356049127782,-0.011820068347445213,0.0037257122983174306,,0.0
2023-05-14 05:00:00+00:00,148.06496662146847,148.78453780981002,145.5020893181875,146.37937927246094,68572400.0,0.0,0.010399410796420148,0.0,0.0,0.0,0.0,0.0,0.0,0.0,0.0,47.267053006079735,3.2824484916225174,3.2824144863180997,1.0,146.37937927246094,0.0,146.37937927246094,146.37937927246094,146.37937927246094,0.0,,146.3794123841857,146.38691027994938,-0.007497895763663109,-0.010955633830688793,0.0034577380670256837,,0.0
2023-05-15 05:00:00+00:00,148.06496662146847,148.78453780981002,145.5020893181875,146.37937927246094,68572400.0,0.0,0.010399410796420148,0.0,0.0,0.0,0.0,0.0,0.0,0.0,0.0,47.26705300607973,3.2824484916225174,3.2824169152684157,1.0,146.37937927246094,0.0,146.37937927246094,146.37937927246094,146.37937927246094,0.0,,146.3794072900742,146.38635242754282,-0.006945137468619578,-0.01015353455827495,0.0032083970896553717,,0.0
2023-05-16 05:00:00+00:00,148.06496662146847,148.78453780981002,145.5020893181875,146.37937927246094,68572400.0,0.0,0.010399410796420148,0.0,0.0,0.0,0.0,0.0,0.0,0.0,0.0,47.267053006079735,3.2824484916225174,3.2824191707222803,1.0,146.37937927246094,0.0,146.37937927246094,146.37937927246094,146.37937927246094,0.0,,146.37940297967216,146.38583589753674,-0.0064329178645721186,-0.009409411219534383,0.0029764933549622646,,0.0
2023-05-17 05:00:00+00:00,148.06496662146847,148.78453780981002,145.5020893181875,146.37937927246094,68572400.0,0.0,0.010399410796420148,0.0,0.0,0.0,0.0,0.0,0.0,0.0,0.0,47.267053006079735,3.2824484916225174,3.2824212650722973,1.0,146.37937927246094,0.0,146.37937927246094,146.37937927246094,146.37937927246094,0.0,,146.3793993324089,146.3853576290126,-0.00595829660369418,-0.008719188296366344,0.002760891692672164,,0.0
2023-05-18 05:00:00+00:00,148.06496662146847,148.78453780981002,145.5020893181875,146.37937927246094,68572400.0,0.0,0.010399410796420148,0.0,0.0,0.0,0.0,0.0,0.0,0.0,0.0,47.26705300607973,3.2824484916225174,3.2824232098258848,1.0,146.37937927246094,0.0,146.37937927246094,146.37937927246094,146.37937927246094,0.0,,146.37939624626304,146.38491478778653,-0.005518541523485965,-0.008079058941790267,0.0025605174183043027,,0.0
2023-05-19 05:00:00+00:00,148.06496662146847,148.78453780981002,145.5020893181875,146.37937927246094,68572400.0,0.0,0.010399410796420148,0.0,0.0,0.0,0.0,0.0,0.0,0.0,0.0,47.267053006079735,3.2824484916225174,3.2824250156685015,1.0,146.37937927246094,0.0,146.37937927246094,146.37937927246094,146.37937927246094,0.0,,146.37939363490887,146.38450474961425,-0.005111114705385944,-0.007485470094509403,0.002374355389123459,,0.0
2023-05-20 05:00:00+00:00,148.06496662146847,148.78453780981002,145.5020893181875,146.37937927246094,68572400.0,0.0,0.010399410796420148,0.0,0.0,0.0,0.0,0.0,0.0,0.0,0.0,47.267053006079735,3.2824484916225174,3.28242669252236,1.0,146.37937927246094,0.0,146.37937927246094,146.37937927246094,146.37937927246094,0.0,,146.3793914253015,146.38412508463992,-0.004733659338427287,-0.0069351079432929804,0.002201448604865693,,0.0
2023-05-21 05:00:00+00:00,148.06496662146847,148.78453780981002,145.5020893181875,146.37937927246094,68572400.0,0.0,0.010399410796420148,0.0,0.0,0.0,0.0,0.0,0.0,0.0,0.0,47.267053006079735,3.2824484916225174,3.282428249600943,1.0,146.37937927246094,0.0,146.37937927246094,146.37937927246094,146.37937927246094,0.0,,146.3793895556337,146.38377354299703,-0.004383987363326014,-0.0064248838272995875,0.0020408964639735735,,0.0
2023-05-22 05:00:00+00:00,148.06496662146847,148.78453780981002,145.5020893181875,146.37937927246094,68572400.0,0.0,0.010399410796420148,0.0,0.0,0.0,0.0,0.0,0.0,0.0,0.0,47.267053006079735,3.2824484916225174,3.2824296954596273,1.0,146.37937927246094,0.0,146.37937927246094,146.37937927246094,146.37937927246094,0.0,,146.37938797360712,146.38344804147584,-0.004060067868721262,-0.0059519206355839235,0.0018918527668626613,,0.0
2023-05-23 05:00:00+00:00,148.06496662146847,148.78453780981002,145.5020893181875,146.37937927246094,68572400.0,0.0,0.010399410796420148,0.0,0.0,0.0,0.0,0.0,0.0,0.0,0.0,47.267053006079735,3.2824484916225174,3.282431038042691,1.0,146.37937927246094,0.0,146.37937927246094,146.37937927246094,146.37937927246094,0.0,,146.37938663496925,146.38314665117844,-0.003760016209184869,-0.005513539750304114,0.0017535235411192448,,0.0
2023-05-24 05:00:00+00:00,148.06496662146847,148.78453780981002,145.5020893181875,146.37937927246094,68572400.0,0.0,0.010399410796420148,0.0,0.0,0.0,0.0,0.0,0.0,0.0,0.0,47.26705300607974,3.2824484916225174,3.2824322847269647,1.0,146.37937927246094,0.0,146.37937927246094,146.37937927246094,146.37937927246094,0.0,,146.37938550227565,146.38286758608825,-0.0034820838125995124,-0.005107248562763194,0.0016251647501636813,,0.0
2023-05-25 05:00:00+00:00,148.06496662146847,148.78453780981002,145.5020893181875,146.37937927246094,68572400.0,0.0,0.010399410796420148,0.0,0.0,0.0,0.0,0.0,0.0,0.0,0.0,47.26705300607974,3.2824484916225174,3.2824334423623616,1.0,146.37937927246094,0.0,146.37937927246094,146.37937927246094,146.37937927246094,0.0,,146.3793845438426,146.38260919248623,-0.0032246486436235955,-0.004730728578935275,0.0015060799353116792,,0.0
2023-05-26 05:00:00+00:00,148.06496662146847,148.78453780981002,145.5020893181875,146.37937927246094,68572400.0,0.0,0.010399410796420148,0.0,0.0,0.0,0.0,0.0,0.0,0.0,0.0,47.26705300607974,3.2824484916225174,3.282434517309516,1.0,146.37937927246094,0.0,146.37937927246094,146.37937927246094,146.37937927246094,0.0,,146.37938373286082,146.382369939151,-0.00298620629018842,-0.004381824121185904,0.0013956178309974835,,0.0
2023-05-27 05:00:00+00:00,148.06496662146847,148.78453780981002,145.5020893181875,146.37937927246094,68572400.0,0.0,0.010399410796420148,0.0,0.0,0.0,0.0,0.0,0.0,0.0,0.0,47.26705300607974,3.2824484916225174,3.2824355154747304,1.0,146.37937927246094,0.0,146.37937927246094,146.37937927246094,146.37937927246094,0.0,,146.37938304664544,146.38214840828508,-0.0027653616396321468,-0.004058531624875152,0.0012931699852430055,,0.0
2023-05-28 05:00:00+00:00,148.06496662146847,148.78453780981002,145.5020893181875,146.37937927246094,68572400.0,0.0,0.010399410796420148,0.0,0.0,0.0,0.0,0.0,0.0,0.0,0.0,47.26705300607974,3.2824484916225174,3.28243644234243,1.0,146.37937927246094,0.0,146.37937927246094,146.37937927246094,146.37937927246094,0.0,,146.37938246600166,146.3819432871129,-0.0025608211112455592,-0.003758989522149234,0.0011981684109036747,,0.0
2023-05-29 05:00:00+00:00,148.06496662146847,148.78453780981002,145.5020893181875,146.37937927246094,68572400.0,0.0,0.010399410796420148,0.0,0.0,0.0,0.0,0.0,0.0,0.0,0.0,47.26705300607974,3.2824484916225174,3.2824373030052936,1.0,146.37937927246094,0.0,146.37937927246094,146.37937927246094,146.37937927246094,0.0,,146.3793819746877,146.38175336010164,-0.0023713854139373325,-0.0034814687005068536,0.0011100832865695211,,0.0
2023-05-30 05:00:00+00:00,148.06496662146847,148.78453780981002,145.5020893181875,146.37937927246094,68572400.0,0.0,0.010399410796420148,0.0,0.0,0.0,0.0,0.0,0.0,0.0,0.0,47.26705300607974,3.2824484916225174,3.282438102192238,1.0,146.37937927246094,0.0,146.37937927246094,146.37937927246094,146.37937927246094,0.0,,146.37938155896052,146.38157750175787,-0.00219594279735702,-0.0032243635198768873,0.0010284207225198672,,0.0
2023-05-31 05:00:00+00:00,148.06496662146847,148.78453780981002,145.5020893181875,146.37937927246094,68572400.0,0.0,0.010399410796420148,0.0,0.0,0.0,0.0,0.0,0.0,0.0,0.0,47.267053006079735,3.2824484916225174,3.282438844294401,1.0,146.37937927246094,0.0,146.37937927246094,146.37937927246094,146.37937927246094,0.0,,146.37938120719136,146.3814146699581,-0.002033462766746652,-0.0029861833692508403,0.0009527206025041882,,0.0
2023-06-01 05:00:00+00:00,148.06496662146847,148.78453780981002,145.5020893181875,146.37937927246094,68572400.0,0.0,0.010399410796420148,0.0,0.0,0.0,0.0,0.0,0.0,0.0,0.0,47.267053006079735,3.2824484916225174,3.2824395333892666,1.0,146.37937927246094,0.0,146.37937927246094,146.37937927246094,146.37937927246094,0.0,,146.37938090954052,146.38126389977313,-0.0018829902326160664,-0.0027655447419238856,0.0008825545093078192,,0.0
2023-06-02 05:00:00+00:00,148.06496662146847,148.78453780981002,145.5020893181875,146.37937927246094,68572400.0,0.0,0.010399410796420148,0.0,0.0,0.0,0.0,0.0,0.0,0.0,0.0,47.26705300607974,3.2824484916225174,3.2824401732630704,1.0,146.37937927246094,0.0,146.37937927246094,146.37937927246094,146.37937927246094,0.0,,146.3793806576821,146.38112429775,-0.0017436400679002872,-0.002561163807119166,0.0008175237392188789,,0.0
2023-06-03 05:00:00+00:00,148.06496662146847,148.78453780981002,145.5020893181875,146.37937927246094,68572400.0,0.0,0.010399410796420148,0.0,0.0,0.0,0.0,0.0,0.0,0.0,0.0,47.26705300607974,3.2824484916225174,3.2824407674316025,1.0,146.37937927246094,0.0,146.37937927246094,146.37937927246094,146.37937927246094,0.0,,146.37938044457115,146.38099503661746,-0.0016145920463088714,-0.0023718494549571072,0.0007572574086482358,,0.0
2023-06-04 05:00:00+00:00,148.06496662146847,148.78453780981002,145.5020893181875,146.37937927246094,68572400.0,0.0,0.010399410796420148,0.0,0.0,0.0,0.0,0.0,0.0,0.0,0.0,47.26705300607974,3.2824484916225174,3.2824413191595254,1.0,146.37937927246094,0.0,146.37937927246094,146.37937927246094,146.37937927246094,0.0,,146.3793802642465,146.38087535038363,-0.0014950861371403334,-0.0021964967913937527,0.0007014106542534192,,0.0
2023-06-05 05:00:00+00:00,148.06496662146847,148.78453780981002,145.5020893181875,146.37937927246094,68572400.0,0.0,0.010399410796420148,0.0,0.0,0.0,0.0,0.0,0.0,0.0,0.0,47.26705300607974,3.2824484916225174,3.2824418314783106,1.0,146.37937927246094,0.0,146.37937927246094,146.37937927246094,146.37937927246094,0.0,,146.3793801116641,146.38076452979675,-0.0013844181326589933,-0.002034081059646801,0.0006496629269878078,,0.0
2023-06-06 05:00:00+00:00,148.06496662146847,148.78453780981002,145.5020893181875,146.37937927246094,68572400.0,0.0,0.010399410796420148,0.0,0.0,0.0,0.0,0.0,0.0,0.0,0.0,47.26705300607974,3.2824484916225174,3.282442307202897,1.0,146.37937927246094,0.0,146.37937927246094,146.37937927246094,146.37937927246094,0.0,,146.37937998255592,146.38066191814224,-0.0012819355863200599,-0.001883651964981453,0.000601716378661393,,0.0
2023-06-07 05:00:00+00:00,148.06496662146847,148.78453780981002,145.5020893181875,146.37937927246094,68572400.0,0.0,0.010399410796420148,0.0,0.0,0.0,0.0,0.0,0.0,0.0,0.0,47.26705300607974,3.2824484916225174,3.282442748947156,1.0,146.37937927246094,0.0,146.37937927246094,146.37937927246094,146.37937927246094,0.0,,146.37937987331054,146.380566907351,-0.0011870340404698254,-0.0017443283800791275,0.0005572943396093021,,0.0
2023-06-08 05:00:00+00:00,148.06496662146847,148.78453780981002,145.5020893181875,146.37937927246094,68572400.0,0.0,0.010399410796420148,0.0,0.0,0.0,0.0,0.0,0.0,0.0,0.0,47.26705300607974,3.2824484916225174,3.2824431591382535,1.0,146.37937927246094,0.0,146.37937927246094,146.37937927246094,146.37937927246094,0.0,,146.37937978087214,146.3804789343962,-0.0010991535240520989,-0.0016152934088737218,0.000516139884821623,,0.0
2023-06-09 05:00:00+00:00,148.06496662146847,148.78453780981002,145.5020893181875,146.37937927246094,68572400.0,0.0,0.010399410796420148,0.0,0.0,0.0,0.0,0.0,0.0,0.0,0.0,47.26705300607974,3.2824484916225174,3.2824435400299867,1.0,146.37937927246094,0.0,146.37937927246094,146.37937927246094,146.37937927246094,0.0,,146.37937970265503,146.38039747795654,-0.0010177753015057078,-0.001495789787400119,0.0004780144858944112,,0.0
2023-06-10 05:00:00+00:00,148.06496662146847,148.78453780981002,145.5020893181875,146.37937927246094,68572400.0,0.0,0.010399410796420148,0.0,0.0,0.0,0.0,0.0,0.0,0.0,0.0,47.26705300607974,3.2824484916225174,3.282443893715168,1.0,146.37937927246094,0.0,146.37937927246094,146.37937927246094,146.37937927246094,0.0,,146.37937963647133,146.3803220553272,-0.0009424188558853075,-0.001385115601097157,0.0004426967452118495,,0.0
2023-06-11 05:00:00+00:00,148.06496662146847,148.78453780981002,145.5020893181875,146.37937927246094,68572400.0,0.0,0.010399410796420148,0.0,0.0,0.0,0.0,0.0,0.0,0.0,0.0,47.26705300607974,3.2824484916225174,3.2824442221371215,1.0,146.37937927246094,0.0,146.37937927246094,146.37937927246094,146.37937927246094,0.0,,146.37937958046973,146.38025221955934,-0.0008726390896072189,-0.0012826202987991694,0.00040998120919195045,,0.0
2023-06-12 05:00:00+00:00,148.06496662146847,148.78453780981002,145.5020893181875,146.37937927246094,68572400.0,0.0,0.010399410796420148,0.0,0.0,0.0,0.0,0.0,0.0,0.0,0.0,47.26705300607974,3.2824484916225174,3.282444527100364,1.0,146.37937927246094,0.0,146.37937927246094,146.37937927246094,146.37937927246094,0.0,,146.37937953308375,146.3801875568113,-0.0008080237275578384,-0.0011877009845509033,0.000379677256993065,,0.0
2023-06-13 05:00:00+00:00,148.06496662146847,148.78453780981002,145.5020893181875,146.37937927246094,68572400.0,0.0,0.010399410796420148,0.0,0.0,0.0,0.0,0.0,0.0,0.0,0.0,47.26705300607974,3.2824484916225174,3.282444810280518,1.0,146.37937927246094,0.0,146.37937927246094,146.37937927246094,146.37937927246094,0.0,,146.37937949298794,146.38012768389646,-0.0007481909085242933,-0.0010997989693455814,0.0003516080608212881,,0.0
2023-06-14 05:00:00+00:00,148.06496662146847,148.78453780981002,145.5020893181875,146.37937927246094,68572400.0,0.0,0.010399410796420148,0.0,0.0,0.0,0.0,0.0,0.0,0.0,0.0,47.26705300607974,3.2824484916225174,3.2824450732335184,1.0,146.37937927246094,0.0,146.37937927246094,146.37937927246094,146.37937927246094,0.0,,146.37937945906071,146.38007224601233,-0.0006927869516175633,-0.0010183965657999778,0.0003256096141824145,,0.0
2023-06-15 05:00:00+00:00,148.06496662146847,148.78453780981002,145.5020893181875,146.37937927246094,68572400.0,0.0,0.010399410796420148,0.0,0.0,0.0,0.0,0.0,0.0,0.0,0.0,47.26705300607974,3.2824484916225174,3.2824453174041612,1.0,146.37937927246094,0.0,146.37937927246094,146.37937927246094,146.37937927246094,0.0,,146.37937943035305,146.38002091463815,-0.0006414842850972491,-0.0009430141096594321,0.000301529824562183,,0.0
2023-06-16 05:00:00+00:00,148.06496662146847,148.78453780981002,145.5020893181875,146.37937927246094,68572400.0,0.0,0.010399410796420148,0.0,0.0,0.0,0.0,0.0,0.0,0.0,0.0,47.26705300607974,3.2824484916225174,3.282445544134044,1.0,146.37937927246094,0.0,146.37937927246094,146.37937927246094,146.37937927246094,0.0,,146.37937940606196,146.379973385588,-0.0005939795260303526,-0.0008732071929336163,0.0002792276669032637,,0.0
2023-06-17 05:00:00+00:00,148.06496662146847,148.78453780981002,145.5020893181875,146.37937927246094,68572400.0,0.0,0.010399410796420148,0.0,0.0,0.0,0.0,0.0,0.0,0.0,0.0,47.26705300607974,3.2824484916225174,3.2824457546689354,1.0,146.37937927246094,0.0,146.37937927246094,146.37937927246094,146.37937927246094,0.0,,146.37937938550795,146.37992937720819,-0.000549991700239616,-0.0008085640943948163,0.00025857239415520033,,0.0
2023-06-18 05:00:00+00:00,148.06496662146847,148.78453780981002,145.5020893181875,146.37937927246094,68572400.0,0.0,0.010399410796420148,0.0,0.0,0.0,0.0,0.0,0.0,0.0,0.0,47.26705300607974,3.2824484916225174,3.28244595016562,1.0,146.37937927246094,0.0,146.37937927246094,146.37937927246094,146.37937927246094,0.0,,146.3793793681161,146.3798886287084,-0.0005092605922811799,-0.0007487033939720891,0.00023944280169090916,,0.0
2023-06-19 05:00:00+00:00,148.06496662146847,148.78453780981002,145.5020893181875,146.37937927246094,68572400.0,0.0,0.010399410796420148,0.0,0.0,0.0,0.0,0.0,0.0,0.0,0.0,47.26705300607974,3.2824484916225174,3.2824461316982556,1.0,146.37937927246094,0.0,146.37937927246094,146.37937927246094,146.37937927246094,0.0,,146.3793793533999,146.37985089861598,-0.00047154521607239985,-0.0006932717583921512,0.0002217265423197514,,0.0
2023-06-20 05:00:00+00:00,148.06496662146847,148.78453780981002,145.5020893181875,146.37937927246094,68572400.0,0.0,0.010399410796420148,0.0,0.0,0.0,0.0,0.0,0.0,0.0,0.0,47.26705300607974,3.2824484916225174,3.2824463002642745,1.0,146.37937927246094,0.0,146.37937927246094,146.37937927246094,146.37937927246094,0.0,,146.37937934094776,146.37981596334524,-0.00043662239747277454,-0.000641941886208276,0.00020531948873550143,,0.0
2023-06-21 05:00:00+00:00,148.06496662146847,148.78453780981002,145.5020893181875,146.37937927246094,68572400.0,0.0,0.010399410796420148,0.0,0.0,0.0,0.0,0.0,0.0,0.0,0.0,47.267053006079735,3.2824484916225174,3.2824464567898635,1.0,146.37937927246094,0.0,146.37937927246094,146.37937927246094,146.37937927246094,0.0,,146.37937933041133,146.37978361587233,-0.00040428546100201856,-0.0005944106011670245,0.00019012514016500599,,0.0
2023-06-22 05:00:00+00:00,148.06496662146847,148.78453780981002,145.5020893181875,146.37937927246094,68572400.0,0.0,0.010399410796420148,0.0,0.0,0.0,0.0,0.0,0.0,0.0,0.0,47.267053006079735,3.2824484916225174,3.282446602135053,1.0,146.37937927246094,0.0,146.37937927246094,146.37937927246094,146.37937927246094,0.0,,146.3793793214959,146.3797536645085,-0.00037434301262351255,-0.0005503970834583222,0.00017605407083480962,,0.0
2023-06-23 05:00:00+00:00,148.06496662146847,148.78453780981002,145.5020893181875,146.37937927246094,68572400.0,0.0,0.010399410796420148,0.0,0.0,0.0,0.0,0.0,0.0,0.0,0.0,47.267053006079735,3.2824484916225174,3.282446737098444,1.0,146.37937927246094,0.0,146.37937927246094,146.37937927246094,146.37937927246094,0.0,,146.37937931395206,146.37972593176423,-0.0003466178121698249,-0.0005096412292006227,0.0001630234170307978,,0.0
2023-06-24 05:00:00+00:00,148.06496662146847,148.78453780981002,145.5020893181875,146.37937927246094,68572400.0,0.0,0.010399410796420148,0.0,0.0,0.0,0.0,0.0,0.0,0.0,0.0,47.267053006079735,3.2824484916225174,3.282446862421592,1.0,146.37937927246094,0.0,146.37937927246094,146.37937927246094,146.37937927246094,0.0,,146.3793793075688,146.3797002532973,-0.00032094572850382974,-0.0004719021290612641,0.00015095640055743439,,0.0
2023-06-25 05:00:00+00:00,148.06496662146847,148.78453780981002,145.5020893181875,146.37937927246094,68572400.0,0.0,0.010399410796420148,0.0,0.0,0.0,0.0,0.0,0.0,0.0,0.0,47.26705300607974,3.2824484916225174,3.2824469787930872,1.0,146.37937927246094,0.0,146.37937927246094,146.37937927246094,146.37937927246094,0.0,,146.3793793021676,146.37967647693904,-0.000297174771446862,-0.0004369566575383837,0.00013978188609152173,,0.0
2023-06-26 05:00:00+00:00,148.06496662146847,148.78453780981002,145.5020893181875,146.37937927246094,68572400.0,0.0,0.010399410796420148,0.0,0.0,0.0,0.0,0.0,0.0,0.0,0.0,47.26705300607974,3.2824484916225174,3.2824470868523323,1.0,146.37937927246094,0.0,146.37937927246094,146.37937927246094,146.37937927246094,0.0,,146.37937929759732,146.3796544617925,-0.0002751641951874717,-0.00040459816506820134,0.00012943396988072964,,0.0
2023-06-27 05:00:00+00:00,148.06496662146847,148.78453780981002,145.5020893181875,146.37937927246094,68572400.0,0.0,0.010399410796420148,0.0,0.0,0.0,0.0,0.0,0.0,0.0,0.0,47.26705300607974,3.2824484916225174,3.28244718719306,1.0,146.37937927246094,0.0,146.37937927246094,146.37937927246094,146.37937927246094,0.0,,146.37937929373018,146.37963407739758,-0.00025478366740117053,-0.0003746352655347952,0.00011985159813362469,,0.0
2023-06-28 05:00:00+00:00,148.06496662146847,148.78453780981002,145.5020893181875,146.37937927246094,68572400.0,0.0,0.010399410796420148,0.0,0.0,0.0,0.0,0.0,0.0,0.0,0.0,47.26705300607974,3.2824484916225174,3.282447280366593,1.0,146.37937927246094,0.0,146.37937927246094,146.37937927246094,146.37937927246094,0.0,,146.379379290458,146.3796152029578,-0.00023591249981791407,-0.00034689071239141906,0.00011097821257350499,,0.0
2023-06-29 05:00:00+00:00,148.06496662146847,148.78453780981002,145.5020893181875,146.37937927246094,68572400.0,0.0,0.010399410796420148,0.0,0.0,0.0,0.0,0.0,0.0,0.0,0.0,47.26705300607974,3.2824484916225174,3.2824473668848735,1.0,146.37937927246094,0.0,146.37937927246094,146.37937927246094,146.37937927246094,0.0,,146.3793792876892,146.3795977266247,-0.00021843893549089444,-0.0003212003570113141,0.00010276142152041968,,0.0
2023-06-30 05:00:00+00:00,148.06496662146847,148.78453780981002,145.5020893181875,146.37937927246094,68572400.0,0.0,0.010399410796420148,0.0,0.0,0.0,0.0,0.0,0.0,0.0,0.0,47.26705300607974,3.2824484916225174,3.282447447223277,1.0,146.37937927246094,0.0,146.37937927246094,146.37937927246094,146.37937927246094,0.0,,146.3793792853464,146.37958154483476,-0.00020225948836127827,-0.00029741218328130695,9.515269492002868e-05,,0.0
2023-07-01 05:00:00+00:00,148.06496662146847,148.78453780981002,145.5020893181875,146.37937927246094,68572400.0,0.0,0.010399410796420148,0.0,0.0,0.0,0.0,0.0,0.0,0.0,0.0,47.26705300607974,3.2824484916225174,3.2824475218232227,1.0,146.37937927246094,0.0,146.37937927246094,146.37937927246094,146.37937927246094,0.0,,146.37937928336402,146.37956656169595,-0.00018727833193565857,-0.00027538541301217725,8.810708107651868e-05,,0.0
2023-07-02 05:00:00+00:00,148.06496662146847,148.78453780981002,145.5020893181875,146.37937927246094,68572400.0,0.0,0.010399410796420148,0.0,0.0,0.0,0.0,0.0,0.0,0.0,0.0,47.26705300607974,3.2824484916225174,3.282447591094601,1.0,146.37937927246094,0.0,146.37937927246094,146.37937927246094,146.37937927246094,0.0,,146.37937928168662,146.37955268841927,-0.00017340673264243378,-0.00025498967693822857,8.158294429579479e-05,,0.0
2023-07-03 05:00:00+00:00,148.06496662146847,148.78453780981002,145.5020893181875,146.37937927246094,68572400.0,0.0,0.010399410796420148,0.0,0.0,0.0,0.0,0.0,0.0,0.0,0.0,47.26705300607974,3.2824484916225174,3.282447655418024,1.0,146.37937927246094,0.0,146.37937927246094,146.37937927246094,146.37937927246094,0.0,,146.37937928026727,146.37953984279272,-0.0001605625254512688,-0.00023610424664083663,7.554172118956782e-05,,0.0
2023-07-04 05:00:00+00:00,148.06496662146847,148.78453780981002,145.5020893181875,146.37937927246094,68572400.0,0.0,0.010399410796420148,0.0,0.0,0.0,0.0,0.0,0.0,0.0,0.0,47.26705300607975,3.2824484916225174,3.2824477151469167,1.0,146.37937927246094,0.0,146.37937927246094,146.37937927246094,146.37937927246094,0.0,,146.37937927906628,146.37952794869406,-0.00014866962777659865,-0.00021861732286798907,6.994769509139042e-05,,0.0
2023-07-05 05:00:00+00:00,148.06496662146847,148.78453780981002,145.5020893181875,146.37937927246094,68572400.0,0.0,0.010399410796420148,0.0,0.0,0.0,0.0,0.0,0.0,0.0,0.0,47.26705300607975,3.2824484916225174,3.2824477706094597,1.0,146.37937927246094,0.0,146.37937927246094,146.37937927246094,146.37937927246094,0.0,,146.37937927805007,146.37951693563974,-0.0001376575896756549,-0.00020242537622952223,6.476778655386734e-05,,0.0
2023-07-06 05:00:00+00:00,148.06496662146847,148.78453780981002,145.5020893181875,146.37937927246094,68572400.0,0.0,0.010399410796420148,0.0,0.0,0.0,0.0,0.0,0.0,0.0,0.0,47.26705300607975,3.2824484916225174,3.2824478221103925,1.0,146.37937927246094,0.0,146.37937927246094,146.37937927246094,146.37937927246094,0.0,,146.3793792771902,146.37950673836724,-0.00012746117704409698,-0.00018743253639243718,5.99713593483402e-05,,0.0
2023-07-07 05:00:00+00:00,148.06496662146847,148.78453780981002,145.5020893181875,146.37937927246094,68572400.0,0.0,0.010399410796420148,0.0,0.0,0.0,0.0,0.0,0.0,0.0,0.0,47.26705300607974,3.2824484916225174,3.2824478699326876,1.0,146.37937927246094,0.0,146.37937927246094,146.37937927246094,146.37937927246094,0.0,,146.37937927646263,146.37949729644825,-0.00011801998562077642,-0.00017355002623810505,5.5530040617328625e-05,,0.0
2023-07-08 05:00:00+00:00,148.06496662146847,148.78453780981002,145.5020893181875,146.37937927246094,68572400.0,0.0,0.010399410796420148,0.0,0.0,0.0,0.0,0.0,0.0,0.0,0.0,47.26705300607974,3.2824484916225174,3.2824479143391043,1.0,146.37937927246094,0.0,146.37937927246094,146.37937927246094,146.37937927246094,0.0,,146.379379275847,146.37948855393066,-0.0001092780836700058,-0.00016069563772448523,5.141755405447943e-05,,0.0
2023-07-09 05:00:00+00:00,148.06496662146847,148.78453780981002,145.5020893181875,146.37937927246094,68572400.0,0.0,0.010399410796420148,0.0,0.0,0.0,0.0,0.0,0.0,0.0,0.0,47.26705300607974,3.2824484916225174,3.282447955573634,1.0,146.37937927246094,0.0,146.37937927246094,146.37937927246094,146.37937927246094,0.0,,146.37937927532604,146.37948045900697,-0.00010118368092548735,-0.00014879324636468566,4.760956543919831e-05,,0.0
2023-07-10 05:00:00+00:00,148.06496662146847,148.78453780981002,145.5020893181875,146.37937927246094,68572400.0,0.0,0.010399410796420148,0.0,0.0,0.0,0.0,0.0,0.0,0.0,0.0,47.26705300607974,3.2824484916225174,3.28244799386284,1.0,146.37937927246094,0.0,146.37937927246094,146.37937927246094,146.37937927246094,0.0,,146.37937927488525,146.37947296370726,-9.368882200533335e-05,-0.0001377723614928152,4.408353948748186e-05,,0.0
2023-07-11 05:00:00+00:00,148.06496662146847,148.78453780981002,145.5020893181875,146.37937927246094,68572400.0,0.0,0.010399410796420148,0.0,0.0,0.0,0.0,0.0,0.0,0.0,0.0,47.26705300607974,3.2824484916225174,3.282448029417103,1.0,146.37937927246094,0.0,146.37937927246094,146.37937927246094,146.37937927246094,0.0,,146.37937927451227,146.37946602361492,-8.674910264971913e-05,-0.000127567709724196,4.081860707447687e-05,,0.0
2023-07-12 05:00:00+00:00,148.06496662146847,148.78453780981002,145.5020893181875,146.37937927246094,68572400.0,0.0,0.010399410796420148,0.0,0.0,0.0,0.0,0.0,0.0,0.0,0.0,47.26705300607974,3.2824484916225174,3.282448062431776,1.0,146.37937927246094,0.0,146.37937927246094,146.37937927246094,146.37937927246094,0.0,,146.37937927419668,146.3794595976035,-8.032340682007089e-05,-0.00011811884914337098,3.77954423233001e-05,,0.0
2023-07-13 05:00:00+00:00,148.06496662146847,148.78453780981002,145.5020893181875,146.37937927246094,68572400.0,0.0,0.010399410796420148,0.0,0.0,0.0,0.0,0.0,0.0,0.0,0.0,47.26705300607974,3.2824484916225174,3.2824480930882576,1.0,146.37937927246094,0.0,146.37937927246094,146.37937927246094,146.37937927246094,0.0,,146.37937927392963,146.37945364759292,-7.437366329554607e-05,-0.000109369811973806,3.499614867825993e-05,,0.0
2023-07-14 05:00:00+00:00,148.06496662146847,148.78453780981002,145.5020893181875,146.37937927246094,68572400.0,0.0,0.010399410796420148,0.0,0.0,0.0,0.0,0.0,0.0,0.0,0.0,47.26705300607974,3.2824484916225174,3.2824481215549905,1.0,146.37937927246094,0.0,146.37937927246094,146.37937927246094,146.37937927246094,0.0,,146.37937927370368,146.37944813832388,-6.88646202036125e-05,-0.0001012687736197673,3.240415341615479e-05,,0.0
2023-07-15 05:00:00+00:00,148.06496662146847,148.78453780981002,145.5020893181875,146.37937927246094,68572400.0,0.0,0.010399410796420148,0.0,0.0,0.0,0.0,0.0,0.0,0.0,0.0,47.26705300607974,3.2824484916225174,3.2824481479883856,1.0,146.37937927246094,0.0,146.37937927246094,146.37937927246094,146.37937927246094,0.0,,146.37937927351248,146.37944303714883,-6.376363634785776e-05,-9.376774616538539e-05,3.0004109817527636e-05,,0.0
2023-07-16 05:00:00+00:00,148.06496662146847,148.78453780981002,145.5020893181875,146.37937927246094,68572400.0,0.0,0.010399410796420148,0.0,0.0,0.0,0.0,0.0,0.0,0.0,0.0,47.26705300607974,3.2824484916225174,3.282448172533681,1.0,146.37937927246094,0.0,146.37937927246094,146.37937927246094,146.37937927246094,0.0,,146.3793792733507,146.37943831383862,-5.9040487911943274e-05,-8.682229451469698e-05,2.7781806602753702e-05,,0.0
2023-07-17 05:00:00+00:00,148.06496662146847,148.78453780981002,145.5020893181875,146.37937927246094,68572400.0,0.0,-0.02317614708995422,0.0,0.0,0.0,0.0,0.0,0.0,0.0,0.0,47.26705300607974,3.2824484916225174,3.282448195325741,1.0,146.37937927246094,0.0,146.37937927246094,146.37937927246094,146.37937927246094,0.0,,146.37937927321383,146.37943394040323,-5.466718940283499e-05,-8.039127349232458e-05,2.572408408948959e-05,,0.0
2023-07-18 05:00:00+00:00,148.06496662146847,148.78453780981002,145.5020893181875,146.37937927246094,68572400.0,0.0,-0.021765344196080883,0.0,0.0,0.0,0.0,0.0,0.0,0.0,0.0,47.26705300607974,3.2824484916225174,3.282448216489797,1.0,146.37937927246094,0.0,146.37937927246094,146.37937927246094,146.37937927246094,0.0,,146.379379273098,146.37942989092602,-5.061782800908077e-05,-7.443658439567582e-05,2.381875638659505e-05,,0.0
2023-07-19 05:00:00+00:00,148.06496662146847,148.78453780981002,145.5020893181875,146.37937927246094,68572400.0,0.0,-0.033814600726339454,0.0,0.0,0.0,0.0,0.0,0.0,0.0,0.0,47.26705300607974,3.2824484916225174,3.2824482361421343,1.0,146.37937927246094,0.0,146.37937927246094,146.37937927246094,146.37937927246094,0.0,,146.37937927299998,146.37942614141008,-4.686841009515774e-05,-6.89229495355722e-05,2.205453944041446e-05,,0.0
2023-07-20 05:00:00+00:00,148.06496662146847,148.78453780981002,145.5020893181875,146.37937927246094,68572400.0,0.0,-0.004913793159664909,0.0,0.0,0.0,0.0,0.0,0.0,0.0,0.0,47.26705300607974,3.2824484916225174,3.2824482543907334,1.0,146.37937927246094,0.0,146.37937927246094,146.37937927246094,146.37937927246094,0.0,,146.37937927291705,146.37942266963606,-4.339671900766007e-05,-6.381770342998978e-05,2.0420984422329715e-05,,0.0
2023-07-21 05:00:00+00:00,148.06496662146847,148.78453780981002,145.5020893181875,146.37937927246094,68572400.0,0.0,0.0025694038067099246,0.0,0.0,0.0,0.0,0.0,0.0,0.0,0.0,47.26705300607974,3.2824484916225174,3.282448271335861,1.0,146.37937927246094,0.0,146.37937927246094,146.37937927246094,146.37937927246094,0.0,,146.37937927284688,146.37941945503047,-4.018218359647108e-05,-5.909059946328604e-05,1.8908415866814966e-05,,0.0
2023-07-22 05:00:00+00:00,148.06496662146847,148.78453780981002,145.5020893181875,146.37937927246094,68572400.0,0.0,0.0025694038067099246,0.0,0.0,0.0,0.0,0.0,0.0,0.0,0.0,47.26705300607974,3.2824484916225174,3.2824482870706224,1.0,146.37937927246094,0.0,146.37937927246094,146.37937927246094,146.37937927246094,0.0,,146.3793792727875,146.37941647854382,-3.720575631405154e-05,-5.4713630833439145e-05,1.7507874519387604e-05,,0.0
2023-07-23 05:00:00+00:00,148.06496662146847,148.78453780981002,145.5020893181875,146.37937927246094,68572400.0,0.0,0.0025694038067099246,0.0,0.0,0.0,0.0,0.0,0.0,0.0,0.0,47.26705300607974,3.2824484916225174,3.2824483016814723,1.0,146.37937927246094,0.0,146.37937927246094,146.37937927246094,146.37937927246094,0.0,,146.37937927273725,146.37941372253766,-3.4449800409674936e-05,-5.0660864748686306e-05,1.621106433901137e-05,,0.0
2023-07-24 05:00:00+00:00,148.06496662146847,148.78453780981002,145.5020893181875,146.37937927246094,68572400.0,0.0,-0.0011870993781808738,0.0,0.0,0.0,0.0,0.0,0.0,0.0,0.0,47.26705300607974,3.2824484916225174,3.28244831524869,1.0,146.37937927246094,0.0,146.37937927246094,146.37937927246094,146.37937927246094,0.0,,146.37937927269473,146.37941117068013,-3.189798539438016e-05,-4.690828887782508e-05,1.5010303483444925e-05,,0.0
2023-07-25 05:00:00+00:00,148.06496662146847,148.78453780981002,145.5020893181875,146.37937927246094,68572400.0,0.0,0.003478894933508129,0.0,0.0,0.0,0.0,0.0,0.0,0.0,0.0,47.26705300607974,3.2824484916225174,3.282448327846821,1.0,146.37937927246094,0.0,146.37937927246094,146.37937927246094,146.37937927246094,0.0,,146.37937927265875,146.37940880784907,-2.9535190321894333e-05,-4.343366916663894e-05,1.3898478844744605e-05,,0.0
2023-07-26 05:00:00+00:00,148.06496662146847,148.78453780981002,145.5020893181875,146.37937927246094,68572400.0,0.0,0.0001684982770885396,0.0,0.0,0.0,0.0,0.0,0.0,0.0,0.0,47.26705300607974,3.2824484916225174,3.282448339545085,1.0,146.37937927246094,0.0,146.37937927246094,146.37937927246094,146.37937927246094,0.0,,146.3793792726283,146.37940662004254,-2.7347414231826406e-05,-4.021641817967643e-05,1.2869003947850024e-05,,0.0
2023-07-27 05:00:00+00:00,148.06496662146847,148.78453780981002,145.5020893181875,146.37937927246094,68572400.0,0.0,0.0052931009941005235,0.0,0.0,0.0,0.0,0.0,0.0,0.0,0.0,47.26705300607974,3.2824484916225174,3.282448350407759,1.0,146.37937927246094,0.0,146.37937927246094,146.37937927246094,146.37937927246094,0.0,,146.37937927260256,146.37940459429575,-2.5321693186697303e-05,-3.7237473181080604e-05,1.1915779994383301e-05,,0.0
2023-07-28 05:00:00+00:00,148.06496662146847,148.78453780981002,145.5020893181875,146.37937927246094,68572400.0,0.0,0.006795876094397349,0.0,0.0,0.0,0.0,0.0,0.0,0.0,0.0,47.26705300607974,3.2824484916225174,3.2824483604945276,1.0,146.37937927246094,0.0,146.37937927246094,146.37937927246094,146.37937927246094,0.0,,146.37937927258076,146.37940271860427,-2.344602350490277e-05,-3.447918324584504e-05,1.103315974094227e-05,,0.0
2023-07-29 05:00:00+00:00,148.06496662146847,148.78453780981002,145.5020893181875,146.37937927246094,68572400.0,0.0,0.006795876094397349,0.0,0.0,0.0,0.0,0.0,0.0,0.0,0.0,47.26705300607974,3.2824484916225174,3.2824483698608127,1.0,146.37937927246094,0.0,146.37937927246094,146.37937927246094,146.37937927246094,0.0,,146.37937927256232,146.3794009818529,-2.170929059275295e-05,-3.192520471522662e-05,1.021591412247367e-05,,0.0
2023-07-30 05:00:00+00:00,148.06496662146847,148.78453780981002,145.5020893181875,146.37937927246094,68572400.0,0.0,0.006795876094397349,0.0,0.0,0.0,0.0,0.0,0.0,0.0,0.0,47.26705300607974,3.2824484916225174,3.2824483785580774,1.0,146.37937927246094,0.0,146.37937927246094,146.37937927246094,146.37937927246094,0.0,,146.37937927254671,146.3793993737498,-2.0101203091371644e-05,-2.9560404390455626e-05,9.459201299083981e-06,,0.0
2023-07-31 05:00:00+00:00,148.06496662146847,148.78453780981002,145.5020893181875,146.37937927246094,68572400.0,0.0,-0.0019398916241997657,0.0,0.0,0.0,0.0,0.0,0.0,0.0,0.0,47.26705300607974,3.2824484916225174,3.282448386634109,1.0,146.37937927246094,0.0,146.37937927246094,146.37937927246094,146.37937927246094,0.0,,146.37937927253353,146.37939788476544,-1.8612231912129573e-05,-2.7370769894790417e-05,8.758537982660844e-06,,0.0
2023-08-01 05:00:00+00:00,148.06496662146847,148.78453780981002,145.5020893181875,146.37937927246094,68572400.0,0.0,0.003921927627613597,0.0,0.0,0.0,0.0,0.0,0.0,0.0,0.0,47.26705300607974,3.2824484916225174,3.2824483941332816,1.0,146.37937927246094,0.0,146.37937927246094,146.37937927246094,146.37937927246094,0.0,,146.37937927252236,146.3793965060762,-1.723355384797287e-05,-2.534332668542691e-05,8.10977283745404e-06,,0.0
2023-08-02 05:00:00+00:00,148.06496662146847,148.78453780981002,145.5020893181875,146.37937927246094,68572400.0,0.0,0.006309643668929397,0.0,0.0,0.0,0.0,0.0,0.0,0.0,0.0,47.26705300607974,3.2824484916225174,3.2824484010967985,1.0,146.37937927246094,0.0,146.37937927246094,146.37937927246094,146.37937927246094,0.0,,146.3793792725129,146.3793952295121,-1.5956999220634316e-05,-2.3466061192468395e-05,7.509061971834079e-06,,0.0
2023-08-03 05:00:00+00:00,148.06496662146847,148.78453780981002,145.5020893181875,146.37937927246094,68572400.0,0.0,0.006309643668929397,0.0,0.0,0.0,0.0,0.0,0.0,0.0,0.0,47.26705300607974,3.2824484916225174,3.2824484075629217,1.0,146.37937927246094,0.0,146.37937927246094,146.37937927246094,146.37937927246094,0.0,,146.3793792725049,146.3793940475083,-1.477500339319704e-05,-2.1727849632614125e-05,6.952846239417086e-06,,0.0
2023-08-04 05:00:00+00:00,148.06496662146847,148.78453780981002,145.5020893181875,146.37937927246094,68572400.0,0.0,-0.001690837121629192,0.0,0.0,0.0,0.0,0.0,0.0,0.0,0.0,47.26705300607974,3.2824484916225174,3.2824484135671788,1.0,146.37937927246094,0.0,146.37937927246094,146.37937927246094,146.37937927246094,0.0,,146.37937927249814,146.37939295306035,-1.3680562204854141e-05,-2.011839214706213e-05,6.437829942207989e-06,,0.0
2023-08-05 05:00:00+00:00,148.06496662146847,148.78453780981002,145.5020893181875,146.37937927246094,68572400.0,0.0,-0.001690837121629192,0.0,0.0,0.0,0.0,0.0,0.0,0.0,0.0,47.26705300607974,3.2824484916225174,3.2824484191425602,1.0,146.37937927246094,0.0,146.37937927246094,146.37937927246094,146.37937927246094,0.0,,146.37937927249243,146.3793919396826,-1.2667190162574116e-05,-1.8628151750164526e-05,5.960961587590411e-06,,0.0
2023-08-06 05:00:00+00:00,148.06496662146847,148.78453780981002,145.5020893181875,146.37937927246094,68572400.0,0.0,-0.001690837121629192,0.0,0.0,0.0,0.0,0.0,0.0,0.0,0.0,47.26705300607974,3.2824484916225174,3.2824484243197003,1.0,146.37937927246094,0.0,146.37937927246094,146.37937927246094,146.37937927246094,0.0,,146.37937927248757,146.37939100136987,-1.1728882299166798e-05,-1.724829785996498e-05,5.519415560798181e-06,,0.0
2023-08-07 05:00:00+00:00,148.06496662146847,148.78453780981002,145.5020893181875,146.37937927246094,68572400.0,0.0,-0.012711844296378332,0.0,0.0,0.0,0.0,0.0,0.0,0.0,0.0,47.26705300607974,3.2824484916225174,3.2824484291270446,1.0,146.37937927246094,0.0,146.37937927246094,146.37937927246094,146.37937927246094,0.0,,146.37937927248348,146.37939013256178,-1.0860078305086063e-05,-1.5970653948989196e-05,5.110575643903133e-06,,0.0
2023-08-08 05:00:00+00:00,148.06496662146847,148.78453780981002,145.5020893181875,146.37937927246094,68572400.0,0.0,-0.02176126159354201,0.0,0.0,0.0,0.0,0.0,0.0,0.0,0.0,47.26705300607974,3.2824484916225174,3.282448433591007,1.0,146.37937927246094,0.0,146.37937927246094,146.37937927246094,146.37937927246094,0.0,,146.37937927248,146.37938932810985,-1.0055629843463976e-05,-1.4787649127884151e-05,4.732019284420176e-06,,0.0
2023-08-09 05:00:00+00:00,148.06496662146847,148.78453780981002,145.5020893181875,146.37937927246094,68572400.0,0.0,-0.0020640986651854136,0.0,0.0,0.0,0.0,0.0,0.0,0.0,0.0,47.26705300607974,3.2824484916225174,3.2824484377361154,1.0,146.37937927246094,0.0,146.37937927246094,146.37937927246094,146.37937927246094,0.0,,146.37937927247708,146.37938858324696,-9.310769883086323e-06,-1.3692273278924586e-05,4.381503395838263e-06,,0.0
2023-08-10 05:00:00+00:00,148.06496662146847,148.78453780981002,145.5020893181875,146.37937927246094,68572400.0,0.0,-0.0012334958902895374,0.0,0.0,0.0,0.0,0.0,0.0,0.0,0.0,47.26705300607974,3.2824484916225174,3.2824484415851445,1.0,146.37937927246094,0.0,146.37937927246094,146.37937927246094,146.37937927246094,0.0,,146.3793792724746,146.3793878935591,-8.621084504056853e-06,-1.2678035523951039e-05,4.056951019894186e-06,,0.0
2023-08-11 05:00:00+00:00,148.06496662146847,148.78453780981002,145.5020893181875,146.37937927246094,68572400.0,0.0,-0.0027189573416701246,0.0,0.0,0.0,0.0,0.0,0.0,0.0,0.0,47.26705300607974,3.2824484916225174,3.282448445159243,1.0,146.37937927246094,0.0,146.37937927246094,146.37937927246094,146.37937927246094,0.0,,146.3793792724725,146.37938725495923,-7.982486721402893e-06,-1.173892576344141e-05,3.756439042038518e-06,,0.0
2023-08-12 05:00:00+00:00,148.06496662146847,148.78453780981002,145.5020893181875,146.37937927246094,68572400.0,0.0,-0.0027189573416701246,0.0,0.0,0.0,0.0,0.0,0.0,0.0,0.0,47.26705300607974,3.2824484916225174,3.2824484484780485,1.0,146.37937927246094,0.0,146.37937927246094,146.37937927246094,146.37937927246094,0.0,,146.37937927247071,146.37938666366304,-7.391192326622331e-06,-1.0869379076077595e-05,3.4781867494552634e-06,,0.0
2023-08-13 05:00:00+00:00,148.06496662146847,148.78453780981002,145.5020893181875,146.37937927246094,68572400.0,0.0,-0.0027189573416701246,0.0,0.0,0.0,0.0,0.0,0.0,0.0,0.0,47.26705300607974,3.2824484916225174,3.2824484515597967,1.0,146.37937927246094,0.0,146.37937927246094,146.37937927246094,146.37937927246094,0.0,,146.3793792724692,146.3793861161666,-6.84369737768975e-06,-1.0064242736400027e-05,3.2205453587102764e-06,,0.0
2023-08-14 05:00:00+00:00,148.06496662146847,148.78453780981002,145.5020893181875,146.37937927246094,68572400.0,0.0,-0.006253492262820858,0.0,0.0,0.0,0.0,0.0,0.0,0.0,0.0,47.26705300607974,3.2824484916225174,3.2824484544214196,1.0,146.37937927246094,0.0,146.37937927246094,146.37937927246094,146.37937927246094,0.0,,146.37937927246793,146.3793856092254,-6.336757479630251e-06,-9.318745685046073e-06,2.981988205415822e-06,,0.0
2023-08-15 05:00:00+00:00,148.06496662146847,148.78453780981002,145.5020893181875,146.37937927246094,68572400.0,0.0,-0.0178660260822315,0.0,0.0,0.0,0.0,0.0,0.0,0.0,0.0,47.26705300607974,3.2824484916225174,3.282448457078641,1.0,146.37937927246094,0.0,146.37937927246094,146.37937927246094,146.37937927246094,0.0,,146.37937927246685,146.37938513983545,-5.8673685998655856e-06,-8.628470268009974e-06,2.761101668144389e-06,,0.0
2023-08-16 05:00:00+00:00,148.06496662146847,148.78453780981002,145.5020893181875,146.37937927246094,68572400.0,0.0,-0.02420384010669891,0.0,0.0,0.0,0.0,0.0,0.0,0.0,0.0,47.26705300607974,3.2824484916225174,3.2824484595460612,1.0,146.37937927246094,0.0,146.37937927246094,146.37937927246094,146.37937927246094,0.0,,146.37937927246594,146.3793847052151,-5.43274916253722e-06,-7.989326046915425e-06,2.5565768843782042e-06,,0.0
2023-08-17 05:00:00+00:00,148.06496662146847,148.78453780981002,145.5020893181875,146.37937927246094,68572400.0,0.0,-0.018844144770936867,0.0,0.0,0.0,0.0,0.0,0.0,0.0,0.0,47.26705300607974,3.2824484916225174,3.282448461837237,1.0,146.37937927246094,0.0,146.37937927246094,146.37937927246094,146.37937927246094,0.0,,146.37937927246517,146.37938430278885,-5.0303236776017e-06,-7.39752557305268e-06,2.3672018954509796e-06,,0.0
2023-08-18 05:00:00+00:00,148.06496662146847,148.78453780981002,145.5020893181875,146.37937927246094,68572400.0,0.0,-0.020405280477299413,0.0,0.0,0.0,0.0,0.0,0.0,0.0,0.0,47.26705300607975,3.2824484916225174,3.2824484639647573,1.0,146.37937927246094,0.0,146.37937927246094,146.37937927246094,146.37937927246094,0.0,,146.37937927246452,146.37938393017197,-4.657707449950976e-06,-6.849561948432339e-06,2.191854498481363e-06,,0.0
2023-08-19 05:00:00+00:00,148.06496662146847,148.78453780981002,145.5020893181875,146.37937927246094,68572400.0,0.0,-0.020405280477299413,0.0,0.0,0.0,0.0,0.0,0.0,0.0,0.0,47.26705300607974,3.2824484916225174,3.2824484659403117,1.0,146.37937927246094,0.0,146.37937927246094,146.37937927246094,146.37937927246094,0.0,,146.37937927246398,146.37938358515632,-4.312692340135982e-06,-6.342188026773068e-06,2.029495686637086e-06,,0.0
2023-08-20 05:00:00+00:00,148.06496662146847,148.78453780981002,145.5020893181875,146.37937927246094,68572400.0,0.0,-0.020405280477299413,0.0,0.0,0.0,0.0,0.0,0.0,0.0,0.0,47.26705300607974,3.2824484916225174,3.2824484677747554,1.0,146.37937927246094,0.0,146.37937927246094,146.37937927246094,146.37937927246094,0.0,,146.3793792724635,146.37938326569738,-3.993233889332259e-06,-5.872397199284907e-06,1.8791633099526473e-06,,0.0
2023-08-21 05:00:00+00:00,148.06496662146847,148.78453780981002,145.5020893181875,146.37937927246094,68572400.0,0.0,-0.013147600296878446,0.0,0.0,0.0,0.0,0.0,0.0,0.0,0.0,47.26705300607974,3.2824484916225174,3.282448469478167,1.0,146.37937927246094,0.0,146.37937927246094,146.37937927246094,146.37937927246094,0.0,,146.3793792724631,146.37938296990208,-3.697438984318069e-06,-5.4374055562915395e-06,1.7399665719734707e-06,,0.0
2023-08-22 05:00:00+00:00,148.06496662146847,148.78453780981002,145.5020893181875,146.37937927246094,68572400.0,0.0,-0.010084205088976811,0.0,0.0,0.0,0.0,0.0,0.0,0.0,0.0,47.26705300607974,3.2824484916225174,3.2824484710599067,1.0,146.37937927246094,0.0,146.37937927246094,146.37937927246094,146.37937927246094,0.0,,146.37937927246276,146.37938269601753,-3.4235547730077087e-06,-5.0346353996347735e-06,1.6110806266270648e-06,,0.0
2023-08-23 05:00:00+00:00,148.06496662146847,148.78453780981002,145.5020893181875,146.37937927246094,68572400.0,0.0,-0.017329098644939183,0.0,0.0,0.0,0.0,0.0,0.0,0.0,0.0,47.26705300607974,3.2824484916225174,3.2824484725286647,1.0,146.37937927246094,0.0,146.37937927246094,146.37937927246094,146.37937927246094,0.0,,146.37937927246247,146.37938244242073,-3.1699582621058653e-06,-4.661699972128992e-06,1.491741710023127e-06,,0.0
2023-08-24 05:00:00+00:00,148.06496662146847,148.78453780981002,145.5020893181875,146.37937927246094,68572400.0,0.0,-0.042014254281374896,0.0,0.0,0.0,0.0,0.0,0.0,0.0,0.0,47.26705300607974,3.2824484916225174,3.2824484738925115,1.0,146.37937927246094,0.0,146.37937927246094,146.37937927246094,146.37937927246094,0.0,,146.37937927246224,146.3793822076089,-2.935146653726406e-06,-4.316389308448475e-06,1.3812426547220688e-06,,0.0
2023-08-25 05:00:00+00:00,148.06496662146847,148.78453780981002,145.5020893181875,146.37937927246094,68572400.0,0.0,-0.04954866492935366,0.0,0.0,0.0,0.0,0.0,0.0,0.0,0.0,47.26705300607974,3.2824484916225174,3.2824484751589407,1.0,146.37937927246094,0.0,146.37937927246094,146.37937927246094,146.37937927246094,0.0,,146.37937927246205,146.37938199019052,-2.717728477819037e-06,-3.996657142322587e-06,1.2789286645035504e-06,,0.0
2023-08-26 05:00:00+00:00,148.06496662146847,148.78453780981002,145.5020893181875,146.37937927246094,68572400.0,0.0,-0.04954866492935366,0.0,0.0,0.0,0.0,0.0,0.0,0.0,0.0,47.26705300607974,3.2824484916225174,3.2824484763349107,1.0,146.37937927246094,0.0,146.37937927246094,146.37937927246094,146.37937927246094,0.0,,146.37937927246188,146.37938178887723,-2.5164153498735686e-06,-3.7006087838327837e-06,1.184193433959215e-06,,0.0
2023-08-27 05:00:00+00:00,148.06496662146847,148.78453780981002,145.5020893181875,146.37937927246094,68572400.0,0.0,-0.04954866492935366,0.0,0.0,0.0,0.0,0.0,0.0,0.0,0.0,47.267053006079735,3.2824484916225174,3.282448477426883,1.0,146.37937927246094,0.0,146.37937927246094,146.37937927246094,146.37937927246094,0.0,,146.37937927246173,146.379381602476,-2.33001426863666e-06,-3.426489880793559e-06,1.0964756121568994e-06,,0.0
2023-08-28 05:00:00+00:00,148.06496662146847,148.78453780981002,145.5020893181875,146.37937927246094,68572400.0,0.0,-0.057942819115155676,0.0,0.0,0.0,0.0,0.0,0.0,0.0,0.0,47.26705300607974,3.2824484916225174,3.282448478440857,1.0,146.37937927246094,0.0,146.37937927246094,146.37937927246094,146.37937927246094,0.0,,146.37937927246162,146.37938142988227,-2.1574206527930073e-06,-3.172676035193449e-06,1.0152553824004416e-06,,0.0
2023-08-29 05:00:00+00:00,148.06496662146847,148.78453780981002,145.5020893181875,146.37937927246094,68572400.0,0.0,-0.058207278696446096,0.0,0.0,0.0,0.0,0.0,0.0,0.0,0.0,47.26705300607974,3.2824484916225174,3.2824484793824045,1.0,146.37937927246094,0.0,146.37937927246094,146.37937927246094,146.37937927246094,0.0,,146.3793792724615,146.37938127007328,-1.9976117755504674e-06,-2.937663183264853e-06,9.400514077143856e-07,,0.0
2023-08-30 05:00:00+00:00,148.06496662146847,148.78453780981002,145.5020893181875,146.37937927246094,68572400.0,0.0,-0.04730185372837853,0.0,0.0,0.0,0.0,0.0,0.0,0.0,0.0,47.26705300607974,3.2824484916225174,3.2824484802566984,1.0,146.37937927246094,0.0,146.37937927246094,146.37937927246094,146.37937927246094,0.0,,146.37937927246142,146.379381122102,-1.8496405687074002e-06,-2.7200586603533626e-06,8.704180916459624e-07,,0.0
2023-08-31 05:00:00+00:00,148.06496662146847,148.78453780981002,145.5020893181875,146.37937927246094,68572400.0,0.0,-0.06066048707428538,0.0,0.0,0.0,0.0,0.0,0.0,0.0,0.0,47.26705300607974,3.2824484916225174,3.282448481068543,1.0,146.37937927246094,0.0,146.37937927246094,146.37937927246094,146.37937927246094,0.0,,146.37937927246134,146.37938098509153,-1.7126301941061683e-06,-2.518572967103924e-06,8.059427729977556e-07,,0.0
2023-09-01 05:00:00+00:00,148.06496662146847,148.78453780981002,145.5020893181875,146.37937927246094,68572400.0,0.0,-0.06212818301856547,0.0,0.0,0.0,0.0,0.0,0.0,0.0,0.0,47.26705300607974,3.2824484916225174,3.2824484818223985,1.0,146.37937927246094,0.0,146.37937927246094,146.37937927246094,146.37937927246094,0.0,,146.37937927246128,146.37938085823,-1.5857687287734734e-06,-2.332012119437834e-06,7.462433906643608e-07,,0.0
2023-09-02 05:00:00+00:00,148.06496662146847,148.78453780981002,145.5020893181875,146.37937927246094,68572400.0,0.0,-0.06212818301856547,0.0,0.0,0.0,0.0,0.0,0.0,0.0,0.0,47.26705300607974,3.2824484916225174,3.2824484825224074,1.0,146.37937927246094,0.0,146.37937927246094,146.37937927246094,146.37937927246094,0.0,,146.37937927246122,146.3793807407656,-1.4683043900731718e-06,-2.159270573564902e-06,6.909661834917302e-07,,0.0
2023-09-03 05:00:00+00:00,148.06496662146847,148.78453780981002,145.5020893181875,146.37937927246094,68572400.0,0.0,-0.06212818301856547,0.0,0.0,0.0,0.0,0.0,0.0,0.0,0.0,47.26705300607974,3.2824484916225174,3.2824484831724154,1.0,146.37937927246094,0.0,146.37937927246094,146.37937927246094,146.37937927246094,0.0,,146.37937927246116,146.3793806320023,-1.359541130341313e-06,-1.9993246849201842e-06,6.397835545788713e-07,,0.0
2023-09-04 05:00:00+00:00,148.06496662146847,148.78453780981002,145.5020893181875,146.37937927246094,68572400.0,0.0,-0.06212818301856547,0.0,0.0,0.0,0.0,0.0,0.0,0.0,0.0,47.26705300607974,3.2824484916225174,3.2824484837759944,1.0,146.37937927246094,0.0,146.37937927246094,146.37937927246094,146.37937927246094,0.0,,146.37937927246114,146.3793805312955,-1.2588343736297247e-06,-1.8512266226620924e-06,5.923922490323676e-07,,0.0
2023-09-05 05:00:00+00:00,148.06496662146847,148.78453780981002,145.5020893181875,146.37937927246094,68572400.0,0.0,-0.06983635029558467,0.0,0.0,0.0,0.0,0.0,0.0,0.0,0.0,47.26705300607974,3.2824484916225174,3.2824484843364607,1.0,146.37937927246094,0.0,146.37937927246094,146.37937927246094,146.37937927246094,0.0,,146.3793792724611,146.37938043804849,-1.1655873777272063e-06,-1.7140987736751152e-06,5.485113959479089e-07,,0.0
2023-09-06 05:00:00+00:00,148.06496662146847,148.78453780981002,145.5020893181875,146.37937927246094,68572400.0,0.0,-0.08916572216108587,0.0,0.0,0.0,0.0,0.0,0.0,0.0,0.0,47.26705300607974,3.2824484916225174,3.2824484848568938,1.0,146.37937927246094,0.0,146.37937927246094,146.37937927246094,146.37937927246094,0.0,,146.37937927246108,146.37938035170865,-1.0792475677590119e-06,-1.5871285324918947e-06,5.078809647328828e-07,,0.0
2023-09-07 05:00:00+00:00,148.06496662146847,148.78453780981002,145.5020893181875,146.37937927246094,68572400.0,0.0,-0.07623767551458734,0.0,0.0,0.0,0.0,0.0,0.0,0.0,0.0,47.26705300607975,3.2824484916225174,3.282448485340153,1.0,146.37937927246094,0.0,146.37937927246094,146.37937927246094,146.37937927246094,0.0,,146.37937927246105,146.37938027176438,-9.993033245336846e-07,-1.4695634909002527e-06,4.70260166366568e-07,,0.0
2023-09-08 05:00:00+00:00,148.06496662146847,148.78453780981002,145.5020893181875,146.37937927246094,68572400.0,0.0,-0.07488120242672608,0.0,0.0,0.0,0.0,0.0,0.0,0.0,0.0,47.26705300607975,3.2824484916225174,3.2824484857888936,1.0,146.37937927246094,0.0,146.37937927246094,146.37937927246094,146.37937927246094,0.0,,146.37937927246102,146.37938019774188,-9.252808581550198e-07,-1.3607069643512063e-06,4.3542610619618653e-07,,0.0
2023-09-09 05:00:00+00:00,148.06496662146847,148.78453780981002,145.5020893181875,146.37937927246094,68572400.0,0.0,-0.07488120242672608,0.0,0.0,0.0,0.0,0.0,0.0,0.0,0.0,47.26705300607975,3.2824484916225174,3.282448486205581,1.0,146.37937927246094,0.0,146.37937927246094,146.37937927246094,146.37937927246094,0.0,,146.379379272461,146.37938012920253,-8.56741536381378e-07,-1.2599138787572408e-06,4.031723423758629e-07,,0.0
2023-09-10 05:00:00+00:00,148.06496662146847,148.78453780981002,145.5020893181875,146.37937927246094,68572400.0,0.0,-0.07488120242672608,0.0,0.0,0.0,0.0,0.0,0.0,0.0,0.0,47.26705300607974,3.2824484916225174,3.2824484865925054,1.0,146.37937927246094,0.0,146.37937927246094,146.37937927246094,146.37937927246094,0.0,,146.379379272461,146.37938006574018,-7.932791845632892e-07,-1.1665869399184505e-06,3.733077553551613e-07,,0.0
2023-09-11 05:00:00+00:00,148.06496662146847,148.78453780981002,145.5020893181875,146.37937927246094,68572400.0,0.0,-0.07488120242672608,0.0,0.0,0.0,0.0,0.0,0.0,0.0,0.0,47.26705300607974,3.2824484916225174,3.2824484869517923,1.0,146.37937927246094,0.0,146.37937927246094,146.37937927246094,146.37937927246094,0.0,,146.379379272461,146.37938000697875,-7.345177550632798e-07,-1.0801731029474164e-06,3.4565534788413664e-07,,0.0
2023-09-12 05:00:00+00:00,148.06496662146847,148.78453780981002,145.5020893181875,146.37937927246094,68572400.0,0.0,-0.10214613414910967,0.0,0.0,0.0,0.0,0.0,0.0,0.0,0.0,47.26705300607974,3.2824484916225174,3.2824484872854156,1.0,146.37937927246094,0.0,146.37937927246094,146.37937927246094,146.37937927246094,0.0,,146.379379272461,146.37937995257002,-6.801090250974084e-07,-1.0001602873774148e-06,3.2005126228000636e-07,,0.0
2023-09-13 05:00:00+00:00,148.06496662146847,148.78453780981002,145.5020893181875,146.37937927246094,68572400.0,0.0,-0.09648520375269695,0.0,0.0,0.0,0.0,0.0,0.0,0.0,0.0,47.26705300607975,3.2824484916225174,3.2824484875952087,1.0,146.37937927246094,0.0,146.37937927246094,146.37937927246094,146.37937927246094,0.0,,146.379379272461,146.37937990219157,-6.297305787938967e-07,-9.260743456607112e-07,2.963437668668145e-07,,0.0
2023-09-14 05:00:00+00:00,148.06496662146847,148.78453780981002,145.5020893181875,146.37937927246094,68572400.0,0.0,-0.10338493214919503,0.0,0.0,0.0,0.0,0.0,0.0,0.0,0.0,47.26705300607975,3.2824484916225174,3.2824484878828737,1.0,146.37937927246094,0.0,146.37937927246094,146.37937927246094,146.37937927246094,0.0,,146.379379272461,146.37937985554484,-5.830838460951782e-07,-8.574762457476047e-07,2.743923996524265e-07,,0.0
2023-09-15 05:00:00+00:00,148.06496662146847,148.78453780981002,145.5020893181875,146.37937927246094,68572400.0,0.0,-0.08693454833682261,0.0,0.0,0.0,0.0,0.0,0.0,0.0,0.0,47.267053006079756,3.2824484916225174,3.282448488149991,1.0,146.37937927246094,0.0,146.37937927246094,146.37937927246094,146.37937927246094,0.0,,146.379379272461,146.37937981235342,-5.398924258770421e-07,-7.939594817734922e-07,2.540670558964501e-07,,0.0
2023-09-16 05:00:00+00:00,148.06496662146847,148.78453780981002,145.5020893181875,146.37937927246094,68572400.0,0.0,-0.08693454833682261,0.0,0.0,0.0,0.0,0.0,0.0,0.0,0.0,47.267053006079756,3.2824484916225174,3.282448488398029,1.0,146.37937927246094,0.0,146.37937927246094,146.37937927246094,146.37937927246094,0.0,,146.379379272461,146.37937977236137,-4.999003806460678e-07,-7.351476615480073e-07,2.352472809019395e-07,,0.0
2023-09-17 05:00:00+00:00,148.06496662146847,148.78453780981002,145.5020893181875,146.37937927246094,68572400.0,0.0,-0.08693454833682261,0.0,0.0,0.0,0.0,0.0,0.0,0.0,0.0,47.267053006079756,3.2824484916225174,3.28244848862835,1.0,146.37937927246094,0.0,146.37937927246094,146.37937927246094,146.37937927246094,0.0,,146.379379272461,146.3793797353317,-4.6287070176731504e-07,-6.806922695918688e-07,2.178215678245538e-07,,0.0
2023-09-18 05:00:00+00:00,148.06496662146847,148.78453780981002,145.5020893181875,146.37937927246094,68572400.0,0.0,-0.08440728951801127,0.0,0.0,0.0,0.0,0.0,0.0,0.0,0.0,47.267053006079756,3.2824484916225174,3.282448488842219,1.0,146.37937927246094,0.0,146.37937927246094,146.37937927246094,146.37937927246094,0.0,,146.379379272461,146.37937970104497,-4.2858397364398115e-07,-6.302706104022913e-07,2.016866367583102e-07,,0.0
2023-09-19 05:00:00+00:00,148.06496662146847,148.78453780981002,145.5020893181875,146.37937927246094,68572400.0,0.0,-0.08165657390434101,0.0,0.0,0.0,0.0,0.0,0.0,0.0,0.0,47.267053006079756,3.2824484916225174,3.2824484890408123,1.0,146.37937927246094,0.0,146.37937927246094,146.37937927246094,146.37937927246094,0.0,,146.379379272461,146.379379669298,-3.9683700947534817e-07,-5.835838902169027e-07,1.8674688074155454e-07,,0.0
2023-09-20 05:00:00+00:00,148.06496662146847,148.78453780981002,145.5020893181875,146.37937927246094,68572400.0,0.0,-0.0699232626810323,0.0,0.0,0.0,0.0,0.0,0.0,0.0,0.0,47.267053006079756,3.2824484916225174,3.28244848922522,1.0,146.37937927246094,0.0,146.37937927246094,146.37937927246094,146.37937927246094,0.0,,146.379379272461,146.37937963990265,-3.674416575449868e-07,-5.403554436825196e-07,1.7291378613753274e-07,,0.0
2023-09-21 05:00:00+00:00,148.06496662146847,148.78453780981002,145.5020893181875,146.37937927246094,68572400.0,0.0,-0.0703144076277425,0.0,0.0,0.0,0.0,0.0,0.0,0.0,0.0,47.267053006079756,3.2824484916225174,3.282448489396456,1.0,146.37937927246094,0.0,146.37937927246094,146.37937927246094,146.37937927246094,0.0,,146.379379272461,146.37937961268474,-3.4022374961750756e-07,-5.003291048695171e-07,1.6010535525200957e-07,,0.0
2023-09-22 05:00:00+00:00,148.06496662146847,148.78453780981002,145.5020893181875,146.37937927246094,68572400.0,0.0,-0.06411732197731357,0.0,0.0,0.0,0.0,0.0,0.0,0.0,0.0,47.267053006079756,3.2824484916225174,3.2824484895554606,1.0,146.37937927246094,0.0,146.37937927246094,146.37937927246094,146.37937927246094,0.0,,146.379379272461,146.37937958748296,-3.1502196407018346e-07,-4.6326767670965043e-07,1.4824571263946697e-07,,0.0
2023-09-23 05:00:00+00:00,148.06496662146847,148.78453780981002,145.5020893181875,146.37937927246094,68572400.0,0.0,-0.06411732197731357,0.0,0.0,0.0,0.0,0.0,0.0,0.0,0.0,47.26705300607975,3.2824484916225174,3.282448489703108,1.0,146.37937927246094,0.0,146.37937927246094,146.37937927246094,146.37937927246094,0.0,,146.379379272461,146.379379564148,-2.916870016633766e-07,-4.289515417003957e-07,1.372645400370191e-07,,0.0
2023-09-24 05:00:00+00:00,148.06496662146847,148.78453780981002,145.5020893181875,146.37937927246094,68572400.0,0.0,-0.06411732197731357,0.0,0.0,0.0,0.0,0.0,0.0,0.0,0.0,47.26705300607975,3.2824484916225174,3.282448489840209,1.0,146.37937927246094,0.0,146.37937927246094,146.37937927246094,146.37937927246094,0.0,,146.379379272461,146.37937954254153,-2.7008053393728915e-07,-3.971773401477744e-07,1.2709680621048528e-07,,0.0
2023-09-25 05:00:00+00:00,148.06496662146847,148.78453780981002,145.5020893181875,146.37937927246094,68572400.0,0.0,-0.06411732197731357,0.0,0.0,0.0,0.0,0.0,0.0,0.0,0.0,47.26705300607974,3.2824484916225174,3.282448489967517,1.0,146.37937927246094,0.0,146.37937927246094,146.37937927246094,146.37937927246094,0.0,,146.379379272461,146.37937952253554,-2.5007454951264663e-07,-3.6775678202074885e-07,1.1768223250810222e-07,,0.0
2023-09-26 05:00:00+00:00,148.06496662146847,148.78453780981002,145.5020893181875,146.37937927246094,68572400.0,0.0,-0.058667282961878356,0.0,0.0,0.0,0.0,0.0,0.0,0.0,0.0,47.26705300607974,3.2824484916225174,3.2824484900857316,1.0,146.37937927246094,0.0,146.37937927246094,146.37937927246094,146.37937927246094,0.0,,146.379379272461,146.3793795040115,-2.315505014394148e-07,-3.4051552590448206e-07,1.0896502446506726e-07,,0.0
2023-09-27 05:00:00+00:00,148.06496662146847,148.78453780981002,145.5020893181875,146.37937927246094,68572400.0,0.0,-0.06229213539324074,0.0,0.0,0.0,0.0,0.0,0.0,0.0,0.0,47.26705300607974,3.2824484916225174,3.2824484901955024,1.0,146.37937927246094,0.0,146.37937927246094,146.37937927246094,146.37937927246094,0.0,,146.379379272461,146.3793794868596,-2.1439859665406402e-07,-3.1529214005439846e-07,1.0089354340033444e-07,,0.0
2023-09-28 05:00:00+00:00,148.06496662146847,148.78453780981002,145.5020893181875,146.37937927246094,68572400.0,0.0,-0.062001482670995554,0.0,0.0,0.0,0.0,0.0,0.0,0.0,0.0,47.26705300607974,3.2824484916225174,3.2824484902974325,1.0,146.37937927246094,0.0,146.37937927246094,146.37937927246094,146.37937927246094,0.0,,146.379379272461,146.3793794709782,-1.9851719912367116e-07,-2.91937151868253e-07,9.341995274458186e-08,,0.0
2023-09-29 05:00:00+00:00,148.06496662146847,148.78453780981002,145.5020893181875,146.37937927246094,68572400.0,0.0,-0.050518899578838324,0.0,0.0,0.0,0.0,0.0,0.0,0.0,0.0,47.26705300607974,3.2824484916225174,3.2824484903920816,1.0,146.37937927246094,0.0,146.37937927246094,146.37937927246094,146.37937927246094,0.0,,146.379379272461,146.3793794562732,-1.8381220456831215e-07,-2.7031216240826485e-07,8.64999578399527e-08,,0.0
2023-09-30 05:00:00+00:00,148.06496662146847,148.78453780981002,145.5020893181875,146.37937927246094,68572400.0,0.0,-0.050518899578838324,0.0,0.0,0.0,0.0,0.0,0.0,0.0,0.0,47.26705300607974,3.2824484916225174,3.28244849047997,1.0,146.37937927246094,0.0,146.37937927246094,146.37937927246094,146.37937927246094,0.0,,146.379379272461,146.37937944265747,-1.7019647202687338e-07,-2.502890243319866e-07,8.00925523051132e-08,,0.0
2023-10-01 05:00:00+00:00,148.06496662146847,148.78453780981002,145.5020893181875,146.37937927246094,68572400.0,0.0,-0.050518899578838324,0.0,0.0,0.0,0.0,0.0,0.0,0.0,0.0,47.26705300607975,3.2824484916225174,3.2824484905615807,1.0,146.37937927246094,0.0,146.37937927246094,146.37937927246094,146.37937927246094,0.0,,146.379379272461,146.3793794300503,-1.5758931226628192e-07,-2.3174908191884567e-07,7.415976965256374e-08,,0.0
2023-10-02 05:00:00+00:00,148.06496662146847,148.78453780981002,145.5020893181875,146.37937927246094,68572400.0,0.0,-0.03612511368543153,0.0,0.0,0.0,0.0,0.0,0.0,0.0,0.0,47.26705300607975,3.2824484916225174,3.2824484906373623,1.0,146.37937927246094,0.0,146.37937927246094,146.37937927246094,146.37937927246094,0.0,,146.379379272461,146.379379418377,-1.4591600461244525e-07,-2.1458246645756561e-07,6.866646184512037e-08,,0.0
2023-10-03 05:00:00+00:00,148.06496662146847,148.78453780981002,145.5020893181875,146.37937927246094,68572400.0,0.0,-0.029414658462313434,0.0,0.0,0.0,0.0,0.0,0.0,0.0,0.0,47.26705300607975,3.2824484916225174,3.282448490707731,1.0,146.37937927246094,0.0,146.37937927246094,146.37937927246094,146.37937927246094,0.0,,146.379379272461,146.3793794075684,-1.351073990463192e-07,-1.9868745297531633e-07,6.358005392899715e-08,,0.0
2023-10-04 05:00:00+00:00,148.06496662146847,148.78453780981002,145.5020893181875,146.37937927246094,68572400.0,0.0,-0.03271864685054377,0.0,0.0,0.0,0.0,0.0,0.0,0.0,0.0,47.267053006079756,3.2824484916225174,3.282448490773073,1.0,146.37937927246094,0.0,146.37937927246094,146.37937927246094,146.37937927246094,0.0,,146.379379272461,146.37937939756043,-1.250994330348476e-07,-1.839698489872226e-07,5.887041595237499e-08,,0.0
2023-10-05 05:00:00+00:00,148.06496662146847,148.78453780981002,145.5020893181875,146.37937927246094,68572400.0,0.0,-0.02284160514054766,0.0,0.0,0.0,0.0,0.0,0.0,0.0,0.0,47.267053006079756,3.2824484916225174,3.282448490833748,1.0,146.37937927246094,0.0,146.37937927246094,146.37937927246094,146.37937927246094,0.0,,146.379379272461,146.37937938829378,-1.1583279047044925e-07,-1.7034243728386793e-07,5.450964681341867e-08,,0.0
2023-10-06 05:00:00+00:00,148.06496662146847,148.78453780981002,145.5020893181875,146.37937927246094,68572400.0,0.0,-0.013464504028324173,0.0,0.0,0.0,0.0,0.0,0.0,0.0,0.0,47.26705300607975,3.2824484916225174,3.2824484908900886,1.0,146.37937927246094,0.0,146.37937927246094,146.37937927246094,146.37937927246094,0.0,,146.379379272461,146.37937937971355,-1.0725256061050459e-07,-1.5772446194919525e-07,5.0471901338690665e-08,,0.0
2023-10-07 05:00:00+00:00,148.06496662146847,148.78453780981002,145.5020893181875,146.37937927246094,68572400.0,0.0,-0.013464504028324173,0.0,0.0,0.0,0.0,0.0,0.0,0.0,0.0,47.26705300607975,3.2824484916225174,3.282448490942405,1.0,146.37937927246094,0.0,146.37937927246094,146.37937927246094,146.37937927246094,0.0,,146.379379272461,146.37937937176892,-9.930792543855205e-08,-1.4604115464706663e-07,4.6733229208514586e-08,,0.0
2023-10-08 05:00:00+00:00,148.06496662146847,148.78453780981002,145.5020893181875,146.37937927246094,68572400.0,0.0,-0.013464504028324173,0.0,0.0,0.0,0.0,0.0,0.0,0.0,0.0,47.26705300607975,3.2824484916225174,3.282448490990985,1.0,146.37937927246094,0.0,146.37937927246094,146.37937927246094,146.37937927246094,0.0,,146.379379272461,146.37937936441276,-9.195176176035602e-08,-1.352232760697245e-07,4.327151430936849e-08,,0.0
2023-10-09 05:00:00+00:00,148.06496662146847,148.78453780981002,145.5020893181875,146.37937927246094,68572400.0,0.0,-0.028618410434064698,0.0,0.0,0.0,0.0,0.0,0.0,0.0,0.0,47.26705300607974,3.2824484916225174,3.2824484910360945,1.0,146.37937927246094,0.0,146.37937927246094,146.37937927246094,146.37937927246094,0.0,,146.379379272461,146.3793793576015,-8.51404990953597e-08,-1.2520672067485154e-07,4.006622157949184e-08,,0.0
2023-10-10 05:00:00+00:00,148.06496662146847,148.78453780981002,145.5020893181875,146.37937927246094,68572400.0,0.0,-0.02219018231971568,0.0,0.0,0.0,0.0,0.0,0.0,0.0,0.0,47.26705300607974,3.2824484916225174,3.282448491077982,1.0,146.37937927246094,0.0,146.37937927246094,146.37937927246094,146.37937927246094,0.0,,146.379379272461,146.37937935129477,-7.883377861617191e-08,-1.1593213226311562e-07,3.7098353646943703e-08,,0.0
2023-10-11 05:00:00+00:00,148.06496662146847,148.78453780981002,145.5020893181875,146.37937927246094,68572400.0,0.0,-0.016491506460253942,0.0,0.0,0.0,0.0,0.0,0.0,0.0,0.0,47.26705300607975,3.2824484916225174,3.2824484911168774,1.0,146.37937927246094,0.0,146.37937927246094,146.37937927246094,146.37937927246094,0.0,,146.379379272461,146.37937934545522,-7.299422577489167e-08,-1.0734455096547083e-07,3.435032519057916e-08,,0.0
2023-10-12 05:00:00+00:00,148.06496662146847,148.78453780981002,145.5020893181875,146.37937927246094,68572400.0,0.0,0.011363793277571206,0.0,0.0,0.0,0.0,0.0,0.0,0.0,0.0,47.26705300607974,3.2824484916225174,3.2824484911529948,1.0,146.37937927246094,0.0,146.37937927246094,146.37937927246094,146.37937927246094,0.0,,146.379379272461,146.37937934004822,-6.758722292943276e-08,-9.939308535826321e-08,3.1805862428830457e-08,,0.0
2023-10-13 05:00:00+00:00,148.06496662146847,148.78453780981002,145.5020893181875,146.37937927246094,68572400.0,0.0,0.032603112651201735,0.0,0.0,0.0,0.0,0.0,0.0,0.0,0.0,47.26705300607974,3.2824484916225174,3.2824484911865324,1.0,146.37937927246094,0.0,146.37937927246094,146.37937927246094,146.37937927246094,0.0,,146.379379272461,146.37937933504173,-6.258073881326709e-08,-9.203061604926399e-08,2.9449877235996898e-08,,0.0
2023-10-14 05:00:00+00:00,148.06496662146847,148.78453780981002,145.5020893181875,146.37937927246094,68572400.0,0.0,0.032603112651201735,0.0,0.0,0.0,0.0,0.0,0.0,0.0,0.0,47.26705300607974,3.2824484916225174,3.2824484912176746,1.0,146.37937927246094,0.0,146.37937927246094,146.37937927246094,146.37937927246094,0.0,,146.379379272461,146.3793793304061,-5.7945101161749335e-08,-8.521351307176106e-08,2.7268411910011725e-08,,0.0
2023-10-15 05:00:00+00:00,148.06496662146847,148.78453780981002,145.5020893181875,146.37937927246094,68572400.0,0.0,0.032603112651201735,0.0,0.0,0.0,0.0,0.0,0.0,0.0,0.0,47.26705300607974,3.2824484916225174,3.2824484912465923,1.0,146.37937927246094,0.0,146.37937927246094,146.37937927246094,146.37937927246094,0.0,,146.379379272461,146.37937932611385,-5.365285460356972e-08,-7.890138137812279e-08,2.524852677455307e-08,,0.0
2023-10-16 05:00:00+00:00,148.06496662146847,148.78453780981002,145.5020893181875,146.37937927246094,68572400.0,0.0,0.017652159818018376,0.0,0.0,0.0,0.0,0.0,0.0,0.0,0.0,47.26705300607974,3.2824484916225174,3.282448491273444,1.0,146.37937927246094,0.0,146.37937927246094,146.37937927246094,146.37937927246094,0.0,,146.379379272461,146.37937932213956,-4.967856170878804e-08,-7.305681744425585e-08,2.3378255735467814e-08,,0.0
2023-10-17 05:00:00+00:00,148.06496662146847,148.78453780981002,145.5020893181875,146.37937927246094,68572400.0,0.0,0.03580639217730257,0.0,0.0,0.0,0.0,0.0,0.0,0.0,0.0,47.26705300607974,3.2824484916225174,3.282448491298378,1.0,146.37937927246094,0.0,146.37937927246094,146.37937927246094,146.37937927246094,0.0,,146.379379272461,146.37937931845966,-4.599866088028648e-08,-6.764518613146198e-08,2.1646525251175503e-08,,0.0
2023-10-18 05:00:00+00:00,148.06496662146847,148.78453780981002,145.5020893181875,146.37937927246094,68572400.0,0.0,0.020159285798604938,0.0,0.0,0.0,0.0,0.0,0.0,0.0,0.0,47.26705300607974,3.2824484916225174,3.282448491321531,1.0,146.37937927246094,0.0,146.37937927246094,146.37937927246094,146.37937927246094,0.0,,146.379379272461,146.37937931505235,-4.2591352666931925e-08,-6.263441943855598e-08,2.0043066771624056e-08,,0.0
2023-10-19 05:00:00+00:00,148.06496662146847,148.78453780981002,145.5020893181875,146.37937927246094,68572400.0,0.0,0.013651234020740251,0.0,0.0,0.0,0.0,0.0,0.0,0.0,0.0,47.26705300607974,3.2824484916225174,3.2824484913430303,1.0,146.37937927246094,0.0,146.37937927246094,146.37937927246094,146.37937927246094,0.0,,146.379379272461,146.37937931189742,-3.943642923331936e-08,-5.799482139750866e-08,1.8558392164189302e-08,,0.0
2023-10-20 05:00:00+00:00,148.06496662146847,148.78453780981002,145.5020893181875,146.37937927246094,68572400.0,0.0,0.016003567062889672,0.0,0.0,0.0,0.0,0.0,0.0,0.0,0.0,47.26705300607974,3.2824484916225174,3.282448491362994,1.0,146.37937927246094,0.0,146.37937927246094,146.37937927246094,146.37937927246094,0.0,,146.379379272461,146.37937930897618,-3.6515189094643574e-08,-5.369889493693565e-08,1.7183705842292076e-08,,0.0
2023-10-21 05:00:00+00:00,148.06496662146847,148.78453780981002,145.5020893181875,146.37937927246094,68572400.0,0.0,0.016003567062889672,0.0,0.0,0.0,0.0,0.0,0.0,0.0,0.0,47.26705300607974,3.2824484916225174,3.2824484913815315,1.0,146.37937927246094,0.0,146.37937927246094,146.37937927246094,146.37937927246094,0.0,,146.379379272461,146.37937930627135,-3.3810351851570886e-08,-4.97211863198627e-08,1.5910834468291816e-08,,0.0
2023-10-22 05:00:00+00:00,148.06496662146847,148.78453780981002,145.5020893181875,146.37937927246094,68572400.0,0.0,0.016003567062889672,0.0,0.0,0.0,0.0,0.0,0.0,0.0,0.0,47.267053006079735,3.2824484916225174,3.282448491398745,1.0,146.37937927246094,0.0,146.37937927246094,146.37937927246094,146.37937927246094,0.0,,146.379379272461,146.37937930376685,-3.1305859238273115e-08,-4.603812090354479e-08,1.4732261665271677e-08,,0.0
2023-10-23 05:00:00+00:00,148.06496662146847,148.78453780981002,145.5020893181875,146.37937927246094,68572400.0,0.0,0.03525021744298042,0.0,0.0,0.0,0.0,0.0,0.0,0.0,0.0,47.26705300607973,3.2824484916225174,3.282448491414729,1.0,146.37937927246094,0.0,146.37937927246094,146.37937927246094,146.37937927246094,0.0,,146.379379272461,146.3793793014479,-2.898690354413702e-08,-4.2627877431663237e-08,1.3640973887526215e-08,,0.0
2023-10-24 05:00:00+00:00,148.06496662146847,148.78453780981002,145.5020893181875,146.37937927246094,68572400.0,0.0,0.031099213662213996,0.0,0.0,0.0,0.0,0.0,0.0,0.0,0.0,47.267053006079735,3.2824484916225174,3.2824484914295713,1.0,146.37937927246094,0.0,146.37937927246094,146.37937927246094,146.37937927246094,0.0,,146.379379272461,146.3793792993007,-2.683970024008886e-08,-3.947024199334836e-08,1.2630541753259503e-08,,0.0
2023-10-25 05:00:00+00:00,148.06496662146847,148.78453780981002,145.5020893181875,146.37937927246094,68572400.0,0.0,0.046024592049778094,0.0,0.0,0.0,0.0,0.0,0.0,0.0,0.0,47.267053006079735,3.2824484916225174,3.2824484914433536,1.0,146.37937927246094,0.0,146.37937927246094,146.37937927246094,146.37937927246094,0.0,,146.379379272461,146.37937929731257,-2.485157324372267e-08,-3.654650824342323e-08,1.1694934999700563e-08,,0.0
2023-10-26 05:00:00+00:00,148.06496662146847,148.78453780981002,145.5020893181875,146.37937927246094,68572400.0,0.0,0.0358032446710952,0.0,0.0,0.0,0.0,0.0,0.0,0.0,0.0,47.26705300607973,3.2824484916225174,3.2824484914561514,1.0,146.37937927246094,0.0,146.37937927246094,146.37937927246094,146.37937927246094,0.0,,146.379379272461,146.3793792954717,-2.30106991239154e-08,-3.383934641952167e-08,1.0828647295606267e-08,,0.0
2023-10-27 05:00:00+00:00,148.06496662146847,148.78453780981002,145.5020893181875,146.37937927246094,68572400.0,0.0,0.028152021936467504,0.0,0.0,0.0,0.0,0.0,0.0,0.0,0.0,47.26705300607973,3.2824484916225174,3.2824484914680347,1.0,146.37937927246094,0.0,146.37937927246094,146.37937927246094,146.37937927246094,0.0,,146.379379272461,146.3793792937672,-2.1306192365955212e-08,-3.133271560880838e-08,1.0026523242853165e-08,,0.0
2023-10-28 05:00:00+00:00,148.06496662146847,148.78453780981002,145.5020893181875,146.37937927246094,68572400.0,0.0,0.028152021936467504,0.0,0.0,0.0,0.0,0.0,0.0,0.0,0.0,47.26705300607973,3.2824484916225174,3.2824484914790695,1.0,146.37937927246094,0.0,146.37937927246094,146.37937927246094,146.37937927246094,0.0,,146.379379272461,146.37937929218893,-1.9727934841284878e-08,-2.901175945530368e-08,9.283824614018802e-09,,0.0
2023-10-29 05:00:00+00:00,148.06496662146847,148.78453780981002,145.5020893181875,146.37937927246094,68572400.0,0.0,0.028152021936467504,0.0,0.0,0.0,0.0,0.0,0.0,0.0,0.0,47.26705300607973,3.2824484916225174,3.282448491489316,1.0,146.37937927246094,0.0,146.37937927246094,146.37937927246094,146.37937927246094,0.0,,146.379379272461,146.3793792907276,-1.8266604229211225e-08,-2.686272841008519e-08,8.596124180873966e-09,,0.0
2023-10-30 05:00:00+00:00,148.06496662146847,148.78453780981002,145.5020893181875,146.37937927246094,68572400.0,0.0,0.028152021936467504,0.0,0.0,0.0,0.0,0.0,0.0,0.0,0.0,47.26705300607973,3.2824484916225174,3.2824484914988306,1.0,146.37937927246094,0.0,146.37937927246094,146.37937927246094,146.37937927246094,0.0,,146.379379272461,146.3793792893745,-1.691350348664855e-08,-2.4872883425397866e-08,7.959379938749315e-09,,0.0
2023-10-31 05:00:00+00:00,148.06496662146847,148.78453780981002,145.5020893181875,146.37937927246094,68572400.0,0.0,-0.00015784415142771285,0.0,0.0,0.0,0.0,0.0,0.0,0.0,0.0,47.26705300607973,3.2824484916225174,3.2824484915076657,1.0,146.37937927246094,0.0,146.37937927246094,146.37937927246094,146.37937927246094,0.0,,146.379379272461,146.37937928812164,-1.5660646113246912e-08,-2.3030435962967675e-08,7.369789849720763e-09,,0.0
2023-11-01 05:00:00+00:00,148.06496662146847,148.78453780981002,145.5020893181875,146.37937927246094,68572400.0,0.0,0.003233707499274598,0.0,-0.17371580638023365,0.0,0.0,0.0,0.0,0.0,0.0,47.26705300607973,3.2824484916225174,3.28244849151587,1.0,146.37937927246094,0.0,146.37937927246094,146.37937927246094,146.37937927246094,0.0,,146.379379272461,146.37937928696158,-1.4500585621135542e-08,-2.132446589460125e-08,6.823880273465709e-09,,0.0
2023-11-02 05:00:00+00:00,148.06496662146847,148.78453780981002,145.5020893181875,146.37937927246094,68572400.0,0.0,0.007099526463340492,0.0,-0.18548624628270738,0.0,0.0,0.0,0.0,0.0,0.0,47.26705300607973,3.2824484916225174,3.2824484915234877,1.0,146.37937927246094,0.0,146.37937927246094,146.37937927246094,146.37937927246094,0.0,,146.379379272461,146.37937928588744,-1.3426443956632284e-08,-1.974486150700746e-08,6.318417550375177e-09,,0.0
2023-11-03 05:00:00+00:00,148.06496662146847,148.78453780981002,145.5020893181875,146.37937927246094,68572400.0,0.0,-0.015150007487095996,0.0,-0.19025155321550458,0.0,0.0,0.0,0.0,0.0,0.0,47.26705300607973,3.2824484916225174,3.2824484915305616,1.0,146.37937927246094,0.0,146.37937927246094,146.37937927246094,146.37937927246094,0.0,,146.379379272461,146.37937928489288,-1.2431883078534156e-08,-1.8282265821312798e-08,5.850382742778642e-09,,0.0
2023-11-04 05:00:00+00:00,148.06496662146847,148.78453780981002,145.5020893181875,146.37937927246094,68572400.0,0.0,-0.015150007487095996,0.0,-0.1881207449968234,0.0,0.0,0.0,0.0,0.0,0.0,47.26705300607973,3.2824484916225174,3.28244849153713,1.0,146.37937927246094,0.0,146.37937927246094,146.37937927246094,146.37937927246094,0.0,,146.379379272461,146.37937928397199,-1.1510991271279636e-08,-1.6928010911306166e-08,5.41701964002653e-09,,0.0
2023-11-05 05:00:00+00:00,148.06496662146847,148.78453780981002,145.5020893181875,146.37937927246094,68572400.0,0.0,-0.015150007487095996,-0.17371580638023365,-0.20654482804824703,0.0,0.0,0.0,0.0,0.0,0.0,47.26705300607973,3.2824484916225174,3.2824484915432293,1.0,146.37937927246094,0.0,146.37937927246094,146.37937927246094,146.37937927246094,0.0,,146.379379272461,146.3793792831193,-1.0658311566658085e-08,-1.567407104237655e-08,5.015759475718465e-09,,0.0
2023-11-06 05:00:00+00:00,174.33681681792336,177.35147351618673,174.1687879097799,177.15379333496094,63841300.0,0.19081650456389643,15.299900355451081,-0.014245026097994273,-0.03973090847132965,0.08533573508675425,1.3546627979186439,0.04163957504814009,0.6610077616547343,0.024040619862985304,0.38163300912779285,99.99999937699059,30.972094243725792,5.260280330984841,0.934228588232135,147.81689614262496,0.16560129275282306,147.91809997558593,161.68083633788103,134.15536361329083,0.18608589975894307,1.5621322893123997,151.1139045128456,148.65896550918166,2.4549390036639522,0.4909877881935336,1.9639512154704186,4.2485291572496005,7.616867247540626
2023-11-07 05:00:00+00:00,177.1043884447924,180.32663456302825,176.89682951103612,179.7138214111328,70530000.0,0.014347460432407465,1.0848657215408049,-0.005850492899658444,-0.02585417578209337,0.08396180311344273,1.3328523040004288,0.041600718177142615,0.6603909279504218,0.024079390546038307,0.382248474640903,99.99999942821451,3.4298050519921333,5.129532096771076,1.030632191949218,149.5326175365835,0.16794036005446414,149.58482208251954,169.33458462028204,129.83505954475703,0.2640610492803529,1.2627686477496922,155.51389172796672,150.9593252056225,4.554566522344231,1.3037035350236732,3.2508629873205583,3.0510745909987698,5.556115964125337
2023-11-08 05:00:00+00:00,180.23768527185777,181.32493395317235,179.4864793691692,180.77142333984372,49340300.0,0.005867674078258782,0.3982499148325691,0.002631444650672332,-0.011637563164652143,0.08328317221358764,1.3220793724423054,0.04155149466173236,0.6596095288678304,0.024077939021617378,0.3822254324050647,99.99999944839216,1.8384545840031592,4.894455131573368,0.7312694487738046,150.83504968597893,0.16560346265341672,151.30442428588867,175.3917256839006,127.21712288787674,0.3183952024099327,1.1116708253666627,159.39966582210167,153.16762877112035,6.232037050981319,2.2893702382152026,3.942666812766116,2.44668330146665,4.533276663518444
2023-11-09 05:00:00+00:00,180.84061367506283,181.9871648721256,179.7039261272927,180.29698181152344,53763500.0,-0.002627988462049078,-0.2839185338383393,-0.02269313193789091,-0.028115769276071068,0.08362372217194683,1.3274854354351764,0.041587215340730226,0.6601765770675747,0.024086110921105016,0.38235515728776454,98.32374029474065,2.283238744832886,4.707939675377619,0.8056668740894035,152.25080360021502,0.15555545039920288,153.00030441284179,180.2022124590248,125.79839636665876,0.35557978986478245,1.001741961489204,162.61463751278194,155.17721047781689,7.437427034965054,3.3189815975651733,4.118445437399881,2.0069678459568157,3.80434712716978
2023-11-10 05:00:00+00:00,182.07848170612576,184.65175539538808,181.6430032262288,184.4834899902344,66133400.0,0.022954584073675347,1.7953778934096187,0.0,-0.008563203008248643,0.08136293740988866,1.291596589945675,0.04161499105679087,0.6606175028906739,0.024208572127451415,0.38429916867123776,98.55406652895081,4.354773583864642,4.682713525983836,0.9928490171667875,154.15313452837768,0.16440688249914537,154.90550994873047,185.30457924934916,124.50644064811179,0.39248531973691514,0.9864948289864577,165.97907635546693,157.3480459972552,8.631030358211717,4.381391349694482,4.249639008517235,1.9459793159458318,3.7000002890750205
2023-11-11 05:00:00+00:00,182.07848170612576,184.65175539538808,181.6430032262288,184.4834899902344,66133400.0,0.0,-0.06912732133215993,0.0,-0.01744777836335687,0.01055192040624006,0.1675065434943531,0.04161499105679087,0.6606175028906739,0.024208572127451415,0.38429916867123776,98.55406652895081,3.0087521691592656,4.563144857639224,0.9946700728066175,156.06244385991417,0.15405739631131599,156.81071548461915,189.6389993568512,123.9824316123871,0.41869949729872924,0.9214776290670252,168.82590922235423,159.35807888562405,9.467830336730174,5.398679147101621,4.069151189628553,1.6859105162681005,3.2814188806767914
2023-11-12 05:00:00+00:00,182.07848170612576,184.65175539538808,181.6430032262288,184.4834899902344,66133400.0,0.0,-0.06912732133215993,0.008658051996700111,-0.017344122385228977,0.01038052141661821,0.16478566888531015,0.04161499105679087,0.6606175028906739,0.024208572127451415,0.38429916867123776,98.55406652895081,3.0087521691592656,4.452116808462084,0.9964978209793971,157.9787700641553,0.1436698748895206,158.7159210205078,193.36736001384688,124.06448202716874,0.4366472975179564,0.8718109509778196,171.2347678020281,161.21922044892852,10.015547353099578,6.322052788301213,3.693494564798365,1.4872438039112783,2.9691907722599056
2023-11-13 05:00:00+00:00,183.9094496896321,184.1172820619318,182.31600272709323,182.89993286132807,43627500.0,-0.008620786010591644,-0.7628678841663901,-0.014084657644396925,-0.025778978644403927,0.012049190938703838,0.1912749763400596,0.0417713298969376,0.6630993050384052,0.024253986448149346,0.38502009866240366,92.54650839832284,2.167487263141169,4.288928983796304,0.66997007612881,159.4243222360992,0.12835221018384807,160.54194869995118,196.2878919814864,124.79600541841594,0.44531592609908444,0.812734566623201,173.02940858038195,162.8251991461433,10.204209434238663,7.098484117488704,3.105725316749959,1.2509382664928042,2.612155001852728
2023-11-14 05:00:00+00:00,185.7701387274506,186.17592689168708,184.38453902262373,185.5128173828125,60108400.0,0.014184787745570677,1.0864448082313198,-0.0030314719400239554,-0.011861384540447828,0.012646908095633676,0.2007634420496171,0.04170587710593147,0.6620602741927013,0.024286454672906823,0.3855355157517239,93.27494299891123,3.2759940303590156,4.216576487122213,0.9290988011817846,161.32759627866335,0.13036954236020284,162.49862060546874,199.2504592311065,125.74678197983098,0.45233416122180803,0.8131026587781278,174.9499330115251,164.50576345997064,10.444169551554467,7.767621204301857,2.6765483472526093,1.252410635112511,2.6088546942152573
2023-11-15 05:00:00+00:00,185.91856087001975,187.55158977984928,185.84927335047647,186.076904296875,53790500.0,0.003036076158479347,0.1793904370459426,-0.008961312896662799,-0.017968228510815476,0.00821510263649641,0.1304107114262433,0.04167005905339109,0.6614916802358904,0.024281883820845857,0.385462955724726,93.42435303843381,2.03877239703678,4.0610190521161105,0.8410510397844403,163.16972388878776,0.12310598402658372,164.48349685668944,201.8525655386914,127.11442817468748,0.4543807664128243,0.7889208669332664,176.6617747477328,166.1036257441858,10.558149003547015,8.32572676415089,2.2324222393961257,1.155683467733065,2.4649952454380046
2023-11-16 05:00:00+00:00,187.6209157424311,188.9966236513369,186.7103615664657,187.7594757080078,54412900.0,0.009001706964747846,0.6599285794836802,0.00010549666047809936,-0.004878157266388072,0.00871507423243867,0.13834751445899907,0.04159286656942085,0.6602662875418788,0.024285593991519618,0.38552185285827223,93.8623754135186,2.919719354461904,3.97949764514081,0.8603059907845759,165.13764519287687,0.12048302984351661,166.5525016784668,204.28151088942735,128.82349246750624,0.4530584510078056,0.7810433466588388,178.3691133570059,167.70776277854299,10.661350578462901,8.792851527013292,1.868499051449609,1.124173386635355,2.411249292697073
2023-11-17 05:00:00+00:00,188.29390964052357,188.42257785422723,186.63119011836693,187.7396697998047,50922700.0,-0.00010549109609667844,-0.08965544492948666,0.0,-0.008467793212903585,0.008725848251544524,0.13851854671004754,0.04159437632180612,0.660290254117995,0.024285874489337403,0.3855263056230872,93.78318206413053,1.7913877358602974,3.823204080192202,0.8165160967565169,167.0916443843029,0.10998221866225565,168.620516204834,206.22770669859707,131.0133257110709,0.44605711499636563,0.7541954523050783,179.81073742512876,169.19160774308088,10.619129682047884,9.158107158020211,1.4610225240276726,1.0167818092203134,2.2598302533622814
2023-11-18 05:00:00+00:00,188.29390964052357,188.42257785422723,186.63119011836693,187.7396697998047,50922700.0,0.0,-0.08100240494132115,0.0,-0.008467793212903585,0.006225902490940516,0.09883313806779702,0.04159437632180612,0.660290254117995,0.024285874489337403,0.3855263056230872,93.78318206413053,1.7913877358602974,3.6780743413113517,0.8282357464640014,169.10173600585537,0.09927541586615013,170.68853073120118,207.69000686244016,133.6870545999622,0.4335555057241494,0.7304116058522305,181.0305731750789,170.56553826580117,10.465034909277733,9.419492708271717,1.0455422010060165,0.9216464234089223,2.130083004979666
2023-11-19 05:00:00+00:00,188.29390964052357,188.42257785422723,186.63119011836693,187.7396697998047,50922700.0,0.0,-0.08100240494132115,-0.00919288608676061,-0.001473802630721499,0.003930130293211915,0.062388884255520534,0.04159437632180612,0.660290254117995,0.024285874489337403,0.3855263056230872,93.78318206413053,1.7913877358602974,3.543311012350562,0.840296725186468,171.17037055405947,0.08825678272159426,172.75654525756835,208.64391787260018,136.8691726425365,0.4154675883512973,0.7087520407660115,182.06274188657517,171.83769615720882,10.225045729366343,9.580603312490643,0.6444424168756999,0.8350081630640459,2.016211964609654
2023-11-20 05:00:00+00:00,187.9375941014389,189.9368291546864,187.9277023558229,189.48155212402344,46505100.0,0.009235401423754789,0.672935445249726,0.004248816751682538,0.007790702496626611,0.005014563465068094,0.07960372717272304,0.04151155918560774,0.6589755728379422,0.024289519567633908,0.38558416944717866,94.31047425309477,2.1971593548817054,3.4471573225313583,0.7816312923452737,173.31461319403272,0.08532196801622564,174.9116539001465,209.27388160747506,140.54942619281792,0.3929095282232626,0.7120045642554421,183.20409730772107,173.14464845104695,10.059448856674123,9.67637242132734,0.3830764353467835,0.8480182570217687,2.0109331288761685
2023-11-21 05:00:00+00:00,189.44197314241592,189.55084275358135,187.78914548337832,188.6798858642578,38134500.0,-0.004239816015766376,-0.4298674884515669,-0.0035021164849217135,0.0035269005906328754,0.004962287859469598,0.07877387766042954,0.04158456781529944,0.6601345489042972,0.024306920590770373,0.38586040212584166,90.50578656628127,1.7616972702030296,3.3267673187936206,0.6577681522716584,175.41287594166496,0.0703149138649445,177.02667922973632,209.12727658404276,144.92608187542987,0.3626639497953628,0.681510744269034,184.04652631641903,174.29540677795146,9.751119538467577,9.691321844755388,0.05979769371218957,0.7260429770761365,1.8673455232385803
2023-11-22 05:00:00+00:00,189.52114419013287,190.94632571731435,188.8679265514864,189.34298706054688,39617700.0,0.003508263250180174,0.2037305230676508,0.0,0.008008729026425243,0.005027760483997788,0.07981322335353533,0.04154060119275906,0.6594366004089215,0.024301558585818762,0.38577528293605773,90.83513532433992,2.2664398530565393,3.2510296426695433,0.700852641511637,177.66201071368167,0.061692152047490095,179.17485961914062,208.24743859367246,150.10228064460878,0.32451627461943455,0.6748748786668314,184.86136643090023,175.41004235444,9.451324076460224,9.643322291096355,-0.19199821463613098,0.6994995146673256,1.8160414059227117
2023-11-23 05:00:00+00:00,189.52114419013287,190.94632571731435,188.8679265514864,189.34298706054688,39617700.0,0.0,-0.08366004807209018,0.0070537200247333676,0.00477936490739328,0.005027760483997788,0.07981322335353533,0.04154060119275906,0.6594366004089215,0.024301558585818762,0.38577528293605773,90.83513532433992,2.0783991658279604,3.1672703228951447,0.719273966789291,180.0293787369543,0.04918908520553935,181.32304000854492,206.24533708051248,156.40074293657736,0.27489388078639193,0.6608990340826716,185.55084652776893,176.44211233267015,9.108734195098776,9.53640467189684,-0.42767047679806325,0.6435961363306868,1.734547386859028
2023-11-24 05:00:00+00:00,188.90750975669584,188.9372000948196,187.3041710904062,188.0167694091797,24048300.0,-0.007028958912089523,-0.6566169914113269,0.0,0.003168375675224544,0.006413809199166096,0.101816064585671,0.04167239288602807,0.661528728680445,0.024336725820239016,0.38633354547550114,84.07049077478126,2.038815970140689,3.086666440555541,0.4549955802710565,182.393956795102,0.0299059101576242,183.40490951538087,202.25270547007617,164.55711356068556,0.20553207658941833,0.6223448063870283,185.9302192787552,177.29949433833752,8.630724940417679,9.355268725601007,-0.7245437851833287,0.4893792255481132,1.5925129035365717
2023-11-25 05:00:00+00:00,188.90750975669584,188.9372000948196,187.3041710904062,188.0167694091797,24048300.0,0.0,-0.0813060689383468,0.0,0.00010518992991470633,0.004112332244848653,0.06528125057004909,0.04167239288602807,0.661528728680445,0.024336725820239016,0.38633354547550114,84.07049077478126,1.6330290044134017,2.982835195116817,0.47500267393067214,184.9664855970642,0.016223466777461577,185.4867790222168,192.7572377452017,178.2163202992319,0.07839328238174942,0.6739911113836974,186.2512269911282,178.09336656580732,8.157860425320877,9.115787065544982,-0.9579266402241053,0.6959644455347908,1.529080992586076
2023-11-26 05:00:00+00:00,188.90750975669584,188.9372000948196,187.3041710904062,188.0167694091797,24048300.0,0.0,-0.0813060689383468,0.0009483198191935216,-0.006640873339942899,0.0038482176014243826,0.06108856058538237,0.04167239288602807,0.661528728680445,0.024336725820239016,0.38633354547550114,84.07049077478126,1.6330290044134017,2.8864204672094305,0.4944337320985117,185.55463252551573,0.013095304697559325,186.02992782592773,192.22236712316146,179.837488528694,0.06657465677273319,0.6604247928711642,186.52284890159765,178.82843344309416,7.694415458503499,8.831512744136687,-1.1370972856331871,0.6416991714846582,1.4700948678257646
2023-11-27 05:00:00+00:00,187.9673065232965,188.70959528304604,186.957789581504,187.8386383056641,40552600.0,-0.000947870448029835,-0.1585742586994959,-0.0032037065017790356,-0.007582002995426773,0.0030650758736937545,0.04865657106802618,0.007557905413251204,0.11997802893606925,0.02433951478474009,0.3863778189144125,83.03314956757094,1.7518057015420538,2.805376555376047,0.8602734942758357,186.08982917100096,0.009310167228838987,186.4361686706543,191.90805946317707,180.96427787813153,0.05869988459362784,0.6281521953002279,186.7252780406848,179.49585602550673,7.2294220151780735,8.511094598344965,-1.2816725831668911,0.5126087812009107,1.406183191045378
2023-11-28 05:00:00+00:00,187.8287318010173,189.1153685705385,187.4526340263521,188.44235229492188,38415400.0,0.0032088493565228244,0.1805835138839455,0.005439084259074356,-0.004392368352697407,0.003743484650162477,0.05942597652670526,0.007082036154541515,0.11242383864531028,0.024334454524347276,0.3862974897710008,83.76432978547892,1.6627345441864065,2.7237592688625014,0.8244895418727511,186.46841096936927,0.010475040783099986,186.8197151184082,191.65850188533105,181.98092835148535,0.05180167161539648,0.6676698369522871,186.98944331056742,180.1585594528708,6.8308838576966195,8.175052450215295,-1.3441685925186757,0.6706793478091478,1.3845078990537545
2023-11-29 05:00:00+00:00,188.93721085337887,190.1149780056917,187.02706184977396,187.4229431152344,43014200.0,-0.0054243458584014225,-0.5239265403740994,-0.0030535110750953276,-0.00031684298399503596,0.0031071418731169562,0.04932434810677725,0.007221601587636493,0.11463937121085228,0.024358453820249176,0.3866784667825833,77.67711959175978,3.0879161559177533,2.749770475080734,0.9339647601148918,186.8732010482888,0.0029331631325819623,187.17601318359374,190.91752119741622,183.43450516977126,0.03997849884912957,0.532998717459433,187.0561355882085,180.6966619463792,6.3594736418292825,7.811936688538093,-1.4524630467088109,0.131994869837732,1.2850801512384558
2023-11-30 05:00:00+00:00,187.88812439803064,188.36320007044645,186.2550951920731,187.9969940185547,48794400.0,0.0030581825520664186,0.16892317971615414,-0.006745353726571923,-0.01794033052428401,0.0035344366008218083,0.056107441622993845,0.007156706187624493,0.11360918867286943,0.02435355599938552,0.386600716286755,78.6193697757028,2.1081048783733536,2.703937218173064,1.0797960146307022,187.1087414580355,0.0047248232087770715,187.35168838500977,190.88504174645163,183.8183350235679,0.03771893802398822,0.5913163173243433,187.200883039031,181.23742728505886,5.963455753972141,7.442240501624903,-1.478784747652762,0.36526526929737474,1.2682373342196631
2023-12-01 05:00:00+00:00,188.3730649805332,189.59041412612484,187.2843689303936,189.27371215820312,45704800.0,0.006768206449461677,0.4699821776008989,0.0,-0.005615788307074654,0.004661025291255294,0.07399148265146346,0.005455535501228945,0.0866039412296154,0.024350680643017982,0.38655507141947987,80.58245693750206,2.3060451957312296,2.6755163594272187,1.03481539032273,187.41730408431326,0.009808060785209311,187.5911994934082,190.9510893826398,184.2313096041766,0.035821402051962034,0.7503821137394054,187.51977982659596,181.8327076460325,5.687072180563462,7.091206837412615,-1.4041346568491537,1.0015284549576222,1.2857115297820052
2023-12-02 05:00:00+00:00,188.3730649805332,189.59041412612484,187.2843689303936,189.27371215820312,45704800.0,0.0,-0.08337859644398478,0.0,-0.015596975932275936,0.004563337712696364,0.07244074041718138,0.005455535501228945,0.0866039412296154,0.024350680643017982,0.38655507141947987,80.58245693750206,2.3060451957312296,2.649125562020362,1.0593135928456328,187.74047652366536,0.00810062642643272,187.83071060180663,190.9307195801304,184.73070162348287,0.0330085423027084,0.7327415124418056,187.78961556992016,182.38389316545255,5.40572240446761,6.754109950823615,-1.3483875463560047,0.9309660497672226,1.2411834763632583
2023-12-03 05:00:00+00:00,188.3730649805332,189.59041412612484,187.2843689303936,189.27371215820312,45704800.0,0.0,-0.08337859644398478,0.009554854733636597,-0.022840153742908487,0.004491910236443539,0.07130686438352969,0.005455535501228945,0.0866039412296154,0.024350680643017982,0.38655507141947987,80.58245693750206,2.3060451957312296,2.6246198215711383,1.0567696211335427,188.06563263706917,0.006382711615674281,188.1493995666504,190.27127538282508,186.02752375047572,0.02255522282889903,0.7649336457351297,188.0179381219637,182.8942501278785,5.123687994085202,6.428025559475933,-1.304337565390731,1.0597345829405116,1.1988511198503016
2023-12-04 05:00:00+00:00,188.0266937107449,188.0959812462982,185.5227074160739,187.4823455810547,43389500.0,-0.009509495812189656,-0.8565311689220491,-0.02062875369331374,-0.032088408395690604,0.006032651270537289,0.095765370049317,0.005538510430424857,0.08792112739584886,0.024405786065681324,0.3874298428850297,69.41363523787382,3.7510047421292256,2.7050758873252874,1.0230092497464551,188.21668928142108,-0.00391686853549053,188.2478759765625,190.00620287227616,186.48954908084886,0.01868097460958942,0.282312834611701,187.93553926951617,183.234109050336,4.701430219180168,6.082706491416781,-1.3812762722366134,-0.8707486615531909,1.0735684022832894
2023-12-05 05:00:00+00:00,188.25434777036745,192.4012552746417,188.22464232394304,191.43133544921875,66628400.0,0.020844498622848383,1.6064782297113942,0.005719681953970213,-0.011701032418087065,0.011238182847766958,0.17840062202077817,0.0064380892122219684,0.10220149784392242,0.024492809308604407,0.3888112940393707,76.9861793669836,4.918909693587011,2.863206873486839,1.547500678775227,188.59908747841956,0.014795111595251351,188.51559753417968,190.49833559446975,186.5328594738896,0.021035268022642904,1.235280664005739,188.47335406639348,183.8413110058088,4.632043060584692,5.792573805250364,-1.1605307446656719,2.941122656022969,1.2248559340914036
2023-12-06 05:00:00+00:00,192.45072587794945,192.7575361433548,190.1347886146608,190.34263610839844,41089700.0,-0.005703386679474744,-0.5475427205783503,-0.01003755641716031,-0.004451768688394031,0.011737857907277932,0.18633271768362278,0.006613596399789635,0.1049875880735729,0.02451933191092071,0.38923232729847795,71.7147424203092,2.622747528693992,2.846031206001636,0.9693406335981248,188.73748032568028,0.008432980731673985,188.6447555541992,190.75269305340478,186.53681805499363,0.022348222647514293,0.902735032428408,188.76093591900963,184.32289064303765,4.438045275971973,5.521668099394686,-1.0836228234227132,1.61094012971363,1.1324040427703483
2023-12-07 05:00:00+00:00,191.63916388460837,192.99507315570867,191.5995666945876,192.2725830078125,47477700.0,0.01008827234799058,0.7302629653340846,-0.007357939414593062,-0.0022597425117673042,0.012347089872347302,0.19600397530557123,0.0066825666151055,0.10608245629915106,0.024524609970285282,0.3893161138933801,74.9847128465808,2.6524370473102294,2.8322030518093926,1.1246088076200438,188.99643920047393,0.017039058591132843,188.87140121459962,191.48395145407474,186.2588509751245,0.027664857915748638,1.150931366184215,189.301189317287,184.9117567441321,4.389432573154892,5.295220994146728,-0.9057884209918363,2.603725464736864,1.1855350647276397
2023-12-08 05:00:00+00:00,192.203315195023,193.97491963358075,191.678765637706,193.6977996826172,53406400.0,0.007385142572408236,0.5084466561862859,0.0,-0.011365784283741354,0.012318657910449275,0.19555263190276417,0.006811925209003392,0.10813596031556796,0.02452123507868548,0.38926253915013087,77.0909665042175,2.2961539958747608,2.7939138335283475,1.2613321779592557,189.3685122001977,0.022350731342912652,189.16930770874023,192.49889057094254,185.83972484653793,0.0352021467174663,1.1800389360007777,189.9775909119532,185.56257473957544,4.4150161723777614,5.119180029792935,-0.7041638574151738,2.7201557440031134,1.21267775105055
2023-12-09 05:00:00+00:00,192.203315195023,193.97491963358075,191.678765637706,193.6977996826172,53406400.0,0.0,-0.09008119224226793,0.0,-0.012114462365624856,0.010131557626125656,0.16083349123469043,0.006811925209003392,0.10813596031556796,0.02452123507868548,0.38926253915013087,77.0909665042175,2.2961539958747608,2.758359559410234,1.257643566711291,189.73840903621803,0.02044107188045916,189.46721420288085,193.28813966515108,185.64628874061063,0.04033336826474675,1.0536074337894448,190.5499307228246,186.16518399461557,4.384746728209024,4.972293369476153,-0.5875466412671297,2.2144297351577804,1.1723558011767707
2023-12-10 05:00:00+00:00,192.203315195023,193.97491963358075,191.678765637706,193.6977996826172,53406400.0,0.0,-0.09008119224226793,0.01309672822415453,-0.009414178271719753,0.006346957468724838,0.10075482626489962,0.006811925209003392,0.10813596031556796,0.02452123507868548,0.38926253915013087,77.0909665042175,2.2961539958747608,2.7253448763005577,1.2475065997220542,189.99932852878328,0.0190940277065306,189.67802658081055,193.94185979186852,185.41419336975258,0.044958641629913886,0.9713801997908381,191.0342182551004,186.72315552706016,4.311062728040241,4.840047241188971,-0.5289845131487301,1.8855207991633491,1.133857505526504
2023-12-11 05:00:00+00:00,191.12451418849048,191.5006120000344,189.4518877342921,191.19378662109372,60943700.0,-0.013011707602488752,-1.1374920717676094,-0.007857829185510257,-0.022219898523740622,0.008967116845404561,0.14234856690119096,0.007261841360145353,0.11527815779608584,0.024613908071222688,0.3907336772991644,65.06868354843581,4.2459119483251015,2.8339568100165966,1.3866290793321423,190.13938342168464,0.00551484029917085,189.80372161865233,194.09180936826,185.51563386904468,0.04518444330847365,0.6620844865603059,191.05876723448398,187.05431338587746,4.004453848606516,4.672928562672481,-0.6684747140659644,0.6483379462412219,0.9795120233718367
2023-12-12 05:00:00+00:00,191.09480795445688,192.71794533501543,189.748790485074,192.7080535888672,52696900.0,0.007888864612898694,0.5491762316447768,-0.016417451647831593,-0.014475817842154681,0.008441792619870814,0.13400930335055156,0.007353736292947889,0.11673694462974084,0.024612059238110884,0.39070432798338744,68.28930551266284,2.969154849941418,2.84361381286837,1.1814141193121344,190.3264841842456,0.012358432147846522,189.97197494506835,194.44406954033403,185.49988034980268,0.047081624503391185,0.8059057210792622,191.31250359669679,187.4731089564693,3.839394640227482,4.506221778183481,-0.6668271379559991,1.223622884317045,1.0192667402710491
2023-12-13 05:00:00+00:00,193.08413511536145,195.96421892707963,192.8466123940007,195.9246368408203,70404200.0,0.016553711424414728,1.2400777831500018,-0.0007572852223621807,0.010567098486028437,0.010947957924896926,0.17379344419965612,0.008089859756490736,0.1284225423423842,0.024653039815899468,0.39135487448786144,73.81255810379024,3.2561653382124405,2.8730817789643748,1.52574122978676,190.79577045437063,0.026177751145286813,190.30105743408203,195.48952430068096,185.1125905674831,0.054529038740587676,1.041930742869384,192.02206255733117,188.09914805901383,3.92291449831734,4.389560322210253,-0.46664582389291276,2.1677229714775326,1.1385736333222791
2023-12-14 05:00:00+00:00,195.98404908233329,197.5675895200596,194.14317218582164,196.0731201171875,66831600.0,0.0007575721076612314,-0.032401540716723236,0.0027333977379315755,0.005941072136065539,0.010913596800125878,0.17324797825418017,0.008083928037753848,0.1283283792266343,0.02465093096786586,0.39132139756316286,74.03736280284545,3.4244173342379725,2.912462890055346,1.384152014899523,191.23020936644093,0.024699513874477514,190.70387496948243,196.3741927276442,185.03355721132064,0.05946725266142793,0.973451874895075,192.64530218192445,188.6898126559156,3.955489526008847,4.302746162969972,-0.3472566369611245,1.8938074995803036,1.1094595544136907
2023-12-15 05:00:00+00:00,195.49903806818725,196.3600880838065,194.97448862167192,195.53863525390625,128538400.0,-0.002729668799902946,-0.312343721161776,0.0,0.01406343338767857,0.011132109146697228,0.1767167542187299,0.0079052552064261,0.12549203596021222,0.02466161371479061,0.3914909809132545,71.65291019974578,1.3855994621345644,2.803401216632433,2.402230846904375,191.81991255456424,0.01901784112645187,191.07996826171876,196.99248556244916,185.16745096098836,0.06188526567716541,0.8770531877882783,193.09043034684473,189.19713284835936,3.893297498485367,4.220856430073051,-0.3275589315876841,1.5082127511531127,1.049171227221121
2023-12-16 05:00:00+00:00,195.49903806818725,196.3600880838065,194.97448862167192,195.53863525390625,128538400.0,0.0,-0.09252920122017738,0.0,0.014844738057093299,0.007799039454629262,0.12380591317277904,0.0079052552064261,0.12549203596021222,0.02466161371479061,0.3914909809132545,71.65291019974578,1.3855994621345644,2.7021296627397278,2.188541987063877,192.30470242673644,0.016538587491779097,191.45606155395507,197.50354802263377,185.40857508527637,0.06317362239246137,0.8375430206496333,193.46707725562342,189.66687376728876,3.8002034883346596,4.136725841725373,-0.33652235339071357,1.3501720825985353,1.01649312827704
2023-12-17 05:00:00+00:00,195.49903806818725,196.3600880838065,194.97448862167192,195.53863525390625,128538400.0,0.0,-0.09252920122017738,0.00857612629392146,0.020506049101723045,0.007738308464043739,0.12284183858499566,0.0079052552064261,0.12549203596021222,0.02466161371479061,0.3914909809132545,71.65291019974578,1.3855994621345644,2.6080917912679302,2.036034972907837,192.77736103315667,0.014121374106779865,191.8410614013672,197.89928068472895,185.78284211800545,0.06315873399685618,0.8051700243579859,193.7857784861285,190.10181906259376,3.6839594235347306,4.046172558087244,-0.3622131345525137,1.2206800974319425,0.9850610090986379
2023-12-18 05:00:00+00:00,194.07387143964067,194.6083278162061,192.39135323196817,193.8759307861328,55751900.0,-0.00853956023749552,-0.7765483381796394,-0.005331472463857567,0.01182848026716532,0.0038356912683239182,0.06088971121204206,0.008208239967143724,0.1303017699276197,0.024710702356593797,0.39227023894370944,63.68395339728434,3.147282021938082,2.646605379172941,0.8711431743375436,192.9553169756692,0.004748468810597993,192.11274032592775,198.01453095994583,186.21094969190966,0.06144090833336129,0.6493775846640499,193.79964807074455,190.38138289396704,3.41826517677751,3.9205910818252976,-0.5023259050477877,0.5975103386561987,0.8727451742983823
2023-12-19 05:00:00+00:00,194.14313632648785,194.92500710230044,193.87590816937887,194.9151153564453,40714100.0,0.00534573548101716,0.33849689091293717,0.010829858973171014,0.017251930925701542,0.005048131175432286,0.08013659805495603,0.008243569125931974,0.13086260293671662,0.02470431573238842,0.39216885442752153,66.21312324489526,1.0490989329215665,2.5324977758692717,0.6373174813639412,193.20402113177255,0.008778663581547535,192.4873489379883,198.07870233702968,186.8959955389469,0.05809580141126787,0.717100069088215,193.97125842239083,190.7172149282247,3.254043494166126,3.787281564293463,-0.5332380701273371,0.8684002763528584,0.8970192570634443
2023-12-20 05:00:00+00:00,194.87553713507947,195.6475162401682,192.8268280029297,192.8268280029297,52242800.0,-0.010771636037406128,-0.952427039469063,0.0007704692267667124,0.006353266967256355,0.006680611887545579,0.10605142596112443,0.008548598103942545,0.13570478784762158,0.024773460485274047,0.39326649335112385,57.54076318419607,2.8206882372384996,2.553082808824217,0.8155805630279709,193.38696126746615,-0.002904851313158304,192.72884063720704,197.9054265853685,187.55225468904558,0.05371885111793798,0.5094644778145185,193.7951922040122,190.87348256338802,2.9217096406241865,3.6141671795596078,-0.6924575389354213,0.03785791125807402,0.7626029397120855
2023-12-21 05:00:00+00:00,194.08378869377225,195.0537085192927,191.5105147545003,192.67837524414065,46482500.0,-0.0007701725677200458,-0.14935701222925907,0.005578499678156046,0.008443379444154742,0.006608602489855705,0.1049083122110427,0.00855124892360488,0.1357468683052037,0.024775843879888338,0.3933043285676771,56.969523316206384,3.54319376479242,2.6238050199648026,0.7252142722855268,193.50792135869017,-0.004305341030089165,192.8990737915039,197.8145915890802,187.98355599392758,0.050964659404111816,0.47755083427100387,193.6233742101858,191.00717831751786,2.616195892667946,3.414572922181276,-0.7983770295133299,-0.08979666291598466,0.7288900171142815
2023-12-22 05:00:00+00:00,193.17322354105164,193.4008696387368,190.985954407966,191.60948181152344,37149600.0,-0.005562997474795521,-0.5320020260412016,0.0,0.002329876845148071,0.006454888529775816,0.10246817874258092,0.008571057674554924,0.13606132247798347,0.024801541694816322,0.3937122687329004,52.89751216394637,2.414915230770788,2.6088843207366588,0.5834976908792282,193.6045155448427,-0.010411978125809499,193.01586227416993,197.6729001128288,188.35882443551105,0.04825549344792997,0.3490048275996507,193.3135446103916,191.0517933911479,2.261751219243706,3.184008581593762,-0.9222573623500558,-0.6039806896013986,0.6461850244358999
2023-12-23 05:00:00+00:00,193.17322354105164,193.4008696387368,190.985954407966,191.60948181152344,37149600.0,0.0,-0.0857176522091945,0.0,0.00010345635002173559,0.006092823425432525,0.09672057339553893,0.008571057674554924,0.13606132247798347,0.024801541694816322,0.3937122687329004,52.89751216394637,2.414915230770788,2.5950293857390965,0.5874445538875886,193.70241648516446,-0.010922918082413788,193.13265075683594,197.50287137796667,188.76243013570522,0.0452561553316333,0.325733174894222,193.05138110287345,191.09310364450906,1.9582774583643925,2.9388623569478884,-0.980584898583496,-0.69706730042311,0.6211304982208425
2023-12-24 05:00:00+00:00,193.17322354105164,193.4008696387368,190.985954407966,191.60948181152344,37149600.0,0.0,-0.0857176522091945,0.0,0.0055576931777643335,0.0047184046934491105,0.07490235242295781,0.008571057674554924,0.13606132247798347,0.024801541694816322,0.3937122687329004,52.89751216394637,2.414915230770788,2.582164088955646,0.5903571158702335,193.85507993463517,-0.011719660748942554,193.33900756835936,196.90084821317993,189.7771669235388,0.03684554596217418,0.25721460765645016,192.82955044266578,191.13135387910273,1.6981965635630445,2.69072919827092,-0.9925326347078753,-0.9711415693741977,0.5963057141714693
2023-12-25 05:00:00+00:00,193.17322354105164,193.4008696387368,190.985954407966,191.60948181152344,37149600.0,0.0,-0.0857176522091945,0.0028489866946395104,,0.0024247833991496138,0.038492243144086474,0.008256560165429238,0.13106882929540847,0.024801541694816322,0.3937122687329004,52.89751216394637,2.414915230770788,2.570217741942442,0.6045166422457213,193.91859729200638,-0.01205115456005619,193.3479148864746,196.8905076427181,189.8053221302311,0.03664474745769613,0.2546383123085017,192.6418475763362,191.16677076298575,1.475076813350455,2.447598721286827,-0.9725219079363718,-0.9814467507659906,0.5716757692858663
2023-12-26 05:00:00+00:00,191.6193796571302,191.8964996004414,190.84740051477695,191.0651397705078,28919300.0,-0.002844936023760961,-0.3129865969077449,-0.0005176351139393187,,0.0024950918189840317,0.03960835470782122,0.006926108497616426,0.10994856382886557,0.024812036775322628,0.3938788729709561,50.428524952642746,1.0490990856644373,2.461566409351156,0.47529557748290224,193.97153123109706,-0.015211521390454445,193.38404006958007,196.81042645645692,189.9576536827032,0.03543608237416112,0.161611383358033,192.39927714467032,191.1592425413207,1.2400346033496135,2.206085897699384,-0.9660512943497706,-1.3535544665678645,0.513859174275177
2023-12-27 05:00:00+00:00,190.5108903848591,191.5105004803971,189.12527563548676,191.16409301757807,48087700.0,0.0005177691332457124,-0.043432022556022506,-0.002221245267210792,,0.0013489444676646814,0.021413829563262942,0.006806065443288086,0.10804293941862515,0.02481069919050625,0.3938576394702666,50.8773819031042,2.38522484491034,2.456113440462526,0.7899368176376736,193.92689816516557,-0.014452531874453285,193.32861557006837,196.86480376622262,189.7924273739141,0.03658214988740382,0.193946923576593,192.20924881742536,191.15960183585827,1.0496469815670935,1.974798114472926,-0.9251511329058326,-1.2242123056936263,0.4951077613406923
2023-12-28 05:00:00+00:00,192.14390044821917,192.65855816674448,191.18387253758047,191.58966064453125,34049900.0,0.002223715891732727,0.0926939765257936,0.0054536726106799716,,0.001823767926570539,0.028951418296809323,0.0064416706710995275,0.10225835174104739,0.024806155564222287,0.3937855116390798,52.85453042987547,1.494465149166416,2.3874242767985185,0.5683741030971889,193.8706887402638,-0.011905799551285241,193.22320861816405,196.8378697835423,189.6085474527858,0.03741435815323107,0.2740385752779311,192.11392756005702,191.1914580439081,0.922469516148908,1.7643323948081227,-0.8418628786592146,-0.9038456988882759,0.4988721122021826
2023-12-29 05:00:00+00:00,191.9063700376295,192.40122918172025,189.758683164504,190.5504608154297,42672100.0,-0.005438855186714411,-0.51991461254348,,,0.0030308568257619004,0.04811336052245167,0.006295896843144091,0.09994426396245537,0.02483071597403209,0.39417539605780727,47.79557717080881,2.6425460172162616,2.405647258256929,0.7187384176085784,193.7591459972124,-0.016839031341365853,193.0658416748047,196.86294555480424,189.26873779480513,0.039334807722179066,0.16877639658158425,191.87339421472973,191.14397676772452,0.7294174470052042,1.557349405247539,-0.8279319582423348,-1.3248944136736651,0.40028204350823005
