datetime,open,high,low,close,volume,returns,returns_norm,returns_fwd_1,returns_fwd_5,vol_5d,vol_5d_annual,vol_21d,vol_21d_annual,vol_63d,vol_63d_annual,rsi_14,tr,atr_14,vol_ratio_20,vwap_20d,vwap_dev,bb_middle,bb_upper,bb_lower,bb_width,bb_pct,ema_12,ema_26,macd_line,macd_signal,macd_histogram,z_price_20d,z_price_60d
2020-01-02 00:00:00-05:00,66.86783552352698,67.8730239868164,66.77262179859589,67.8730239868164,27278000.0,,,0.005258814013650692,-0.01894487522449706,,,,,,,,1.1004021882205137,,,,,,,,,,,,,,,,
2020-01-03 00:00:00-05:00,66.84750602902096,68.12445054033702,66.81378055903824,67.51795959472656,23408000.0,-0.0052450347385542195,,0.0,-0.030974345722297847,,,,,,,,1.310669981298787,,,,,,,,,,,,,,,,
2020-01-04 00:00:00-05:00,66.84750602902096,68.12445054033702,66.81378055903824,67.51795959472656,23408000.0,0.0,,0.0,-0.041041291604169805,0.0037087996311906987,0.05887536892019197,,,,,,1.310669981298787,,,,,,,,,,,,,,,,
2020-01-05 00:00:00-05:00,66.84750602902096,68.12445054033702,66.81378055903824,67.51795959472656,23408000.0,0.0,,-0.025962193344278184,-0.047195083152411166,0.003028222218213217,0.04807153742419525,,,,,,1.310669981298787,,,,,,,,,,,,,,,,
2020-01-06 00:00:00-05:00,67.02751808217074,69.34288486446046,66.9962821053439,69.31759643554688,46768000.0,0.026305160224620573,,0.0019353673327198173,-0.021798835387133897,0.014243005563894457,0.2261007038650441,,,,,,2.346602759116564,,,,,,,,,,,,,,,,
2020-01-07 00:00:00-05:00,69.44900962487809,69.59976407326137,69.00765768436452,69.18370056152344,34330000.0,-0.0019334969222621627,,-0.007067436510343694,-0.023688357047458197,0.012747986803378523,0.20236801679083696,,,,,,0.5921063888968519,,,,,,,,,,,,,,,,
2020-01-08 00:00:00-05:00,69.16931937572167,70.01384094895226,69.06071987013958,69.67613220214844,35314000.0,0.0070925291366803365,,-0.010388729996395951,-0.02429802500422007,0.011704750672033177,0.18580715661729558,,,,,,0.9531210788126856,,,,,,,,,,,,,,,,
2020-01-09 00:00:00-05:00,70.51369507317621,70.84842998736566,69.93250016192401,70.40757751464844,33200000.0,0.010443069525291185,,-0.006417160086627294,-0.007549366516318878,0.011222943178893491,0.17815869977736515,,,,,,1.172297785217225,,,,,,,,,,,,,,,,
2020-01-10 00:00:00-05:00,70.88760830833094,71.15886487459247,70.39815395293984,70.86231231689453,26258000.0,0.006437838570647839,,0.0,-0.007115409304935372,0.010356852221722366,0.16440993206474502,,,,,,0.7607109216526311,,,,,,,,,,,,,,,,
2020-01-11 00:00:00-05:00,70.88760830833094,71.15886487459247,70.39815395293984,70.86231231689453,26258000.0,0.0,,0.0,-0.014619243392435921,0.005181555092296655,0.08225463707278369,,,,,,0.7607109216526311,,0.8763474952441345,69.18273548367735,0.02370197610411239,69.07365341186524,71.84770899971674,66.29959782401373,0.0803216697200206,0.8223906025644212,,,,,,1.2895624102576833,
2020-01-12 00:00:00-05:00,70.88760830833094,71.15886487459247,70.39815395293984,70.86231231689453,26258000.0,0.0,,-0.00768748357375304,-0.03417336508365654,0.004633095552035862,0.07354811178651843,0.009056956339134148,0.14377472465111357,,,,0.7607109216526311,,0.8863106343283582,69.31806519353661,0.021792220333596853,69.23625876686789,72.08041558901485,66.39210194472093,0.08215801583744703,0.7858586308189554,,,,,,1.1434345232758238,
2020-01-13 00:00:00-05:00,71.17423856104631,71.48318564833806,70.68429232295442,71.41128540039062,30730000.0,0.00771718459090482,,0.006598692005225226,-0.026691068661807038,0.0047181874649004025,0.07489890402665254,0.008653378727816796,0.13736812868555837,,,,0.798893325383645,,1.0340476364064628,69.49843931081791,0.026786327663025748,69.41751098632812,72.40594825044124,66.42907372221501,0.08610038653508316,0.833581440374355,69.84085583709155,,,,,1.3343257614974193,
2020-01-14 00:00:00-05:00,71.4097937019993,71.54021599791382,70.80330278532237,70.94315338134766,26076000.0,-0.006577015940666434,,-0.005982707808659837,-0.033071531814447774,0.005761349743498467,0.09145859182417627,0.00886120197587121,0.14066722047161637,,,,0.7369132125914462,,0.8857938718662952,69.59687922391593,0.018976801752735223,69.53486809363731,72.51860860198406,66.55112758529057,0.0858199803968497,0.7359932580884283,70.01044007466942,,,,,0.9439730323537121,
2020-01-15 00:00:00-05:00,71.06367483770075,71.44849487036305,70.99623144948461,71.3701400756836,21550000.0,0.006000675906116895,,-0.00755760957297924,-0.027251863945012333,0.005670578802655977,0.09001764780973277,0.00850819489784721,0.13506340683463391,,,,0.5053414890153931,1.003628550270609,0.7463314235956502,69.69141067362352,0.023521453093406895,69.66595894949776,72.69584892651362,66.63606897248191,0.08698337100942752,0.7812282193600114,70.21962469021005,,,,,1.1249128774400436,
2020-01-16 00:00:00-05:00,71.68006159560105,71.94041435124791,71.40979626083083,71.91363525390625,26080000.0,0.0075863130152651745,,-0.019844229309430417,-0.021649610159214183,0.006184547258325487,0.09817664410233347,0.008234700287709236,0.13072181449458403,,,57.73429688895277,0.5702742755643158,0.9726746735058739,0.9090824587984867,69.82608969931991,0.029028508254600426,69.81580403645833,72.95773263684626,66.6738754360704,0.09000622835331637,0.8338445083043745,70.48024170000947,,,,,1.335378033217495,
2020-01-17 00:00:00-05:00,72.52755882003636,73.42067465653932,72.23051437982828,73.36959838867188,52424000.0,0.020043770264427472,,0.0,-0.0029315783607526402,0.009438241031661158,0.14982743150196676,0.008935816001758941,0.141851681412514,,,66.97258843402662,1.507039402633069,1.010843582729245,1.737519368283245,70.21089688553423,0.043051912134022895,70.03791618347168,73.55515438255102,66.52067798439234,0.10043811668712613,0.9736219181959699,70.92475811364984,,,,,1.8944876727838833,
2020-01-18 00:00:00-05:00,72.52755882003636,73.42067465653932,72.23051437982828,73.36959838867188,52424000.0,0.0,,0.0,-0.003482273358199506,0.00990188260986182,0.15718751338229747,0.008729832078749769,0.13858178800635554,,,66.97258843402662,1.1901602767110404,1.023651918013659,1.6652739679953361,70.52031473176028,0.038834663395833975,70.23389748965992,74.0034556847623,66.46433929455755,0.1073429876408993,0.9159241927987782,71.30088738673015,,,,,1.6636967711951107,
2020-01-19 00:00:00-05:00,72.52755882003636,73.42067465653932,72.23051437982828,73.36959838867188,52424000.0,0.0,,0.0,0.009105316336630809,0.008202246494500728,0.13020662649900147,0.008534647184954601,0.13548332387440412,,,66.97258843402662,1.1901602767110404,1.035545372206329,1.6059197135446803,70.77452144254444,0.035369921644931746,70.40810309516058,74.35255979820563,66.46364639211554,0.11204553253519384,0.8753996451811819,71.61915061779811,,,,,1.5015985807247294,
2020-01-20 00:00:00-05:00,72.52755882003636,73.42067465653932,72.23051437982828,73.36959838867188,52424000.0,0.0,,-0.001841932582319683,0.009105316336630809,0.00875529227339354,0.13898595606650785,0.008349920325520833,0.13255087589118972,,,66.97258843402662,1.1901602767110404,1.0465892939566657,1.5562888659729384,70.98708404031292,0.03247277347407163,70.5639712685033,74.63100652259371,66.49693601441288,0.11527228927110461,0.8449228916010534,71.88845027485561,,,,,1.3796915664042153,
2020-01-21 00:00:00-05:00,73.34381561207009,73.88336264250772,72.90791936171401,73.50498962402344,48930000.0,0.0018436310260717536,,-0.0010916565361756003,0.010967450222861164,0.00879403256082174,0.13960093906403293,0.00813462590319563,0.12913318289039893,,,67.85149607194666,0.9754432807937121,1.0415074358735976,1.420422381885478,71.16590851264176,0.03182207253338892,70.7110221862793,74.88236806097692,66.53967631158167,0.11798290409969567,0.8348999965085222,72.13714863626605,,,,,1.3395999860340881,
2020-01-22 00:00:00-05:00,73.8759245867756,74.41397338110437,73.52532192544703,73.58531951904297,28458000.0,0.0010922528271748587,,-0.0005523141496563966,0.036417517124036625,0.0008467745861229757,0.013442129828466235,0.00794801255885453,0.1261707878876832,,,68.3889958921635,0.9089837570809323,1.0320414588169786,0.8247141842841204,71.39582882115702,0.029754449830435688,70.99663696289062,75.13188813695358,66.86138578882766,0.11649146638380692,0.8130018525100765,72.35994415669326,,,,,1.252007410040305,
2020-01-23 00:00:00-05:00,73.7678173234847,74.06287927041319,73.40927702930324,73.62598419189453,26650000.0,0.0005524667313009916,,0.012631576296439517,0.02357119810472419,0.0007847759437918354,0.0124579318930752,0.007784064351814445,0.12356819078534527,,,68.67451822398624,0.6536022411099509,1.0050100861236195,0.7687071297946845,71.61246116783735,0.027347994680916563,71.30203819274902,75.2536749806,67.35040140489805,0.1108421831412059,0.7940485327865044,72.55471954672423,,,,,1.1761941311460178,
2020-01-24 00:00:00-05:00,74.02914675123824,74.097581382054,72.559292859008,72.70757293701172,29786000.0,-0.012552463453258916,,0.0,0.006501011314193006,0.006042142033542685,0.09591603124130418,0.00835453767890648,0.13262417410383207,,,56.304986771355075,1.5382885230460062,1.0431014030466472,0.8513326187924258,71.79604543647616,0.012536899028732996,71.56151885986328,75.12988811556446,67.99314960416211,0.09972871768384342,0.6605851293721058,72.5782354529223,,,,,0.6423405174884237,
2020-01-25 00:00:00-05:00,74.02914675123824,74.097581382054,72.559292859008,72.70757293701172,29786000.0,0.0,,0.0,0.008196712639942483,0.006042142033542685,0.09591603124130418,0.00835453767890648,0.13262417410383207,,,56.304986771355075,1.5382885230460062,1.07847191161803,0.843643078875218,71.97631330790263,0.010057544208532408,71.82099952697754,74.86798060490274,68.77401844905235,0.08484930864212445,0.6454839047832018,72.5981335273976,,,,,0.5819356191328064,
2020-01-26 00:00:00-05:00,74.02914675123824,74.097581382054,72.559292859008,72.70757293701172,29786000.0,0.0,,0.024054834741750852,0.023304241419184635,0.005815212788416067,0.0923136411544283,0.00835453767890648,0.13262417410383207,,,56.304986771355075,1.5382885230460062,1.1113159552914569,0.8644322103008651,72.18834990101784,0.007141251110715659,71.99049835205078,74.8205563154904,69.16044038861115,0.07862309688703549,0.6266890279677194,72.61497035964592,,,,,0.5067561118708773,
2020-01-27 00:00:00-05:00,70.99026646132236,71.24019965615449,70.3931962623692,70.99968719482422,34132000.0,-0.023770074736081018,,-0.012940394825072477,-0.0007329620417793059,0.010804934159572996,0.171523012311941,0.008668257071538194,0.1376043150700025,,,39.697701239131455,2.314376674642517,1.1972488638165326,0.9908440114493402,72.2791813953208,-0.01802112447320556,72.08129768371582,74.63524348138459,69.52735188604704,0.07086292505096635,0.2882471723012121,72.36646525736566,71.4463651292357,0.9201001281299597,,,-0.8470113107951524,
2020-01-28 00:00:00-05:00,71.49608309873746,72.14373017574707,70.93174708981847,71.93049621582031,29724000.0,0.013024851123919571,,-0.004256169460159609,0.012367472763845644,0.013997063031087054,0.22219648719331372,0.009010743019495922,0.14304111094498467,,,48.596492154257874,1.211983085928594,1.1983013082531084,0.8699393290193427,72.39853283473063,-0.006506789797557086,72.19401588439942,74.48662864975925,69.90140311903959,0.06351254289637738,0.4425285262821637,72.29939309712792,71.48222669120494,0.8171664059229755,,,-0.22988589487134514,
2020-01-29 00:00:00-05:00,72.32522928653594,72.60690544755049,71.67709035915647,72.23795318603516,21566000.0,0.004265252731854312,,0.001684748755031551,-0.017469121748711514,0.013642374940821439,0.21656598831427823,0.008949473118516658,0.14206848141991654,,,51.160261259489566,0.9298150883940224,1.1791237211203167,0.6421089614186779,72.49178044226433,-0.003513765894992738,72.28553466796875,74.41845472317934,70.15261461275816,0.05901374500466225,0.48884592935929494,72.28994080311365,71.53820643156274,0.7517343715509099,,,-0.04461628256282022,
2020-01-30 00:00:00-05:00,71.31557167668379,72.16604067283447,71.16184346943253,72.116455078125,27110000.0,-0.0016833311578211053,,0.01498470347089631,0.00611591988026805,0.013623153860060144,0.2162608631165326,0.00874738702832129,0.1388604641914227,,,50.09693350257885,1.0761097166026303,1.1717655779404819,0.806154248739176,72.5402679045201,-0.005876783959166921,72.34824180603027,74.37614116837001,70.32034244369054,0.05605939582544801,0.4428505348416689,72.26325069157694,71.58103966464144,0.6822110269355051,,,-0.22859786063332502,
2020-01-31 00:00:00-05:00,72.79138548923828,72.88114352752272,70.7681067350012,71.05176544189453,43822000.0,-0.014873541908166614,,0.0,-0.009176575453799019,0.014754424738916697,0.2342192315819561,0.009319760132865977,0.14794660554202596,,,41.882064004704944,2.1130367925215268,1.2389992361248423,1.2699452285043615,72.50959384259454,-0.02051783501273037,72.35771446228027,74.35796997515308,70.35745894940746,0.05528796833171218,0.1735544504236596,72.07686834547195,71.54183416666018,0.5350341788117703,,,-1.3057821983053635,-0.10936212231555803
2020-02-01 00:00:00-05:00,72.79138548923828,72.88114352752272,70.7681067350012,71.05176544189453,43822000.0,0.0,-0.16138673168634363,0.0,-0.029262032937285687,0.010146273390628718,0.1610670967540542,0.009319760132865977,0.14794660554202596,,,41.882064004704944,2.1130367925215268,1.301430490153177,1.2384273651130981,72.48044233592842,-0.020107549547129032,72.36718711853027,74.33921977000487,70.39515446705566,0.054500740736118776,0.16648075637791357,71.91916020646003,71.5055327796405,0.4136274268195308,,,-1.334076974488344,-0.10762210198872536
2020-02-02 00:00:00-05:00,72.79138548923828,72.88114352752272,70.7681067350012,71.05176544189453,43822000.0,0.0,-0.15878166923051945,-0.03360283034120126,-0.03132274846097394,0.007280649824359331,0.1155767329092053,0.009319760132865977,0.14794660554202596,0.00929863508626982,0.1476112558236575,41.882064004704944,2.1130367925215268,1.3594023688937735,1.2159334957463692,72.43916535017756,-0.01952660711038394,72.34921112060547,74.36402254238759,70.33439969882336,0.055696845634527814,0.17802304853837278,71.78571485806535,71.47192038425192,0.31379447381343084,,,-1.287907805846508,-0.10596250171564614
2020-02-03 00:00:00-05:00,72.48340978528061,73.70581223384661,72.23347662108607,73.52232360839844,71636000.0,0.03418038055297934,2.9277598902903983,0.025729567112851237,0.0023593631602132348,0.018236204814863197,0.28949077678660023,0.011844461282508862,0.18802499380230964,0.01082121867821971,0.17178152103129862,60.604496922335635,2.6540467919520836,1.4518769705407957,1.8695227805354169,72.59131804825145,0.012662896307600336,72.47816963195801,74.44361039678813,70.51272886712789,0.05423538631868244,0.7656284521835174,72.05288543503967,71.62380210455906,0.42908333048060854,,,1.0625138087340682,1.171057768959017
2020-02-04 00:00:00-05:00,72.12835848746417,72.76558597572388,70.51866160482743,71.6780776977539,95880000.0,-0.025404132193278132,-2.3113699711134204,-0.00044259326030471335,-0.022783981959707877,0.022513635859245366,0.3573928895485753,0.013121159383425687,0.2082919478483158,0.011706066213573663,0.18582804019182858,48.13790564039974,3.0036620035710087,1.5627187586143825,2.2809943308203064,72.51846671077602,-0.011724491504442967,72.49356651306152,74.42702395488692,70.56010907123613,0.0533414904197612,0.28911125798101195,71.99522270622647,71.62782251886979,0.36740018735667945,0.5412480534742701,-0.17384786611759062,-0.8435549680759516,0.188140310757167
2020-02-05 00:00:00-05:00,72.58061715621994,72.62871964997271,70.89802869966074,71.7098159790039,36376000.0,0.00044269123361109406,-0.1018831350649718,-0.020271480251575325,-0.04150046496535276,0.021194731381426652,0.33645593004042834,0.013060376425328596,0.20732704830186122,0.011529205508359544,0.18302046353565218,48.33487090702242,1.730690950311967,1.5747167723070672,0.854918200384967,72.50243643678225,-0.011053165413371221,72.4833755493164,74.43179415214938,70.53495694648343,0.05376180642987035,0.30149040632547974,71.95131397896147,71.63389610850936,0.317417870452104,0.4964820168698369,-0.17906414641773288,-0.7940383746980794,0.2022673824497628
2020-02-06 00:00:00-05:00,72.00388927199774,73.4707694622342,71.92950709001718,73.19355773925781,37822000.0,0.020479766359704468,1.5531830345748012,-0.0021228339609747904,-0.02257517570186507,0.0226764333938325,0.35997722029200724,0.013710562916531789,0.21764843887108523,0.011797396802803966,0.1872778683490068,56.62784322011191,1.7609534832302955,1.5880193945158694,0.904421435232789,72.4793362810353,0.009757982536753146,72.47457351684571,74.40766538455479,70.54148164913663,0.053345380977226735,0.6859674220408822,72.14242840362245,71.74942659967591,0.3930018039465324,0.47578597428517605,-0.08278417033864366,0.743869688163531,0.985907181620592
2020-02-07 00:00:00-05:00,72.76807109346798,73.65374870960305,72.66988358975605,73.3492660522461,28360000.0,0.0021250903668698757,-0.0026053335589805134,0.0,-0.02602353521372036,0.02255687455933265,0.35807928263324323,0.012994557489823639,0.20628220509243053,0.011627642395744056,0.18458310067878034,57.40062012830819,0.9838651198469961,1.544865517753807,0.6982504345599496,72.45225335712489,0.01222933429875454,72.47355690002442,74.40468728308844,70.5424265169604,0.05329199961105717,0.7267348595158644,72.32809573417993,71.86793322579223,0.4601625083876968,0.47266128110568023,-0.012498772717983442,0.9069394380634596,1.040473498730724
2020-02-08 00:00:00-05:00,72.76807109346798,73.65374870960305,72.66988358975605,73.3492660522461,28360000.0,0.0,-0.18282842659832085,0.0,-0.022651250623675123,0.016343133492294094,0.2594392011848443,0.012994557489823639,0.20628220509243053,0.011470484455578077,0.1820882957213502,57.40062012830819,0.9838651198469961,1.5047940607604635,0.7195668390311728,72.42351684151798,0.012621110756155489,72.47254028320313,74.40170493157892,70.54337563482734,0.05323849946026823,0.7272293787316443,72.48519886003626,71.97766158330732,0.5075372767289394,0.4796364802303321,0.027900796498607328,0.90891751492658,1.0123528299363818
2020-02-09 00:00:00-05:00,72.76807109346798,73.65374870960305,72.66988358975605,73.3492660522461,28360000.0,0.0,-0.18039115232380287,-0.019586977788433324,-0.026087568732804156,0.00891480399880379,0.1415181262063139,0.012994557489823639,0.20628220509243053,0.011319529538973395,0.17969196071023935,57.40062012830819,0.9838651198469961,1.4675848506952158,0.7422257350285532,72.3929705212254,0.013037561007625332,72.47152366638184,74.39871831702112,70.54432901574256,0.053184880160958126,0.7277254105009818,72.61813227422239,72.07926191433982,0.5388703598825657,0.4914832561607788,0.047387103721786894,0.9109016420039259,0.9864134977302476
2020-02-10 00:00:00-05:00,73.25604592514885,74.82557052333453,73.15537648833067,74.81465911865234,38302000.0,0.01978134486685421,1.4997260393058256,-0.000927030976222043,-0.006630461649425268,0.010676146622882155,0.16947857354764959,0.013693722713707576,0.2173811089388807,0.011525135243267082,0.18295585008042362,64.77731695715632,1.6701940350038598,1.4820569352886905,1.0165613886087372,72.44385488605201,0.031689033413095646,72.53700714111328,74.68805811825395,70.38595616397261,0.059309063384873933,1.0294277080700993,72.95605948105776,72.28188392947409,0.6741755515836729,0.5280217152453577,0.14615383633831525,2.1177108322803915,1.6963542906382827
2020-02-11 00:00:00-05:00,75.0432628919805,75.86696037630945,74.65546917942103,74.88407897949219,34852000.0,0.0009274609351814045,-0.13446598598751083,-0.005643349433502087,-0.005708722836106905,0.008549860155941127,0.13572482230200086,0.013692121635417637,0.21735569260897236,0.011379123330456231,0.18063798282192148,65.08576039550425,1.2114911968884172,1.4627308111172423,0.9172134102853594,72.51302076922246,0.03166304830856053,72.60194511413575,74.95516441054473,70.24872581772676,0.06482524105131182,0.9848961311933371,73.25267786543229,72.47463911836432,0.778038747067967,0.5780251216098796,0.20001362545808743,1.9395845247733432,1.6515937253528854
2020-02-12 00:00:00-05:00,75.17170572454793,75.39188605793423,74.81515553865327,75.30907440185547,31042000.0,0.00565933329328614,0.2777315106265409,0.0034623881705244663,-6.57444213477687e-05,0.0084429569758195,0.13402778692821823,0.013731789108469396,0.21798539422197225,0.011247104899641614,0.1785422552034467,66.99150218919321,0.5767305192809573,1.399445075986079,0.8122499496301413,72.58777045280814,0.03613514003008749,72.68609962463378,75.29950830158464,70.07269094768293,0.07190944872395254,1.0018301960109033,73.56904656334355,72.68459728751182,0.8844492758317273,0.6393099524542492,0.24513932337747812,2.0073207840436145,1.7760026206591935
2020-02-13 00:00:00-05:00,74.88111203769492,75.67207538277923,74.58356816841906,75.04922485351562,22914000.0,-0.003456407904628464,-0.524726898739753,-0.003515958977101885,-0.003981602189106592,0.00909872397955428,0.1444377653875234,0.013767638592761422,0.21855448714237194,0.011147508438266264,0.17696121039387933,64.66732742935213,1.0885072143601633,1.377235228727085,0.6050108650593948,72.65751981627584,0.03186848421030361,72.80318222045898,75.6223564704067,69.98400797051126,0.07744645670599502,0.8983511542605599,73.7967663002931,72.85975488499358,0.9370114152995228,0.698850245023304,0.23816117027621886,1.5934046170422402,1.576105099446588
2020-02-14 00:00:00-05:00,75.1057482210196,75.37948673334321,74.66042372612603,75.31402587890625,23198000.0,0.00352215448723542,0.10012442276647997,0.0,-0.00402664791398244,0.008786240767253272,0.139477248175737,0.013424200129712559,0.21310257055908272,0.011015346525729844,0.1748632050736831,65.96325136433583,0.7190630072171871,1.3302229271906638,0.6178834070684498,72.73760486964834,0.03420904644508601,72.93350486755371,75.96690824677601,69.9001014883314,0.08318271238248943,0.8923845123365775,74.03019085084897,73.04155273639451,0.98863811445446,0.7568078189095353,0.23183029554492474,1.56953804934631,1.633643087391113
2020-02-15 00:00:00-05:00,75.1057482210196,75.37948673334321,74.66042372612603,75.31402587890625,23198000.0,0.0,-0.21705222243372405,0.0,0.0011469282070000197,0.0034781210839084,0.05521346050675227,0.013424200129712559,0.21310257055908272,0.010892615197399523,0.17291490563665124,65.96325136433583,0.7190630072171871,1.2865686471925584,0.6233524744121306,72.81910763563491,0.033126873967443994,73.06382751464844,76.27510538757507,69.85254964172181,0.08790335743861231,0.8503587128396136,74.22770393208855,73.20988408028427,1.0178198518042763,0.8090102254884836,0.2088096263157927,1.4014348513584531,1.56890303908131
2020-02-16 00:00:00-05:00,75.1057482210196,75.37948673334321,74.66042372612603,75.31402587890625,23198000.0,0.0,-0.21456753437784967,0.0,0.023775529284531416,0.0035293438923741953,0.056026597382680995,0.013424200129712559,0.21310257055908272,0.010773890334747026,0.1710302068705384,65.96325136433583,0.7190630072171871,1.2460325300514605,0.6326462711559335,72.98270657407906,0.03095464991574882,73.27954444885253,76.48662520033419,70.07246369737088,0.08753004063010039,0.8171858752096898,74.39483038544512,73.36574643573775,1.0290839497073705,0.853024970332261,0.1760589793751095,1.2687435008387578,1.511335438012383
2020-02-17 00:00:00-05:00,75.1057482210196,75.37948673334321,74.66042372612603,75.31402587890625,23198000.0,0.0,-0.2121663247247305,-0.00046728617101254866,0.023775529284531416,0.002467360092918415,0.039168127204244084,0.012108937742023252,0.19222342743934515,0.010658958961052662,0.1692057278747325,65.96325136433583,0.7190630072171871,1.2083918498490125,0.6383265597010613,73.10014381033015,0.029395348910649002,73.44872093200684,76.71263085404581,70.18481100996786,0.0888758818566889,0.7857470015186803,74.53624507674684,73.510063431528,1.0261816452188413,0.8876563053095772,0.13852533990926408,1.142988006074719,1.4597057899110586
2020-02-18 00:00:00-05:00,75.09632856792217,75.90067759877253,74.9311895426324,75.34923553466797,25642000.0,0.00046739538321901913,-0.16650416672012816,-0.003561025761062653,0.024254149084000476,0.0015362884692041174,0.02438782338942124,0.011887262547184665,0.188704442815097,0.010545711578666775,0.16740798141219992,66.18506712562058,0.9694880561401362,1.1913272931555214,0.7016420536478983,73.20448606263209,0.02846411721123687,73.60428504943847,76.92136227363905,70.2872078252379,0.0901327204516031,0.7630253031944461,74.66132053181163,73.64629840213095,1.0150221296806734,0.9131294701837964,0.10189265949687698,1.0521012127777838,1.4281308718976187
2020-02-19 00:00:00-05:00,75.73406088600595,75.90961191518042,75.42561318763357,75.61851501464844,22746000.0,0.0035673813059568776,0.126124981529644,0.005194492513425963,0.07395796560333512,0.0015563405186559654,0.024706139806181793,0.011882207296911813,0.18862419320487406,0.010434723560069439,0.16564610123790174,67.90761948527012,0.5603763805124515,1.1462593708238735,0.6261372238662171,73.32065979125716,0.03038746824036616,73.77938804626464,77.13527899763216,70.42349709489713,0.09097096195113855,0.7740147095116957,74.80858122147883,73.7923885215767,1.0161926999021347,0.9337421161274642,0.08245058377467052,1.0960588380467828,1.498533403828858
2020-02-20 00:00:00-05:00,75.32791507548832,75.72761146175247,74.59645752229817,75.22774505615234,25962000.0,-0.005181047676494301,-0.7014197347395074,0.022602677429234053,0.09425684040159754,0.003143450946697678,0.04990073678095566,0.011963275748391657,0.1899111149756067,0.010379903359066904,0.16477585752585006,62.900151452004486,1.1311539394543075,1.1451804114403332,0.7326757820767895,73.53082112530305,0.022557155336540492,73.98818702697754,77.14314609877043,70.83322795518465,0.08528277819924221,0.6964459761549918,74.87306796527476,73.89871122784156,0.9743567374331974,0.9418650403886109,0.03249169704458654,0.7857839046199676,1.2865871861525697
2020-02-21 00:00:00-05:00,74.6123229813126,74.92821644497522,73.31851954400152,73.56497955322266,42520000.0,-0.022351021916968323,-2.2105328492914844,0.0,0.06687659038850446,0.010355331342106843,0.16438578884932456,0.01258602810852939,0.19979700221542454,0.010839753158551041,0.17207574678511772,47.013926077447294,1.909225512150826,1.1997550614910826,1.202169106628894,73.68644942902529,-0.0016511915933416495,74.11384773254395,76.96160262365602,71.26609284143187,0.07684811889375444,0.4036314218905703,74.67182359418982,73.87399036305499,0.7978332311348311,0.9130586785378549,-0.11522544740302387,-0.3854743124377186,0.5355852662533942
2020-02-22 00:00:00-05:00,74.6123229813126,74.92821644497522,73.31851954400152,73.56497955322266,42520000.0,0.0,-0.14711653679225595,0.0,0.1281491692539245,0.010355331342106843,0.16438578884932456,0.01258602810852939,0.19979700221542454,0.010733177883794605,0.17038391674763428,47.013926077447294,1.6096969009737023,1.229036621454127,1.2043858680104123,73.84265167997619,-0.0037745151081383724,74.23950843811035,76.71593237445566,71.76308450176504,0.06671444863915768,0.36380989236375316,74.50153989557948,73.85110067343778,0.6504392221416992,0.8605347872586239,-0.21009556511692462,-0.5447604305449859,0.5290261511709696
2020-02-23 00:00:00-05:00,74.6123229813126,74.92821644497522,73.31851954400152,73.56497955322266,42520000.0,0.0,-0.1456921803523192,0.04479300823780208,0.10767961996847308,0.01029898524367246,0.16349132226648772,0.01258602810852939,0.19979700221542454,0.010629685361320293,0.16874102388550352,47.013926077447294,1.6096969009737023,1.256226641419811,1.25618565076739,73.85910795264112,-0.003998212209189472,74.24164123535157,76.71553664413044,71.76774582657269,0.06664441592654018,0.3632396341963962,74.35745368906305,73.82990651638482,0.5275471726782257,0.7939372643425442,-0.2663900916643185,-0.5470414632144144,0.522703245290976
2020-02-24 00:00:00-05:00,70.56924919541633,71.23028967425653,69.76291752799771,70.41105651855469,49560000.0,-0.04381878755535091,-3.638576119854461,0.024193669208363078,0.060190498246861956,0.018896485224809675,0.2999724033483172,0.013943562981436263,0.22134720023428012,0.01223320840651697,0.19419616308041188,29.41434461243611,3.8020620252249415,1.4380720259773205,1.5717117259969873,73.91973072559801,-0.049831296113540396,74.1782901763916,76.9727209901926,71.3838593625906,0.07534362971041819,-0.1740610000490045,73.750315662831,73.5766583683974,0.17365729443359612,0.6698812703607546,-0.4962239759271585,-2.6962440001960215,-0.9036775087212366
2020-02-25 00:00:00-05:00,70.96348339912412,71.25358143993788,68.45521513612178,68.74779510498047,51580000.0,-0.023905638820768106,-1.9204970328161282,-0.002984658137976104,0.0351465060961782,0.01849605778228606,0.2936158147620586,0.01382141896427193,0.21940822407297272,0.012571113908414094,0.1995602466283734,24.257187427830203,2.7983663038160955,1.5352359029658045,1.5972650165517284,73.63115067424067,-0.0710329045724759,74.03018913269042,77.58577008150186,70.47460818387898,0.0960575946236873,-0.24283135495421018,72.98069711546938,73.21896479332948,-0.23826767786009384,0.488251480716585,-0.7265191585766788,-2.9713254198168357,-1.6095795051702504
2020-02-26 00:00:00-05:00,69.17725154343258,70.10409286099708,68.26330414608108,68.95359802246094,49776000.0,0.002989121112591028,0.21685414558226992,0.05743173991952277,0.0029935929896545144,0.02038607739220138,0.32361894592728613,0.013854936432759922,0.21994029739014676,0.012459697708632743,0.19779156928850133,25.986361227527738,1.8407887149160018,1.55706110381939,1.5133899253277552,73.30236291123374,-0.06306799084445514,73.81819114685058,78.02903436129108,69.60734793241008,0.11408687070274155,-0.07762695933527006,72.3611434088527,72.90301169919107,-0.5418682903383711,0.28222752650559374,-0.8240958168439649,-2.310507837341082,-1.4729475887850592
2020-02-27 00:00:00-05:00,67.39994872991234,67.90874408927081,65.1733485505735,65.20855712890625,62290000.0,-0.05584308131549105,-3.8161810425161975,-0.018144364099464183,-0.017021358325118863,0.026034212222018557,0.41328030671363636,0.017285732291856624,0.27440249324334715,0.014445839583217546,0.2293205941003595,17.953937015251157,3.780249471887444,1.7158602729671082,1.8009708878216897,72.57160453846791,-0.1129153554955397,73.4111557006836,79.12016156545026,67.70214983591693,0.15553510390283926,-0.21839114953445515,71.26074551963016,72.3330521013922,-1.0723065817620352,0.011320704852067931,-1.083627286614103,-2.8735645981378237,-2.8720135502004696
2020-02-28 00:00:00-05:00,63.1932044924224,66.5722739739755,62.89070436777219,66.41358947753906,80198000.0,0.01831099171932899,1.2859000382439514,0.0,-0.030653098794530265,0.031074582433043476,0.4932937032780568,0.01798930583615936,0.2855713770069631,0.014536388129584986,0.23075800771195937,25.891645749771428,3.681569606203311,1.85626808248398,2.1570895241374117,71.87777502758117,-0.08227511256397427,73.06437187194824,79.57545513649724,66.55328860739924,0.17822867966237357,-0.01072779476042015,70.5150292054623,71.89457338851419,-1.379544183051891,-0.2668522727287239,-1.1126919103231672,-2.0429111790416785,-2.243940788086804
2020-02-29 00:00:00-05:00,63.1932044924224,66.5722739739755,62.89070436777219,66.41358947753906,80198000.0,0.0,0.02601089360872288,0.0,0.018627090637377774,0.028943516639505226,0.45946408257474447,0.01798930583615936,0.2855713770069631,0.014408398740133032,0.2287262391422902,25.891645749771428,3.681569606203311,1.9866467627496465,2.0165096415200137,71.27438077226032,-0.07318970910863298,72.71758804321288,79.87181441804817,65.5633616683776,0.19676742772556882,0.05942136609991193,69.8840384780895,71.48857458029381,-1.604536102204321,-0.5343890386238433,-1.0701470635804777,-1.7623145356003533,-2.1344253638918023
2020-03-01 00:00:00-05:00,63.1932044924224,66.5722739739755,62.89070436777219,66.41358947753906,80198000.0,0.0,0.025793203810996305,-0.03395317077263327,0.0335791810003927,0.02839028733232644,0.45068183958601876,0.01798930583615936,0.2855713770069631,0.014283731684514692,0.2267472109871975,25.891645749771428,3.681569606203311,2.107712680139194,1.9156107057123406,70.64686470117844,-0.0637410996294827,72.29753456115722,79.90546433864567,64.68960478366877,0.21046166577237363,0.11330182745452592,69.35012324723559,71.11264975786754,-1.7625265106319574,-0.7800165330254663,-0.9825099776064912,-1.5467926901818971,-2.039566070056812
2020-03-02 00:00:00-05:00,67.0156136346648,68.80481891518373,65.7168464160506,68.74779510498047,55430000.0,0.034542968483571024,2.3098797462974963,0.03633046375872517,0.06990587798630599,0.034077748793038376,0.5409674912838663,0.01923991578645782,0.30542419450075853,0.014862044317682144,0.2359276394316455,39.94764990688318,3.08797249913313,2.1777312386387613,1.2922432765116192,70.35202339351936,-0.023334978032228882,71.99072036743163,79.65417524050795,64.32726549435532,0.21290118598516594,0.2884162354863996,69.25745737919634,70.93747533913516,-1.680017959938823,-0.9600168184081377,-0.7200011415306853,-0.8463350580544008,-1.1778320723549338
2020-03-03 00:00:00-05:00,69.31114065170213,69.83233041381229,65.91718724409012,66.33771514892578,56602000.0,-0.035686073435929694,-2.2873032813850958,-0.03176053096166531,0.032398366545941304,0.026187103980147265,0.4157073881307563,0.020392883665180012,0.32372699216122613,0.015437826083054891,0.24506789159537767,32.9901128029222,3.915143169722171,2.301832090859005,1.28138837826335,69.92065148180383,-0.05401054776810576,71.54215240478516,79.43460446816943,63.64970034140089,0.22063781415825492,0.17029022070311303,68.80826626684703,70.59675236208263,-1.7884860952355979,-1.1257106737736298,-0.6627754214619681,-1.318839117187548,-2.052883662682121
2020-03-04 00:00:00-05:00,67.39102349986874,68.57226266519108,66.30202430729123,68.51374816894531,47598000.0,0.032275836930094566,2.025190378380289,0.050838548481068946,0.13638059304867034,0.028786250009293045,0.45696755221632096,0.021909526697467978,0.3478029539077833,0.015862356797686588,0.2518071077643217,42.69471401810271,2.270238357899842,2.2995753956476364,1.0482617064479614,69.71750709957213,-0.017569596800608805,71.21537857055664,79.03730928188857,63.39344785922471,0.2196697080977349,0.3273041208548824,68.76295579024676,70.44245575518357,-1.6794999649368094,-1.2364685320062658,-0.4430314329305436,-0.6907835165804702,-1.2590914997684517
2020-03-05 00:00:00-05:00,66.72599709750645,67.12669225673191,64.5484988050263,65.1991195678711,54380000.0,-0.0495884630450954,-2.8903269824196687,0.014678669456610338,0.031046697512803867,0.038403564365167515,0.609637684612172,0.024011242640622335,0.38116666018029927,0.016935967445033416,0.2688501484310663,34.49880796134562,3.965249363919014,2.4185521076670207,1.1578662726202313,69.31770686597942,-0.06316936985354456,70.70963325500489,78.72144356881526,62.69782294119452,0.2266115646482522,0.15610058954871678,68.21467329449666,70.05406048204931,-1.8393871875526457,-1.3570522631155417,-0.482334924437104,-1.3755976418051326,-2.4190340044913423
2020-03-06 00:00:00-05:00,62.9769971984103,64.6035493381855,62.34521781036266,64.25592803955078,64640000.0,-0.014571980555001278,-0.8120439542158657,0.0,0.0700636270991295,0.03860581075413961,0.612848246504858,0.023950661495714988,0.3802049643189128,0.01701745981498863,0.27014379969897095,32.58211796629806,2.8539017575084316,2.4496485112271214,1.3181668019364654,68.84226140166187,-0.07137603489732672,70.1567283630371,78.35472618764072,61.95873053843349,0.23370524868781725,0.14010722802481115,67.60563556296653,69.62456919001238,-2.018933627045854,-1.4894285359016042,-0.5295050911442498,-1.4395710879007553,-2.5888035562284646
2020-03-07 00:00:00-05:00,62.9769971984103,64.6035493381855,62.34521781036266,64.25592803955078,64640000.0,0.0,0.0502737548956362,0.0,0.16570551688280344,0.03191169225098819,0.5065824096680505,0.023950661495714988,0.3802049643189128,0.01701745981498863,0.27014379969897095,32.58211796629806,2.2583315278228397,2.43598301241253,1.2647256206723159,68.40536700266092,-0.06457674940989229,69.60382347106933,77.82883922824132,61.37880771389735,0.23633804429122182,0.17490059658211965,67.09029594397948,69.22689206775597,-2.136596123776485,-1.6188620534765805,-0.5177340702999045,-1.3003976136715212,-2.441741991684476
2020-03-08 00:00:00-05:00,62.9769971984103,64.6035493381855,62.34521781036266,64.25592803955078,64640000.0,0.0,0.04989637448283437,0.06575966961291169,0.06709392726636465,0.029621623459510263,0.47022869462316547,0.023950661495714988,0.3802049643189128,0.01701745981498863,0.27014379969897095,32.58211796629807,2.2583315278228397,2.4232936206561235,1.2154488360723552,68.00251753932127,-0.05830729730437314,69.05091857910156,77.1453766909855,60.956460467217624,0.2344489625467125,0.20381028147449545,66.65423934329814,68.85867251011113,-2.20443316681299,-1.7359762761438626,-0.4684568906691273,-1.1847588741020176,-2.3071202786899847
2020-03-09 00:00:00-04:00,59.75413741242582,62.12305866079698,59.41097297068797,60.29119873046875,69252000.0,-0.0636878496812878,-3.4017145280524645,-0.046566245799878114,0.001251931079299995,0.029404350284030496,0.46677958988985696,0.026807200044275874,0.4255511079786819,0.01842551691477066,0.2924960132057836,25.224489254011075,4.844955068862809,2.5962694383851725,1.2508828177918265,67.35008241357069,-0.11707983638969618,68.2980167388916,76.72039131751919,59.87564216026402,0.24663599269147,0.024669798661011516,65.67531001824747,68.22404482273022,-2.5487348044827485,-1.8985279818116398,-0.6502068226711086,-1.9013208053559532,-3.1874215923868876
2020-03-10 00:00:00-04:00,62.20537437076088,63.26957678968302,60.22771640855486,63.23585510253906,54872000.0,0.0476853328103014,2.5597357164413146,0.05307619916543671,0.050153643783353186,0.03986043088383675,0.6327647236230635,0.029614612511067995,0.4701173992669679,0.01946867333564895,0.3090556080148887,36.66416737184011,3.04186038112816,2.6280973628668147,0.9631938885846287,66.98687514138395,-0.05931793019581186,67.67888374328614,75.64350474302631,59.71426274354596,0.2353650225660018,0.22107720876536283,65.30000926198464,67.85454928790125,-2.5545400259166087,-2.0297303906326336,-0.5248096352839751,-1.115691164938549,-2.207239016856216
2020-03-11 00:00:00-04:00,61.901885489595976,62.33133476819371,59.06879829263046,60.04869842529297,54732000.0,-0.051715594413506163,-2.515196671256317,0.08937962880109529,0.1285181313867776,0.04496495120816324,0.7137964716657195,0.030930554701234264,0.49100733391647355,0.020439245752444275,0.32446296748020487,31.115543534571273,4.167056809908601,2.738023037655514,0.9370746464911064,66.47864264925342,-0.1070788275612666,66.91993141174316,74.74743204752555,59.09243077596077,0.2339363018058567,0.061083843606524,64.492115287109,67.27633811289323,-2.7842228257842265,-2.180628877662952,-0.6035939481212744,-1.7556646255739046,-2.8184498871578048
2020-03-12 00:00:00-04:00,55.67088552919475,58.950281093480896,54.96918456837145,55.12192153930664,94326000.0,-0.08560838632600848,-3.7371909203132523,-0.08459391174551067,-0.0058225565101648336,0.05392478257545483,0.8560293851872957,0.034901283540670854,0.5540407001134016,0.022902724616867355,0.3635694820921685,24.85397107950783,5.0795138569215155,2.9052723818887998,1.54638871037549,65.3535613996849,-0.18561834520014386,65.99777851104736,74.81236501258734,57.18319200950738,0.26711767275816733,-0.1169238324361908,63.050547018216335,66.37601095929422,-3.325463941077885,-2.4095958903459387,-0.9158680507319463,-2.467695329744763,-3.5478763867736474
2020-03-13 00:00:00-04:00,58.2679115330629,60.22225964263293,55.15860802791231,60.21581268310547,79400000.0,0.08838749986217685,3.6787616184353102,0.0,0.11279413214020306,0.07632540062671772,1.2116281726540112,0.04145509698039862,0.6580792631171964,0.025659748575068742,0.4073358806044553,38.609534745379676,5.100338103326287,3.0620627905629063,1.2634942458498828,64.75118435328186,-0.07531861595963914,65.3303201675415,73.74483177527011,56.91580855981289,0.2575989704672916,0.19609005710215982,62.6144340435839,65.91969997587283,-3.3052659322889326,-2.5887298987345377,-0.7165360335543949,-1.2156397715913605,-2.2501605404839053
2020-03-14 00:00:00-04:00,58.2679115330629,60.22225964263293,55.15860802791231,60.21581268310547,79400000.0,0.0,0.06838256968370675,0.0,0.09229350154725058,0.07086823431147374,1.1249983430544854,0.04145509698039862,0.6580792631171964,0.025659748575068742,0.4073358806044553,38.609534745379676,5.063651614720619,3.205033420859886,1.2274756669181395,64.18315137336555,-0.0658853300069,64.66286182403564,72.41911682632694,56.90660682174435,0.2398982904096658,0.21332497838090286,62.245415372741064,65.49718980603821,-3.251774433297143,-2.721338805647059,-0.5304356276500841,-1.1467000864763888,-2.1239253087075025
2020-03-15 00:00:00-04:00,58.2679115330629,60.22225964263293,55.15860802791231,60.21581268310547,79400000.0,0.0,0.06791692608959678,0.1316587734806154,0.13673346334478542,0.06583443782443975,1.0450893011232705,0.04145509698039862,0.6580792631171964,0.025659748575068742,0.4073358806044553,38.609534745379676,5.063651614720619,3.3377918632785097,1.199801745605764,63.71194837491726,-0.05806009312222888,64.15309963226318,71.65460740155075,56.6515918629756,0.23386267576430547,0.2375669618528147,61.93316880510482,65.10597668582096,-3.1728078807161424,-2.811632620660876,-0.36117526005526646,-1.0497321525887415,-2.0119360483658513
2020-03-16 00:00:00-04:00,54.03391030090798,56.804014722190885,52.91664529324998,53.21022033691406,96520000.0,-0.12368449748519054,-4.321324363793451,-0.04030194621641503,0.00448429330739164,0.08293880045826175,1.316612640303423,0.04791737587370842,0.7606647602438331,0.029813210005878315,0.47327003676057916,29.373633505357986,7.299167389855491,3.6207472580340085,1.4106037886958784,62.78145278958338,-0.17987582821620782,63.376220893859866,72.0073702185857,54.745071569134026,0.27237816338657894,-0.08891349080377062,60.59117673307547,64.2248095488649,-3.6336328157894258,-2.9760326596865863,-0.6576001561028395,-2.355653963215082,-3.069494249452741
2020-03-17 00:00:00-04:00,54.084991706538645,55.83849681500445,52.02501762640033,55.44475173950195,83194000.0,0.04113657130310902,1.55749917481967,0.024624457339569084,0.046667010886640714,0.0787330972724831,1.2498491719970886,0.04928278681084554,0.7823399869062678,0.030364922057745606,0.4820281940679273,34.73632165941076,3.81347918860412,3.634513824503302,1.1868664892896121,62.12692132303262,-0.12051942472257321,62.700778579711915,71.60419163999043,53.7973655194334,0.2839968900532726,0.092514309339312,59.79941904175647,63.574434896319495,-3.775015854563023,-3.135829298661874,-0.6391865559011487,-1.629942762642752,-2.4725691065572764
2020-03-18 00:00:00-04:00,52.56257466439651,54.79660911099285,51.42497370415476,54.112266540527344,93044000.0,-0.0243261623723439,-0.7605516606826463,-0.01842266237828205,0.03515695152346843,0.061841370520949984,0.9817013228030073,0.049276615294443236,0.7822420171205919,0.03044551192377227,0.48330751853011866,33.12128114593453,4.019778035347194,3.6620326967064374,1.2988949258165208,61.47242687497551,-0.13601648581723666,62.14596405029297,71.74698737440892,52.54494072617702,0.30898300383098454,0.0816228521398079,58.92447250310583,62.873533536631186,-3.9490610335253535,-3.29847564563457,-0.6505853878907835,-1.673508591440769,-2.5095706574290193
2020-03-19 00:00:00-04:00,53.96497931020589,57.15808978102262,52.34487034827302,55.12786865234375,74064000.0,0.018594473034387354,0.7608828318324498,0.04068500062902958,-0.016229908327890064,0.06397056142605544,1.0155011805751446,0.048603188249213024,0.7715516941936468,0.030546798448061182,0.48491539225670205,35.57976730503185,4.813219432749598,3.7442603207095204,1.0383798447982167,60.86523689747669,-0.10407382663956878,61.581678009033205,71.44949911587244,51.713856902193974,0.3204791238521223,0.17298711200710645,58.34037960298859,62.29978058223953,-3.959400979250937,-3.430660712357844,-0.528740266893093,-1.3080515519715736,-2.2025846434935574
2020-03-20 00:00:00-04:00,56.08147935576829,56.457374166486815,52.66967958187416,52.97267532348633,82878000.0,-0.039879150786628396,-1.3050571154373212,0.0,-0.03032827649081471,0.06370439900655482,1.0112759831530453,0.04868702393804267,0.772882544495457,0.03071160598138826,0.4875316307409427,32.82238326718796,3.7876945846126517,3.7473627681311727,1.1597735812091994,60.096220099144034,-0.13447583555402123,60.90963230133057,71.2130363762157,50.60622822644544,0.3383177236701215,0.11483811951087014,57.51457894460363,61.60888389640596,-4.094304951802336,-3.5633895602467427,-0.5309153915555931,-1.5406475219565192,-2.375442044588845
2020-03-21 00:00:00-04:00,56.08147935576829,56.457374166486815,52.66967958187416,52.97267532348633,82878000.0,0.0,0.11227849805454203,0.0,-0.08144173454139347,0.0324656624487059,0.5153764139294645,0.04868702393804267,0.772882544495457,0.03071160598138826,0.4875316307409427,32.82238326718796,3.7876945846126517,3.7502436121655642,1.1576028884900376,59.3300819647025,-0.12001294256696735,60.23758659362793,70.78002690410624,49.695146283149626,0.35002864180463394,0.1554445149231299,56.815824541354814,60.969164742856364,-4.15334020150155,-3.6813796884977044,-0.47196051300384534,-1.37822194030748,-2.2319111207735363
2020-03-22 00:00:00-04:00,56.08147935576829,56.457374166486815,52.66967958187416,52.97267532348633,82878000.0,0.0,0.11157458724441495,0.013356797036655488,-0.037874163096230595,0.022977127340470315,0.3647505887132843,0.04868702393804267,0.772882544495457,0.03071160598138826,0.4875316307409427,32.82238326718796,3.7876945846126517,3.7529186816260705,1.1358300818590348,58.611322508718814,-0.10644444802531045,59.44883060455322,69.66586532964578,49.23179587946066,0.34372533895763563,0.183070702247798,56.22457081552889,60.3768321932734,-4.152261377744509,-3.7755560263470653,-0.37670535139744343,-1.2677171910088079,-2.1073672038343774
2020-03-23 00:00:00-04:00,52.38553745507887,52.90821796189328,50.03000577141187,52.27445602416992,83672000.0,-0.01326838145233202,-0.3636992342425138,-0.06714974381979932,-0.05055569793650172,0.021641212195570546,0.3435435932367467,0.047567242907087616,0.7551065717109294,0.030721070988766086,0.4876818830750174,31.82442053498488,2.942669552074456,3.695043743800955,1.125828171000156,57.96039250247815,-0.10877083973249278,58.74566764831543,68.90200557846114,48.58932971816972,0.3457731722770521,0.18142003206993182,55.616860847627514,59.77665618074722,-4.159795333119703,-3.852403887701593,-0.30739144541811037,-1.274319871720273,-2.084210550106156
2020-03-24 00:00:00-04:00,54.74652002572422,56.20198931680837,53.87621071144316,56.03734970092773,72468000.0,0.06951058814316599,2.5123352087278086,0.025770987279057245,0.017788541915876532,0.04044925388103979,0.642111998924073,0.05051168603823514,0.8018481573584616,0.03212839490700285,0.5100224576856223,42.05049044332399,3.9275332926384507,3.7116501401464905,0.9590293777848946,57.53579974803108,-0.026740201938539335,58.12184772491455,67.2306030714999,49.01309237832921,0.31343653731368826,0.38557723066037464,55.68155144044293,59.4996705155754,-3.818119075132472,-3.8455469251877687,0.027427850055296688,-0.4576910773585009,-1.512277606257085
2020-03-25 00:00:00-04:00,55.76808219769024,56.83873167265164,53.706621136908296,54.629493713378906,90324000.0,-0.025444512554007603,-0.8000194794658677,-0.05271212598177266,-0.03898595017646578,0.0369644945747111,0.5867931599032911,0.04977351616584661,0.7901300739124997,0.03223026102013617,0.5116395320998754,39.65393657417247,3.132110535743344,3.6702544541176945,1.1675635429175646,57.09679324600563,-0.04516423940466571,57.59336643218994,66.1850107708095,49.00172209357038,0.29835534440360617,0.32751423348098896,55.519696405510004,59.138916678375665,-3.619220272865661,-3.8002815947233475,0.18106132185768642,-0.6899430660760437,-1.6285243223785906
2020-03-26 00:00:00-04:00,55.2791240135285,58.09386175834299,54.15392506628862,57.66936874389648,76562000.0,0.05415224675448864,1.9320716316071547,0.04743038420476342,0.0008349516092842624,0.04226216501362634,0.6708910709593798,0.05086574041585278,0.8074685963610818,0.033068446591788564,0.5249453155505639,46.7154761943212,3.939936692054367,3.6895174711131715,0.9821030001077514,56.82810161278558,0.014587763823926602,57.264038467407225,65.26501979022115,49.2630571445933,0.27944174169161384,0.5253300351629057,55.85041522680024,59.03006127582165,-3.1796460490214145,-3.676154485582961,0.4965084365615464,0.10132014065162158,-1.1889675204260826
2020-03-27 00:00:00-04:00,55.911395704558494,57.08073204784074,54.74751506360393,55.05794906616211,62794000.0,-0.04633991161259312,-1.4997149983491171,0.0,0.00740411552092568,0.051080577018387585,0.8108790216980085,0.05160531351427998,0.819208955329833,0.03348279920752042,0.5315229594084575,42.1522040617619,2.92185368029255,3.634684343197413,0.8064480915020761,56.44841213829915,-0.025254538095237523,56.80413951873779,64.14292982355066,49.46534921392492,0.25838927821068564,0.38103008942560296,55.72849735593284,58.7358307417728,-3.0073333858399636,-3.5423902656343613,0.5350568797943978,-0.47587964229758895,-1.4691544460776251
2020-03-28 00:00:00-04:00,55.911395704558494,57.08073204784074,54.74751506360393,55.05794906616211,62794000.0,0.0,0.08365357352265353,0.0,-0.0060606899509604295,0.050051784233796005,0.7945474425461267,0.05160531351427998,0.819208955329833,0.03348279920752042,0.5315229594084575,42.1522040617619,2.333216984236813,3.5417223889859417,0.8074051786876097,56.067821437969805,-0.01834199037443532,56.34424057006836,62.81871909787802,49.8697620422587,0.22981864560790916,0.40066447063023886,55.625336080583494,58.46339506209794,-2.8380589815144432,-3.401524008810378,0.5634650272959347,-0.3973421174790447,-1.4140664298769667
2020-03-29 00:00:00-04:00,55.911395704558494,57.08073204784074,54.74751506360393,55.05794906616211,62794000.0,0.0,0.08317365528761032,-0.0314487832404684,0.01607030282294719,0.037633421714861975,0.5974120490516562,0.05160531351427998,0.819208955329833,0.03348279920752042,0.5315229594084575,42.1522040617619,2.333216984236813,3.4554005743610037,0.8107713780686046,55.83806506062074,-0.014168998440555464,56.082578086853026,62.30344898533824,49.86170718836781,0.22184682340569944,0.4176458539799939,55.53804577067251,58.21113980313973,-2.673094032467219,-3.255838013541746,0.5827439810745272,-0.3294165840800244,-1.362397610525063
2020-03-30 00:00:00-04:00,56.16778075676404,57.07825507559409,54.47427688253347,56.84567642211914,58736000.0,0.03195391497314268,1.1720003074839394,-0.013459986638920562,0.04906202711963914,0.03802839396191497,0.6036820390945038,0.05059578970354133,0.8031832616549568,0.03369854629690617,0.5349478382760618,46.611269505898406,2.6039781930606267,3.3945846899824055,0.7564890028579561,55.6147680983414,0.02165350825694077,55.76306915283203,61.018494276042794,50.50764402962127,0.1884912435076704,0.6029990194804353,55.73921971704891,58.10999436750858,-2.3707746504596656,-3.0788253409253303,0.7080506904656647,0.4119960779217415,-1.1018810967803676
2020-03-31 00:00:00-04:00,56.96567688694709,58.18906316864204,56.3700973620553,57.62125778198242,65228000.0,0.013551393408355246,0.5332047991742932,0.05430538579099964,0.06337504096316504,0.02894797506377224,0.45953485786584286,0.049427546129679624,0.7846379698518324,0.03370278321678911,0.5350150972940728,48.467158020995534,1.8189658065867462,3.282040484025573,0.834462316276416,55.54325610197323,0.036063108651178455,55.64169712066651,60.58312704664937,50.70026719468364,0.17761607505488955,0.7003024115455987,56.02876403473099,58.0737916574696,-2.0450276227386084,-2.8720657972879864,0.827038174549378,0.8012096461823948,-0.9736880919084098
2020-04-01 00:00:00-04:00,55.73931501110959,56.008093464132045,54.22631868304361,54.65328979492188,51970000.0,-0.052882147992347396,-1.7284332267847722,-0.013365843224616425,-0.06853516608344312,0.0315845332764889,0.5013889219538021,0.04948397230259751,0.7855337075776876,0.034254384111763465,0.5437714900404497,42.39389435398213,3.3949390989388135,3.29010467080509,0.6833671050192045,55.53897684255318,-0.016205557816459097,55.618265533447264,60.57449537688484,50.66203569000969,0.17822309976412473,0.4026502231526769,55.8171526132219,57.82042114913273,-2.003268535910827,-2.6983063450125546,0.6950378091017275,-0.3893991073892925,-1.2922716947498623
2020-04-02 00:00:00-04:00,54.549151445625526,55.6783190924219,54.208468955289,55.393672943115234,56410000.0,0.013455970089116111,0.539356280105893,0.022265939731084483,-0.05541361109145182,0.032306680761369645,0.5128526578832335,0.04596001525213955,0.7295926236593808,0.034326975393016906,0.5449238409057385,44.26995123132166,1.4698501371329016,3.1600864898285055,0.753133494614181,55.28561547284945,0.0019507186385122057,55.37715854644775,59.83586660087369,50.91845049202181,0.16103058269723922,0.5018519262156096,55.752001894743955,57.64066202276106,-1.8886601280171078,-2.5363771016134655,0.6477169735963577,0.007407704862438288,-1.1614362682700545
2020-04-03 00:00:00-04:00,55.27862623073258,55.480952582798494,53.31337022040269,54.1871452331543,51374000.0,-0.022021672932522583,-0.674940386753194,0.0,-0.09469752348938287,0.03397204291586102,0.539289462505091,0.0414670299136846,0.6582686925605138,0.03437464628685289,0.5456805928849356,41.876558715119344,2.1675823623958053,3.089193337869027,0.6989745452665407,54.98092434834015,-0.014648845436872804,55.0757251739502,58.931457324094794,51.2199930238056,0.14001566526692916,0.3847715678638911,55.511254716037854,57.384845964271676,-1.8735912482338222,-2.403819930937537,0.530228682703715,-0.46091372854443535,-1.2626910248208554
2020-04-04 00:00:00-04:00,55.27862623073258,55.480952582798494,53.31337022040269,54.1871452331543,51374000.0,0.0,0.08394988963094921,0.0,-0.09437494154490522,0.028228376337294928,0.44811158222173636,0.0414670299136846,0.6582686925605138,0.03437464628685289,0.5456805928849356,41.876558715119344,2.1675823623958053,3.0233639824780827,0.7125598839354321,54.66438920992822,-0.008807328282758828,54.774291801452634,57.78894086414579,51.759642738759474,0.11007532780599857,0.4026177581390178,55.307545564825006,57.14797924344817,-1.8404336786231639,-2.2911426804746626,0.45070900185149876,-0.38952896744392873,-1.2192611977701313
2020-04-05 00:00:00-04:00,55.27862623073258,55.480952582798494,53.31337022040269,54.1871452331543,51374000.0,0.0,0.08350381709932712,-0.07647974304188809,-0.09437494154490522,0.026016202219021636,0.41299440677938803,0.0414670299136846,0.6582686925605138,0.03437464628685289,0.5456805928849356,41.876558715119344,2.1675823623958053,2.9622367239007774,0.7355903809394263,54.74731992173622,-0.010337778197608057,54.823138046264646,57.76178148721779,51.8844946053115,0.10720449597296872,0.39178802636497034,55.13517628302951,56.928658205648624,-1.7934819226191152,-2.1916105289035532,0.398128606284438,-0.43284789454011807,-1.177913194348405
2020-04-06 00:00:00-04:00,56.18563269892655,59.04946038795308,55.788910047440375,58.674560546875,63320000.0,0.07956254459899056,2.7259287607115077,0.0005328826034645129,-0.01937715861475564,0.03869142477668359,0.6142073269792055,0.03570539360183617,0.5668055516048118,0.03564606485736114,0.56586373698394,53.54365836170726,4.862315154798786,3.097956611822064,0.9197232115363386,54.885780048958246,0.06457279718166622,54.9846284866333,58.38570226428829,51.583554708978305,0.12370998481809477,1.0424657478006658,55.67969693900574,57.057984304998726,-1.378287365992989,-2.0289458963214404,0.6506585303284513,2.169862991202665,-0.6188890050794927
2020-04-07 00:00:00-04:00,60.35169060850497,60.5386486628773,58.37998779819019,58.643310546875,61620000.0,-0.0005327406719497136,0.033447688071639295,-0.020248547133570716,-0.019899437154341948,0.039260192926612314,0.6232362414493998,0.03472090928022061,0.5511773474969904,0.03553803239928267,0.5641487748783481,53.46317524695342,2.158660864687107,3.0308640584552817,0.9159338601216489,55.11135203951654,0.060227815831360366,55.211180686950684,58.95405066819985,51.46831070570152,0.1355837688917166,0.9584890574770727,56.13563749406254,57.17541587847104,-1.0397783844084998,-1.8311123939388523,0.7913340095303525,1.8339562299082919,-0.5981594786661623
2020-04-08 00:00:00-04:00,59.661892044147216,60.24705580649516,58.71224047565648,59.85529327392578,40334000.0,0.020456359008441574,0.736797537150907,0.0003563250436704468,-0.0028172798587813297,0.03453058650112639,0.5481560670431065,0.034353183021703405,0.5453398741134817,0.0356602335639939,0.5660886582288382,56.21221371101377,1.6037452596201618,2.9289270013956306,0.6149497401245024,55.2562837730944,0.07683546849873683,55.44755191802979,59.72691545177611,51.16818838428347,0.15435716765539675,1.0149996396820822,56.70789222942612,57.37392531517139,-0.6660330857452692,-1.5980965323001357,0.9320634465548665,2.0599985587283274,-0.42889747675715684
2020-04-09 00:00:00-04:00,60.40971598898934,60.59865278435294,59.13227200925133,59.8339729309082,54028000.0,-0.0003562615749785475,0.03166852369386532,0.0,-0.046363184020315584,0.034582236744943644,0.5489759892448842,0.03422144522050124,0.5432486013519974,0.03553660774938607,0.5641261592623578,56.14937728815904,1.4663807751016122,2.8244594138032006,0.8422582023053443,55.59658574615687,0.07081908449643402,55.790616798400876,60.326980473310115,51.25425312349164,0.16262102608764364,0.9456604917801508,57.18882772196183,57.55615106448523,-0.3673233425233988,-1.3519418943447885,0.9846185518213897,1.7826419671206033,-0.4086699078505229
2020-04-10 00:00:00-04:00,60.40971598898934,60.59865278435294,59.13227200925133,59.8339729309082,54028000.0,0.0,0.043578561755423156,0.0,-0.04034850170976989,0.034582236744943644,0.5489759892448842,0.03274518449818805,0.5198136889027977,0.0355324809599993,0.5640606485117745,56.149377288159044,1.4663807751016122,2.727453796753087,0.8616342472023361,55.952544928114534,0.06486996956186833,56.13368167877197,60.808415389685784,51.45894796785816,0.1665571746269995,0.895775618565972,57.595773138722805,57.72487861014619,-0.12910547142338658,-1.1073746097605082,0.9782691383371216,1.5831024742638888,-0.384282872660316
2020-04-11 00:00:00-04:00,60.40971598898934,60.59865278435294,59.13227200925133,59.8339729309082,54028000.0,0.0,0.043361917727891,0.0,-0.04044760017337268,0.009250636041499208,0.14684929460986731,0.03274518449818805,0.5198136889027977,0.0355324809599993,0.5640606485117745,56.149377288159044,1.4663807751016122,2.6373771523494103,0.8819227705446805,56.32526733923938,0.05864069223216069,56.476746559143066,61.181698406368675,51.77179471191746,0.16661554122274133,0.8567758481677988,57.940111568289794,57.881107819091525,0.05900374919826845,-0.8740989379687528,0.9331026871670213,1.4271033926711951,-0.3594638918422535
2020-04-12 00:00:00-04:00,60.40971598898934,60.59865278435294,59.13227200925133,59.8339729309082,54028000.0,0.0,0.04314847258641527,-0.0031724744703475194,-0.056630156491169203,0.009189488054634952,0.14587860041137693,0.03274518449818805,0.5198136889027977,0.0355324809599993,0.5640606485117745,56.149377288159044,1.4663807751016122,2.5537345539745675,0.9037895997617909,56.767315795782245,0.05125277471825419,56.85472240447998,61.34806542980012,52.361379379159835,0.15806402125590474,0.8315182604176939,58.23147485484647,58.02576449404091,0.20571036080556127,-0.6581370782138901,0.8638474390194514,1.326073041670775,-0.33376842256278366
2020-04-13 00:00:00-04:00,59.582551251526766,60.228215813461446,58.63190840184953,60.02439880371094,38702000.0,0.0031775174360914177,0.15223141061242457,-0.043328167053793054,-0.05362781489447488,0.001468982848751041,0.023319379788086785,0.03246177835682901,0.515314755882411,0.035420427830172144,0.56228186022088,56.730454176474375,1.5963074116119174,2.485346900948664,0.666229422407219,56.921345250840574,0.051696536986864765,57.05407485961914,61.74419992005694,52.36394979918134,0.16440981899988025,0.8166572219094015,58.507309308517925,58.17381147994239,0.33349782857553834,-0.45981009685600444,0.7933079254315427,1.2666288876376055,-0.28260081827488037
2020-04-14 00:00:00-04:00,61.49028773908295,63.2646206472992,60.92346976589179,62.74293518066406,63358000.0,0.04429485861895922,1.5540249658511653,0.006307099526528637,-0.010766124271645583,0.019502601233347194,0.30959419669378946,0.03041986763572828,0.48290042807783645,0.03592559120716235,0.5703010802227219,64.05373216812656,3.240221843588266,2.5392665397086356,1.1165821919256715,57.42876953466464,0.08469743455096006,57.4597469329834,62.6443433196008,52.275150546366,0.18046011906959186,1.0095081520055977,59.15894405807887,58.51226508740325,0.6466789706756231,-0.23851228334967897,0.8851912540253021,2.0380326080223923,0.11339218608343098
2020-04-15 00:00:00-04:00,61.81461065144641,63.232889067237245,61.194238224724224,62.34968948364258,42236000.0,-0.006287293011791072,-0.18958627024620686,-0.00010326505380275908,-0.003052582480753019,0.020447609624906833,0.3245957398394052,0.029728588241945273,0.4719267079033565,0.035911704003400394,0.5700806276973606,62.40830344585298,2.0386508425130216,2.5035082756232345,0.7675574495924691,57.60088589524347,0.07616402948798892,57.693762969970706,63.32174784391498,52.065778096026435,0.19509855430555317,0.9136406385194182,59.64982796970406,58.79651874638394,0.8533092233201245,-0.020147982015718297,0.8734572053358428,1.6545625540776734,0.0916836720006131
2020-04-16 00:00:00-04:00,62.83764929137025,63.14610078349134,61.4025120129918,62.35612869262695,57896000.0,0.00010327038600561386,0.03170917213008374,-0.016864692663704828,0.037346553633867074,0.02043725892542228,0.32443142757901505,0.027644745312343025,0.43884672692506954,0.0359137706135898,0.5701134341170692,62.42532436854511,1.7435887704995423,2.4492283109715425,1.0568512055142603,57.99790853810408,0.06989241067234817,58.058671951293945,63.90907874191292,52.20826516067497,0.20153429604889847,0.8672784555959343,60.06618192707681,59.06019355721675,1.005988369860063,0.18507928835943796,0.8209090815006249,1.4691138223837368,0.12746921771801598
2020-04-17 00:00:00-04:00,63.55967676795776,63.9712758071425,62.78111177962652,63.42578506469727,51050000.0,0.017008520966402835,0.6163113885670124,0.0,0.01636185530616907,0.020132414832321404,0.3195921776250634,0.02526265742271942,0.4010322539828131,0.03599302278052698,0.5713715232645417,65.24083369280332,1.615147114515544,2.389651082653257,0.9419792450880534,58.423879590245726,0.0788623344488266,58.477063751220705,64.61375263295946,52.34037486948195,0.20988361891240317,0.9032077728596214,60.58304394824919,59.38357070591901,1.1994732423301784,0.38795807915358604,0.8115151631765923,1.6128310914384862,0.32531458040166866
2020-04-18 00:00:00-04:00,63.55967676795776,63.9712758071425,62.78111177962652,63.42578506469727,51050000.0,0.0,0.02222326526360889,0.0,0.006159734703387043,0.0205136314520336,0.3256438038534823,0.02526265742271942,0.4010322539828131,0.03599302278052698,0.5713715232645417,65.24083369280332,1.1901640275159764,2.303973435857737,0.9522974525809966,58.85918260532584,0.07199914758190668,58.895455551147464,65.18962123713119,52.60128986516374,0.21374028359514385,0.8598832426383572,61.02038873539505,59.682993991754444,1.3373947436406084,0.5778454120509906,0.7595493315896178,1.43953297055343,0.3701113146346501
2020-04-19 00:00:00-04:00,63.55967676795776,63.9712758071425,62.78111177962652,63.42578506469727,51050000.0,0.0,0.022121055543246015,0.014153769618527434,0.0018799685938770683,0.008737799362369535,0.13870826471285125,0.02526265742271942,0.4010322539828131,0.03599302278052698,0.5713715232645417,65.24083369280332,1.1901640275159764,2.224415620976183,0.9591735888123345,59.18929460103421,0.06679445054312913,59.224460983276366,65.7511007655929,52.69782120095983,0.2204035182070971,0.821859656848544,61.390449709133854,59.96023777493539,1.4302119341984607,0.7483187164804846,0.6818932177179761,1.2874386273941747,0.4214618308537444
2020-04-20 00:00:00-04:00,62.97401789004605,63.3176779307609,62.307029946262375,62.54059982299805,35292000.0,-0.01405454023840812,-0.4707082071534721,0.04041538576548742,-0.012102504957672289,0.011010917249205585,0.17479289248865637,0.02495963270002864,0.39622188563874844,0.03601939446797698,0.5717901608244166,60.55130528246162,1.1187551184348976,2.1454398707946623,0.682286118613234,59.40248887774042,0.05017718016998699,59.47042808532715,66.11243788773201,52.82841828292228,0.22337185106100216,0.731117675899792,61.56739588049758,60.15137570442152,1.41602017607606,0.8818590083995999,0.5341611676764602,0.9244707035991672,0.3255850915153742
2020-04-21 00:00:00-04:00,61.62616202853529,61.98767228700058,59.75611608466856,60.11118316650391,49648000.0,-0.03962004280047541,-1.3573148757474474,-0.03675274045977672,-0.05047781053768208,0.021140527764867294,0.33559547430297015,0.0266407848827403,0.42290934918779927,0.03631095656497328,0.5764185656267248,49.941170321699246,2.7844837383294845,2.191085861332864,0.9619841116062778,59.67569284052148,0.007244747200802165,59.74332275390625,65.9886361678914,53.4980093399211,0.2090715121323515,0.5294509168886475,61.34336315526779,60.14839847939058,1.194964675877209,0.9444801418951217,0.25048453398208725,0.11780366755459021,-0.06254479291994819
2020-04-22 00:00:00-04:00,61.546816874331455,63.46942600073511,61.35292000771885,62.404727935791016,46296000.0,0.03744514049395996,1.3412009404115566,-0.010037882226216155,-0.009796456857510738,0.027913874141603588,0.443119014642238,0.024543627841226778,0.3896180132352428,0.03666770853217686,0.5820818275364472,57.51067010571446,3.3582428342311985,2.274454216539888,0.90591202697229,60.03563530248973,0.03796335168288649,60.09387550354004,66.09342974566454,54.09432126141555,0.1996727350949788,0.6925853437598624,61.50665004457905,60.3155339946795,1.1911160498995486,0.9938073234960072,0.19730872640354136,0.770341375039451,0.41134723615316465
2020-04-23 00:00:00-04:00,62.76821677257481,63.879534159122194,62.50985410412235,63.03749084472656,34202000.0,0.01008860146058631,0.37882519051206465,-0.004253565275867066,0.031299843210270906,0.02856420107854788,0.4534426347184839,0.024505617049142347,0.3890146106172909,0.03670383419493377,0.5826553046540602,59.33750374705448,1.4748062233311785,2.217336502739266,0.6806950644532765,60.43679380170222,0.04125635408665544,60.536392784118654,65.9814981798892,55.091287388348114,0.17989527110373293,0.7296647979073665,61.742164013832515,60.51716042801632,1.2250035858161965,1.040046575960045,0.1849570098561515,0.9186591916294675,0.5999876143722725
2020-04-24 00:00:00-04:00,62.23562155598527,63.361815406709226,61.69013080899274,63.30677032470703,37402000.0,0.004262637419755661,0.17270654605374833,0.0,-0.048860913470047285,0.028673423526144607,0.45517648732204424,0.023650835039404846,0.3754453668796664,0.036628332768505245,0.5814567566662971,60.12325618362404,1.6716845977164851,2.1783613666662105,0.7548776820439541,60.869122139257804,0.03850533162482109,60.99237403869629,65.6723929281303,56.31235514926228,0.15346242749838832,0.7472635624650912,61.98287267704398,60.72379819814156,1.25907447890242,1.0838521565485202,0.17522232235389978,0.9890542498603632,0.7033552882601055
2020-04-25 00:00:00-04:00,62.23562155598527,63.361815406709226,61.69013080899274,63.30677032470703,37402000.0,0.0,0.021722161870400054,0.0,-0.05205311407494195,0.027668500414979702,0.43922382748874234,0.023650835039404846,0.3754453668796664,0.036628332768505245,0.5814567566662971,60.123256183624044,1.6716845977164851,2.1421701688840873,0.7656734597787035,61.31381624348448,0.03148089960995452,61.44835529327393,64.97044058493758,57.92627000161028,0.11463562449650053,0.7638231157876483,62.18654923822291,60.91512946677604,1.2714197714468725,1.1213656795281908,0.1500540919186817,1.0552924631505922,0.7412904792643747
2020-04-26 00:00:00-04:00,62.23562155598527,63.361815406709226,61.69013080899274,63.30677032470703,37402000.0,0.0,0.02162829884501841,0.0045166504841058774,-0.03091123771083404,0.01569646075201288,0.24917358968227182,0.023650835039404846,0.3754453668796664,0.036628332768505245,0.5814567566662971,60.123256183624044,1.6716845977164851,2.10856405665783,0.786539537270307,61.56791185471835,0.027467180225272766,61.679965782165525,65.03951003606109,58.320421528269954,0.10893469901589874,0.7421168497267367,62.35889094383585,61.092288048845,1.2666028949908537,1.1504131226207233,0.1161897723701304,0.9684673989069448,0.7841261081883543
2020-04-27 00:00:00-04:00,64.07045614945028,64.1745987676371,62.73449772386327,63.02212142944336,44186000.0,-0.004506481028062661,-0.13870167772937267,0.031048397993156396,-0.03526859229049728,0.0054971464648745525,0.08726449479933557,0.01700912774103979,0.27001153212552675,0.036243902376365794,0.575354113382201,58.62752498191542,1.4401010437738222,2.0608166985946865,0.9465541581246292,61.82976374366877,0.01891966913728058,61.89890632629395,64.98478114372904,58.81303150885885,0.09970692539115994,0.6819929792361127,62.46092640316009,61.235238669630064,1.2256877335300231,1.1654680448025831,0.06021968872743999,0.7279719169444477,0.7347079091095693
2020-04-28 00:00:00-04:00,63.63406872473429,63.71142467884531,61.0147150018543,61.12430953979492,80700000.0,-0.030576146700413653,-1.0638805116180097,-0.08165083067324097,-0.0643199586098323,0.013994685022785254,0.22215873748182047,0.01855042719223269,0.2944789023879472,0.036319306711342716,0.5765511200909519,49.74235489776639,2.696709676991013,2.1062376256229953,1.6571114104543812,61.85307843638856,-0.01192273421295943,61.962357139587404,64.92086269607414,59.003851583100676,0.09549364139978976,0.35836639752881194,62.255293039565444,61.22702169704968,1.0282713425157652,1.1380287043452197,-0.1097573618294545,-0.5665344098847503,0.33432629719309337
2020-04-29 00:00:00-04:00,66.69874197813101,67.45003233788705,65.79273212855323,66.55889892578125,108358000.0,0.08517760193595013,2.9543526754282277,-0.003356186965820962,0.014574198462114385,0.043899122148658015,0.6968769598763793,0.02575291275615005,0.4088148161298961,0.03793658579035742,0.6022246295529148,65.74988873345136,6.32572279809213,2.407629423656505,2.1074885686667693,62.455036134951165,0.06165761238638031,62.29860343933105,65.72950120207844,58.86770567658367,0.11014364924210651,1.120871821467313,62.91738625282942,61.62197556584461,1.295410686984809,1.1695051008731376,0.12590558611167135,2.4834872858692534,1.5764735171649251
2020-04-30 00:00:00-04:00,66.02232428665536,66.94668363522894,65.53336173174351,66.78303527832031,55842000.0,0.0033618315944538312,0.12159572240823543,0.02230280691673614,-0.001719685258480208,0.04373273626307056,0.6942356658267654,0.025726616796555753,0.40839738071246223,0.03727255538393771,0.5916834736426846,66.22765312912767,1.413321903485425,2.336607457929999,1.0841759470667722,62.82712089621584,0.059235318754502275,62.64605655670166,66.4166849959493,58.87542811745402,0.1203787962562272,1.0485794726626678,63.51210148752032,62.00427628528725,1.5078252022330716,1.2371691211451246,0.27065608108794703,2.1943178906506704,1.622650702190335
2020-05-01 00:00:00-04:00,65.66180653739475,67.01760531854285,64.94622420976376,65.32608032226562,48872000.0,-0.022057736464957952,-0.7570570338806731,0.0,-0.02089299509715803,0.04612780703773516,0.7322562356797335,0.02639258483184023,0.4189692955273483,0.037306284518917945,0.5922189070612548,60.33588075024816,2.071381108779093,2.3176627187049346,0.9536260502725928,63.104048405786386,0.03401446873159303,62.92066192626953,66.62841583036158,59.21290802217749,0.11785489187754548,0.8243767599221412,63.791175154404215,62.25033584358194,1.5408393108222782,1.2979031590805554,0.24293615174172278,1.2975070396885655,1.3332948056424585
2020-05-02 00:00:00-04:00,65.66180653739475,67.01760531854285,64.94622420976376,65.32608032226562,48872000.0,0.0,0.011054048793265079,0.0,-0.03794698383870665,0.04590786577164153,0.7287647763209869,0.02639258483184023,0.4189692955273483,0.037306284518917945,0.5922189070612548,60.33588075024816,2.071381108779093,2.3000711751388034,0.9584474061987652,63.38377610331113,0.02973244697022616,63.195267295837404,66.75085775946752,59.63967683220728,0.11252711210114065,0.7996426399812011,64.02731441099827,62.47816876792887,1.5491456430694015,1.3481516558783246,0.20099398719107686,1.1985705599248015,1.3450800778303278
2020-05-03 00:00:00-04:00,65.66180653739475,67.01760531854285,64.94622420976376,65.32608032226562,48872000.0,0.0,0.011009022510194698,-0.004217968576372466,-0.04841297695654234,0.041440035932193135,0.6578401763889824,0.02639258483184023,0.4189692955273483,0.037306284518917945,0.5922189070612548,60.33588075024816,2.071381108779093,2.283736170398824,0.9489837725949674,63.602166364963104,0.02638936775018699,63.460351371765135,66.80482450789977,60.115878235630504,0.10540354926627964,0.7789271844259456,64.22712455119324,62.68912517936122,1.5379993718320222,1.386121199069064,0.15187817276295812,1.115708737703781,1.388294015531711
2020-05-04 00:00:00-04:00,64.87034957246755,65.68065376658639,64.26931430979212,65.60279083251953,30806000.0,0.00422688929955202,0.15878068276375018,-0.019362111840555918,-0.04438221115215957,0.010883953331156633,0.1727774027728409,0.02639158170750561,0.41895337142220745,0.037044703027750904,0.5880664296220222,61.155606392987664,1.4113394567942663,2.22142211942707,0.6177050311098278,63.7185353745641,0.028722184438248033,63.60334415435791,67.0612884717788,60.14539983693704,0.10873466995788303,0.7891091490525952,64.43876551755113,62.90495226478035,1.5338132527707842,1.415659609809408,0.11815364296137609,1.1564365962103837,1.4497892969861939
2020-05-05 00:00:00-04:00,66.32680414700387,67.98856850629761,66.20431948237466,66.89807891845703,39666000.0,0.019552012779988196,0.6949228124542969,0.0026681129570143014,-0.025514106291124272,0.014883707977537576,0.2362715393704353,0.02503079857982475,0.3973516089573902,0.03685754805886858,0.5850954365962663,64.82068645231446,2.3857776737780796,2.2331618018807133,0.7974155261422666,63.90341928760248,0.04476450862669435,63.83076362609863,67.53131222258769,60.13021502960958,0.1159487490441365,0.914440617705785,64.81712142538281,63.20073942431195,1.6163820010708605,1.4558040880616987,0.1605779130091618,1.6577624708231424,1.7232076900980662
2020-05-06 00:00:00-04:00,67.34341219746076,67.87353091957088,66.70518581908316,66.72006225585938,31732000.0,-0.0026645598622740945,-0.08965936098649069,-0.017417900858794133,-0.041436501634739886,0.008917463017943612,0.14156033682656588,0.024975626237760735,0.39647577517928795,0.03662825697494643,0.5814555534808515,63.92794676342877,1.168345100487727,2.1571034660669284,0.6551460720553319,64.0881613655992,0.039446918981689574,64.04896030426025,67.8951638233533,60.20275678516719,0.12010198138492573,0.8472387691316167,65.10988155314844,63.461430004426575,1.6484515487218658,1.4943335801937323,0.15411796852813353,1.3889550765264638,1.6491344631340397
2020-05-07 00:00:00-04:00,67.50755427769955,68.23603812169104,67.0726492790664,67.90278625488281,30652000.0,0.01757137726290936,0.6247188871798793,-0.010878811190256688,-0.004290315727365046,0.010206419508510998,0.16202188677550913,0.025156653830553783,0.39934949912511436,0.03614837591879205,0.5738376778799985,67.16368287752887,1.5159758658316633,2.1113086374786953,0.6464607266461528,64.24711936871148,0.05383677294845109,64.27281036376954,68.47129473364673,60.074325993892344,0.13064573794469925,0.9322959872325848,65.53955919956911,63.79041935631223,1.7491398432568843,1.5452948328063627,0.2038450104505216,1.7291839489303398,1.8705959084121724
2020-05-08 00:00:00-04:00,68.52464582755636,69.25956898715928,68.03816519605402,68.64961242675781,33326000.0,0.010938418152842069,0.387095248402962,0.0,0.02670727226670988,0.009262005177024472,0.14702977404119713,0.02503498806491798,0.39741811497145874,0.03611803818949403,0.5733560813576087,69.05151114282324,1.3567827322764714,2.057413929964251,0.716243023153352,64.44983918357103,0.061176940331127375,64.53400173187256,69.14072594980419,59.92727751394094,0.14276889993810563,0.9466960143680052,66.01802892682892,64.15035958375263,1.8676693430762867,1.6097697348603477,0.25789960821593905,1.7867840574720235,1.9429463943848497
2020-05-09 00:00:00-04:00,68.52464582755636,69.25956898715928,68.03816519605402,68.64961242675781,33326000.0,0.0,-0.003183920364519699,0.0,0.02025268087205223,0.010069773363391937,0.15985269646990508,0.02503498806491798,0.39741811497145874,0.03611803818949403,0.5733560813576087,69.05151114282324,1.22140379110526,1.9976989200457516,0.7301496186684837,64.66043102615588,0.058109306951411976,64.79519309997559,69.7188150378837,59.87157116206748,0.151974913642474,0.8914211301548308,66.42288792681798,64.48363757212338,1.9392503546945932,1.6756658588271969,0.2635844958673963,1.5656845206193242,1.8730848768631998
2020-05-10 00:00:00-04:00,68.52464582755636,69.25956898715928,68.03816519605402,68.64961242675781,33326000.0,0.0,-0.003171652245553148,-0.013714759484757755,0.008215268978096102,0.008687734596812498,0.1379135111981872,0.02503498806491798,0.39741811497145874,0.03611803818949403,0.5733560813576087,69.05151114282324,1.22140379110526,1.9422492679785734,0.7317255249822151,64.8885123513883,0.054786909094093214,65.10064373016357,70.1905120449284,60.01077541539875,0.1563692161282423,0.8486306989808851,66.76546092680871,64.7922283020963,1.9732326247124092,1.7351792120042395,0.2380534127081697,1.3945227959235424,1.790676162740941
2020-05-11 00:00:00-04:00,68.27520548318408,70.19632388908829,68.2112352957633,69.60421752929688,32718000.0,0.01380967563254393,0.491113745897951,0.02065905219252029,0.022234975808212765,0.008076538641591625,0.12821107619912922,0.02478022156339266,0.39337382213890304,0.035185292051859024,0.5585491954583792,71.65328229595994,1.9850885933249884,1.9453092197890316,0.7319806970797286,65.32642250083822,0.06145884804549528,65.57529544830322,70.4729572453155,60.67763365129095,0.1493752110007155,0.9113107690951036,67.20219271180689,65.1486719485556,2.053520763251285,1.7988475222536489,0.2546732409976362,1.6452430763804133,1.8960205683804856
2020-05-12 00:00:00-04:00,69.833824423372,70.13681640125114,68.16213984874989,68.19536590576172,33918000.0,-0.020448548244832165,-0.7401459768107704,0.019913669360267727,0.0015440255120522384,0.013461073877227198,0.21368792315406704,0.0233631090145987,0.3708778578355168,0.03481229635151754,0.5526280722791795,63.20776477524576,1.9746765525012506,1.947406886411333,0.7694820662900701,65.59023474021708,0.038200999891174876,65.86482734680176,70.6568026359432,61.072852057660334,0.14550938587935483,0.7431709700424513,67.35498858779994,65.37435298242272,1.9806356053772163,1.8352051388783626,0.14543046649885372,0.9726838801698067,1.5483915760613447
2020-05-13 00:00:00-04:00,68.24395686168661,68.69870207901334,65.8561907203026,66.86386108398438,40368000.0,-0.019717985832101718,-0.7096828898291239,-0.006286691025775504,-0.026603203953306176,0.014651897780328238,0.23259166657132682,0.02284151693769297,0.3625978403076314,0.03425683294284363,0.5438103640286952,56.437298696621305,2.8425113587107376,2.0113429201470048,0.9094493244689359,65.74649868841709,0.01671100617662238,66.05614585876465,70.67524944729425,61.437042270235054,0.1398538630578221,0.5874320319667093,67.27943051028986,65.48468691587173,1.7947435944181223,1.8271128299863146,-0.03236923556819238,0.34972812786683766,1.2433516696173887
2020-05-14 00:00:00-04:00,66.1294392946917,67.3121612901518,65.62262654118136,67.28687286376953,36660000.0,0.00630653548216516,0.23148866995392217,-0.011798461420035156,-0.012762168191742584,0.015467858055352854,0.24554463437586482,0.022800075874935523,0.3619399838308968,0.03238430703159119,0.5140849367205038,57.977318470699856,1.6895347489704449,1.988356622205822,0.8266028112612795,65.91303777677284,0.020417579663394206,66.25515098571778,70.71574152108401,61.79456045035155,0.1346488678692401,0.6156485749893027,67.28057548774827,65.61818217127157,1.6623933164766953,1.794168927284391,-0.13177561080769573,0.46259429995721263,1.2848731816017296
2020-05-15 00:00:00-04:00,66.86039957997617,68.16560628520914,66.40118989060014,68.0902328491211,41544000.0,0.011868615619700915,0.4316481286653515,0.0,-0.02561814028892162,0.017065298057612026,0.27090320825781017,0.0228796340861724,0.36320293128101233,0.030517599893319283,0.48445187956976465,60.8107995433577,1.7644163946090003,1.9723608916631918,0.9323724731974334,66.12392242118331,0.02887801004139415,66.49432411193848,70.79953818148596,62.18911004239101,0.12949117468432197,0.6853460375491106,67.4051381587287,65.80129703629747,1.6038411224312341,1.7561033663137597,-0.15226224388252563,0.7413841501964428,1.394740824018998
2020-05-16 00:00:00-04:00,66.86039957997617,68.16560628520914,66.40118989060014,68.0902328491211,41544000.0,0.0,-0.0008657297299025711,0.0,-0.0239489353604474,0.014923591492005124,0.23690467053458958,0.0228796340861724,0.36320293128101233,0.030517599893319283,0.48445187956976465,60.8107995433577,1.7644163946090003,1.9575077133021783,0.9280589039504606,66.33285577350195,0.02580953247014532,66.73349723815917,70.81897791571626,62.64801656060208,0.12244167761736766,0.6660435721082865,67.510537341866,65.97084783724738,1.5396895046186216,1.7128205939747323,-0.17313108935611066,0.6641742884331436,1.345675693771097
2020-05-17 00:00:00-04:00,66.86039957997617,68.16560628520914,66.40118989060014,68.0902328491211,41544000.0,0.0,-0.0008625646898697398,-0.008749817570985141,-0.028431216619316912,0.011926434127496138,0.1893262723748903,0.0228796340861724,0.36320293128101233,0.030517599893319283,0.48445187956976465,60.8107995433577,1.7644163946090003,1.9437154762526658,0.930805716935941,66.57852604027745,0.022201522091918564,66.98690280914306,70.71630539141746,63.25750022686865,0.11134721642229381,0.6479231613693421,67.59972126605909,66.1278393196084,1.4718819464506936,1.6646328644699246,-0.19275091801923105,0.5916926454773662,1.3023256291683052
2020-05-18 00:00:00-04:00,67.52094138012248,69.06715998167876,67.15496289864852,68.69126892089844,47094000.0,0.008788321993736904,0.32051125202375386,0.007843231634863779,-0.019855127794381144,0.005302481817652872,0.08417428932570745,0.022831811965069778,0.36244377864338145,0.025942261006426676,0.4118206264183991,63.13359886064259,1.912197083030236,1.9414641624510636,1.09643322778916,67.2067305299507,0.02161174795966073,67.36525077819825,69.95010657120476,64.78039498519173,0.07674151771563095,0.7564975087368156,67.76765167449591,66.31772299377803,1.4499286807178748,1.6216920277195148,-0.17176334700163998,1.0259900349472628,1.3698667889054919
2020-05-19 00:00:00-04:00,68.70615981767418,69.05378118346108,68.12496474010864,68.15670013427734,31586000.0,-0.007812633382276805,-0.2898761067610981,-0.024666983064008052,-0.027482805420357193,0.007844435134589869,0.12452654725141371,0.021610824386094168,0.34306120171617166,0.025543661771237736,0.40549305972385624,59.74193861702932,0.9288164433524457,1.869132182515448,0.8075493309198382,67.33482406936028,0.012058624659026379,67.44514083862305,70.02382135897837,64.86646031826773,0.07646749605061588,0.6379696496013104,67.82750528369306,66.45394352270391,1.3735617609891477,1.5720659743734415,-0.1985042133842938,0.5518785984052421,1.2315799510975212
2020-05-20 00:00:00-04:00,68.88863698818672,70.02276472704372,68.80235214483642,69.88043975830078,38262000.0,0.024976310469417774,0.9159050842492763,0.0017130911375640157,-0.0028870368453178807,0.012523844030862073,0.19880986058533065,0.012571671383365776,0.1995690962688792,0.02543938522922484,0.4038377209373928,66.0714458262776,1.866064592766378,1.868913068961943,1.0007218630343355,67.50249158494768,0.03402880951490633,67.60001106262207,70.37577721208346,64.82424491316068,0.08212324542047858,0.9107746425471042,68.14334135670963,66.70775805867405,1.4355832980355814,1.5447694391058695,-0.10918614107028812,1.6430985701884202,1.5222464493073655
2020-05-21 00:00:00-04:00,69.9711931242331,70.24244974483369,69.14799496101227,69.76093292236328,30894000.0,-0.0017116254705832775,-0.07079938589608101,-0.004592261021225008,-0.01028571886271834,0.012722995399024866,0.20197129054583277,0.012599347064286658,0.20000843408336536,0.025380823365460776,0.40290808017039986,65.30484687083174,1.0944547838214191,1.8135946200233342,0.8274698343399713,67.738376812021,0.02899267578019886,67.82175369262696,70.54063874066428,65.10286864458963,0.08017737377772635,0.8566129489615897,68.39220159757942,66.93391915968806,1.4582824378913557,1.527472038862967,-0.06918960097161131,1.4264517958463618,1.4583138049354907
2020-05-22 00:00:00-04:00,69.61959655312397,70.26922616998684,69.22535585205502,70.08277130126953,28544000.0,0.004602837845315457,0.16296637782307294,0.0,-0.0049567531171031964,0.012448067491215516,0.19760694531062378,0.011324526114789736,0.17977127889234085,0.024759011162353878,0.39303711746076364,66.43432937619205,1.0438703179318196,1.7586143127310832,0.7859225586537111,67.99280512983233,0.029821397365308498,68.05958824157715,70.6900216718483,65.42915481130599,0.07729795310939715,0.8845721842661932,68.65228924430097,67.16716746647188,1.485121777829093,1.5190019866561921,-0.03388020882709908,1.5382887370647718,1.4877774315001582
2020-05-23 00:00:00-04:00,69.61959655312397,70.26922616998684,69.22535585205502,70.08277130126953,28544000.0,0.0,-0.008433070564561577,0.0,-0.0035254536910357404,0.012535244161431832,0.19899083204773815,0.011324526114789736,0.17977127889234085,0.024759011162353878,0.39303711746076364,66.43432937619205,1.0438703179318196,1.7075611702454214,0.8085500542451427,68.2618839385253,0.025981954322506155,68.29742279052735,70.74071667776748,65.85412890328722,0.07154864085381003,0.8653568897433899,68.87236340691152,67.38313812090134,1.489225286010182,1.51304664652699,-0.023821360516808054,1.461427558973557,1.437251775514182
2020-05-24 00:00:00-04:00,69.61959655312397,70.26922616998684,69.22535585205502,70.08277130126953,28544000.0,0.0,-0.008403738856266323,0.0,-0.014147042829314116,0.011097433225218384,0.17616629103043974,0.011324526114789736,0.17977127889234085,0.024759011162353878,0.39303711746076364,66.43432937619205,1.0438703179318196,1.6601546807944498,0.8111487484938732,68.45212683856649,0.023267408414734125,68.52142181396485,70.73520260033305,66.30764102759665,0.06461572827191481,0.8526432013772551,69.05858000604353,67.58311094907675,1.475469056966773,1.5055311286149466,-0.03006207164817365,1.41057280550902,1.3959886101287666
2020-05-25 00:00:00-04:00,69.61959655312397,70.26922616998684,69.22535585205502,70.08277130126953,28544000.0,0.0,-0.008374711076816694,-0.005719724308487328,-0.014147042829314116,0.002368752634967323,0.037602782337315,0.011345648287739457,0.18010658299298637,0.024662166248028364,0.39149975210648363,66.43432937619204,1.0438703179318196,1.6161343691614047,0.8241731271745564,68.60831662640551,0.02103876098914072,68.68065643310547,70.8606794795503,66.50063338666064,0.06348288323563592,0.821582579241679,69.21614789761676,67.76827097516511,1.4478769224516554,1.4940002873822884,-0.04612336493063296,1.286330316966713,1.3473468007532035
2020-05-26 00:00:00-04:00,71.5069951861751,71.6632053320512,70.38824330390248,70.48593139648438,44590000.0,0.005736144574434923,0.20679735108293756,0.0007673602806346214,-0.008475797747235503,0.002859657292137809,0.04539565217921415,0.010730627474377365,0.17034343025327778,0.023224000596658866,0.3686695801606502,68.17972189989521,1.5804340307816744,1.613584344991424,1.264017870304226,68.81191014825579,0.023749721611993613,68.86894989013672,70.98556968498495,66.75233009528849,0.06146804323936328,0.8819725938223113,69.41149920513486,67.9695791545221,1.4419200506127652,1.4835842400283838,-0.04166418941561867,1.5278903752892432,1.3880355394731738
2020-05-27 00:00:00-04:00,70.4179995868047,70.68330865481425,69.15841334614704,70.431884765625,31684000.0,-0.000767066010265802,-0.038676032542204676,0.0014384293653075808,-0.010168037673377261,0.002671768912516064,0.04241301661890595,0.01069299624612838,0.16974605302441745,0.02293178846338567,0.364030856352351,67.671702083364,1.5248953086672117,1.607249413825409,0.8968523550724637,68.92399368165196,0.021409211026949218,68.99540481567382,71.1703750263257,66.82043460502194,0.0630468135222184,0.8302297987613905,69.56848159905643,68.15197216275193,1.4165094363044943,1.4701692792836059,-0.05365984297911153,1.320919195045564,1.3400784342230059
2020-05-28 00:00:00-04:00,69.426192345688,71.63096943029363,69.38057178014799,70.33071899414062,35170000.0,-0.001437395816793853,-0.06386216862207322,-0.010659167539824987,-0.016688393262006995,0.0028750345637679267,0.045639758798670035,0.010151165860290691,0.16114476230218927,0.022023694168782543,0.349615306329252,66.67030226816563,2.2503976501456435,1.6531885735625687,0.9929362341262895,69.00674103900853,0.01882503085518572,69.07946014404297,71.32689324573438,66.83202704235156,0.06506805632253394,0.7783751047263568,69.68574889060784,68.31336081692888,1.3723880736789624,1.4506130381626774,-0.07822496448371496,1.1135004189054298,1.2860503589715881
2020-05-29 00:00:00-04:00,70.4393250257835,71.24764676163868,70.218652828686,71.08846282958984,37044000.0,0.010716383411742261,0.396762685172779,0.0,-0.003980994444758634,0.005239209080329045,0.08316986575933248,0.010141143425070564,0.16098566107544698,0.021109904062775357,0.3351093381032138,70.22443699325285,1.0289939329526732,1.6086032420904333,1.0403835297884352,69.13174345452464,0.027525132731534334,69.20140266418457,71.60954508051674,66.7932602478524,0.06959808106833393,0.8918082569799686,69.9015510350666,68.51892392897784,1.382627106088762,1.4370158517478944,-0.05438874565913232,1.5672330279198725,1.399406769619206
2020-05-30 00:00:00-04:00,70.4393250257835,71.24764676163868,70.218652828686,71.08846282958984,37044000.0,0.0,-0.011887338953239271,0.0,0.013589796948235033,0.005239209080329045,0.08316986575933248,0.010141143425070564,0.16098566107544698,0.021109904062775357,0.3351093381032138,70.22443699325285,1.0289939329526732,1.567202577152022,1.03497988377291,69.25544737042942,0.025784992194224903,69.32334518432617,71.85753605694997,66.78915431170238,0.07311219231805825,0.8482605955872894,70.08415284960864,68.709260143838,1.3748927057706481,1.4245912225524453,-0.04969851678179715,1.3930423823491593,1.3546273141200418
2020-05-31 00:00:00-04:00,70.4393250257835,71.24764676163868,70.218652828686,71.08846282958984,37044000.0,0.0,-0.011847909445731422,-0.0009406549952393206,-0.004513590558244185,0.005074564232841845,0.08055620983273674,0.010141143425070564,0.16098566107544698,0.021109904062775357,0.3351093381032138,70.22443699325285,1.0289939329526732,1.5287591025663543,1.0287628130181097,69.33388923329342,0.024681552061442256,69.39755744934082,72.05052749783982,66.74458740084182,0.07645715918562779,0.8186815812726009,70.23866207729806,68.88549737981961,1.353164697478448,1.410305917537646,-0.05714122005919808,1.2747263250904006,1.3284347471489308
2020-06-01 00:00:00-04:00,70.70065785212817,71.48814791077972,70.53105438742989,71.1553955078125,25162000.0,0.0009410976887856966,0.024205891056705477,-0.005158381919945554,-0.0035762996271135883,0.004921956328028549,0.07813363444730514,0.009751751190686593,0.15480425098760842,0.020808300175130044,0.3303215248162552,70.57065759794025,0.9570935233498261,1.4879258469080308,0.7073839276928916,69.45259599184709,0.023930715356342176,69.54555892944336,72.24598108909927,66.84513676978744,0.07765908280054509,0.7980712798206085,70.3796979896849,69.05363798189316,1.3260600077917388,1.3934567355884648,-0.06739672779672601,1.1922851192824362,1.3152748364976115
2020-06-02 00:00:00-04:00,71.1618401370753,71.55856271044368,70.49782602311556,71.52434539794922,23442000.0,0.005171732302666829,0.18655251694175498,0.002126147347249141,0.001590285593283891,0.00463219355553332,0.07353379303594337,0.00844244935033738,0.13401972862350917,0.02077017584118204,0.3297163197770968,72.47085826399498,1.0607366873281165,1.4574123355094655,0.6750911468082778,69.6730013580448,0.02588411022294377,69.7785831451416,72.30325784407358,67.2539084462096,0.07236245234961529,0.8457400380227463,70.55579759095633,69.23665334604546,1.3191442449108735,1.3785942374529467,-0.05944999254207328,1.3829601520909822,1.3818605437296905
2020-06-03 00:00:00-04:00,71.54368329606875,71.85659538466791,70.99422380337077,71.37259674072266,27732000.0,-0.00212389029462937,-0.09509350014474591,0.017641020196395463,-0.0060703878120934585,0.002690774139208345,0.042714715239535045,0.006879708620998168,0.10921198862248963,0.019495911212122685,0.3094879958992347,70.45584418101791,0.8623715812971398,1.4149094244942992,0.8090367526504034,69.86935096296774,0.02106194599050106,69.98286933898926,72.31227036116084,67.65346831681768,0.06657060632619165,0.7983014492793997,70.6814589986127,69.3948713752808,1.2865876233318971,1.3601929146287368,-0.07360529129683968,1.1932057971175996,1.340458778250128
2020-06-04 00:00:00-04:00,71.2501248242787,71.47526904447197,69.72423813412438,70.13533782958984,26982000.0,-0.017487223518854986,-0.6874930159308291,-0.017860664699847928,-0.026017702471715642,0.008681958923887477,0.1378218252329053,0.008165637157459398,0.12962547129015564,0.01964907564260611,0.3119194058557946,56.63025583516365,1.7510309103475947,1.4389181020552488,0.8042396802355908,69.99019934694262,0.002069405910610628,70.08512458801269,72.23753177746532,67.93271739856006,0.0614226542966231,0.5116644382678176,70.59744035722457,69.44972074226666,1.1477196149579072,1.317698254694571,-0.16997863973666383,0.04665775307127048,1.0437701569671423
2020-06-05 00:00:00-04:00,70.201772677835,71.72221085779697,69.80405884772759,71.41078186035156,42642000.0,0.018022091385316356,0.688439387907804,0.0,-0.016849971828831856,0.012832080766374864,0.20370296706793808,0.008635342654827264,0.1370818149030073,0.019448762580909343,0.3087395345821491,64.38819080991132,1.9181520100693774,1.4731490954848294,1.2689334198294282,70.19777314297394,0.016986352561574478,70.25115203857422,72.2633538300529,68.23895024709553,0.05728594430376908,0.7881494854761006,70.72256981924411,69.59498452879147,1.127585290452643,1.2796756618461855,-0.15209037139354242,1.152597941904403,1.3326172289137723
2020-06-06 00:00:00-04:00,70.201772677835,71.72221085779697,69.80405884772759,71.41078186035156,42642000.0,0.0,-0.012713475308036137,0.0,0.027191517287849853,0.012838314991502904,0.203801932323774,0.008635342654827264,0.1370818149030073,0.019448762580909343,0.3087395345821491,64.38819080991132,1.9181520100693774,1.5049350179551542,1.2668637383205337,70.40466981656422,0.014089077553510862,70.41717948913575,72.2152140025421,68.6191449757294,0.0510680639710586,0.7763023634439168,70.82844859479911,69.72948803483295,1.0989605599661587,1.2435326414701802,-0.14457208150402145,1.105209453775667,1.3023790518002738
2020-06-07 00:00:00-04:00,70.201772677835,71.72221085779697,69.80405884772759,71.41078186035156,42642000.0,0.0,-0.012673175670803526,-0.005538624602160369,0.01917983930416689,0.0125956805674333,0.19995023025022465,0.008635342654827264,0.1370818149030073,0.019448762580909343,0.3087395345821491,64.38819080991132,1.9181520100693774,1.5344505173918843,1.275297650200826,70.58948589035046,0.011501007951533151,70.5531551361084,72.20718367148827,68.89912660072854,0.04688744343719222,0.7592539082302465,70.91803832796103,69.8540283182047,1.0640100097563305,1.2076281151274104,-0.14361810537107988,1.037015632920982,1.267328650100731
2020-06-08 00:00:00-04:00,70.72942336173372,71.85610527816216,70.64015718062795,71.80850219726562,33878000.0,0.005554019654661325,0.20414567250478763,-0.002782162080780526,0.024856132694382804,0.01278701478428877,0.2029875667808059,0.008541557452632872,0.13559302097302167,0.016902923214947078,0.268325587540622,66.70758726004028,1.2159480975342092,1.5117003445449075,1.0097313085853092,70.76554330259283,0.014524170018303317,70.73574523925781,72.04652774023188,69.42496273828374,0.0370613894443455,0.9092047907302037,71.05503276939251,69.99880416109809,1.0562286082944183,1.177348213760812,-0.12111960546639366,1.636819162920812,1.3371795221946576
2020-06-09 00:00:00-04:00,71.66965065277674,72.78840250945899,71.52682627591334,72.00884246826172,33624000.0,0.002786039487087338,0.09511997758472666,-0.008616154914955043,0.02771540351988988,0.007490199132305216,0.1189032250465883,0.008233291765638123,0.13069945489988616,0.016896252596002616,0.2682196947477145,67.84370185427821,1.2615762335456537,1.4938343366163895,1.0091357639347411,70.87909587068812,0.01568899816812834,70.84216537475587,72.20512966104226,69.47920108846947,0.038478899651819005,0.9279925399529876,71.20177272306469,70.14769588755466,1.0540768355100312,1.152693938110656,-0.09861710260062484,1.711970159811942,1.3569467291238442
2020-06-10 00:00:00-04:00,72.47648141459497,73.0348622998667,72.1219137520516,72.63467407226562,31762000.0,0.008653488580834956,0.3251916366395796,0.04479630560414738,0.03094166018653466,0.003732823399474976,0.059256734418801,0.006631703576284025,0.10527503058927117,0.016767435476258252,0.2661747863670072,71.1551576060221,1.0260198316049838,1.4604190148298606,0.9520127086892666,71.01443322189162,0.022306713302822762,70.98585243225098,72.46945010233664,69.50225476216532,0.04179981275851004,1.0556835499476918,71.42221908448022,70.33191649382955,1.0903025906506656,1.140215668618658,-0.04991307796799238,2.2227341997907697,1.4911788117242315
2020-06-11 00:00:00-04:00,71.46087559148388,71.98504674451961,69.34734716096332,69.52041625976562,47144000.0,-0.043821943549998695,-1.726520962268464,-0.007799595157129802,-0.03081288325450693,0.021736502633424016,0.34505628204204314,0.0119741675074941,0.19008401629115723,0.017774744490469868,0.28216532123699256,45.85131564713319,3.2873269113023014,1.5909124360064635,1.3747412008281574,70.95051262905893,-0.02057088329203469,70.95773468017578,72.53194661057515,69.3835227497764,0.044370411132619664,0.04348001287046905,71.12963403452413,70.27180536538037,0.8578286691437569,1.0837382687236778,-0.22590959957992096,-1.8260799485181256,0.6057317936306496
2020-06-12 00:00:00-04:00,70.70860183286206,71.13755930153172,68.7220223032862,70.06690979003906,36676000.0,0.007830171089802865,0.30059214560896697,0.0,-0.027276230244581923,0.022488773989066797,0.35699821959485245,0.012058824093101835,0.19142789792532872,0.017785194906691407,0.28233121645150844,49.26116887077558,2.4155369982455284,1.649814190452111,1.0569574289040795,70.93950643696526,-0.012453762404264742,70.95694160461426,72.5330244036474,69.38085880558111,0.04442363955919582,0.21764433470081987,70.96613799691104,70.2566279153551,0.7095100815559476,1.0088926312901318,-0.2993825497341842,-1.1294226611967193,0.7398913920738289
2020-06-13 00:00:00-04:00,70.70860183286206,71.13755930153172,68.7220223032862,70.06690979003906,36676000.0,0.0,-0.007708756175123763,0.0,-0.014782431267745033,0.02204402785051727,0.3499380935199025,0.012058824093101835,0.19142789792532872,0.017785194906691407,0.28233121645150844,49.26116887077558,2.4155369982455284,1.7045086767230697,1.044715748215415,70.92875519229997,-0.012300319863449068,70.95614852905274,72.53409830025106,69.37819875785442,0.04447675934812707,0.21822970691317514,70.82779519585382,70.24257472088725,0.5852204749665759,0.9241582000254207,-0.3389377250588448,-1.1270811723472953,0.7133199519472224
2020-06-14 00:00:00-04:00,70.70860183286206,71.13755930153172,68.7220223032862,70.06690979003906,36676000.0,0.0,-0.007685361164019361,-0.0055039521315239925,-0.008226469432408456,0.02183506828086298,0.34662096318766855,0.012058824093101835,0.19142789792532872,0.017785194906691407,0.28233121645150844,49.261168870775585,2.4155369982455284,1.755296413974674,1.0327543871505485,70.91825013808325,-0.012150390970506577,70.95535545349121,72.53516831420028,69.37554259278214,0.04452977088514712,0.2188130045183378,70.71073590265155,70.22956250378738,0.481173398864172,0.835561239793171,-0.354387840928999,-1.1247479819266475,0.6873651652945761
2020-06-15 00:00:00-04:00,68.90499734928308,70.66594045276953,68.79143400610754,70.4546890258789,30468000.0,0.005519154684466904,0.21032012259726895,-0.017788146390737447,-0.002737584836782214,0.021368313558893678,0.3392114616820933,0.012119064091896711,0.19238417826006918,0.01778906740627032,0.2823926904765365,51.94315546723238,1.8745064466619965,1.763811416309483,0.875348711598629,70.92565289778362,-0.006684634882594171,70.95379333496093,72.53562108044024,69.37196558948163,0.044587545531547805,0.3422380975082729,70.67134407545576,70.24623854246082,0.425105532994948,0.7534700984335265,-0.3283645654385785,-0.6310476099669066,0.7798237697565146
2020-06-16 00:00:00-04:00,71.85610266711461,72.26125473639239,70.86380812050945,71.73064422607422,30648000.0,0.017948257022547823,0.7010416816187692,-0.004178964540392238,0.015323131663143696,0.007382493482715826,0.11719345086492716,0.01267559333109408,0.20121880604558245,0.017087559694849427,0.271256600793254,59.52446607913949,1.8065657105134818,1.7668652944669114,0.8818324898071926,70.98365324266847,0.010413833466369721,71.0187313079834,72.6168960628932,69.4205665530736,0.04500685172702174,0.7227282624972531,70.83431332939706,70.35619451902477,0.478118810372294,0.69839984082128,-0.22028103044898606,0.8909130499890128,1.142065068169513
2020-06-17 00:00:00-04:00,72.05150228105227,72.51070444213754,71.168298968231,72.03166198730469,30610000.0,0.004187720815998378,0.15293960181003793,0.01284413866022649,0.0012959860279555535,0.007368458679367334,0.11697065526876832,0.012690414886714562,0.20145409094687192,0.017055317310076427,0.2707447688025439,61.08422024638264,1.3424054739065383,1.7365467358554563,0.8865551207898769,71.06336391057383,0.013442672985964417,71.1037784576416,72.72859440103377,69.47896251424942,0.04570266105788244,0.7855349658023174,71.01852081522901,70.48030322037884,0.5382175948501668,0.6663633916270575,-0.12814579677689064,1.1421398632092665,1.1991743287230068
2020-06-18 00:00:00-04:00,71.8982617395041,72.05298121424725,70.72743476994945,71.11820983886719,34862000.0,-0.012762352283816277,-0.5216434779288702,0.006654328996358094,-0.02039641468008846,0.011052789912244856,0.17545760040745986,0.01303813841395964,0.20697403081545193,0.01715864977294818,0.27238512079725474,54.252058307131996,1.3255464442977996,1.7071895721727666,1.0129061125347931,71.0647908966045,0.000751128893481887,71.10526580810547,72.73007718106737,69.48045443514357,0.04570157651465201,0.503983241063275,71.03385758809642,70.5275555624891,0.5063020256073258,0.6343511184231112,-0.12804909281578536,0.01593296425309964,0.8817452764988789
2020-06-19 00:00:00-04:00,71.40979643273978,71.63295053322123,70.36840054135394,70.6480941772461,52784000.0,-0.006632286679681056,-0.275550301778124,0.0,-0.00562563255882631,0.011867557834908615,0.18839164020506594,0.012909439655845172,0.2049310013673695,0.017085410455523482,0.27122248267666754,51.085205600704995,1.2645499918672982,1.6755724592938046,1.499340998954688,71.0323069416891,-0.005438402393121474,71.08324737548828,72.72090194491194,69.44559280606462,0.046077089325223315,0.36714133542968896,70.97450937104253,70.53648434876739,0.4380250222751414,0.5950858991935173,-0.1570608769183759,-0.5314346582812425,0.7063476279174367
2020-06-20 00:00:00-04:00,71.40979643273978,71.63295053322123,70.36840054135394,70.6480941772461,52784000.0,0.0,-0.00948347995170406,0.0,-0.011421830420172974,0.011673033136596503,0.18530365635150364,0.012909439655845172,0.2049310013673695,0.017085410455523482,0.27122248267666754,51.085205600704995,1.2645499918672982,1.6462137116204827,1.466556271150651,71.00124358104895,-0.004998710976078955,71.0612289428711,72.71038944376163,69.41206844198057,0.04641519786313732,0.37474391807167523,70.92429164892,70.54475174346952,0.37953990545048555,0.551976700444911,-0.17243679499442544,-0.5010243277133006,0.6930268028830505
2020-06-21 00:00:00-04:00,71.40979643273978,71.63295053322123,70.36840054135394,70.6480941772461,52784000.0,0.0,-0.009455870915520801,-0.017936679946811585,0.04557670749916665,0.006673675826362614,0.10594131940331371,0.012909439655845172,0.2049310013673695,0.017085410455523482,0.27122248267666754,51.085205600704995,1.2645499918672982,1.6189520173523981,1.4123602931535952,70.97111558869146,-0.004572259382326043,71.03586387634277,72.69450405874194,69.3772236939436,0.04669866999256832,0.38310614224485273,70.88179973020094,70.55240673856407,0.3293929916368654,0.507459958683302,-0.17806696704643654,-0.4675754310205875,0.6709681850779524
2020-06-22 00:00:00-04:00,70.66645003115394,71.95281537744636,70.37783504857579,71.93843078613281,29442000.0,0.018099492000567877,0.717696066310396,-0.009098444968584474,0.06467341376983549,0.01155552889275531,0.18343833430831272,0.013520194930773674,0.2146264407836597,0.017087095902939282,0.27124923832492803,59.2413324560542,1.5749803288705664,1.6158111824608388,0.7815166870615217,70.99170184679005,0.013160266758630185,71.05656814575195,72.75083736899526,69.36229892250864,0.04768789902062278,0.7602486748513099,71.04435835419046,70.65507518653212,0.38928316765834836,0.4838246004783113,-0.09454143281996291,1.0409946994052368,1.1213105887445447
2020-06-23 00:00:00-04:00,72.00487961496944,73.15537446068053,71.65775015871338,72.59896850585938,37752000.0,0.009140088606358591,0.35451165494689413,0.021832991046859762,0.07444923096934808,0.009620134411891116,0.15271489939727104,0.013615839282545793,0.21614474779824175,0.016244810360299212,0.25787836985254375,62.67257239592863,1.49762430196715,1.6073692624255753,0.9889479461097765,71.05734166053013,0.021234831252524265,71.11788673400879,72.94395696766381,69.29181650035378,0.0513533322632261,0.9055380084932677,71.28352914675492,70.79906728426006,0.4844618624948538,0.4839520528816198,0.0005098096132339913,1.6221520339730702,1.345093729710302
2020-06-24 00:00:00-04:00,72.56424844008514,73.18461692389582,70.91388742535021,71.04778289794922,31592000.0,-0.02159806457954104,-0.8861429876457801,-0.00582898961511058,0.02542990177213178,0.014758420337008336,0.23428265973529275,0.01445577121612843,0.2294782538851294,0.01592534099865308,0.2528069509580224,51.671542099957556,2.270729498545606,1.654752136434149,0.822614075470519,71.08933737838925,-0.0005848807484916806,71.16350898742675,72.93086882418362,69.39614915066988,0.04967039601909249,0.46726017897693867,71.2472604930925,70.81749066305186,0.42976983004064095,0.4731156083134241,-0.04334577827278313,-0.1309592840922455,0.7247975125840513
2020-06-25 00:00:00-04:00,70.97439400933185,71.52484484122479,70.39518156341698,71.46434783935547,23958000.0,0.005846044482467046,0.22564690899405504,0.05765708739407582,0.016254693830079603,0.014877774117708378,0.23617734226589865,0.013949856983006746,0.2214471144117218,0.015899788446750808,0.2524013167718435,54.00638169637297,1.1296632778078077,1.6172457893894105,0.6393881004104595,71.08303565732022,0.005335698058735464,71.16618728637695,72.93528639937804,69.39708817337586,0.04971740598894614,0.5842690358011422,71.28065854636372,70.86540600944471,0.415252536919013,0.4615429940345419,-0.04629045711552893,0.337076143204569,0.876559035982398
2020-06-26 00:00:00-04:00,71.04431642722474,71.26201482286062,67.19463394651147,67.56854248046875,97640000.0,-0.056056166905557696,-2.2505109647887203,0.0,-0.055104292440263714,0.03023577009527126,0.4799779702236689,0.01813917279327155,0.28795044119655216,0.017496743232133835,0.2777521880746716,36.329305730078815,4.2697138928439955,1.806707796779024,2.4276419004428136,70.6390650215219,-0.04544307792255118,70.97407531738281,73.3587285267039,68.58942210806173,0.06719786622530446,-0.21405201049833597,70.70956376699526,70.62119389618724,0.08836987080802317,0.3869083693892382,-0.29853849858121506,-2.8562080419933507,-0.8457123170951572
2020-06-27 00:00:00-04:00,71.04431642722474,71.26201482286062,67.19463394651147,67.56854248046875,97640000.0,0.0,0.0010231973828331196,0.0,-0.07305790881362506,0.027115630115432707,0.4304472835694915,0.01813917279327155,0.28795044119655216,0.017496743232133835,0.2777521880746716,36.329305730078815,4.067380876349148,1.9681844453197472,2.2722829881312543,70.25191890754726,-0.03971339810762037,70.78196334838867,73.59845661549855,67.9654700812788,0.07958223066650759,-0.0704648588095773,70.22632972291426,70.39507156909698,-0.16874184618272636,0.27577832627484533,-0.4445201724575717,-2.281859435238308,-1.0157464058987495
2020-06-28 00:00:00-04:00,71.04431642722474,71.26201482286062,67.19463394651147,67.56854248046875,97640000.0,0.0,0.001020335466088105,-0.024785840563743555,-0.07305790881362506,0.02555221777897061,0.4056288821359166,0.01813917279327155,0.28795044119655216,0.017496743232133835,0.2777521880746716,36.329305730078815,4.067380876349148,2.118127047536133,2.115338369646931,69.91098329383155,-0.03466762382864631,70.56996536254883,73.68371895397559,67.45621177112207,0.08824585857255395,0.018037828949593923,69.81743937792264,70.1856990440134,-0.3682596660907649,0.14697072780172327,-0.5152303938924881,-1.9278486842016271,-1.035867984719031
2020-06-29 00:00:00-04:00,67.45944641414235,69.32701421353897,67.02850648187311,69.28585052490234,45074000.0,0.02509818140012107,1.0091132518566297,-0.014724503325484584,-0.04949894111236686,0.03033260159234569,0.481515122585691,0.01905835577769398,0.30254201871341563,0.017741377703002256,0.2816356399068619,46.05122363144349,2.2985077316658646,2.1310113821168284,0.9645499950781715,69.80536122680506,-0.007498077861020093,70.43381576538086,73.52067385525403,67.34695767550768,0.08765272919915852,0.3140560390118748,69.73565647745798,70.11904359815333,-0.3833871206953461,0.0408991581023094,-0.42428627879765546,-0.7437758439525004,-0.17766793767497097
2020-06-30 00:00:00-04:00,69.27147878140379,70.61635863988086,68.77805172682511,70.32129669189453,40286000.0,0.014833984861233784,0.5922942789038058,-0.016609076429128566,-0.03529412626646289,0.03138575706130724,0.49823344736225017,0.019378887866771784,0.3076303078829108,0.01733480509387144,0.27518149982495704,50.91756394810846,1.838306913055746,2.1101039200410368,0.8542988497947274,69.7321165850451,0.008378402199135456,70.31814689636231,73.22594362523263,67.41035016749198,0.08270402043318777,0.5005416120564672,69.82575497198668,70.13402530880083,-0.3082703368141466,-0.02893474088098181,-0.2793355959331648,0.002166448225868534,0.33531792284626527
2020-07-01 00:00:00-04:00,70.37685713338242,71.83034431429103,70.1293982281147,71.50899505615234,42182000.0,0.016748553688063557,0.6670945340825375,-0.01900063279970643,-0.038442097665021824,0.01104467138829587,0.17532872283516823,0.01966166230841201,0.312119212981142,0.013846025898296142,0.21979884704070776,55.83829906531799,1.7009460861763301,2.080878360479272,0.899236175805341,69.82264636715719,0.02358232957505486,70.41757583618164,73.34643807324935,67.48871359911394,0.08318554571890871,0.6863213650266121,70.08471498493525,70.23587491971576,-0.15115993478050882,-0.053379779660887215,-0.0977801551196216,0.7452854601064481,0.9707168453142482
2020-07-02 00:00:00-04:00,71.99694685942596,73.81591270905315,71.9587569455247,72.89402770996094,57218000.0,0.019183464472747953,0.76244652769361,0.0,-0.013416871990424961,0.009319472633520289,0.14794204163140126,0.017441262073713132,0.27687145198888585,0.014029272236509138,0.22270779247815667,60.77670201240466,2.3069176529008075,2.0970240242236673,1.1936381577025938,69.99660788691375,0.0397483842513926,70.55893173217774,73.68292475522563,67.43493870912985,0.08854989570719989,0.8737357863086692,70.51691694263151,70.43277512640059,0.08414181623092531,-0.02587546048252471,0.11001727671345002,1.4949431452346778,1.7476715037657518
2020-07-03 00:00:00-04:00,71.99694685942596,73.81591270905315,71.9587569455247,72.89402770996094,57218000.0,0.0,-0.015867212495355127,0.0,-0.022392833638384735,0.009319472633520289,0.14794204163140126,0.017399796904566105,0.27621321283508027,0.013706186048215531,0.21757895824056867,60.77670201240466,1.8571557635284535,2.079890577031152,1.1685990821622085,70.16327098778818,0.037462009000767564,70.70028762817383,73.98238537794502,67.41818987840263,0.09284538606214358,0.8341978589668823,70.88262629145142,70.61509013259024,0.26753615886117643,0.03280686338621552,0.2347292954749609,1.3367914358675288,1.7329136454634064
2020-07-04 00:00:00-04:00,71.99694685942596,73.81591270905315,71.9587569455247,72.89402770996094,57218000.0,0.0,-0.015824261703713042,0.0,-0.032087589779706605,0.009395864171479687,0.14915471970166316,0.017399796904566105,0.27621321283508027,0.013706186048215531,0.21757895824056867,60.77670201240467,1.8571557635284535,2.063980947495245,1.1445889177835566,70.32308553211497,0.0352695859813855,70.84164352416992,74.24997650331458,67.43331054502526,0.09622399508508853,0.8010832859273729,71.1920726635298,70.78390032350659,0.40817234002321356,0.10787995871361514,0.30029238130959846,1.2043331437094915,1.685526863535666
2020-07-05 00:00:00-04:00,71.99694685942596,73.81591270905315,71.9587569455247,72.89402770996094,57218000.0,0.0,-0.01578165781033018,-0.0198180197820107,-0.04488613297566757,0.00987797264115155,0.15680795439592124,0.017399796904566105,0.27621321283508027,0.013706186048215531,0.21757895824056867,60.77670201240466,1.8571557635284535,2.0492077200690453,1.114763041254688,70.46247910698612,0.033357308950600684,70.96361045837402,74.48630420818354,67.4409167085645,0.09928169457713454,0.7739973140854636,71.45391190144228,70.94020605583654,0.5137058456057417,0.18904513609204046,0.3246607095137013,1.0959892563418527,1.6487757434797972
2020-07-06 00:00:00-04:00,73.79756767696199,74.88111101976311,73.24364363672055,74.36785125732422,44712000.0,0.020017030456545664,0.7995555611218256,0.006530570772339761,-0.025574958221616928,0.01073954208678315,0.1704849453380392,0.01783347002969423,0.28309756027136757,0.013895462930797473,0.220583635602041,66.1883689937556,1.9870833098021734,2.04477026219284,0.8593388134313011,70.59293120066938,0.05076010658951313,71.09547080993653,74.92327174605637,67.26766987381669,0.10768058478304239,0.9274491414259423,71.90221026388565,71.19410570039118,0.7081045634944729,0.29285702157252697,0.41524754192194596,1.7097965657037706,2.420720911097147
2020-07-07 00:00:00-04:00,74.19329366469888,75.44246780197778,73.87442642573149,73.88533782958984,42364000.0,-0.006509338982041887,-0.28584233337455345,-0.009098028734860653,-0.03189722192871025,0.010081684587499896,0.16004178129070518,0.01757598892686785,0.2790101744791041,0.013751401201107537,0.2182967265408327,63.11801207048612,1.568041376246299,2.0107181989109444,0.8051176014474024,70.68362187641084,0.043333576691000394,71.18815460205079,75.19689199066143,67.17941721344015,0.11262371980338305,0.8364130605314924,72.20730681245553,71.39345622847996,0.8138505839755652,0.39705573405313466,0.41679484992243054,1.3456522421259678,2.0203574040136787
2020-07-08 00:00:00-04:00,74.42486894273686,74.93911986849916,74.00334980572426,74.563720703125,31766000.0,0.009139668550870486,0.3554889855464186,-0.009916821883991567,-0.005707011843758769,0.010295702504897314,0.16343921040397835,0.017648198932048633,0.2801564727743783,0.013773079234085628,0.21864085464587124,65.53844061068396,1.0537820389093184,1.9423656160536853,0.6054864706196296,70.78665008433238,0.05065560815870502,71.36043014526368,75.64328114771156,67.0775791428158,0.12003433818236717,0.8739670789423291,72.56983202640468,71.62829063400922,0.9415413923954645,0.5059528657216007,0.43558852667386383,1.495868315769317,2.276471082454664
2020-07-09 00:00:00-04:00,74.87763965842205,75.83026886920159,74.1665217588181,75.31056213378906,41836000.0,0.009966321083842591,0.3883199084311748,-0.013222832005065466,-0.00144657690336647,0.010163459799063102,0.16133992252994078,0.01741586102815687,0.2764682228913885,0.013665207127937323,0.21692843804825618,68.0262108118213,1.6637471103834827,1.9224642942200996,0.8058370990172624,70.97597048865772,0.057556224815198516,71.59355354309082,76.20789161369554,66.9792154724861,0.1289037306362348,0.9027672586862628,72.99148281215612,71.90105148584476,1.0904313263113607,0.6228485578395527,0.467582768471808,1.6110690347450503,2.5151894250709677
2020-07-10 00:00:00-04:00,75.04228097916123,76.43527091513984,74.42092109962981,76.3197250366211,35918000.0,0.013311032013605882,0.5244914838495898,0.0,0.014589329009938146,0.009763219469416225,0.1549863042685159,0.017423706615686457,0.27659276773234337,0.013694474489599005,0.21739304301118295,71.06573338775448,2.0143498155100303,1.9290275457408088,0.7032692484664078,71.18081845996471,0.06733392414858072,71.87713508605957,76.9236968950173,66.83057327710183,0.1404218964185317,0.9401600652820553,73.50352007745842,72.22836063775412,1.2751594397042965,0.7533107342125015,0.521848705491795,1.7606402611282193,2.799147639212297
2020-07-11 00:00:00-04:00,75.04228097916123,76.43527091513984,74.42092109962981,76.3197250366211,35918000.0,0.0,-0.02544093933807251,0.0,0.01590171749232594,0.008188018078098722,0.1299807573909016,0.017423706615686457,0.27659276773234337,0.013694474489599005,0.21739304301118295,71.06573338775448,2.0143498155100303,1.9351219935814674,0.7150763693121187,71.39254477767317,0.06455972235989688,72.16071662902831,77.54274672963629,66.77868652842034,0.1491678672837052,0.8863791478166352,73.93678237886806,72.53142466729983,1.4053577115682288,0.883720129683647,0.5216375818845818,1.5455165912665414,2.604636354641201
2020-07-12 00:00:00-04:00,75.04228097916123,76.43527091513984,74.42092109962981,76.3197250366211,35918000.0,0.0,-0.02537490519064669,0.01770897088219403,0.014609498669231336,0.0061211112537623135,0.09716962874888317,0.017423706615686457,0.27659276773234337,0.013694474489599005,0.21739304301118295,71.06573338775448,2.0143498155100303,1.9407811237192218,0.7104962277512492,71.55168588853793,0.06247453257719778,72.37978134155273,78.07147114689815,66.68809153620731,0.15727292069278082,0.8461137052275863,74.3033889415993,72.81203950947177,1.491349432127521,1.0052459901724218,0.48610344195509914,1.3844548209103462,2.4741624465393253
2020-07-13 00:00:00-04:00,76.86174141702182,78.17191203749789,74.71052246568456,74.99169921875,42954000.0,-0.017553994036084562,-0.7514537387025916,-0.005674425511708825,-0.0030455388540753248,0.012021880760131925,0.1908414406954873,0.017683236548524543,0.2807126776927446,0.013815999547022761,0.21932219349121956,61.46243698975206,3.461389571813328,2.049396012868801,0.8453265372391195,71.6581785717981,0.04445186176176715,72.49941787719726,78.30985576199701,66.6889799923975,0.1602892286567523,0.7144658794195708,74.40928283039172,72.97349578423312,1.4357870461585946,1.0913542013696564,0.3444328447889382,0.8578635176782838,1.7873583748153468
2020-07-14 00:00:00-04:00,74.02767136950519,75.51586747193137,73.68748069578344,75.41966247558594,38108000.0,0.005690586228338079,0.21456904685585929,0.0026239574178701375,0.002643889210017125,0.011372004312565215,0.1805249719164096,0.017629333113973914,0.2798569871969453,0.013545743370641555,0.2150320096933163,63.18877187622519,1.828386776147937,2.033609638817311,0.7451803212011114,71.81718177357617,0.04776580249448781,72.7180118560791,78.6266239971861,66.8093997149721,0.16250752709799365,0.7286197295563787,74.5647258527293,73.15469331692593,1.4100325358033672,1.1550898682563986,0.2549426675469686,0.9144789182255152,1.9057103973182705
2020-07-15 00:00:00-04:00,75.53717702893292,76.18680655802422,74.27759098501936,75.22228240966797,31026000.0,-0.0026205208518939355,-0.13155392152793763,0.0012935169381964595,-0.030028812257551052,0.008738360399593635,0.13871717090267857,0.01683777887091732,0.267291453138871,0.013280460606236586,0.21082077636295257,61.81344714712766,1.9092155730048574,2.0247243484021356,0.6025320093916225,71.92797402930508,0.04379431565798235,72.90590858459473,78.88524417061505,66.9265729985744,0.16402883393414786,0.6936982622692159,74.66588839995063,73.30784806453644,1.358040335414188,1.1956799616879565,0.16236037372623136,0.7747930490768634,1.746130953168355
2020-07-16 00:00:00-04:00,74.45960184041358,75.17420057221202,73.8035251716801,75.12510681152344,26484000.0,-0.0012926810658942013,-0.07586502869405376,-0.0012719919661956514,-0.026350769497288318,0.008649903890044244,0.13731296734600357,0.016843547082704354,0.2673830206622592,0.01327402099702421,0.21071855073585427,61.10826082966698,1.4187572379878617,1.9814409833725446,0.552499327212532,72.46028739705243,0.035471755416689205,73.28373680114746,78.77835497868016,67.78911862361475,0.1499546397979713,0.6675612345463129,74.73653738634644,73.44245982357252,1.2940775627739214,1.2153594819051494,0.07871808086877197,0.6702449381852519,1.6426085958854044
2020-07-17 00:00:00-04:00,75.22376082168248,75.54709246272641,74.29097211617324,75.22078704833984,34264000.0,0.001272801634644045,0.031548684473384894,0.0,-0.030674046228936547,0.008783671872970508,0.13943646824323735,0.010257112072449616,0.1628266062805201,0.013210709380753022,0.20971350998532357,61.57310343585018,1.2561203465531747,1.9296323664568753,0.7654006044752614,73.09940464616163,0.02820207665222818,73.66634902954101,78.51277609211098,68.81992196697104,0.13157777265781156,0.660369484439795,74.81103733434543,73.57418776614787,1.236849568197556,1.2196574991636306,0.01719206903392534,0.641477937759181,1.6235256243740874
2020-07-18 00:00:00-04:00,75.22376082168248,75.54709246272641,74.29097211617324,75.22078704833984,34264000.0,0.0,-0.02186299127888843,0.0,6.57288072016815e-05,0.0031890524704285363,0.050624638528140434,0.010257112072449616,0.1628266062805201,0.013210709380753022,0.20971350998532357,61.57310343585018,1.2561203465531747,1.8815243650351825,0.8237073079262356,73.83589526993586,0.018411024834318692,74.04896125793456,77.99257709926339,70.10534541660574,0.10651373832489111,0.64857250776364,74.87407575188303,73.69615808334727,1.1779176685357555,1.2113095330380557,-0.03339186450230014,0.5942900310545588,1.5712013394663504
2020-07-19 00:00:00-04:00,75.22376082168248,75.54709246272641,74.29097211617324,75.22078704833984,34264000.0,0.0,-0.02180824177169408,-0.030048094541431425,0.005728343539032066,0.001480188766968649,0.0234972682249823,0.010257112072449616,0.1628266062805201,0.013210709380753022,0.20971350998532357,61.57310343585018,1.2561203465531747,1.836852649429325,0.8345511583951989,74.14344560110254,0.01432238998702526,74.34570808410645,77.61590142443855,71.07551474377435,0.08797261939135927,0.6337962122056869,74.92741595133792,73.8090935622356,1.1183223891023175,1.1927121042509081,-0.07438971514859061,0.5351848488227468,1.5100251307170802
2020-07-20 00:00:00-04:00,75.12906443419325,77.80742846308635,74.5191078119618,77.5510482788086,30166000.0,0.030508790715412185,1.2580873192522088,0.005090331129599557,0.036884754676108855,0.013676280716969396,0.21710422582445496,0.010835951593554275,0.172015398811672,0.013677038432159021,0.21711625418019315,71.81885144801788,3.2883206511245504,1.9405289352646982,0.7439064087514919,74.4600519730262,0.03985756961878535,74.70719566345215,77.69002846059257,71.72436286631174,0.07985396241020094,0.9767033234452136,75.33105169402572,74.08627539309286,1.2447763009328554,1.2031249435872975,0.041651357345557916,1.9068132937808555,2.3947146835773454
2020-07-21 00:00:00-04:00,78.60186132798782,78.70203135101997,76.99463868090396,77.15828704833984,27486000.0,-0.005077419192913867,-0.24151531351234182,-0.005706625531456733,0.03163339907048557,0.014279040126853909,0.22667273481820577,0.010837246788820502,0.1720359593991142,0.013649941381396812,0.21668610183471257,68.50349830507291,1.7073926701160076,1.9238763448969345,0.6903254972875226,74.70950592639625,0.03173711101711511,74.98966026306152,77.75964112776636,72.21967939835669,0.07387634121791785,0.8914515823757155,75.61216482545866,74.31383181200005,1.2983330134586168,1.2221665575615615,0.0761664558970554,1.565806329502862,2.1022966785175816
2020-07-22 00:00:00-04:00,77.14787303751817,77.70675334704666,76.52898757148118,77.60112762451172,24482000.0,0.005722970531794031,0.21432708559422056,0.03171252654130252,0.02315877973799907,0.01409964789026667,0.22382497134733279,0.01047090403341795,0.16622044844668232,0.013338501933002822,0.21174215386127876,70.17524948256693,1.1777657755654758,1.8705827328018303,0.6412392087838404,74.93825707230981,0.034314843530196246,75.22501525878906,78.0447210276303,72.40530948994781,0.0749672368730241,0.921340480269174,75.91815910223606,74.55733520551942,1.3608238967166386,1.2498980253925769,0.11092587132406173,1.6853619210766975,2.156868675932596
2020-07-23 00:00:00-04:00,77.65468582028785,77.87387489576915,74.81118295355448,75.2158432006836,33910000.0,-0.031220068701450766,-1.3411544533868902,0.005662242559380859,0.00871209140840734,0.02215858024564103,0.35175655641740816,0.012391481697028342,0.19670867367567368,0.013962438938005636,0.2216468467553262,53.65557108458221,3.06269194221467,1.955733390617033,0.9161447892407697,75.10897672453146,0.0014207974225191361,75.34110603332519,77.93920484323192,72.74300722341846,0.06896895855915704,0.47589336630232076,75.81011050199722,74.60611357553158,1.203996926465635,1.2407178056071886,-0.03672087914155364,-0.09642653479071718,1.1556666460709155
2020-07-24 00:00:00-04:00,74.34505124105762,75.15039166978701,73.76980375376206,74.79235076904297,29902000.0,-0.005646272320531046,-0.25939727684867725,0.0,-0.010042483663430857,0.022301157944626428,0.3540199072215233,0.01248639177417727,0.19821532444197382,0.013981788060871744,0.22195400455847195,51.34455900459788,1.4460394469215316,1.9193266803530689,0.8388128366247756,75.27345608297327,-0.006432547031660254,75.4360221862793,77.78440645821698,73.08763791434163,0.06226161464714166,0.3629544097769753,75.65353208154272,74.61990892319909,1.0336231583436302,1.199298876154477,-0.16567571781084678,-0.5481823608920985,0.9536616030737468
2020-07-25 00:00:00-04:00,74.34505124105762,75.15039166978701,73.76980375376206,74.79235076904297,29902000.0,0.0,-0.020113658759481925,0.0,-0.019605229207878216,0.014166126297931255,0.22488028335274918,0.01248639177417727,0.19821532444197382,0.013981788060871744,0.22195400455847195,51.34455900459788,1.3805879160249503,1.8808453400439176,0.8722310703513777,75.45104112936744,-0.00880692147728437,75.5309383392334,77.58126369083018,73.48061298763662,0.054291007014585765,0.3198852758623834,75.52104264885045,74.6326823932616,0.8883602555888501,1.1371111520413517,-0.2487508964525016,-0.720458896550468,0.9228437804813386
2020-07-26 00:00:00-04:00,74.34505124105762,75.15039166978701,73.76980375376206,74.79235076904297,29902000.0,0.0,-0.020064998737498785,-0.013874505575885876,0.013616200351258989,0.01453739632336947,0.230774012292122,0.01248639177417727,0.19821532444197382,0.013981788060871744,0.22195400455847195,51.34455900459788,1.3805879160249503,1.8451126668997055,0.8914873128076395,75.49387650504066,-0.009379645495620087,75.55216331481934,77.56014432605873,73.54418230357994,0.05315482504113908,0.3108018597976213,75.40893620580314,74.64450968035652,0.7644265254466234,1.062574226722406,-0.2981477012757827,-0.7567925608095133,0.8928257454930137
2020-07-27 00:00:00-04:00,75.04279057936267,76.2478275632502,74.99667059081123,75.84465789794922,27124000.0,0.013971656186236641,0.5729842244496913,0.017145061928923733,0.02787749235019943,0.016560094645575597,0.26288335271931207,0.01209501312116862,0.19200238093605182,0.014075639991860818,0.22344385777523368,57.08152860744466,1.4554767942072289,1.817281533135957,0.8274633385906521,75.61233202316323,0.0030631804694614784,75.6501293182373,77.50071903355291,73.7995396029217,0.04892495841033486,0.5525585379898046,75.47597031228716,74.73340954832635,0.7425607639608103,0.9985715341700869,-0.25601077020927665,0.21023415195921807,1.2670189714697515
2020-07-28 00:00:00-04:00,75.62496226274747,75.67504727423581,74.41099662396583,74.56621551513672,30910000.0,-0.01699974399297278,-0.7450874093997597,-0.01303562790894941,0.010551523890724557,0.011191849252995573,0.17766509900610178,0.012623018267366094,0.20038420278285674,0.01424926494535584,0.22620006846529156,49.452599308967045,1.4336612739833896,1.789880086053631,0.9441944716818025,75.61382074984358,-0.014049328204060508,75.65025405883789,77.50053574669028,73.7999723709855,0.048916734275956525,0.20706121375513176,75.33600803580248,74.72102480512712,0.6149832306753638,0.9218538734711423,-0.3068706427957786,-1.1717551449794716,0.7364034101103712
2020-07-29 00:00:00-04:00,74.63315872892666,76.03804366539825,74.53447181046977,75.55107116699219,22676000.0,0.01312133737236197,0.5392265428754259,-0.009659753460769971,0.02748242045014404,0.012609453095729029,0.20016886235899523,0.01278908579517451,0.20302044305940295,0.014330367096816338,0.2274875252066322,54.49777959568799,1.5035718549284809,1.7694294981161203,0.7135552206023493,75.6315435437737,-0.001065138793381829,75.66227951049805,77.50638137166733,73.81817764932877,0.04874560674354019,0.46984755944138795,75.36909467137012,74.78250972082081,0.5865849505493088,0.8548000888867756,-0.2682151383374668,-0.12060976223444866,1.0892796354826377
2020-07-30 00:00:00-04:00,74.28454828311527,76.41296100573945,74.14569648203324,76.28799438476562,36042000.0,0.009706711526143847,0.3921164589774021,0.033885767803816025,0.04416635661208845,0.01296322224272401,0.20578477346585228,0.01277972816901934,0.202871895349392,0.014367102142579297,0.2280706759795684,57.885040080358294,2.267264523706203,1.8049891428011262,1.1339275320826425,75.62987876743342,0.008626725904117134,75.66069297790527,77.50246641363137,73.81891954217917,0.048685079748448476,0.670298201367273,75.51046385804635,74.89402710333525,0.6164367547111027,0.8071274220516411,-0.1906906673405384,0.6811928054690922,1.3292965968999615
2020-07-31 00:00:00-04:00,74.2389154953102,74.63414743431856,72.10405616294213,73.78764343261719,91468000.0,-0.033324293971530014,-1.4412698404634599,0.0,0.005990073129485518,0.021357172496825127,0.3390346028046462,0.014410869207726317,0.22876545659953346,0.01496027100122427,0.23748693969222412,45.50687133897298,4.183938221823496,1.9749140770170097,2.646444422583949,75.35026513897137,-0.02117728163769268,75.53408889770508,77.52702558710628,73.54115220830387,0.05276919913868864,0.06184120790795855,75.24541456182648,74.81207275735613,0.433341804470345,0.7323702985353819,-0.29902849406503695,-1.7526351683681642,0.34183554311095254
2020-08-01 00:00:00-04:00,74.2389154953102,74.63414743431856,72.10405616294213,73.78764343261719,91468000.0,0.0,-0.01688533362266407,0.0,-0.01129596214104056,0.019459468933370187,0.3089094926585091,0.014410869207726317,0.22876545659953346,0.01496027100122427,0.23748693969222412,45.50687133897298,2.5300912713764347,2.014569590899826,2.4495917257854156,75.1122489809528,-0.01795159035733727,75.40748481750488,77.50902860269585,73.30594103231391,0.055738333940641475,0.11460679613189792,75.02114208040967,74.73618910367176,0.2849529767379124,0.642886834175888,-0.35793385743797557,-1.54157281547241,0.32766092873806146
2020-08-02 00:00:00-04:00,74.2389154953102,74.63414743431856,72.10405616294213,73.78764343261719,91468000.0,0.0,-0.016845826139708468,0.0035000867940178093,-0.006954352831396005,0.018404239183306872,0.2921582396902828,0.014410869207726317,0.22876545659953346,0.01496027100122427,0.23748693969222412,45.50687133897298,2.5300912713764347,2.0513925680767264,2.3001674805989065,74.96641898908855,-0.01597524330137771,75.34728202819824,77.56476427835503,73.12979977804144,0.05886031162549203,0.14833121088775986,74.83137305767238,74.66592646137143,0.16544659630095282,0.5473987866009009,-0.3819521902999481,-1.4066751564489588,0.3127116164285889
2020-08-03 00:00:00-04:00,73.93890638850003,74.27264254289081,72.9828039499581,73.53028106689453,45482000.0,-0.0034939757455502776,-0.16649490502803252,0.006421079771029792,-0.010417975805875335,0.016354887391504053,0.25962578855031354,0.013952229875375245,0.22148478291029164,0.014969031924635388,0.23762601503983075,44.28932024752106,1.2898385929327105,1.9969958555664398,1.1332394822409648,74.86352667977778,-0.018131925970340294,75.25281295776367,77.61366009498062,72.89196582054672,0.0627444222860346,0.13518775448974724,74.63120505909117,74.58180458029906,0.049400478792108515,0.44779912503914243,-0.3983986462470339,-1.4592489820410066,0.19191973432146858
2020-08-04 00:00:00-04:00,73.72615502792115,74.04353160138255,72.60144805958299,73.06114959716797,37212000.0,-0.006400552463112461,-0.29086994559926127,-0.003914641977984856,-0.016731620506931555,0.014054449374805444,0.2231074671580945,0.013914479121796997,0.22088550827565168,0.014982040180086902,0.23783251469332378,42.07921935220046,1.4420835417995619,1.9573592617259485,0.9200915838768859,74.76684831217428,-0.023346179527846133,75.14475631713867,77.70121470801537,72.58829792626197,0.06804089909048341,0.09248178507294981,74.38965806494915,74.4691634704375,-0.07950540548834795,0.3423382189336444,-0.42184362442199236,-1.6300728597082004,-0.004417373294236631
2020-08-05 00:00:00-04:00,73.2357173222867,73.88931200767865,72.95800616932094,73.34828186035156,29134000.0,0.003922324244328197,0.15404911226173515,-0.01718310720179561,-0.011845024867542353,0.0039187409260778945,0.062208083657358346,0.013961610101380657,0.22163368938180303,0.014985384109130976,0.2378855979212386,43.92366070747211,0.9313058383577157,1.8840697314853605,0.7180053380914475,74.704229698471,-0.01848642945312659,75.05591506958008,77.73576607371841,72.37606406544175,0.07140945524823701,0.1813940016457023,74.2294463411649,74.38613520302371,-0.15668886185881092,0.24253280277515335,-0.39922166463396425,-1.2744239934171928,0.09704168356081773
2020-08-06 00:00:00-04:00,73.20247794748174,74.6961294926301,72.99171836772238,74.63066864013672,33306000.0,0.01733245004347108,0.7312252665141615,0.004391212277282008,0.016487225990091448,0.009262320877281615,0.14703478562741257,0.014535311859610125,0.2307409224557771,0.014955855071906955,0.23741683898753901,51.37168950491117,1.7044111249077218,1.8712369738726722,0.8217940999397954,74.67937139460902,-0.000652583654410801,75.02640914916992,77.71160624829258,72.34121205004726,0.07158005106665483,0.4263107149261959,74.29117284869903,74.40424879095801,-0.11307594225897333,0.17141105376832802,-0.2844869960273013,-0.2947571402952156,0.5868705527373286
2020-08-07 00:00:00-04:00,74.83350979435441,75.38147873345969,73.70433828894927,74.30438232421875,27718000.0,-0.004381599036895218,-0.20807010436687598,0.0,-0.0058846315789473636,0.009726657924779445,0.15440590774057206,0.014556795238015625,0.2310819605152718,0.014809887556297634,0.23509967651276178,49.56773621224365,1.6771404445104139,1.8573729360610822,0.6894836210949452,74.64337111972537,-0.004562164234506165,74.98058891296387,77.68303990683255,72.27813791909519,0.07208401622466949,0.37489012931607374,74.29320507570208,74.39685127490324,-0.10364619920116525,0.11639960317442936,-0.22004580237559462,-0.500439482735706,0.44060484198265054
2020-08-08 00:00:00-04:00,74.83350979435441,75.38147873345969,73.70433828894927,74.30438232421875,27718000.0,0.0,-0.017972287626562448,0.0,-0.012052700131060523,0.009407826108208632,0.14934460956036405,0.014556795238015625,0.2310819605152718,0.014809887556297634,0.23509967651276178,49.56773621224365,1.6771404445104139,1.8444991866646059,0.6951431767225597,74.60677983570942,-0.004069713010616122,74.93476867675781,77.65111168483428,72.21842566868135,0.0724988695112628,0.3839641476307035,74.29492465239696,74.3900017230007,-0.09507707060373605,0.07410426841879629,-0.16918133902253235,-0.4641434094771853,0.42550754560352827
2020-08-09 00:00:00-04:00,74.83350979435441,75.38147873345969,73.70433828894927,74.30438232421875,27718000.0,0.0,-0.017931568712763805,0.001035650809300126,-0.0041603646331378474,0.008337506424250045,0.132353811317814,0.014556795238015625,0.2310819605152718,0.014809887556297634,0.23509967651276178,49.567736212243645,1.6771404445104139,1.8325449907964493,0.6972836176839055,74.48452168118149,-0.002424343643376552,74.77243537902832,77.20352319530247,72.34134756275418,0.06502631093800106,0.40373588076984696,74.29637967883107,74.38365954531314,-0.08727986648206354,0.041827441438624324,-0.12910730792068786,-0.38505647692061223,0.41399678953501035
2020-08-10 00:00:00-04:00,73.92897345317232,74.73976942853685,73.26892434364396,74.22750854492188,20546000.0,-0.0010351148929835573,-0.06289451879895598,0.010996090853799156,-0.005190639752177706,0.008548197822428206,0.13569843357557343,0.01269662314470913,0.20155264398724326,0.014797817890257465,0.23490807650426246,49.06078131546871,1.4708450848928862,1.8067092832319092,0.5214138522601537,74.38456874854033,-0.002115929884988733,74.62589645385742,76.79013093839737,72.46166196931748,0.05800223749079203,0.4079610107450458,74.28578411976812,74.37209280454341,-0.08630868477528963,0.016200216195841534,-0.10250890097113116,-0.3681559570198167,0.35864252795539403
2020-08-11 00:00:00-04:00,74.08765336389034,74.9029212995285,73.30363653343107,73.42017364501953,31098000.0,-0.010936073417406076,-0.4939278634558724,-0.017714424242424198,-0.016010675760681714,0.004647172364664075,0.07377157425931866,0.012829317964377631,0.20365910894589975,0.01486485113873852,0.2359721963345845,43.974175111643746,1.5992847660974263,1.7918932462937318,0.782631017334756,74.24773974889919,-0.011271644601126592,74.4168487548828,76.13218668128489,72.70151082848072,0.04610079451367618,0.20948141047816812,74.15261327749911,74.3015802742083,-0.14896699670919133,-0.01683322638516504,-0.1321337703240263,-1.162074358087328,0.008211199329811953
2020-08-12 00:00:00-04:00,73.74647443510719,74.96391299376965,73.64134057843368,74.74422454833984,22512000.0,0.01787320256103952,0.7637366663468571,-0.006204580220814715,-0.005935847189985188,0.010406173407856845,0.16519288162201637,0.013470267536525983,0.2138338679709265,0.014993167133739198,0.2380091496066061,52.6455859343112,1.5437393487501225,1.7741679678977598,0.5747945247451187,74.22009854323372,0.007012260924148788,74.39326782226563,76.07499541372363,72.71154023080763,0.04521182200184691,0.6043441065773169,74.24363039609,74.33436873895879,-0.09073834286878935,-0.0316142496818899,-0.05912409318689944,0.4173764263092674,0.5295970646874969
2020-08-13 00:00:00-04:00,74.79233862250962,76.21855444545622,74.79233862250962,75.21087646484375,22388000.0,0.00622390861988331,0.25300973648556807,0.007988619938502417,-0.025151445539878248,0.010600117591762326,0.16827165009506403,0.011747353619118139,0.1864834574359271,0.013895013803500396,0.22057650592723055,55.27309032397366,1.4743298971163767,1.7527509628419466,0.5771650133025347,74.22663386462509,0.013086439707676248,74.41419410705566,76.12696010898573,72.7014281051256,0.0460333145438893,0.732571862382348,74.39243748359057,74.39929523717248,-0.006857753581911652,-0.026662950461894253,0.0198051968799826,0.9302874495293931,0.6984082350953815
2020-08-14 00:00:00-04:00,75.06012408061498,75.36659681987358,74.33561289996881,74.61480712890625,21942000.0,-0.007956879841898171,-0.36834879940802867,0.0,-0.025883543030886025,0.011604883948069708,0.1842218215221471,0.011813486194804422,0.18753327952888346,0.01391674662799654,0.22092150382065343,51.35349358844682,1.0309839199047701,1.7011961740607198,0.5715312724658519,74.21569557459414,0.0053489591365236625,74.40531692504882,76.11165878496703,72.69897506513061,0.045866127057480895,0.5613857658826552,74.42664819825453,74.4152590810046,0.011389117249919423,-0.01905253691953152,0.03044165416945094,0.24554306353061983,0.42196233236883063
2020-08-15 00:00:00-04:00,75.06012408061498,75.36659681987358,74.33561289996881,74.61480712890625,21942000.0,0.0,-0.0184646337267503,0.0,-0.04543692784873021,0.011572395981075833,0.18370609103453991,0.011813486194804422,0.18753327952888346,0.01391674662799654,0.22092150382065343,51.35349358844682,1.0309839199047701,1.6533238701924375,0.5775183188747579,74.20452811757546,0.005498627244616189,74.396439743042,76.09613797884283,72.69674150724116,0.04569299933360868,0.5642371043473396,74.45559572604711,74.4300404178862,0.025555308160903678,-0.01013096790344448,0.035686276064348155,0.2569484173893591,0.40306553459230765
2020-08-16 00:00:00-04:00,75.06012408061498,75.36659681987358,74.33561289996881,74.61480712890625,21942000.0,0.0,-0.018424084299578043,-0.007657039940134225,-0.04502512690392502,0.00960987684077646,0.1525520655039214,0.011813486194804422,0.18753327952888346,0.01391674662799654,0.22092150382065343,51.35349358844682,1.0309839199047701,1.6088710166004614,0.5814837880454227,74.15750942367964,0.006128779565650693,74.33494720458984,75.89749228005094,72.77240212912874,0.042040658780870765,0.5895525923416405,74.48008978802544,74.44372684092473,0.03636294710071297,-0.0008321849026129901,0.03719513200332596,0.358210369366563,0.3856725340619895
2020-08-17 00:00:00-04:00,75.1771583632833,75.56446023024378,74.63315451205264,75.19054412841797,19990000.0,0.007686505579880576,0.3202620824918798,-0.025414983869773144,-0.03765642370409572,0.006205691522436112,0.09851229888928656,0.011514644127165182,0.18278930877533683,0.013930774470012827,0.2211441889090894,55.18713721827738,0.9496531013375318,1.5617840226531092,0.5375317638517284,74.16828864099249,0.013595532513763591,74.36616363525391,75.97249456660089,72.75983270390694,0.043200586202768156,0.75660356688543,74.58939045577813,74.4990466399983,0.09034381577983197,0.017403015233876003,0.07294080054595597,1.0264142675417243,0.6104458209735412
2020-08-18 00:00:00-04:00,75.68049915036515,77.23019092166476,75.45982697689634,77.1513442993164,28378000.0,0.025743523069917923,1.113806630201149,0.007231634726548197,-0.012560669035246996,0.01279987326950399,0.20319168890550474,0.012193726287522013,0.1935694038718448,0.014116820698971131,0.22409758123419973,65.23540384885634,2.0396467932467885,1.595917077695515,0.7572797916399812,74.2394016070704,0.037743252806442695,74.44617729187011,76.41870451441885,72.47365006932138,0.05299203516697275,1.1857109439409668,74.98353720093786,74.69551313328112,0.2880240676567354,0.07152722571844788,0.2164968419382875,2.742843775763866,1.4175778637203
2020-08-19 00:00:00-04:00,76.98818722838891,77.79998205796244,76.36880993674055,76.59741973876953,30472000.0,-0.007205611839499143,-0.34259427764217787,-0.02007294372038737,-0.02557486051531932,0.012611385556852987,0.200199539228309,0.012041165673621169,0.19114757920637493,0.014150299170525536,0.22462903549424476,61.06945013435022,1.4311721212218913,1.5841495808045418,0.819247696605198,74.23673747606315,0.030819344447336843,74.4616485595703,76.49879666759986,72.42450045154075,0.05471670712205115,1.0242061612459448,75.23182682214274,74.83639510405804,0.39543171808469424,0.13630812419169716,0.2591235938929971,2.096824644983779,1.1399595529539677
2020-08-20 00:00:00-04:00,76.36731743172305,78.36084298271476,76.09407832961335,78.16645050048828,26382000.0,0.020277142455487774,0.8718887445264896,0.0004314025514071673,-0.018432662727789206,0.01371509837180092,0.2177204369914327,0.012644303500376285,0.2007220953817149,0.01424487256815873,0.2261303416389239,67.41677433490591,2.2667646531014043,1.6329078002543176,0.7772945835101117,74.44997850599808,0.047545615423166626,74.68058891296387,77.27714314421236,72.08403468171538,0.06953759387930461,1.1712475991399416,75.68330738804205,75.08306587416398,0.6002415138780748,0.2290948021289727,0.3711467117491021,2.6849903965597686,1.7587215138894314
2020-08-21 00:00:00-04:00,77.94578197707564,78.94155742131991,77.47517655139052,78.13274383544922,34838000.0,-0.00043130952408037816,-0.04612307477197119,0.0,-0.04169971024582553,0.013789372192702645,0.2188994973456038,0.009898288703039233,0.15713046188017127,0.014209153424685487,0.22556331781487726,67.16343533286579,1.4663808699293952,1.6210130195168233,1.119858048879274,74.75355756923547,0.04324929728988471,74.89784393310546,77.87851757694231,71.91717028926861,0.0795930426648602,1.0426457722120246,76.06014376456623,75.30896794537028,0.7511758191959501,0.33351100554236823,0.4176648136535819,2.1705830888481,1.6708325310043628
2020-08-22 00:00:00-04:00,77.94578197707564,78.94155742131991,77.47517655139052,78.13274383544922,34838000.0,0.0,-0.02690177953401593,0.0,-0.03251403707560252,0.014416448877259352,0.22885403110742747,0.009898288703039233,0.15713046188017127,0.014209153424685487,0.22556331781487726,67.16343533286579,1.4663808699293952,1.6099678659748642,1.2319911732878794,75.1179323179616,0.03858576276083345,75.11509895324707,78.37535436345223,71.85484354304191,0.08680692578823335,0.9627927113864146,76.37900531393285,75.51813652982058,0.8608687841122702,0.43898256125634866,0.42188622285592153,1.8511708455456624,1.6016165162823275
2020-08-23 00:00:00-04:00,77.94578197707564,78.94155742131991,77.47517655139052,78.13274383544922,34838000.0,0.0,-0.02684444110207159,-0.006043414127653746,-0.03895235543602038,0.010384054340631768,0.16484175231535472,0.009898288703039233,0.15713046188017127,0.014209153424685487,0.22556331781487726,67.16343533286579,1.4663808699293952,1.5997116519716166,1.2556225131191974,75.43733351643499,0.034497832620480784,75.3452220916748,78.7795506505606,71.910893532789,0.09116247755450622,0.9058321293345881,76.64881124031999,75.71181114505232,0.9370000952676634,0.5385860680586116,0.3984140272090517,1.623328517338353,1.5451230057790146
2020-08-24 00:00:00-04:00,78.97080047471435,79.7796215208328,78.10644628557537,78.60780334472656,25638000.0,0.006061749464157701,0.2431012016600624,-0.012890418793944702,-0.033109032905581315,0.008857945240225375,0.14061552139598782,0.00981743057762416,0.15584687893220836,0.014063873564340978,0.22325707152901067,69.2007605432425,1.6731752352574318,1.6049590507777463,0.9437219557623432,75.74967511864486,0.03635934480381892,75.62255477905273,79.1740879089955,72.07102164910997,0.09392788012304855,0.9202760408604064,76.95019464099792,75.92632908576894,1.02386555522898,0.6356419654926853,0.38822358973629467,1.681104163441626,1.6750519214129278
2020-08-25 00:00:00-04:00,78.35737106631586,79.78457814472273,78.24728090400605,79.63432312011719,25150000.0,0.012974221186543122,0.5506549320387059,-0.02328279829637836,-0.020482643970422543,0.005831692866180617,0.09257525427854033,0.009782420480401907,0.1552911108684507,0.014106108094966586,0.22392752391766008,73.08652450546111,1.5372972407166827,1.6001260643448132,0.9325971439907742,76.06053049085706,0.04487754135700459,75.93685684204101,79.74432438414384,72.12938929993818,0.10027982985977094,0.985554536866006,77.36313748393934,76.20099531053549,1.1621421734038506,0.7409420070749183,0.4212001663289323,1.9422181474640277,2.095390498071054
2020-08-26 00:00:00-04:00,79.65664120321837,81.96208775118443,79.39282281884792,81.53263092041016,52188000.0,0.023558124619066523,1.0201739381350081,0.009585380770968266,0.008959617332249259,0.009965052272329364,0.15819030068605555,0.010663140363852956,0.16927210558637829,0.014062332768995508,0.22323261216117854,78.49087157531136,2.569264932336509,1.669350269201363,1.8697468454202166,76.65741237596947,0.05979469188477108,76.28195495605469,80.77954609848518,71.7843638136242,0.11792018558049577,1.0837209072674852,78.00459801262716,76.59593128163732,1.408666730989836,0.8744869518579018,0.5341797791319342,2.334883629069939,2.851986807524203
2020-08-27 00:00:00-04:00,81.65561048941696,81.72404511830622,80.27700533270146,80.75852966308594,31350000.0,-0.009539732481042323,-0.4606096923032169,-0.00665468917084544,-0.01604767508658822,0.012575261164953533,0.19962608228493264,0.010726104658341671,0.17027163277454094,0.014131158135906829,0.2243251809896193,72.13015375623755,1.4470397856047583,1.6534709489444628,1.1159204653050183,77.00231778778422,0.04651164268309666,76.60466232299805,81.41978489565412,71.78953975034199,0.12571356433511702,0.9313355763440695,78.42827980500543,76.90427190248536,1.5240079025200686,1.004391141990335,0.5196167605297335,1.7253423053762802,2.5212091254219
2020-08-28 00:00:00-04:00,80.80564164230469,81.39476664406783,80.61422293122781,81.29955291748047,22418000.0,0.006676930341793121,0.26610566393288826,0.0,-0.04539459403966395,0.012040901350868731,0.19114338321276209,0.010576947527386612,0.16790383672586706,0.01203294099552373,0.19101701648921862,73.73233377062627,0.7805437128400143,1.5911190035084308,0.805579911169884,77.30976771720279,0.049075118584321564,76.95442085266113,82.0727010868808,71.83614061844146,0.13302108384440334,0.9244718798092341,78.87001413000158,77.22984827396647,1.640165856035111,1.1315460847992902,0.5086197712358207,1.6978875192369367,2.678223533900627
2020-08-29 00:00:00-04:00,80.80564164230469,81.39476664406783,80.61422293122781,81.29955291748047,22418000.0,0.0,-0.03386788802625068,0.0,0.006087549607623588,0.012571554313445442,0.19956723784150793,0.010576947527386612,0.16790383672586706,0.01203294099552373,0.19101701648921862,73.73233377062627,0.7805437128400143,1.533220768460687,0.8133249163746127,77.62312941594561,0.04522070994986218,77.30417938232422,82.61247700849538,71.99588175615307,0.13733533344731186,0.8763328487327197,79.24378932807525,77.53130787718973,1.7124814508855195,1.247733158016536,0.46474829286898345,1.5053313949308786,2.5648287966290115
2020-08-30 00:00:00-04:00,80.80564164230469,81.39476664406783,80.61422293122781,81.29955291748047,22418000.0,0.0,-0.03379776227650486,0.006075296171632605,0.03681981320090655,0.012297498278692238,0.19521673316198723,0.010576947527386612,0.16790383672586706,0.01203294099552373,0.19101701648921862,73.73233377062627,0.7805437128400143,1.4794581216306388,0.810572368658929,77.89825775320827,0.041836578950495994,77.65778160095215,83.0447449713473,72.270818230557,0.13873595818320678,0.8380170855200362,79.5600606495222,77.8104371394335,1.7496235100886963,1.3481112284309682,0.4015122816577281,1.352068342080145,2.432767736780079
2020-08-31 00:00:00-04:00,81.50485803874443,81.5509780158824,80.60033897276564,80.8086166381836,26422000.0,-0.006056915965741804,-0.30642741813074803,-0.015437421336293,0.030558862886569838,0.006252236627811069,0.09925117953070316,0.010758439034633919,0.17078492508534696,0.01174419307974814,0.18643328542883603,69.22223942425153,0.9506390431167517,1.4416853303082184,0.9634907669418594,78.29237106247791,0.03113833252426584,78.02720375061035,83.19966145681785,72.85474604440286,0.13258088096401982,0.7688676298150539,79.75214618623933,78.0325245097113,1.7196216765280354,1.4224133180503817,0.2972083584776537,1.075470519260215,2.1041736037356262
2020-09-01 00:00:00-04:00,80.93905085374529,82.28095699805938,80.80862853332464,82.07565307617188,22652000.0,0.01555781901883378,0.6687925248623439,-0.03628175909202924,0.046717481671191496,0.008230566562477195,0.13065619364087053,0.01046316882363688,0.16609765579816455,0.011756859070439747,0.18663435179770552,73.69446276207314,1.472340359875787,1.4438749752773306,0.8258051344868065,78.59418216575182,0.042417827698416385,78.39377517700196,83.62540994652645,73.16214040747747,0.13347066798893675,0.8518859841495176,80.10960878469048,78.3320155146343,1.7775932700561725,1.49344930845154,0.2841439616046326,1.407543936598071,2.475863731869379
2020-09-02 00:00:00-04:00,82.71684835469105,85.59754248382305,82.32905460313435,85.16561126708984,49522000.0,0.036956308309868825,1.6250537903696334,0.05393028713837689,0.0861239698908498,0.01741297066850141,0.2764223398543012,0.012280052882067847,0.1949397960760411,0.012410640222186704,0.1970128058340085,80.96041000852257,3.521889407651173,1.592304577589748,1.7202963848139259,79.29098480860046,0.06897885626706578,78.89151191711426,84.70944415583364,73.07357967839488,0.14749196960078215,1.0392035428171829,80.88745532044423,78.83820779259398,2.0492475278502553,1.604608952331283,0.44463857551897235,2.1568141712687323,3.3381862700782072
2020-09-03 00:00:00-04:00,84.27943415274483,84.30323947854686,79.72656344056428,80.80763244628906,63726000.0,-0.05252630669680596,-2.3782188983347505,0.03054631140726105,0.06951308236769571,0.03315172242548488,0.5262672784276561,0.01775138588781394,0.2817945149153832,0.014060207843568198,0.2231988800157672,57.033280022541874,5.439047826525567,1.867071952513735,2.063926467397113,79.61365279129126,0.01477558021256735,79.2011531829834,84.71178125979206,73.69052510617475,0.1391552485120288,0.6457619023561476,80.8751748782665,78.9840911002751,1.8910837779914118,1.661903917463309,0.2291798605281028,0.5830476094245907,1.6411087415261238
2020-09-04 00:00:00-04:00,79.79052798096303,81.07937516659749,76.26814209838817,78.41242218017578,55850000.0,-0.03008906105401319,-1.3678569768113766,0.0,0.021961739748834752,0.035522467267837046,0.5639016860767733,0.019068611300766217,0.30270482009509975,0.014616702093855807,0.23203295236955732,48.54190638885394,4.811233068209319,2.0773691750634193,1.7146892221727583,79.679041155188,-0.016153294845321686,79.39103393554687,84.48199157511654,74.3000762959772,0.1282501911664919,0.4038872620187612,80.49628984779102,78.94174525434182,1.5545445934491937,1.640432052660486,-0.08588745921129237,-0.38445095192495515,0.728668765947314
2020-09-05 00:00:00-04:00,79.79052798096303,81.07937516659749,76.26814209838817,78.41242218017578,55850000.0,0.0,-0.026111343992556376,0.0,0.03614557310411981,0.03567548882582378,0.5663308280027606,0.019068611300766217,0.30270482009509975,0.014616702093855807,0.23203295236955732,48.54190638885394,4.811233068209319,2.2726451674309835,1.6298527150106954,79.73795916827095,-0.016904681059964607,79.58091468811035,84.18146455165098,74.98036482456973,0.11561942663189716,0.37300512519222084,80.17569482200406,78.90253613773694,1.2731586842671163,1.5669773789818122,-0.2938186947146959,-0.5079794992311167,0.703192700904448
2020-09-06 00:00:00-04:00,79.79052798096303,81.07937516659749,76.26814209838817,78.41242218017578,55850000.0,0.0,-0.02605882457871263,0.0,0.043179547589958345,0.033960209335362944,0.5391016102383868,0.019068611300766217,0.30270482009509975,0.014616702093855807,0.23203295236955732,48.54190638885394,4.811233068209319,2.453972874629436,1.5488118380805271,79.76135300167252,-0.017203024520747085,79.74200859069825,83.89956421500071,75.58445296639579,0.10427516682310989,0.34009998534348657,79.90442210787664,78.86623140013982,1.0381907077368169,1.4612200447328132,-0.4230293369959963,-0.6396000586260544,0.6797373301338966
2020-09-07 00:00:00-04:00,79.79052798096303,81.07937516659749,76.26814209838817,78.41242218017578,55850000.0,0.0,-0.02600662079657076,0.037811761130097654,0.043179547589958345,0.02397553280220504,0.3805997840694365,0.01903507850512665,0.30217250346693747,0.014416336182856223,0.2288522421392385,48.54190638885394,4.811233068209319,2.6223486027422847,1.4919791096210613,79.7596553786542,-0.017181374596269363,79.80506248474121,83.83342951278198,75.77669545670045,0.10095517508832197,0.3271458019004344,79.67488365746112,78.83261590236472,0.8422677550964011,1.3374295868055308,-0.49516183170912975,-0.6914167923982635,0.6592986181041329
2020-09-08 00:00:00-04:00,75.62496025313807,77.13993533300419,75.20344105449351,75.55553436279297,54032000.0,-0.03711442063935645,-1.6780792699275453,-0.01527253975615328,0.0051722158689120334,0.018571283101639812,0.2948099796858913,0.02003055233099234,0.3179751605464253,0.015164262649072629,0.24072520671067027,39.1828180645604,3.2089811256822713,2.664250925809427,1.3993758336246973,79.59027912765326,-0.05340104863115344,79.75296821594239,83.9781311925932,75.52780523929158,0.10595625645457067,0.0032814264981759276,79.04113761212756,78.58986912165571,0.4512684904718469,1.160197367538794,-0.7089288770669471,-1.9868742940072934,-0.39687769871386835
2020-09-09 00:00:00-04:00,76.81016761668064,77.2971401284128,75.63339304854327,76.72735595703125,39242000.0,0.015390366203588204,0.6668094916454902,0.013879025802640221,0.025450354846041412,0.01949331092355783,0.30944671759795706,0.0202855476365462,0.3220230855303319,0.015242912343717612,0.24197373190700103,43.95590729553362,1.7416057656198376,2.5983477000815993,0.9996815651708721,79.49502459095088,-0.03607147150319597,79.68101348876954,84.0659338631546,75.29609311438448,0.11006186247877191,0.1632028315733662,78.6851712036512,78.45190518353537,0.23326602011582054,0.9748110980541993,-0.7415450779383788,-1.3471886737065344,0.03542481021402456
2020-09-10 00:00:00-04:00,76.87364735396316,78.03801986805702,75.37701423670407,75.67703247070312,33024000.0,-0.01378359410954052,-0.6368508706497354,0.006788596765187949,-0.005908342815772238,0.019698809842277065,0.3127089117996997,0.019948868958294213,0.3166784772039758,0.015297453175339948,0.24283954076762912,40.86046422814326,2.6610056313529498,2.6028232666009816,0.8432276745361789,79.39464332710659,-0.04912469127066614,79.55822792053223,84.25232165480945,74.86413418625501,0.11800397914759926,0.08658735109102778,78.22238062935149,78.24635905665892,-0.023978427307426387,0.7750531929818743,-0.7990316202893006,-1.6536505956358867,-0.3500457846720832
2020-09-11 00:00:00-04:00,75.78117674902929,76.30434911532208,74.03907481748664,75.16675567626953,30706000.0,-0.006765657998342028,-0.32215316914599657,0.0,0.0024272513911469673,0.019317729529994176,0.3066594493846395,0.019979113492240925,0.3171585942960281,0.015226269244117477,0.24170953089147762,39.408477477207484,2.2652742978354468,2.578712625974872,0.7881983304754961,79.28444615724294,-0.0547807397555856,79.40992851257325,84.46701567587071,74.35284134927578,0.12736662173160782,0.08047264173147468,77.7522844827235,78.0182402877412,-0.2659558050176969,0.5668513933819601,-0.832807198399657,-1.6781094330741,-0.540653599739422
2020-09-12 00:00:00-04:00,75.78117674902929,76.30434911532208,74.03907481748664,75.16675567626953,30706000.0,0.0,-0.019076722024351286,0.0,0.019313690364539893,0.019317729529994176,0.3066594493846395,0.019979113492240925,0.3171585942960281,0.015226269244117477,0.24170953089147762,39.408477477207484,2.2652742978354468,2.5563241739649127,0.7924006337966379,79.17307394826796,-0.05329907132420292,79.26162910461426,84.64015523755378,73.88310297167473,0.13571576041770791,0.11933126965149143,77.35451082019212,77.80701920540996,-0.45250838521783976,0.36297943766200014,-0.8154878228798399,-1.5226749213940338,-0.5386677463944792
2020-09-13 00:00:00-04:00,75.78117674902929,76.30434911532208,74.03907481748664,75.16675567626953,30706000.0,0.0,-0.019076722024351286,0.004593150896824882,0.04456658773955513,0.01080858623795148,0.17158098725888893,0.019979113492240925,0.3171585942960281,0.015226269244117477,0.24170953089147762,39.408477477207484,2.2652742978354468,2.5355348970985223,0.7872525894780023,79.03395283104102,-0.05144823825344879,79.0895767211914,84.76795752801951,73.4111959143633,0.14359365777985322,0.1545827782274846,77.01793310574249,77.61144412917734,-0.5935110234348571,0.1716813454426287,-0.7651923688774858,-1.3816688870900629,-0.5382255163604776
2020-09-14 00:00:00-04:00,75.95472771220844,77.21183946322891,74.63860963235427,74.82308197021484,42660000.0,-0.004582634569002367,-0.2194406349734164,-0.017125815812118028,0.039790672280659134,0.005710511989571296,0.09065156749954993,0.019903426268583286,0.31595709686868984,0.015075343340335183,0.23931365644464395,38.26467272151283,2.573229830874638,2.5382273923682446,1.069722539149187,78.78979848646158,-0.05301461008817817,78.8490146636963,84.82982375419607,72.86820557319652,0.15170282383385225,0.163429091903598,76.6802637002767,77.40489878406902,-0.7246350837923217,-0.007581940404361387,-0.7170531433879603,-1.3462836323856084,-0.6629690665901751
2020-09-15 00:00:00-04:00,75.7682830632299,76.9138141369124,75.48115874300053,76.12681579589844,23042000.0,0.017274158697120186,0.7579304029772986,0.01523065654321587,0.05790821349103337,0.00946239991438794,0.15021094187585618,0.020090197501856918,0.31892199828050705,0.01521629129726768,0.24155113589572014,44.808903075565624,2.0907321666975633,2.506263447677482,0.5997053786612948,78.52367189009429,-0.03148504333377086,78.5787239074707,84.53744676860892,72.62000104633249,0.15166250009747742,0.2942589235385323,76.59511786883388,77.31022597013046,-0.715108101296579,-0.1490871725828049,-0.5660209287137741,-0.82296430584587,-0.18629068186638909
2020-09-16 00:00:00-04:00,76.49179380537119,77.08141822427109,74.95995225886935,74.98474884033203,22128000.0,-0.01511583450270314,-0.6906661010990799,0.01684555058729531,0.057302079146825946,0.01169091629044701,0.18558754261797933,0.019376134075806118,0.307586592806564,0.015333942597007488,0.2434187923789304,40.73526292395582,2.1214659654017396,2.4787779132292145,0.5829125078040415,78.32824541347952,-0.044589021432437266,78.290034866333,84.36246735468966,72.21760237797635,0.15512657514393258,0.22784497544117938,76.3473687875259,77.1379684049602,-0.7905996174343102,-0.27738966155310596,-0.5132099558812042,-1.0886200982352825,-0.6079588902322084
2020-09-17 00:00:00-04:00,73.68151914994446,74.31875423371972,72.52359367520403,73.74251556396484,40008000.0,-0.016705237870918748,-0.7565319890334034,0.02477441205168529,0.018646060721158264,0.013727368649052754,0.21791522160418972,0.019541203833856012,0.3102069939792297,0.01547637283112368,0.24567980225081934,36.81480227832767,2.4611551651280053,2.4775191455076997,1.030056178328862,78.0063185490077,-0.057820145575918164,77.91218299865723,84.13473730196965,71.68962869534481,0.1597325107273573,0.16495531967693977,75.94662213774727,76.8864533797013,-0.9398312419540247,-0.4098779776332897,-0.529953264320735,-1.34017872129224,-1.0515494185493077
2020-09-18 00:00:00-04:00,73.80500821832771,74.14718140405718,70.99423937213804,71.95975494384766,63056000.0,-0.02447250256470323,-1.0964959472081288,0.0,0.02958738712717346,0.016168071453729612,0.2566601774765466,0.019843982605503345,0.31501345797152047,0.015771403162615993,0.25036326356891697,32.047857388216116,3.152942031919139,2.525763637394231,1.5427487919750444,77.44958744281234,-0.07629031676453829,77.44519309997558,83.99084490291459,70.89954129703658,0.169039588925528,0.08098610182220825,75.3332579540704,76.52151275482325,-1.1882548007528442,-0.5655533422572007,-0.6227014584956435,-1.676055592711166,-1.6358896057550476
2020-09-19 00:00:00-04:00,73.80500821832771,74.14718140405718,70.99423937213804,71.95975494384766,63056000.0,0.0,-0.0027256635721863427,0.0,0.019840478628988967,0.01658576495634817,0.2632908562696039,0.019843982605503345,0.31501345797152047,0.015771403162615993,0.25036326356891697,32.047857388216116,3.152942031919139,2.5705620941460103,1.4696860928016706,76.94558854751743,-0.0692864172141827,76.97820320129395,83.69642271945982,70.25998368312808,0.17454861866801635,0.12650459367421987,74.81425749095922,76.18360476882505,-1.3693472778658276,-0.7263121293789261,-0.6430351484869015,-1.4939816253031197,-1.5709624425899433
2020-09-20 00:00:00-04:00,73.80500821832771,74.14718140405718,70.99423937213804,71.95975494384766,63056000.0,0.0,-0.0027256635721863427,0.014648974540585114,0.008359565332109797,0.01087041272157055,0.1725624522594509,0.019843982605503345,0.31501345797152047,0.015771403162615993,0.25036326356891697,32.047857388216116,3.152942031919139,2.612160661129805,1.4095104401143594,76.48013039188407,-0.0628181050861527,76.53576011657715,83.35657018189073,69.71495005126357,0.1782385137333009,0.1645555931838488,74.37510325294205,75.87072700401191,-1.4956237510698571,-0.8801744537171123,-0.6154492973527448,-1.3417776272646038,-1.5095953754218383
2020-09-21 00:00:00-04:00,70.99422831812555,71.41276613993426,69.55909124439718,70.92083740234375,56908000.0,-0.01454271478698656,-0.6483538018767221,-0.020331336808290912,-0.0061986059871820265,0.010822489101820324,0.1718016883807402,0.019935426080565543,0.3164650781357251,0.015349058977707867,0.2436587574832699,29.28763508642183,2.400663699450476,2.597053735295567,1.2251743313619914,76.00313521514873,-0.0716615595494509,75.97801933288574,82.7152190431486,69.24081962262288,0.17734602111026024,0.12468220120903342,73.84367773746538,75.50406851499946,-1.6603907775340758,-1.036217718480505,-0.6241730590535708,-1.5012711951638675,-1.794379671975214
2020-09-22 00:00:00-04:00,71.92157247881308,72.59848063067304,70.88910537519139,72.3926773071289,33950000.0,0.02054086326976963,0.9125407492743233,0.03578156337454241,0.014426031322738453,0.01705916650421105,0.2708058728651132,0.020234950534261636,0.3212198814320992,0.015588052619952055,0.24745266393709187,37.50035128038549,1.7093752554816461,2.5336481295945723,0.7433715127774505,75.37217900835624,-0.04115750117358799,75.3393726348877,80.68800304474163,69.99074222503376,0.14198765460324866,0.22453739537414985,73.620446902029,75.27359509219423,-1.6531481901652256,-1.159603812817449,-0.49354437734777656,-1.1018504185034022,-1.2704512343678653
2020-09-23 00:00:00-04:00,72.00933895714364,72.05843270651947,69.55909323170627,69.89183807373047,37726000.0,-0.035156275442544786,-1.556877640211324,-0.009466810316490992,-0.033777679898973845,0.020611538313980667,0.3271980271036343,0.018640632411384004,0.295910865848954,0.016144092480342462,0.25627952307488444,30.927595526342728,2.8335840754226354,2.5550721257251485,0.8502534352934282,74.74886673879146,-0.06949350308883286,74.79358291625977,80.01909348978438,69.56807234273515,0.13973152160326885,0.03097933938127492,73.04681477459846,74.87494642415987,-1.8281316495614135,-1.2933093801662419,-0.5348222693951716,-1.8760826424748982,-2.0052091128763854
2020-09-24 00:00:00-04:00,69.5590904717612,71.31011340811294,69.53280322167417,70.559814453125,34552000.0,0.009511905395311944,0.42551960688434204,-0.01125755795878347,-0.029440281516821765,0.021694831528111497,0.34439477375295846,0.016225662338160644,0.25757440442447926,0.015752068164922924,0.25005632999594174,34.24283753834321,1.7773101864387684,2.499517701490407,0.7978681642474149,74.34551091483456,-0.0536523018243552,74.40095252990723,79.66150961381926,69.1403954459952,0.1414110143763933,0.13491147272887755,72.66419934052561,74.55530701889803,-1.8911076783724212,-1.4128690398074777,-0.47823863856494353,-1.4603541090844894,-1.724783371785352
2020-09-25 00:00:00-04:00,70.66843135233466,71.70436404875389,69.8070508636011,71.36318969726562,30326000.0,0.011321403882746094,0.5079166354279518,0.0,-0.018108439852487113,0.022771535589821285,0.3614869208503419,0.015718516287219125,0.24952371044940075,0.015816518035827266,0.25107943997860044,38.091442792723214,1.8973131851527825,2.4565030931805767,0.721545972799863,73.96770350068762,-0.036496600200618415,74.04849090576172,79.11853646352773,68.97844534799572,0.13693852489764938,0.2351797752208649,72.4640440107933,74.3188538839623,-1.8548098731690033,-1.501257206479783,-0.35355266668922036,-1.05928089911654,-1.424071248949169
2020-09-26 00:00:00-04:00,70.66843135233466,71.70436404875389,69.8070508636011,71.36318969726562,30326000.0,0.0,0.004888791228989361,0.0,-0.03282457713484044,0.021614860906924063,0.34312527949783866,0.015718516287219125,0.24952371044940075,0.015816518035827266,0.25107943997860044,38.091442792723214,1.8973131851527825,2.416560956892877,0.7441415355924718,73.5662336409816,-0.03087087268746875,73.6960292816162,78.45954924908595,68.93250931414646,0.1292748066321676,0.25513490021227714,72.29468180871211,74.09991579605885,-1.805233987346739,-1.5620525626531743,-0.24318142469356463,-0.9794603991508911,-1.3864115886514268
2020-09-27 00:00:00-04:00,70.66843135233466,71.70436404875389,69.8070508636011,71.36318969726562,30326000.0,0.0,0.004888791228989361,-0.013436924546727846,-0.011362907311243009,0.01879883481208274,0.2984222511033275,0.015718516287219125,0.24952371044940075,0.015816518035827266,0.25107943997860044,38.091442792723214,1.8973131851527825,2.379471830340013,0.7681980302354801,73.13880646786836,-0.02488140984357897,73.3435676574707,77.65990202833189,69.02723328660952,0.11770178377521365,0.27059493194338013,72.15137533002803,73.89719534429639,-1.7458200142683609,-1.5988060529762118,-0.14701396129214905,-0.917620272226481,-1.3439800694744548
2020-09-28 00:00:00-04:00,72.99619210723424,73.04577770670436,71.72123004229934,72.33515167236328,30784000.0,0.013528016938748015,0.6031354817402002,-0.005020279776861036,0.0021022652145499254,0.006432682654715795,0.1021156714042606,0.016181924422535247,0.2568800865388245,0.015809957557163093,0.25097529560843873,43.12171702384468,1.6825880094387315,2.32969441456135,0.8034577078069864,72.93611459373828,-0.008308034302561738,73.18254852294922,77.39035053112512,68.97474651477332,0.11499468365347743,0.39930647295911065,72.17964861346422,73.78148840563468,-1.601839792170452,-1.5994128008150599,-0.0024269913553920386,-0.40277410816355774,-1.0248727600659377
2020-09-29 00:00:00-04:00,72.59549219750033,72.99667163732526,72.10404776205746,72.70012664794922,31816000.0,0.0050329237165411865,0.22537816600813182,0.000286577437160096,0.007158482576723912,0.006283328065003989,0.09974474079499944,0.014359968556951342,0.22795743381840186,0.01568796874518438,0.24903878325307136,44.93116202884725,0.8926238752678017,2.2270465188975255,0.8385187293605425,72.73016926235844,-0.0004132401935791275,72.98118705749512,76.84621872728849,69.11615538770175,0.10591857506369325,0.4636406071724469,72.25972215723114,73.70138753469502,-1.4416653774638775,-1.5678633161448234,0.12619793868094598,-0.14543757131021243,-0.9078020886376389
2020-09-30 00:00:00-04:00,72.44820668393999,73.70085393963538,72.19133469589396,72.6792984008789,40924000.0,-0.0002865363816898189,-0.01053835079740089,-0.014987538216686969,-0.011619786443859192,0.005950396966140592,0.09445962344712741,0.013816965184185645,0.21933752250595784,0.015592201247239836,0.24751852135360647,44.84348766800027,1.5095192437414227,2.17579457067209,1.0674498736244102,72.60053444773857,0.0010837192278040219,72.8313003540039,76.48274463586544,69.17985607214236,0.10027129171423081,0.47918605058824804,72.32427234856156,73.62567722848641,-1.3014048799248457,-1.514571628900828,0.2131667489759823,-0.08325579764700795,-0.9047582313116128
2020-10-01 00:00:00-04:00,73.57489608176681,74.14072271292429,73.2347054658879,73.78515625,32884000.0,0.015100986333415554,0.6694367430681827,0.02219004879178943,0.025416550344893762,0.0073088322449186335,0.11602411496606778,0.014081188797281527,0.22353194233053375,0.015664440792423764,0.24866528858189296,50.379732942856606,1.4614243120453807,2.124768123627325,0.8553073061617291,72.5487185899373,0.016757268303036296,72.76222038269043,76.27736098903011,69.24707977635074,0.09661993787028274,0.6455042602655308,72.54902371801363,73.63749048933927,-1.088466771325642,-1.429350657385791,0.3408838860601491,0.582017041062123,-0.5802260457449634
2020-10-02 00:00:00-04:00,72.38325120895068,73.34530108822473,71.77428589367447,72.18340301513672,31222000.0,-0.02194743221542615,-0.9709911819481561,0.0,-0.002426237058258951,0.014933432199450687,0.23706088692234498,0.014754545150683062,0.23422114305948846,0.015342543827472176,0.24355533267960272,43.55972822017944,2.010870356325526,2.1166325688200534,0.8115343827327358,72.42941959213971,-0.003408215278398569,72.6130527496338,75.94709514992573,69.27901034934186,0.09183038789974986,0.4355662461791945,72.49277437910949,73.529780306065,-1.0370059269555156,-1.350881711299736,0.31387578434422037,-0.2577350152832217,-1.037784480866891
2020-10-03 00:00:00-04:00,72.38325120895068,73.34530108822473,71.77428589367447,72.18340301513672,31222000.0,0.0,0.0012719270376066799,0.0,-0.018760614242829488,0.013548615650196393,0.21507760571770404,0.014754545150683062,0.23422114305948846,0.015342543827472176,0.24355533267960272,43.55972822017944,1.571015194550256,2.077659899229354,0.810990529525749,72.31028049180037,-0.0017577098247507832,72.46388511657715,75.57645435672171,69.35131587643258,0.0859067723221625,0.4549436366229399,72.44517878465214,73.43004865488514,-0.9848698702329983,-1.2776793430863884,0.2928094728533901,-0.18022545350824018,-1.0294677726018018
2020-10-04 00:00:00-04:00,72.38325120895068,73.34530108822473,71.77428589367447,72.18340301513672,31222000.0,0.0,0.0012719270376066799,-0.018363566282760813,-0.03631374709174473,0.013225314599244042,0.20994536064114958,0.014754545150683062,0.23422114305948846,0.015342543827472176,0.24355533267960272,43.55972822017943,1.571015194550256,2.0414709917522753,0.8232195260858446,72.16373797736391,0.0002724315694659998,72.33190116882324,75.24043234888167,69.4233699887648,0.08042180927250611,0.47447196806679337,72.40490558934208,73.3377045334223,-0.9327989440802185,-1.2087032632851544,0.27590431920493597,-0.10211212773282646,-1.0188245511982459
2020-10-05 00:00:00-04:00,72.53301318921578,73.62647661219141,72.40606407362094,73.53374481201172,21602000.0,0.0185342696103877,0.8156178816190087,0.021922603017795916,-0.01828597655143105,0.016015052875202673,0.25423108284801726,0.015395074312856385,0.2443892282830595,0.015519699754773894,0.24636759584113102,50.6009718332871,1.443073597054692,1.998728320702448,0.5706556913672542,72.08221262984746,0.01973967442940768,72.2022476196289,74.58153234098296,69.82296289827485,0.06590611233845362,0.7798103943661386,72.57857316206048,73.35222603554004,-0.7736528734795627,-1.1216931853240362,0.3480403118444735,1.1192415774645514,-0.6214167177698962
2020-10-06 00:00:00-04:00,73.17024140482556,73.61754082467756,71.6582402752025,71.9562759399414,26096000.0,-0.02168575801143075,-0.9604362040252691,-0.005565130510276295,-0.03934601255563652,0.01709890250973171,0.2714366623973298,0.015451968572701891,0.24529239665852928,0.015739310937107894,0.24985381528263878,43.73651443476595,1.95930054947506,1.9959120513290631,0.6857785568061472,71.9935026888369,-0.0005173523561247566,72.05082397460937,74.03758736203129,70.06406058718746,0.05514894286627589,0.47620551212425594,72.48283512788832,73.24882232475495,-0.7659871968666323,-1.0505519876325555,0.2845647907659232,-0.09517795150297602,-1.0563945310666185
2020-10-07 00:00:00-04:00,72.36739248963742,72.84643497280706,71.07408069431314,72.35896301269531,36108000.0,0.005580673541897077,0.24683850885076258,-0.016374104644053755,-0.06739763948472532,0.014523730405894325,0.23055707257766142,0.015278383514488316,0.24253681928643056,0.015747772093417878,0.24998813197504036,45.759364521249836,1.7723542784939212,1.9799436389836957,0.9537721121767865,71.91851415833187,0.006086997878703185,71.9816463470459,73.81046563533526,70.15282705875653,0.050813488746063416,0.6031585428001336,72.46377787939709,73.18290682015795,-0.7191289407608679,-0.9842673782582181,0.2651384374973502,0.4126341712005339,-0.9261701581388868
2020-10-08 00:00:00-04:00,72.67186671262658,73.79160984769521,72.67186671262658,73.5634994506836,26076000.0,0.01650964186592582,0.726855090986408,-0.01788873653432732,-0.05337341411012464,0.016169165165251194,0.25667753960869955,0.015366044709844274,0.24392839762168564,0.01573331845455539,0.24975868757121986,51.38932857815277,1.4326468349999004,1.9408510101277103,0.7241502842337076,71.97446412307951,0.02160086645510056,72.0618335723877,74.02249592741954,70.10117121735585,0.054416110660362664,0.8829486179611754,72.63296581344116,73.21109886686355,-0.5781330534223912,-0.9030405132910527,0.32490745986866154,1.531794471844705,-0.5791613656914448
2020-10-09 00:00:00-04:00,74.03113521720735,74.97285301834012,73.74053771907792,74.90342712402344,32966000.0,0.018050674127761686,0.788954104890841,0.0,-0.03389315471006682,0.01710033362155131,0.27145938059316765,0.014786763605500927,0.23473259517393752,0.015890863060572656,0.2522596306587479,56.76532696693426,1.4093535676565239,1.9028869070940542,0.9554088440381863,72.11572600742936,0.03721727060603335,72.20901718139649,74.54369438012108,69.8743399826719,0.06466442252938139,1.0770412166827332,72.98226755353075,73.33645651554205,-0.3541889620113068,-0.7932702030351036,0.43908124102379686,2.3081648667309342,-0.20218918341422704
2020-10-10 00:00:00-04:00,74.03113521720735,74.97285301834012,73.74053771907792,74.90342712402344,32966000.0,0.0,-0.009263751464901375,0.0,-0.028942968038941475,0.016059981433654565,0.2549443016025873,0.014786763605500927,0.23473259517393752,0.015890863060572656,0.2522596306587479,56.76532696693426,1.232315299262197,1.8549889351060644,0.9989666697979703,72.26986836820228,0.035159389322207746,72.35620079040527,74.97818724853013,69.7342143322804,0.07247440936596417,0.9857436097209744,73.27783056437578,73.45252841246659,-0.17469784809081546,-0.6695557320462461,0.4948578839554306,1.9429744388838954,-0.20983860901042567
2020-10-11 00:00:00-04:00,74.03113521720735,74.97285301834012,73.74053771907792,74.90342712402344,32966000.0,0.0,-0.009263751464901375,-0.034603177849686806,-0.036518555061742286,0.008764690810431169,0.13913515321664421,0.014786763605500927,0.23473259517393752,0.015890863060572656,0.2522596306587479,56.76532696693426,1.232315299262197,1.8105122468315025,1.0365688771499544,72.52705880959064,0.031725762167037534,72.55533027648926,75.31940067625659,69.79125987672192,0.07619206994811242,0.9247534447262687,73.52792234278311,73.56000239110043,-0.032080048317311594,-0.5420605953004592,0.5099805469831477,1.699013778905073,-0.21063253071369115
2020-10-12 00:00:00-04:00,76.26962637160483,78.76995701320932,75.83818706732326,77.58822631835938,55344000.0,0.035216047505192624,1.5474108616978157,-0.0015826009713164613,-0.0019840309892352748,0.014703884965122243,0.23341693754529058,0.015958930344569966,0.2533401652940068,0.016493013678541318,0.2618184753804415,66.13734335839682,3.866529889185884,1.9573706498568155,1.6835854675764388,72.9600434847373,0.05965058170851535,72.81510772705079,76.3764293233733,69.25378613072827,0.09781820579520985,1.1701330478322145,74.15258449287177,73.85838934867516,0.29419514419660686,-0.37480944740104605,0.6690045915976529,2.6805321913288553,0.542051864196385
2020-10-13 00:00:00-04:00,78.2041397278234,78.60830053326004,77.29267433018113,77.71121215820312,39072000.0,0.0015838546070783381,0.05598611863917776,0.0023217482092898756,-0.00040206632848083235,0.01554660968666696,0.24679477776665146,0.015523270084604922,0.24642427307011927,0.016425801911521952,0.26075152165617876,66.49562974385867,1.3156262030789065,1.9115317608012508,1.1861566484517305,73.41752493547395,0.05525183694198673,73.20607643127441,77.11594268999498,69.29621017255384,0.10681807984590289,1.076124019188694,74.70006567215351,74.14378363086242,0.556282041291098,-0.18859114966261722,0.7448731909537153,2.3044960767547757,0.561265922311828
2020-10-14 00:00:00-04:00,78.08463641146828,78.54333914498373,76.66139427283109,77.53120422363281,33174000.0,-0.002319057116471287,-0.11651064986378344,0.0051238501158117344,0.02188961142196444,0.015892379375733304,0.2522837014156935,0.012875934762142119,0.2043991276687179,0.016285703963294193,0.2585275356749725,65.40484162694725,1.8819448721526442,1.9094184116120647,1.0092147813733037,73.77529636583603,0.048443822012143097,73.55464591979981,77.70669098247365,69.40260085712598,0.11289688124393966,0.9788674308452925,75.13562544930417,74.39470367477134,0.7409217745328363,-0.002688564823526529,0.7436103393563628,1.9154697233811693,0.4957611292596513
2020-10-15 00:00:00-04:00,76.59196719094011,77.92594312364784,76.42485320690311,77.13597106933594,31210000.0,-0.005110767864441562,-0.2360926613569106,-0.007801382177833438,0.0028303390524995198,0.016595603975432992,0.2634470458554634,0.01301098733663511,0.2065430208248828,0.016284969339895122,0.2585158738900451,62.96266646575631,1.501089916744732,1.8802520905501123,0.9481912666753759,74.04574233522914,0.040062096726948035,73.84328498840333,78.15348539099014,69.53308458581651,0.11673912944863458,0.8819643837159484,75.44337092930905,74.59776051881316,0.8456104104958939,0.16697123024035757,0.6786391802555364,1.527857534863796,0.3717275623311951
2020-10-16 00:00:00-04:00,77.45137286175847,78.23886306630772,77.24458583838096,77.74246978759766,34194000.0,0.007831972159732178,0.33732049316619933,0.0,-0.011531961080407438,0.016268972501340486,0.2582619319505722,0.012938150770928808,0.20538677618961743,0.016275757170420842,0.2583696352332591,65.11526734260916,1.1028919969717776,1.8247263695802314,1.0327799037715162,74.35949218014176,0.04351518052743405,74.16224899291993,78.64056374635076,69.68393423948909,0.12077073751790807,0.8997285800350368,75.79707844596884,74.83070194613053,0.9663764998383044,0.32685228415994694,0.6395242156783575,1.598914320140149,0.5304042909217498
2020-10-17 00:00:00-04:00,77.45137286175847,78.23886306630772,77.24458583838096,77.74246978759766,34194000.0,0.0,-0.01024368942266229,0.0,-0.024248941525476853,0.004862034470829379,0.07718240445382839,0.012938150770928808,0.20538677618961743,0.016275757170420842,0.2583696352332591,65.11526734260916,0.9942772279267587,1.7654085737478407,1.026782094822849,74.6695978572688,0.039526296742621335,74.48121299743653,79.0283040668842,69.93412192798885,0.12210034950972602,0.8586091349779438,76.09636942160404,75.04638845290587,1.049980968698165,0.4714780210675905,0.5785029476305744,1.4344365399117764,0.5269537740884084
2020-10-18 00:00:00-04:00,77.45137286175847,78.23886306630772,77.24458583838096,77.74246978759766,34194000.0,0.0,-0.01024368942266229,0.024674168778305194,-0.03997598305586314,0.004816778423225437,0.076463986970138,0.012938150770928808,0.20538677618961743,0.016275757170420842,0.2583696352332591,65.11526734260917,0.9942772279267587,1.7103277633320493,1.0215519559281323,74.9338996655266,0.03612658730478247,74.75157890319824,79.40322125835164,70.09993654804484,0.12445602951550175,0.8214876226550297,76.3496156317569,75.24609818140156,1.1035174503553407,0.5978859069251405,0.5056315434302001,1.2859504906201193,0.5205306303771381
2020-10-19 00:00:00-04:00,78.15058813294185,78.5473107543964,75.52181743296583,75.87042999267578,29734000.0,-0.024374677935778508,-1.083242337350414,-0.01362272388815089,-0.06309337524459047,0.0121223974156115,0.1924370931336008,0.01414158763388998,0.2244907441373953,0.016551160894985935,0.26274153382530013,53.19616914488804,3.0254933214305737,1.8042681603390869,0.8910799106942175,75.08211806772432,0.01039023932021419,74.91009407043457,79.48278806139761,70.33740007947152,0.12208485512415854,0.6050076742658828,76.27589476420596,75.2923449822367,0.9835497819692591,0.6750186819339643,0.3085311000352948,0.42003069706353047,0.0036767449097347064
2020-10-20 00:00:00-04:00,75.53123169395428,78.04693823643615,75.40180065658136,76.91826629638672,41670000.0,0.013716364591351912,0.603032396298489,-0.022011417301104008,-0.05015388386829567,0.01450866748781726,0.2303179561661563,0.01435173550100108,0.22782673810695503,0.016318843252146897,0.2590536055765512,57.847207957859126,2.64513757985479,1.8643302617330657,1.247388178100809,75.34381706720097,0.02046912008025467,75.12204246520996,79.65213211274909,70.59195281767083,0.12060613633174509,0.6982547776016441,76.37472115377223,75.41278359809967,0.9619375556725629,0.732402456681684,0.22953509899087887,0.7930191104065767,0.30664206502054764
2020-10-21 00:00:00-04:00,77.8490682736484,80.09500878079854,77.71468095433627,78.64945220947266,60322000.0,0.022257283147471153,0.9767943986631931,-0.012865343080762925,0.0010728616594026796,0.01768292265919394,0.28070769485409675,0.014949007644505359,0.23730813944738785,0.016531204606782812,0.26242473757123574,64.18041968674902,3.176742484411818,1.9580739919244052,1.7345022816344957,75.70418811727752,0.03744799244565367,75.3652572631836,80.11034711342168,70.6201674129455,0.12592247469328535,0.8460624614014712,76.72467977772614,75.65253682857174,1.0721429491543972,0.8003505551762267,0.27179239397817057,1.3842498456058847,0.7938172142466093
2020-10-22 00:00:00-04:00,78.6003693037984,80.00971867518831,78.22745200812956,79.67449188232422,30512000.0,0.012948818338507572,0.5618872770041654,-0.016117883136067213,0.0048659007444389335,0.01819892408233032,0.2888989635047424,0.014874557430564768,0.2361262789405337,0.01641459443164005,0.2605736084286312,67.3120270117877,1.7822666670587495,1.9455163258625727,0.878240295663487,76.03673450313988,0.045657741809726836,75.73981170654297,80.60839855303323,70.8712248600527,0.12856083839642488,0.904088527106972,77.17849702458739,75.95045942514601,1.2280375994413788,0.8858879640292572,0.3421496354121216,1.616354108427887,1.0699650432740015
2020-10-23 00:00:00-04:00,80.09056254283196,81.03624541577501,79.93484422792365,80.9797134399414,30548000.0,0.016249189041496647,0.7048696918030484,0.0,0.08087125316292765,0.018550469041224066,0.29447956672009,0.013889867985373455,0.22049481859689543,0.01653662948849006,0.26251085489857173,70.811386214795,1.3617535334507949,1.9038189835474457,0.8801302274658945,76.42757080588972,0.056213370493435826,76.1796272277832,81.27925938127738,71.07999507428902,0.13388440818293518,0.9706306325319235,77.76329955002646,76.3229967595753,1.440302790451156,0.996770929313637,0.4435318611375191,1.8825225301276922,1.4086777484382331
2020-10-24 00:00:00-04:00,80.09056254283196,81.03624541577501,79.93484422792365,80.9797134399414,30548000.0,0.0,-0.012710707110384516,0.0,0.0488799332696348,0.008151141413846435,0.12939535849414252,0.013889867985373455,0.22049481859689543,0.01653662948849006,0.26251085489857173,70.811386214795,1.1014011878513656,1.8465034267120115,0.8809856149134242,76.8191668063683,0.05137764085395009,76.61944274902343,81.78475100010846,71.45413449793841,0.13483022234981884,0.9220726507466476,78.25813245616722,76.66793873589872,1.590193720268502,1.11545548750461,0.4747382327638918,1.688290602986588,1.3917389647176894
2020-10-25 00:00:00-04:00,80.09056254283196,81.03624541577501,79.93484422792365,80.9797134399414,30548000.0,0.0,-0.012710707110384516,0.030733097209248772,0.010438937839788442,0.009969519914761332,0.15826122231098605,0.013889867985373455,0.22049481859689543,0.01653662948849006,0.26251085489857173,70.811386214795,1.1014011878513656,1.7932818382219655,0.8697657600200444,77.10113750926546,0.047895648995504234,76.99174118041992,82.29219301042853,71.69128935041131,0.13768884165348869,0.8761917273677974,78.67683722290171,76.9873294547167,1.6895077681850097,1.2302659436406902,0.4592418245443195,1.5047669094711893,1.3996055908453826
2020-10-26 00:00:00-04:00,80.08807542144447,80.81109596389342,77.7464289699495,78.5651626586914,35826000.0,-0.03027029393463874,-1.3393418339919168,-0.009125115491652402,-0.01968905376610841,0.018355985236894422,0.29139223203837417,0.015576247831903797,0.24726526873635876,0.016969802323762214,0.2693872604796049,56.76959567044659,3.233284469991901,1.8961391690626752,1.0061052667052341,77.36330798566219,0.015297552151077485,77.32218551635742,82.09901834482405,72.5453526878908,0.12355659107581976,0.6301047353935749,78.65965652071552,77.10420598834446,1.5554505323710544,1.2953028613867632,0.26014767098429115,0.5204189415743001,0.7493216400307648
2020-10-27 00:00:00-04:00,78.79526157270044,79.44340050716269,78.20315519687098,79.28868103027344,25902000.0,0.00916700438004259,0.39434813100170396,0.058300312341649896,-0.010661223167138467,0.017745762524763408,0.281705246794402,0.014536766081139772,0.23076400750688894,0.016929554103125778,0.2687483397845037,59.36956806295994,1.2402453102917121,1.849289607721892,0.73798446078585,77.6917681972471,0.020140489314188686,77.66867141723633,81.90432469520493,73.43301813926772,0.10906980126426181,0.6912349178181622,78.75642952218597,77.26601895441327,1.4904105677726989,1.3343244026639502,0.15608616510874862,0.764939671272649,0.9727394440830611
2020-10-28 00:00:00-04:00,76.86520815058896,77.05364551687353,74.80572991828615,74.9207763671875,45174000.0,-0.056664142252762215,-2.4607166494510895,-0.029597715546303527,-0.06988777958611592,0.02739340701451717,0.43485685513910854,0.01974433800311032,0.3134316489469893,0.018100266040283718,0.2873328156401912,42.680910999451086,4.4829511119872905,2.037408286597992,1.252981704813997,77.66745960730817,-0.03666116894810528,77.73653526306153,81.73192692643278,73.74114359969028,0.10279314996097497,0.14762417140624812,78.16632903680159,77.09229728128544,1.0740317555161454,1.2822658732343895,-0.20823411771824407,-1.4095033143750089,-0.23908579237898497
2020-10-29 00:00:00-04:00,75.22922779001276,78.78583097305014,75.20592187839175,77.20589447021484,55406000.0,0.0300445672189418,1.2968434803597841,-0.036649567038636754,-0.05394785197412,0.03412598474734123,0.5417332133198897,0.020461321673660268,0.32481341186520585,0.018493892612937757,0.2935814437642069,50.51753501575376,3.865054605862639,2.1679544522597527,1.4904022036196174,77.75561732651099,-0.00712021873547776,77.85165863037109,81.63012933778653,74.07318792295565,0.09706847031622264,0.4145468881247507,78.01856987271132,77.10071188787279,0.917857984838534,1.2093842955552183,-0.29152631071668433,-0.34181244750099715,0.45054437976267336
2020-10-30 00:00:00-04:00,82.68857141891898,83.3768826939042,79.4220666362218,80.14310455322266,99878000.0,0.03733803622238301,1.59730904734509,0.0,-0.07431360788958996,0.04026905051560542,0.6392513591819357,0.021604548418879408,0.3429615738252517,0.019085506629707087,0.3029730251272768,58.39194753779834,6.170988223689349,2.4538854359332953,2.4648575546386056,78.16587915678669,0.02467118546827573,78.11364250183105,81.75553150376723,74.47175349989487,0.09324591416539843,0.7786276641480093,78.34542136202076,77.32607430752833,1.0193470544924281,1.1713768473426605,-0.15202979285023233,1.1145106565920389,1.3271424936732137
2020-10-31 00:00:00-04:00,82.68857141891898,83.3768826939042,79.4220666362218,80.14310455322266,99878000.0,0.0,-0.014672659988391417,0.0,-0.08305839096015488,0.03712336732668002,0.5893151866541764,0.021604548418879408,0.3429615738252517,0.019085506629707087,0.3029730251272768,58.39194753779834,3.954816057682393,2.561094766058231,2.2768679444859847,78.51356133706282,0.02033291853671153,78.37562637329101,81.79204065559391,74.95921209098812,0.08718052895758795,0.7586744513227247,78.62198800682104,77.53474321461681,1.0872447922042312,1.1545504363149748,-0.06730564411074358,1.0346978052908975,1.358222798666072
2020-11-01 00:00:00-04:00,82.68857141891898,83.3768826939042,79.4220666362218,80.14310455322266,99878000.0,0.0,-0.014672659988391417,-0.005054611800490716,-0.08161484101720318,0.03702922124319059,0.5878206639112338,0.021604548418879408,0.3429615738252517,0.019085506629707087,0.3029730251272768,58.391947537798345,3.954816057682393,2.6606462868885283,2.166875302377145,78.74566468725921,0.017436807243166076,78.50337028503418,81.98623272651486,75.0205078435535,0.08873153926601918,0.7354003776691469,78.85600593703667,77.72795516562465,1.1280507714120205,1.149250503334384,-0.021199731922363574,0.9416015106765875,1.4657715495066306
2020-11-02 00:00:00-05:00,80.51157306203328,82.23235142341763,80.05038085259652,80.55025482177734,44228000.0,0.005067429561497628,0.19714958253354273,-0.012967311355049693,-0.07694917743702367,0.017837336924666113,0.2831589453260172,0.020336539419749472,0.3228325549939134,0.01908216307555047,0.3029199478505159,59.50756298076852,2.1819705708211075,2.626455164312284,0.9541993790843327,78.87536178233691,0.020793143896890746,78.64532241821288,82.22239222408497,75.0682526123408,0.09096713436687999,0.7662699509578118,79.11665961161215,77.93701439941373,1.179645212198423,1.155329445107192,0.024315767091231066,1.0650798038312457,1.6008024665384593
2020-11-03 00:00:00-05:00,80.86960946086896,82.27002983001302,79.9447507315101,81.6084976196289,31432000.0,0.013052120902605456,0.5389047800507966,-0.05738770480376221,-0.06482243882906413,0.01561295029088941,0.24784790221024164,0.020484338609042304,0.32517879438698816,0.019051692198917086,0.3024362376797035,62.33437897964062,2.325279098502918,2.604942588183044,0.6794080901266217,79.01639970884771,0.031762598091962996,78.8491870880127,82.61848736461938,75.07988681140601,0.09560784114107183,0.8660242391328238,79.50001930515319,78.20897611942966,1.2910431857235238,1.1824721932304585,0.10857099249306534,1.4640969565312967,1.8767988376228564
2020-11-04 00:00:00-05:00,84.57995112111725,87.77603930665698,84.45201073795255,86.57695007324219,71342000.0,0.05910022066049957,2.50313327491643,-0.009446809572978832,-0.008839448836524544,0.024981463998480502,0.396568446757756,0.02388906615537608,0.37922716860417005,0.019930220652302367,0.3163824445238134,72.16089211993732,6.167541687028077,2.8594139523862605,1.477965792701117,79.63590251174121,0.08017200369877903,79.32123603820801,84.34356144077333,74.2989106356427,0.1266325552503021,1.222346070141939,80.58877788485918,78.8288260419343,1.7599518429248775,1.2979681231693423,0.4619837197555352,2.8893842805677523,3.1118543154155214
2020-11-05 00:00:00-05:00,87.79686676191484,88.85661240367497,86.33792410566214,87.40262603759766,39758000.0,0.009491713702800638,0.36250411780656483,0.0015743095620486258,0.01426015423326965,0.023849471133329393,0.37859861711522014,0.023784552672587785,0.3775680684995037,0.018779243041881846,0.2981112413931569,73.4027290531348,2.518688298012833,2.8350764056453013,0.8189319568432457,80.02060303092236,0.08445996809637962,79.804243850708,85.9251872703108,73.68330043110521,0.1533989453255998,1.1206871772866944,81.63706221604971,79.46392233790938,2.173139878140333,1.4730024741635406,0.7001374039767922,2.482748709146779,3.045620530261193
2020-11-06 00:00:00-05:00,86.84918009743042,87.70014842802105,86.12218709254135,87.26524353027344,28622000.0,-0.0015730716358325323,-0.11574588356778812,0.0,0.0071538732132376825,0.024143995567057566,0.3832740475552813,0.02383584127935826,0.3783822498911376,0.018350578699868746,0.2913064059238301,72.82066553347944,1.5779613354796993,2.745282472062044,0.5929562875492024,80.31608116277928,0.07963264739052037,80.2803825378418,87.1604788894751,73.4002861862085,0.1714016833038937,1.0076136027348996,82.50293626439183,80.04179798178819,2.461138282603642,1.6706296358515609,0.790508646752081,2.0304544109395994,2.7765738820281616
2020-11-07 00:00:00-05:00,86.84918009743042,87.70014842802105,86.12218709254135,87.26524353027344,28622000.0,0.0,-0.04720858694766818,0.0,0.009702404282440513,0.024867089906470154,0.39475281433442677,0.02383584127935826,0.3783822498911376,0.018350578699868746,0.2913064059238301,72.82066553347944,1.5779613354796993,2.661902390877591,0.5963985214017511,80.61498991793685,0.07620735751490254,80.75652122497559,88.19267499245909,73.32036745749208,0.18416231047812204,0.937640378938835,83.23559892068131,80.57686802241673,2.6587308982645794,1.8682498883341647,0.7904810099304147,1.750561515755341,2.5687938161414747
2020-11-08 00:00:00-05:00,86.84918009743042,87.70014842802105,86.12218709254135,87.26524353027344,28622000.0,0.0,-0.04720858694766818,-0.0009596457058278496,-0.007070200681888683,0.025918611427169985,0.41144520098645204,0.02383584127935826,0.3783822498911376,0.018350578699868746,0.2913064059238301,72.82066553347944,1.5779613354796993,2.584478029777742,0.597090274909358,80.96067967768845,0.07224598932561113,81.32626190185547,88.93035094441635,73.7221728592946,0.18700205480334228,0.8905123674365771,83.85554424523396,81.07230324522094,2.783241000013021,2.051248110669936,0.7319928893430849,1.5620494697463074,2.3994766822015947
2020-11-09 00:00:00-05:00,89.06290742659552,90.09983143122278,87.15715710598109,87.34906768798828,53440000.0,0.0009601064605660848,0.0004304581478724998,0.013638638583248985,-0.006116424576640855,0.004408019757214669,0.06997514431109597,0.02286960263753417,0.3630436869706935,0.01834954450107014,0.2912899885268662,72.98392270741276,2.942674325241697,2.6100634794537387,1.1013038827968666,81.48602761765797,0.0671219536225979,81.84780197143554,89.60814639800599,74.0874575448651,0.1896286580616731,0.8544472651057275,84.39300939027308,81.5372487595,2.8557606307730765,2.2121506146905645,0.643610016082512,1.41778906042291,2.267810722948953
2020-11-10 00:00:00-05:00,85.77953403684037,87.24789727172411,85.10262594054147,86.17377471923828,43022000.0,-0.013546469447457351,-0.6409335790061408,-0.005443089747670715,-0.019489256237805952,0.006058161344643719,0.09617032992139167,0.023222997717028883,0.368653659940075,0.0177764870586597,0.2821929836494298,66.91491088710819,2.2464417474468092,2.584090498596101,0.9026989485787663,81.87712039239106,0.04986034719781157,82.22401809692383,90.06067714934633,74.38735904450132,0.19061727300129816,0.7520051335583807,84.66697328703695,81.88069512688801,2.786278160148939,2.3269761237822393,0.45930203636669953,1.0080205342335231,1.9187598970551287
2020-11-11 00:00:00-05:00,86.70340845413412,87.42246404950103,86.43859877251248,86.64539337158203,31838000.0,0.005457957335624271,0.19964845277787477,0.0025304287030858408,-0.015106695181155483,0.0071423928721089415,0.11338197183312372,0.0229007695366546,0.3635384461559517,0.017700482836121013,0.28098645402086075,68.06258876432852,1.2486893302627493,2.4887047008580043,0.6671052852138056,82.10657678079754,0.052383818852545415,82.57256317138672,90.55058061757339,74.59454572520005,0.19323652166707198,0.7552532773754489,84.9713456077362,82.2336357376061,2.7377098701301037,2.409122873051812,0.32858699707829153,1.0210131095017951,1.9144088213712
2020-11-12 00:00:00-05:00,86.38603249456722,87.52561610355704,86.18618426747176,86.42669677734375,26474000.0,-0.0025272325589828356,-0.1624202415826766,-0.01661143411483601,-0.01069430917711034,0.007105606443889028,0.1127980053889704,0.022868016300568117,0.36301850465204716,0.017595814734797273,0.2793248994230372,66.90361654405862,1.3394318360852822,2.4066137819456674,0.557090520370608,82.26313015737239,0.048174542996797916,82.84491233825683,90.96461307784317,74.7252115986705,0.19602171118085063,0.7205613577372677,85.19524578767582,82.54423285166074,2.6510129360150785,2.4575008856444653,0.19351205037061314,0.882245430949071,1.7848709431775205
2020-11-13 00:00:00-05:00,86.68356532652022,88.12812330500522,86.08749390814062,87.8866195678711,29744000.0,0.016750951197006408,0.6909265360081774,0.0,0.01816571738126105,0.011080732312438557,0.1759011722591405,0.022881851212240064,0.3632381270662143,0.017653871795182744,0.2802465266848257,70.51325680634032,2.0406293968646025,2.380472040154163,0.6264308143979681,82.4805516933641,0.06151184220178263,83.19025764465331,91.55962400088552,74.82089128842111,0.20121025209422727,0.780568547445689,85.60930329232124,82.93996520100966,2.6693380913115874,2.49986832677789,0.16946976453369755,1.1222741897827564,1.9595097109128798
2020-11-14 00:00:00-05:00,86.68356532652022,88.12812330500522,86.08749390814062,87.8866195678711,29744000.0,0.0,-0.05536752291761216,0.0,0.0077847924467986385,0.011098978008765763,0.17619081370901446,0.022881851212240064,0.3632381270662143,0.017653871795182744,0.2802465266848257,70.51325680634032,2.0406293968646025,2.35619756563348,0.6269616264241223,82.69834169771144,0.059033762996800285,83.53560295104981,92.08889021991608,74.98231568218354,0.2047818407171449,0.7543476256584333,85.95965964240584,83.30638404299938,2.653275599406456,2.530549781303603,0.12272581810285299,1.0173905026337329,1.8652817169545801
2020-11-15 00:00:00-05:00,86.68356532652022,88.12812330500522,86.08749390814062,87.8866195678711,29744000.0,0.0,-0.05536752291761216,-0.0009977469391153626,0.020663711509721683,0.007734612059806838,0.12278315998685962,0.022881851212240064,0.3632381270662143,0.017653871795182744,0.2802465266848257,70.51325680634032,2.0406293968646025,2.333656982149989,0.6310063771018342,83.01910123177777,0.055384065970751656,84.00167579650879,92.42951844606885,75.57383314694873,0.20065891709056438,0.7304826948546018,86.25611501555434,83.64566074854544,2.6104542670089046,2.5465306784446637,0.06392358856424085,0.9219307794184075,1.779226695356005
2020-11-16 00:00:00-05:00,87.48395005570929,88.98157439814365,87.34459885703573,87.97439575195312,25468000.0,0.0009982450199259808,-0.02271289542367205,0.007021830168194132,0.021683092688197236,0.0077723247489199735,0.12338183036684872,0.021524390240400468,0.3416891021904325,0.017631841016302916,0.2798967989121952,70.75279163001156,1.6369755411079154,2.283894022075555,0.5405416878025796,83.25556889000973,0.05363863907912815,84.43596153259277,92.73540511399007,76.13651795119547,0.19658551713640793,0.7131729786856761,86.52046589807723,83.96630778583489,2.554158112242348,2.548056165204201,0.0061019470381471486,0.8526919147427042,1.7154051393656982
2020-11-17 00:00:00-05:00,87.66841834553581,88.12861930166262,87.25335367641775,87.3609619140625,21314000.0,-0.00699729192071102,-0.3784373977165238,0.012075978069195914,0.014559031473582174,0.00876687321895508,0.1391697978779247,0.021670963196923982,0.34401587574176473,0.017570434237900865,0.27892199652540234,66.67627784078165,0.8752656252448787,2.183277708016221,0.46412776252267396,83.7607855522929,0.0412103562379626,85.05797080993652,92.12848177995394,77.9874598399191,0.16625157883948585,0.6628588877021645,86.64977297745958,84.21776364718508,2.4320093302744965,2.52484679821826,-0.09283746794376357,0.6514355508086581,1.54736921544963
2020-11-18 00:00:00-05:00,87.11202590924145,87.52659876109121,86.21592867248422,86.3185806274414,20108000.0,-0.012003645190600236,-0.62132285156043,-0.010195712502638732,0.007571335152028347,0.005683896126290316,0.0902290537685253,0.017056549675927915,0.2707643320039476,0.017525325274443556,0.2782059139301547,60.31672408578976,1.310670088606983,2.1209485923441327,0.45536688874898656,84.23025237204469,0.024193264534899228,85.51360511779785,91.55285528663532,79.47435494896038,0.14124653405778415,0.5666453191322681,86.59882030822601,84.37337971979666,2.2254405884293504,2.4649655562604784,-0.23952496783112798,0.26658127652907276,1.3219932602724367
2020-11-19 00:00:00-05:00,85.95111313440208,87.4517111808944,85.79192921661566,87.20772552490234,20106000.0,0.010248044793230713,0.40262190184709007,0.012779433823023156,-0.003021769650181194,0.00847115098946987,0.1344753530196961,0.016231447998583767,0.25766624893637835,0.017383937180391194,0.2759614475189069,63.51354009090052,1.65978196427875,2.088008118910891,0.5005327464823796,84.81288934895693,0.027461284668656608,85.86683616638183,91.38764658600141,80.34602574676225,0.12859005096966786,0.6214395402670709,86.69249803386853,84.5833312609156,2.109166772952932,2.393805799598969,-0.28463902664603724,0.48575816106828335,1.4198993060756444
2020-11-20 00:00:00-05:00,87.37782025271105,87.69321431232694,86.03888806138033,86.1073226928711,27694000.0,-0.012698465944711222,-0.698107532751005,0.0,-0.01573007936943982,0.009703782463210324,0.15404277104594577,0.014996005557824712,0.23805420819207973,0.017149220957752752,0.2722354429962642,57.3554164538916,1.6543262509466103,2.0570308426277286,0.7574945295404814,85.4997832259464,0.0070556074434188695,86.16504707336426,90.98376139880823,81.3463327479203,0.11184846963156936,0.4940103960730385,86.60247105833047,84.69621951513452,1.9062515431959497,2.2962949483183652,-0.39004340512241553,-0.023958415707846036,1.1953123041472868
2020-11-21 00:00:00-05:00,87.37782025271105,87.69321431232694,86.03888806138033,86.1073226928711,27694000.0,0.0,-0.07018204813419637,0.0,-0.01573007936943982,0.009582417456659819,0.1521161612947556,0.014996005557824712,0.23805420819207973,0.017149220957752752,0.2722354429962642,57.3554164538916,1.6543262509466103,2.02826622893622,0.8404651783871712,86.3371521979764,-0.002669105227264581,86.46325798034668,90.36348691562412,82.56302904506924,0.09021702458086814,0.45436994938218034,86.52629438672133,84.80074567644833,1.725548710273003,2.182145700709293,-0.4565969904362901,-0.1825202024712789,1.1559011406812985
2020-11-22 00:00:00-05:00,87.37782025271105,87.69321431232694,86.03888806138033,86.1073226928711,27694000.0,0.0,-0.07018204813419637,0.005105383584599554,-0.028337608687492133,0.00959917900826188,0.1523822426775154,0.014996005557824712,0.23805420819207973,0.017149220957752752,0.2722354429962642,57.3554164538916,1.6543262509466103,2.001556230508391,0.8620941909656613,86.72561132810011,-0.007180441986732562,86.74111137390136,89.48931713155507,83.99290561624765,0.06336570316253952,0.3846904604458424,86.46183720305206,84.8975291591463,1.5643080439057542,2.0585781693485856,-0.49427012544283144,-0.4612381582166301,1.122620191036346
2020-11-23 00:00:00-05:00,86.29775917426349,86.58389223770376,84.80807238631498,85.6699447631836,22530000.0,-0.00509239530184684,-0.37506788166712657,-0.02060202338637762,-0.033273120230259634,0.008378948820311694,0.13301168896009663,0.015103637073742014,0.23976280553818016,0.01703559585046112,0.270431700336744,54.72151563724692,1.775819851388789,1.9854322034284193,0.7111966918147669,86.941932787706,-0.014847541083848505,86.94418373107911,88.38449963376594,85.50386782839227,0.033131966760232584,0.057652954633602406,86.34000759691844,84.95474512981572,1.38526246710272,1.9239150288994127,-0.5386525617966926,-1.7693881814655923,1.01673716605962
2020-11-24 00:00:00-05:00,85.66696514111936,87.59998627783115,85.33123893145898,87.4720458984375,27984000.0,0.020817205660895555,1.0280706792534848,-0.0001302911143029606,-0.012937638372190308,0.012436919098840846,0.1974299700681745,0.015454697420766758,0.2453357157786012,0.017040220389804846,0.2705051126229345,62.38597854061531,2.268747346372166,2.005668999352973,0.9482533690712986,87.01118347999802,0.005268682282504014,86.98893852233887,88.43681465139976,85.54106239327798,0.033288741158488115,0.6668331172819253,86.51416733561368,85.14121185341733,1.372955482196346,1.8137231195587995,-0.4407676373624534,0.6673324691277002,1.2868375900837887
2020-11-25 00:00:00-05:00,87.6659416054076,87.79338256520208,86.70140982396333,87.48344421386719,19600000.0,0.00013029960292744406,-0.09644200472812801,0.0,0.005545983837959678,0.0101122279573241,0.16052664225524546,0.008683965588622132,0.1378536800480208,0.01633086069507937,0.25924437656891663,62.4292982313039,1.0919727412387488,1.9404049809162427,0.6876420893092705,87.00012040142929,0.005524746045164161,86.99297943115235,88.44615830912174,85.53980055318296,0.03340910697556834,0.6687558187606579,86.66328685534499,85.31471054678399,1.3485763085610074,1.7206937573592413,-0.37211744879823394,0.6750232750426334,1.250077175869719
2020-11-26 00:00:00-05:00,87.6659416054076,87.79338256520208,86.70140982396333,87.48344421386719,19600000.0,0.0,-0.09967262652996456,-0.012809016158875863,-0.017394823705071505,0.0101122279573241,0.16052664225524546,0.008435811013404208,0.13391434829164378,0.016318944865766783,0.25905521864275943,62.4292982313039,1.0919727412387488,1.8798026780821362,0.698699919079142,87.00347985139918,0.0054863450654121584,87.00388946533204,88.46890316604289,85.53887576462118,0.033676970299002816,0.6636690320037487,86.78946491050226,85.47535748508645,1.3141074254158127,1.6393764909705557,-0.325269065554743,0.6546761280149928,1.2136472745249163
2020-11-27 00:00:00-05:00,87.50377401389918,89.11397029438973,87.50377401389918,88.61856079101562,14790000.0,0.012891758934790564,0.5958814018849207,0.0,-0.020794914350203086,0.010726444816247288,0.1702770326138895,0.008876216575006505,0.14090556984370028,0.016332413841499333,0.25926903200397794,66.84010370050679,1.630526080522543,1.8619972068278796,0.5405602967782022,87.03344064721831,0.01788699940112337,87.07155532836914,88.70296050846758,85.4401501482707,0.03747274695957809,0.9741328155379322,87.0708642767351,85.70818735959972,1.3626769171353743,1.5840365762035196,-0.22135965906814525,1.8965312621517219,1.3685777267409245
2020-11-28 00:00:00-05:00,87.50377401389918,89.11397029438973,87.50377401389918,88.61856079101562,14790000.0,0.0,-0.11214412609223488,0.0,-0.019112648910772356,0.009624854773535372,0.15278983281532496,0.008876216575006505,0.14090556984370028,0.016332413841499333,0.25926903200397794,66.84010370050679,1.6101962804905554,1.8440114263752136,0.5545785540460987,87.06495537937441,0.017531377149139202,87.13922119140625,88.91070174936586,85.36774063344664,0.040658627280325314,0.9175432784069842,87.30897143277825,85.92377057674163,1.3852008560366187,1.5442694321701396,-0.15906857613352088,1.6701731136279383,1.3254920870410951
2020-11-29 00:00:00-05:00,87.50377401389918,89.11397029438973,87.50377401389918,88.61856079101562,14790000.0,0.0,-0.11214412609223488,0.01859316008480638,-0.02014531703860034,0.005751078696803918,0.09129554401262763,0.008876216575006505,0.14090556984370028,0.016332413841499333,0.25926903200397794,66.84010370050679,1.6101962804905554,1.8273103445263095,0.5979043029705212,87.08071123363342,0.017353583082993528,87.20269584655762,89.09283705299251,85.31255464012273,0.043350522322401455,0.8745394628818649,87.51044671866093,86.12338466668784,1.3870620519730892,1.5128279561307296,-0.12576590415764044,1.4981578515274547,1.2851347323449234
2020-11-30 00:00:00-05:00,88.05472883709749,88.28730367623308,86.67562420794934,87.00093841552734,32418000.0,-0.018422420429923404,-1.1215535087065884,-0.022814279915346014,-0.03803135406896063,0.011174361051251044,0.1773874824099393,0.009810010385999575,0.15572908704189375,0.016509132623997596,0.2620743557068851,55.28735909944312,1.9429365830662846,1.8355693615648792,1.3392436648461965,87.15596498578151,-0.0017818953804123222,87.24405403137207,89.07466093918673,85.41344712355742,0.04196519586667505,0.433596990482529,87.43206082587115,86.18838864808336,1.2436721777877864,1.4589968004621412,-0.21532462267435482,-0.26561203806988465,0.9659555760824446
2020-12-01 00:00:00-05:00,87.6089081843694,90.33933938625974,87.42889272522542,89.03214263916016,37350000.0,0.023078552799210665,1.1951966259119093,-0.016224974989637153,-0.015572346014528615,0.01562543538906695,0.2480460969994736,0.010544886414284279,0.16739488233371894,0.01670162863102943,0.26513013508476013,63.75808017301747,3.338400970732394,1.9429144765054158,1.5256231159473568,87.33228129913792,0.019092670238338914,87.36339149475097,89.33539904904235,85.39138394045959,0.04514494047337583,0.9231097240925208,87.67822725868484,86.39903709186683,1.2791901668180117,1.4230354737333153,-0.14384530691530362,1.6924388963700812,1.2932973627207713
2020-12-02 00:00:00-05:00,89.03214790983743,90.88583053694929,88.52682579597574,90.5005111694336,29424000.0,0.01635804118996982,0.81048334458404,0.0017179909133278048,0.004369850386178431,0.01621165928660489,0.257352112872404,0.011004899284421188,0.17469736025934682,0.016776796690614444,0.2663233910379435,68.4162929579365,2.359004740973546,1.9726352096817108,1.1946746354951217,87.57020206898025,0.03237892319709958,87.56708221435547,89.93378946269897,85.20037496601196,0.054054724412309164,1.1197278850460453,88.11242478341542,86.7028499865014,1.4095747969140149,1.4203433383694553,-0.010768541455440372,2.478911540184184,1.5148447239275005
2020-12-03 00:00:00-05:00,90.2808291670756,91.4357808641382,90.10527814356266,90.34529876708984,24728000.0,-0.0017165168549764217,-0.2009928658040239,-0.0010527897282816001,0.005802389703930766,0.016340572240849848,0.25939854257864486,0.01098936592781928,0.17445077586777843,0.01672263041760169,0.2654635281109097,67.42970586615013,1.330502720575538,1.9267686033169844,1.014336402978034,87.69164323448233,0.02937236988333659,87.69001617431641,90.36230350996726,85.01772883866556,0.0609484968126517,0.996818316905791,88.45594385782687,86.97266100728574,1.48328285054113,1.4329312408037902,0.050351609737339764,1.9872732676231624,1.447473620647983
2020-12-04 00:00:00-05:00,90.26496258516444,90.72515597863432,89.93617518789623,90.44051361083984,20544000.0,0.001053344300653822,-0.053464754866359585,0.0,0.02581760583405468,0.016285069859568724,0.2585174695903944,0.01046517243529231,0.16612946214714985,0.016412646886437007,0.2605426921069853,67.73706258926583,0.7889807907380941,1.8454980452756353,0.8589167380897631,87.79757257150507,0.02922297689182959,87.81771087646484,90.75999007303334,84.87543167989635,0.0670087882547397,0.945709356446171,88.76126228136732,87.22953897791938,1.5317233034479472,1.4526896533326217,0.07903365011532548,1.7828374257846842,1.4221493674008254
2020-12-05 00:00:00-05:00,90.26496258516444,90.72515597863432,89.93617518789623,90.44051361083984,20544000.0,0.0,-0.11493763303671058,0.0,0.031742781023733846,0.011220354642956093,0.1781176080432645,0.01046517243529231,0.16612946214714985,0.016412646886437007,0.2605426921069853,67.73706258926583,0.7889807907380941,1.7700325270943826,0.875759319649594,87.90765626579964,0.02800578240785909,87.94540557861328,91.1133040908007,84.77750706642585,0.0720423879188476,0.893811232056122,89.01960863974772,87.4673889507283,1.5522196890194095,1.4725956604699793,0.07962402854943029,1.5752449282244865,1.391304912929952
2020-12-06 00:00:00-05:00,90.26496258516444,90.72515597863432,89.93617518789623,90.44051361083984,20544000.0,0.0,-0.11493763303671058,0.0037040006780422186,0.027586289994854463,0.007456133307617388,0.11836244684460641,0.01046517243529231,0.16612946214714985,0.016412646886437007,0.2605426921069853,67.73706258926583,0.7889807907380941,1.6999574030689335,0.8850480133377563,88.01608003264556,0.026806941727757938,88.06871147155762,91.42758491895825,84.709838024157,0.07627847373434994,0.8530651238315812,89.23820940453112,87.68762040703287,1.5505889974982523,1.488194327875634,0.062394669622618304,1.4122604953263234,1.362075748431019
2020-12-07 00:00:00-05:00,90.0333596381095,90.71473210094504,89.41299114870317,90.10675811767578,22288000.0,-0.003697157759774668,-0.32437116655333226,0.003146747866487498,0.02379415574778876,0.001865639551212642,0.029616109731568814,0.010523375678865129,0.16705340999509585,0.01632467439929443,0.2591461721678148,65.04959374188387,1.3017409522418717,1.6715133708670005,0.9581703280168522,88.14625547810928,0.021757553823056892,88.20600128173828,91.66601044891146,84.7459921145651,0.07845291968562519,0.7746751155995365,89.37183228347645,87.86681579300642,1.5050164904700267,1.4915587603945126,0.013457730075514096,1.0987004623981473,1.2669815476649942
2020-12-08 00:00:00-05:00,89.68476067965364,90.05420479386552,88.82982716744417,89.82410430908203,19936000.0,-0.003141807217357908,-0.28810389296549116,0.0188260100447617,0.02058263950435446,0.0021186541119899167,0.03363259136693825,0.010407295004824598,0.16521068642190387,0.01603281767099732,0.2545130902386042,62.77797479074242,1.2769309502316162,1.6433289122501873,0.8573738624830125,88.29720867044965,0.016998729354187385,88.38127746582032,91.79354225446257,84.96901267717807,0.0772169148598666,0.7114177727449779,89.44141259510808,88.01180012753055,1.4296124675775275,1.4791695018311157,-0.04955703425358826,0.8456710909799111,1.1790385272778061
2020-12-09 00:00:00-05:00,89.77600140990651,90.66912483380474,87.3778230247118,88.16432189941406,31728000.0,-0.018650993876549355,-1.2292657533779896,0.005776051372077706,0.01460962477823835,0.007769361302615369,0.12333478711517466,0.010921324133955978,0.1733706458758523,0.016271482131688168,0.2583017710972682,51.4220762880258,3.2913018090929427,1.7610412620246698,1.3312354459059728,88.33431802629951,-0.0019281737013686557,88.42910728454589,91.79866008700508,85.05955448208671,0.07620913307688801,0.46070912066749875,89.24493710346285,88.02309803655895,1.2218390669038968,1.427703414845672,-0.20586434794177522,-0.15716351733000497,0.8222813983494417
2020-12-10 00:00:00-05:00,87.40757214922617,88.02199315546525,85.96598802674157,87.65800476074219,28688000.0,-0.005759433945385682,-0.45374739402989506,-0.004028611690168771,0.0037306476583949255,0.0072330088826152664,0.11482045640472703,0.010802102233579667,0.1714780568804829,0.01621806511311614,0.2574538022157476,48.53771484843844,2.1983338726724924,1.7922764484995142,1.2011790714812085,88.42281607890901,-0.008724945545524703,88.50664138793945,91.71894155052043,85.29434122535848,0.07258890659969625,0.36790826133205823,89.00079366612121,87.99605409020215,1.0047395759190607,1.34311064706035,-0.3383710711412893,-0.5283669546717663,0.6943017900505776
2020-12-11 00:00:00-05:00,87.27864133152798,88.13704799737961,86.91861796512762,88.0125732421875,18628000.0,0.004036748406710294,0.12692796380204663,0.0,0.010021695008922249,0.008257728422213763,0.1310873747969244,0.010409629601600877,0.16524774699679376,0.016100954967374334,0.2555947362859355,50.62632649697585,1.2184300322519874,1.751287418767548,0.7950524756827814,88.54335280819612,-0.006030724321035956,88.60190391540527,91.62185573580584,85.58195209500471,0.06816900511040787,0.4024271398575483,88.8487597547468,87.99727773108997,0.8514820236568283,1.2447849223796459,-0.39330289872281754,-0.39029144056980763,0.7417431250459178
2020-12-12 00:00:00-05:00,87.27864133152798,88.13704799737961,86.91861796512762,88.0125732421875,18628000.0,0.0,-0.11567414555027271,0.0,0.01970113769847237,0.008611058586652261,0.13669631727173534,0.010409629601600877,0.16524774699679376,0.016100954967374334,0.2555947362859355,50.626326496975864,1.2184300322519874,1.7132261768735795,0.8107378811486469,88.66864561970479,-0.00745430287229475,88.6971664428711,91.49804577555103,85.89628711019115,0.06315600475205614,0.3777895940221458,88.72011567589152,87.99841073191202,0.7217049439795034,1.1401689266996173,-0.418463982720114,-0.48884162391141744,0.715173500413102
2020-12-13 00:00:00-05:00,87.27864133152798,88.13704799737961,86.91861796512762,88.0125732421875,18628000.0,0.0,-0.11567414555027271,0.012863276086928721,0.028142407189876817,0.008864375712233667,0.14071760197446803,0.010409629601600877,0.16524774699679376,0.016100954967374334,0.2555947362859355,50.62632649697585,1.2184300322519874,1.6778835951148945,0.8176810131027369,88.79010253441416,-0.00883429791431167,88.81429786682129,91.25490155680973,86.37369417683286,0.05495970240395678,0.3357528041274102,88.61126299378321,87.99945980674724,0.6118031870359744,1.0344957787668887,-0.42269259173091434,-0.6569887834903575,0.6890477704228255
2020-12-14 00:00:00-05:00,87.81025930441976,88.75643400751298,86.73960226706616,86.89482116699219,33050000.0,-0.012781246845353972,-0.9004858739063728,-0.005008209276893494,0.01508508745817827,0.006533641348285681,0.10371834097951597,0.010765329337067515,0.17089430524553087,0.015660354566609674,0.24860042175806338,43.651031944030386,2.0168317404468183,1.7020941769243176,1.4347856287009222,88.73419896179334,-0.021167864437700884,88.78543663024902,91.305239726151,86.26563353434705,0.05676163099576368,0.12484857123725383,88.34719502043075,87.91763472232094,0.42956029810980567,0.9135086826354721,-0.48394838452566646,-1.5006057150509817,0.4182475551224863
2020-12-15 00:00:00-05:00,87.27169452904377,87.47699842212751,86.36965738505812,87.33219909667969,21352000.0,0.0050207923871212244,0.21603861069243752,0.0022138032228806725,0.02019443469022897,0.0071079316165797695,0.11283491636114029,0.009795850423097002,0.15550430459940912,0.015665581647218367,0.24868339909030432,46.743160819817376,1.1073410370693892,1.6596118097918229,0.9234335536103518,88.72247719402581,-0.015919421607682654,88.77787437438965,91.31497830240812,86.24077044637119,0.05715622154500159,0.2150934059608922,88.19104180139212,87.87426912042159,0.31677268097053,0.7941614823024837,-0.4773888013319537,-1.139626376156431,0.49102756097448885
2020-12-16 00:00:00-05:00,87.7304049543823,87.7304049543823,86.73612785383081,87.13928985595703,24676000.0,-0.0022113563710927757,-0.23307672317965908,0.009583400769886063,0.013046514373366458,0.0065873234677152805,0.1045705182066855,0.009806704045397095,0.15567660051199075,0.015665124924338233,0.24867614883935088,45.55576420534187,0.9942771005514857,1.6120879019889416,1.055603562597856,88.6908602410072,-0.01780563495083499,88.76066665649414,91.33906866242586,86.18226465056242,0.058097851290599196,0.18558494819522683,88.02923380978672,87.81982621194274,0.20940759784397756,0.6772107054107825,-0.467803107566805,-1.2576602072190923,0.42095018545305624
2020-12-17 00:00:00-05:00,87.4735323654879,87.61139288477847,85.84796774736196,86.31212615966797,34880000.0,-0.009537771276906802,-0.6914397481567895,0.008278179928735696,0.011795045621139755,0.007216353758218981,0.11455606450148252,0.010016200950366297,0.1590022607779082,0.015706746832046776,0.24933687614068417,40.773053780014386,1.7634251374165046,1.6228977045194817,1.4306398093574015,88.52289759864719,-0.02561368300543932,88.64534492492676,91.44714584001788,85.84354400983564,0.06321371793327558,0.08362159982681887,87.76506340207614,87.70814472658904,0.05691867548709695,0.5531522994260455,-0.49623362393894854,-1.6655136006927218,0.1984413518098563
2020-12-18 00:00:00-05:00,86.59281350662172,86.7014130032397,85.04708672490963,85.60348510742188,85256000.0,-0.008244103727390949,-0.6075641761459023,0.0,-0.0011631503017015543,0.007041655271395673,0.11178281199815994,0.009643255350487916,0.1530819329189042,0.01573746531508739,0.2498245169413559,37.172479257280315,1.6543262783300605,1.6251426026488087,3.0553325688073394,88.07437356989318,-0.028864344242184134,88.49459114074708,91.60943098414894,85.37975129734521,0.07039616327393028,0.03591417557962079,87.43251289520624,87.55224401405813,-0.11973111885188814,0.41857561577045876,-0.5383067346223469,-1.85634329768152,-0.012659235456140493
2020-12-19 00:00:00-05:00,86.59281350662172,86.7014130032397,85.04708672490963,85.60348510742188,85256000.0,0.0,-0.08933922512209579,0.0,-0.004578759209572958,0.006004123469367325,0.09531250524523367,0.009643255350487916,0.1530819329189042,0.01573746531508739,0.2498245169413559,37.172479257280315,1.6543262783300605,1.6272271509117553,2.712800654208284,87.72641718204432,-0.02479959866071365,88.34383735656738,91.7147398123548,84.97293490077996,0.076313245080854,0.09352839705571105,87.15112400477787,87.40789150245544,-0.256767497677572,0.2835069930808526,-0.5402744907584246,-1.625886411777157,-0.0516370287717392
2020-12-20 00:00:00-05:00,86.59281350662172,86.7014130032397,85.04708672490963,85.60348510742188,85256000.0,0.0,-0.08933922512209579,-0.004808137068404994,-0.004578759209572958,0.004579262059343319,0.07269353158329554,0.009643255350487916,0.1530819329189042,0.01573746531508739,0.2498245169413559,37.17247925728032,1.6543262783300605,1.6291628028702057,2.5024362180503212,87.49530795978335,-0.022099834486732237,88.2739646911621,91.81567644164582,84.73225294067839,0.08024363158208314,0.12299591668131836,86.91302571287694,87.27423176948999,-0.3612060566130424,0.1545643831420736,-0.5157704397551159,-1.5080163332747267,-0.08506107372853773
2020-12-21 00:00:00-05:00,84.75599010453729,86.13806852719698,84.00569107154372,86.0170669555664,33974000.0,0.004819733345363837,0.2132057282314261,0.008336210180999837,0.00023048606743669708,0.006094274637759001,0.09674361067703137,0.008929138793570587,0.14174568401860246,0.015388363120107686,0.24428269140097744,40.97213994012087,2.1323774556532555,1.6651067066404235,1.0021710658281318,87.33657453016012,-0.01534006705059275,88.12321090698242,91.78372279542846,84.46269901853638,0.083077133726093,0.21231565207262357,86.77518590405994,87.18110844994008,-0.405922545880145,0.04246699733762989,-0.44838954321777486,-1.1507373917095054,-0.0007462740268830419
2020-12-22 00:00:00-05:00,85.7577025849054,85.92035967123091,84.5898570912219,85.30593872070312,20370000.0,-0.008301655882691165,-0.6068674241472033,-0.004634975019776055,-0.00803871172305548,0.005757877816323568,0.09140347668892683,0.007245713216734974,0.11502213145664754,0.015367816172035437,0.24395651871217428,36.84589385254852,1.4272098643445048,1.648114075047858,0.6090104850258762,87.13557457633277,-0.021447930625556878,87.8634822845459,91.5508201202205,84.1761444488713,0.08393334158400764,0.15319918084277342,86.54914787585119,87.04220698851512,-0.49305911266392854,-0.0646382246626818,-0.4284208880012467,-1.3872032766289062,-0.2247325076052672
2020-12-23 00:00:00-05:00,85.4899367962746,86.49066096594188,85.35455062268282,85.70317077636719,22974000.0,0.00464574982334819,0.21573833170872717,-0.003419586400825181,-0.025778444606815443,0.0053258664211994185,0.08454550839865944,0.006122837875369626,0.09719703801717072,0.015145352689796481,0.24042502041338798,40.453379763687636,1.1847222452387598,1.6150146586329226,0.6886690647482014,86.96729204532339,-0.014749994165965985,87.63137588500976,91.24460455167394,84.01814721834558,0.08246426876614325,0.2331742208246765,86.41899755285365,86.9430191209486,-0.5240215680949518,-0.15651489334913582,-0.367506674745816,-1.0673031167012932,-0.13616183485203945
2020-12-24 00:00:00-05:00,85.7413574327601,86.40636297028169,85.51076507521569,85.99724578857422,9312000.0,0.0034254465497392016,0.13708117950460508,0.0,-0.013425992623690819,0.005505717676501792,0.08740055856573666,0.006260924528170035,0.09938909567329395,0.01507521727171027,0.23931165516726607,43.04706734269886,0.895597895066004,1.5636277469495714,0.2839162885994439,86.84474500860085,-0.009854957705392407,87.40921249389649,90.83681704644195,83.98160794135103,0.07842662014109324,0.29403010416214803,86.35411266604143,86.87296183706901,-0.5188491710275827,-0.2289817488848252,-0.28986742214275746,-0.8238795833514065,-0.07636797072155972
2020-12-25 00:00:00-05:00,85.7413574327601,86.40636297028169,85.51076507521569,85.99724578857422,9312000.0,0.0,-0.07718817405175024,0.0,-0.0012035889866335303,0.005505717676501792,0.08740055856573666,0.006236477646561587,0.09900101345889199,0.014952300927375218,0.23736041869221167,43.04706734269886,0.895597895066004,1.515911328957888,0.2888624181060155,86.71792816744217,-0.008380296046221751,87.1870491027832,90.35341772411826,84.02068048144815,0.07263392106784758,0.31211863549429,86.299210069508,86.80809398162495,-0.5088839121169428,-0.28496218153124875,-0.2239217305856941,-0.7515254580228399,-0.11863829066162793
2020-12-26 00:00:00-05:00,85.7413574327601,86.40636297028169,85.51076507521569,85.99724578857422,9312000.0,0.0,-0.07718817405175024,0.0,-0.010544026359670888,0.005055282968434361,0.08025012924922624,0.006236477646561587,0.09900101345889199,0.014952300927375218,0.23736041869221167,43.04706734269886,0.895597895066004,1.4716032265370393,0.29398393696014546,86.58661441147349,-0.006853343005289326,86.96488571166992,89.77338588618271,84.15638553715713,0.06458929144860386,0.32773012943401947,86.25275402628742,86.74803115251008,-0.4952771262226605,-0.3270251704695311,-0.1682519557531294,-0.6890794822639207,-0.16032735095067605
2020-12-27 00:00:00-05:00,85.7413574327601,86.40636297028169,85.51076507521569,85.99724578857422,9312000.0,0.0,-0.07718817405175024,-0.022435578605484174,-0.010544026359670888,0.002252100869614574,0.03575099297059478,0.006236477646561587,0.09900101345889199,0.014952300927375218,0.23736041869221167,43.04706734269886,0.895597895066004,1.4304599885748226,0.3001315009153495,86.45133419278831,-0.00528026682773626,86.75941009521485,89.17370995317208,84.34511023725761,0.05565505471527846,0.3421562458100163,86.21344506663924,86.69241742184816,-0.4789723552089242,-0.35741460741740977,-0.12155774779151446,-0.6313750167599345,-0.25341952903434883
2020-12-28 00:00:00-05:00,86.53033139024102,88.61758023825367,86.37710257664094,87.9709243774414,27650000.0,0.022691085054291307,1.360794105992762,0.009216360359086018,0.012164469149613444,0.009876795791162999,0.15678927248152041,0.008284130375251194,0.13150649280810509,0.014654305892875434,0.23262989417290042,59.120885871643054,2.620334449679447,1.5154510215108672,0.880234049936171,86.41118584799001,0.01773015960090743,86.66675109863282,88.69760316291286,84.63589903435278,0.04686577121066391,0.8210901723831211,86.48382649907035,86.787121640781,-0.30329514171064886,-0.3465907142760576,0.043295572565408724,1.2843606895324864,0.47130559032292957
2020-12-29 00:00:00-05:00,88.62898113815957,88.69046939494899,87.03614320674384,87.16755676269531,19726000.0,-0.009174148869265153,-0.6879591216425236,0.012388734697725834,0.0029211860868747497,0.011858634361199757,0.18824998445147917,0.008459656544768039,0.1342928843668571,0.01468763484465161,0.2331589748800498,52.611950679780946,1.6543261882051468,1.5253706762747443,0.6402051148903025,86.34513475105358,0.009434955414440414,86.61691284179688,88.53903455770411,84.69479112588964,0.04438213399311366,0.6432385671368721,86.58901577039725,86.81530202018206,-0.22628624978480616,-0.32252982137780734,0.09624357159300118,0.5729542685474864,0.0893486077231912
2020-12-30 00:00:00-05:00,87.52659230132683,87.66346156450165,85.69175873529313,86.10087585449219,21026000.0,-0.012312622303459468,-0.8862035995812693,-0.009351692967699665,0.005862846696884416,0.0136963584760613,0.21742295036909884,0.00790969715908723,0.12556254977267345,0.012795673909142677,0.20312502612641528,45.45603164630207,1.9717028292085104,1.557251544341442,0.6909878437932361,86.27480785393104,-0.00202009558802618,86.53905639648437,88.40905840876361,84.66905438420513,0.04321752721018142,0.3828395533494353,86.51391732179647,86.7623815634643,-0.24846424166783265,-0.3077167054358124,0.05925246376797977,-0.46864178660225964,-0.48141757816051867
2020-12-31 00:00:00-05:00,86.1514640567951,87.15467009608656,86.09294200196078,86.91366577148438,21070000.0,0.009395694589677298,0.5296357405763402,0.0,0.007235470836102875,0.014286865097954259,0.22679695238349254,0.00815358687190555,0.12943417893733886,0.012327012780003846,0.19568526134523084,50.932532116851384,1.0617280941257832,1.5218570121831807,0.6896664593630323,86.24385901865625,0.007706575794296789,86.48411102294922,88.23243419890164,84.7357878469968,0.04043108393606522,0.6228476389387071,86.57541708328691,86.77358780109542,-0.1981707178085088,-0.2858075079103517,0.08763679010184289,0.4913905557548294,-0.1499433672359093
2021-01-01 00:00:00-05:00,86.1514640567951,87.15467009608656,86.09294200196078,86.91366577148438,21070000.0,0.0,-0.08202385876981483,0.0,0.01727345715872408,0.014286865097954259,0.22679695238349254,0.00809095110408067,0.12843986694828557,0.011461969052184568,0.18195311788319452,50.932532116851384,1.0617280941257832,1.4889906608933665,0.6869211132881906,86.21315657861294,0.0080598279528703,86.42916564941406,88.03880449748956,84.81952680133855,0.03724758502482241,0.6504996361915553,86.62745534300959,86.78396394705015,-0.15650860404056743,-0.25994772713639486,0.10343912309582742,0.6019985447662232,-0.23877922410952007
2021-01-02 00:00:00-05:00,86.1514640567951,87.15467009608656,86.09294200196078,86.91366577148438,21070000.0,0.0,-0.08202385876981483,0.0,-0.0122297817895336,0.008584956693224455,0.136281962559188,0.00809095110408067,0.12843986694828557,0.011461969052184568,0.18195311788319452,50.932532116851384,1.0617280941257832,1.4584719061242535,0.6841975372785369,86.18269760300105,0.008410278889918296,86.37422027587891,87.82329494852792,84.92514560322991,0.03355340674614869,0.6861344711171168,86.67148771662109,86.79357148960084,-0.12208377297974948,-0.23237493630506578,0.1102911633253163,0.7445378844684656,-0.33476833119373556
2021-01-03 00:00:00-05:00,86.1514640567951,87.15467009608656,86.09294200196078,86.91366577148438,21070000.0,0.0,-0.08202385876981483,0.015358164503568972,-0.02513598054507571,0.007716509109575641,0.12249578456100965,0.00809095110408067,0.12843986694828557,0.011461969052184568,0.18195311788319452,50.932532116851384,1.0617280941257832,1.430133062410077,0.697769918069161,86.16922871539273,0.00856524747269243,86.37516250610352,87.82568626499608,84.92463874721096,0.03358659403483171,0.6856237314554533,86.70874587890773,86.80246736233295,-0.09372148342521314,-0.20464424572909526,0.11092276230388212,0.7424949258218108,-0.3394594100673474
2021-01-04 00:00:00-05:00,87.2786364939041,87.40211241746897,84.65730423081347,85.5990219116211,37324000.0,-0.015241421681356946,-1.071142308163442,-0.007999830947769349,-0.039881636317410374,0.00885643137281253,0.14059148949583394,0.008291496781229108,0.13162343087774847,0.011638174793388387,0.1847502973080372,41.80155285793106,2.7448081866555043,1.5240384284276074,1.204201995173384,86.09483858813718,-0.005792317078435826,86.28850364685059,87.7049759967576,84.87203129694358,0.03283107922937565,0.2566201220677708,86.53801911470978,86.71332325487282,-0.17530414016303553,-0.19877622461588332,0.02347208445284779,-0.9735195117289177,-1.2509969314850378
2021-01-05 00:00:00-05:00,85.547452346587,86.62553994719731,85.14130899599806,86.28932189941406,20360000.0,0.008032001281723695,0.43733636576180684,0.009965878499382574,-0.03213891122629675,0.00846195649597098,0.13432939496032048,0.008420688990588386,0.13367429362149832,0.011571073904793856,0.1836851037242017,47.15843612420018,1.484230951199251,1.5211950371970107,0.661489976932324,86.05940339000351,0.0026645070832583945,86.24600524902344,87.60482922432567,84.88718127372121,0.03151042118133617,0.5159390219697101,86.49975800466429,86.68191574706105,-0.18215774239676819,-0.19545252817206032,0.01329478577529214,0.06375608787884039,-0.7435417602953349
2021-01-06 00:00:00-05:00,84.31613287098162,86.48371900443895,84.10983770465201,85.43785858154297,46588000.0,-0.009916546618509667,-0.7626430606469355,-0.029002269488738186,-0.019022972894015555,0.00917186086672605,0.14559877747825478,0.008660152937354318,0.13747566592815033,0.008938189338690783,0.14188935696830812,42.02064693607974,2.3738812997869445,1.5821011988105773,1.4853783270204435,85.99918942171071,-0.006570048096793066,86.2022918701172,87.60761439925187,84.79696934098251,0.032605224261371336,0.22802211850794113,86.33638886264562,86.58976336443008,-0.25337450178446375,-0.20703692289454104,-0.04633757888992271,-1.0879115259682344,-1.3066629389921955
2021-01-07 00:00:00-05:00,85.6302573853082,88.1623310238462,85.6302573853082,87.98976135253906,41936000.0,0.029431147963098824,1.966031199175706,-0.013065992998780862,0.021243885085430625,0.017543238377675754,0.2784902756283256,0.010667842305615313,0.16934674659787213,0.009614697103359248,0.15262858480020994,57.104479220847246,2.724472442303238,1.6636991447743388,1.436243081812702,86.19990725472591,0.020341617823486677,86.32160568237305,87.90658026941044,84.73663109533565,0.036722546447280624,1.0262405100400072,86.59075386109077,86.69346691910484,-0.10271305801406072,-0.186172149918445,0.08345909190438427,2.1049620401600215,0.46854427976695723
2021-01-08 00:00:00-05:00,88.12962646234841,89.23052832016468,87.33915486583473,89.15465545654297,35484000.0,0.013152103991510568,0.8300382825578482,0.0,0.028948444973696308,0.01806036762401075,0.2866994479172096,0.010770428910097303,0.17097525845770747,0.009751228710896287,0.1547959568780672,61.96843416465115,1.8913734543299512,1.6799615954568827,1.3285011493908603,86.49136367106716,0.029872716930345673,86.4991641998291,88.48927762784297,84.50905077181523,0.04601462791978752,1.1671708303993626,86.98520026039111,86.8757771811373,0.10942307925381556,-0.12705310408399287,0.23647618333780843,2.668683321597459,1.24369645396578
2021-01-09 00:00:00-05:00,88.12962646234841,89.23052832016468,87.33915486583473,89.15465545654297,35484000.0,0.0,-0.08594616008427274,0.0,0.03865602431264925,0.014754188449244515,0.2342154805996963,0.010770428910097303,0.17097525845770747,0.009751228710896287,0.1547959568780672,61.96843416465115,1.8913734543299512,1.6950624425192449,1.4649976054035307,86.84271129326996,0.025931838908849043,86.67672271728516,88.94464417017171,84.4088012643986,0.05233057692510756,1.0463003879838868,87.31896259826063,87.04458297931549,0.2743796189451331,-0.046766559478167685,0.32114617842330073,2.1852015519355485,1.2011457301978912
2021-01-10 00:00:00-05:00,88.12962646234841,89.23052832016468,87.33915486583473,89.15465545654297,35484000.0,0.0,-0.08594616008427274,0.023652398531807783,0.0406399497030987,0.015199387151817087,0.2412827909057901,0.010770428910097303,0.17097525845770747,0.009751228710896287,0.1547959568780672,61.96843416465115,1.8913734543299512,1.7090846576485812,1.4604452456506438,87.06925948174559,0.02339076926626532,86.83360214233399,89.33178057384609,84.33542371082189,0.05753944025993976,0.9645491460760252,87.60137688415023,87.20088464429531,0.40049223985491267,0.042685200388448384,0.3578070394664643,1.8581965843041002,1.1614894350731806
2021-01-11 00:00:00-05:00,88.1226604372479,88.48764764784643,86.88886216525205,87.09465789794922,34796000.0,-0.023377014430794107,-1.6967144847735893,0.010854961243982553,0.016595038702254428,0.019441445429562592,0.30862337840553555,0.0120718482254378,0.19163464961654889,0.010198095622636839,0.16188974918372087,49.55711548168527,2.265793291290919,1.7488495600516054,1.3908385962107284,87.14281173850604,-0.0005528908628729507,86.92303810119628,89.31683149123609,84.52924471115648,0.05507845658254457,0.5358468273550713,87.52342011704238,87.19301599641783,0.33040412062455005,0.10022898443566872,0.23017513618888133,0.1433873094202852,-0.24239213912324428
2021-01-12 00:00:00-05:00,86.55265041375313,87.67041115596055,85.11553054046577,86.1594009399414,29528000.0,-0.010796469058420882,-0.8187548815017013,-0.005620276775891719,0.005678438231344396,0.01367156454135009,0.21702935885748703,0.012175586952283306,0.1932814508519069,0.010145126814286833,0.16104889541889555,45.13704259694951,2.554880615494781,1.8064232068689752,1.1650102384230856,87.15077395182854,-0.011506266304917608,86.945849609375,89.29904812240484,84.59265109634516,0.054130209172770054,0.33289793337048046,87.313571012873,87.11645191816032,0.19711909471267575,0.11960700649107014,0.0775120882216056,-0.6684082665180794,-0.8538792051154614
2021-01-13 00:00:00-05:00,85.65804035537805,87.09963218216294,85.65804035537805,86.64637756347656,23432000.0,0.005636129958831677,0.3190751924950059,0.009434466212931758,0.011362575828278043,0.011531894894554641,0.18306315621796201,0.012194457018628058,0.1935810038685359,0.01014669832134917,0.1610738423201187,47.75022477083231,1.4415918267848866,1.7803638225772547,0.8994422628849557,87.14870621360869,-0.005797457023106654,86.97830619812012,89.29402348349959,84.66258891274066,0.05324815776717237,0.42833135617650125,87.210925866812,87.08163159559115,0.12929427122085713,0.12154445943702755,0.00774981178382958,-0.2866745752939943,-0.5099636720569289
2021-01-14 00:00:00-05:00,86.72669751036699,87.6530469372006,85.59604301970084,85.83655548095703,29212000.0,-0.009390239588693547,-0.7171488503388881,0.0019100889457241976,-0.03000903797354204,0.011127563123968967,0.17664458834516933,0.012361385066398212,0.19623090447598393,0.01021090871460244,0.16209315071292155,43.9971978947969,2.057003917499756,1.8001238293574335,1.0800578259085212,87.09766829082274,-0.014692024893117798,86.97027168273925,89.30138482080919,84.63915854466931,0.0536071255836398,0.2568294341301492,86.99948426898816,86.98940373524788,0.010080533740278952,0.09925167429767782,-0.08917114055739887,-0.9726822634794006,-1.025167088988554
2021-01-15 00:00:00-05:00,85.74233848952319,86.6647153768153,84.88393935871447,85.67291259765625,31444000.0,-0.0019082670454593639,-0.19386206708566844,0.0,-0.0810872958558454,0.01083112921606047,0.1719388459422119,0.012367709946896047,0.19633130884120079,0.009982037714812831,0.15845993622637344,43.25732334566207,1.7807760181008234,1.7987418428391044,1.1168850543275566,87.03630268949892,-0.015913899160234373,86.95405502319336,89.31795108470689,84.59015896167983,0.05437115177395704,0.2290188755767805,86.79539631955248,86.89188587320405,-0.09648955365156553,0.06010342870782916,-0.15659298235939467,-1.0839244976928764,-1.0990170125365943
2021-01-16 00:00:00-05:00,85.74233848952319,86.6647153768153,84.88393935871447,85.67291259765625,31444000.0,0.0,-0.061139358063965366,0.0,-0.08307725170424851,0.0068185237976176255,0.10824070966243167,0.012367709946896047,0.19633130884120079,0.009982037714812831,0.15845993622637344,43.25732334566207,1.7807760181008234,1.797458569643513,1.0746448210691082,86.97957874275528,-0.01525180019541878,86.93783836364746,89.3336067472732,84.54206998002172,0.055114514662870026,0.23600833564785592,86.62270651618383,86.8015915564968,-0.17888504031297714,0.012305734903667903,-0.19119077521664504,-1.055966657408575,-1.0696472786049323
2021-01-17 00:00:00-05:00,85.74233848952319,86.6647153768153,84.88393935871447,85.67291259765625,31444000.0,0.0,-0.061139358063965366,0.0,-0.08715179804591511,0.005412290218568567,0.08591744364983908,0.012367709946896047,0.19633130884120079,0.009982037714812831,0.15845993622637344,43.25732334566207,1.7807760181008234,1.7962669588190352,1.0677224817994133,86.86328256714413,-0.013894356260282438,86.8229377746582,89.23048432129151,84.41539122802489,0.05545876719541332,0.26116242101110504,86.47658437487189,86.7179857076938,-0.24140133282190845,-0.038435678641447375,-0.20296565418046109,-0.9553503159555772,-1.0561128850008545
2021-01-18 00:00:00-05:00,85.74233848952319,86.6647153768153,84.88393935871447,85.67291259765625,31444000.0,0.0,-0.05742049989045111,-0.03185827478077763,-0.08715179804591511,0.004070836284397129,0.06462252261943806,0.01120632768305509,0.17789493695797454,0.009980566610985607,0.15843658317709589,43.25732334566207,1.7807760181008234,1.7951604630534488,1.0468945081653376,86.79098128016369,-0.013050433895695858,86.74820556640626,89.2030366520004,84.2933744808121,0.05659670006003671,0.2809843261599099,86.35294256299255,86.64057288472806,-0.28763032173550585,-0.08827460726025907,-0.19935571447524678,-0.8760626953603586,-1.029890503261626
2021-01-19 00:00:00-05:00,86.43561418775866,89.45267807678509,85.93128331929772,88.49211883544922,41660000.0,0.03237679207207297,2.172322290253586,-0.05084898191318066,-0.057113046390616984,0.01471590928668324,0.2336078177324986,0.013225468724201935,0.20994780729900606,0.010764148956885471,0.1708755672910457,59.16835673326088,3.779765479128841,1.9369179642016912,1.3409641036205386,86.92839235556373,0.017670799393935097,86.86776771545411,89.4208143975109,84.31472103339732,0.05878006881492803,0.8181201368959106,86.68204660490896,86.77772443663333,-0.09567783172437316,-0.08975525215308189,-0.0059225795712912754,1.2724805475836432,0.7681833205874972
2021-01-20 00:00:00-05:00,90.5699226534727,94.2073620261897,90.229739627473,93.23291778564452,64152000.0,0.05218735911610356,3.4547200344015403,-0.002165554833912564,-0.007501590445356476,0.02419482373957316,0.38408091977971426,0.01699916326813242,0.2698533510219743,0.012489711918205339,0.19826803009446492,72.91983209657107,5.71524319074048,2.2067983375258904,1.9310502599236032,87.53757713237424,0.06108722958091541,87.18373031616211,91.00822495624725,83.35923567607698,0.08773413631685704,1.2908479470829834,87.68987294040674,87.25588690693047,0.4339860334762733,0.014993004972789145,0.41899302850348413,3.1633917883319347,3.384093891361325
2021-01-21 00:00:00-05:00,93.90636933143983,95.81211195428514,93.2002001837018,93.4352569580078,58634000.0,0.0021679030385049576,0.05876726423221252,-0.0044437182404295505,-0.012474033261616002,0.023832682779639826,0.3783321102625114,0.016953089318419927,0.2691219497448278,0.012436916240167383,0.19742992468814013,73.33263772694126,2.6119117705833474,2.235735011315709,1.6705081268963946,88.04890973151403,0.05764790938515352,87.50980987548829,92.24176617199859,82.77785357897798,0.10814687640718408,1.1261096585876518,88.57377817388382,87.71361802182508,0.8601601520587394,0.1840264343899792,0.6761337176687602,2.504438634350604,3.14138924614796
2021-01-22 00:00:00-05:00,93.79776072604932,94.43896084883244,93.05589117003072,93.85231018066406,32744000.0,0.004453620903649271,0.21623832207691793,0.0,0.04047402961543223,0.02309408035262686,0.36660716022476114,0.016935681167436354,0.2688456039150998,0.012317259579287502,0.1955304340837368,74.2054452689011,1.3830696788017178,2.174830344707567,0.917630705766299,88.34869525319482,0.05864123021452408,87.85674209594727,93.35935166594052,82.35413252595401,0.12526322826730638,1.0447931575421718,89.38586002108079,88.16833595951687,1.2175240615639211,0.3907259598247676,0.8267981017391535,2.179172630168689,3.043334528397754
2021-01-23 00:00:00-05:00,93.79776072604932,94.43896084883244,93.05589117003072,93.85231018066406,32744000.0,0.0,-0.08658141463682593,0.0,0.02123875012380072,0.02309408035262686,0.36660716022476114,0.016935681167436354,0.2688456039150998,0.0123172595792875,0.19553043408373677,74.2054452689011,1.3830696788017178,2.118276011428578,0.902861838205085,88.63883093940551,0.05554982324060748,88.20367431640625,94.29895440188086,82.10839423093164,0.13820921027868938,0.9633614686320011,90.07300619947821,88.58937108700925,1.48363511246896,0.6093077903536062,0.8743273221153538,1.853445874528004,2.7841769254306543
2021-01-24 00:00:00-05:00,93.79776072604932,94.43896084883244,93.05589117003072,93.85231018066406,32744000.0,0.0,-0.08658141463682593,-0.0009079325233709579,0.03567988126912325,0.02267354211927954,0.35993132273137235,0.016935681167436354,0.2688456039150998,0.0123172595792875,0.19553043408373677,74.2054452689011,1.3830696788017178,2.065761273383802,0.9085990027165844,89.03309364121222,0.051348938882537214,88.6163387298584,95.07578503799303,82.15689242172377,0.14578454494324947,0.905295686428402,90.65443758119912,88.97921842727999,1.6752191539191301,0.822490063066711,0.8527290908524191,1.6211827457136092,2.574841621863703
2021-01-25 00:00:00-05:00,94.8530372036717,95.30331799676104,92.19599688493652,93.9375991821289,50586000.0,0.0009083449437566525,-0.022705038883593435,-0.0071647313272117374,0.03662106324685643,0.0018721543864508993,0.029719529534806746,0.016392552272584793,0.2602237000013163,0.012289673391483508,0.19509251692843863,74.41929393984708,3.1073211118245183,2.140158404700996,1.3471924834616982,89.43784595278719,0.047901514074438614,88.99875259399414,95.77591423537258,82.2215909526157,0.15229790179858727,0.864374265325198,91.15953936595756,89.34650589060213,1.8130334753554251,1.0205987455244538,0.7924347298309713,1.4574970613007916,2.4316421632695557
2021-01-26 00:00:00-05:00,93.52649487258525,95.00229620820356,93.03753991216796,94.61549377441406,31462000.0,0.0071905212738981135,0.4007936888843182,0.0489349050866581,0.04410177192093556,0.0031957174192406607,0.05073044131048757,0.01638432465066453,0.26009309055242147,0.012061329058256003,0.1914676630143736,76.1142965783861,1.9647562960356026,2.1276296826534677,0.8551106327579506,89.91246275034263,0.04970677461436269,89.4576343536377,96.45873931186819,82.45652939540722,0.15652336458069535,0.868360383935738,91.69122465956625,89.73680128940302,1.9544233701632265,1.2073636704522084,0.7470596997110182,1.4734415357429533,2.519570805667868
2021-01-27 00:00:00-05:00,92.977052642843,93.25277371377656,89.1273696425718,90.20149230957033,82512000.0,-0.047775273233861014,-3.2658907154407912,-0.018487034701616833,-0.03915861271514676,0.022473105952194143,0.35674949722026666,0.019769850447961215,0.31383664645346565,0.013550925243255695,0.2151142693708921,51.96806412694879,5.4881241318422695,2.367665000452668,2.125409242768864,90.04702513788527,0.001712468028299649,89.56822090148925,96.54151690299148,82.59492489998703,0.15570915512928926,0.5454068928054,91.46203506725918,89.77122284645245,1.690812220806734,1.3040533805231136,0.3867588402836204,0.18162757122160003,0.7978541324628621
2021-01-28 00:00:00-05:00,90.79955747785893,93.62569478452592,90.79955747785893,91.90045928955078,55278000.0,0.018660055675453115,1.172728747469252,0.014140798264433263,-0.03434899400739844,0.025469912113966563,0.4043223202093616,0.019169086866042514,0.304299820246458,0.013742713961541612,0.21815882088800626,57.55014925565636,3.4242024749555924,2.4431319629171626,1.388496762233933,90.21546806981999,0.018334959724432803,89.70551109313965,96.75225575296541,82.65876643331389,0.15710840000697954,0.6557419987788663,91.52948494761173,89.92894406445973,1.6005408831520072,1.3633508810488923,0.2371900021031148,0.622967995115465,1.4064237174348426
2021-01-29 00:00:00-05:00,90.94930432506192,91.61976549487936,89.33961486968028,90.61903381347656,44530000.0,-0.014041749833799588,-1.0035945256828034,0.0,-0.11244956181859089,0.02566398129631436,0.4074030729711651,0.01930113862100286,0.30639607686934633,0.013778799886108297,0.21873166718140596,52.58615906714804,2.560844419870506,2.4515399955566872,1.1059589655198105,90.28452860987784,0.0036913349163183993,89.77873001098632,96.8318034068943,82.72565661507835,0.1571212556703549,0.5595700452357241,91.38941554236017,89.98006182364617,1.4093537187140015,1.3725514485819141,0.03680227013208737,0.23828018094289652,0.8941583853488139
2021-01-30 00:00:00-05:00,90.94930432506192,91.61976549487936,89.33961486968028,90.61903381347656,44530000.0,0.0,-0.0679516463490088,0.0,-0.11018047555708221,0.025597029591781884,0.40634024761089627,0.01930113862100286,0.30639607686934633,0.013778799886108297,0.21873166718140596,52.58615906714803,2.2801506251990844,2.439297897674001,1.0936732488456626,90.35205481049822,0.002946169162737657,89.85194892883301,96.9081471267695,82.79575073089651,0.15706277453203243,0.554355395294018,91.27089527637807,90.02739308215213,1.2435021942259397,1.3467415977107193,-0.10323940348477967,0.21742158117607213,0.8789658836621701
2021-01-31 00:00:00-05:00,90.94930432506192,91.61976549487936,89.33961486968028,90.61903381347656,44530000.0,0.0,-0.0679516463490088,-0.03471089075855882,-0.12517532225672545,0.024775695660655458,0.3933019756602988,0.01930113862100286,0.30639607686934633,0.013778799886108297,0.21873166718140596,52.58615906714804,2.2801506251990844,2.4279302353543644,1.080754416579496,90.50402659629343,0.0012691287066672577,90.02816772460938,96.96952942784932,83.08680602136943,0.1542042202718853,0.5425612519652588,91.17060889747015,90.0712183215095,1.0993905759606406,1.2972713933607036,-0.19788081740006302,0.1702450078610353,0.8776621430676705
2021-02-01 00:00:00-05:00,91.47347570612914,94.9918967269816,91.47347570612914,93.87760925292967,40252000.0,0.03532762744394122,2.253470242947194,-0.01357394167474757,-0.09371744758340517,0.019198138971085806,0.3047610081165029,0.01987088753756395,0.31544056052716113,0.014253317053302413,0.2262643936847649,62.782053742685335,4.372862913505031,2.566853998079412,0.9643761574933695,90.82037603946955,0.03256615968162519,90.4140781402588,97.30784637983808,83.52030990067951,0.152493248427198,0.751207394294579,91.58707049061778,90.3531732053184,1.2338972852993777,1.2845965717484384,-0.05069928644906074,1.004829577178316,2.01082159169889
2021-02-02 00:00:00-05:00,94.8723891305466,96.66953234686342,94.53715474973096,95.16943359375,66332000.0,0.01366690987626536,0.8218356298591991,-0.06788155939213314,-0.08124633897519362,0.018625633909782075,0.29567277201729014,0.019702837655750812,0.312772851356373,0.014068510359933232,0.22333067837711476,65.91163835477079,2.7919230939337467,2.5829303620690074,1.51153384270769,91.26049965881515,0.041073418085274385,90.84023094177246,97.80669053067197,83.87377135287295,0.15337828881929927,0.8107175600986599,92.13820327571504,90.70993323409111,1.4282700416239322,1.3133312657235372,0.11493877590039503,1.242870240394641,2.3435070359738663
2021-02-03 00:00:00-05:00,102.43389477343386,104.46758545300014,99.85222758060932,102.10015106201172,97882000.0,0.07029539017352217,4.358243422147725,0.0025565716199273947,-0.012300055368885232,0.029707954346183847,0.47159915496277754,0.024353798449718318,0.38660456506647023,0.016453629346743995,0.2611932684955125,77.05785929565047,9.29815185925014,3.0625890404390885,2.0686259177385065,92.54908590401382,0.09354604335694808,91.65341072082519,99.84902844782391,83.45779299382647,0.1788393396938045,1.1373369701451521,93.670810627453,91.55365307319633,2.1171575542566643,1.4740965234301626,0.6430610308265017,2.54934788058061,3.9991300521832587
2021-02-04 00:00:00-05:00,102.18642035715034,102.61686084448914,100.92087916656516,101.83979034423828,48596000.0,-0.0025533091500124848,-0.2547035251437229,-0.016851559544089567,-0.010484823958991751,0.030237804736710925,0.4800102691552081,0.02415719670841786,0.3834836091776506,0.01645694504130184,0.26124590351485355,76.05182426547877,1.6959816779239816,2.964974228830867,1.008738972496108,93.24208586916406,0.08442382339959963,92.4617546081543,101.33485158581502,83.58865763049357,0.1919301015920413,1.0284533551078343,94.92757673772765,92.31558916734758,2.611987570380066,1.7016747328201434,0.9103128375599225,2.1138134204313386,3.454170193492169
2021-02-05 00:00:00-05:00,102.13386099437317,103.9379504485251,101.6597824251192,103.58536529541016,29866000.0,0.016995162650615337,0.9803597894721019,0.0,0.0011262461134591284,0.02781539437786575,0.4415556968581017,0.024116181752574104,0.38283251693846937,0.016565902733037267,0.262975553249411,78.11480124914965,2.2781680234058967,2.9159166427290835,0.6209651094371477,93.81065324541032,0.09436383240165057,93.357377243042,102.93344201194732,83.78131247413667,0.20514853890925985,1.034039206041072,96.25954420814034,93.15038739905592,3.109156809084425,1.9831711480729997,1.1259856610114252,2.1361568241642863,3.4437408772178335
2021-02-06 00:00:00-05:00,102.13386099437317,103.9379504485251,101.6597824251192,103.58536529541016,29866000.0,0.0,-0.09448226918363115,0.0,3.8227476613750255e-05,0.02952501379828774,0.4686950637961195,0.024116181752574104,0.38283251693846937,0.016565902733037267,0.262975553249411,78.11480124914965,2.2781680234058967,2.8703631699202843,0.6219854552118824,94.38108911736171,0.08885691672563213,94.25299987792968,104.14821693421788,84.35778282164148,0.20997139760227984,0.9715594091768787,97.38659360618186,93.92334872471179,3.463244881470075,2.279185894752415,1.1840589867176603,1.886237636707513,3.0975508278948567
2021-02-07 00:00:00-05:00,102.13386099437317,103.9379504485251,101.6597824251192,103.58536529541016,29866000.0,0.0,-0.09448226918363115,0.0020676610432288633,-0.0029593668119705097,0.030824976592393867,0.4893313333971684,0.024116181752574104,0.38283251693846937,0.016565902733037267,0.262975553249411,78.11480124914965,2.2781680234058967,2.8280635165978283,0.6230091596906857,94.95340271089674,0.08333187376321294,95.14862251281738,105.01648765039062,85.28075737524415,0.2074200314617049,0.9274857157536909,98.34025078914007,94.63905365587462,3.7011971332654525,2.563588142455022,1.1376089908104303,1.7099428630147626,2.8262031581971923
2021-02-08 00:00:00-05:00,104.13928516789632,104.88313720480986,102.3218100204534,103.3716278076172,28828000.0,-0.0020655263741421667,-0.22433781580380446,0.004399107087193377,-0.005016655112855095,0.008200406174550964,0.13017741232548227,0.024159073045222117,0.3835133951010098,0.016557881018425515,0.26284821247770485,77.09909649699716,2.5613271843564576,2.809010921437731,0.6095139830051568,95.49451623397489,0.07620187222263965,95.89259796142578,105.89016510529876,85.8950308175528,0.20851593045575123,0.874042491466284,99.11430879198271,95.28591100044814,3.82839779153457,2.816550072270932,1.0118477192636384,1.496169965865135,2.5732342906438994
2021-02-09 00:00:00-05:00,102.88961562155748,104.06539887651223,102.65158507922344,102.91887664794922,21892000.0,-0.004389459299696429,-0.36883865329115734,-0.005315197383959025,-0.009374522670927865,0.008516898489568941,0.13520157206988634,0.023703825178261383,0.37628655925578547,0.016565093277506368,0.26296270354121826,74.87807691077836,1.413813797288796,2.709353983998521,0.48451100728802643,95.8349267822921,0.06883042349839207,96.37689590454102,106.76284501983812,85.9909467892439,0.21552777805967396,0.8149438087354358,99.69962692366985,95.85131586322599,3.848311060443862,3.022902269905518,0.825408790538344,1.2597752349417441,2.3262158530018295
2021-02-10 00:00:00-05:00,103.3032030355866,104.08375438993346,101.7708695093698,103.46883392333984,25102000.0,0.005329373299747238,0.24378428617025072,-0.0010867946386075023,-0.004081016696236617,0.003594529568340219,0.05706138790857943,0.021344481847043094,0.33883314498485173,0.016353335081515284,0.25960114639318577,75.79039212738236,2.312884880563658,2.6810347623246025,0.5769633002429488,96.21685131591038,0.0700885699823627,96.87857475280762,107.62915781857254,86.12799168704271,0.2219393316467706,0.8065070578133948,100.27950492361907,96.41557646027147,3.863928463347605,3.191107508593936,0.6728209547536692,1.2260282312535793,2.2730718415313156
2021-02-11 00:00:00-05:00,103.69298648216022,103.84175084970272,102.59505853519616,103.58140563964844,20480000.0,0.0010873856281289876,-0.02916550049621066,-0.002997479702499195,-0.010399441079151805,0.0036441078181589964,0.05784841822532934,0.02135285090325413,0.3389659996335081,0.01632000165944195,0.259071994722269,75.9826579099917,1.2466923145065607,2.5785817303375995,0.4774571675692814,96.48291549692756,0.06853054463670792,97.36502952575684,108.41532908750298,86.3147299640107,0.22698703252224475,0.7812763617473054,100.78748964916204,96.9463786217068,3.8411110274552414,3.3211082123661972,0.5200028150890441,1.1251054469892217,2.158448045487639
2021-02-12 00:00:00-05:00,103.13607633020288,104.11448568687386,102.8286123513811,103.892822265625,18990000.0,0.0030019811423495713,0.09622455651544498,0.0,-0.011134597246980737,0.0038850193748838947,0.06167277062766241,0.02135674817164666,0.33902786685126274,0.01631910360280277,0.2590577385150859,76.53777004688021,1.2858733354927665,2.4862454164201115,0.44993389596789096,96.75165642837044,0.06873589225439068,97.86705513000489,109.15515420666571,86.57895605334406,0.23068230798742057,0.7669079662880943,101.26523312861788,97.46093000273778,3.8043031258800966,3.4177471950689773,0.3865559308111193,1.0676318651523773,2.086849700671517
2021-02-13 00:00:00-05:00,103.13607633020288,104.11448568687386,102.8286123513811,103.892822265625,18990000.0,0.0,-0.09454073869348253,0.0,-0.0051190476103500915,0.0036333571934670035,0.05767775734908772,0.02135674817164666,0.33902786685126274,0.01631910360280277,0.2590577385150859,76.53777004688021,1.2858733354927665,2.40050455349673,0.4573864662740706,97.02930004842459,0.06606348800162823,98.36908073425293,109.79759269752387,86.940568770982,0.23235984067281076,0.7416649494319262,101.66947761123437,97.93736646665536,3.732111144579008,3.480619984970984,0.25149115960802426,0.966659797727705,1.977996126743508
2021-02-14 00:00:00-05:00,103.13607633020288,104.11448568687386,102.8286123513811,103.892822265625,18990000.0,0.0,-0.09454073869348253,0.0,0.0029777540874056374,0.0022833081892973885,0.03624639381238849,0.02135674817164666,0.33902786685126274,0.01631910360280277,0.2590577385150859,76.53777004688021,1.2858733354927665,2.3208880379250183,0.4754786710634047,97.38826900200479,0.062608302688995,98.86684188842773,110.34973603559021,87.38394774126525,0.23229009702001102,0.7188464124455607,102.01153063498678,98.37851134065312,3.633019294333664,3.51109984684352,0.12191944749014416,0.8753856497822428,1.8809810560695213
2021-02-15 00:00:00-05:00,103.13607633020288,104.11448568687386,102.8286123513811,103.892822265625,18990000.0,0.0,-0.09315101330844373,-0.007424215311355398,0.0029777540874056374,0.0013085979297121702,0.020773348129154302,0.021366026801762084,0.3391751605380193,0.01620342209625036,0.2572213515293241,76.53777004688021,1.2858733354927665,2.2469584163227148,0.48302051883373054,97.65630662709872,0.06002835905815757,99.33070831298828,110.84000114639912,87.82141547957744,0.23173685215543577,0.6981926265440548,102.30096011662344,98.78697881657696,3.5139813000464812,3.5116761374841126,0.002305162562368679,0.7927705061762192,1.794224909511074
2021-02-16 00:00:00-05:00,103.73017895489284,106.37779882279372,103.73017895489284,104.66991424560548,31004000.0,0.00745191196695563,0.3791662422579129,-0.003738134652145675,0.010479773493591527,0.003266730265652722,0.0518577352994704,0.021367567225461705,0.3391996140061565,0.016211602304187004,0.25735120830456304,78.22683628877178,2.647619867900886,2.2755770914354416,0.8438827753084538,98.7893609655556,0.05618188686245889,100.05412940979004,110.94981591247331,89.15844290710676,0.2177958384517643,0.7118170725028992,102.6654145980053,99.22275181131982,3.4426627866854744,3.497873467324385,-0.05521068063891077,0.8472682900115963,1.820124684196971
2021-02-17 00:00:00-05:00,103.84074940988164,105.25208878200296,103.56156275847486,105.06265258789062,20294000.0,0.0037451389382425235,0.14494257765260912,0.006083284560146618,0.031330081343191374,0.0033347514088489377,0.05293753747221941,0.0176650496376744,0.2804239694333887,0.016198827192449524,0.2571484096927924,79.04779749833938,1.6905260235280934,2.2337877294420596,0.5799859961989683,99.51543645323063,0.05279912507462575,100.71223907470703,111.11306623925535,90.31141191015871,0.2065454459181097,0.7091378620352511,103.03422044260304,99.65533705402876,3.3788833885742804,3.4740754515743646,-0.0951920630000842,0.8365514481410044,1.7915692357890118
2021-02-18 00:00:00-05:00,104.38722619377832,105.2297650654726,103.80850566995124,104.4273910522461,22546000.0,-0.006064856083971801,-0.49615612195304826,0.008138462876696506,0.022178365347383044,0.0050267199099583056,0.07979670475276,0.017691352967568377,0.2808415218507028,0.016161445415597577,0.25655499238209667,74.17590292661855,1.4212593955213606,2.175749991304867,0.665244472770298,100.26327105670947,0.03987574479815618,101.40265693664551,110.76369323101667,92.04162064227435,0.1846309865474188,0.6615597899892434,103.24855438254814,100.00882253537819,3.239731847169949,3.4272067306934817,-0.18747488352353248,0.6462391599569736,1.632280126634662
2021-02-19 00:00:00-05:00,104.52559936877174,105.06067434938426,103.3175813189808,103.5843734741211,37938000.0,-0.008105524180588002,-0.6236306630163404,0.0,0.0023994219946794626,0.006524395023592953,0.10357156012544608,0.017398686333948827,0.2761955830730801,0.016159896353459068,0.25653040178299336,68.17137441372664,1.7430930304034575,2.144845922669052,1.1303956593378761,101.0907825772119,0.02407304126362439,102.05092391967773,109.94903975305807,94.15280808629738,0.15478773792575942,0.5970769223187664,103.30021885817474,100.27367816047025,3.0265406977044904,3.3470735240956833,-0.32053282639119285,0.38830768927506526,1.4584820993047805
2021-02-20 00:00:00-05:00,104.52559936877174,105.06067434938426,103.3175813189808,103.5843734741211,37938000.0,0.0,-0.10018359585042846,0.0,0.03614175830297861,0.006524395023592953,0.10357156012544608,0.017398686333948827,0.2761955830730801,0.016159896353459068,0.25653040178299336,68.17137441372664,1.7430930304034575,2.116149287507224,1.1416070606431734,101.93470881704638,0.01592580619785137,102.69919090270996,108.49509625713792,96.903285548282,0.11287149009613122,0.5763627524330495,103.34393495293573,100.51891485037032,2.8250201025654036,3.2426628397896273,-0.41764273722422374,0.30545100973219785,1.4056645921120432
2021-02-21 00:00:00-05:00,104.52559936877174,105.06067434938426,103.3175813189808,103.5843734741211,37938000.0,0.0,-0.10018359585042846,0.016818799921123118,0.03308753676809362,0.004867518255891269,0.07726945684293092,0.017398686333948827,0.2761955830730801,0.016159896353459068,0.25653040178299336,68.17137441372664,1.7430930304034575,2.089502411999812,1.1455955357466392,102.51885949377291,0.010286435536672793,103.18452911376953,107.23205328142302,99.13700494611604,0.07845215174051451,0.549393696465977,103.38092549465655,100.74598585953704,2.6349396351195082,3.1211181988556036,-0.48617856373609536,0.1975747858639076,1.355640338985619
2021-02-22 00:00:00-05:00,101.83829844248136,103.16384476891504,101.56059490562104,101.87102508544922,29466000.0,-0.01667893002305064,-1.1685539008950503,-0.0028443988798948494,0.01599964206821558,0.0068980562340226715,0.10950324794977653,0.016760017310993008,0.26605702664414993,0.016347321599463487,0.25950568532505014,56.55101470173498,2.023778568500049,2.084807851749829,0.9422155142918355,103.26776674972875,-0.013710882590098089,103.5196086883545,105.17742060569466,101.86179677101433,0.03202894482205796,0.002783281486388003,103.14863312400927,100.8293220984935,2.319311025515759,2.960756764187635,-0.6414457386718757,-1.988866874054454,1.0878372325445667
2021-02-23 00:00:00-05:00,99.8740251075778,102.77554253132423,98.6957601294678,102.16161346435548,34658000.0,0.002848451869759812,0.09329089032186226,-0.011368811220367148,0.018897793811661012,0.007996284564281565,0.126937082217561,0.01661010776639757,0.26367728639922305,0.01628670026284363,0.2585433514400073,57.86291038468126,4.079782401856434,2.227306033900301,1.23285868262195,103.4028545562816,-0.012149779646532173,103.52268180847167,105.16960678181366,101.87575683512969,0.03181766439144174,0.08678495798315664,102.996783945601,100.92801034781661,2.0687735977843857,2.782360130906985,-0.7135865331225992,-1.6528601680673802,1.0897930629945112
2021-02-24 00:00:00-05:00,100.66996455548863,103.56007930549984,100.54549736259403,103.33642578125,22608000.0,0.011433930175164695,0.6451784970412525,0.033661568001660536,0.006836775805907358,0.010196647188860791,0.16186675601034908,0.0068544196543820265,0.10881053872300887,0.01632110896392277,0.2590895726359603,62.75866694888794,3.0145819429058065,2.283540027400694,0.8431888111888112,103.54170182285976,-0.001986482888853803,103.59751358032227,105.04659972558426,102.14842743506028,0.027975307421610397,0.4099129475752913,103.04903653570085,101.1064114910339,1.9426250446669542,2.614413113658979,-0.6717880689920248,-0.3603482096988341,1.2057615854348833
2021-02-25 00:00:00-05:00,101.95385140255122,103.2962567729016,99.50211491084728,99.9712371826172,41548000.0,-0.03310741883725691,-2.2047780672582173,-0.002947686945739214,-0.02350726823441396,0.01775549206695419,0.28185969848844594,0.010049405931666226,0.15952937351475716,0.016941859492541456,0.2689436817855818,46.20007060042422,3.8343108704027173,2.3943093733294103,1.5165385485790208,103.26858450511962,-0.03298296005359184,103.41680717468262,105.59182937414809,101.24178497521714,0.04206322470953133,-0.2920769711941762,102.57552894291875,101.02232450522524,1.553204437693509,2.4021713784658854,-0.8489669407723763,-3.168307884776699,0.7282071352854655
2021-02-26 00:00:00-05:00,100.66549742752122,101.98310623375514,99.23036023728218,100.26679229736328,40042000.0,0.0029520399311677493,0.10003410572419141,0.0,0.005220086214373865,0.01809644493446438,0.2872721574658038,0.009234533104608568,0.1465936684115249,0.016939224908449946,0.2689018590596965,47.50997718350473,2.752745996472953,2.419911989268235,1.434919406279788,103.03626613902239,-0.027621047589172106,103.25087852478028,105.8388858052914,100.66287124426916,0.05013046508635755,-0.07652199240097382,102.22033868975637,100.96635915649473,1.2539795332616421,2.172533009425037,-0.9185534761633947,-2.3060879696039005,0.7419867848498799
2021-02-27 00:00:00-05:00,100.66549742752122,101.98310623375514,99.23036023728218,100.26679229736328,40042000.0,0.0,-0.08894138157647902,0.0,-0.0059098512068448406,0.017271897357085127,0.2741828704624861,0.009234533104608568,0.1465936684115249,0.016939224908449946,0.2689018590596965,47.50997718350473,2.752745996472953,2.4436858469257148,1.4092249649822977,102.81226780901065,-0.025387024490603018,103.08494987487794,105.98891108509673,100.18098866465914,0.056341128627283715,0.014773550073982743,101.91979309092667,100.91453938915166,1.0052537017750183,1.9390771478950333,-0.933823446120015,-1.9409057997040675,0.7158830007030218
2021-02-28 00:00:00-05:00,100.66549742752122,101.98310623375514,99.23036023728218,100.26679229736328,40042000.0,0.0,-0.08894138157647902,-0.02307155377348813,-0.03584049241785092,0.017069358164225015,0.27096766045217646,0.009234533104608568,0.1465936684115249,0.016939224908449946,0.2689018590596965,47.50997718350473,2.752745996472953,2.4657615718933745,1.3819547263321013,102.6085550084881,-0.023355316924668353,102.92970809936523,106.08980581910546,99.769610379625,0.061403024998177846,0.078665592306297,101.66548527653231,100.86655812309326,0.7989271534390525,1.7110471490038373,-0.9121199955647847,-1.6853376307748125,0.6897396761639565
2021-03-01 00:00:00-05:00,101.5606124488339,102.96054119058311,100.88717747219395,102.63473510742188,26060000.0,0.023341867874720586,1.4016457818661112,0.002509078446316426,-0.013070495279039251,0.020250763758354662,0.3214709085823569,0.01071018064568144,0.17001884691030164,0.016951969230885582,0.2691041689064528,57.79317294703344,2.6937488932198335,2.48204638055955,0.8929764625659196,102.59808445177781,0.0003570979708351832,102.91550102233887,106.07835744342222,99.75264460125553,0.06146511244009426,0.45561513430621847,101.8146006351307,100.99753419600648,0.8170664391242184,1.5322510070279136,-0.7151845679036952,-0.17753946277512594,0.9810078699386435
2021-03-02 00:00:00-05:00,102.39571123526264,103.87845928674776,101.99056665379356,102.37786102294922,25564000.0,-0.0025059359643829974,-0.24741457105749312,0.026384508030566467,-0.01554058118805346,0.010567207883675593,0.16774922467516068,0.010682429830596668,0.16957831637793977,0.016898972544176324,0.2682628725863942,56.500067112401986,1.8878926329541912,2.4396068271591673,0.875287608195464,102.55102739412996,-0.0016914435352573356,102.86095237731934,106.0212573890144,99.70064736562428,0.06144809937404196,0.4235688718996451,101.90125607941047,101.09978062763187,0.8014754517786002,1.3860958959780512,-0.5846204441994509,-0.3057245124014201,0.914750038460754
2021-03-03 00:00:00-05:00,101.7564937545508,102.9486366313072,98.88273841636624,99.74610900878906,33892000.0,-0.026042440704374715,-1.7478648075808338,-0.011072139896382116,0.001947732411071934,0.017492210280685656,0.2776802297012495,0.011978061209600807,0.19014582689587953,0.017179970957208895,0.27272358410452213,45.31354824873081,4.065898214940958,2.5557704977150095,1.1343843090002343,102.3566195881518,-0.026171553008977177,102.66918754577637,106.09934722252399,99.23902786902875,0.06681965171329014,0.07391509252436847,101.56969499162257,100.99950865586574,0.57018633575683,1.222913983933807,-0.652727648176977,-1.704339629902524,0.527573393437468
2021-03-04 00:00:00-05:00,99.91768591072356,102.87920915491242,99.44955486444132,100.86287689208984,49216000.0,0.011133892281096982,0.6228910180314651,-0.030108578429574373,-0.0031513879445725923,0.018345762529164016,0.29122995158409204,0.012293318664400607,0.19515038384203626,0.017192883879643666,0.272928570393291,49.85098934692072,3.429654290471092,2.618190768626158,1.5679727796663088,102.19304187069879,-0.013187854834163137,102.5176902770996,105.98771002494581,99.0476705292534,0.06769601887180522,0.2615556242818389,101.4609537455406,100.98938778447493,0.4715659610656786,1.0726443793601814,-0.6010784182945028,-0.9537775028726444,0.6575745075260448
2021-03-05 00:00:00-05:00,102.21271269276662,104.44674319929116,100.55788705118852,103.99398803710938,53100000.0,0.030571150275403493,1.8786844747300557,0.0,0.029898931529065198,0.022480332637139822,0.35686421728728474,0.014109810119638123,0.22398629173742995,0.017552781548764912,0.27864176877285074,59.897642527228605,3.888856148102647,2.7089525814459074,1.604530153684376,102.28875679575538,0.01639740213391472,102.52274856567382,106.00149248158372,99.04400464976392,0.0678628687696857,0.7114613071555649,101.85065132885889,101.21195076615156,0.6387005627073279,0.9858556160296107,-0.3471550533222828,0.8458452286222599,1.0658654231812499
2021-03-06 00:00:00-05:00,102.21271269276662,104.44674319929116,100.55788705118852,103.99398803710938,53100000.0,0.0,-0.11138458053544632,0.0,-0.0016519870170154105,0.02066656507459875,0.3280715498479279,0.014109810119638123,0.22398629173742995,0.017552781548764912,0.27864176877285074,59.897642527228605,3.888856148102647,2.7932314076356746,1.525892762210734,102.37508981918268,0.015567228918550642,102.52780685424804,106.01522222255153,99.04039148594455,0.06802867388475682,0.7102102887122652,102.18039543782051,101.41802760103732,0.7623678367831843,0.9411580601803254,-0.17879022339714112,0.8408411548490621,1.0333957311320048
2021-03-07 00:00:00-05:00,102.21271269276662,104.44674319929116,100.55788705118852,103.99398803710938,53100000.0,0.0,-0.11138458053544632,0.04461759494783579,0.0229609543923186,0.020540837890490292,0.3260756926747795,0.014109810119638123,0.22398629173742995,0.017552781548764912,0.27864176877285074,59.897642527228605,3.888856148102647,2.87149031766903,1.4546032302601302,102.45335590503161,0.014814626894854722,102.53286514282226,106.02889964011203,99.03683064553249,0.06819344202310156,0.7089686036307452,102.45940968386495,101.60883948519081,0.8505701986741343,0.9230404878790872,-0.07247028920495291,0.8358744145229797,1.0036493908805255
2021-03-08 00:00:00-05:00,103.34883204318704,104.820661009737,99.43765332889345,99.55220794677734,36868000.0,-0.04365088059621991,-2.8988544682512214,-0.016104999414496612,-0.02073164444123554,0.02721764549964995,0.43206672758874065,0.01703004263165948,0.2703435457211937,0.018370870506226166,0.2916285283634742,44.2064140286813,5.383007680843548,3.0508844150386385,1.0019022772976791,102.21464497275804,-0.0267441283412226,102.27697982788087,105.86243331293949,98.69152634282224,0.07011261949839512,0.12002409284372971,102.01214787815917,101.4564964082713,0.555651469887863,0.8495626842808424,-0.2939112143929794,-1.5199036286250796,0.33304533547649623
2021-03-09 00:00:00-05:00,101.64739650665258,102.35008494397798,100.94569176049764,101.1817398071289,33920000.0,0.01623609434550038,0.9507098889267556,0.0020479807008513262,-0.004702376802388164,0.027846062732509776,0.44204254189514747,0.01737894708940261,0.27588223228025466,0.018440405482688875,0.29273236189432056,49.439403844713404,2.797876997200632,3.032812456621638,0.9050329115004816,102.09079846313854,-0.008984414161512421,102.08293418884277,105.44682973984713,98.71903863783841,0.06590515011611062,0.3660489946774962,101.88439279030835,101.43614406744594,0.44824872286241657,0.7692998919971572,-0.32105116913474063,-0.535804021290016,0.5498462041634005
2021-03-10 00:00:00-05:00,102.2251105144304,102.2251105144304,100.13885303854282,100.97494506835938,27100000.0,-0.002045886447215776,-0.21989752083068972,-0.030634965801195402,-0.008883066742481405,0.02235849693412645,0.35493013546139207,0.017335549548222622,0.27519331767141103,0.018381307852347373,0.2917942160965795,48.81370024047009,2.086257475887578,2.9652013865692055,0.7186994457262578,101.98084481592113,-0.009961874669808123,101.91031188964844,105.11836789434352,98.70225588495336,0.06295841795026318,0.35421594574406906,101.74447775616235,101.40198117862471,0.34249657753764495,0.6839392291052547,-0.3414426515676098,-0.5831362170237244,0.49517688509428043
2021-03-11 00:00:00-05:00,102.06741705146506,104.69817024362116,101.97964153853604,104.16606903076172,27702000.0,0.031114025750158564,1.9033055677317072,0.024653668950361807,0.007989941108292875,0.02802111556886526,0.44482141952290605,0.018730216021396788,0.2973329615708013,0.018422029444704936,0.29244065133479147,57.70852060988659,3.7232251752617884,3.0193459429043896,0.7447735191637631,101.98044209052205,0.020982139007225332,101.93939666748047,105.2210602513493,98.65773308361163,0.06438459891171228,0.8392596935021861,102.11703025994687,101.60672842693116,0.510301833015717,0.6492117498873472,-0.13890991687163023,1.3570387740087466,0.9458793193867381
2021-03-12 00:00:00-05:00,102.96946115627736,103.02896690019688,100.78798996708696,101.65978240966795,33818000.0,-0.02435467154386134,-1.6366709169469,0.0,-0.01547386294711528,0.030130376864202522,0.47830490454800423,0.019400283254624704,0.3079699491356864,0.01868232015145433,0.2965726382066323,50.313495083784126,3.378079063674761,3.0449697372451308,0.9142668670855276,101.8835299946696,-0.002200944952842708,101.84316711425781,105.03332577454414,98.65300845397148,0.06264845744059179,0.4712577454418214,102.04668443682704,101.61065835157834,0.4360260852486988,0.6065746169596176,-0.17054853171091877,-0.11496901823271445,0.5392318861819445
2021-03-13 00:00:00-05:00,102.96946115627736,103.02896690019688,100.78798996708696,101.65978240966795,33818000.0,0.0,-0.08414181916061067,0.0,0.01417875027096005,0.020864157093368557,0.33120822590422466,0.019400283254624704,0.3079699491356864,0.01868232015145433,0.2965726382066323,50.313495083784126,2.24097693310992,2.987541679806901,0.9193871115074274,101.78553240915092,-0.0012369690009389985,101.74693756103515,104.83026833501899,98.66360678705132,0.060607834454658206,0.48586672047926444,101.98716104803333,101.61429717069609,0.37286387733723814,0.5598324690351417,-0.18696859169790359,-0.05653311808294226,0.5136626041064066
2021-03-14 00:00:00-05:00,102.96946115627736,103.02896690019688,100.78798996708696,101.65978240966795,33818000.0,0.0,-0.08414181916061067,-0.0021610637244210418,0.011366760394729392,0.01975458756898396,0.31359435576107747,0.019400283254624704,0.3079699491356864,0.01868232015145433,0.2965726382066323,50.313495083784126,2.24097693310992,2.9342156264714023,0.9139802382651185,101.77638160608407,-0.0011469550067129519,101.73637542724609,104.81936366584362,98.65338718864855,0.06060739289463382,0.48757812037372933,101.93679510366943,101.61766644765697,0.31912865601245244,0.5116917064306039,-0.19256305041815147,-0.04968751850508269,0.4878877912810164
2021-03-15 00:00:00-04:00,101.4108292494504,101.90722241771358,100.55837778127368,101.87995147705078,26168000.0,0.0021634021922909545,0.058450063764472225,-0.014132267397542364,0.013557121923547077,0.019684955023359856,0.31248897336781106,0.019066544692231468,0.30267201370165814,0.01839583526276762,0.292024831587574,51.00239198693518,1.3488446364399067,2.8209748414691527,0.7154359516954968,101.76183509733316,0.0011593682368824672,101.72229232788087,104.79966982715517,98.64491482860656,0.060505468936052145,0.5256158286084652,101.92804993034348,101.63709496835281,0.2909549619906642,0.46754435754261603,-0.17658939555195186,0.10246331443386095,0.49877195829734644
2021-03-16 00:00:00-04:00,102.45271782379996,104.81766986114388,102.12046484256636,103.34038543701172,31900000.0,0.014233078811418002,0.8240643343823022,0.0008019697097210177,0.02808631260097738,0.01403339150181045,0.2227731837875861,0.019311735408589853,0.3065642956572545,0.018374552999042195,0.29168698612465016,55.41795487904653,2.9377183840931025,2.829313665942292,0.8612101757786663,101.78175552266538,0.015082485978304779,101.72249031066895,104.80030553091945,98.64467509041845,0.0605139573530022,0.7628317508630513,102.14533231598475,101.76326463269791,0.3820676832868344,0.45044902269145976,-0.06838133940462537,1.051327003452205,0.7284199443204832
2021-03-17 00:00:00-04:00,102.57571159931344,104.0896954073164,101.36819296395524,103.25757598876952,26382000.0,-0.0008016483038403515,-0.13378577226086952,0.030118665317345972,0.02537563153266853,0.006309986531549006,0.10016793083187416,0.019150730905594607,0.30400842840793263,0.018376914090505778,0.29172446728966206,55.11466284611456,2.7215024433611603,2.821612864329354,0.7271253989515636,101.93907406037916,0.012769057531756934,101.88680725097656,104.9215567126094,98.85205778934372,0.059570999298415146,0.7258454536565627,102.3164467271824,101.87395436277728,0.44249236440511197,0.44885769103419026,-0.006365326629078294,0.9033818146262508,0.694731390814637
2021-03-18 00:00:00-04:00,101.56951989998234,102.58959237276454,100.13140900343208,100.238525390625,31700000.0,-0.029674004651458825,-1.9548374322637925,-0.0027726767845207556,-0.00979274212305059,0.016192632715119316,0.2570500754136859,0.018866827380547325,0.29950159966627443,0.0187671896026373,0.29791989897705234,45.36653342457407,3.1261669853374343,2.843366730115646,0.8838577463021566,101.95727276599246,-0.01714657481910848,101.88539390563965,104.9233447416999,98.84744306957938,0.059634668319069085,0.22895076255572788,101.99676652155819,101.75281147595119,0.2439550456069952,0.4078771619487513,-0.16392211634175607,-1.0841969497770876,0.08823254517971033
2021-03-19 00:00:00-04:00,100.65459585242806,101.0170935919781,99.32557619974676,100.51722717285156,46072000.0,0.002776527772807606,0.10695633814905697,0.0,-0.0027403270120035517,0.016360082418360827,0.2597082570450175,0.018865552257500567,0.29948135771543805,0.018758873267072988,0.29778788124271716,46.31058739176761,1.691517392231333,2.7610917774096237,1.2738684436088146,101.95913141940255,-0.014344847018824556,101.89791564941406,104.90972794705556,98.88610335177256,0.05911430628284528,0.2707877616338023,101.76914508329563,101.66128671275862,0.1078583705370022,0.3478734036664015,-0.2400150331293993,-0.9168489534647916,0.10168932900575336
2021-03-20 00:00:00-04:00,100.65459585242806,101.0170935919781,99.32557619974676,100.51722717285156,46072000.0,0.0,-0.06942354899738376,0.0,-0.0027061307069459195,0.016242013037255264,0.25783396372587775,0.018865552257500567,0.29948135771543805,0.018758873267072988,0.29778788124271716,46.31058739176761,1.691517392231333,2.6846936070397462,1.2633368523520299,101.96095934031732,-0.014363032169431827,101.91043739318847,104.89566116688418,98.92521361949277,0.058585241120655523,0.2666489472894495,101.57654232784269,101.5765415616544,7.661882932552544e-07,0.2782988761707799,-0.27829810998248666,-0.9334042108422028,0.062019368623845716
2021-03-21 00:00:00-04:00,100.65459585242806,101.0170935919781,99.32557619974676,100.51722717285156,46072000.0,0.0,-0.06942354899738376,-0.0018367726985453192,0.001101249868830978,0.013559590622101735,0.21525182799554876,0.018865552257500567,0.29948135771543805,0.018758873267072988,0.29778788124271716,46.31058739176761,1.691517392231333,2.6137524488391457,1.2295998569487925,101.84876792804664,-0.01324689103197537,101.80456199645997,104.83153374000307,98.77759025291687,0.05946632811304383,0.2873559893060703,101.41357076553636,101.49807382915048,-0.08450306361412174,0.20573848821379961,-0.29024155182792133,-0.8505760427757174,0.035215135670817355
2021-03-22 00:00:00-04:00,100.5504485175428,101.57745981871108,99.87453168948488,100.7021942138672,33536000.0,0.0018384616339621807,0.0425963712337023,-0.005212385097281391,0.002943428977361995,0.013838756724330532,0.21968345248140855,0.018110505577485576,0.2874953632540503,0.01875629374625003,0.2977469326191216,47.06874398545773,1.7029281292261942,2.548693568866792,0.8856096356525482,101.78013789247963,-0.01070427200745135,101.72077865600586,104.77358755028018,98.66796976173154,0.06002330958551063,0.33317258344453515,101.30412821912572,101.43911978357394,-0.13499156444822802,0.1375924776813941,-0.2725840421296221,-0.6673096662218592,0.051205728536603476
2021-03-23 00:00:00-04:00,101.16140850104202,102.35950652224362,100.56881023451596,101.22984313964844,28510000.0,0.005226016966818169,0.25852343090615476,0.004329736359241387,0.008198548064393574,0.002181239309497978,0.03462610057709939,0.01815487624378077,0.2881997257451902,0.01836817829769562,0.2915857908779781,49.26951409316325,1.7906962877276555,2.4945509059282824,0.7582729144170262,101.85094957632268,-0.0061356060368226726,101.79496536254882,104.71494821417798,98.87498251091966,0.05736988742477518,0.40323192778596556,101.29269974535998,101.42361780994983,-0.13091806458984934,0.0838903692271454,-0.21480843381699474,-0.38707228885613676,0.15063375705816878
2021-03-24 00:00:00-04:00,101.74704687448738,102.53255438518828,100.61837498384068,100.7934341430664,25218000.0,-0.004320390019185082,-0.34916757355966066,3.4290271615056156e-05,-0.006481575136765616,0.0034587194164231692,0.054905468583636936,0.017223977460919103,0.27342216569384203,0.017228952849412307,0.27350114753761573,47.51004656892051,1.914179401347596,2.453095798458233,0.6928269416215415,101.88111625951652,-0.010791200098473208,101.79149322509765,104.71630393629736,98.86668251389794,0.05746670214832003,0.3293805684228606,101.21588965269943,101.37693753832883,-0.16104788562940087,0.03490271825583615,-0.19595060388523702,-0.682477726308558,0.016920750247648282
2021-03-25 00:00:00-04:00,100.62087395330168,101.44357268903416,98.98638031979516,100.78997802734376,35616000.0,-3.4289683717181026e-05,-0.07647215748429635,0.003817711802917012,-0.0068458373246458315,0.003460113372561656,0.054927596951322745,0.01705068331297604,0.270671206379121,0.017229269038757534,0.27350616688786383,47.49558100246743,2.457192369238996,2.453388410656859,1.0025756872017904,101.66850880456677,-0.008716449734562547,101.63129272460938,104.39468973191437,98.86789571730439,0.0543808296287832,0.3477752753148359,101.1503647872601,101.33345905603363,-0.1830942687735302,-0.00869667915003712,-0.17439758962349305,-0.608898898740656,-0.013034784468659952
2021-03-26 00:00:00-04:00,100.756757621596,101.1336399863924,99.371205870775,100.40665435791016,27978000.0,-0.0038104428358856045,-0.31566694797129136,0.0,-0.018321994240245942,0.003988587826762928,0.0633168688317257,0.015549570128973374,0.24684177333133261,0.017235577050620694,0.2736063034718068,45.828903772450175,1.7624341156173955,2.4040345324397547,0.8164373008369227,101.43682726857942,-0.010260006343773833,101.45192604064941,104.02901890248963,98.8748331788092,0.05080421757212639,0.29719945326439223,101.03594779812934,101.26480685617263,-0.22885905804328388,-0.052729154928686475,-0.17612990311459742,-0.811202186942432,-0.14224384931729062
2021-03-27 00:00:00-04:00,100.756757621596,101.1336399863924,99.371205870775,100.40665435791016,27978000.0,0.0,-0.07298840592097076,0.0,-0.049324251306334777,0.0038330798755919727,0.06084825663757656,0.015549570128973374,0.24684177333133261,0.017235577050620694,0.2736063034718068,45.82890377245018,1.7624341156173955,2.3582059312381576,0.8475022945992857,101.18751502056331,-0.007776981193593939,101.27255935668946,103.59107756490583,98.95404114847308,0.045787688648222705,0.3132632739931259,100.93913342271101,101.20124000444947,-0.2621065817384647,-0.09460464029064213,-0.16750194144782254,-0.7469469040274944,-0.17165633974655584
2021-03-28 00:00:00-04:00,100.756757621596,101.1336399863924,99.371205870775,100.40665435791016,27978000.0,0.0,-0.07298840592097076,-0.010294054056493085,-0.049324251306334777,0.002227811431155795,0.03536541008871076,0.015549570128973374,0.24684177333133261,0.017235577050620694,0.2736063034718068,45.82890377245018,1.7624341156173955,2.3156508015509605,0.8590693875545784,101.24653586565667,-0.008364799256757077,101.31528167724609,103.52946705904164,99.10109629545055,0.04370881361903805,0.2948167920341197,100.8572135665878,101.14238180840952,-0.2851682418217223,-0.13271736059685818,-0.1524508812248641,-0.8207328318635194,-0.23515619426669268
2021-03-29 00:00:00-04:00,100.27918584473142,101.62059986113842,99.45053211267248,101.45099639892578,26492000.0,0.010347404273443394,0.5948665800044289,-0.0003323608839280734,-0.03943615516286858,0.005318187604776628,0.08442361096695132,0.01240793283068962,0.19696982732639062,0.017275116492043184,0.2742339726457007,51.60732385947372,2.1700677484659394,2.3052520120448876,0.8228249121019742,101.25836086899963,0.001898803725580658,101.32874450683593,103.54278536594359,99.11470364772828,0.043700153789200245,0.527608318876988,100.94856477156287,101.16524214844776,-0.21667737688488842,-0.14950936385446423,-0.06716801303042419,0.11043327550795254,0.023752417795129318
2021-03-30 00:00:00-04:00,101.80755821783724,102.28808372412593,100.97295690505184,101.48472595214844,27312000.0,0.0003324161280476558,-0.04840983159959027,-0.007781665220561784,-0.03911679517156008,0.005297666482944318,0.0840978482569972,0.011900018040359235,0.18890692999183636,0.017258495311528958,0.273970119584879,51.78620531177916,1.3151268190740808,2.234528783975544,0.8480144068059738,101.2798826675967,0.002018464183943593,101.35423355102539,103.56285554287473,99.14561155917605,0.04358223459383058,0.5295415878327339,101.03105110703757,101.18890761538854,-0.15785650835097442,-0.15117879275376628,-0.006677715597208145,0.11816635133093503,-0.024587401930544206
2021-03-31 00:00:00-04:00,101.87796952761704,103.45791345107976,101.51099982265738,102.2806396484375,42570000.0,0.007812100370946616,0.4305132708828405,-0.031580881800540195,-0.07050156798495721,0.004995446954857618,0.07930026198100897,0.012003368390669546,0.1905475659408313,0.016100929183099924,0.2555943269732685,55.926256279139736,1.973187498931324,2.2158615493295284,1.2919418277168107,101.22320519181794,0.010338559284085535,101.25996208190918,103.0921089407157,99.42781522310266,0.03618699476352758,0.7785468756563538,101.22329549802217,101.26977665487365,-0.046481156851484684,-0.13023926557330998,0.08375810872182529,1.1141875026254118,0.21164891870648217
2021-04-01 00:00:00-04:00,103.7549754771254,105.91214206933007,103.71431119831864,105.6160888671875,39880000.0,0.032090312064922924,1.9722419421917645,0.0,-0.03597568788684058,0.013098510034995896,0.20793240058849854,0.012128649132934285,0.19253633606941978,0.016411060522536734,0.26051750936077145,68.23586901123468,3.6315024208925735,2.3169787544411746,1.1992722570556482,101.464418947694,0.03930906705619667,101.45777740478516,104.13233536211308,98.78321944745724,0.05272258126959081,1.2773829411714819,101.89910986250915,101.59172570763764,0.3073841548715137,-0.042714581484345246,0.350098736355859,3.109531764685929,1.7291072975086246
2021-04-02 00:00:00-04:00,103.7549754771254,105.91214206933007,103.71431119831864,105.6160888671875,39880000.0,0.0,-0.08788530000250991,0.0,-0.04879340070030247,0.013098510034995896,0.20793240058849854,0.010697247384526496,0.16981353775435945,0.016281649652994952,0.2584631754942344,68.23586901123468,2.1978308710114334,2.3084681913390503,1.188439830018536,101.7012751769192,0.03706645201746858,101.65559272766113,104.91446293633976,98.3967225189825,0.06411590589824716,1.1076486459907569,102.47095278630582,101.88982668241911,0.581126103886703,0.08205355558986441,0.49907254829683867,2.430594583963025,1.8447100489719976
2021-04-03 00:00:00-04:00,103.7549754771254,105.91214206933007,103.71431119831864,105.6160888671875,39880000.0,0.0,-0.08788530000250991,0.0,-0.053611951498004906,0.013848819942494277,0.2198432011173101,0.010697247384526496,0.16981353775435945,0.016281649652994952,0.2584631754942344,68.2358690112347,2.1978308710114334,2.3005655256013635,1.1778013390549829,101.93389090058302,0.034863987164255344,101.85340805053711,105.5625435862052,98.14427251486903,0.0728328213392271,1.007218027012952,102.95481987567223,102.16584610351308,0.788973772159153,0.22343759890372214,0.5655361732554308,2.0288721080518117,1.9509823773472734
2021-04-04 00:00:00-04:00,103.7549754771254,105.91214206933007,103.71431119831864,105.6160888671875,39880000.0,0.0,-0.08788530000250991,-0.04018991927460147,-0.06204776991519789,0.013895831542133748,0.22058948712559834,0.010697247384526496,0.16981353775435945,0.016281649652994952,0.2584631754942344,68.23586901123468,2.1978308710114334,2.293227335987797,1.154426217169919,102.14847514466713,0.03283224894723097,102.04021492004395,106.11344296226999,97.96698687781792,0.07983574016220389,0.9389484102134041,103.36424587436689,102.42141964156303,0.9428262328038528,0.36731532568374825,0.5755109071201046,1.7557936408536186,1.8582960683156065
2021-04-05 00:00:00-04:00,106.47746082606572,110.53592048261828,106.3812558392318,110.0385284423828,48510000.0,0.04101984666941058,2.508881875810533,0.00439069298436201,-0.02277309967829977,0.020269415921371572,0.32176700249089396,0.013699247550766706,0.21746881300823637,0.016481714709080223,0.2616391098008493,78.79696169707005,4.91983161543078,2.4808419273765816,1.3712764092967509,102.63570730216802,0.0672748104232507,102.3751220703125,107.7816961697683,96.9685479708567,0.10562281128695493,1.20871185995968,104.39105857713857,102.98564992310523,1.4054086540333373,0.5749339913536661,0.8304746626796712,2.834847439838723,3.7846968944168626
2021-04-06 00:00:00-04:00,109.63981491989364,110.48681826907224,109.1870597884368,109.5574951171875,35240000.0,-0.004381082014197194,-0.37576655425013644,-0.013296047259809485,-0.027045046168189257,0.018929750957851082,0.30050048048916417,0.013583203266112391,0.21562666709864214,0.016441663790116506,0.2610033211727037,75.84312792302578,1.2997584806354467,2.396478824037929,0.9838436347494465,102.95330350598246,0.06028060064846231,102.6901180267334,108.97578702695003,96.40444902651677,0.1224201339135724,1.0462725678219313,105.18589496791533,103.47245327081502,1.7134416971003077,0.8026355325029944,0.9108061645973133,2.185090271287727,3.1793720562943912
2021-04-07 00:00:00-04:00,109.74793242768108,111.30506244729015,109.74793242768108,111.03380584716795,24134000.0,0.013385231106780195,0.7541363618170505,-0.005065724734510835,-0.0024903773243105665,0.018577581124703802,0.2949099577025633,0.01374785631972316,0.21824045329341102,0.014028215327719083,0.2226910145712549,78.5061681232431,1.7475673301026546,2.3501280030425526,0.6809742553695782,103.34984715356968,0.06920377658831965,103.22988204956054,110.41833303841506,96.04143106070603,0.13927073917227467,1.0428098355060895,106.08557356472343,104.032553461656,2.053020103067439,1.0527124466158833,1.0003076564515558,2.1712393420243594,3.4067640988358496
2021-04-08 00:00:00-04:00,112.27207187647824,112.658382510487,111.23117534122576,111.59913635253906,28664000.0,0.005078599014831143,0.22709593534456948,-0.008913699227865002,-0.0017741812206213403,0.018024421557324994,0.28612882179884086,0.011461869010485176,0.18195152977045057,0.014027080147969625,0.22267299415139238,79.44082464672655,1.624576663319047,2.2983029073480163,0.8291582296789124,103.880599385781,0.0691630528606905,103.78397750854492,111.7575676891015,95.81038732798834,0.15365744061794295,0.9900652445777327,106.93381399361814,104.59304108320288,2.340772910415268,1.31032453937576,1.0304483710395078,1.9602609783109304,3.246282574831796
2021-04-09 00:00:00-04:00,111.35168748380296,112.76649260885408,110.94603596033518,112.60284423828124,26146000.0,0.0089536639108556,0.4673986680129616,0.0,0.012828450340382158,0.017075607764794144,0.2710668697855729,0.011478176357546811,0.1822104008796604,0.013919540985037534,0.22096586286348216,81.01897190402302,1.820456648518899,2.2641710317173653,0.7787643304133891,104.45099987561017,0.0723946576821877,104.38825836181641,113.11563588308411,95.66088084054871,0.16720994598871544,0.9706216647811295,107.80597249279708,105.1863598354309,2.6196126573661758,1.5721821629738433,1.0474304943923325,1.882486659124517,3.228921630322517
2021-04-10 00:00:00-04:00,111.35168748380296,112.76649260885408,110.94603596033518,112.60284423828124,26146000.0,0.0,-0.10774046943027626,0.0,-0.006380030279022897,0.007038879545850069,0.1117387487211513,0.011478176357546811,0.1822104008796604,0.013919540985037534,0.22096586286348216,81.01897190402302,1.820456648518899,2.2324771472031895,0.8025809303382099,105.0562889696875,0.06701922424467638,104.99253921508789,114.24894802261406,95.73613040756172,0.17632507750981194,0.911083022662395,108.5439527613331,105.73572905045685,2.8082237108762484,1.8193904725543244,0.988833238321924,1.644332090649581,2.93003698407007
2021-04-11 00:00:00-04:00,111.35168748380296,112.76649260885408,110.94603596033518,112.60284423828124,26146000.0,0.0,-0.10774046943027626,0.011605607961804765,-0.005291759844940014,0.005804758422187959,0.09214768323550211,0.011478176357546811,0.1822104008796604,0.013919540985037534,0.22096586286348216,81.01897190402302,1.820456648518899,2.203047111582883,0.8117884121597496,105.58928111724111,0.06228584338596789,105.58757171630859,115.2056867830223,95.96945664959487,0.18218271166526206,0.8646906110663534,109.1683976039405,106.24440424955496,2.9239933543855443,2.0403110489205685,0.8836823054649758,1.4587624442654135,2.6959429120685807
2021-04-12 00:00:00-04:00,111.78211703998792,111.91947814319695,110.4778940603642,111.3110122680664,25024000.0,-0.011538779453709262,-0.8458580140817071,-0.0043513776894561484,-0.01670351337888476,0.007711358581636934,0.1224140224647306,0.01204338513166061,0.19118281201048115,0.014007647655883507,0.2223645129029078,72.11980923161556,2.124950177917029,2.197468759178179,0.7811797612506868,106.0067617891909,0.047652522161073,106.0916301727295,115.80434704208736,96.37891330337163,0.18310053024059356,0.7686880594554992,109.49803062919064,106.61970854722247,2.8783220819681645,2.2079132555300878,0.6704088264380768,1.074752237821997,2.184497551623942
2021-04-13 00:00:00-04:00,111.62689819177632,112.24578362522868,111.23314936962268,111.7974853515625,25682000.0,0.004360872486998783,0.17156132208822772,0.00558449128480909,-0.012406119400601101,0.007610815905880764,0.12081795696753163,0.012043225329615563,0.19118027523165998,0.013994963815796718,0.22216316318367405,73.30877249410472,1.0126342556060024,2.112837723208738,0.8011404756557111,106.443778364627,0.047887543893317834,106.6418327331543,116.33753522857472,96.94613023773388,0.1818367566821849,0.7658730824735687,109.85179289417093,107.00324756976617,2.8485453244047534,2.336039669305021,0.5125056550997322,1.063492329894274,2.187897486037929
2021-04-14 00:00:00-04:00,112.44216174007808,112.44216174007808,110.88453990540746,111.17662048339844,21002000.0,-0.005568955824944133,-0.4632138980534054,-0.01896518666408875,-0.020897375228286497,0.006137536291207042,0.09743036813500522,0.0120931098508891,0.19197216745702772,0.014011869136434298,0.2224315268291191,69.24981709963328,1.5576218346706128,2.073179445456015,0.6704313655386404,106.92383317992658,0.038252532636633925,107.16116485595703,116.64752683452433,97.67480287738972,0.17704850430318855,0.7116436014413955,110.05561252328285,107.3123863041093,2.7432262191735504,2.417476979278727,0.3257492398948232,0.846574405765582,1.9241395031645878
2021-04-15 00:00:00-04:00,112.17042307269293,113.85896676847962,111.63583989984984,113.32586669921876,29174000.0,0.019147332446126687,1.1216357938001866,0.0010952582146557255,0.0027380821867504235,0.011636161808692758,0.1847183421666515,0.012439554735956272,0.19747180951029628,0.014194319985380321,0.22532784426594185,74.51101502980761,2.682346285081181,2.116691362572098,0.9295256787283461,107.51185288777978,0.051303501846318225,107.80712547302247,117.11464802673117,98.49960291931376,0.17266989566543656,0.7964667125086514,110.55872855034991,107.75782929633962,2.8008992540102895,2.49416143422504,0.3067378197852495,1.1858668500346052,2.3252247419961654
2021-04-16 00:00:00-04:00,113.5237224246354,113.77167310788025,112.61523075801728,113.2018814086914,26282000.0,-0.001094658856971788,-0.17738415171483987,0.0,0.0019312584100057428,0.011676495635262919,0.18535862181382104,0.012350824531669594,0.1960632611843612,0.014196372526365266,0.22536042734395342,73.72734326712282,1.1564423498629708,2.048102147378589,0.839651002680417,108.06827833936981,0.04534909672382395,108.44688682556152,117.36337555544078,99.53039809568226,0.1644397361857251,0.7666405312214348,110.96536745163323,108.16109241577308,2.804275035860144,2.556184154552061,0.24809088130808288,1.066562124885739,2.1632511080751273
2021-04-17 00:00:00-04:00,113.5237224246354,113.77167310788025,112.61523075801728,113.2018814086914,26282000.0,0.0,-0.10716581217468214,0.0,0.013420433304667467,0.009501329531932074,0.150828930395796,0.012350824531669594,0.1960632611843612,0.014196372526365266,0.22536042734395342,73.72734326712282,1.1564423498629708,1.9844121618417592,0.8419319394034527,108.62772688327347,0.04040705391550802,109.08664817810059,117.38911017339191,100.78418618280926,0.15221774862375986,0.7478321028704943,111.30944652194987,108.53448419302629,2.7749623289235785,2.5999397894263643,0.17502253949721425,0.9913284114819765,2.0511857317661133
2021-04-18 00:00:00-04:00,113.5237224246354,113.77167310788025,112.61523075801728,113.2018814086914,26282000.0,0.0,-0.10716581217468214,-0.0030614464225711124,-0.007469798682410267,0.009587273399571562,0.15219324699870682,0.012350824531669594,0.1960632611843612,0.014196372526365266,0.22536042734395342,73.72734326712282,1.1564423498629708,1.9252714609861314,0.8422152292202091,109.12498039580699,0.03601442804793706,109.67419242858887,117.34024141636507,102.00814344081266,0.13979677110944272,0.7300852098471825,111.60059035067934,108.88021732011259,2.7203730305667477,2.624026437654441,0.09634659291230685,0.9203408393887306,1.9532467738005603
2021-04-19 00:00:00-04:00,112.5785359848576,114.26013311386431,112.5785359848576,113.54950714111328,30290000.0,0.0030661422361070775,0.08847591016951008,0.004716913625118391,-0.004421889638052567,0.00848556081905341,0.1347041019727733,0.012316332604243453,0.19551571881110807,0.014196883297452284,0.2253685355835922,74.66060977700678,1.6815971290067182,1.9078661515590305,0.9660433682988515,109.67145276594691,0.03415298289535446,110.27743148803711,117.08025155868525,103.47461141738897,0.12337646930752297,0.7404940612198512,111.9004237030538,109.22609064018673,2.6743330628670776,2.6340877626969683,0.0402453001701093,0.9619762448794048,1.931229404361965
2021-04-20 00:00:00-04:00,113.9328401922627,114.00772178331091,111.93089265988128,113.01641845703124,22288000.0,-0.004705823847387307,-0.4120762495986435,0.00028975628801863884,-0.00909589869468519,0.00279503849475119,0.04436986057178376,0.012467409260214304,0.1979139863747449,0.014196071736903813,0.22535565245928146,70.52340342116386,2.0768291234296328,1.9199349352640735,0.7345932512870543,110.31280380998571,0.023922317517728088,110.8142204284668,116.57457014187725,105.05387071505635,0.1039640885644075,0.6911514177201418,112.07211520366572,109.5068556636567,2.5652595400090235,2.6203221181593794,-0.05506257815035598,0.7646056708805675,1.7372654509858776
2021-04-21 00:00:00-04:00,112.67126047168009,113.0655011135932,111.3209176039308,112.98368072509766,23204000.0,-0.0002897143167727747,-0.12414635263997024,0.011467029098277903,-0.013671531706680229,0.0027787329374459025,0.04411101787407515,0.012505396147479605,0.19851700951545748,0.014193587155104766,0.22531621094596782,70.26589346124966,1.7445835096624052,1.907409833435383,0.7863950004744669,110.73521494887072,0.01990080126436767,111.1826000213623,116.46583373327526,105.89936630944935,0.09503705995178834,0.670452491972309,112.21235605311679,109.76439826080046,2.4479577923163305,2.5858492529907697,-0.13789146067443925,0.681809967889237,1.6578650077273709
2021-04-22 00:00:00-04:00,112.837401296547,113.50587995571698,111.0977813635226,111.7027816772461,24146000.0,-0.011401781047220824,-0.8336736628259755,-0.020613588694828877,-0.016787553256671806,0.005614412164678826,0.08912603007333594,0.011291747688873366,0.17925093751228363,0.014253167071891913,0.2262620128036841,60.89663795628702,2.408098592194378,1.943173316203883,0.8407352342087946,111.13130273122677,0.005116067276377741,111.48693466186523,116.07563482679345,106.89823449693702,0.08231816900958897,0.5235194071984257,112.13395999529052,109.90798221757422,2.2259777777163094,2.513874957935878,-0.28789718021956867,0.09407762879370256,1.3490712514752183
2021-04-23 00:00:00-04:00,112.4208378072845,114.36080521624169,112.13569603609702,114.05384063720705,29066000.0,0.020829014319901407,1.227667507472046,0.0,-0.025056878826024587,0.01208547554192788,0.1918509765593684,0.01194175526411185,0.18956948787861844,0.014417992070899211,0.22887852854700277,69.05323589475952,2.658023538995593,1.9942340464032908,1.0314626997026197,111.67228872750971,0.020880944441606274,111.90882225036621,115.7085229840638,108.10912151666862,0.06790708109136868,0.7822614907297524,112.42932624789307,110.21508284125072,2.2142434066423533,2.4539486476771732,-0.23970524103481994,1.1290459629190077,1.7378617832706094
2021-04-24 00:00:00-04:00,112.4208378072845,114.36080521624169,112.13569603609702,114.05384063720705,29066000.0,0.0,-0.10797586148962122,0.0,-0.03879628230558774,0.0120638838765593,0.19150821949762648,0.01194175526411185,0.18956948787861844,0.014417992070899211,0.22887852854700277,69.05323589475952,2.2251091801446705,2.010725127384818,1.0516413579509891,112.23444150285174,0.015952107567711114,112.3307098388672,114.844755628903,109.81666404883138,0.04476150455457963,0.8427007585083224,112.67925153855677,110.49943527058082,2.1798162679759514,2.399122171736929,-0.21930590376097747,1.3708030340332915,1.6630654770795867
2021-04-25 00:00:00-04:00,112.4208378072845,114.36080521624169,112.13569603609702,114.05384063720705,29066000.0,0.0,-0.10797586148962122,-0.004329216248680767,-0.02276194127589104,0.01169651157865939,0.18567636506472146,0.01194175526411185,0.18956948787861844,0.014417992070899211,0.22887852854700277,69.05323589475954,2.2251091801446705,2.026038274010522,1.0899818123863274,112.53333036678686,0.01333151309877208,112.5314754486084,114.91258408938401,110.1503668078328,0.04231898020146422,0.8196757095683705,112.89072678450297,110.76272455699757,2.128002227505405,2.344898182890624,-0.216895955385219,1.2787028382734782,1.594844484503388
2021-04-26 00:00:00-04:00,114.28146844023216,115.27377066190552,113.92441882355446,114.54975128173828,32038000.0,0.004338614439687181,0.17112681428862586,0.008271589484505126,-0.018512871250236596,0.011670178996010154,0.1852583482743139,0.008344879827398562,0.1324708604640972,0.014231863855522438,0.22592383472784752,70.66525869073651,1.3493518383510548,1.9777035286062745,1.2086892222255756,112.85300887361745,0.014812274921030964,112.78108825683594,114.87939431310234,110.68278220056955,0.03721024665922589,0.921450202562298,113.14596132253916,111.04324505512652,2.102716267412646,2.2964617997950287,-0.1937455323823829,1.685800810249188,1.6199623516204251
2021-04-27 00:00:00-04:00,114.93158969348886,114.97225396912138,113.37098650498808,113.61001586914062,44386000.0,-0.008237567370757884,-0.6293645608667794,-0.02885073532586291,-0.026564728208235855,0.010761081884001978,0.17082687901842988,0.008530688152525268,0.1354204761829614,0.014287895107771424,0.22681330328243757,63.87517844481572,1.6012674641333007,1.9508152382867765,1.6129219811766415,112.99383004870307,0.005423692759160351,112.90989875793457,114.86820101490268,110.95159650096646,0.03468787552748547,0.6787561416310658,113.21735432970863,111.23337622653497,1.983978103173655,2.233965060470754,-0.2499869572970992,0.7150245665242614,1.3939751170303287
2021-04-28 00:00:00-04:00,118.6444052488308,120.57247005777243,116.69650771409113,116.98512268066406,81106000.0,0.02927509987450568,1.7669818920628457,-0.014092517995325626,0.0068116090004193275,0.01427342633504094,0.22658361863591053,0.010164471229486731,0.16135597849015698,0.01465628226198742,0.23266126805991552,73.66326004341506,6.96245418863181,2.3087894490257073,2.6908772407111883,113.59715122861137,0.02896070350159729,113.17919807434082,115.76070767824443,110.5976884704372,0.04561809321546825,1.23715096790036,113.79701099908638,111.65943151943341,2.1375794796529703,2.2146879443071974,-0.07710846465422705,2.9486038716014424,1.9170526563989074
2021-04-29 00:00:00-04:00,118.4822512376474,119.22263014493892,117.71955010871436,118.65730285644533,41234000.0,0.014192760420226595,0.803996557952159,0.01668152206917961,0.03725021201650036,0.014422268601553866,0.22894641636652094,0.010470662115735897,0.16621660812253555,0.014028512088361478,0.22269572550040703,76.98979834188138,2.237507464274856,2.3036978786863607,1.3346280202618503,113.97689494985116,0.0394447521890553,113.48192100524902,117.0211607695247,109.94268124097334,0.06237539394688204,1.2311431544473892,114.54474820791083,112.17779235921208,2.366955848698751,2.2451415251855082,0.12181432351324295,2.924572617789553,2.0992160138753753
2021-04-30 00:00:00-04:00,117.43044257709242,118.1162720240264,116.36624012534264,116.71039581298828,44856000.0,-0.01654391371578237,-1.160041611356484,0.0,0.016731730556801327,0.018116415394543072,0.2875891786914184,0.011189706965689848,0.177631091249415,0.014236797426128916,0.22600215273324942,66.46381648380509,2.2910627311026843,2.3027953681446696,1.4091922968175679,114.22592866638784,0.021287453695054213,113.68729858398437,117.47942923471314,109.8951679332556,0.06671159747766194,0.8986014074202501,114.87792476253813,112.51354076319551,2.3643839993426212,2.268990020016931,0.09539397932569038,1.5944056296810005,1.6839620151332142
2021-05-01 00:00:00-04:00,117.43044257709242,118.1162720240264,116.36624012534264,116.71039581298828,44856000.0,0.0,-0.10185404699459454,0.0,0.006909597642677623,0.01823587374276862,0.2894855211800305,0.011189706965689848,0.177631091249415,0.014236797426128916,0.22600215273324942,66.46381648380509,1.7500318986837584,2.2633122631831757,1.368959150351731,114.46074230804194,0.019275519453734742,113.89267616271972,117.87753400933136,109.90781831610809,0.0699756644741304,0.8535533460327193,115.15984338568431,112.82441891503201,2.335424470652299,2.2822769101440046,0.0531475605082945,1.414213384130875,1.613962230077503
2021-05-02 00:00:00-04:00,117.43044257709242,118.1162720240264,116.36624012534264,116.71039581298828,44856000.0,0.0,-0.10185404699459454,0.004447221176205662,0.0006675493188446069,0.017227791661776168,0.27348271425535153,0.011189706965689848,0.177631091249415,0.014236797426128916,0.22600215273324942,66.46381648380508,1.7500318986837584,2.2266493800046456,1.328747767202538,114.72694405242065,0.016994645136375258,114.16264533996582,118.14266321094871,110.18262746898293,0.06972539676407752,0.8200677177353072,115.39838991296185,113.11226905562137,2.286120857340478,2.2830456995832993,0.0030751577571788147,1.28027087094123,1.5539297839569817
2021-05-03 00:00:00-04:00,117.2762089404866,118.10138954221922,115.81776586416932,116.19365692138672,28242000.0,-0.0044373615093821605,-0.382963471223839,0.015714097449959663,-0.0037629372431684516,0.01101826801152045,0.17490958222284764,0.010872222232876438,0.17259117736091056,0.01400638019367844,0.2223443925641631,63.58214420997021,2.2836236780499064,2.230718972722164,0.8334390797406607,114.89907549156646,0.011141584352544575,114.38245391845703,118.29753369187121,110.46737414504285,0.06845595000445136,0.7313111236236973,115.52073868348874,113.34052000864102,2.1802186748477226,2.262480294636184,-0.08226161978846136,0.925244494494789,1.4151227527758876
2021-05-04 00:00:00-04:00,114.72927091275336,115.29658074496844,111.90908129254252,114.39602661132812,44818000.0,-0.015591909408161901,-1.087673961979178,-0.003430077542297072,-0.019175705783770258,0.008200294664642425,0.130175642160562,0.011512635357042117,0.18275742053821645,0.014169899582529427,0.22494018238878496,54.697488306199965,4.284575628844195,2.3774230195880235,1.2777069809475752,114.97837747573129,-0.005090656394751914,114.54342422485351,118.1566127326679,110.93023571703912,0.06308853663605421,0.479602833728907,115.34770605700248,113.41870568291414,1.9290003740883463,2.1957843105266166,-0.26678393643827025,-0.08158866508437204,1.0825975283777494
2021-05-05 00:00:00-04:00,115.47708449305684,115.79297039823858,114.46792338467594,114.78976440429688,26636000.0,0.0034359737450863274,0.13327985822119415,-0.009660496096393967,0.01004464390607529,0.007408377513388145,0.1176043471134487,0.011419372000041115,0.18127691064385834,0.013716405782940531,0.21774119149985308,56.14304562108005,1.3969437869104553,2.3073887886824833,0.7621173104434907,115.04016066832536,-0.0021813466150742283,114.61661911010742,118.18498776282287,111.04825045739197,0.062266164896863097,0.5242611275684329,115.26186887966317,113.52026558820175,1.7416032914614163,2.104948106713577,-0.36334481525216056,0.09704451027373155,1.109331222642852
2021-05-06 00:00:00-04:00,114.371219210084,115.90950775146484,113.71216888819076,115.90950775146484,25190000.0,0.009707461405697986,0.5307609354965754,-0.006199214247680773,0.029642470376201047,0.009478338354320834,0.15046395676594884,0.01086316102809673,0.17244733519435612,0.013702640994290489,0.2175226822541488,60.04744032483419,2.1973388632740836,2.2995280797247406,0.7218716507046774,115.14076491491085,0.0066322672873596255,114.75200042724609,118.29976404461733,111.20423680987484,0.061833582058041126,0.6631319683407239,115.36150562917112,113.6972464891842,1.6642591399869247,2.0168103133682465,-0.3525511733813218,0.6525278733628949,1.2464092848254484
2021-05-07 00:00:00-04:00,117.22564307589364,117.59062276334002,116.34640478417988,116.63253784179688,28898000.0,0.006218509159852961,0.307067510665487,0.0,0.06893764913793499,0.010092315515881788,0.1602105420469305,0.010907313108922888,0.17314822774874836,0.013224748255051358,0.20993637020580774,62.376582765552854,1.6811150118751783,2.2553557177354864,0.8250395418286882,115.27504581085675,0.011639050783422516,114.92353324890136,118.4874329040033,111.35963359379943,0.06202210381720934,0.7397660930841542,115.55704904649816,113.91467547826662,1.6423735682315481,1.941922964340907,-0.29954939610935893,0.9590643723366163,1.318933424714734
2021-05-08 00:00:00-04:00,117.22564307589364,117.59062276334002,116.34640478417988,116.63253784179688,28898000.0,0.0,-0.09187453642951104,0.0,0.0551312762661067,0.009810397354979657,0.15573522998401212,0.010907313108922888,0.17314822774874836,0.013224748255051358,0.20993637020580774,62.37658276555286,1.2442179791601404,2.183131593551533,0.8219700201951248,115.40832753501952,0.010496301713316905,115.09506607055664,118.64025406295329,111.54987807815999,0.061604517264421135,0.7168392444261975,115.72250886115951,114.11599861630589,1.6065102448536237,1.8748404204434506,-0.26833017558982686,0.8673569777047904,1.2745570455206559
2021-05-09 00:00:00-04:00,117.22564307589364,117.59062276334002,116.34640478417988,116.63253784179688,28898000.0,0.0,-0.09187453642951104,0.02625936000152529,0.03228177254493203,0.00417533235783609,0.06628134635925147,0.010907313108922888,0.17314822774874836,0.013224748255051358,0.20993637020580774,62.37658276555286,1.2442179791601404,2.116066335380719,0.8236004947645024,115.53897400522916,0.00937614714387032,115.24921760559081,118.77952289013011,111.71891232105152,0.061263848169812445,0.69592076672012,115.8625133197191,114.30240892930522,1.5601043904138834,1.8118932144375373,-0.2517888240236539,0.7836830668804804,1.2328511566974774
2021-05-10 00:00:00-04:00,115.4527900587697,115.59462319092776,113.29065958056631,113.64820861816406,30914000.0,-0.025920502329047697,-1.7398984481913866,0.009554992903137993,0.005868314363922433,0.014007131853721447,0.22235632479742864,0.012418273112503523,0.1971339742113861,0.012404701664656317,0.19691853415577737,47.96222818259323,3.341878261230562,2.2036243300842795,0.8703584309110413,115.53583706170717,-0.016609399008524393,115.28080711364746,118.73752880240787,111.82408542488704,0.059970462999147205,0.26385161397404155,115.5218510579414,114.25394964699846,1.2679014109429403,1.7030948537386181,-0.43519344279567784,-0.9445935441038347,0.7283048109570767
2021-05-11 00:00:00-04:00,111.23414573224052,113.079391175707,110.78039176678136,112.57257843017578,34186000.0,-0.009509632673986999,-0.6871210532876021,0.03172810582044017,-0.003651785752268877,0.012553003563640634,0.19927275381780413,0.012553599286570995,0.19928221062614832,0.012355543608240174,0.19613817420250299,44.014307407641766,2.867816851382699,2.2510666530341665,0.9478260387381543,115.47750009085942,-0.025804878072375737,115.26025199890137,118.77882394790534,111.7416800498974,0.061054385843916224,0.11807323998498782,115.06811680751593,114.12940363093753,0.9387131765784034,1.550218518306575,-0.6115053417281717,-1.527707040060046,0.5314704240859237
2021-05-12 00:00:00-04:00,110.39707540750636,111.47764498191351,108.78192267103177,109.11070251464844,46376000.0,-0.031235168994518343,-2.060750311539933,-0.012915975859735807,-0.03873871373003124,0.014569564040176524,0.2312846589656193,0.014265712238737042,0.22646116115345225,0.013027060368950318,0.20679817230280725,34.24437567533812,3.790655759144016,2.3610373034705847,1.2473607625748737,115.20298947126834,-0.05583583293125616,115.13064804077149,119.3266881718341,110.93460790970887,0.07289180079272485,-0.21733650514426145,114.15159153169017,113.7576479926939,0.3939435389962682,1.318963522444514,-0.9250199834482458,-2.8693460205770465,-0.051635424922623095
2021-05-13 00:00:00-04:00,110.39360709363976,111.0541481508422,109.43155712442402,110.53841400146484,33204000.0,0.013000112330880036,0.7693434505466972,-0.021655602705697774,-0.01477575483925364,0.018241119058269157,0.2895687879822055,0.014425533007299964,0.22899823720121643,0.012547933536926853,0.1991922696388534,40.145170256923834,1.9434456361937578,2.3312093272365257,0.8881351942695433,115.04052122912482,-0.040728892922240724,114.95487670898437,119.61022482255281,110.29952859541594,0.08099435616557178,0.02565709375767784,113.59571806550166,113.51918621556582,0.07653184993583295,1.0704771879427777,-0.9939453380069447,-1.897371624969291,0.16126864537599075
2021-05-14 00:00:00-04:00,112.00131096781348,113.29957888960938,111.577809256897,112.98517608642578,31996000.0,0.021893526462930694,1.3443152744879596,0.0,0.003028892395956051,0.02336869174951424,0.3709664810048495,0.014505873097762733,0.23027359659925395,0.0123960116956485,0.19678058517440414,48.64980488672448,2.7611648881445348,2.361920438729955,0.8524833012279959,114.99111902104877,-0.017754036450663112,114.90144348144531,119.62437780844915,110.17850915444147,0.08220844201607472,0.2971316916198597,113.5017885302592,113.4796299097036,0.022158620555600805,0.8608134744653423,-0.8386548539097415,-0.8114732335205602,0.5452483385152453
2021-05-15 00:00:00-04:00,112.00131096781348,113.29957888960938,111.577809256897,112.98517608642578,31996000.0,0.0,-0.0953132447941318,0.0,-0.012384348139816814,0.020661262642391855,0.3279873763461486,0.014505873097762733,0.23027359659925395,0.0123960116956485,0.19678058517440414,48.64980488672448,1.7217696327123804,2.316195381157271,0.8491687721607677,114.94210097311854,-0.01732019150189977,114.84801025390625,119.63506657548203,110.06095393233048,0.0833633305617144,0.30543009708445684,113.42230969274638,113.44300370057192,-0.020694007825539984,0.6845119780071658,-0.7052059858327058,-0.7782796116621737,0.5221903338762856
2021-05-16 00:00:00-04:00,112.00131096781348,113.29957888960938,111.577809256897,112.98517608642578,31996000.0,0.0,-0.0953132447941318,-0.004604743703345071,-0.006865341976825201,0.020132612370605322,0.3195953134481054,0.014505873097762733,0.23027359659925395,0.0123960116956485,0.19678058517440414,48.64980488672448,1.7217696327123804,2.273736399125493,0.8492161020885365,114.87568971898516,-0.01673240417940549,114.76978149414063,119.62796746742157,109.91159552085969,0.08465967103943585,0.3163300646033493,113.35505836869706,113.4090905439685,-0.05403217527144477,0.5368031473514437,-0.5908353226228885,-0.7346797415866019,0.49908611670008923
2021-05-17 00:00:00-04:00,112.25073891210808,113.5504974365383,111.85104254616844,113.50785064697266,21598000.0,0.004615378194259822,0.20695680986709641,0.011690709367337293,-0.0022710559038534583,0.009453024024113497,0.15006210423194014,0.014510564630781814,0.23034807237707078,0.012401412934909815,0.1968663271895461,50.52537224911665,1.69945489036985,2.232716291357233,0.5911154779857517,114.912139209815,-0.012371730720282057,114.76467323303223,119.62820570036162,109.90114076570283,0.08475661247174697,0.37079117961047536,113.37856487304714,113.41640610715399,-0.0378412341068497,0.4218742710597851,-0.4597155051666348,-0.516835281558098,0.5634408489308852
2021-05-18 00:00:00-04:00,114.17385549892236,114.43817329757108,112.18231233154226,112.19619750976562,22204000.0,-0.011622900998194428,-0.877415189415237,-0.003975285809388551,-0.013800428472770743,0.012159373169347572,0.19302406502714967,0.0146199732071029,0.23208487968253014,0.01240831177633111,0.1969758429019574,45.986069177151535,2.25586096602882,2.2343694824052034,0.6609789060685984,114.57212955457162,-0.0211765826074381,114.52522697448731,119.40000059655738,109.65045335241724,0.08513012810978345,0.2611140900802829,113.19666220177305,113.32602028512522,-0.12935808335217303,0.3116278001773935,-0.4409858835295665,-0.955543639678869,0.3064113754437408
2021-05-19 00:00:00-04:00,110.50814660767092,112.8170586512996,110.35987410043673,112.64398956298828,23684000.0,0.003983208260998184,0.16385426997085603,-0.015366696465696994,-0.037924086014807123,0.006527445822246281,0.1036199900526671,0.01298668955002753,0.20615730542024494,0.012409852358107484,0.19700029887948525,47.71315592050849,2.457184550862877,2.2502848444378944,0.7239470458595572,114.24488907007039,-0.014212027763690962,114.22456130981445,118.75593129276766,109.69319132686124,0.07934142939122607,0.32559670113318934,113.11163564196002,113.27549949089286,-0.16386384893283434,0.21652947035534795,-0.3803933192881823,-0.6976131954672422,0.36049243890288724
2021-05-20 00:00:00-04:00,113.611006621068,114.65239495545592,113.24007185238472,114.40196990966795,32352000.0,0.015485987799536806,0.9227910164880074,0.00558821253247288,-0.02366618486637484,0.00975982389181426,0.15493240114516257,0.013069126288277165,0.2074659480700681,0.011880070508140772,0.18859027273471934,53.93983108608233,2.008405392467637,2.233007740725733,1.0081676789270144,114.08049016085337,0.0028100892761586454,114.10914001464843,118.48897178882764,109.72930824046922,0.0767656609035343,0.533429354153037,113.31014860622278,113.35894174413545,-0.04879313791266782,0.1634649487017448,-0.21225808661441262,0.13371741661214837,0.6614974202208665
2021-05-21 00:00:00-04:00,114.92067995406296,114.99407844296304,113.52669887961432,113.76622009277344,40632000.0,-0.0055726563998941825,-0.4810807976399967,0.0,-0.03620546045053652,0.010411989463698243,0.16528520864622198,0.012660614498867299,0.20098102445556912,0.011918883463153552,0.18920640929438748,51.54904186318031,1.4673795633487288,2.1783200137702328,1.2745814603481322,113.87543714843694,-0.000960013047585154,113.9619312286377,118.16810598960066,109.75575646767473,0.07381718992677072,0.4767352586391998,113.38031345030751,113.38911051070123,-0.00879706039371797,0.12901254688265226,-0.13780960727637023,-0.09305896544320086,0.5148928024910225
2021-05-22 00:00:00-04:00,114.92067995406296,114.99407844296304,113.52669887961432,113.76622009277344,40632000.0,0.0,-0.10962360001745589,0.0,-0.029013683739015583,0.01025663451856317,0.16281902534759307,0.012660614498867299,0.20098102445556912,0.011918883463153552,0.18920640929438748,51.54904186318031,1.4673795633487288,2.1275385530258397,1.283082024157259,113.667649016657,0.0008664353622372307,113.81472244262696,117.8170215401212,109.81242334513271,0.07033007701638547,0.4939406890049912,113.43968370299459,113.41704455381769,0.022639149176896467,0.1077378673415011,-0.08509871816460464,-0.02423724398003516,0.48913416739867477
2021-05-23 00:00:00-04:00,114.92067995406296,114.99407844296304,113.52669887961432,113.76622009277344,40632000.0,0.0,-0.10962360001745589,-0.02833927845575479,-0.026611767504362893,0.007875809523807991,0.1250246002398599,0.012660614498867299,0.20098102445556912,0.011918883463153552,0.18920640929438748,51.54904186318031,1.4673795633487288,2.080384339477475,1.2584631585467836,113.56337426942031,0.0017830057392054868,113.69335060119629,117.53593173915222,109.85076946324035,0.06759552986409216,0.5094818416268907,113.48992007065286,113.44290940855515,0.04701066209770488,0.09559242629274187,-0.048581764195036986,0.03792736650756289,0.46315127598898315
2021-05-24 00:00:00-04:00,114.79571714938808,117.30795076933327,114.65041840397706,117.08430480957033,31832000.0,0.028748587363707882,1.786955060074085,-0.000774496302308969,0.0017778952190703468,0.014128011186952753,0.2242752247236927,0.014214294714001239,0.22564493325256355,0.012387258142150259,0.19664162682053743,62.40982867571141,3.541730676559837,2.184766220697644,1.0061414072451538,113.68152515948886,0.029062645549425777,113.8277645111084,117.9516172432522,109.7039117789646,0.07245776546444181,0.8948419730266413,114.04290233817862,113.71264240122295,0.33025993695567024,0.14252592842532755,0.1877340085303427,1.5793678921065657,1.1461550652807824
2021-05-25 00:00:00-04:00,117.62781165530733,118.22289182744396,116.7847807808758,117.17505645751952,22440000.0,0.0007747963795193061,-0.06218231133540236,-0.007326783881334009,0.0025543698713994534,0.013632760323342527,0.21641336099347694,0.013736371489649344,0.21805813726806011,0.012383529457165844,0.19658243578142107,62.656391126469465,1.438111046568153,2.131433708259823,0.7140152539622437,113.75928374629088,0.029151022534108957,113.94702911376953,118.31855673100027,109.57550149653879,0.07672911968360355,0.8692104484284221,114.5247722026926,113.96911751650418,0.5556546861884186,0.22515167997794577,0.33050300621047285,1.4768417937136893,1.156212765567293
2021-05-26 00:00:00-04:00,117.3560548531477,118.47034990255696,117.35308107918044,118.03990936279295,21572000.0,0.007353756591927041,0.3695142845892156,0.007461939673244933,0.009954085183609962,0.012340731592900417,0.19590304074847495,0.013795548224988711,0.218997538818712,0.012369870783208371,0.19636561105423875,65.01170009339029,1.2952934450374443,2.071709403743939,0.6903702755464525,113.82037363189406,0.03574668731683156,114.05354919433594,118.72027623161323,109.38682215705866,0.08183396431312528,0.9271044927863169,115.06556253501573,114.27065765326631,0.7949048817494173,0.3391023203322401,0.45580256141717723,1.708417971145268,1.3530756424585975
2021-05-27 00:00:00-04:00,118.47331515824985,118.47331515824985,116.84725869661128,117.1656265258789,35224000.0,-0.007434237125871569,-0.6183429521126805,0.0024736870071473405,-0.007769273108932273,0.013811682488180281,0.21925366230666496,0.013782171747435006,0.21878519382056116,0.012429382759617105,0.19731033439188345,60.83458414179354,1.6260564616385693,2.0398770507364126,1.1159796345755988,113.87830050677715,0.02805708565366369,114.08020362854003,118.81455190445047,109.3458553526296,0.0830003475682089,0.8258550826349518,115.38864930284083,114.48509979197836,0.9035495108624758,0.45199175843828726,0.45155775242418855,1.3034203305398064,1.1491004949674641
2021-05-28 00:00:00-04:00,117.7478111847202,117.82963157956378,116.67815310319966,116.8765106201172,21482000.0,-0.002470632479702263,-0.294901936843277,0.0,-0.005796068896048334,0.014115864742225898,0.2240824058913276,0.013732668832128783,0.21799935940212342,0.01241974565267664,0.19715735006194782,59.4737198270079,1.1514784763641188,1.9764200097098203,0.688691191792899,113.8539606801319,0.025861055604316136,114.09240226745605,118.85560997274813,109.32919456216398,0.08349736898564265,0.7922514117501025,115.61755104396028,114.66224133480347,0.9553097091568077,0.5526553485819914,0.4026543605748163,1.16900564700041,1.0792765414121561
2021-05-29 00:00:00-04:00,117.7478111847202,117.82963157956378,116.67815310319966,116.8765106201172,21482000.0,0.0,-0.12913445933309728,0.0,0.003948624109098686,0.005371659235737616,0.08527244679327009,0.013732668832128783,0.21799935940212342,0.01241974565267664,0.19715735006194782,59.4737198270079,1.1514784763641188,1.9174956144708417,0.6969764808560203,113.82903521364722,0.026074318871267217,114.10460090637207,118.8963634818832,109.31283833086094,0.08398894588734392,0.7892369634413133,115.8112371325998,114.82626128186374,0.9849758507360633,0.6391194490128058,0.3458564017232575,1.1569478537652518,1.0967338477978184
2021-05-30 00:00:00-04:00,117.7478111847202,117.82963157956378,116.67815310319966,116.8765106201172,21482000.0,0.0,-0.12913445933309728,0.0,-0.015341131208206682,0.005342003532970581,0.08480167710641155,0.013732668832128783,0.21799935940212342,0.01241974565267664,0.19715735006194782,59.4737198270079,1.1514784763641188,1.862780104606076,0.7078065640640393,113.94609568470753,0.025072744898539764,114.26601600646973,119.20818234597705,109.3238496669624,0.0865028205626334,0.7641042848739599,115.97512536144863,114.97813160321584,0.9969937582327901,0.7106943108568028,0.28629944737598734,1.0564171394958402,1.1213793010565887
2021-05-31 00:00:00-04:00,117.7478111847202,117.82963157956378,116.67815310319966,116.8765106201172,21482000.0,0.0,-0.13332765294424206,-0.010217684762040657,-0.015341131208206682,0.0032307359112424337,0.05128634263723875,0.012374770737729718,0.1964433954208328,0.012381457793436917,0.1965495491392597,59.4737198270079,1.1514784763641188,1.8119728454459363,0.7229369777451716,114.1310302369118,0.023490437630611826,114.4812126159668,119.4873046582111,109.47512057372249,0.08745700587637033,0.7392383104363137,116.1138000166284,115.11875227113447,0.9950477454939346,0.7675649977842292,0.22748274770970545,0.956953241745255,1.1136937276335388
2021-06-01 00:00:00-04:00,117.74881041841672,118.3076907432192,116.74907000230994,118.08304595947266,23354000.0,0.010270243629465015,0.5615602580905203,0.004467260929924111,-0.005176336621991795,0.0049853571146114654,0.07914009073265083,0.012260399165511124,0.19462780299795762,0.012419921554041353,0.19716014240954569,63.99474540225844,1.5586207409092623,1.7938762665504597,0.8176083014164782,114.70013885276887,0.028648542042731793,114.92982978820801,119.49849251169577,110.36116706472025,0.07950351500401359,0.8450918093662043,116.41676093091213,115.33832958138174,1.0784313495303905,0.8297382681334614,0.24869308139692914,1.380367237464817,1.5320505829924456
2021-06-02 00:00:00-04:00,118.47827097273424,118.70093322748689,116.65384943203412,117.5578842163086,21158000.0,-0.004457312337451431,-0.44509205776362976,0.009801503192938155,-0.01319984081623815,0.005444894476503474,0.08643502019890449,0.009732822537135482,0.15450376792791118,0.012429950427786673,0.19731934584470676,60.81460823668056,2.047083795452764,1.81196251861491,0.7566832966757864,115.0553595819223,0.021287595052166815,115.28080329895019,119.49365868754688,111.0679479103535,0.07308858488211208,0.7702538667149577,116.59231835943466,115.50274103582078,1.0895773236138808,0.8817060792295452,0.20787124438433557,1.081015466859831,1.3578255054848447
2021-06-03 00:00:00-04:00,116.3250837880577,116.88495540624524,115.52122648995612,116.41682434082033,18696000.0,-0.009753780046183212,-0.8007854883371001,-0.0192138869002616,-0.02120533423376436,0.007371833301337601,0.11702422573178141,0.009893500548195223,0.15705445227843456,0.011914823977050437,0.18914196695031008,54.47975289618316,2.036657726352473,1.8280121763104502,0.684922975473046,115.22331433116537,0.010252040599912379,115.45238571166992,119.54951035210351,111.35526107123633,0.07097514036073235,0.6176970087305353,116.56531927964784,115.5704509102652,0.9948683693826439,0.904338537260165,0.09052983212247889,0.47078803492214205,0.9300101229736498
2021-06-04 00:00:00-04:00,117.4924272675406,118.96822874582732,117.1522366204218,118.6974639892578,24458000.0,0.019400872648653568,1.1831755406491762,0.0,-0.005967867628281165,0.011716155026683875,0.18598819513490913,0.00966100138550205,0.15336364249133325,0.012123131206462698,0.1924487417022404,62.81674065595945,2.5514044050069913,1.8796830497887747,0.9085573336899508,115.51414744832965,0.026818740973406464,115.73800010681153,119.90674198580524,111.56925822781781,0.0720375654520813,0.8549588782839983,116.89334154266476,115.8020815087091,1.0912600339556633,0.9417228365992647,0.1495371973563986,1.4198355131359954,1.834501730757301
2021-06-05 00:00:00-04:00,117.4924272675406,118.96822874582732,117.1522366204218,118.6974639892578,24458000.0,0.0,-0.13743467587360553,0.0,-0.017066853912317548,0.011716155026683875,0.18598819513490913,0.00966100138550205,0.15336364249133325,0.012123131206462698,0.1924487417022404,62.81674065595944,1.815992125405515,1.8751336980471132,0.9214586308099779,115.81324008708437,0.024298951344356067,116.02361450195312,120.18094959942044,111.8662794044858,0.07166360254010774,0.8215821463289795,117.1708988421406,116.01655428504604,1.1543445570945607,0.984247180698324,0.1700973763962368,1.2863285853159199,1.7859472315040188
2021-06-06 00:00:00-04:00,117.4924272675406,118.96822874582732,117.1522366204218,118.6974639892578,24458000.0,0.0,-0.13743467587360553,-0.0036340213151003775,-0.015072986483229744,0.011022828064434729,0.17498197081870648,0.00966100138550205,0.15336364249133325,0.012123131206462698,0.1924487417022404,62.81674065595944,1.815992125405515,1.8709093000012846,0.916520833255264,116.0387056909975,0.022399453273078476,116.28309516906738,120.42708551044052,112.13910482769424,0.07127416647016614,0.7913096582399852,117.40575501862017,116.21514018906173,1.1906148295584416,1.0255207104703474,0.16509411908809413,1.1652386329599391,1.7199802894655918
2021-06-07 00:00:00-04:00,118.492659417895,119.2399846738455,118.07412155900928,119.13038635253906,24120000.0,0.0036406404113832475,0.11318924565912208,0.0016094095744025871,-0.011480686226588821,0.010600372370748403,0.1682756945860827,0.009651903602380064,0.1532192196615966,0.011041832950891856,0.17528366403826998,64.3641290356527,1.1658631148362133,1.8205488582037797,0.9006216978137894,116.33721471628073,0.0234463407848992,116.62980461120605,120.48427028159895,112.77533894081316,0.06609743852769093,0.8243746286989392,117.67108291614616,116.43108434931932,1.2399985668268414,1.0684162817416463,0.17158228508519513,1.2974985147957558,1.8235614755613208
2021-06-08 00:00:00-04:00,119.61190790368995,119.98432577535812,118.757466274763,118.93896484375,24240000.0,-0.0016081158627021597,-0.2427182339322131,-0.003945418274332035,-0.013069062326953929,0.008665391734918931,0.13755882926130017,0.009164580303121103,0.1454832021140363,0.011024496308120744,0.1750084533662232,63.11346885169012,1.2268595005951113,1.7781424755174462,0.9041638535881206,116.61796946858763,0.019514171644351017,116.94455337524414,120.43994779803958,113.4491589524487,0.05977866128710836,0.7852913330036769,117.86614167423906,116.6168532748327,1.2492883994063533,1.1045907052745878,0.14469769413176548,1.1411653320147082,1.6697783056579139
2021-06-09 00:00:00-04:00,119.58315669372152,119.65505695022746,118.86261049023592,119.41008758544922,17942000.0,0.003953221969669458,0.13513872576508662,-0.011165621233545697,-0.016729765517036976,0.0024648747888058173,0.039128674224558284,0.009164385648432099,0.14548011206664446,0.010921348567883826,0.17337103375243212,64.92014865002872,0.7924464599915382,1.7077356172655958,0.6877280672165834,116.85138035943524,0.02142789841086903,117.1949592590332,120.6406134690526,113.7493050490138,0.058802088960218026,0.8214379899141926,118.10367181442524,116.82375952006356,1.2799122943616794,1.1396550230920062,0.14025727126967324,1.28575195965677,1.7803035860788443
2021-06-10 00:00:00-04:00,119.35949314078805,120.801576684723,119.2037824110272,120.75843048095705,25904000.0,0.011228424713151657,0.632500069501042,0.0020284873259426295,0.0027755535125895126,0.004956819708133693,0.07868707344903311,0.008912828226344097,0.1414867617908603,0.01098429153214654,0.17437022233375435,69.52124715252806,1.597794273695797,1.6998826641534672,1.0217573089727205,117.29821075478816,0.028654063425530736,117.54456977844238,120.94401419171656,114.1451253651682,0.05784094356177802,0.9727038174186865,118.51209622466091,117.11521662827789,1.396879596383016,1.191099937750208,0.205779658632808,1.8908152696747489,2.1911820545969665
2021-06-11 00:00:00-04:00,120.9999507112616,121.08524430564806,119.95657214998066,120.51396942138672,21958000.0,-0.0020264327235476965,-0.278378827939608,0.0,0.006106636555667233,0.005373982091967047,0.08530932099275668,0.008783395064735668,0.1394320740487359,0.010947166909121267,0.173780887213503,67.78531234982503,1.1286721556674024,1.6590819135473196,0.899228869677747,117.73665234541369,0.0230456028401315,117.88195724487305,121.03279198330107,114.73112250644503,0.053457455442190736,0.9176690297991964,118.82007671646488,117.36697609443411,1.4531006220307745,1.2435000746063214,0.2096005474244531,1.6706761191967883,2.0031721451765887
2021-06-12 00:00:00-04:00,120.9999507112616,121.08524430564806,119.95657214998066,120.51396942138672,21958000.0,0.0,-0.13944712301421416,0.0,-0.0019178131874804105,0.005516585375052358,0.08757307793186714,0.008783395064735668,0.1394320740487359,0.010947166909121267,0.173780887213503,67.78531234982503,1.1286721556674024,1.6211955022701827,0.9349797743240367,118.20995643662827,0.019118223354690763,118.2193447113037,120.92872209556923,115.50996732703818,0.045836447340863354,0.9234597814628649,119.08067559414516,117.60008671124542,1.4805888828997382,1.2909178362650047,0.18967104663473355,1.6938391258514625,1.9146942333624488
2021-06-13 00:00:00-04:00,120.9999507112616,121.08524430564806,119.95657214998066,120.51396942138672,21958000.0,0.0,-0.13944712301421416,-0.007639962690395241,0.011647713117432623,0.005272570156019913,0.08369945641781831,0.008783395064735668,0.1394320740487359,0.010947166909121267,0.173780887213503,67.78531234982503,1.1286721556674024,1.586015263227127,0.9550569128322453,118.39790418145313,0.017558671829442436,118.39082794189453,121.22881479744711,115.55284108634194,0.047942681116233975,0.8740576661477863,119.3011823367977,117.8159298749596,1.4852524618381011,1.329784761379624,0.15546770045847702,1.4962306645911472,1.842222480110568
2021-06-14 00:00:00-04:00,120.61610010936498,121.44227193584572,119.90894733034322,121.44178009033205,22098000.0,0.0076692967080625825,0.39019523408498197,0.008450074786627626,0.019436167401620574,0.005746172348926717,0.09121765815465577,0.006594746835875643,0.10468836052294227,0.010857228729751605,0.17235316287761068,71.19480948752827,1.5333246055025,1.5822516448182251,0.9618615664528036,118.60401423699255,0.02336729461004833,118.60416412353516,121.68815561766192,115.52017262940839,0.05200477600288224,0.9600557381887922,119.63050506811066,118.08451137239459,1.5459936957160778,1.3730265482469148,0.17296714746916297,1.840222952755173,2.070827866825132
2021-06-15 00:00:00-04:00,121.44623409294724,121.76906634678456,120.06366395354094,120.42418670654295,21562000.0,-0.008414572760991368,-0.7217077105174041,0.005357088717470537,0.010894037186042649,0.005748762963044006,0.09125878287883944,0.0069569279477359825,0.11043780743222621,0.010919831618865929,0.17334695293331462,63.28385432084168,1.7054023932436166,1.5910481268486103,0.9385514740768792,118.71591486495993,0.014185454669051233,118.72337799072265,121.89851583738832,115.54824014405699,0.0534879970634558,0.7678322639765683,119.7526099355618,118.25782065640557,1.4947892791562225,1.3973790944287763,0.09741018472744623,1.0713290559062718,1.6320229136505833
2021-06-16 00:00:00-04:00,120.5754470648677,120.88687610628575,118.4906802089692,119.78250122070312,26472000.0,-0.005342790559310166,-0.506534047616113,-0.007975744768585091,-0.008537619176565259,0.006139129553364275,0.09745566038765342,0.006956441068765347,0.11043007846817689,0.010917614091909998,0.17331175078420877,58.84355622088731,2.3961958973165594,1.6485586818820352,1.174648674792888,118.8997133715006,0.007369923321069779,118.85422172546387,121.97427156892375,115.73417188200399,0.052502129047914625,0.6487603631052679,119.7572085948143,118.37075995746464,1.386448637349659,1.395193003012953,-0.008744365663293951,0.5950414524210701,1.3530195820433621
2021-06-17 00:00:00-04:00,119.7081134975645,121.51815047385836,119.51223033742086,120.74553680419922,25842000.0,0.0080077211580613,0.41743600829330546,0.013591592440133526,-0.004798502993334175,0.007442364226796105,0.11814386946279602,0.006869461045927073,0.10904931341141214,0.010710220022017233,0.17001947199025394,63.03544272792341,2.0059201364374957,1.674084500064568,1.1357074109720886,119.1000337767309,0.013627857981505915,119.04767303466797,122.13097750610889,115.96436856322704,0.05179949162959337,0.7753318371989691,119.90925908856583,118.54666935351905,1.3625897350467824,1.388672349419719,-0.026082614372936685,1.1013273487958786,1.6241782886295308
2021-06-18 00:00:00-04:00,120.37212004101572,120.60618554839238,119.03120533837756,119.1264190673828,46116000.0,-0.013500055239141131,-1.0602715451115508,0.0,-0.016507400095980174,0.009717542272464463,0.1542612012461906,0.007568880032494993,0.12015224561558538,0.010862433206205573,0.17243578138001964,53.22081226474981,1.7143314658216582,1.6769592833329316,1.9226375605566628,119.20214108295808,-0.0006356441851278093,119.16016845703125,122.06918496685005,116.25115194721245,0.0488253171758108,0.49419917529953256,119.78882216222999,118.58961377676822,1.1992083854617732,1.35077955662813,-0.15157117116635677,-0.02320329880186967,1.025876731225773
2021-06-19 00:00:00-04:00,120.37212004101572,120.60618554839238,119.03120533837756,119.1264190673828,46116000.0,0.0,-0.12725059932502886,0.0,-0.0195020289861626,0.008240378712578229,0.13081195669483556,0.007568880032494993,0.12015224561558538,0.010862433206205573,0.17243578138001964,53.22081226474981,1.5749802100148145,1.669675063810209,1.8287300485773768,119.29427392152749,-0.0014090480974648229,119.27266387939453,121.9766271504212,116.56870060836786,0.045340871631086306,0.4729573227604895,119.68691399379196,118.62937713162856,1.0575368621634027,1.2921310177351846,-0.23459415557178187,-0.10817070895804175,0.9923945597447548
2021-06-20 00:00:00-04:00,120.37212004101572,120.60618554839238,119.03120533837756,119.1264190673828,46116000.0,0.0,-0.12725059932502886,-0.01396813504589245,-0.01957006009177431,0.007928437982528843,0.12586005112181992,0.007568880032494993,0.12015224561558538,0.010862433206205573,0.17243578138001964,53.22081226474981,1.5749802100148145,1.6629111456819665,1.7435688035933035,119.37782578091674,-0.0021104194644827935,119.38515930175781,121.84562417929541,116.9246944242202,0.04121894030929816,0.44742045766693594,119.60068400511364,118.66619505279554,0.934488952318091,1.220602604651766,-0.2861136523336749,-0.21031816933225583,0.9600478884635149
2021-06-21 00:00:00-04:00,119.51272322906476,120.99992784761416,118.91565304746868,120.81396484375,27414000.0,0.014066607504022558,0.8586570046452454,-0.004234509580404944,-0.00568128195952633,0.010362684296685328,0.1645025133846219,0.00808907252678284,0.12841004545819357,0.010986990108977981,0.1744130609128931,61.1043531667819,2.0842748001454794,1.6930085495722174,1.0285830062809074,119.50841275726111,0.010806301143889882,119.52170524597167,121.98101860489834,117.06239188704501,0.04115258151421919,0.7627277229816529,119.78734259567308,118.82528911138476,0.9620534842883188,1.1688927805790765,-0.2068392962907577,1.0509108919266132,1.5014630611767685
2021-06-22 00:00:00-04:00,120.75198899495656,121.39666231815684,120.07161525109758,121.32772827148438,22390000.0,0.004243500506516936,0.1726834927512576,0.0016663293696046466,-0.0014529248031197595,0.00991842872067157,0.15745017474850498,0.00786917964396088,0.12491935416007373,0.010970075147041061,0.1741445442165658,63.140950128539465,1.3250470670592591,1.6667255865355777,0.8381435812201933,119.66189851599431,0.013730000381797185,119.71019744873047,122.11298509993652,117.30740979752441,0.040143408037316475,0.8365946262338254,120.02432500733636,119.01065497509585,1.0136700322405119,1.1378482309113638,-0.12417819867085189,1.3463785049353048,1.6122826447003935
2021-06-23 00:00:00-04:00,121.0926665813496,122.08645184131146,120.8357945739492,121.12589263916016,19148000.0,-0.0016649425831689426,-0.2396377306193005,-0.003044892143036604,-0.003337919407303991,0.006388201441043068,0.10140955402790643,0.007790391419770231,0.12366862987538056,0.01097430589684871,0.17421170528766805,61.772531955054156,1.2506572673622571,1.6370064208803405,0.7161771966308105,119.82778185527975,0.010717037914820886,119.94565086364746,121.86358371973154,118.02771800756338,0.03198003166057864,0.8076858951992839,120.19379695069387,119.16733924650802,1.0264577041858445,1.11557012556626,-0.08911242138041553,1.2307435807971367,1.4836087307446135
2021-06-24 00:00:00-04:00,121.69419186972272,122.04677701360374,121.29747683144916,121.49583435058594,21362000.0,0.0030495372587654194,0.0870046973356036,-6.938423905289426e-05,0.0018605701067646585,0.006131316982097432,0.09733163966362122,0.007361056293465882,0.11685314603554568,0.01085910775790462,0.1723829915248069,63.34076729502302,0.9208843744435882,1.5858548461348583,0.8036386071568303,119.94680827162018,0.012749622958231753,120.08556938171387,122.02823548938203,118.14290327404571,0.032354697032630816,0.8629715274553417,120.39411039683111,119.3398203653286,1.0542900315025037,1.1033141067535088,-0.04902407525100516,1.451886109821364,1.5460687061857576
2021-06-25 00:00:00-04:00,120.99993398696203,121.62774832820789,120.5685022175003,121.50426483154295,34594000.0,6.938664625044846e-05,-0.11885993733068607,0.0,0.0034319097734543114,0.00612024149028965,0.09715582168179449,0.006197332017436677,0.09837959586141391,0.01056909243336452,0.16777914097402213,63.37763836858564,1.0592461107075906,1.548239936461482,1.2770780112520488,120.10265932722331,0.011535442860897714,120.22590942382813,122.15181174295186,118.30000710470439,0.03203805782552945,0.8318847988864939,120.56490338678678,119.50014958504818,1.064753801738604,1.095602045750528,-0.030848244011923986,1.3275391955459752,1.4888057875645229
2021-06-26 00:00:00-04:00,120.99993398696203,121.62774832820789,120.5685022175003,121.50426483154295,34594000.0,0.0,-0.1237037980254475,0.0,0.0005226327169209899,0.0024285573143551075,0.03855215219070316,0.006197332017436677,0.09837959586141391,0.01056909243336452,0.16777914097402213,63.37763836858565,1.0592461107075906,1.5133118060504898,1.253623818635125,120.25278581369993,0.010299877288901024,120.36624946594239,122.23129436913493,118.50120456274985,0.03098949932340053,0.8050906076450325,120.70942053213389,119.64860256627001,1.0608179658638761,1.0886452297731977,-0.027827263909321553,1.2203624305801286,1.435089324759856
2021-06-27 00:00:00-04:00,120.99993398696203,121.62774832820789,120.5685022175003,121.50426483154295,34594000.0,0.0,-0.1237037980254475,-0.0002245535671686616,-0.02194683087219329,0.0017068767872691238,0.027095828986458004,0.006197332017436677,0.09837959586141391,0.01056909243336452,0.16777914097402213,63.37763836858564,1.0592461107075906,1.4808785420974255,1.2302757220232654,120.37790795600716,0.009270101564726184,120.48494338989258,122.32074642470691,118.64914035507825,0.030473567620372684,0.7776227684342691,120.83170427050452,119.7860590303643,1.0456452401402174,1.0800452318466016,-0.03439999170638419,1.1104910737370783,1.3867913392062499
2021-06-28 00:00:00-04:00,121.67288132884134,121.77851462630449,120.41032128479314,121.53155517578124,28526000.0,0.00022457878309585752,-0.11561043021825465,0.002155125771871491,-0.021727156215457177,0.001334084478585789,0.02117793454973563,0.00617244930235283,0.09798459500507832,0.010560865832841299,0.16764854773930263,63.52595744926033,1.3681933415113434,1.4728295991984197,1.006804737904649,120.49753602772584,0.008508235960280476,120.61457290649415,122.35436061594243,118.87478519704587,0.028848714836424306,0.7635328046942814,120.93937364054709,119.91535504113592,1.0240185994111641,1.0688399053595141,-0.04482130594834999,1.054131218777123,1.3604911817540786
2021-06-29 00:00:00-04:00,121.66494274006068,122.0125716067318,120.69347211365788,121.27020263671876,23108000.0,-0.0021528068194836035,-0.2786052830300243,0.0014989284457302965,-0.023830923350249056,0.0009998461226327878,0.015872065138911276,0.006184869487390347,0.09818175933015835,0.010503254263401924,0.16673399242704234,60.97893424791109,1.3190994930739208,1.4618488773323841,0.8082122309077873,120.56288023833378,0.005832614962340487,120.70757865905762,122.37356375443501,119.04159356368022,0.027603653621170246,0.6688562458398514,120.99027040918888,120.0157141222902,0.9745562868986752,1.0499831816673464,-0.07542689476867115,0.6754249833594043,1.2367160825434866
2021-06-30 00:00:00-04:00,120.99447687115276,121.2548296268427,120.35972373185534,121.08869934082033,24474000.0,-0.0014978061738177826,-0.2268015602301688,-0.002899326828454174,-0.025291940986187367,0.0010701511673896667,0.016988123124951078,0.006165750958011676,0.09787826208514289,0.009864944218703741,0.15660113460128686,59.2036311878706,0.9104789048634245,1.4224653078703156,0.8581346423562413,120.57656074890414,0.00422944993797234,120.72409210205078,122.39872439764538,119.04945980645617,0.027743133395097333,0.6088618796283549,121.00541332174757,120.09519450884798,0.9102188128995863,1.0220303079137945,-0.11181149501420817,0.43544751851341845,1.1439602011640713
2021-07-01 00:00:00-04:00,120.72718855138434,121.58212203987888,120.5352779876302,121.4407958984375,18110000.0,0.0029035380181965747,0.08707969010883965,-0.02245772644652566,-0.02968155609020895,0.0019560399238730836,0.031051171158491358,0.005702851855529379,0.09052996664144393,0.009714464460218813,0.15421234249148577,61.5426513130545,1.0468440522486873,1.3956352181830565,0.6393058360044621,120.60661214564739,0.00686905702996009,120.77043342590332,122.47166707864369,119.06919977316295,0.028173015604587258,0.6970224582185847,121.07239525662294,120.19486868585462,0.8775265707683246,0.9931295604847006,-0.11560298971637595,0.7880898328743364,1.2137317329585107
2021-07-02 00:00:00-04:00,122.14051324667714,124.3760345221276,122.05075521661516,124.2307357788086,25982000.0,0.02271374145570381,1.4832109212740632,0.0,-0.009618514629489372,0.010401715565654784,0.16512211557091264,0.0074827630585098896,0.11878518103462936,0.009869996150655676,0.15668133153479832,74.17668814116811,2.935238623690097,1.5056068900049882,0.9107288073806119,120.7752070903631,0.027815408697232757,120.95627174377441,123.24880569925517,118.66373778829364,0.037906822398380675,1.2141582411911327,121.55829379849766,120.4938218038512,1.0644719946464534,1.0073980473170512,0.057073947329402186,2.8566329647645348,1.9635691911751219
2021-07-03 00:00:00-04:00,122.14051324667714,124.3760345221276,122.05075521661516,124.2307357788086,25982000.0,0.0,-0.11985227222966177,0.0,0.0017073693034144188,0.010424918431599848,0.1654904496488803,0.0074827630585098896,0.11878518103462936,0.009869996150655676,0.15668133153479832,74.17668814116811,2.3252793055124386,1.5641549196840918,0.9043508527671423,120.94144064956703,0.026477305383573662,121.14211006164551,123.84884231039365,118.43537781289737,0.044686892895802556,1.0705451136867286,121.96943871854549,120.77063024644065,1.1988084721048438,1.0456801322746099,0.15312833983023388,2.282180454746914,1.8710746030579548
2021-07-04 00:00:00-04:00,122.14051324667714,124.3760345221276,122.05075521661516,124.2307357788086,25982000.0,0.0,-0.11985227222966177,0.0,-0.00207935233589307,0.010127169012356323,0.1607638241508866,0.0074827630585098896,0.11878518103462936,0.009869996150655676,0.15668133153479832,74.17668814116811,2.3252793055124386,1.6185209472432593,0.8982789498067363,121.07006298844922,0.025441955008516672,121.28155784606933,124.32030033073306,118.2428153614056,0.050110545059464086,0.9852628920718862,122.3173305739706,121.0269343599494,1.2903962140212002,1.094623348623928,0.19577286539727212,1.9410515682875493,1.7861821521669672
2021-07-05 00:00:00-04:00,122.14051324667714,124.3760345221276,122.05075521661516,124.2307357788086,25982000.0,0.0,-0.1296524398179837,-0.007389787469163744,-0.00207935233589307,0.009913319101225506,0.1573690620544142,0.007349836790052791,0.1166750419403576,0.009846436910314876,0.15630734018868217,74.17668814116811,2.3252793055124386,1.6690036871196292,0.8914675486872624,121.23483623555265,0.02411560653226839,121.47188529968261,124.7517878940181,118.19198270534713,0.05400266220028861,0.920568965049545,122.61170060548415,121.2642529835686,1.3474476219155491,1.1451882032822525,0.20225941863329666,1.682275860198179,1.707257797451415
2021-07-06 00:00:00-04:00,124.61854399160694,125.39165718962542,123.56128023411472,125.15560913085938,26404000.0,0.007417227214752672,0.39981324101396043,-0.002245319594932571,0.0053499702765809065,0.009866030811169988,0.15661838372193987,0.007135970079653026,0.1132800131637581,0.009643394712767605,0.1530841452265094,77.47607358139402,1.830376955510701,1.680530349147563,0.9060524744525047,121.47842156665914,0.029380924991987127,121.74054069519043,125.3056243851189,118.17545700526196,0.05856855357418855,0.9789604863017201,123.00307114784957,121.55250158707162,1.45056956077795,1.206264474781392,0.2443050859965581,1.9158419452068793,1.86845757248232
2021-07-07 00:00:00-04:00,126.11961963968088,126.24061363873932,125.11888803471057,125.437255859375,24060000.0,0.0022478441045694544,0.014987948896006834,0.011435880113072505,-0.003949594178198734,0.0032165720088395975,0.05106149765712618,0.0069438666424924975,0.11023046563939322,0.00964056354765302,0.15303920187362688,78.38190156150348,1.1217256040287538,1.6406157244962194,0.8281502235592562,121.67494161662735,0.029993594940928067,121.97512664794922,125.86699974668934,118.0832535492091,0.0638142087767294,0.9447895812104637,123.37756110346886,121.84026116279779,1.5372999406710761,1.2724715679593288,0.2648283727117473,1.7791583248418577,1.8506868712366507
2021-07-08 00:00:00-04:00,123.00933654007592,124.56596723994672,123.00537150808182,124.01898956298828,23790000.0,-0.011370984724702339,-0.9864036960683533,-0.0037802673269147213,-0.01804201089688684,0.006869958663882213,0.10905721285155545,0.00740531007928507,0.11755565310664981,0.00971337407741667,0.1541950332011158,64.34810575321512,2.431884351293178,1.6971349121245736,0.8515771538208216,121.98509712436079,0.016399846876630868,122.21975517272949,125.97018224911152,118.46932809634747,0.061371863674275225,0.739870600549642,123.4762424049334,122.00164845170079,1.4745939532326133,1.3128960450139857,0.16169790821862762,0.9594824021985695,1.4239895484428329
2021-07-09 00:00:00-04:00,124.00013909575392,124.70381872081973,123.53051741103474,124.48959350585938,18632000.0,0.0037874305958591485,0.15398532654143873,0.0,-0.021199006772323226,0.0071211909825311245,0.11304540227023838,0.006597701526058505,0.10473526477549285,0.009697420248205605,0.15394177401380574,66.49193953815765,1.1733013097849891,1.6597182262431747,0.701447922235357,122.3210907051931,0.017419149180242198,122.48791389465332,126.07024910061838,118.90557868868825,0.058492876432626344,0.7793819528492189,123.63214257430664,122.18594067793477,1.4462018963718748,1.3395572152855635,0.10664468108631131,1.1175278113968772,1.4899482656050012
2021-07-10 00:00:00-04:00,124.00013909575392,124.70381872081973,123.53051741103474,124.48959350585938,18632000.0,0.0,-0.13193232838665908,0.0,-0.011704300250110045,0.0071211909825311245,0.11304540227023838,0.006597701526058505,0.10473526477549285,0.009697420248205605,0.15394177401380574,66.49193953815765,1.1733013097849891,1.6249741607818757,0.7397173257106558,122.69374637740064,0.014425680716631197,122.75607261657714,126.07194316343711,119.44020206971717,0.054023731391553004,0.7613975522843955,123.76405810223784,122.3565816281514,1.4074764740864367,1.3531410670457382,0.0543354070406985,1.04559020913758,1.4437250496263345
2021-07-11 00:00:00-04:00,124.00013909575392,124.70381872081973,123.53051741103474,124.48959350585938,18632000.0,0.0,-0.13193232838665908,-0.011474627034940177,-0.011431865856542989,0.005979188217343714,0.09491667039083451,0.006597701526058505,0.10473526477549285,0.009697420248205605,0.15394177401380574,66.49193953815765,1.1733013097849891,1.5927118142820982,0.7528415404321,122.8654561395738,0.013046370548307214,122.93985404968262,126.2096210723183,119.67008702704695,0.0531929543582229,0.7369801036967377,123.87567893356422,122.51458250798163,1.3610964255825877,1.3547321387531082,0.006364286829479537,0.9479204147869515,1.4332813402228197
2021-07-12 00:00:00-04:00,125.14368334235166,126.0278778164032,124.58132987577834,125.93464660644533,17668000.0,0.011540968552116067,0.7366617120642615,-0.0028742148615151786,4.325754256462311e-05,0.008272025952952719,0.13131434106110987,0.0063882961587525,0.10141105762492988,0.009151054451312953,0.14526848587310823,72.77132689130892,1.5382843105438297,1.5888241354436503,0.7207662935282791,123.0462926497546,0.02293534015080879,123.17019996643066,126.60662056203698,119.73377937082434,0.055799545613190504,0.9022276323726476,124.19244319093055,122.7679205893493,1.4245226015812449,1.3686902313187357,0.0558323702625092,1.608910529490593,1.7855280183459532
2021-07-13 00:00:00-04:00,125.99713556323267,127.00777981268853,125.63612092477612,126.2976531982422,19240000.0,0.0028783533488870583,0.08650741244876954,-0.0069831147215876355,0.002925882017657866,0.004730917890431891,0.07510099326689462,0.006370998638392657,0.10113646800190858,0.009040264907674364,0.14350975639110394,74.08513610847893,1.3716588879124032,1.5733123320485614,0.7847487906548003,123.24885898296237,0.024139753495611743,123.42878799438476,126.99344201396947,119.86413397480005,0.05776049619391673,0.902404439266124,124.51632165359388,123.02938226408212,1.486939389511761,1.3923400629573408,0.09459932655442027,1.6096177570644965,1.8196413290768365
2021-07-14 00:00:00-04:00,126.90909397847128,128.26638333995623,126.86594777508958,127.18580627441406,23742000.0,0.007007610772963816,0.430308190058945,0.00970034418426935,0.02937121437969492,0.004968973563634655,0.07888000992379009,0.00640853542289875,0.10173234598282943,0.008009695210615425,0.1271499696282812,77.00819096789243,1.9687301417140333,1.6015564613103808,0.9636959945446575,123.51456159127868,0.028865207452586066,123.71328659057617,127.52786222040703,119.89871096074532,0.061668002442696886,0.9551646134214757,124.92701159525852,123.3372655241067,1.589746071151822,1.4318212645962372,0.15792480655558494,1.8206584536859005,1.9842519863343595
2021-07-15 00:00:00-04:00,127.59444156322093,127.64501842152563,125.49280814322164,125.9639129638672,24218000.0,-0.009653597905835393,-0.8710555523881922,0.0002756608104599323,0.006302946376927521,0.008000861704878938,0.12700974207197957,0.006916127494233819,0.10979012031215393,0.008036112712430661,0.12756933446865748,65.98160526123766,2.152210278303997,1.6408888768099248,1.0041629349520682,123.78171627841098,0.01732398298933587,123.93626899719239,127.72845787314131,120.14408012124346,0.06119578887815044,0.7673448017759185,125.08653488273679,123.53183200112599,1.554702881610794,1.4563975879991486,0.0983052936116453,1.0693792071036745,1.6079009720534372
2021-07-16 00:00:00-04:00,126.61651932695658,126.7638005858177,125.11939443436252,125.92919921875,20424000.0,-0.0002756228229995422,-0.1358043340483766,0.0,-0.004539516226403473,0.008022062177844366,0.12734628914684037,0.006920652280596501,0.10986194906886206,0.00762930447146388,0.12111145384731903,65.6938114422106,1.6444061514551862,1.6411401107131578,0.8724812145704021,124.0436792477828,0.014972857626862873,124.15751571655274,127.86771311877281,120.44731831433266,0.059765973582949675,0.7387586575767018,125.21617554981574,123.70941475798703,1.506760791828711,1.466470228765061,0.040290563063649865,0.9550346303068075,1.5529266255485235
2021-07-17 00:00:00-04:00,126.61651932695658,126.7638005858177,125.11939443436252,125.92919921875,20424000.0,0.0,-0.1141811690894135,0.0,-0.011302477746987227,0.006137162882548195,0.09742444045631297,0.006920652280596501,0.10986194906886206,0.00762930447146388,0.12111145384731903,65.6938114422106,1.6444061514551862,1.6413733993375883,0.8997119018880558,124.32199427514428,0.012762766328831074,124.37876243591309,127.94782696270559,120.80969790912059,0.0573902562928536,0.7172049245955046,125.32587149888256,123.87384323656207,1.4520282623204963,1.463581835476148,-0.011553573155651753,0.8688196983820183,1.5258562072042676
2021-07-18 00:00:00-04:00,126.61651932695658,126.7638005858177,125.11939443436252,125.92919921875,20424000.0,0.0,-0.1141811690894135,0.019200935409287245,-0.04544592856681029,0.0059301637470355805,0.09413843105128256,0.006920652280596501,0.10986194906886206,0.00762930447146388,0.12111145384731903,65.6938114422106,1.6444061514551862,1.6415900244888453,0.9160592944764638,124.57412053272233,0.010760639267417063,124.59864463806153,127.96525636475378,121.23203291136927,0.05403929932739969,0.6976103407083062,125.41869114809295,124.02609182783524,1.3925993202577018,1.4493853324324588,-0.056786012174756983,0.7904413628332246,1.4992987535943776
2021-07-19 00:00:00-04:00,125.055900433714,125.17045503188194,122.49258334163494,123.55679321289062,27968000.0,-0.019018923623102875,-1.5919089186629467,-0.012927098488260791,-0.06342896844981494,0.008476266335560218,0.1345565566214466,0.008268919894633395,0.13126503391388628,0.008053971773346949,0.12785283827165939,47.871105656165696,3.4366158771150594,1.769806156819289,1.2408989063158595,124.68037055881058,-0.009093610449924922,124.71297416687011,127.74203889570916,121.68390943803107,0.04857657752249668,0.30915215462849854,125.13224531190798,123.99132896746897,1.140916344439006,1.3876915348337682,-0.24677519039476215,-0.7633913814860069,0.7913564823798369
2021-07-20 00:00:00-04:00,124.49852570882304,126.0016057985081,123.3311794114217,125.17494201660156,26312000.0,0.013011380562276076,0.9009320344322964,-0.010501860496028637,-0.051163262494805295,0.011436737003551557,0.1815525715286847,0.008652582441425903,0.13735548803098224,0.00801203996589456,0.1271871914644046,56.533167779977646,2.670426387086394,1.8341361732669395,1.1626838235294117,124.90333552095551,0.002169815230352029,124.91728630065919,127.42309154758765,122.41148105373072,0.04011943136352358,0.551411760003736,125.13881403570699,124.07900400814546,1.0598100275615252,1.3221152333793196,-0.2623052058177944,0.20564704001494385,1.243911356500253
2021-07-21 00:00:00-04:00,125.09956240900132,126.55007557282694,124.99046349148196,126.5034637451172,20746000.0,0.010557394179817634,0.707027249619609,-0.006793802095435009,-0.048390327352273665,0.012632634550489163,0.2005368565449393,0.008840965328220938,0.14034597364930282,0.008084247712140237,0.12833345390019568,62.10121552211745,1.55961208134498,1.8145273095582282,0.9114233246347014,125.11399805072472,0.010983617786087025,125.17041969299316,127.16904963299363,123.1717897529927,0.031934540842837006,0.8334894633179878,125.34876014484702,124.25859361829151,1.0901665265555067,1.275725492014557,-0.18555896545905037,1.3339578532719543,1.6147932685564232
2021-07-22 00:00:00-04:00,126.79602416530378,127.4297860202273,126.4538510284207,127.36878204345705,14302000.0,0.0068169850287269984,0.4120374778180227,-0.03453376796375296,-0.026372166826969745,0.012875406244716335,0.20439073771468477,0.008900168956762489,0.14128580211630434,0.007920380615707504,0.12573214438883218,65.22581152146091,0.9759349918065965,1.7546278582902544,0.6448674824827985,125.23843745746869,0.01672579851836457,125.32732200622559,127.50043048674354,123.15421352570763,0.03467892628249098,0.9697096476161383,125.65953274463317,124.48897794608155,1.1705547985516205,1.25469135332197,-0.08413655477034943,1.8788385904645504,1.8455805809190973
2021-07-23 00:00:00-04:00,129.36131958948965,132.3054917449223,128.73649417322727,131.9246368408203,41506000.0,0.03514415231219761,2.589664644924561,0.0,-0.0226240410294255,0.019309339507780954,0.30652626191101656,0.010582243806065424,0.16798791254341644,0.008915705859578966,0.14153244280228383,76.303192659005,4.9367097014652614,1.9819194185170408,1.808193636078486,125.89996530533303,0.045667524124069624,125.71201705932617,129.31884270023102,122.10519141842131,0.05738235254315765,1.361230954864729,126.62339491327734,125.03976749383997,1.583627419437363,1.3204785665450487,0.26314885289231427,3.4449238194589085,2.993398894362856
2021-07-24 00:00:00-04:00,129.36131958948965,132.3054917449223,128.73649417322727,131.9246368408203,41506000.0,0.0,-0.12448054473377494,0.0,-0.020345882264692916,0.013261819700814404,0.21052486116319158,0.010582243806065424,0.16798791254341644,0.008915705859578966,0.14153244280228383,76.303192659005,3.5689975716950357,2.0952821437440403,1.7490497501116702,126.51821755835253,0.04098111931125603,126.09671211242676,130.5744066051498,121.61901761970374,0.07102000389559325,1.1507729298933709,127.43897059443779,125.54975781583852,1.8892127785992727,1.4342254089558937,0.45498736964337905,2.6030917195734897,2.7652573188491196
2021-07-25 00:00:00-04:00,129.36131958948965,132.3054917449223,128.73649417322727,131.9246368408203,41506000.0,0.0,-0.12448054473377494,-0.007610094129862688,-0.01270358004896388,0.01450346568818849,0.23023538015703005,0.010582243806065424,0.16798791254341644,0.008915705859578966,0.14153244280228383,76.303192659005,3.5689975716950357,2.2005475314548257,1.6936523740349618,127.09730619973823,0.036591578015156646,126.48140716552734,131.56511356607007,121.39770076498462,0.08038661989093199,1.035360349951746,128.12907309388126,126.02197107694828,2.107102016932984,1.5688007305513119,0.5383012863816723,2.141441399806983,2.569491766390916
2021-07-26 00:00:00-04:00,132.2355886482273,133.13663460885186,131.2169991619108,132.93629455566406,30572000.0,0.007639198648972105,0.4632544836450151,0.016186810784784234,-0.005132545070211325,0.014559373411664769,0.23112288775314602,0.010610225993918386,0.16843211600460703,0.008281741431752974,0.13146856950575023,78.22681507827596,1.9196354469410721,2.1804823825609865,1.2369715802421182,127.56215803469007,0.04042640528635837,126.87044143676758,132.66772235384173,121.07316051969342,0.09138899260413669,1.0231636353028313,128.86864562646323,126.53414318648278,2.3345024399804544,1.7219410724371405,0.6125613675433139,2.0926545412113207,2.6377668101391185
2021-07-27 00:00:00-04:00,133.14999766536482,133.29727889774745,129.03748857228877,130.81875610351562,54710000.0,-0.01605720113714047,-1.3594012876727484,-0.03081706146907559,-0.02097976044240424,0.018764628221848004,0.29787923831756385,0.011356795056994832,0.18028353246921563,0.008588246538830597,0.13633418723914192,66.12670629459963,4.259790325458681,2.3290043784822503,2.0843731069769924,127.99894607075329,0.021555089780329703,127.1395164489746,133.15226350859317,121.12676938935606,0.09458502324934787,0.8059533037112676,129.16866262293283,126.8515219210778,2.317140701855024,1.8409809983207173,0.4761597035343068,1.2238132148450742,2.0072510498152334
2021-07-28 00:00:00-04:00,135.19460884795575,137.16333785236336,134.1685888131194,134.9783935546875,95130000.0,0.031301893856573546,2.254735629954496,0.0023308929832199787,0.009191158854493509,0.01725735442161579,0.2739520085189777,0.013022362935007605,0.20672360285073182,0.009337648709163041,0.1482305778871722,74.47804970254617,6.34458174884773,2.615831333508356,3.190707939372189,129.27120103972226,0.042282267292305054,127.68748664855957,134.4532243825381,120.92174891458102,0.10597338723723514,1.038810931845016,130.0624673816643,127.4535124124563,2.608954969208,1.994575792498174,0.6143791767098259,2.1552437273800615,2.8062739722171344
2021-07-29 00:00:00-04:00,135.0339491373532,135.54076195696248,134.4319301471159,134.6645050048828,31716000.0,-0.0023281806661001486,-0.3096373316575604,0.007801020867850728,0.0010874810255148137,0.017442137197630575,0.27688534415039734,0.012650554874411583,0.20082133286801396,0.009275259471607681,0.1472401794448217,73.0151433232067,1.1088318098465777,2.5081885103896577,1.040930260035643,129.6981034551852,0.03687981142111312,128.19623222351075,135.4612610320218,120.93120341499969,0.1133423140836846,0.9451649781343201,130.77047316985178,127.9876600118953,2.7828131579564825,2.1522232655898357,0.6305898923666469,1.7806599125372822,2.5549667097868816
2021-07-30 00:00:00-04:00,133.92808941978942,134.1953809902093,133.15448447715994,133.6221160888672,25576000.0,-0.0077707502305580526,-0.727992718414464,0.0,-0.0029526384630659264,0.018228504909016372,0.28936854457066435,0.012905542196092705,0.20486913111187002,0.00934218920674349,0.14830265605173035,68.222708759869,1.5100205277228724,2.4368907973420306,0.8299557698735401,130.0183995090254,0.02696946198221484,128.65285835266113,136.08308047509055,121.2226362302317,0.11550807681337048,0.8343949652060525,131.20918746508494,128.40502712870804,2.8041603363768957,2.282610679747248,0.5215496566296478,1.3375798608242102,2.201345743087685
2021-07-31 00:00:00-04:00,133.92808941978942,134.1953809902093,133.15448447715994,133.6221160888672,25576000.0,0.0,-0.13342042293818285,0.0,-0.011192520659579985,0.018014934629212227,0.2859782214838869,0.012905542196092705,0.20486913111187002,0.00934218920674349,0.14830265605173035,68.222708759869,1.040896513049347,2.337176919892553,0.820708974980185,130.33155852732096,0.02462584531558977,129.10948448181153,136.58477083188126,121.63419813174183,0.1157976329945428,0.8018367053600268,131.58040725335914,128.7914781627939,2.788929090565233,2.383874361910845,0.4050547286543882,1.2073468214401097,2.088831142103088
2021-08-01 00:00:00-04:00,133.92808941978942,134.1953809902093,133.15448447715994,133.6221160888672,25576000.0,0.0,-0.13342042293818285,-0.0009493028254337066,-0.007455537549255653,0.015457202331858209,0.24537548000942702,0.012905542196092705,0.20486913111187002,0.00934218920674349,0.14830265605173035,68.222708759869,1.040896513049347,2.2445854622608956,0.8104262849863905,130.58797583857293,0.02270687172979929,129.4938579559326,137.071650200835,121.91606571103024,0.11703709140368859,0.7723918787633477,131.89451630497578,129.1493031943549,2.745213110620881,2.456142111652852,0.2890709989680289,1.0895675150533937,1.9922572371859877
2021-08-02 00:00:00-04:00,134.00942969336194,134.22712811804664,132.69727646334016,133.74908447265625,21634000.0,0.0009497536987270364,-0.06261917769197149,-0.005717697775331709,-0.006512416979661206,0.0035343149183448656,0.05610550997355642,0.01277661048156482,0.2028224035953703,0.009339470110029807,0.14825949172955952,68.53687890177943,1.5298516547064764,2.1935330474355803,0.682925905348755,130.8262031982087,0.021853467528184116,129.8664295196533,137.5149447407027,122.21791429860392,0.11779049057311469,0.7538175607154137,132.17983448461894,129.49002773348832,2.689806751130618,2.5028750395484054,0.18693171158221267,1.0152702428616545,1.9380145129654516
2021-08-03 00:00:00-04:00,134.02726631580427,134.61937271017896,132.22665752851483,134.51821899414062,20762000.0,0.005734106385465346,0.3094913499795365,0.0037338073403687666,-0.0007992892989761025,0.004845882304486654,0.0769259967621616,0.012791928251489988,0.20306556565454287,0.009293153589948814,0.1475242397671901,70.44320325251768,2.39271518166413,2.2077603427376196,0.6584965143643711,131.08482520769806,0.02552363398888085,130.23305015563966,138.04180596567858,122.42429434560076,0.11991972545689097,0.7743823051165181,132.53958594762227,129.86248634538848,2.6770996022337954,2.5377199520854834,0.139379650148312,1.097529220466074,1.9959295008222655
2021-08-04 00:00:00-04:00,134.23998507371272,134.53752887274624,133.38455232663114,134.017822265625,19676000.0,-0.0037268539846933924,-0.41644900743608426,-0.008264283638254044,-0.013055701667693542,0.0033883134350592846,0.05378780827863522,0.012838283772254848,0.20380143673357515,0.009285332824331265,0.14740008896187315,67.57456938741339,1.1529765461150987,2.1324186429788683,0.6285800084977781,131.37510404157428,0.019719155104705583,130.63574562072753,138.34759384604638,122.9238973954087,0.11806643256292979,0.7192779568582361,132.7670069196227,130.17028900614673,2.5967179134759704,2.549519544363581,0.04719836911238939,0.8771118274329467,1.8128309739021118
2021-08-05 00:00:00-04:00,134.56829449236173,135.23231626590845,133.74063191754414,135.13461303710938,17870000.0,0.008298622149950828,0.5048659565346755,0.0037792828112677146,-0.004060596314335196,0.0047749540542553846,0.0758000456959162,0.012584314198898832,0.19976979474351197,0.009192333850336009,0.14592377601761947,70.46531821967176,1.4916843483643163,2.0866519076492573,0.5732230726296408,131.66124979140196,0.025702987322379026,131.0960163116455,138.72347517395457,123.46855744933647,0.11636446441174561,0.7647406428778337,133.13125401462065,130.53801671214396,2.5932373024766946,2.5582630959862036,0.03497420649049099,1.0589625715113373,1.941640731011343
2021-08-06 00:00:00-04:00,134.92684860507694,135.35381597219683,134.1016679203012,134.62582397460938,20488000.0,-0.003772159264275322,-0.4176501559149497,0.0,-0.003966033297249094,0.005467341727101177,0.0867913592550965,0.012657551998752452,0.20093240877340518,0.008960424919494702,0.14224233587069363,67.51235200362049,1.252148051895631,2.027044489381141,0.6571342429549231,131.94640396642617,0.019902719471477797,131.53084754943848,138.9054567696423,124.15623832923464,0.11213505208246977,0.7098400289937907,133.36118785461892,130.84081725010435,2.520370604514568,2.5506845976918764,-0.03031399317730843,0.8393601159751625,1.7644979654878823
2021-08-07 00:00:00-04:00,134.92684860507694,135.35381597219683,134.1016679203012,134.62582397460938,20488000.0,0.0,-0.12759432864825224,0.0,-0.010608982866501027,0.0055074459751527135,0.08742799445626617,0.012657551998752452,0.20093240877340518,0.008960424919494702,0.14224233587069363,67.51235200362049,1.252148051895631,1.9716947438464618,0.6570668035021328,132.23149961264374,0.017785030325364642,131.96567878723144,138.96563279325093,124.96572478121195,0.10608749290496258,0.6900116190113812,133.55574725769438,131.12118811858622,2.43455913910816,2.5274595059751332,-0.09290036686697345,0.7600464760455244,1.6944194586173709
2021-08-08 00:00:00-04:00,134.92684860507694,135.35381597219683,134.1016679203012,134.62582397460938,20488000.0,0.0,-0.12759432864825224,-0.008578208973706203,-0.014441605514492029,0.004920820075125547,0.07811559699165824,0.012657551998752452,0.20093240877340518,0.008960424919494702,0.14224233587069363,67.51235200362049,1.252148051895631,1.9202985515642597,0.6650436589086896,132.70488083463266,0.014268756790220327,132.51913032531738,138.37687886218757,126.66138178844719,0.08840608178593042,0.6798211066958509,133.72037444491207,131.38079077458792,2.3395836703241457,2.4898843388449357,-0.15030066852078994,0.7192844267834039,1.628497684022728
2021-08-09 00:00:00-04:00,134.8281306553872,136.05945443864798,134.23006169786746,135.79066467285156,17760000.0,0.00861521358245655,0.5288458229060586,0.0007744911603198013,-0.0059141291767615956,0.005540250177010237,0.087948745016704,0.011628970821475038,0.18460418878349671,0.008996971075742696,0.14282248811553863,70.98877023560962,1.82939274078052,1.9138052793654212,0.5846066742595312,133.1211683043437,0.019658909358307008,133.04991645812987,137.95145095090206,128.1483819653577,0.07367963277623964,0.7795806312046977,134.03888063382584,131.70744810038522,2.331432533440619,2.4581939777640724,-0.12676144432345327,1.1183225248187911,1.766406008809171
2021-08-10 00:00:00-04:00,136.21618040832792,136.64316290986423,135.2466997947702,135.68557739257812,19414000.0,-0.0007741913968072,-0.1899122745022174,0.003874590213625684,-0.0066834440687296715,0.00462977682536395,0.07349542863385879,0.01151275299372712,0.18275928796269794,0.00899207292093025,0.14274473231843768,70.25833801918995,1.3964631150940363,1.8768522676317507,0.6404555171412737,133.4297447750503,0.016625441412988537,133.50902214050294,137.45588089703693,129.56216338396894,0.05912497437634413,0.7757325998139555,134.2922185967108,132.00212434425137,2.2900942524594257,2.424574032703143,-0.13447978024371743,1.1029303992558188,1.674837131888661
2021-08-11 00:00:00-04:00,136.05697875437372,136.55386377128605,135.15443470909557,135.16188049316406,15352000.0,-0.0038671033218243564,-0.42475560743636603,-0.006669400634240152,-0.014681058884525644,0.004653422376720409,0.07387079012487195,0.011522198722037857,0.18290923425107047,0.009019885608589651,0.1431862450474722,66.58162934644469,1.3994290621904781,1.8427506101002313,0.5055770896385019,133.61626629226194,0.011435281865439073,133.89867706298827,136.6511618665751,131.14619225940143,0.0411129499403795,0.729466013496183,134.42601273462668,132.23618035528196,2.189832379344722,2.377625702031459,-0.18779332268673699,0.917864053984736,1.5197627537775291
2021-08-12 00:00:00-04:00,134.86086429616063,136.1745155860973,134.31538491071916,136.0693817138672,16506000.0,0.006691740470933372,0.3941678108440903,-0.0038737188650600496,0.003896505517216209,0.0052868681233128375,0.08392642961208319,0.011520239375080494,0.18287813058238284,0.008962680414469822,0.14227814074341877,69.5548763393856,1.8591306753781396,1.843920614762939,0.5669184243335978,133.8063792142661,0.01663123967418213,134.1059143066406,136.85672273138704,131.3551058818942,0.04102441624545429,0.8568891583948764,134.6788387314329,132.52012119665864,2.1587175347742686,2.333844068580021,-0.17512653380575216,1.4275566335795105,1.6168321164724657
2021-08-13 00:00:00-04:00,136.124946779393,136.72648152836254,135.9097302737802,136.59852600097656,15948000.0,0.0038812411464022225,0.17463718455099378,0.0,0.016821859011922013,0.005179206651046975,0.08221735672369189,0.008900764489704154,0.1412952559086715,0.008951890700557002,0.14210685934503364,71.16576571331441,0.8167512545823286,1.7705513747500383,0.5728983310222937,134.02664539556662,0.018828026046134334,134.33960876464843,137.1042683661427,131.57494916315417,0.04115926236375613,0.9085344241126861,134.97417523443963,132.82222525623774,2.151949978201884,2.2974652505043935,-0.1455152723025095,1.6341376964507521,1.6407791824152635
2021-08-14 00:00:00-04:00,136.124946779393,136.72648152836254,135.9097302737802,136.59852600097656,15948000.0,0.0,-0.12729344374219514,0.0,0.015090766733548477,0.004134014450100522,0.06562544490788051,0.008900764489704154,0.1412952559086715,0.008951890700557002,0.14210685934503364,71.16576571331441,0.8167512545823286,1.702422794738059,0.600463111127845,134.26810761994653,0.017060347935331076,134.57330322265625,137.26771199781183,131.87889444750067,0.0400437339447273,0.8758195113143834,135.22407535236837,133.1019512373295,2.122124115038872,2.2623970234112893,-0.14027290837241724,1.5032780452575325,1.5784668651994715
2021-08-15 00:00:00-04:00,136.124946779393,136.72648152836254,135.9097302737802,136.59852600097656,15948000.0,0.0,-0.12729344374219514,-0.004208031834656234,0.0021685371246256135,0.0040559878798413305,0.06438681150451374,0.008900764489704154,0.1412952559086715,0.008951890700557002,0.14210685934503364,71.16576571331441,0.8167512545823286,1.6391605418697925,0.6174622410301878,134.4188757722096,0.015956616023451022,134.75641479492188,137.48001019513657,132.0328193947072,0.04042249720519169,0.8381763689844451,135.4355292983081,133.36095677537745,2.0745725229306515,2.224832123315162,-0.15025960038451025,1.3527054759377766,1.5227261743105072
2021-08-16 00:00:00-04:00,136.39769644559638,137.22834050741238,134.18994510794082,137.17576599121094,22384000.0,0.004216910517223707,0.19835930169193103,0.012059218508153613,0.0064035151549075575,0.0029102223199760826,0.046198347111396934,0.008816708196844264,0.1399609036264478,0.00892708748449766,0.14171312049658788,73.10469011372052,3.0383953994715682,1.739105888841348,0.9245002478110028,134.95305877596056,0.016203351949154,135.07426528930665,137.3015077216809,132.8470228569324,0.03297804252503422,0.9717718806353902,135.70325802029313,133.64353523580957,2.0597227844835686,2.1918102555488432,-0.13208747106527463,1.8870875225415624,1.5617832497054718
2021-08-17 00:00:00-04:00,136.62082272063034,137.1320999211298,134.96649653381414,135.54124450683594,21716000.0,-0.011987085465665894,-1.0577127425333315,0.00895159155117864,-0.0055883126696706364,0.006586194346598212,0.10455259396463049,0.00844862604737193,0.1341177806491724,0.00900489001541468,0.14294819738565498,60.665000013533636,2.2092694573968004,1.7726890008810232,1.0571872276827659,134.97828343027015,0.004153430039794211,135.10240783691407,137.338754961372,132.86606071245615,0.033105955108623665,0.5981146140334187,135.67833286437664,133.78410629292264,1.8942265714539985,2.1322935187298744,-0.23806694727587585,0.39245845613367414,1.2435973905057742
2021-08-18 00:00:00-04:00,135.38107897385382,135.98063113741676,134.21224206544025,134.3386993408203,19258000.0,-0.008911763561663988,-0.8248679237247278,-0.0017024538399043054,-0.03279375057058331,0.00680504716294205,0.10802677471926182,0.005412990800775555,0.08592856504759495,0.009062087916159868,0.14385618591097535,53.457737487227604,1.7683890719765145,1.7723818631021298,0.966844726484055,134.97234592059309,-0.004716783643745105,135.08611755371095,137.34056879982532,132.83166630759658,0.03337798564264739,0.3342350019369816,135.47223539921413,133.8251872594336,1.6470481397805372,2.035244442940007,-0.38819630315946974,-0.6630599922520751,1.0057256823318885
2021-08-19 00:00:00-04:00,133.33350458588953,135.234782779033,133.1495240793781,134.5677947998047,21782000.0,0.0017039046613143178,0.00023484648728645393,-0.01273012230276227,-0.03951175283780728,0.0070520754666657,0.11194822746994326,0.005406210816653714,0.08582093613631882,0.009027403857691862,0.14330559355198672,54.56517882389442,2.0852586996549007,1.7947302085701848,1.1040768018166427,135.03753406188775,-0.0034907257177090095,135.1334014892578,137.29637981005786,132.97042316845776,0.03201248983541634,0.36925280664766197,135.33309069161268,133.880195225387,1.4528954662256695,1.9187746475971397,-0.4658791813714702,-0.5229887734093497,1.0161324425629086
2021-08-20 00:00:00-04:00,134.8851617373076,136.42642391817594,134.14130974243275,136.30294799804688,31194000.0,0.01281184460709517,0.8626507595741318,0.0,-0.03272487393831469,0.01008712372551622,0.16012812492993167,0.0057859134756394395,0.09184852898327597,0.008919894417230784,0.1415989340936764,61.94991376098091,2.285114175743189,1.829757634796828,1.5589517031824724,135.22662842759854,0.00789652451584361,135.2674430847168,137.36743154411943,133.16745462531418,0.031049429360284722,0.74655014380999,135.48229950798716,134.05965839373218,1.4226411142549864,1.8195479409287092,-0.3969068266737228,0.9862005752399632,1.2829501580483749
2021-08-21 00:00:00-04:00,134.8851617373076,136.42642391817594,134.14130974243275,136.30294799804688,31194000.0,0.0,-0.13518406995817048,0.0,-0.028358413838007968,0.009772507464373201,0.15513374661752338,0.0057859134756394395,0.09184852898327597,0.008919894417230784,0.1415989340936764,61.94991376098091,2.285114175743189,1.8622831020072825,1.5373697050343758,135.4104871798618,0.006547626674940734,135.40148468017577,137.3990145380231,133.40395482232844,0.02950528736912418,0.7256445164836193,135.6085531218425,134.2258279940518,1.3827251277907067,1.732183378301109,-0.34945825051040225,0.9025780659344829,1.242626950685951
2021-08-22 00:00:00-04:00,134.8851617373076,136.42642391817594,134.14130974243275,136.30294799804688,31194000.0,0.0,-0.13518406995817048,-0.01865163377158896,-0.045655034115609006,0.007748955606240194,0.12301085672754783,0.0057859134756394395,0.09184852898327597,0.008919894417230784,0.1415989340936764,61.94991376098091,2.285114175743189,1.8924853215598474,1.5019861809952573,135.56404234496796,0.005421054085268238,135.5291778564453,137.40473784322538,133.65361786966523,0.027677582295477347,0.7062770977882631,135.715383102797,134.37968873508848,1.335694367708527,1.6528855761825927,-0.3171912084740658,0.8251083911530549,1.205017783894386
2021-08-23 00:00:00-04:00,136.83851809316022,139.71970367913292,136.47948600587455,138.89353942871094,28454000.0,0.018827769071925914,1.320189865896417,-0.00863640942840882,-0.027516630457949942,0.008648316288366743,0.1372877649506854,0.006978812509904134,0.11078521408651697,0.009041924580736146,0.14353610288417887,70.79994662626122,3.4167556810860447,2.0013617758117186,1.3451456287730876,135.83929962269724,0.02198979029965126,135.74794387817383,138.0897342201066,133.40615353624105,0.034502037747759985,1.1716219411727773,136.2043302298607,134.71404804572717,1.4902821841335196,1.6203648977727783,-0.1300827136392586,2.686487764691124,1.6123270011106652
2021-08-24 00:00:00-04:00,139.4588501005937,140.91531805934204,139.18809294920172,140.10353088378906,19268000.0,0.008673919335746454,0.5287486703648525,-0.005754002479490206,-0.019044698846217734,0.008198001864457762,0.1301392450859945,0.007090326831413333,0.11255544906052962,0.009075134945463595,0.14406330108029033,73.85832183019966,2.021778630631104,2.002820122584532,0.9117623398808482,136.1184939433862,0.02844351541509908,136.05222930908204,138.96047310637965,133.14398551178442,0.04275187274867356,1.1965202811524187,136.80420725354196,135.11326899669473,1.6909382568472324,1.6344795695876693,0.056458687259563156,2.786081124609685,1.760307338850782
2021-08-25 00:00:00-04:00,140.46407912749785,141.02395074867366,140.21712723901703,140.9143524169922,15848000.0,0.005770620529284477,0.3004820386046392,0.0045141862771609365,-0.017369696155873138,0.007771945023006604,0.12337580240484985,0.0070134593147788355,0.11133521506304563,0.009071300677895527,0.1440024339696192,75.69538275110658,0.9204198648845932,1.925505818463108,0.7535327792464672,136.34098466421787,0.032454946386446554,136.34121627807616,139.9336906212548,132.7487419348975,0.05269828803421531,1.136488350654396,137.43653727868815,135.54297887967974,1.8935583990084126,1.686295335471818,0.20726306353659463,2.545953402617582,1.83106361031151
2021-08-26 00:00:00-04:00,140.58805446280763,141.2500786299819,140.19827061437374,140.28109741210938,20610000.0,-0.004504027898026142,-0.5007623170914917,-0.017801440905718224,-0.022508811917201665,0.008913266722714882,0.14149372270494773,0.007030540794332969,0.11160637514459726,0.009112428603572463,0.14465531954930594,71.47104836948476,1.0518080156081737,1.8630988325448983,0.9796698308275145,136.61750238227341,0.02611609901420482,136.62397994995118,140.52496169597242,132.72299820392993,0.05710537414369385,0.9687432164849562,137.8741619145991,135.89395062282267,1.9802112917764418,1.7450785267327427,0.23513276504369918,1.8749728659398264,1.660834742617445
2021-08-27 00:00:00-04:00,140.49133697664018,143.3278934785733,140.3371093469741,142.8235626220703,28780000.0,0.017961792396719103,1.2381430247776957,0.0,-0.008342665351531942,0.009607212484776702,0.15250977016364436,0.007736623973815135,0.12281509813161083,0.009318842684453611,0.14793204149998687,77.01680052221026,3.046796066463912,1.947648634967685,1.341581089207218,137.12890656951112,0.039871964737555214,137.03386688232422,141.69876221771685,132.3689715469316,0.06808383126776299,1.1205600901503179,138.635608177287,136.40725521535953,2.2283529619274702,1.8417334137716883,0.3866195481557819,2.482240360601277,2.0199248142385344
2021-08-28 00:00:00-04:00,140.49133697664018,143.3278934785733,140.3371093469741,142.8235626220703,28780000.0,0.0,-0.15787460718625376,0.0,0.005003821342007164,0.008598567810744634,0.13649803235133243,0.007736623973815135,0.12281509813161083,0.009318842684453611,0.14793204149998687,77.01680052221026,2.9907841315991845,2.0221583132985064,1.3161444923605998,137.6209181427039,0.036427073963511684,137.44375381469726,142.62931454659866,132.25819308279586,0.07545720468159822,1.018729707886424,139.2799088610998,136.88253724548625,2.397371615613565,1.9528610541400637,0.44451056147350143,2.0749188315456943,1.9432389401899761
2021-08-29 00:00:00-04:00,140.49133697664018,143.3278934785733,140.3371093469741,142.8235626220703,28780000.0,0.0,-0.15787460718625376,-0.004056305633617141,0.0018401152619429428,0.008692901652285135,0.13799553566093364,0.007736623973815135,0.12281509813161083,0.009318842684453611,0.14793204149998687,77.01680052221026,2.9907841315991845,2.091345871748555,1.2837955383867357,138.0273732739623,0.03358121909337435,137.7953987121582,143.44227482871798,132.14852259559842,0.08196030011648765,0.9452164175486989,139.8250863627876,137.32261319930728,2.5024731634803175,2.0627834760081143,0.43968968747220316,1.780865670194799,1.8763045390305868
2021-08-30 00:00:00-04:00,143.2163138187646,144.77395084299167,142.98125704674328,143.40525817871094,24434000.0,0.004064554756178811,0.1582685772869595,-0.0007393812822555912,0.005920435993433726,0.008631722371014408,0.13702434467914157,0.007629016889416787,0.12110688862385023,0.009315838428756652,0.14788435041929285,78.22628936997741,1.9503882209213543,2.081277468118041,1.0778643868912916,138.41748233307814,0.03478098299169097,138.18138275146484,144.25988240311622,132.10288309981345,0.08797856166462406,0.9297010550808287,140.3758820267758,137.77317949407794,2.6027025326978617,2.170767287346064,0.4319352453517977,1.7188042203233171,1.9067148370056888
2021-08-31 00:00:00-04:00,143.9571917138558,143.98148131585134,143.0982932268432,143.51136779785156,22448000.0,0.0007396547594066634,-0.10307842660574072,-0.003567073461435366,0.0066647450634402805,0.007681723634994237,0.12194358227113114,0.007602665025146987,0.1206885657472053,0.009299014152432845,0.1476172733124443,78.44908201455793,0.8831880890081436,1.9956996553244768,0.9749953308981615,138.77434838927152,0.033007973384049615,138.5988571166992,144.94516811088874,132.25254612250967,0.09157811436851879,0.8870367120087623,140.85826445309516,138.19823047954264,2.6600339735525154,2.268620624587354,0.3914133489651612,1.54814684803505,1.844737060391099
2021-09-01 00:00:00-04:00,143.8113826192152,145.0551009489579,143.69583676431287,144.02511596679688,21936000.0,0.0035734506377292155,0.11779534956106412,0.013458768696820389,0.010268446829049704,0.0019874736514285778,0.031550166113840934,0.0074547089815726955,0.11833983636960563,0.009284266172966177,0.14738315639638735,79.54062532434887,1.5437331511063235,1.9634163335946089,0.9416532161131907,139.1173997851059,0.03407541905970333,138.99664382934571,145.66456790124124,132.3287197574502,0.095943670123174,0.8770642919169961,141.34547237828005,138.62985162674667,2.715620751533379,2.358020649976559,0.35760010155682,1.5082571676679812,1.8519022767538094
2021-09-02 00:00:00-04:00,144.02564581736442,144.32665531830855,142.0112884210009,142.11245727539062,32342000.0,-0.013369003987480312,-1.1922348308641622,-0.0031479542792580695,-0.006885860590753468,0.007134157430146721,0.11325123824491126,0.008208497400360035,0.1303058565532371,0.009503783161210226,0.1508678805530732,66.11467746443833,2.315366897307655,1.988555659574112,1.3411625177794642,139.40153355397925,0.019075904909293426,139.2723403930664,145.9786281997295,132.5660525864033,0.09630466161099971,0.7117502979444449,141.4634700547586,138.8878224155351,2.57564763922349,2.401546047825945,0.174101591397545,0.8470011917777795,1.481583626200782
2021-09-03 00:00:00-04:00,141.90763889729274,142.9733244158988,141.23320515681905,142.5612335205078,19850000.0,0.003152919510281835,0.08903009325957797,0.0,0.0003375896973576431,0.007379574043365064,0.11714710620198805,0.00820199465676573,0.13020262869889618,0.009145352794383341,0.14517797487532766,67.50081244982789,1.7401192590797336,1.9708102023959424,0.8165364047716989,139.62247639394405,0.020613999009352072,139.57047576904296,146.30636155449722,132.8345899835887,0.0965230755048883,0.7220018158505016,141.63235674179694,139.15992694182938,2.472429799967557,2.4157227982542677,0.05670700171328935,0.888007263402008,1.505405957705979
2021-09-04 00:00:00-04:00,141.90763889729274,142.9733244158988,141.23320515681905,142.5612335205078,19850000.0,0.0,-0.15566944678327005,0.0,0.0013827450227181792,0.00698245614513711,0.11084305500268511,0.00820199465676573,0.13020262869889618,0.009145352794383341,0.14517797487532766,67.5008124498279,1.7401192590797336,1.9543322778733563,0.8100354620058682,139.83990111334805,0.019088866867641777,139.86861114501954,146.57841857343692,133.15880371660216,0.09594443490198767,0.7006482603423516,141.7752608615986,139.41187557728702,2.3633852843115903,2.4052552954657322,-0.041870011154141906,0.8025930413694066,1.4549367559347717
2021-09-05 00:00:00-04:00,141.90763889729274,142.9733244158988,141.23320515681905,142.5612335205078,19850000.0,0.0,-0.15566944678327005,0.0,0.020326495112686027,0.006939304749951863,0.1101580478403713,0.00820199465676573,0.13020262869889618,0.009145352794383341,0.14517797487532766,67.5008124498279,1.7401192590797336,1.9390313479595263,0.8142453975650575,140.07300182720957,0.017453774997957684,140.13788452148438,146.82488427213562,133.45088477083314,0.09543457536104111,0.6811985261990944,141.89617973220004,139.64516135085893,2.2510183813411118,2.3744079126408084,-0.12338953129969665,0.7247941047963762,1.407088569821894
2021-09-06 00:00:00-04:00,141.90763889729274,142.9733244158988,141.23320515681905,142.5612335205078,19850000.0,0.0,-0.14944677057738223,-0.003749710227853198,0.020326495112686027,0.00647683357526137,0.10281654553976959,0.008197512455758171,0.13013147596374297,0.009145352794383341,0.14517797487532766,67.50081244982789,1.7401192590797336,1.9248233416109697,0.8173736159208733,140.37730990311044,0.01531919697568558,140.48888397216797,146.89086303408712,134.08690491024882,0.09113858521628566,0.6618522591448938,141.998495699632,139.86116669675883,2.137329002873173,2.3269921306872816,-0.18966312781410855,0.6474090365795758,1.3673554094392648
2021-09-07 00:00:00-04:00,142.65546562838,143.37997686078998,142.44173224208836,143.09780883789062,20124000.0,0.003756758014871792,0.13981949590087336,0.004102683800619733,0.024166823927394443,0.001904298001909056,0.030229793611251395,0.007565922646742585,0.12010529857219483,0.009123173586516398,0.14482589086557363,69.50683568634591,0.9382446187016171,1.8543534328317304,0.8271814011607833,140.72883092950778,0.016554955855868896,140.92683944702148,146.72749210658313,135.12618678745983,0.08232147520405131,0.6871314762564326,142.16762079782563,140.10091796647228,2.0667028313533535,2.2749342708204963,-0.20823143946714273,0.7485259050257301,1.4153844893289624
2021-09-08 00:00:00-04:00,142.91878162510545,143.216310341674,141.8277925519912,142.51312255859375,18344000.0,-0.0040942907416492294,-0.4770567342857937,0.0010448026107632291,0.009544460105670005,0.002777303629022741,0.04408832830626818,0.007267086341074496,0.11536141928710456,0.00915674230430504,0.14535877774017397,64.81224820462313,1.388517789682794,1.821079458321092,0.759381532920746,141.0743502195977,0.010095718297130846,141.32410583496093,146.32407209148306,136.3241395784388,0.07075885924742543,0.6189024747998872,142.22077491486687,140.27959978811091,1.941175126755951,2.2081824420075873,-0.26700731525163635,0.475609899199548,1.2811926440092147
2021-09-09 00:00:00-04:00,142.66142436593762,143.12757293783594,142.00386461498047,142.3643798828125,15314000.0,-0.0010442571843910765,-0.23517754981558248,0.018917591883948592,0.006990984239012565,0.00281002899695411,0.04460782741692512,0.007312656015942927,0.1160848154492722,0.00900421527037362,0.1429374861401929,63.634746331207374,1.1237083228554638,1.7712672343592615,0.6554949170679508,141.43517340881445,0.006526959024180967,141.6271774291992,146.04678668644442,137.207568171954,0.062411880791094894,0.5834013156711504,142.2428679868585,140.434027943274,1.808840043584496,2.128313962322969,-0.3194739187384732,0.3336052626846011,1.2239549746276148
2021-09-10 00:00:00-04:00,143.030327736573,143.53219172169224,139.58432216189144,139.72119140625,36840000.0,-0.01874087941382883,-1.6071931952572243,0.0,-0.024603786512241155,0.008691995133133254,0.1379811451155261,0.008301853938326704,0.1317878456495677,0.009379274242263655,0.14889136273982048,47.21793699492267,3.9478695598008073,1.9267388290336578,1.5580592773041007,141.64019003506846,-0.01373448515221161,141.79808959960937,145.56728992583237,138.02888927338637,0.053162921120671905,0.2244908715901862,141.85491774368796,140.3812252368278,1.473692506860175,1.9973896712304104,-0.5236971643702355,-1.1020365136392534,0.7375630277592723
2021-09-11 00:00:00-04:00,143.030327736573,143.53219172169224,139.58432216189144,139.72119140625,36840000.0,0.0,-0.14680100479529615,0.0,-0.01903791717522041,0.008691995133133254,0.1379811451155261,0.008301853938326704,0.1317878456495677,0.009379274242263655,0.14889136273982048,47.21793699492267,3.9478695598008073,2.0711053098027397,1.539676768183357,141.84036895064364,-0.015167187762033652,141.96900177001953,144.90750633798095,139.03049720205811,0.0413964250128574,0.11752477973363394,141.52665215331288,140.33233384197018,1.1943183113426983,1.8367753992528681,-0.6424570879101699,-1.5299008810654646,0.7115919758353839
2021-09-12 00:00:00-04:00,143.030327736573,143.53219172169224,139.58432216189144,139.72119140625,36840000.0,0.0,-0.14680100479529615,-0.010233217747723566,0.0005395642183039229,0.007984811220873748,0.12675494853737984,0.008301853938326704,0.1317878456495677,0.009379274242263655,0.14889136273982048,47.21793699492267,3.9478695598008073,2.205159899088316,1.513160056517596,141.85223638583244,-0.015252124306514576,142.0103843688965,144.78528220995713,139.23548652783586,0.03908021027324818,0.08751761438332649,141.24888896145706,140.28706403191686,0.9618249295401995,1.6617853053103344,-0.6999603757701349,-1.649929542466696,0.6855216735218961
2021-09-13 00:00:00-04:00,140.7859002496474,141.77820242843924,140.09214075232128,141.165771484375,22094000.0,0.010285937087841795,0.6486117160384411,-0.00148717477698046,0.01088416196542119,0.010488858109659438,0.16650546057121154,0.0075710188375196176,0.12018619809277345,0.009359632868399699,0.14857956559591043,55.121150139542706,2.0570110221892435,2.194577836452668,0.9022488841336671,141.89006619851506,-0.005130809731877721,142.0634963989258,144.72298343260218,139.4040093652494,0.03744082190133249,0.3312221674362127,141.2361016572906,140.3521534728397,0.883948184450901,1.506217881138448,-0.622269696687547,-0.6751113302551522,0.925717804777433
2021-09-14 00:00:00-04:00,141.82332937621524,142.18782475783476,140.5880403778888,141.3760223388672,19674000.0,0.0014882817190027598,-0.036812944428548565,-0.013051381258666894,0.012389762484661615,0.010601051521562046,0.16828647577101633,0.007355375206808787,0.116762961580718,0.009358717524972077,0.1485650349694682,56.15026798484506,1.5997843799459588,2.1520925895593312,0.7971959965962965,141.90090499489025,-0.003712670984369361,142.08657989501953,144.71186465459542,139.46129513544363,0.03695331060140344,0.3646703841248964,141.25762791599468,140.42799561106395,0.8296323049307261,1.3709007658969037,-0.5412684609661775,-0.541318463500417,0.9409641865080056
2021-09-15 00:00:00-04:00,141.60116132377672,143.2663989340108,140.18883824930154,143.24557495117188,27408000.0,0.013137298916554616,0.8668707637054861,0.005706265064448601,0.041162194304082966,0.006254745478762918,0.09929100630487388,0.007785858473043442,0.12359667157690823,0.009445297398307772,0.14993944784980653,64.04544563040028,3.0775606847092547,2.2181974534986115,1.095491808193006,142.0412767707135,0.008407227803503805,142.23480377197265,144.76386294870431,139.705744595241,0.03556174873747764,0.6998314607460979,141.56346592140653,140.6367051918127,0.9267607295938376,1.2820727586362906,-0.35531202904245296,0.7993258429843887,1.2757704977460012
2021-09-16 00:00:00-04:00,142.77052431927007,143.1171619764454,141.23422561732042,142.4328155517578,26190000.0,-0.005690046004873669,-0.5994485544533754,0.019957429279171546,0.03292030067134166,0.007731231072821303,0.12272948848236158,0.007830289231347869,0.12430198799912141,0.009380160000758642,0.14890542372001686,59.06641743354809,2.011349333851456,2.203422587809529,1.0522551769026172,142.0166482418488,0.0029218499142691255,142.21526641845702,144.7311780575597,139.69935477935434,0.03538173787474847,0.5432346529821658,141.69721201838365,140.76975040366048,0.9274616147231711,1.2111505298536667,-0.28368891513049554,0.17293861192866386,1.0940581265093607
2021-09-17 00:00:00-04:00,141.858059023679,142.27411498980177,139.31854675119118,139.64584350585938,53384000.0,-0.019760890424396382,-1.691695688627467,0.0,0.0036820637630705644,0.013260989088936746,0.21051167560840578,0.00800331548477944,0.12704869462031246,0.009767966992628394,0.15506166886309333,45.891594745915384,3.1142688005666344,2.2684830315778934,2.04382915511723,141.7299171359191,-0.014923993279988135,142.05638046264647,144.80146674940434,139.3112941758886,0.03864784218516231,0.060936031698642,141.38161686261068,140.6864980408604,0.6951188217502704,1.1079441882329875,-0.41282536648271706,-1.756255873205434,0.5037535484739812
2021-09-18 00:00:00-04:00,141.858059023679,142.27411498980177,139.31854675119118,139.64584350585938,53384000.0,0.0,-0.13984139201847853,0.0,-0.0029457877653553677,0.011981604166267902,0.1902020695893616,0.00800331548477944,0.12704869462031246,0.009767966992628394,0.15506166886309333,45.891594745915384,2.9555682386105957,2.317560546365944,1.9518972716436682,141.4689804860011,-0.01305543318992684,141.89749450683593,144.81787097656562,138.97711803710624,0.04116177639188689,0.11449302438994027,141.11457480772586,140.60941251974924,0.5051622879766171,0.9873878081817135,-0.48222552020509635,-1.5420279024402448,0.4803517917502089
2021-09-19 00:00:00-04:00,141.858059023679,142.27411498980177,139.31854675119118,139.64584350585938,53384000.0,0.0,-0.13984139201847853,0.014998005345474574,-0.009949692783370656,0.011886262059270134,0.18868856056182756,0.00800331548477944,0.12704869462031246,0.009767966992628394,0.15506166886309333,45.89159474591538,2.9555682386105957,2.363132524383419,1.8537849034458092,141.2178504257323,-0.011257097815496197,141.70952377319335,144.70428287779654,138.71476466859016,0.04226616567276472,0.15545137434227466,140.88861614590024,140.5380370372389,0.3505791086613499,0.8600260682776407,-0.5094469596162908,-1.3781945026309077,0.45548798355676184
2021-09-20 00:00:00-04:00,137.02895758765368,137.86058517975945,135.20454353336754,137.58238220214844,46518000.0,-0.01488664731494727,-1.3173237061255902,-0.002254957603632257,-0.024579061237025468,0.008931091054818834,0.141776675205145,0.008451153488910314,0.13415790253975532,0.009640034022756339,0.15303079592648908,38.04442660961891,4.441299972491834,2.511573056391163,1.5505586517692862,140.8501942485737,-0.02375167513543921,141.4130744934082,144.8043877648157,138.02176122200072,0.04796322099008696,-0.0647800696498216,140.37996476993843,140.319099642047,0.06086512789141807,0.7001938802003962,-0.6393287523089781,-2.2591202785992874,-0.10167192064280982
2021-09-21 00:00:00-04:00,138.60394429145057,138.86380522550456,137.1445098358899,137.89332580566406,25332000.0,0.0022575038490331655,0.030926314561252034,-0.008913875635867208,-0.02237455731153082,0.010091810085286205,0.160202518584965,0.008481956054589186,0.13464687811092949,0.009531228602368476,0.15130356342463633,39.71722284152019,1.7192953896146719,2.454981794478557,0.839625330619875,140.61064237654145,-0.01970593250254155,141.10648498535156,144.61033864532996,137.60263132537315,0.049662546130918694,0.04148210920040268,139.99740492928083,140.13941269120383,-0.14200776192299713,0.5317535517757176,-0.6737613136987147,-1.834071563198396,-0.04726738300019356
2021-09-22 00:00:00-04:00,138.16208194134197,139.73209820488628,137.41574800022835,139.133544921875,25056000.0,0.008953841905463892,0.5588682782609071,-0.006603536884555172,-0.005589503211131608,0.008720354185238418,0.1384313311112528,0.008733148459841515,0.1386344339240844,0.009508863244179556,0.15094852437013176,45.9819613648309,2.3163502046579367,2.4450795380627985,0.8406276525432543,140.4670790169787,-0.009584562054050163,140.9575393676758,144.5338509354148,137.3812277999368,0.05074310439557961,0.24498943796527892,139.86450338967992,140.06490396754987,-0.20040057786994225,0.38532272584658567,-0.5857233037165279,-1.0200422481388862,0.25891744128670746
2021-09-23 00:00:00-04:00,139.83179860304818,140.534986416547,139.25060362210317,140.0584259033203,20952000.0,0.006625436698308711,0.3703948748825371,-0.0070245979928390545,0.039652332761001,0.009341247624822939,0.1482877089021257,0.008477277273281018,0.13457260476024788,0.009507169622506783,0.15092163895956462,50.143054856497294,1.4014414946720137,2.370533963534885,0.7016415841186281,140.38313943790266,-0.0023184148507172813,140.8323989868164,144.34705668004938,137.31774129358342,0.04991262974313163,0.3898935328771456,139.89433762254768,140.06442411094028,-0.17008648839259877,0.2742408829987488,-0.4443273713913476,-0.4404258684914173,0.48706601055934323
2021-09-24 00:00:00-04:00,139.38648419130865,141.16380230179908,139.09142223509036,141.0492401123047,22984000.0,0.0070493866363677445,0.4010636093791961,0.0,0.05851367039307154,0.00975284641817097,0.15482163718492467,0.008607314674599648,0.13663688451040507,0.008510627838027683,0.1351020285626673,54.21225437395463,2.0723800667087175,2.3492372566187307,0.7656713782684447,140.3366249855568,0.005052243643287274,140.75679931640624,144.17870195285545,137.33489667995704,0.048621489733609705,0.5427307300890798,140.07201492866415,140.13737344437467,-0.06535851571052831,0.20632100325689343,-0.2716795189674217,0.17092292035631962,0.7388541819349304
2021-09-25 00:00:00-04:00,139.38648419130865,141.16380230179908,139.09142223509036,141.0492401123047,22984000.0,0.0,-0.15647815671447302,0.0,0.0638784952128475,0.003707883139398828,0.05886082006403244,0.008607314674599648,0.13663688451040507,0.008510627838027683,0.1351020285626673,54.21225437395463,2.0723800667087175,2.32946174305373,0.7616951893633098,140.2905936392917,0.005378593123996601,140.6811996459961,144.0005200099199,137.36187928207227,0.04718925303845023,0.5554391299961076,140.22235726460883,140.20491912348058,0.017438141128252482,0.16854443083116524,-0.15110628970291276,0.22175651998442936,0.7171539704611536
2021-09-26 00:00:00-04:00,139.38648419130865,141.16380230179908,139.09142223509036,141.0492401123047,22984000.0,0.0,-0.15647815671447302,0.0081022877015553,0.041540128599820925,0.004223453863553878,0.0670452515803109,0.008607314674599648,0.13663688451040507,0.008510627838027683,0.1351020285626673,54.21225437395463,2.0723800667087175,2.3110987661719435,0.7577600844007055,140.24503791157233,0.0057015706011039075,140.60559997558593,143.81156765721752,137.39963229395434,0.045602275900650614,0.5691897393820541,140.3495700104082,140.267461418949,0.08210859145918903,0.15125726295677,-0.06914867149758097,0.27675895752821683,0.6913379171882408
2021-09-27 00:00:00-04:00,139.6502945861861,140.77500156753678,138.91933644415815,139.9156036376953,21882000.0,-0.008069640395246597,-0.7912262226104417,0.03859216447287728,0.03316909534498036,0.006173041072761449,0.09799398906908503,0.008762251212770293,0.13909642580438583,0.008544858159731999,0.1356454180738314,48.54978033620846,2.1299036681465395,2.2981562591701294,0.7193435767963865,140.13882634444377,-0.0015954096680058864,140.44648971557618,143.44052783088256,137.4524516002698,0.04263599782906256,0.41134279901668197,140.28280595306776,140.24139787959686,0.04140807347090458,0.12928742505959692,-0.08787935158869234,-0.3546288039332713,0.330884709330791
2021-09-28 00:00:00-04:00,137.51843885926675,137.9563176889256,134.25044990663795,134.7165985107422,45772000.0,-0.037866108083117286,-3.098464221018926,0.01098992833237955,-0.005221557906369578,0.017650957919887723,0.2802002703485332,0.01182902275621662,0.187779914795238,0.009614162073463224,0.15262009146391672,32.02767748974438,5.665153731057359,2.5386560785906456,1.4397876115102481,139.67998243023501,-0.03684315054241108,140.0566635131836,143.84311158271626,136.27021544365093,0.054070230927302475,-0.20515492413718614,139.42646634655614,139.83215348190393,-0.4056871353477902,0.02229251297811949,-0.42797964832590973,-2.8206196965487527,-1.254443690510012
2021-09-29 00:00:00-04:00,135.85713198450668,136.02673545516842,132.7676762055498,133.25216674804688,30848000.0,-0.010929977904023523,-0.9975699999559079,0.005068262196164186,0.00519228035482322,0.015585919022101737,0.2474187941212333,0.011957632462916954,0.18982153059594625,0.008873211074219029,0.14085785899780706,29.030789718939033,3.259059249618616,2.5901134479497863,0.9472019651493053,139.31244712547888,-0.04547978862430645,139.6010528564453,144.30101137012463,134.901094342766,0.06733414136227735,-0.17541937763066165,138.47657410063164,139.3447470571738,-0.8681729565421676,-0.15580058092593793,-0.7123723756162297,-2.70167751052265,-1.6929943341486207
2021-09-30 00:00:00-04:00,133.1609261171282,134.4314160804283,132.46120397036233,132.58021545410156,37996000.0,-0.005055461787652668,-0.5203552763397159,-0.02099710325337245,-0.01725441955615492,0.014808246346730895,0.2350736231185842,0.01195351903092899,0.18975623188749546,0.008890376302797123,0.14113034855389833,27.747789410603943,1.9702121100659724,2.545834780958085,1.1646176433626665,138.89734594037213,-0.047647610653171114,139.2440040588379,144.8944105710047,133.5935975466711,0.0811583457450592,-0.08967337928585029,137.56944200116547,138.84367064213143,-1.2742286409659584,-0.37948619293394203,-0.8947424480320164,-2.358693517143404,-1.8742529084311361
2021-10-01 00:00:00-04:00,133.3453939422307,135.7882166913334,132.97396732571667,135.42372131347656,35360000.0,0.021220677572829867,1.5881923111088558,0.0,-0.007429242196941521,0.020994012196427925,0.33326961175923114,0.012553425298664286,0.1992794486537546,0.009238203246688042,0.14665193011083627,39.86020748163517,3.2080012372318265,2.5931323849776384,1.0862853403704307,138.66205912575955,-0.023912633480119353,139.0291305541992,144.9246620530382,133.13359905536024,0.08481001751702186,0.1942252584493295,137.2393311261364,138.59034106223106,-1.3510099360946697,-0.5737909415660876,-0.7772189945285821,-1.2230989662026814,-1.0391568022738846
2021-10-02 00:00:00-04:00,133.3453939422307,135.7882166913334,132.97396732571667,135.42372131347656,35360000.0,0.0,-0.11691968657631034,0.0,-0.01926391826603524,0.021308605484954352,0.33826362539265664,0.012553425298664286,0.1992794486537546,0.009238203246688042,0.14665193011083627,39.86020748163517,2.8142493656167176,2.608926455023287,1.0887604573040246,138.42570010229454,-0.022167303923579598,138.81425704956055,144.91332946334518,132.71518463577593,0.08787386171158323,0.22204496798390375,136.96000653957333,138.3557766363974,-1.3957700968240658,-0.7381867726176832,-0.6575833242063827,-1.111820128064384,-1.0495329199246928
2021-10-03 00:00:00-04:00,133.3453939422307,135.7882166913334,132.97396732571667,135.42372131347656,35360000.0,0.0,-0.11691968657631034,0.021573476539546332,-0.023196301781399864,0.012143493364600777,0.19277198094177997,0.012553425298664286,0.1992794486537546,0.009238203246688042,0.14665193011083627,39.86020748163517,2.8142493656167176,2.623592377208532,1.0669692160069522,138.17421233941715,-0.020310260265066854,138.52715454101562,144.70029339794738,132.35401568408386,0.08912532531813454,0.24863409851422327,136.72365496632767,138.13858735321807,-1.4149323868903991,-0.8735358954722263,-0.5413964914181728,-1.005463605943106,-1.0665904617617212
2021-10-04 00:00:00-04:00,134.845991044881,134.845991044881,129.97575169598792,132.56385803222656,51202000.0,-0.021344062732306976,-1.8128239564360689,-0.017375668296021995,-0.04382433505673855,0.015215779419049814,0.24154301008092396,0.012961075253347904,0.20575069106611224,0.009628259153435046,0.15284387567082253,32.92643457538311,5.4479696174886385,2.825333608657111,1.4748394158481435,137.6697710409669,-0.03851662952883497,138.0865463256836,144.64917499400505,131.52391765736215,0.09505094946531842,0.07923199890040436,136.0836862072352,137.72564444055203,-1.641958233316842,-1.0272203630411496,-0.6147378702756925,-1.6830720043983798,-1.8966585091378982
2021-10-05 00:00:00-04:00,132.9422266108893,136.09963269834668,132.9422266108893,134.90797424316406,32404000.0,0.01752839698143291,1.283085415659482,-0.011209344053910941,-0.026916356441990086,0.016974569096186835,0.26946293064595683,0.013690526275189015,0.2173303670504734,0.009856305224356779,0.15646399481756834,41.8546310561882,3.535774666120119,2.876079398475897,0.9267076197993526,137.32327822920416,-0.017903344851110514,137.6696662902832,143.90345226973528,131.43588031083112,0.09056150345142608,0.2784899853618426,135.90280744353194,137.5169281296344,-1.614120686102467,-1.1446004276534132,-0.4695202584490539,-0.8860400585526284,-1.1915951723301645
2021-10-06 00:00:00-04:00,133.64542025587158,136.62082849904496,133.44706273306846,136.43734741210938,24364000.0,0.011272642216070642,0.7901631297206495,-0.011923256831874007,-0.009711004501928744,0.014821984327262012,0.2352917067985937,0.013591563640721616,0.21575938393114222,0.00994446905638261,0.15786355226259324,46.82761962661607,3.1737657659764977,2.897342710440226,0.6985993032357959,137.10048056192286,-0.004860349181448789,137.3698928833008,143.2029953943945,131.5367903722071,0.08492548678114013,0.4200643680256044,135.9850443617746,137.4369591875955,-1.451914825820893,-1.2060633072869091,-0.2458515185339838,-0.3197425278975825,-0.7446025556572624
2021-10-07 00:00:00-04:00,137.75347740127893,138.89405973958108,137.51445558203253,138.08375549316406,25110000.0,0.011994908979454313,0.8536867852046796,-0.004009624595856742,0.020344637851758218,0.015476505170305176,0.24568190307019702,0.013916242379156655,0.22091349911847802,0.010003247125123127,0.15879662517718568,51.62427506342665,2.456712327471706,2.8658691116567603,0.7504079278460812,136.93433346004008,0.008324093076834705,137.29178848266602,143.0377581629105,131.54581880242154,0.08370449163418031,0.568915000824051,136.307922997373,137.484870025045,-1.1769470276720142,-1.2002400513639302,0.023293023691915993,0.275660003296204,-0.2625895210030328
2021-10-08 00:00:00-04:00,138.4328463076523,139.1806633910254,138.07629612988345,138.6396484375,26526000.0,0.004017684693080472,0.19229334567421855,0.0,0.016016036388269983,0.015327603077612384,0.2433181556284237,0.0133082423546297,0.21126179794636107,0.009999707740196054,0.15874043918331868,53.160665145259514,1.1043672611419595,2.740047550905703,0.82586888093926,136.77941522312364,0.013417757729059553,137.24147872924806,142.91786241717577,131.56509504132035,0.0827211093976357,0.6231567301577507,136.66664998816177,137.57040916670834,-0.9037591785465793,-1.14094387680046,0.23718469825388078,0.49262692063100266,-0.10580720179448544
2021-10-09 00:00:00-04:00,138.4328463076523,139.1806633910254,138.07629612988345,138.6396484375,26526000.0,0.0,-0.13923679089753221,0.0,-0.0096741617795566,0.006940541347519969,0.11017767821819376,0.0133082423546297,0.21126179794636107,0.009999707740196054,0.15874043918331868,53.160665145259514,1.1043672611419595,2.623213244494007,0.8619053808162205,136.61097737999745,0.014632690434274238,137.19116897583007,142.7952016037076,131.58713634795254,0.08169669621905229,0.6292354593426529,136.97018821113687,137.64961207565588,-0.6794238645190092,-1.0486398743441698,0.3692160098251607,0.5169418373706108,-0.12230399410473265
2021-10-10 00:00:00-04:00,138.4328463076523,139.1806633910254,138.07629612988345,138.6396484375,26526000.0,0.0,-0.13923679089753221,0.006273727769587678,-0.011194018074499157,0.005877824315819986,0.09330756833872834,0.0133082423546297,0.21126179794636107,0.009999707740196054,0.15874043918331868,53.160665145259514,1.1043672611419595,2.5147242456831465,0.8908397254201313,136.62545985429674,0.01452822916029882,137.24403228759766,142.88343814312262,131.6046264320727,0.08218070777325262,0.6237378711212145,137.22702824596198,137.72294810245916,-0.4959198564971814,-0.9380958707747722,0.4421760142775908,0.4949514844848584,-0.14240050467082135
2021-10-11 00:00:00-04:00,138.15019117218512,139.55854921153343,137.72072679461957,137.77528381347656,17954000.0,-0.006254129864759857,-0.6512680637840856,0.01806524283404487,-0.01735884120000253,0.006709848152271399,0.10651553727549824,0.012965502007751754,0.2058209636137187,0.009979728185091382,0.15842327357864264,50.07228138408557,1.8378224169138662,2.466374115056769,0.6105245260562782,136.60595183607532,0.008487240563295168,137.23813018798828,142.87492130259955,131.601339073377,0.08214613689198498,0.5476471111459069,137.31137525634884,137.72682482179377,-0.4154495654449306,-0.8335666097088039,0.4181170442638733,0.19058844458362742,-0.4304402901489154
2021-10-12 00:00:00-04:00,138.33665033617203,138.3634370023765,134.64714270868552,135.33050537109375,36332000.0,-0.01790400530264604,-1.611356281257069,-0.008234908129145402,-0.034795494967921115,0.008583149006537796,0.1362532664226607,0.013529367579152062,0.21477205206249803,0.010237561420894605,0.16251624930861705,42.54384480157368,3.7162942936909644,2.5556541278163545,1.2122263632208146,136.422991982276,-0.00807272985633578,137.04797821044923,142.6721178502654,131.42383857063305,0.08207548499810507,0.34731239359735966,137.00662604323267,137.54931967729746,-0.5426936340647899,-0.7753920145800012,0.2326983805152113,-0.6107504256105604,-1.2015106641585902
2021-10-13 00:00:00-04:00,136.27616018079524,136.86876589711346,135.3999033857459,136.45419311523438,19654000.0,0.008269002288956849,0.6374474056300998,-0.02528522901976049,-0.03639219705710839,0.009715336283055678,0.15422618224996767,0.013505248822875892,0.21438917867626447,0.010278515601328458,0.16316637676807572,46.523634472743105,1.5382605260197124,2.4829831562594515,0.6571837466227964,136.2966705520026,0.0011543988472288204,136.8677665710449,142.31390972583992,131.4216234162499,0.07958255316408691,0.4620306110163108,136.92163636200218,137.4681991912187,-0.5465628292165263,-0.7296261775073063,0.18306334829077997,-0.15187755593475646,-0.841330646708686
2021-10-14 00:00:00-04:00,138.33071736992292,140.17893699801598,137.68703522654903,139.9939727783203,31894000.0,0.02561039336758867,2.1604449700033563,-0.0015347032625884216,-0.014563330477336045,0.016317441683979774,0.2590313563716569,0.014625023539028167,0.23216505121640563,0.010738749017535642,0.17047235575403105,56.698748357065355,3.7247438827816097,2.5716803510110346,1.050807362965745,136.31098382140618,0.026308196587478256,136.81500320434571,142.10889287598982,131.5211135327016,0.07738756054023112,0.800248944646717,137.3943035029742,137.65529353100402,-0.2609900280298234,-0.6358989476118098,0.37490891958198636,1.200995778586866,0.271700988679229
2021-10-15 00:00:00-04:00,140.45363726334713,140.5562892000621,139.60118579773,140.2091522216797,30274000.0,0.0015358821259319959,0.029800722253211162,0.0,-0.0028285981309222885,0.016286117366283232,0.25853409824397394,0.014540980186350519,0.23083090435320672,0.010730729154883909,0.1703450443812788,57.23148285580359,0.9551034023320994,2.4562105689625393,0.9855972705134717,136.32581151534146,0.0276967704661563,136.77299880981445,141.9371713433129,131.608826276316,0.0755145032782288,0.8326915773607412,137.82735715200582,137.84446824883184,-0.01711109682602796,-0.5121413774546534,0.4950302806286254,1.330766309442962,0.3253245398717174
2021-10-16 00:00:00-04:00,140.45363726334713,140.5562892000621,139.60118579773,140.2091522216797,30274000.0,0.0,-0.10701678171536942,0.0,-0.003650778711348557,0.01569914053624242,0.24921612993810385,0.014540980186350519,0.23083090435320672,0.010730729154883909,0.1703450443812788,57.23148285580359,0.9551034023320994,2.3489886284889367,0.9740387183125327,136.34029142691267,0.027593496811464197,136.7309944152832,141.76062961183396,131.70135921873242,0.07356978888451031,0.8457664095381858,138.19378716272487,138.01963002459834,0.17415713812653166,-0.3748816743384164,0.5490388124649481,1.383065638152742,0.3037098857444792
2021-10-17 00:00:00-04:00,140.45363726334713,140.5562892000621,139.60118579773,140.2091522216797,30274000.0,0.0,-0.10701678171536942,-0.009875548414097879,0.027633695592852225,0.010906181746149216,0.17313026792149797,0.014540980186350519,0.23083090435320672,0.010730729154883909,0.1703450443812788,57.23148285580359,0.9551034023320994,2.249425398049163,0.9610641100934906,136.4020220500844,0.027153221535609586,136.74567184448242,141.81598546059985,131.67535822836498,0.0741568423735382,0.841544985125537,138.503843325641,138.18181685401177,0.32202647162921494,-0.23550004514489012,0.557526516774105,1.3661799405021473,0.27795602428100197
2021-10-18 00:00:00-04:00,139.92006032333015,141.62546275603327,139.9131139513097,141.60760498046875,20396000.0,0.009924635081546049,0.7720474451004284,-0.0032047533074628376,0.03788336299226902,0.010976099963970865,0.17424018522031154,0.014589379974665011,0.23159922717353665,0.010787299611733017,0.17124307254353507,61.11474243327146,1.7123488047235753,2.2110627842401924,0.6746560729300701,136.70521088116385,0.03461956792490815,137.09022216796876,142.50482887486612,131.6756154610714,0.07899333185503417,0.9171478241204067,138.9813451186914,138.43557893745304,0.5457661812383492,-0.07924679986824226,0.6250129811065914,1.6685912964816236,0.7166444376813222
2021-10-19 00:00:00-04:00,142.21214527418496,142.48490017104737,141.43110951586658,142.06288146972656,20164000.0,0.003209899527194866,0.17189898551044225,0.010355175992738719,0.041220216926260544,0.004126637400702463,0.0655083378791803,0.01163205199337958,0.18465310087113304,0.010672763682500077,0.16942487103394277,62.31440661985627,1.0537906551807907,2.1284004893073782,0.6789797120969778,137.06643922558035,0.0351706384697747,137.53075790405273,143.0629712030939,131.99854460501157,0.08045056078147501,0.9096121498478135,139.45542763423526,138.70426801391773,0.7511596203175372,0.08683448416891365,0.6643251361486235,1.638448599391255,0.8416030988928189
2021-10-20 00:00:00-04:00,142.163011218959,142.3693139266215,140.2175881873202,140.60687255859375,23288000.0,-0.010301928434244975,-1.0236397502561383,-0.0008245127957793308,0.0314447640265918,0.007302856194546231,0.11592924810742114,0.011596472039393534,0.18408828661169585,0.010694468204984073,0.16976941964685116,56.329167079725664,2.1517257393012983,2.1300665785926585,0.8040853391156028,137.50305841044664,0.02207441280548848,137.93209075927734,143.10507368251209,132.7591078360426,0.0750076779777487,0.7585337936553468,139.6325730072135,138.84520168389372,0.7873713233197748,0.2269418519990859,0.5604294713206889,1.0341351746213854,0.32565129777640545
2021-10-21 00:00:00-04:00,140.60685513194738,140.9906913207633,139.3482604608566,140.722900390625,26292000.0,0.0008248528934105217,-0.034760413299331085,0.03139910549007929,0.01850195082586925,0.00729617274449305,0.11582315162697732,0.011473778884589008,0.18214059316059952,0.010693742344812199,0.16975789697384283,56.68619504674136,1.642430859906682,2.0952354558293744,0.9222447884330046,137.78048502949926,0.020909285929710444,138.19704971313476,143.37191731310048,133.02218211316904,0.0748911443581112,0.7440497876222931,139.8003156815845,138.9842904769849,0.8160252045995833,0.3447585225191854,0.4712666820803979,0.9761991504891719,0.343795755583892
2021-10-22 00:00:00-04:00,138.00935869132704,139.43061082473707,134.94072652552163,136.4388427734375,50588000.0,-0.030916235356935332,-2.798722370864094,0.0,-0.05916523217690306,0.01599075811153875,0.2538454154311223,0.012854903296753222,0.2040652635059602,0.011297648107617781,0.17934460375605682,42.77949169431435,5.782173865103374,2.358588199348946,1.7283166097826792,137.80690134947923,-0.010026899585431492,138.2478057861328,143.32717328443013,133.16843828783547,0.07348207039401453,0.321930288239462,139.28316600340804,138.79573879524065,0.4874272081673894,0.3732922596488262,0.1141349485185632,-0.7122788470421534,-1.1165987224810785
2021-10-23 00:00:00-04:00,138.00935869132704,139.43061082473707,134.94072652552163,136.4388427734375,50588000.0,0.0,-0.09458760918402194,0.0,-0.05678803823668066,0.014110332731277984,0.223994587940018,0.012854903296753222,0.2040652635059602,0.011297648107617781,0.17934460375605682,42.77949169431435,4.489884299215447,2.510823635053696,1.6844979438256498,137.83197818351726,-0.010210695002691611,138.29856185913087,143.27842124970095,133.3187024685608,0.07201606905562047,0.3132759441747537,138.8455778141818,138.6211539047367,0.22442390944510748,0.34351858960808246,-0.11909468016297498,-0.7468962233009833,-1.0846491726999858
2021-10-24 00:00:00-04:00,138.00935869132704,139.43061082473707,134.94072652552163,136.4388427734375,50588000.0,0.0,-0.09458760918402194,0.0008694982520487393,-0.07078535271921615,0.013567422446329995,0.21537615435086843,0.012854903296753222,0.2040652635059602,0.011297648107617781,0.17934460375605682,42.77949169431435,4.489884299215447,2.6521851110652497,1.6862217007546465,138.1640732507509,-0.012644716432975186,138.4923110961914,142.78713538939124,134.19748680299156,0.06202256658446286,0.2609368646343418,138.47531088483652,138.45950122834415,0.01580965649236532,0.27797680298493904,-0.2621671464925737,-0.9562525414626337,-1.0508917543618768
2021-10-25 00:00:00-04:00,136.42246503075222,136.86877322103567,134.31388545894404,136.3203125,34412000.0,-0.0008691204574222972,-0.17029803633877297,-0.013362403467830575,-0.07159260132954925,0.013834186035751284,0.21961089504960246,0.011865141559083484,0.18835328301547252,0.011038218251843007,0.1752262824697844,42.41987134034892,2.5548877620916244,2.6452353004242766,1.143210237465616,138.23394278632924,-0.014037748676150057,138.56292800903321,142.65107704015728,134.47477897790915,0.05900783261245094,0.2257174956245915,138.14377267178475,138.30104280402236,-0.15727013223761332,0.19092741594042856,-0.3481975481780419,-1.0971300175016319,-1.058774630387066
2021-10-26 00:00:00-04:00,138.1219203768164,138.9346913152146,137.17078194335667,138.1665496826172,49236000.0,0.013452483740335131,1.0783847787663148,-0.04725156671534814,-0.05901883129771868,0.016357868581377104,0.2596731134724045,0.011617685080070423,0.18442503319279113,0.011116993021531312,0.17647679317087425,49.53584799106978,2.614378815214593,2.6430312657664423,1.5707868609785356,138.2984735583283,-0.0009548177617098088,138.6493881225586,142.61970132132052,134.6790749237967,0.05727126895435516,0.4391939104335668,138.14727682729745,138.29108035058493,-0.14380352328748813,0.12398122809484523,-0.2677847513823334,-0.24322435826573335,-0.41985454181326237
2021-10-27 00:00:00-04:00,138.26226450047915,147.4314763034353,138.26226450047915,145.0189208984375,85782000.0,0.04840438364342459,3.9824583121945643,0.002526685898016634,0.01895867217461311,0.02109981036658343,0.33494910564361413,0.015435780506632605,0.2450354190763708,0.012675924933559266,0.20122407007152457,66.2214262906837,9.264926620818102,3.116023791127275,2.495229562748703,139.14476801116135,0.04050611362216697,138.99614639282225,143.8675942335599,134.1246985520846,0.07009471797829958,1.118170891131131,139.20445283824208,138.78943890968512,0.4150139285569594,0.18218776818726806,0.23282616036969134,2.4726835645245306,1.8439892316683972
2021-10-28 00:00:00-04:00,145.92839660361173,145.95170251359744,143.4414441362277,144.65342712402344,36206000.0,-0.0025234991939412175,-0.32270935687540575,-0.014840051918306618,0.0028638724375023017,0.021491064658667715,0.341160074981064,0.015333072934092236,0.24340498690814114,0.012665877965403327,0.2010645793964998,64.98715788352055,2.5102583773697518,3.0727548330017376,1.038540089035752,139.45003287194436,0.03597145505317185,139.29683532714844,144.7796645446395,133.81400610965738,0.07872151875689419,0.9884879306277361,140.04275657451612,139.22380840704352,0.8189481674725982,0.3095398480443341,0.5094083194282641,1.9539517225109468,1.688557352468373
2021-10-29 00:00:00-04:00,143.8887552596137,147.0268204605567,143.46377046547764,146.83242797851562,43320000.0,0.014951267153593966,1.145570781489252,0.0,0.00987722030712912,0.020473457924458396,0.3250060688739692,0.015581028432988418,0.24734115842588264,0.01260441595539237,0.20008890023509684,68.72922695855033,3.5630499950790693,3.1077759160072613,1.2133740032098952,139.92801821947958,0.04702237682840938,139.70647430419922,146.12665477801687,133.28629383038157,0.09190956261394506,1.054965215026041,141.08732140590067,139.7874098567822,1.2999115491184625,0.5076141882591598,0.7922973608593027,2.2198608601041676,2.3023646396277107
2021-10-30 00:00:00-04:00,143.8887552596137,147.0268204605567,143.46377046547764,146.83242797851562,43320000.0,0.0,-0.11691071131086678,0.0,-0.0014938975576637148,0.020311454297655664,0.3224343410259059,0.015581028432988418,0.24734115842588264,0.01260441595539237,0.20008890023509684,68.72922695855033,3.5630499950790693,3.140295493083819,1.185491683496708,140.38403616002742,0.04391667363446259,140.11611328125,147.2549459111782,132.9772806513218,0.1018988103901895,0.9704070711161342,141.97118395553375,140.30926305098467,1.6619209045490777,0.7384755315171434,0.9234453730319343,1.881628284464538,2.2162993837571503
2021-10-31 00:00:00-04:00,143.8887552596137,147.0268204605567,143.46377046547764,146.83242797851562,43320000.0,0.0,-0.11691071131086678,0.031701069889666034,-0.005414875144699849,0.021405505482514506,0.3398018651661782,0.015581028432988418,0.24734115842588264,0.01260441595539237,0.20008890023509684,68.72922695855031,3.5630499950790693,3.170492243226337,1.1457256129975852,140.81537841144555,0.040979023843087874,140.56897048950196,148.21373796392243,132.9242030150815,0.1087689188844332,0.9096565075374305,142.71906765137712,140.792460453024,1.9266071983531106,0.9761018648843369,0.9505053334687736,1.6386260301497209,2.147041203644505
2021-11-01 00:00:00-04:00,146.8324309481015,146.8324309481015,142.05143515277334,142.32070922851562,46924000.0,-0.031208964139906228,-2.719072613031877,-0.013308565011819096,-0.03597548371093107,0.01683271527690706,0.26721107107592296,0.017171273292842335,0.272585512963116,0.013209691018513922,0.20969734398594814,53.84655186051788,4.7809957953281526,3.28552821123361,1.2239010738216523,141.16737979716618,0.008103735834379646,140.91848068237306,148.18463373058023,133.65232763416589,0.10312562288526103,0.596490435643146,142.65778174016765,140.90566406602338,1.752117674144273,1.1313050267363243,0.6208126474079487,0.3859617425725843,0.7989470357235152
2021-11-02 00:00:00-04:00,143.39433663204673,145.40719548804785,143.15233350459803,144.24034118652344,33482000.0,0.013397917618654673,1.003303156123731,-0.00795051325507079,-0.022972651728129678,0.0185432491832878,0.2943649550284866,0.016751986249195366,0.2659295374904678,0.013318803406474115,0.21142944944694256,58.012555284911876,3.086486259532222,3.2713109289692253,0.8578287570680816,141.4178491207122,0.01956797968303028,141.3077880859375,148.3990628463645,134.21651332551048,0.10036636842853128,0.7067719274502742,142.90125242422238,141.1526771860604,1.7485752381619761,1.2547590690214547,0.4938161691405214,0.8270877098010966,1.3502684533295515
2021-11-03 00:00:00-04:00,144.70452437779974,145.4667336808486,143.405764521186,145.3963165283203,27494000.0,0.007982287109939187,0.553192075605939,-0.011259901338634748,-0.016325354599862063,0.01730534342619803,0.2747138103497186,0.016747624503550086,0.26586029692491064,0.013349001515196262,0.2119088295614023,60.33445863372653,2.0609691596625908,3.184857945447323,0.7084055850001675,141.61727286156085,0.02599133015878969,141.5779052734375,148.86726352212855,134.28854702474644,0.10297310494335546,0.7619168330468931,143.28510844023745,141.46702084104263,1.8180875991948255,1.3674247750561288,0.45066282413869674,1.0476673321875722,1.64842104338535
2021-11-04 00:00:00-04:00,145.91847295050908,148.5060949140484,145.10866822451723,147.05210876464844,38412000.0,0.011323773946504651,0.8301240889029389,-0.003926843889532017,-0.004371600167859535,0.018337130292163793,0.29109291906992746,0.016060261105533522,0.25494874125602984,0.013308094557153418,0.2112594517341612,63.45211931880111,3.3974266895311587,3.2000414271675974,0.9794482125554592,141.93777921191165,0.03477902898299874,141.92005310058593,149.57225813131367,134.2678480698582,0.10783824926142378,0.8353318189629346,143.8646469516853,141.880731057606,1.9839158940793027,1.4907229988607638,0.49319289521853893,1.3413272758517396,2.04213815281024
2021-11-05 00:00:00-04:00,147.94672303683166,149.0952354055238,146.9822063116092,147.6318359375,38354000.0,0.0039345741847428796,0.20338376041999592,0.0,0.02027849916391622,0.01840538773281459,0.292176472348478,0.016062768951632344,0.25498855207865323,0.013310931726912886,0.21130449040782615,64.50407267914758,2.113029093914605,3.122397689078098,0.9679975771036293,142.2794105091146,0.03625522499531438,142.29118728637695,150.30544587420542,134.2769286985485,0.11264588820527405,0.8331966764358014,144.44421448796447,142.30673882648705,2.137475661477424,1.620073531384096,0.5174021300933282,1.3327867057432048,2.107324688944206
2021-11-06 00:00:00-04:00,147.94672303683166,149.0952354055238,146.9822063116092,147.6318359375,38354000.0,0.0,-0.1301409142115256,0.0,0.02116743992334902,0.005441808598615563,0.08638603340609813,0.016062768951632344,0.25498855207865323,0.013310931726912886,0.21130449040782615,64.50407267914758,2.113029093914605,3.050299932280706,0.9582271523509719,142.6141453368192,0.033987862907869246,142.66232147216797,150.9533116956972,134.37133124863874,0.11623237499533787,0.7996936633231637,144.93461778789302,142.70119046433985,2.2334273235531725,1.7427442898179115,0.490683033735261,1.1987746532926564,2.025105119570945
2021-11-07 00:00:00-04:00,147.94672303683166,149.0952354055238,146.9822063116092,147.6318359375,38354000.0,0.0,-0.1301409142115256,-0.0012010115998684068,0.0011703361689754388,0.004984982763999997,0.07913414810092427,0.016062768951632344,0.25498855207865323,0.013310931726912886,0.21130449040782615,64.50407267914758,2.113029093914605,2.983352015254556,0.9372029547526017,142.87435746519242,0.032225288279430886,142.96353302001953,151.5264462469131,134.40061979312594,0.11979157266202284,0.772588475077542,145.34957442629408,143.0664234623517,2.2831509639423757,1.8508256246428045,0.4323253392995712,1.0903539003101672,1.9439501871117424
2021-11-08 00:00:00-05:00,148.59683920952253,149.38037183168208,147.21376959274264,147.80935668945312,23052000.0,0.001201733392278622,-0.02096905996951349,0.000755409203057722,0.0023741992096351083,0.00476880584634867,0.07570244592113687,0.015972521553721444,0.25355591905059566,0.0133109849752501,0.21130533569897414,64.89056216564681,2.166602238939447,2.9250127455177624,0.5613088440475987,143.03278160752387,0.03231578290381723,143.25085678100587,152.0683785580535,134.43333500395823,0.12310602498562895,0.7584909923507771,145.72800246678008,143.4177518495444,2.310250617235681,1.9427106231613798,0.3675399940743014,1.0339639694031089,1.9092390697158104
2021-11-09 00:00:00-05:00,148.00970530712945,148.60627612949312,146.03799485146035,147.69778442382812,19530000.0,-0.0007551240251340735,-0.18861501665601968,0.020734266866225814,0.0016175680807624104,0.0018477212717042787,0.029331665862561168,0.01598144730062655,0.25369761089005416,0.01330572028377833,0.2112217613127914,64.41583551969993,2.568281278032771,2.8995319264116914,0.47773505151613,143.21331075466273,0.030362497898390378,143.60540237426758,152.54469164555076,134.6661131029844,0.12449795235398455,0.7288986252356228,146.03104584478746,143.73479129949132,2.2962545452961365,2.0134194075883314,0.2828351377078051,0.9155945009424908,1.7964765007822816
2021-11-10 00:00:00-05:00,146.29092366960225,146.85625857101513,143.35271371379034,144.6975860595703,29970000.0,-0.020522237791121195,-1.8854224316655612,0.0008712726575748064,-0.01723448576047759,0.009254329366183997,0.1469079243216291,0.016516739832514806,0.26219511639833276,0.013555877217549734,0.21519287952577695,53.154700855973054,4.345070710037788,3.0027846966706986,0.7298310211059241,143.34720028909942,0.009332469236321299,143.80413665771485,152.6498419066551,134.9584314087746,0.12302435040509235,0.5505018750179643,145.82589818552327,143.80610942986755,2.019788755655725,2.0146932772018102,0.005095478453914559,0.2020075000718572,1.0420085858412644
2021-11-11 00:00:00-05:00,145.28870535866426,146.3261363445216,144.40698511974696,144.57162475585938,16518000.0,-0.000870893319874521,-0.19733961545602677,-0.019582590447531967,-0.014265335977455162,0.0091676567335423,0.14553203893295796,0.016523659608587142,0.2623049644380267,0.013555629605025963,0.21518894879882053,52.737847056350645,1.9191512247746232,2.9253823058209787,0.4196561045507205,143.81683636527703,0.005220861229559898,144.21077575683594,152.35041571083107,136.07113580284081,0.11288532235233177,0.5221661523766981,145.63293304249805,143.86281426882988,1.7701187736681732,1.965778376495083,-0.19565960282690975,0.08866460950679231,0.984382591047624
2021-11-12 00:00:00-05:00,145.4136656401591,147.62986135268545,144.219040793597,147.45925903320312,22360000.0,0.019776869884387295,1.5902994848707863,0.0,0.004262239715261851,0.014272228626767575,0.22656460560650338,0.015236958432084296,0.24187921648994218,0.01355416703652445,0.21516573124363814,60.40408351333968,3.4108205590884495,2.960056466768655,0.5892056264394167,144.4159005279236,0.020638639616344785,144.7617965698242,152.14288878439052,137.3807043552579,0.10197569233684002,0.6827278663485311,145.91390627183728,144.12921758470938,1.7846886871278969,1.9295604386216458,-0.14487175149374898,0.7309114653941252,1.6082207141478158
2021-11-13 00:00:00-05:00,145.4136656401591,147.62986135268545,144.219040793597,147.45925903320312,22360000.0,0.0,-0.11983089039112238,0.0,-0.0077448938940295475,0.01425211212632018,0.226245266061907,0.015236958432084296,0.24187921648994218,0.01355416703652445,0.21516573124363814,60.40408351333968,3.4108205590884495,2.9922539019343546,0.6119656248289452,145.0612463238922,0.01626220506622088,145.3128173828125,151.6492574583604,138.9763773072646,0.08721102776302467,0.6693728359141008,146.15165285050895,144.37588732163485,1.7757655288741034,1.8988014566721374,-0.12303592779803396,0.6774913436564024,1.551965653101622
2021-11-14 00:00:00-05:00,145.4136656401591,147.62986135268545,144.219040793597,147.45925903320312,22360000.0,0.0,-0.11983089039112238,0.0015224060025702535,-0.001668484668608361,0.014252392969983893,0.22624972431685583,0.015236958432084296,0.24187921648994218,0.01355416703652445,0.21516573124363814,60.40408351333968,3.4108205590884495,3.0221515203025042,0.6222276640861101,145.55437090150642,0.012918063905826276,145.86976470947266,150.6436631968052,141.09586622214013,0.06545425636135982,0.6664775998011021,146.35282303246188,144.60428522619546,1.7485378062664267,1.8687487265909954,-0.1202109203245687,0.6659103992044093,1.510118322629986
2021-11-15 00:00:00-05:00,147.6799325584469,148.32361464376697,146.36529744247616,147.235107421875,23508000.0,-0.001521248317380761,-0.2742398126583608,0.0038951239008127025,-0.0031860402244163755,0.009134433189809828,0.1450046315266276,0.015247394600131105,0.2420448855216962,0.013503203262847235,0.2143567064174984,59.46886714029379,1.9583172012908108,2.946163354658812,0.678461138849606,146.13628887843802,0.007463019945973315,146.32319259643555,149.4575760796328,143.1888091132383,0.04284192310978313,0.6454695684698496,146.4885590923716,144.79916094439395,1.6893981479776414,1.8328786108683248,-0.1434804628906834,0.5818782738793988,1.4187445101168894
2021-11-16 00:00:00-05:00,146.93509022325514,147.5430567260628,146.10494573454355,146.66383361816406,18904000.0,-0.0038875575472701045,-0.4796344933653914,-0.0011549562890508236,-0.007053689132101804,0.009582061753811249,0.1521105146870879,0.015160286101264141,0.24066208097120337,0.013514917939842138,0.21454267114960615,57.04477672416622,1.4381109915192383,2.838445328720271,0.6038632682853593,146.30530729048618,0.002444544908128435,146.4054382324219,149.48150317918927,143.3293732856545,0.04202118423885412,0.542000963928561,146.51552440403196,144.9372848461547,1.5782395578772537,1.7819508002701105,-0.20371124239285687,0.168003855714244,1.2509210116037164
2021-11-17 00:00:00-05:00,146.81407891963306,147.34171568581732,146.0330433290407,146.8334197998047,19594000.0,0.001155623765052104,-0.029549288881774587,-0.011956173531622372,0.011927289613818948,0.0019458195457413888,0.030888927685442314,0.010993856027337484,0.17452205398790102,0.01341936595719995,0.21302583044950382,57.59734134217727,1.3086723567766114,2.7291758307242957,0.6429637893976932,146.42041305073582,0.00281275713411818,146.51443786621093,149.48167442532278,143.54720130709907,0.04050435714494395,0.5537506746157843,146.564431387997,145.07773928716583,1.4866921008311635,1.7228990603823213,-0.23620695955115778,0.21500269846313808,1.245532199077992
2021-11-18 00:00:00-05:00,147.026320462845,149.3461514524102,146.67225222682112,148.6102294921875,35608000.0,0.01202822344442902,0.9620847325376612,0.006123837698621237,0.02782584248556197,0.006151233048324015,0.0976477974136026,0.011243423241170203,0.1784838106870809,0.013475380914453317,0.21391504032905775,62.97180110517627,2.673899225589082,2.7252275017860663,1.1834264462974717,146.5203277986591,0.014062973327406487,146.60332794189452,149.71373616374396,143.49291972004508,0.04243298246383921,0.8226106361530389,146.87916955787244,145.33940522827857,1.5397643295938792,1.6862721142246329,-0.14650778463075365,1.2904425446121564,1.5613713089887302
2021-11-19 00:00:00-05:00,148.74610077592874,149.72898972518277,147.67843279309778,147.70570373535156,33682000.0,-0.006105163205471864,-0.6944476193072922,0.0,0.019206700455471903,0.007073829316701886,0.11229355913346692,0.0108973126571349,0.1729894754981725,0.01324930912153413,0.2103262618739938,58.880354824909475,2.0505569320849872,2.677036746807418,1.1376363697774174,146.56492139562653,0.007723346566013503,146.64699172973633,149.79522939019444,143.49875406927822,0.042936273336723674,0.6681435964814008,147.0063286621,145.51468659917288,1.4916420629271272,1.6473461039651318,-0.15570404103800461,0.6725743859256041,1.3224028014624691
2021-11-20 00:00:00-05:00,148.74610077592874,149.72898972518277,147.67843279309778,147.70570373535156,33682000.0,0.0,-0.13568323257485823,0.0,0.019206700455471903,0.007006480738424816,0.11122443359781756,0.0108973126571349,0.1729894754981725,0.01324930912153413,0.2103262618739938,58.88035482490947,2.0505569320849872,2.6322881886129585,1.1564595486367428,146.61099067194812,0.007411447464241967,146.69065551757814,149.87375251076114,143.50755852439514,0.0433987697710106,0.6594434948019615,147.1139248272156,145.67698416481576,1.4369406623998486,1.6052650156520754,-0.16832435325222672,0.6377739792078487,1.2758755573795597
2021-11-21 00:00:00-05:00,148.74610077592874,149.72898972518277,147.67843279309778,147.70570373535156,33682000.0,0.0,-0.13568323257485823,0.017938781547161442,0.04742816896805935,0.006581509892023103,0.10447823055362819,0.0108973126571349,0.1729894754981725,0.01324930912153413,0.2103262618739938,58.880354824909475,2.0505569320849872,2.590735956003818,1.1833608544426097,147.02940983340892,0.0045786579992494894,146.95990524291992,149.41418141432405,144.50562907151578,0.03340062267116046,0.6519385839950038,147.2049677361596,145.82725968855917,1.3777080476004357,1.5597536220417474,-0.18204557444131164,0.607754335980018,1.2325911458543235
2021-11-22 00:00:00-05:00,148.10839815896483,148.60131822577375,144.94950861350554,145.1027374267578,30594000.0,-0.01777978031533608,-1.744992162098507,0.0035671423982222006,0.028969706190068667,0.01083922740399717,0.17206740069031654,0.00922219548868329,0.14639781483046663,0.013309752085125323,0.21128576417498995,47.73343067298412,3.6518096122682095,2.6665269314512745,1.0803500173031153,147.09021612472617,-0.013697044819513194,147.00302505493164,149.2800197049966,144.7260304048667,0.03097888154633674,0.08272022551312894,146.88154768855932,145.77359137287016,1.1079563156891652,1.4693941607712309,-0.36143784508206567,-1.6691190979474904,0.6842127197535566
2021-11-23 00:00:00-05:00,144.9549360689054,145.45778377770264,142.93364778882065,144.58697509765625,27218000.0,-0.0035607952354549236,-0.4461805440867737,-0.00231331565803361,0.025312271315641066,0.007338582175061051,0.11649638046613807,0.008808304995856673,0.13982750694626744,0.013319973256392264,0.2114480202386707,45.88001047775425,2.5241359888819943,2.656356149839183,0.9616036855939628,147.05212870002927,-0.017049624288135355,146.96255798339843,149.38397037906694,144.54114558772991,0.03295277965891211,0.009463383851572816,146.52853652072807,145.68569387100246,0.8428426497256112,1.344083858562107,-0.5012412088364959,-1.9621464645937083,0.5662729153763849
2021-11-24 00:00:00-05:00,144.28102578011982,145.05066575153023,143.18955232530504,144.92222595214844,18040000.0,0.002315995506388199,0.08852704899944834,0.0,0.004050613855750784,0.008089758290315075,0.1284209316167805,0.00864042265820799,0.1371624574566359,0.013280246277592736,0.21081737400120978,47.31209011959523,1.861113426225188,2.599553098152469,0.6611400634753098,146.981721901329,-0.014211042755171169,146.85606384277344,149.44260780264221,144.26951988290466,0.03522556566187113,0.12617339573012532,146.28141181786967,145.62914069182807,0.6522711260415974,1.205721312058005,-0.5534501860164076,-1.495306417079494,0.6190477674351901
2021-11-25 00:00:00-05:00,144.28102578011982,145.05066575153023,143.18955232530504,144.92222595214844,18040000.0,0.0,-0.1355709542082677,0.02768964185574485,0.029757352301801765,0.008089758290315075,0.1284209316167805,0.008231894953345907,0.13067728119216554,0.013258355192632288,0.2104698638008014,47.31209011959523,1.861113426225188,2.5468074073005207,0.6867018138215869,146.86355174722738,-0.013395638814711147,146.72058334350587,149.4175330121895,144.02363367482224,0.03676307178208887,0.16659418745563784,146.0723063000664,145.57677663703697,0.4955296630294299,1.0636829822522902,-0.5681533192228603,-1.3336232501774483,0.6042676931140979
2021-11-26 00:00:00-05:00,143.16524773270095,143.37253416299765,140.67979308519273,141.0175018310547,30470000.0,-0.027313216640954992,-2.6191273387881906,0.0,0.008021988234082844,0.01275477566346321,0.20247578660365512,0.009989738547225527,0.1585821831510865,0.013686243413429729,0.21726237872778495,34.85399039869172,4.24243286695571,2.6679235115616056,1.177525380367363,146.46242037840824,-0.0386116508706615,146.3898666381836,150.0621408471354,142.71759242923181,0.050171153144475004,-0.231476532176283,145.2946440740646,145.23905257733458,0.05559149673001684,0.8620646851478356,-0.8064731884178188,-2.9259061287051344,-0.1840391914006861
2021-11-27 00:00:00-05:00,143.16524773270095,143.37253416299765,140.67979308519273,141.0175018310547,30470000.0,0.0,-0.12278891224156781,0.0,-0.005476713984522763,0.012257067771005698,0.1945749187496752,0.009989738547225527,0.1585821831510865,0.013686243413429729,0.21726237872778495,34.85399039869172,2.692741077804925,2.6696961948647,1.1957413243021573,146.04887825964394,-0.03567909205069503,146.05914993286132,150.3923494304753,141.72595043524734,0.059334858509115074,-0.08174659447167765,144.6366221905246,144.92634511464718,-0.2897229241225716,0.6317071632937542,-0.9214300874163258,-2.3269863778867124,-0.208908321782723
2021-11-28 00:00:00-05:00,143.16524773270095,143.37253416299765,140.67979308519273,141.0175018310547,30470000.0,0.0,-0.12278891224156781,-0.023002107871115673,0.0012782335717786975,0.012514026386132353,0.19865401030683932,0.009989738547225527,0.1585821831510865,0.013686243413429729,0.21726237872778495,34.85399039869172,2.692741077804925,2.671342257931859,1.1785866243762813,145.67389549450436,-0.033019969883087606,145.7195571899414,150.51511351527415,140.92400086460867,0.06581898020842686,0.009748709023819857,144.07983444291384,144.6368011677144,-0.5569667248005601,0.39397238567489135,-0.9509391104754514,-1.961005163904719,-0.24214497431571066
2021-11-29 00:00:00-05:00,142.81961359423084,145.0982812984178,142.71398029271975,144.3375701904297,32596000.0,0.0232707844351472,1.9805956138187337,0.025603030456136322,0.02485198958821444,0.017918377157789163,0.28444541914422294,0.011421760613626337,0.1813148287090067,0.01395526575829,0.22153297605750336,49.090133562230186,4.080779467363101,2.7720163443198054,1.229745381286713,145.5171678290035,-0.008172492006187573,145.5515464782715,150.290398556083,140.81269440045997,0.06511579151814714,0.37191240959746963,144.1194860963778,144.61463591013774,-0.49514981375992306,0.2161479457879285,-0.7112977595478516,-0.5123503616101228,0.43067133808046193
2021-11-30 00:00:00-05:00,143.819835487134,144.80320881089577,140.44076564760363,140.73434448242188,42068000.0,-0.025280761992828422,-2.3839504986232676,0.005997921505869863,-0.0007322919742034362,0.02094449924704983,0.33248361805484056,0.012576799918924809,0.1996505092469541,0.013479251913407483,0.21397649053240644,39.10294737640855,4.362443163292141,2.8856182599606868,1.5516834371034849,145.19139665894448,-0.031669967930815265,145.35338439941407,150.55176952933593,140.1549992694922,0.07152754167233295,0.05572357553838794,143.59869507884613,144.32720691549213,-0.7285118366459926,0.0272159893011443,-0.7557278259471369,-1.7771056978464452,-0.38167511825340283
2021-12-01 00:00:00-05:00,142.8195956469263,144.75410739029755,139.75691130496085,139.895263671875,34020000.0,-0.005980005577868226,-0.652593789005233,-0.01339127754767877,-0.014693975283135652,0.01734674923274669,0.27537110715148944,0.011905738138882876,0.1889977337408464,0.013424720997476564,0.21311083907849976,37.204737693095005,4.997196085336697,3.0364452474875443,1.2155947731568661,144.88778908680214,-0.03568759430367232,145.11956634521485,150.8585696309858,139.3805630594439,0.07909344591230168,0.04484233470533462,143.02893640085057,143.99891482337233,-0.9699784225217627,-0.17222289306343713,-0.7977555294583256,-1.820630661178657,-0.5956101947820617
2021-12-02 00:00:00-05:00,140.09213056944827,142.68520065080236,139.06511173639353,141.7940673828125,29194000.0,0.013481749300921749,1.084449701959877,0.006792146198371096,-0.02922191004956154,0.01865564570690561,0.2961491945268121,0.012353658976270434,0.1961082565974741,0.01349787895397278,0.2142721856343878,43.84771940406368,3.620088914408825,3.0781340808390647,1.030570460321943,144.62688789464633,-0.019978413512787133,144.8363067626953,150.64785272143098,139.02476080395962,0.08024985017406597,0.2382590276766347,142.83895655192163,143.83559279073827,-0.9966362388166488,-0.3371055622140795,-0.6595306766025693,-1.0469638892934634,-0.19407038466843504
2021-12-03 00:00:00-05:00,142.50321577437006,143.2163161657655,139.15091751675573,140.8374786376953,41230000.0,-0.006769183492112903,-0.7249388814794118,0.0,-0.04173809565338005,0.01899776205394948,0.3015801231691798,0.011455027450341106,0.18184292337012514,0.013282731857166542,0.2108568313537067,41.46772328925138,4.065398649009779,3.1486529785655444,1.4085373144526245,144.25183167558987,-0.024243213318792697,144.5052177429199,150.44075149756412,138.5696839882757,0.08214974998624262,0.19103544374970452,142.5310368728099,143.61351026088323,-1.082473388073339,-0.4861791273859314,-0.5962942606874077,-1.2358582250011796,-0.4691575777731297
2021-12-04 00:00:00-05:00,142.50321577437006,143.2163161657655,139.15091751675573,140.8374786376953,41230000.0,0.0,-0.11999900477094123,0.0,-0.03818118271121318,0.013981541054759515,0.22195008345800032,0.011455027450341106,0.18184292337012514,0.013282731857166542,0.2108568313537067,41.46772328925138,4.065398649009779,3.2141348121687043,1.3645540294555685,143.9001986266595,-0.02174648409350631,144.17412872314452,150.15442471904825,138.1938327272408,0.08295934990372103,0.22102968751591207,142.27048945202304,143.40787828879522,-1.1373888367721747,-0.6164210692631801,-0.5209677675089947,-1.1158812499363508,-0.5082633942196505
2021-12-05 00:00:00-05:00,142.50321577437006,143.2163161657655,139.15091751675573,140.8374786376953,41230000.0,0.0,-0.11999900477094123,-0.008057795772593801,-0.04054005871360433,0.008112221446307787,0.12877752316329072,0.011455027450341106,0.18184292337012514,0.013282731857166542,0.2108568313537067,41.46772328925138,4.065398649009779,3.274939371943067,1.3256765837864255,143.5711540251777,-0.01941014149021202,143.85424728393554,149.82956276010998,137.8789318077611,0.08307457845690898,0.24756406935591302,142.05002624981879,143.21747831463966,-1.1674520648208784,-0.7266272683747198,-0.4408247964461586,-1.0097437225763493,-0.5374292798386205
2021-12-06 00:00:00-05:00,141.86797350092726,142.67331391025607,139.00116443543868,141.98153686523438,30618000.0,0.008090435262086868,0.6041592372105269,-0.027938420059968605,-0.03274612452477499,0.007893174012268933,0.12530025294852892,0.011672945327969749,0.1853022624327675,0.013012541097688391,0.20656768601694558,45.857518936464004,3.672149474817388,3.3033115221483755,0.9662698663165734,143.4021011179277,-0.010005274517078272,143.62013244628906,149.4980653131144,137.74219957946372,0.08185388450360288,0.36061463968882584,142.0394894214212,143.12592709616519,-1.0864376747439906,-0.798589349648574,-0.2878483250954166,-0.5575414412446976,-0.26528130230466107
2021-12-07 00:00:00-05:00,144.40299636708085,146.32164786424076,144.03701790710437,146.06228637695312,32240000.0,0.028336122680699353,2.377244311976059,-0.006188366543659285,-0.004945884668235756,0.013585846169764958,0.21566862189346492,0.013369807328974047,0.21223911161588435,0.013300809505642079,0.2111438051266374,57.96678859601515,4.340110999006384,3.3773686276382335,0.9975525308563666,143.43077010081754,0.018016397945081097,143.5815757751465,149.38034366795748,137.7828078823355,0.08077314741122564,0.7138998014459323,142.6583812607338,143.34343519103837,-0.6850539303045764,-0.7758822657797746,0.0908283354751982,0.8555992057837292,0.7627665977061864
2021-12-08 00:00:00-05:00,146.3866416457019,147.17662141739208,145.205909427555,146.9718017578125,24270000.0,0.006207593848681884,0.42171008999441395,0.003711837991297484,0.016183705813106686,0.011655374649708491,0.18502333656249143,0.013440602357987348,0.21336294786085713,0.013254544705968303,0.2104093742002792,60.10828476263285,1.9707119898370706,3.276893153509579,0.7643564855348606,143.27567950600422,0.02514851289568411,143.49965438842773,149.039826717885,137.95948205897045,0.07721513132653307,0.8133609536767701,143.32198441413053,143.6122030848735,-0.2902186707429735,-0.6787495467724144,0.3885308760294409,1.2534438147070806,0.9669533509898115
2021-12-09 00:00:00-05:00,146.38117245241173,147.8778055616714,145.9090763713213,146.42828369140625,23270000.0,-0.003704966120259134,-0.4487310871041289,-0.00245251596245577,0.025930051807932175,0.012425333871202753,0.1972460602808997,0.013175106528458488,0.20914833222650817,0.013195398116805934,0.20947045120535118,58.20002913700461,1.9687291903501034,3.1834528704267595,0.7450787023399378,143.1542464434993,0.022359322703029885,143.43578338623047,148.79839465564356,138.07317211681737,0.07477368816640623,0.779015218037918,143.79987661063447,143.82080164832038,-0.02092503768591314,-0.5471846449551142,0.5262596072692011,1.116060872151673,0.7968484469890066
2021-12-10 00:00:00-05:00,147.481060069157,147.75628168931388,145.501419679147,146.7882843017578,24458000.0,0.0024555283059504046,0.10311117570691132,0.0,0.010656211502543478,0.012084522081108457,0.1918358408380902,0.013132011986645235,0.2084642275834953,0.013190971917418743,0.20940018746836103,59.12563723835939,2.2548620101668746,3.1171249518367676,0.7948547955177703,143.0495664806667,0.02547013774890441,143.3899124145508,148.61260697835775,138.16721785074384,0.0728460527782144,0.8253466046777452,144.25963164003807,144.04061517820463,0.2190164618334336,-0.39394442359740467,0.6129608854308383,1.3013864187109798,0.8629996967442767
2021-12-11 00:00:00-05:00,147.481060069157,147.75628168931388,145.501419679147,146.7882843017578,24458000.0,0.0,-0.11719864465958532,0.0,0.02462181063739166,0.012644412443328921,0.2007238247974735,0.013132011986645235,0.2084642275834953,0.013190971917418743,0.20940018746836103,59.12563723835939,2.2548620101668746,3.0555347417174894,0.8069497050400538,142.9417007921232,0.02620497628902755,143.3440414428711,148.42122159155895,138.26686129418323,0.07083908193995407,0.8391885611717806,144.64865512645648,144.24414622439375,0.40450890206273016,-0.23425375846537771,0.6387626605281078,1.356754244687125,0.8427203588711248
2021-12-12 00:00:00-05:00,147.481060069157,147.75628168931388,145.501419679147,146.7882843017578,24458000.0,0.0,-0.11719864465958532,0.014914840314115718,0.04428660117710126,0.0036528739490827257,0.057987576239635866,0.013132011986645235,0.2084642275834953,0.013190971917418743,0.20940018746836103,59.12563723835939,2.2548620101668746,2.9983438323210168,0.8152014505506227,142.98830537155456,0.025887481063485304,143.4283187866211,148.6813298657813,138.17530770746092,0.07324928749914603,0.8198132903684903,144.9778288457336,144.4326008967911,0.5452279489425109,-0.07835741698379999,0.6235853659263109,1.279253161473962,0.8196763033422353
2021-12-13 00:00:00-05:00,146.5700951293805,146.75705697342113,144.32466128723686,144.63113403320312,27070000.0,-0.014804707805491852,-1.4570119718670533,0.01333856472998085,0.02894012354169062,0.006844498668697968,0.10865304795772496,0.012948740158763353,0.20555487751009716,0.01330929568903445,0.2112785191116552,50.72014972373502,2.463623014520948,2.9601494881924406,0.9024837472912152,142.98990360336953,0.011347697996040183,143.43052673339844,148.68562507409143,138.17542839270544,0.07327726475495572,0.6142326196360354,144.9244911822674,144.44730705504384,0.47718412722355197,0.03275089185767041,0.44443323536588153,0.4569304785441422,0.18462429929660493
2021-12-14 00:00:00-05:00,142.78786052539195,143.2956569953205,140.05742162389038,142.72735595703125,38446000.0,-0.013250389299175758,-1.3074251807175095,-0.017303802306375182,0.015396195659312495,0.008211489275871002,0.1303533511045712,0.013245406658390451,0.21026431219212116,0.01321656898039787,0.2098065282459796,44.68277888453766,4.573712409312748,3.0754039825581767,1.239581754811335,142.91743452845634,-0.0013317599149129768,143.32078323364257,148.53623977773853,138.10532668954662,0.0727801847913946,0.4431087890778135,144.5864703783849,144.31990327000588,0.2665671083790073,0.0795141351619378,0.18705297321706954,-0.2275648436887467,-0.37940599695752164
2021-12-15 00:00:00-05:00,142.23342665334246,145.51827360710053,140.51661343560883,145.24057006835938,36370000.0,0.017455262865542994,1.4955678558921037,0.013818347897041505,0.034136832632554404,0.013009295660330017,0.2065161662960702,0.013812835950296897,0.21927197295010878,0.01334980254828769,0.21192154556751341,52.68899566476084,5.001660171491693,3.212993710339142,1.1389899723786319,142.99310518013095,0.015474084735212914,143.33670043945312,148.57463059789123,138.09877028101502,0.07308568067186197,0.6817387375659438,144.68710109991943,144.38810081062465,0.2990002892947814,0.12341136598850652,0.17558892330627487,0.7269549502637763,0.33014468725454904
2021-12-16 00:00:00-05:00,145.96409309585127,146.4664413784915,142.42979734266572,143.2609405517578,33650000.0,-0.013723745035015132,-1.3382875116996225,0.019192242772459345,0.006778268449498581,0.013869501320667048,0.22017150781780148,0.014138828134780096,0.22444693844706817,0.013097205387764342,0.20791168995575837,46.927520282434934,4.036644035825788,3.271825876445331,1.0485871340072543,143.10093872479422,0.0011168559018763936,143.4488723754883,148.57252218783506,138.32522256314152,0.07143520513615789,0.4816603563266942,144.46769178481765,144.30460745811598,0.1630843267016644,0.13134595813113809,0.03173836857052631,-0.07335857469322325,-0.2689404237216996
2021-12-17 00:00:00-05:00,141.33185805693097,142.65542165791342,140.14169806845578,140.56321716308594,50416000.0,-0.019010394712271655,-1.7991451928292508,0.0,-0.03203231423685027,0.014778430364067612,0.23460030906725185,0.013452410026402718,0.21355038878600063,0.013321497865425806,0.21147222265676682,40.43814107078397,3.119242483302031,3.260927062649381,1.5236897857537905,143.00353293826848,-0.017360984078439296,143.42615814208983,148.5989841985723,138.25333208560735,0.0721322543040977,0.2232710951670106,143.8670033814743,144.0274674362619,-0.16046405478761017,0.07298395554738844,-0.23344801033499862,-1.1069156193319605,-1.0594408173371932
2021-12-18 00:00:00-05:00,141.33185805693097,142.65542165791342,140.14169806845578,140.56321716308594,50416000.0,0.0,-0.07960902403288383,0.0,-0.03533668886877128,0.014724227462103357,0.23373986467363925,0.013452410026402718,0.21355038878600063,0.013321497865425806,0.21147222265676682,40.43814107078397,2.5137235894576406,3.207555385992828,1.479108357243864,142.91182711659,-0.01670856715508382,143.4034439086914,148.6245670344295,138.1823207829533,0.0728172627299317,0.22800615143471223,143.3587285786453,143.77085630491553,-0.41212772627022787,-0.024038380816134824,-0.388089345454093,-1.0879753942611514,-1.0455284981732584
2021-12-19 00:00:00-05:00,141.33185805693097,142.65542165791342,140.14169806845578,140.56321716308594,50416000.0,0.0,-0.07960902403288383,0.0008333078922730941,-0.03533668886877128,0.014210327853837312,0.22558196129968644,0.013452410026402718,0.21355038878600063,0.013321497865425806,0.21147222265676682,40.43814107078396,2.5137235894576406,3.1579959719546005,1.4414290778925218,142.676123841452,-0.015031718261788299,143.21472625732423,148.5649374841338,137.86451503051467,0.07471593692392293,0.25220519510035866,142.92864989932846,143.53325340552075,-0.6046035061922908,-0.14015140589136602,-0.46445210030092476,-0.9911792195985631,-1.0450790554651106
2021-12-20 00:00:00-05:00,138.85236083615757,140.6123200789598,138.17892603861466,140.44618225097656,27192000.0,-0.0008329608840145919,-0.1591892755523192,-0.013002681453874287,-0.03613988111288724,0.009014988349665057,0.14310850347215,0.012335797027700858,0.19582470695439735,0.013261563897881393,0.21052080041751925,40.13739717625184,2.4333940403451493,3.106238691125354,0.7943305504110117,142.7068696836426,-0.016096467674900524,143.20031814575196,148.58012446405712,137.8205118274468,0.07513679282233841,0.24403019999026104,142.546731799582,143.30458146814712,-0.7578496685651146,-0.26369105842611573,-0.49415861013899887,-1.0238792000389585,-1.0765384811485805
2021-12-21 00:00:00-05:00,140.88904290220043,142.68966664568237,139.35076199155114,142.29641723632812,28756000.0,0.013087956324255093,1.097537109006127,-0.020096889751550884,-0.023442008629866118,0.011448323543551735,0.18173650214906173,0.01141355003733284,0.18118448985104801,0.013359729850211628,0.21207913659999697,46.865304096856136,3.338904654131227,3.1228576884829162,0.8465265798041767,142.83028644394062,-0.003751810607612409,143.32037582397462,148.4928001962643,138.14795145168492,0.07217988848483685,0.4010175389772581,142.50822186677374,143.22990263616055,-0.7216807693868077,-0.35528900061825414,-0.36639176876855356,-0.3959298440909675,-0.5874338043288119
2021-12-22 00:00:00-05:00,141.89473474558528,145.29909260146448,141.89473474558528,145.21478271484375,26322000.0,0.020301579298612014,1.7316433380798766,-0.0034137241155067777,-0.010084312625757486,0.009645678240181496,0.15312039510040432,0.012085643738408694,0.19185364659572618,0.013533393583957134,0.21483596290744625,55.383001434091476,3.404357855879198,3.1429648432969364,0.7781634137256177,142.9677792602425,0.015473655041123816,143.49141159057618,148.67753622230137,138.30528695885099,0.0722848088849074,0.66615211228488,142.9246158433999,143.3769307901371,-0.4523149467372036,-0.37469418984204406,-0.07762075689515957,0.6646084491395218,0.27403040111588006
2021-12-23 00:00:00-05:00,145.29911422761188,147.0283222152052,145.2515035755231,145.7122039794922,26384000.0,0.0034195641663445388,0.21911687891001003,0.0,0.0015646374730360346,0.009178500035140303,0.14570417100947308,0.011794350342145703,0.1872295072853226,0.013538308850165843,0.21491399033954178,56.65832118428235,1.8135395003614576,3.0480058902301166,0.797497241827497,143.20995617087817,0.01717253421659991,143.73514785766602,148.8538623892106,138.61643332612144,0.07122425666703873,0.6931203732541015,143.35347555664487,143.5499139893486,-0.1964384327037294,-0.33904303841438116,0.14260460571065176,0.7724814930164077,0.40730866923211445
2021-12-24 00:00:00-05:00,145.29911422761188,147.0283222152052,145.2515035755231,145.7122039794922,26384000.0,0.0,-0.09063679868150651,0.0,0.0017832872239047504,0.009178500035140303,0.14570417100947308,0.011654521779361356,0.1850097976654568,0.012925680657222596,0.20518881927149343,56.65832118428236,1.7768186396821193,2.9572068009052597,0.8158015163321088,143.46325004197078,0.01543421811009,143.97888412475587,148.97951564920936,138.97825260030237,0.06946340159325742,0.6733100955609553,143.71635685246753,143.71008361824812,0.006273234219406731,-0.2699797838876236,0.27625301810703035,0.693240382243822,0.3800056685431051
2021-12-25 00:00:00-05:00,145.29911422761188,147.0283222152052,145.2515035755231,145.7122039794922,26384000.0,0.0,-0.09063679868150651,0.0,0.004897475548137908,0.009002224397235973,0.14290588200890833,0.011654521779361356,0.1850097976654568,0.012925680657222596,0.20518881927149343,56.65832118428235,1.7768186396821193,2.8728933608178924,0.8349657741250487,143.72844432988245,0.013614231309609013,144.2226203918457,149.0507794881809,139.39446129551052,0.06695425562532861,0.6542599941225163,144.02341025662517,143.85838883019213,0.16502142643304296,-0.1829795418234903,0.34800096825653326,0.6170399764900667,0.35123292812001666
2021-12-26 00:00:00-05:00,145.29911422761188,147.0283222152052,145.2515035755231,145.7122039794922,26384000.0,0.0,-0.09063679868150651,-0.006693438061175727,0.014252370049046226,0.008821975567419286,0.14004452054207617,0.011654521779361356,0.1850097976654568,0.012925680657222596,0.20518881927149343,56.65832118428235,1.7768186396821193,2.7946023093081944,0.8405974409950553,143.89702631130783,0.012457279614271932,144.4091537475586,149.16040469127313,139.65790280384408,0.06580262844030203,0.6371270689940509,144.28322467552778,143.99570847088103,0.28751620464674943,-0.08888039252944235,0.3763965971761918,0.5485082759762023,0.34644614119558303
2021-12-27 00:00:00-05:00,146.04892654418316,147.12800557147986,145.9631335339908,146.694091796875,15976000.0,0.006715939582280981,0.5154152930646082,0.00831372292365895,0.02108695231947122,0.0030104640968178728,0.047789635986412594,0.0116201776290272,0.18446460118081287,0.012942890018306263,0.2054620094093916,59.71557935211178,1.4158015919876732,2.6961165437853,0.5225354876692615,143.85594227533122,0.019347401703633197,144.44074401855468,149.2463649984756,139.63512303863376,0.066541072085638,0.7344491781327915,144.65412730958118,144.19558871725096,0.4585385923302283,0.020603404442491785,0.43793518788773655,0.9377967125311643,0.7080110755163873
2021-12-28 00:00:00-05:00,147.0208719014242,147.08335898865232,144.85726596471994,145.4845733642578,18200000.0,-0.008279354285400865,-0.8385892042439165,0.0002183081777131779,0.012667911886367733,0.005318897882767868,0.08443488628051057,0.01004043051477394,0.15938689318869645,0.01289962588638941,0.2047752126069451,54.60581813406088,2.2260930239323784,2.662543435224377,0.6012454369765944,143.77999238381744,0.011716575448673274,144.36638259887695,149.0516158576072,139.6811493401467,0.06490753836713087,0.619331386894908,144.7818882410699,144.2910690614737,0.49081917959620114,0.11464655947323366,0.3761726201229675,0.4773255475796326,0.2544797711201077
2021-12-29 00:00:00-05:00,145.44240783326498,146.2085820571264,144.45358650051998,145.45281982421875,17788000.0,-0.00021828435195045602,-0.11029136186785107,0.0031086447178243493,0.011473143277940911,0.005316585126041316,0.08439817240566189,0.009933092862360058,0.1576829607810927,0.01137060641118064,0.18050278091988373,54.474032877625575,1.754995556606417,2.5977185867516654,0.593004493872598,143.72687020212607,0.011866044427179295,144.31760940551757,148.93224365601395,139.7029751550212,0.06395109050801603,0.6230011260999794,144.88510848463127,144.3771246735289,0.5079838111023776,0.19331400979906244,0.3146698013033151,0.492004504399917,0.25227436266056663
2021-12-30 00:00:00-05:00,145.4915143565753,146.09254961389885,144.79775486353165,145.00205993652344,15688000.0,-0.003103822872185727,-0.3748154746660235,0.009309302419936438,0.012472146735800882,0.005444245848506155,0.0864247235486587,0.009924241021777046,0.15754244216812568,0.011372957563479948,0.18054010430555414,52.5357350178128,1.2947947503672026,2.5046525984384895,0.5307548912473484,143.63405087210674,0.009434411242264839,144.22829818725586,148.70878787442985,139.74780850008187,0.062130521450885226,0.5863478998157922,144.90310101569162,144.42341617449145,0.47968484120016797,0.2505881760792836,0.2290966651208844,0.34539159926316915,0.09031570511211723
2021-12-31 00:00:00-05:00,144.85282030166462,145.49600304604013,143.66464233398438,143.66464233398438,18136000.0,-0.009266237924786988,-0.9264163113500528,0.0,0.05136653442332095,0.0065027228956996775,0.10322752576072292,0.010080116982902365,0.16001689633919028,0.011269572436187718,0.17889891628908616,47.17250544658954,1.831360712055755,2.456560320839723,0.6202080583274627,143.50308862889705,0.001124519592731499,144.07211608886718,148.39175457964973,139.75247759808462,0.0599649482224318,0.45283473886156356,144.7125689108136,144.36721070482426,0.34535820598932787,0.26954218206129243,0.07581602392803544,-0.18866104455374577,-0.4407713779185316
2022-01-01 00:00:00-05:00,144.85282030166462,145.49600304604013,143.66464233398438,143.66464233398438,18136000.0,0.0,-0.08333407487463909,0.0,0.051576375108464134,0.004387483937460648,0.06964914827886806,0.010080116982902365,0.16001689633919028,0.011269572436187718,0.17889891628908616,47.17250544658954,1.831360712055755,2.4119032059265826,0.6269856909253708,143.36926407534887,0.0020560261302765667,143.91593399047852,148.04368786996181,139.78818011099523,0.05736340327341913,0.4695607267498223,144.55134943745523,144.31516860328057,0.23618083417466096,0.26286991248396613,-0.02668907830930517,-0.12175709300071096,-0.4364769407398265
2022-01-02 00:00:00-05:00,144.85282030166462,145.49600304604013,143.66464233398438,143.66464233398438,18136000.0,0.0,-0.08333407487463909,-0.0009617721054256956,0.05718297163083785,0.003995348640647306,0.06342419342491644,0.010080116982902365,0.16001689633919028,0.011269572436187718,0.17889891628908616,47.17250544658954,1.831360712055755,2.3704358849358096,0.6368201130657678,143.31869727233524,0.0024080041966407896,143.86760940551758,147.98271900975791,139.75249980127725,0.0572068948840476,0.4753388012649693,144.41493295999817,144.26698147222157,0.14795148777659506,0.23988622754249195,-0.09193473976589689,-0.09864479494012274,-0.4247558255363618
2022-01-03 00:00:00-05:00,143.8659193516871,144.6553994298771,142.5349249798288,143.80294799804688,28646000.0,0.000962234904979237,0.005434292843110664,0.004099386796684534,0.05820071956485662,0.00419508877726739,0.06659496979492528,0.009577011180295648,0.1520303393180847,0.010554753870225208,0.16755152334067444,47.86000050125076,2.120474450048306,2.352581496729559,1.023473507449355,143.38409181036252,0.0029127093256116274,143.92138900756837,148.0017208250796,139.84105719005714,0.05670222953860806,0.4854863507652507,144.32078142739027,144.23260862228273,0.08817280510754699,0.20954354305550296,-0.12137073794795597,-0.05805459693899743,-0.3517560023973816
2022-01-04 00:00:00-05:00,144.20417299307056,145.28425084886646,142.53845076978192,143.21585083007812,28400000.0,-0.004091007203619271,-0.45635994954228326,0.0480821885990812,0.05388045593849866,0.00426609146477827,0.06772210251635141,0.009155765568891434,0.1453432725461673,0.010430341148005322,0.1655765326031162,45.172559342075985,2.745800079084546,2.380668538326344,1.0293398089922257,143.25307178882719,-0.00025989412857115843,143.8201530456543,147.86297209386618,139.77733399744244,0.056220480406922034,0.4252622726407375,144.15079210472686,144.15729323026758,-0.006501125540722796,0.16633460933625782,-0.17283573487698062,-0.2989509094370493,-0.5581609233155914
2022-01-05 00:00:00-05:00,143.23616397542605,143.3150106060316,136.55935260045507,136.6456298828125,54618000.0,-0.046962007059595266,-4.23261865480287,0.0001995885148258214,-0.00645076398333988,0.02074412632334043,0.3293027965012046,0.013039683779849525,0.20699856273842734,0.01193156997167469,0.18940780137370328,26.9407287407293,6.755658005576521,2.693167785987071,1.9071263211925038,142.622548189989,-0.043740281429434064,143.48938751220703,148.65218520454957,138.3265898198645,0.07196069035981248,-0.1627954490203243,142.99615176289387,143.6008737230487,-0.6047219601548193,0.012123295438042414,-0.6168452555928616,-2.651181796081298,-2.891134641357568
2022-01-06 00:00:00-05:00,135.87550910453731,138.7928950463076,135.43911342349688,136.6183624267578,37348000.0,-0.00019956859968795724,-0.06770968866667866,0.005331611336166997,-0.014230178375981728,0.020720209646007962,0.3289231310187525,0.012810592782461064,0.20336185589826566,0.011827703512948087,0.187758972457594,26.892218710494973,3.3537816228107147,2.740354488617331,1.3345482481999607,142.40739910058053,-0.0423737817595806,143.29214477539062,149.17663283925796,137.4076567115233,0.08213273760527806,-0.06706567132084078,142.01495340348833,143.08365066406418,-1.0686972605758456,-0.20404081576473518,-0.8646564448111104,-2.2682626852833683,-2.6840010425865617
2022-01-07 00:00:00-05:00,137.01307300645394,137.31359818480337,134.65357655381715,135.89382934570312,29760000.0,-0.005317448614230107,-0.5304840166561356,0.0,-0.031206127397389927,0.02020496240089835,0.3207438345731254,0.012251716083164058,0.19448996333893465,0.011820760084272882,0.18764874894446976,25.574485785307715,2.660021630986222,2.7346164273579663,1.1041565409031378,142.22027951822994,-0.046554359406804496,143.05867538452148,149.7184851665377,136.39886560250525,0.09310598975022799,-0.037916717844246835,141.07324200998292,142.55107130714856,-1.4778292971656413,-0.4587985120449164,-1.0190307851207248,-2.151666871376984,-2.7167307470431052
2022-01-08 00:00:00-05:00,137.01307300645394,137.31359818480337,134.65357655381715,135.89382934570312,29760000.0,0.0,-0.05410098388892126,0.0,-0.011328833919405756,0.020065192760921505,0.3185250603238308,0.012251716083164058,0.19448996333893465,0.011820760084272882,0.18764874894446976,25.574485785307715,2.660021630986222,2.7292882276171273,1.1481525777491426,142.01824806471842,-0.04506767340726899,142.82520599365233,150.14776828571814,135.50264370158652,0.10253879546151332,0.02671098097318091,140.2764092924014,142.05794227296744,-1.781532980566027,-0.7233454057491386,-1.0581875748168883,-1.8931560761072794,-2.53259581721533
2022-01-09 00:00:00-05:00,137.01307300645394,137.31359818480337,134.65357655381715,135.89382934570312,29760000.0,0.0,-0.05410098388892126,-0.011917099422845023,-0.017662021541213657,0.02051179902346718,0.3256147149517901,0.012251716083164058,0.19448996333893465,0.011820760084272882,0.18764874894446976,25.574485785307715,2.660021630986222,2.7243406135720627,1.142492984187068,141.75044731098282,-0.04309701178837874,142.59758834838868,150.49219204024433,134.70298465653303,0.11072562703610207,0.07542143568261754,139.60216622367858,141.60134131539232,-1.999175091713738,-0.9785113429420587,-1.0206637487716794,-1.698314257269528,-2.3645770319394024
2022-01-10 00:00:00-05:00,133.97076939088103,137.6816011864464,132.07295639650786,137.53282165527344,44408000.0,0.011988677287547779,1.0124407856381434,-0.007631897628329276,-0.005814210644686679,0.006396620077709048,0.10154319574188479,0.012606645883664652,0.20012429924899666,0.011935370797340219,0.18946813761062947,34.62521886698248,5.6086447899385234,2.930362340455382,1.6551066121524063,141.37215915946354,-0.02791579099433743,142.35940856933593,150.57325068421034,134.14556645446152,0.11539584488894349,0.20619188641804767,139.283805520847,141.29996948871684,-2.0161639678698293,-1.1860418679276128,-0.8301220999422165,-1.1752324543278114,-1.783767620394884
2022-01-11 00:00:00-05:00,136.8757148384734,139.06660657340043,135.57199131832226,138.5905303955078,28730000.0,0.007661169587874443,0.6192816961344105,-0.011981211403259695,0.0018316660715902433,0.0068850133322425535,0.10929619830286753,0.012356603752987076,0.1961550034786272,0.011986782465753371,0.1902842725452782,39.71982136869453,3.4946152550781733,2.9706661200712956,1.0659968164800955,141.03625378270405,-0.017647117593219866,142.02819595336913,150.2913221122335,133.76506979450477,0.11635895398653555,0.29198759090870674,139.17714780925635,141.09927029662728,-1.9221224873709275,-1.333257991816276,-0.5888644955546516,-0.8320496363651716,-1.420113693402074
2022-01-12 00:00:00-05:00,139.9929457226333,141.4390018146242,139.54118939726052,140.27114868164062,26108000.0,0.012053564616766033,1.0085025968233157,0.02051756729693688,0.01398037935540497,0.006055763008925645,0.09613225752216886,0.011753465507116577,0.18658048065003677,0.0118331431655649,0.18784532426585002,46.81231305501543,2.848471419116379,2.9619379271459447,0.9692064965197216,140.770183000392,-0.003557640494439654,141.75614318847656,149.86541665775792,133.6468697191952,0.11441159849417475,0.40843849868541116,139.345455635777,141.0379279547764,-1.6924723189993927,-1.4051008572528993,-0.2873714617464933,-0.3662460052583548,-0.8986098819811846
2022-01-13 00:00:00-05:00,140.37977039221903,141.67904485341882,137.27443890098434,137.45098876953125,31436000.0,-0.020309917521298376,-1.8691731976128427,-0.006405757383331712,0.01903717375183911,0.013548438390444614,0.21507479180638,0.012366462040100386,0.19631149893495656,0.012093724469240261,0.19198192422087806,38.60412416166605,4.40460595243448,3.064985643237983,1.1561561009337957,140.33853237874308,-0.021007805291626346,141.34308242797852,149.44549344926102,133.240671406696,0.11464885132119708,0.25981879663818896,139.0539991948161,140.77222875586932,-1.7182295610532208,-1.4677265980129637,-0.2505029630402571,-0.9607248134472453,-1.6584122993517065
2022-01-14 00:00:00-05:00,135.9553241572003,139.5883072001904,135.87549384235362,138.33714294433594,29662000.0,0.006426362287637183,0.5120331156303819,0.0,0.03229820708605291,0.013583001776933244,0.21562346855708278,0.012517270601793244,0.1987055106338684,0.011841660060093042,0.18798052577503419,42.042976673277124,3.7128133578367795,3.1112590514236116,1.084375228485779,139.97086372897056,-0.011809704536777915,140.9743293762207,148.90906219742305,133.03959655501836,0.11256989632526333,0.3338200862392012,138.94371361781916,140.59185202908907,-1.6481384112699118,-1.5038089606643532,-0.14432945060555857,-0.6647196550431959,-1.3529625911531487
2022-01-15 00:00:00-05:00,135.9553241572003,139.5883072001904,135.87549384235362,138.33714294433594,29662000.0,0.0,-0.060317307895946776,0.0,0.04630665319918781,0.012757079326400675,0.20251235611907742,0.012517270601793244,0.1987055106338684,0.011841660060093042,0.18798052577503419,42.042976673277124,3.7128133578367795,3.1542272161674094,1.0779165561325537,139.60757483867806,-0.009183592109122278,140.6055763244629,148.29490794609015,132.91624470283566,0.10937449029593627,0.3524947621099667,138.8503950526679,140.42483654132957,-1.5744414886616767,-1.517935466263818,-0.056506022397858624,-0.5900209515601323,-1.3059712615219603
2022-01-16 00:00:00-05:00,135.9553241572003,139.5883072001904,135.87549384235362,138.33714294433594,29662000.0,0.0,-0.060317307895946776,0.0,0.07003360207915077,0.01223120526371869,0.19416436417430308,0.012517270601793244,0.1987055106338684,0.011841660060093042,0.18798052577503419,42.042976673277124,3.7128133578367795,3.19412622628665,1.0517619192828929,139.34004651504705,-0.007249705678211528,140.18772888183594,147.37589881767718,132.9995589459947,0.10255062969027973,0.37127558516161996,138.77143318984758,140.2701925711819,-1.4987593813343096,-1.5141002492779165,0.015340867943606895,-0.5148976593535212,-1.2619125158937394
2022-01-17 00:00:00-05:00,135.9553241572003,139.5883072001904,135.87549384235362,138.33714294433594,29662000.0,0.0,-0.07027067299624172,0.02560696312829447,0.07003360207915077,0.01018872245167035,0.16174095470748034,0.012355501400369699,0.1961375041733311,0.011842159251055343,0.18798845018589208,42.04297667327712,3.7128133578367795,3.2311753071116596,1.0308146222628434,139.0940394979698,-0.005471390672990918,139.83035736083986,146.6087333056989,133.0519814159808,0.09695142131929309,0.38985455892008897,138.70461930592273,140.12700370993403,-1.4223844040112965,-1.4957570802245925,0.07337267621329602,-0.4405817643196434,-1.2273515099009948
2022-01-18 00:00:00-05:00,135.0587449968263,136.00740156008052,134.32828625328975,134.88319396972656,34872000.0,-0.025284596482881186,-2.3208572174795052,0.006524179533014207,0.043317411589471666,0.012343848186055686,0.1959525151310346,0.013257385597208009,0.21045447195061145,0.012227193698985544,0.19410068255839022,32.49967365400872,4.008856691046191,3.2867239773926977,1.1769351490912772,138.65537095866907,-0.02796624900348326,139.30187606811523,145.8796984412244,132.72405369500606,0.09443982462795801,0.16412272574790798,138.1167077157387,139.73857335880754,-1.621865643068844,-1.5209787927934428,-0.10088685027540123,-1.3435090970083654,-2.123106530710296
2022-01-19 00:00:00-05:00,135.40435982173292,136.82859294560305,133.90872587033735,134.00889587402344,28648000.0,-0.006502989190189676,-0.6635440130873261,0.013570154454377814,0.03296902730278073,0.010948853445969691,0.17380766015597024,0.013248093312719767,0.21030696150740616,0.012240156397154943,0.19430645901244997,30.605856306931543,2.9198670752656994,3.260519912955055,0.9461811576252993,138.27112675933043,-0.031805581692977675,138.75221786499023,145.1594975975572,132.34493813242327,0.09235570906407312,0.12984900075008401,137.48473666316713,139.3141528043791,-1.829416141211965,-1.5826662624771473,-0.24674987873481768,-1.4806039969996623,-2.2492427461043762
2022-01-20 00:00:00-05:00,135.133105704383,136.49783311871093,131.87453108390275,132.2147216796875,29908000.0,-0.013478904498910992,-1.2853715754602992,0.022676859415368567,0.05020264535239227,0.010647411982526445,0.16902242527328504,0.013409306791720886,0.21286614614797714,0.012208933104379288,0.19381080460566832,27.114099185894077,4.623302034808177,3.357861493087421,0.9689594733380634,137.81925275907793,-0.042389614470984174,138.1797218322754,144.78203032048057,131.5774133440702,0.09556117787267168,0.04826405315321321,136.6739651272472,138.7882690173649,-2.114303890117725,-1.6889937880052628,-0.4253101021124621,-1.806943787387148,-2.5715536700138144
2022-01-21 00:00:00-05:00,131.5066158303364,133.7599798995472,129.02016235439484,129.28298950195312,55652000.0,-0.022423561621034014,-2.0770344322297425,0.0,0.008655012364303438,0.010603160467812093,0.16831995425485252,0.013944917540071414,0.2213687031859893,0.012470840822039609,0.19796846072993468,22.58072345121721,4.739817545152363,3.4565726396634884,1.6997180982166582,136.93190030226262,-0.0591640928924678,137.46063919067382,144.6539206153903,130.26735776595734,0.10465950787175608,-0.06842275492113231,135.53689195412502,138.0841742384455,-2.547282284320488,-1.8606514872683082,-0.6866307970521799,-2.273691019684526,-3.030932685773794
2022-01-22 00:00:00-05:00,131.5066158303364,133.7599798995472,129.02016235439484,129.28298950195312,55652000.0,0.0,-0.04837526526583899,0.0,0.010437534983639862,0.010603160467812093,0.16831995425485252,0.013944917540071414,0.2213687031859893,0.012470840822039609,0.19796846072993468,22.580723451217196,4.739817545152363,3.548232990055551,1.6076169127353925,136.14071227800608,-0.053044277537760295,136.74155654907227,144.19419107275786,129.28892202538668,0.10900321324060797,-0.00039801518608640924,134.57475311532934,137.43223462833495,-2.8574815130056095,-2.060017492415769,-0.7974640205898407,-2.001592060744343,-2.776841282241914
2022-01-23 00:00:00-05:00,131.5066158303364,133.7599798995472,129.02016235439484,129.28298950195312,55652000.0,0.0,-0.04837526526583899,-0.0034592625987388548,-0.022493170873361,0.009580466098510458,0.15208518444446345,0.013944917540071414,0.2213687031859893,0.012470840822039609,0.19796846072993468,22.580723451217196,4.739817545152363,3.6333461725624665,1.5472642348754448,135.30505503772417,-0.04658049414675757,136.01555862426758,143.40044902856513,128.63066821997003,0.10858890672496867,0.044165941961947126,133.76063563634838,136.82858684119554,-3.067951204847162,-2.2616042349020473,-0.8063469699451149,-1.8233362321522106,-2.572290838682638
2022-01-24 00:00:00-05:00,124.94532175448224,130.12749709636913,123.47944046052136,129.7317657470703,76622000.0,0.0034652596819203588,0.26557455103660776,0.030480129919917553,-0.019099980121493054,0.011023503692402112,0.17499269608018947,0.014009180001130099,0.22238883812957883,0.012326818050515623,0.19568217011043823,24.978838080269384,6.648056635847766,3.8486826342257023,1.9964511934881224,134.45602109407864,-0.036415563449732895,135.3413543701172,142.41390616739713,128.26880257283725,0.10451427548062919,0.10342541250781037,133.14080949953637,136.30289638977885,-3.1620868902424775,-2.4417007659701335,-0.7203861242723439,-1.586298349968761,-2.3185156572140917
2022-01-25 00:00:00-05:00,127.68469738972522,128.33829204225916,125.46355309123716,125.8944854736328,46960000.0,-0.03002483918277541,-2.7234383915348293,-0.01778181111687316,-0.04811360122515296,0.01530069839544588,0.2428910570397289,0.015039171452707311,0.23873944552995321,0.012829245103275617,0.20365795231176267,19.435266360218137,4.268212655833153,3.8786490643405207,1.2359130649907095,133.76958170598297,-0.0625531468095918,134.8037971496582,143.00344463147414,126.6041496678423,0.12165306401143483,-0.04327406731711898,132.02599041862814,135.53190298858283,-3.5059125699546883,-2.6545431267670447,-0.8513694431876435,-2.1730962692684757,-2.845305735794157
2022-01-26 00:00:00-05:00,130.04418655853962,131.9097642410679,126.0997821030536,128.17364501953125,49130000.0,0.017941807035806258,1.5500426882077463,0.0017672272456745741,-0.04486567949603404,0.017468215649236375,0.27729932673555685,0.012720539272959765,0.2019323007532915,0.013066759456788856,0.20742837578498852,29.450220978116292,6.015278767435106,4.03126547170442,1.2732828305079913,133.27544970264896,-0.039803851114168495,134.38156127929688,143.04440567595185,125.7187168826419,0.12892906309743243,0.14169296044595256,131.43332189569017,134.98684684272715,-3.5535249470369763,-2.8343394908210313,-0.719185456215945,-1.4332281582161894,-2.256377855331353
2022-01-27 00:00:00-05:00,130.2276834310956,131.56512510672957,127.87561726096432,127.9475326538086,31950000.0,-0.0017656675369085322,-0.19720306278194596,-0.03259054094574387,-0.0627631419523551,0.017442490138458014,0.2768909469123389,0.012707589974205862,0.20172673700835844,0.013064404194238334,0.20739098715110285,29.064212503255263,3.689507845765249,4.006854212708765,0.8256923410897589,132.95479947589016,-0.03913531365727756,133.98424644470214,143.07346197493382,124.89503091447045,0.1356758838656898,0.1679188775524796,130.8970466277084,134.4654161620665,-3.568369534358112,-2.9811454995284477,-0.5872240348296645,-1.3283244897900819,-2.1650466126688066
2022-01-28 00:00:00-05:00,128.59615164447928,132.26335206297418,127.43177919070502,132.2578887939453,34362000.0,0.033133440830165624,2.8574421724958343,0.0,-0.09897989796484796,0.023626454494300765,0.3750583377246248,0.01494811651035145,0.2372939931312516,0.013389300557139877,0.21254855701974412,44.10456859884127,4.831572872269163,4.065762688391651,0.8827768343656631,132.81168700318165,-0.004187260316086992,133.80244941711425,142.87628149488498,124.72861733934351,0.13563028356056578,0.41488928768293876,131.10640696097562,134.30189561627975,-3.195488655304132,-3.0240141306835846,-0.17147452462054735,-0.34044284926824503,-1.34933177844041
2022-01-29 00:00:00-05:00,128.59615164447928,132.26335206297418,127.43177919070502,132.2578887939453,34362000.0,0.0,-0.05248845893620106,0.0,-0.06806214214298589,0.023716880288850946,0.37649380271153604,0.01494811651035145,0.2372939931312516,0.013389300557139877,0.21254855701974412,44.10456859884126,4.831572872269163,4.120463415811473,0.8775890690844081,132.67025657261183,-0.0031179068592950285,133.62065238952636,142.66369950129774,124.57760527775496,0.13535403322847747,0.4246513051000742,131.28355801220172,134.15048770351422,-2.8669296913124924,-2.9925972428093663,0.12566755149687392,-0.3013947795997046,-1.3051659197173753
2022-01-30 00:00:00-05:00,128.59615164447928,132.26335206297418,127.43177919070502,132.2578887939453,34362000.0,0.0,-0.05248845893620106,-0.014430394600663421,-0.06938222242741199,0.01530166641547103,0.24290642388123296,0.01494811651035145,0.2372939931312516,0.013389300557139877,0.21254855701974412,44.10456859884126,4.831572872269163,4.171256948415594,0.8889935243851012,132.3725974546183,-0.0008673105379120483,133.35690574645997,142.2255393026472,124.48827219027274,0.13300598880193584,0.4380391045840468,131.4334550555469,134.0102951916943,-2.5768401361474105,-2.9094458214769756,0.33260568532956514,-0.24784358166381282,-1.2653298279097058
2022-01-31 00:00:00-05:00,133.06222894230496,134.3624868099739,131.12573488414426,134.19436645507812,39986000.0,0.014535525356024806,1.240511773955188,-0.017004050212078403,-0.055756414895204665,0.014923148252761434,0.23689763432972893,0.015071075231222175,0.2392459023129549,0.013177268946733732,0.20918265955242893,50.04753206649688,3.2367519258296227,4.104506589659453,1.0196478433272558,132.23770696726078,0.014580787103848684,133.13709754943847,141.6711697073485,124.60302539152843,0.1281997627256525,0.5619439867671907,131.85821065547478,134.0239301000931,-2.1657194446183325,-2.760700546105247,0.5949811014869146,0.24777594706876316,-0.9080545299856957
2022-02-01 00:00:00-05:00,136.466592286511,136.66346669345492,133.2670388818161,136.51568603515625,68644000.0,0.01715027909989668,1.4602678572072272,-0.06997322819486684,-0.0394227104307876,0.013810607878859769,0.2192366034125532,0.015485645765601864,0.24582700552213776,0.013007624605735771,0.20648963912676868,56.076351567699994,3.39642781163883,4.053929534086551,1.6603817397677438,132.33920168194476,0.03059343929265346,132.94932441711427,140.97244024048715,124.92620859374139,0.12069434513561286,0.7222553990590841,132.57474532927193,134.2085046138015,-1.6337592845295603,-2.5353122937901102,0.9015530092605499,0.889021596236337,-0.5015430844219765
2022-02-02 00:00:00-05:00,150.01019426294275,150.30425741715118,144.32964959852964,146.78683471679688,123200000.0,0.07254190636192988,5.877442140168009,0.034314168742769935,0.06321070374577609,0.029979403799679977,0.4759082814476284,0.022165074996474136,0.35185965739059855,0.015910465196153793,0.2525708049142286,72.11375689615195,13.788571381994927,4.749261094651436,2.682313495389774,134.10192389377394,0.08641722432053638,133.41611671447754,143.39096032567116,123.44127310328392,0.1495298147905276,1.1702219364780273,134.76122061966038,135.14023276957892,-0.3790121499185375,-2.104052265015796,1.7250401150972583,2.6808877459121105,1.2045769342946684
2022-02-03 00:00:00-05:00,144.5111378369467,148.4480970136978,141.49604864905484,141.9170684814453,71518000.0,-0.03373856817927055,-2.7871769482024207,-0.0014164896009929429,0.026478004177571846,0.038445704851146394,0.6103066440883372,0.023022912851286787,0.365477411164907,0.016406178120868375,0.26044000363708025,60.78228110643671,6.9520483646429625,4.906603042507974,1.4892354336332572,134.55305745096734,0.05188953738458008,133.595112991333,144.05830197405464,123.13192400861135,0.15664029541859736,0.897677777963045,135.8621202907042,135.64222060008754,0.21989969061667125,-1.6392618738893023,1.8591615645059736,1.5907111118521795,0.3873372317526765
2022-02-04 00:00:00-05:00,142.26864026795846,143.68741021845733,139.36315001999446,142.11837768554688,57998000.0,0.0014174937707638307,0.05183603100153892,0.0,0.012013289134732874,0.03832078140069465,0.6083235457914447,0.02299549976651437,0.36504224193504525,0.01638399319611933,0.2600878288746363,61.05471643514586,4.324260198462866,4.865007125076181,1.1730963327339547,134.88328524081896,0.050908915247656276,133.78417472839357,144.73349668464414,122.83485277214298,0.16368635495909306,0.8805807789036478,136.82462142837232,136.12193593975118,0.7026854886211424,-1.1708724013872136,1.873557890008356,1.5223231156145889,0.4205036173236085
2022-02-05 00:00:00-05:00,142.26864026795846,143.68741021845733,139.36315001999446,142.11837768554688,57998000.0,0.0,-0.06269806254893083,0.0,0.0337108306194438,0.03885380176542035,0.6167849817642277,0.02299549976651437,0.36504224193504525,0.01638399319611933,0.2600878288746363,61.054716435145856,4.324260198462866,4.826382344603802,1.1404155581641822,135.1951136892769,0.048714769398708536,133.9732364654541,145.37481416080635,122.57165877010186,0.1702067964640418,0.8571936024000023,137.63904546793765,136.56611680981013,1.0729286581275232,-0.7221121894842663,1.7950408476117894,1.4287744096000092,0.43516067525850494
2022-02-06 00:00:00-05:00,142.26864026795846,143.68741021845733,139.36315001999446,142.11837768554688,57998000.0,0.0,-0.06269806254893083,0.029395998938095858,0.06710089136362596,0.03898424484774376,0.6188557015006864,0.02299549976651437,0.36504224193504525,0.01638399319611933,0.2600878288746363,61.05471643514586,4.324260198462866,4.790516477022307,1.109506310056491,135.49003885574885,0.04663956159465865,134.16229820251465,145.98614240026671,122.33845400476257,0.1762618016561445,0.8364421650847205,138.328173501416,136.97739539319804,1.350778108217952,-0.30753412994382257,1.6583122381617745,1.3457686603388797,0.454162983930591
2022-02-07 00:00:00-05:00,143.06757616212872,143.06757616212872,137.76142430297742,138.05996704101562,54974000.0,-0.028972221438693328,-2.367404059861336,-0.0014201889773999277,0.03662817075685698,0.01752367158522756,0.27817966242768677,0.023926644844024878,0.3798237117927339,0.016755243614812523,0.26598124656658106,51.965211999358985,5.306151859151299,4.827347575745807,1.03181753342793,135.64248328666906,0.017510389189274275,134.3211368560791,146.27044357431274,122.37183013784548,0.1779214649000021,0.6564454856293621,138.2869109690467,137.05758588562898,1.2293250834177059,-0.0001622872715168755,1.2294873706892226,0.6257819425174482,-0.21616367018543292
2022-02-08 00:00:00-05:00,137.8868730262489,138.8523885484705,135.8908729676065,138.25631713867188,54284000.0,0.0014211984015942527,0.0636128562551092,-0.015488126660544221,0.038102472445636026,0.013293103834288018,0.21102148138611157,0.02322017972381858,0.36860892568469056,0.016347743778582096,0.2595123872107895,52.33493882216236,2.9615155808639884,4.694073861825677,0.9949304076568073,135.8153996118374,0.01765501625785553,134.53350791931152,146.60975073451797,122.45726510410506,0.17952765823142533,0.6541377262915159,138.2822042259121,137.14638079326178,1.1358234326503123,0.22703485671284898,0.9087885759374633,0.6165509051660639,-0.1600583674336232
2022-02-09 00:00:00-05:00,139.80799308806806,141.35620183871598,139.03785374463664,140.43133544921875,40144000.0,0.015609320701983339,1.1890826819546578,0.0214399768438438,0.04475886437388188,0.016252226476968015,0.2579960970549407,0.02335550952733283,0.37075721971513426,0.016455966485372238,0.2612303694210514,56.34351655564624,3.0998847000441003,4.580203207412707,0.7289313703415867,136.0814050917607,0.030975496626470693,134.9443386077881,147.24539765831614,122.64327955726006,0.18231308074776992,0.723029448882904,138.61283979872852,137.3897107677771,1.2231290309514122,0.42625369156056164,0.7968753393908505,0.8921177955316153,0.24255281617291258
2022-02-10 00:00:00-05:00,138.55831786227063,140.3247091861647,136.8261287196153,137.4836883544922,39330000.0,-0.02121337372908829,-1.7370013937831192,0.032301161751563834,0.014724439874058914,0.01813295152458698,0.28785168161788,0.02367441342013442,0.3758196620700347,0.0166537993881154,0.264370869391878,50.18392350783667,3.6052067296034522,4.510560601854903,0.724892777428612,136.48089531236846,0.007293905583461616,135.35437355041503,147.4050219779233,123.30372512290676,0.17806071738080637,0.588348557211931,138.43912419192293,137.39667207049675,1.0424521214261802,0.5494933775336853,0.49295874389249483,0.3533942288477226,-0.2573899818268323
2022-02-11 00:00:00-05:00,137.46387619119915,138.0158025928326,132.30648944702975,133.1817626953125,39958000.0,-0.031790447889882154,-2.5388550176787135,0.0,-0.025087341370891525,0.020628353657295782,0.32746496240336614,0.024236394455927908,0.38474083444349905,0.01709230268942998,0.27133189349803316,42.82553135444741,5.7093131458028665,4.596185783565472,0.74727518907233,136.73219797868936,-0.0266585695482901,135.549312210083,147.30905278884813,123.78957163131787,0.17351236073465476,0.3993366605788206,137.63029934629054,137.08445656122385,0.5458427850666965,0.5487632590402876,-0.0029204739735910756,-0.4026533576847174,-0.9996873391765695
2022-02-12 00:00:00-05:00,137.46387619119915,138.0158025928326,132.30648944702975,133.1817626953125,39958000.0,0.0,-0.03597145247674354,0.0,0.013154572759326078,0.019022978216557955,0.30198041734086817,0.024236394455927908,0.38474083444349905,0.01709230268942998,0.27133189349803316,42.82553135444741,5.7093131458028665,4.675694880868144,0.7584048406719697,136.99098627055523,-0.02860169063805908,135.74425086975097,147.19173357700438,124.29676816249756,0.16866250517287068,0.3880763465659217,136.9459090922939,136.7953681267119,0.15054096558199603,0.4691188003486293,-0.31857783476663326,-0.447694613736313,-0.96747748820353
2022-02-13 00:00:00-05:00,137.46387619119915,138.0158025928326,132.30648944702975,133.1817626953125,39958000.0,0.0,-0.03597145247674354,-0.009175361725575537,0.029750106093213047,0.01887207563452245,0.29958491311528734,0.024236394455927908,0.38474083444349905,0.01709230268942998,0.27133189349803316,42.82553135444741,5.7093131458028665,4.74952475693491,0.785744203469954,137.38821109326324,-0.03158426734127306,135.9167507171631,147.08328277013422,124.75021866419198,0.1643142878865342,0.3775363734740327,136.36680964660445,136.52769365031196,-0.16088400370750833,0.34311823953740184,-0.5040022432449102,-0.4898545061038696,-0.9359879274983339
2022-02-14 00:00:00-05:00,132.16417235989616,135.1827270188193,132.16417235989616,134.41506958007812,34302000.0,0.009217714624816294,0.6874389033397308,-0.00792408304762482,0.039285930441313566,0.017045244437768687,0.27058486691185757,0.024293169302445936,0.38564210719116243,0.017059626876911062,0.27081318105516106,45.67759748129781,3.0185546589231365,4.6258840356483555,0.6830237670447304,137.824047096386,-0.025361572381413518,136.34277992248536,146.50425058767524,126.18130925729547,0.14905770105269917,0.40514609519018835,136.06654194406195,136.3712029784428,-0.30466103438084247,0.21356238475375297,-0.5182234191345955,-0.37941561923924805,-0.688250772354784
2022-02-15 00:00:00-05:00,136.4427979327925,136.9763973849014,134.7081419187358,135.4886932373047,26680000.0,0.00795564543961082,0.5848024754636966,-0.008200226029794866,0.047587097602334705,0.016704485048971533,0.2651754793138517,0.02320344058155608,0.368343200039168,0.01702645498962085,0.27028659366942964,48.10450225180878,2.5613278048232644,4.478415733446563,0.5433996696423298,138.24342721043843,-0.02033183660801052,136.70853233337402,146.13171495988126,127.28534970686678,0.13785800294495304,0.435274569939993,135.97764214302236,136.30583188650664,-0.3281897434842733,0.10521195910614771,-0.43340170259042105,-0.2589017202400281,-0.4781149295833659
2022-02-16 00:00:00-05:00,135.52635776433524,136.95405656109108,133.81797410147496,136.60891723632812,25022000.0,0.008234032825692766,0.6049978489780092,0.03922598993020787,0.05624857465818045,0.004662368795616575,0.07401281012201515,0.022997063927683276,0.3650670722238254,0.016905972174733816,0.2683739882767409,50.58516975362117,3.1360824596161194,4.382534785315817,0.51325179121224,138.53885684755218,-0.014127479012847577,137.1416015625,145.61802819289593,128.66517493210407,0.12361568676202085,0.46857848540435054,136.07476138814633,136.32828265316007,-0.2535212650137453,0.03346531428216912,-0.2869865792959144,-0.12568605838259758,-0.2634829877349089
2022-02-17 00:00:00-05:00,135.12619300415574,135.98955606011734,131.3925552622797,131.4525604248047,38950000.0,-0.03847619561714633,-2.9984484302060066,0.01638006063446862,0.0209956007073,0.02038575950305301,0.3236138995934996,0.024711598477840078,0.39228446442748277,0.017484806272227635,0.27756269471073985,40.89499141664225,5.216361974048425,4.442093870225289,0.7952014340166553,138.4774205224567,-0.053440268298695234,137.10133514404296,145.68244905736688,128.52022123071905,0.12517914437971492,0.1708600552157099,135.36365354763223,135.96711804365225,-0.6034644960200239,-0.0939206477782695,-0.5095438482417545,-1.3165597791371617,-1.1596490973389388
2022-02-18 00:00:00-05:00,132.37293985364457,132.97100892915242,129.12925617493363,129.3340606689453,45620000.0,-0.016247354635147586,-1.2727660753102437,0.0,0.022063254056250647,0.021145712326334342,0.33567777666476256,0.023864614626717334,0.3788390126201316,0.01744324881385553,0.2769029905109048,37.69965849692911,3.8417527542187884,4.399212361939111,0.9207939577185624,138.27214470080446,-0.06910850850602954,136.95514373779298,145.97223677676303,127.93805069882293,0.1316795089673111,0.07740909204824141,134.4360238739881,135.47578046034062,-1.0397565863525244,-0.2830878354931205,-0.7566687508594039,-1.6903636318070347,-1.4807572373107702
2022-02-19 00:00:00-05:00,132.37293985364457,132.97100892915242,129.12925617493363,129.3340606689453,45620000.0,0.0,-0.021584636660512423,0.0,-0.01724292858009968,0.019865257956307787,0.31535119369522574,0.023864614626717334,0.3788390126201316,0.01744324881385553,0.2769029905109048,37.69965849692911,3.8417527542187884,4.359393818530517,0.9104498164930719,138.07148099041018,-0.06755699369735191,136.80895233154297,146.23235106178552,127.38555360130043,0.1377599721311493,0.10338664018277886,133.65110645782767,135.0208382535706,-1.369731795742922,-0.5004166275430808,-0.8693151681998412,-1.5864534392688834,-1.4251714244602052
2022-02-20 00:00:00-05:00,132.37293985364457,132.97100892915242,129.12925617493363,129.3340606689453,45620000.0,0.0,-0.021584636660512423,0.0,-0.030168870707749318,0.01857376114490614,0.29484931740321585,0.023864614626717334,0.3788390126201316,0.01744324881385553,0.2769029905109048,37.69965849692911,3.8417527542187884,4.322419456793965,0.9053599212523418,137.82978956964263,-0.06568825610790742,136.56593704223633,146.50955625715665,126.62231782731601,0.14562371013271067,0.13635592750576947,132.98694556723038,134.59959546952427,-1.6126499022938958,-0.7228632824932438,-0.889786619800652,-1.454576289976922,-1.3778800220216694
2022-02-21 00:00:00-05:00,132.37293985364457,132.97100892915242,129.12925617493363,129.3340606689453,45620000.0,0.0,-0.019253444584872596,0.004541155667644903,-0.030168870707749318,0.01692232823347675,0.2686336326599187,0.023598842362240278,0.3746200087170229,0.01744394080860808,0.27691397558704767,37.69965849692911,3.8417527542187884,4.288086120895739,0.9265276942824183,137.52781523556814,-0.06335341613990049,136.20685577392578,146.66355997698344,125.75015157086813,0.15354152540476443,0.1713689623652743,132.4249632751865,134.20955585466658,-1.7845925794800621,-0.9352091418906076,-0.8493834375894546,-1.3145241505389034,-1.3350135403536656
2022-02-22 00:00:00-05:00,128.77367925061782,131.09697591573786,127.17241181915688,128.7493896484375,44990000.0,-0.004530875730360596,-0.3698107885349988,0.017442887521079253,-0.0345531153000147,0.007038437257300072,0.11173172760808515,0.023201234097980732,0.36830817319829406,0.017350397540775653,0.2754290222459942,36.637014121619245,3.92456409658098,4.262120262016113,0.9925629479935845,135.8338478658794,-0.05502517904579339,135.30498352050782,145.0034698224241,125.60649721859153,0.14335741448054373,0.16203004943281607,131.8594904095328,133.8050990986496,-1.9456086891167956,-1.1372890513358453,-0.8083196377809503,-1.3518798022687368,-1.3927205792580597
2022-02-23 00:00:00-05:00,130.56934576146136,130.9685427450542,126.48212435927556,126.54212951660156,32786000.0,-0.017292506558840938,-1.3457552384745355,-0.038457681048952974,-0.05530279910914604,0.007488451359650445,0.1188754800158315,0.01567997438462401,0.24891187671346904,0.017231485584040092,0.273541353453388,32.870158583286766,4.486418385778649,4.2781415565705805,0.755603185028981,134.98147459317744,-0.0666919792547721,134.53623657226564,144.46266624746977,124.60980689706152,0.14756514569027923,0.09733220718658388,131.0414348875434,133.26710135183123,-2.2256664642878263,-1.3549645339262417,-0.8707019303615846,-1.6106711712536639,-1.7170254683540456
2022-02-24 00:00:00-05:00,123.9292178705829,131.9097594685947,123.9292178705829,131.60328674316406,54456000.0,0.03921670145223915,2.937813827393358,-0.013152733776796155,-0.010223053339889931,0.021195540689400487,0.33646877740622533,0.017456493631838214,0.2771132454781598,0.01799266194539859,0.28562465358948175,46.46259233312312,7.980541598011797,4.54259870238781,1.260164671143673,134.28968836123138,-0.020412876338796022,134.01048202514647,143.34205269365688,124.67891135663608,0.1392662801818648,0.3710187508890892,131.12787363456198,133.1438558252633,-2.0159821907013225,-1.4871680652812578,-0.5288141254200647,-0.515924996443642,-0.8058609462000099
2022-02-25 00:00:00-05:00,132.45723763350745,134.16264009522365,130.67149031409218,133.3572998046875,36406000.0,0.013239996990849247,0.9670244824531496,0.0,-0.0008321726474145308,0.021477469586560265,0.34094425990195015,0.01781315517882384,0.28277507201142105,0.01808891371487845,0.28715260306124346,50.22415194813959,3.491149781131469,4.467495208012357,0.8640568854458891,133.71058932290444,-0.002649195197670924,133.57242813110352,142.088324766074,125.05653149613303,0.12750979755510616,0.4873690149353975,131.47086227611976,133.15966649040584,-1.6888042142860797,-1.5274952950822223,-0.16130891920385748,-0.05052394025840983,-0.46789625696139425
2022-02-26 00:00:00-05:00,132.45723763350745,134.16264009522365,130.67149031409218,133.3572998046875,36406000.0,0.0,-0.033851729923596176,0.0,0.0041823197259338585,0.021477469586560265,0.34094425990195015,0.01781315517882384,0.28277507201142105,0.01808891371487845,0.28715260306124346,50.22415194813959,3.491149781131469,4.397756248949436,0.8867789410096897,133.1010332145687,0.001921654011397362,133.13437423706054,140.640828382677,125.62792009144408,0.11276507947151776,0.5148489262241841,131.76108343436096,133.17430599516746,-1.4132225608065028,-1.5046407482270785,0.09141818742057572,0.059395704896736255,-0.4420179122327148
2022-02-27 00:00:00-05:00,132.45723763350745,134.16264009522365,130.67149031409218,133.3572998046875,36406000.0,0.0,-0.033851729923596176,-0.004424310503462814,0.01935451213195427,0.02100579621214628,0.3334566772094498,0.01781315517882384,0.28277507201142105,0.01808891371487845,0.28715260306124346,50.22415194813959,3.491149781131469,4.332998644105296,0.9072965523428816,132.7729615166895,0.004381749546922582,132.89924087524415,140.0418488778202,125.75663287266809,0.10748907150313973,0.5320652434851633,132.00665518364195,133.18786109216896,-1.181205908527005,-1.439953780287064,0.25874787176005887,0.1282609739406531,-0.41572081255498716
2022-02-28 00:00:00-05:00,131.95938366728677,134.63873167161665,131.5056295866077,133.94993591308594,38864000.0,0.004434126729232391,0.3048254733226864,0.00742589227360857,0.023884495057771016,0.01647418795574711,0.26151962629585446,0.016845974269722685,0.2674215510616749,0.018074666995130557,0.28692644339653534,51.6574916404141,3.133102085008943,4.247291747026985,0.9875288401923018,132.4529032980705,0.011176060703655616,132.68392181396484,139.3930433523524,125.97480027557728,0.1011293824702344,0.5943502135024193,132.30562144971026,133.24431107890356,-0.9386896291933056,-1.3397009500683124,0.4010113208750068,0.37740085400967777,-0.27340930952263226
2022-03-01 00:00:00-05:00,133.77287444721637,135.13858587625842,132.1264932248051,132.9625701904297,26496000.0,-0.007398456077350023,-0.5875868412649684,-0.0037896495283001874,0.016337283874070296,0.0075594028103464035,0.1200017993780361,0.016881002221166407,0.26797760255241176,0.018069632819413275,0.2868465283345106,49.11967319847635,3.0120926514533153,4.159063240200294,0.6851397896174015,132.05626118858706,0.0068162716811551475,132.31048355102538,137.95009132550786,126.67087577654293,0.08524808651776343,0.5578131197664837,132.40669048674403,133.22344138346105,-0.8167508967170249,-1.235110939398055,0.4183600426810301,0.23125247906593774,-0.4444263316335021
2022-03-02 00:00:00-05:00,133.52440864701174,134.15369844831133,131.98066460485006,133.46836853027344,23520000.0,0.003796848443406122,0.2582573224789738,0.0050186687722271195,0.06482893740042694,0.00470839868407411,0.07474351194842321,0.016461414896427492,0.26131686026520734,0.018081047689409855,0.28702773377806506,50.46227531291082,2.173033843461269,4.017203997576078,0.6208769887466046,131.8183534466858,0.012362592738319031,132.10971755981444,137.23647082211738,126.98296429751151,0.07761356782829738,0.632505983899124,132.57002557036392,133.24158413507678,-0.6715585647128535,-1.1224004644610148,0.45084189974816136,0.5300239355964991,-0.3148257504188238
2022-03-03 00:00:00-05:00,134.8950682854782,135.32105186734134,131.9350362852021,132.8018798828125,24604000.0,-0.005006117231272679,-0.40556727670994897,0.01510900173004548,0.053459858686618844,0.00525338261824404,0.08339486369845861,0.015906924711352,0.25251460146039173,0.018085586383986135,0.28709978332081937,48.64090149123878,3.386015582139237,3.972119110759161,0.6629268581836602,131.7775598658971,0.007713143954131377,132.09072341918946,137.2035491426094,126.97789769576951,0.07741384998240051,0.5695463235100601,132.60569546458677,133.20901344972387,-0.603317985137096,-1.018583968596231,0.415265983459135,0.27818529404024067,-0.4279522251888343
2022-03-04 00:00:00-05:00,131.83788309122372,132.75430495921202,129.26910212432648,130.8252410888672,30430000.0,-0.014995997594804205,-1.1539601979453127,0.0,-0.011343800110191982,0.008143420101250675,0.12927278645660228,0.014691558847738656,0.23322126649792282,0.01814013184493524,0.28796566566973164,43.61320029283513,3.53277775848602,3.940737585596794,0.8305629704840356,131.66143908757144,-0.006391717620732197,131.9728973388672,137.08846916558653,126.85732551214787,0.07752458163563786,0.3878271785760445,132.33177940678377,133.03243771929004,-0.7006583125062775,-0.9549988373782404,0.2543405248719629,-0.4486912856958228,-0.828551748308302
2022-03-05 00:00:00-05:00,131.83788309122372,132.75430495921202,129.26910212432648,130.8252410888672,30430000.0,0.0,-0.022137246857770413,0.0,-0.003949228585332976,0.007205331727848402,0.11438109519366121,0.014691558847738656,0.23322126649792282,0.01814013184493524,0.28796566566973164,43.61320029283513,3.4852028348855413,3.908199389117419,0.8415050302255996,131.54225869657623,-0.005480728349829541,131.8550712585449,136.9619542610717,126.74818825601811,0.07746206427681619,0.39917233573119115,132.10000428095046,132.86894167259206,-0.7689373916416002,-0.9177865482309124,0.1488491565893122,-0.4033106570752379,-0.8042001272298928
2022-03-06 00:00:00-05:00,131.83788309122372,132.75430495921202,129.26910212432648,130.8252410888672,30430000.0,0.0,-0.022137246857770413,0.043741704404032467,0.015677090576876385,0.007277277650195708,0.11552320130391802,0.014691558847738656,0.23322126649792282,0.01814013184493524,0.28796566566973164,43.613200292835124,3.4852028348855413,3.8779853495294274,0.8460345086438426,131.37493958791725,-0.004201777076616784,131.6755798339844,136.6543520742994,126.69680759366938,0.07562180089265162,0.41460357051165314,131.9038868667838,132.717556444168,-0.8136695773841893,-0.8969631540615679,0.08329357667737858,-0.3415857179533872,-0.7798787350902672
2022-03-07 00:00:00-05:00,130.41016532100002,130.6551346655655,125.25972533418172,125.34254455566406,45112000.0,-0.042812049274967554,-3.1745046704592634,-0.005711821311948029,-0.02688846647474019,0.01798394335495057,0.28548625025683083,0.01709878841386633,0.27143485118161725,0.018868570364853978,0.29952926868436136,32.113696783521235,5.565515754685464,3.9985232356120015,1.2228987188731721,130.85732700535877,-0.04399769024351996,131.16827239990235,136.5615256356015,125.7750191642032,0.08223411251855695,-0.04009403875906402,130.89444958815,132.1712592672418,-1.276809679091798,-0.972932459067614,-0.30387722002418394,-2.160376155036254,-1.918115048777469
2022-03-08 00:00:00-05:00,125.21509629053482,130.17411000501144,124.64431332771989,126.06259155273438,40428000.0,0.005728196146487086,0.412044158112154,-0.047335501349263565,-0.021298297230823326,0.019672960935039317,0.31229857311841647,0.017032073135048228,0.2703757789632111,0.018893076327540524,0.2999182887818023,34.55428044565559,5.529796677291557,4.107899910017684,1.0735082860458263,130.4088929290942,-0.03447732846695994,130.64095611572264,135.85369796646128,125.428214264984,0.07980256736824792,0.06084871512105264,130.15108681347067,131.71876536246347,-1.5676785489928022,-1.0918816770526518,-0.4757968719401504,-1.75660513951579,-1.683834552353073
2022-03-09 00:00:00-05:00,130.1741142565606,132.63924417090806,128.83567386884616,132.32632446289062,37026000.0,0.04849248489703007,3.4716702119290868,0.0074794165309266525,0.05930091283241645,0.03236963665975221,0.5138520517873432,0.020352950934637508,0.32309307971610285,0.019057996613315052,0.302536317155657,51.04289992769922,6.576652618173682,4.284239389171685,0.9856908967481731,130.4492831629814,0.014184942471032039,130.68464431762695,135.9404943984617,125.42879423679217,0.08043561825152937,0.6561764624194667,130.48573875953528,131.7637697402729,-1.2780309807376113,-1.1291115377896437,-0.14891944294796766,0.6247058496778636,-0.3293710841410826
2022-03-10 00:00:00-05:00,130.18998790766506,132.17954098140794,129.8393852677274,131.3439483642578,27102000.0,-0.007451584387744393,-0.5594970605230729,0.01970413529657189,0.025012047923047565,0.03267108565228763,0.5186374061906612,0.018585259814809137,0.29503185312904395,0.019077983141164104,0.3028535934492185,48.959515562692985,2.4869391951632167,4.155860803885365,0.7397318601655131,130.55180579882943,0.006031054915689904,130.78513870239257,136.0090197671592,125.56125763762596,0.07988493366442494,0.5534860628464746,130.61777100641567,131.73267186056808,-1.1149008541524097,-1.126269401062197,0.01136854690978728,0.21394425138590137,-0.5233220890962134
2022-03-11 00:00:00-05:00,132.39427790231107,132.69876817612587,128.5688993986971,128.80593872070312,31526000.0,-0.019512521784911505,-1.4184197637037304,0.0,-0.025585037915538233,0.03393035125522034,0.5386276279102878,0.018740644195711406,0.2974985037059908,0.01921761108654499,0.3050701183665349,43.96657021505261,4.129868777428754,4.154004230567036,0.877357519153756,130.55252008479061,-0.013559789101608868,130.75873260498048,136.01871245321456,125.49875275674641,0.08045320941010294,0.3143724937527117,130.33902757784452,131.51587681317068,-1.1768492353261593,-1.1363853679149896,-0.040463867411169696,-0.7425100249891513,-1.0320238047217631
2022-03-12 00:00:00-05:00,132.39427790231107,132.69876817612587,128.5688993986971,128.80593872070312,31526000.0,0.0,-0.010356486705825126,0.0,-0.029651217392333895,0.025845762535362873,0.41028876068040243,0.018740644195711406,0.2974985037059908,0.01921761108654499,0.3050701183665349,43.96657021505261,4.129868777428754,4.152280269628587,0.8949080566137356,130.55326294770532,-0.01356555640490314,130.73232650756836,136.02760466651077,125.43704834862594,0.08100946874277284,0.3181032488716353,130.1031677536689,131.31514065817308,-1.2119729045041652,-1.1515028752328247,-0.060470029271340486,-0.7275870045134611,-0.9982626125237827
2022-03-13 00:00:00-05:00,132.39427790231107,132.69876817612587,128.5688993986971,128.80593872070312,31526000.0,0.0,-0.010356486705825126,0.031119461822135985,-0.04594997892741981,0.02595713528917913,0.4120567483369598,0.018740644195711406,0.2974985037059908,0.01921761108654499,0.3050701183665349,43.96657021505261,4.129868777428754,4.15067944875717,0.9131750836386809,130.55403613752756,-0.01357155915469806,130.70592041015624,136.0357123112589,125.37612850905357,0.08155394773821613,0.32175836086020293,129.90359405628956,131.1292738479901,-1.2256797917005429,-1.1663382585263684,-0.059341533174174455,-0.7129665565591905,-0.9674053215739778
2022-03-14 00:00:00-04:00,129.18230442418397,129.33999766688925,124.24808740004758,124.91854095458984,38812000.0,-0.030645068179011428,-2.191630160568278,-0.02513202106335377,-0.07474346436383128,0.013338116678287281,0.21173603813226635,0.019883024151988327,0.3156332233083122,0.019506685284282146,0.3096590289924831,36.78927662144865,5.091910266841666,4.217910221477491,1.1343695381503802,130.35304914148492,-0.04350441612082721,130.51437797546387,136.38784581820136,124.64091013272639,0.09000491645206583,0.023634318710601548,129.13666280987422,130.6692195595901,-1.5325567497158659,-1.239581956764268,-0.2929747929515978,-1.9054627251575962,-1.7276483923483128
2022-03-15 00:00:00-04:00,125.93514541675393,128.79005910986243,124.68993626243407,128.13893127441406,30920000.0,0.025453223371364055,1.801550252164626,-0.030630939074607566,-0.050890422469914376,0.02148059673488816,0.3409939018426807,0.02072488174729775,0.32899729832742974,0.019768887627043173,0.31382136214522827,44.824833688921345,4.100122847428352,4.209496837616839,0.9061788384381604,130.43581897494906,-0.017924979377392566,130.5942180633545,136.2807713028438,124.90766482386522,0.08708736609963233,0.2841146749589781,128.98316565057266,130.4817907977252,-1.498625147152552,-1.2913905948419249,-0.20723455231062715,-0.8635413001640878,-1.011750316697144
2022-03-16 00:00:00-04:00,129.66135482928354,132.240032982956,127.67923236827228,132.18797302246094,35576000.0,0.031109871775048703,2.1745035983212375,-0.004172944417948243,-0.020727113484849014,0.024599095924302764,0.390498541756366,0.0214120938195479,0.3399064517742412,0.020118342910926318,0.3193687927981819,52.92738802363971,4.560800614683714,4.234589964550187,1.0722994336489104,130.43394873175322,0.01326916700969218,130.62345237731932,136.33779185028118,124.90911290435747,0.08749331561770997,0.6368942685803274,129.47621293855548,130.60817466622416,-1.1319617276686813,-1.2595048214072762,0.12754309373859485,0.5475770743213095,-0.13261119399869647
2022-03-17 00:00:00-04:00,132.05755123913005,132.98141880336502,131.10144887364655,132.7418975830078,28264000.0,0.00418167544837436,0.2756003400419888,-0.01679680732044142,-0.04310474831346056,0.024449431987270533,0.38812270041063335,0.01966759553717079,0.3122134000677463,0.019974168104848984,0.3170800887049724,53.92424715567312,1.8799699297184702,4.066402819205065,0.8624909216300175,130.3710933740969,0.01786025551901113,130.59268226623536,136.25139537076143,124.93396916170927,0.08666202433900287,0.6899031879751448,129.9786259607789,130.76622821561554,-0.7876022548366279,-1.1651243080931466,0.37752205325651866,0.7596127519005761,0.006324185578456569
2022-03-18 00:00:00-04:00,132.33076547882175,135.12715666182308,131.1743232843676,135.00962829589844,44566000.0,0.01693947350251009,1.1676693157563993,0.0,-0.015548738119787409,0.024580003373841686,0.39019545691388224,0.019804352557475556,0.314384350462358,0.020077071781075297,0.3187136339227072,57.85882115965526,3.9528333774554767,4.058290716222952,1.343231398930623,130.51878842086393,0.033263108207305096,130.6752986907959,136.54815694084823,124.80244044074357,0.08988474958758194,0.8690136404249087,130.75262632002807,131.08055414748833,-0.3279278274602575,-0.9976850119665689,0.6697571845063114,1.476054561699633,0.5164587233014901
2022-03-19 00:00:00-04:00,132.33076547882175,135.12715666182308,131.1743232843676,135.00962829589844,44566000.0,0.0,-0.022620461094767896,0.0,-0.03847171182637532,0.013352476528313124,0.21196399368446175,0.019804352557475556,0.314384350462358,0.020077071781075297,0.3187136339227072,57.85882115965525,3.9528333774554767,4.050758049168132,1.326914030167152,130.66289511413572,0.03219572734646784,130.75791511535644,136.83265102555032,124.68317920516256,0.09291576582319569,0.8499504540935922,131.4075497009312,131.37159667700018,0.03595302393102884,-0.7909574047870493,0.8269104287180782,1.39980181637437,0.5158741562885497
2022-03-20 00:00:00-04:00,132.33076547882175,135.12715666182308,131.1743232843676,135.00962829589844,44566000.0,0.0,-0.022620461094767896,0.00017622924134830242,-0.039157102751653516,0.013478134039465349,0.2139587448337184,0.019804352557475556,0.314384350462358,0.020077071781075297,0.3187136339227072,57.85882115965526,3.9528333774554767,4.0437634297600855,1.3157451884043423,130.76027690545763,0.03147443218736646,130.81089973449707,137.01986436718732,124.60193510180683,0.09493038646309129,0.8381182539915771,131.96171563861847,131.64108050062228,0.3206351379961916,-0.5686388962304012,0.8892740342265928,1.3524730159663116,0.5114439959569844
2022-03-21 00:00:00-04:00,135.04732810159504,135.92656630102422,132.99330550843302,134.98583984375,26832000.0,-0.00017621371479971062,-0.03177476550666316,-0.02692886312980758,-0.03932640153109512,0.007360794131109509,0.11684898433715717,0.019785110436497083,0.3140788912615192,0.020077029345932702,0.31871296028570223,57.79416081829882,2.9332607925911987,3.9644418128194507,0.7917823660813088,130.84146815235795,0.030702269928381244,130.91206321716308,137.33101798956062,124.49310844476555,0.09806513799648044,0.8173239858383768,132.42696551633102,131.88884045196508,0.5381250643659428,-0.3472861041111324,0.8854111684770751,1.2692959433535107,0.49510211978486407
2022-03-22 00:00:00-04:00,134.9858312898088,139.89376833061417,134.9858312898088,138.72145080566406,35496000.0,0.027298088605093845,1.8810238772407404,0.011516800832779062,-0.012740629057360953,0.01268741473733582,0.20140646505195875,0.02053859490466468,0.3260400863786466,0.0201183294217468,0.31936857866409557,64.50290673154882,4.907937040805365,4.031834329104159,1.029260385827662,131.15741879937633,0.0545267654162891,131.17471733093262,138.4118474795321,123.93758718233315,0.11034336945192519,1.0213899238907482,133.3953478685361,132.39495973742427,1.0003881311118334,-0.07775125706653924,1.0781393881783727,2.0855596955629916,1.266191367098904
2022-03-23 00:00:00-04:00,137.56551524552734,138.44425402347676,136.70513365586095,137.1420135498047,25154000.0,-0.011450987307572272,-0.820102970670562,-0.023285026485523552,-0.02248076744666372,0.014380772402386438,0.2282876846264124,0.020741128304466217,0.3292552044270023,0.02015551640051388,0.3199589036510608,60.14952803105637,2.0163171498031147,3.8878688162969417,0.7287972556382264,131.31688293008034,0.042475172042073635,131.39172401428223,139.080476961187,123.70297106737746,0.11703557441820317,0.8739416245541695,133.97175797334666,132.74659335315616,1.2251646201904975,0.18283191838486812,1.0423327018056294,1.4957664982166785,0.8939714830824885
2022-03-24 00:00:00-04:00,138.058933800913,140.458110844999,136.62132231474047,140.4114990234375,26396000.0,0.02356040592596161,1.6075263931975563,-0.0007128141040760871,-0.0065506923748351875,0.016760188337293615,0.2660597416025043,0.02123815980837423,0.33714533494563254,0.020284922419544413,0.32201316051811885,65.36114414504671,3.8367885302585307,3.8842202244370556,0.7692778475608156,131.68849773688422,0.06212455067584771,131.87103691101075,140.54338862477854,123.19868519724297,0.13152777011407088,0.9923959725289011,134.96248736566832,133.31436414354738,1.6481232221209439,0.4758901791320833,1.1722330429888606,1.9695838901156069,1.5377950792794848
2022-03-25 00:00:00-04:00,140.7526620000857,140.87068978159917,138.59202264033723,140.51165771484375,24126000.0,0.0007130682768419367,0.019339736035066217,0.0,-0.001870617602969027,0.016679572754989526,0.2647800089070646,0.020858696877502556,0.33112154766450763,0.0200630684022595,0.3184913371755398,65.50995227438497,2.278667141261934,3.7695378613531187,0.7096404147363776,132.0401948578893,0.06029010684755102,132.35535774230956,141.82688077657608,122.88383470804305,0.14312262375818857,0.9305696107704088,135.81620588092608,133.84749700068045,1.9687088802456287,0.7744539193547924,1.1942549608908364,1.722278443081636,1.498195441556277
2022-03-26 00:00:00-04:00,140.7526620000857,140.87068978159917,138.59202264033723,140.51165771484375,24126000.0,0.0,-0.030219462979185492,0.0,0.01873524485519762,0.0166581798966589,0.2644404078092105,0.020858696877502556,0.33112154766450763,0.0200630684022595,0.3184913371755398,65.50995227438497,2.278667141261934,3.66304709563232,0.7162812515772379,132.39847436385864,0.057740286343003044,132.8396785736084,142.95078705271519,122.72857009450165,0.15223024607823113,0.8793836826638957,136.53858308614417,134.34113853506292,2.1974445510812473,1.0590520457000834,1.1383925053811639,1.5175347306555844,1.451723178930583
2022-03-27 00:00:00-04:00,140.7526620000857,140.87068978159917,138.59202264033723,140.51165771484375,24126000.0,0.0,-0.030219462979185492,0.0015373426344647,0.010863361783505443,0.012785177648805183,0.2029584031591201,0.020858696877502556,0.33112154766450763,0.0200630684022595,0.3184913371755398,65.50995227438497,2.278667141261934,3.5641628131772927,0.7393129654031195,133.18609083649852,0.05213494024255149,133.59813423156737,143.61665487528654,123.5796135878482,0.1499799484677524,0.8450371431639768,137.14982533671335,134.7982140298615,2.3516113068518507,1.317563897930437,1.0340474089214138,1.3801485726559077,1.4003724278249665
2022-03-28 00:00:00-04:00,139.74551627484473,140.83848798996723,138.66543848117558,140.2959747314453,35050000.0,-0.001536162133012182,-0.14232206340805922,-0.007368057965913777,0.009311703869682164,0.010660252293339606,0.16922625888829543,0.018040618160118618,0.28638593489729697,0.020064346024120598,0.31851161879382406,64.76167512529776,2.1730495087916495,3.4647975771497466,1.0829901032316671,134.0160077190349,0.0447622750719081,134.30980339050294,144.09387524259375,124.52573153841213,0.14569408345634796,0.8059141138493966,137.63384832051827,135.20545556331214,2.428392757206126,1.5397296697855747,0.8886630874205512,1.2236564553975884,1.3097719907303513
2022-03-29 00:00:00-04:00,141.47820601311636,142.6148082235357,140.87418935059165,141.3373565673828,34318000.0,0.00739533617924273,0.48275094231291343,0.003994762530850959,0.01680357152462375,0.0034971554097479726,0.05551562106202395,0.018045955074334197,0.28647065578399444,0.019673877371446654,0.3123131210953738,66.73724423283824,2.3188334920903912,3.3829429996455067,1.0648273123023888,134.5028661123607,0.04835586727394159,134.76035499572754,144.98005397729546,124.54065601415964,0.15167218848439387,0.8217805917531155,138.2036188200359,135.65967045250255,2.5439483675333463,1.740573409335129,0.8033749581982172,1.2871223670124639,1.4694825181552538
2022-03-30 00:00:00-04:00,141.29221863890226,141.55058130392723,140.43926771554987,140.77499389648438,19884000.0,-0.003986804653192758,-0.30825638075283235,0.020644480386581954,-0.00722524350116549,0.004249830855952955,0.0674639733536417,0.015195372332865558,0.24121905763076196,0.019578094788394514,0.3107926197272497,64.63005909648871,1.1113135883773566,3.220683755983496,0.6239527046109239,134.8328668931937,0.0422101030788186,135.23190727233887,145.65614512552688,124.80766941915087,0.154168318164662,0.765874911058859,138.59921498564336,136.03858330020492,2.5606316854384374,1.904585064555791,0.6560466208826465,1.0634996442354363,1.3069482126000778
2022-03-31 00:00:00-04:00,140.88856773781393,140.9431247655112,137.88490447229108,137.92755126953125,37524000.0,-0.020434271283365106,-1.4446224987980365,-0.007727113704416144,-0.010836325793409984,0.010266401574682447,0.16297407255678997,0.01588791967861409,0.25221290591869283,0.01976849824793326,0.31381518094348493,55.13710156592404,3.058220293220103,3.209079222928968,1.166511749363492,135.3087011525651,0.018987142835940843,135.68798789978027,145.71920994164495,125.65676585791557,0.1478571861390382,0.6116296379645625,138.49588210624148,136.17850685348836,2.3173752527531235,1.9871431021952575,0.33023215055786603,0.44651855185824857,0.7089021693308665
2022-04-01 00:00:00-04:00,138.3564676186564,139.31950107652258,137.17373813332352,139.0016326904297,25942000.0,0.007757122535237333,0.5316000130615377,0.0,0.026382422084276325,0.011481824160080655,0.1822683079496789,0.015108806801667415,0.23984487242479902,0.01936151485304691,0.30735451983987244,57.663209055908645,2.1457629431990597,3.1331280600911176,0.8135221161233673,135.78035726430159,0.02317437114787133,136.1977725982666,145.7827472046278,126.61279799190538,0.14075082761644522,0.6462633031026638,138.57368988842427,136.38762728585436,2.186062602569905,2.0269270022701873,0.15913560029971752,0.5850532124106551,0.9033025493744157
2022-04-02 00:00:00-04:00,138.3564676186564,139.31950107652258,137.17373813332352,139.0016326904297,25942000.0,0.0,-0.014600838824006939,0.0,0.0313638574972428,0.011523199950683221,0.18292512826307736,0.015108806801667415,0.23984487242479902,0.01936151485304691,0.30735451983987244,57.663209055908645,2.1457629431990597,3.0626019803131137,0.8207078296577273,136.26034550527828,0.019721258895257176,136.70755729675292,145.7036449965724,127.71146959693345,0.1316106860177677,0.6275040589990469,138.63952724257894,136.5812573158229,2.058269926756026,2.0331955871673553,0.025074339588670558,0.5100162359961875,0.8901156411099488
2022-04-03 00:00:00-04:00,138.3564676186564,139.31950107652258,137.17373813332352,139.0016326904297,25942000.0,0.0,-0.014600838824006939,-0.019731358335878246,0.05149000533962722,0.010465294258396294,0.16613139602897237,0.015108806801667415,0.23984487242479902,0.01936151485304691,0.30735451983987244,57.663209055908645,2.1457629431990597,2.99711347766211,0.8377629513850764,137.08595406436365,0.013781698739700738,137.4117118835449,144.53145127842927,130.29197248866055,0.10362638376732068,0.6116558288655312,138.69523577301752,136.7605443806086,1.9346913924089222,2.0134947482156687,-0.07880335580674647,0.4466233154621242,0.9594082538007956
2022-04-04 00:00:00-04:00,139.20795791982718,142.53396895874045,139.16034726925992,141.79953002929688,25942000.0,0.01992862073561563,1.3806609761194757,0.016932025788321425,0.07265494441870435,0.014700047177949732,0.23335601456263105,0.013294429778691469,0.21104253010097454,0.019435054849458334,0.3085219310913997,64.21824091023589,3.5323362683107575,3.0353436769941564,0.8445513707437925,137.73530593963025,0.028661759942553575,138.09474182128906,143.98351191771366,132.20597172486447,0.08528594237201817,0.8145638348368532,139.1728195047528,137.13380257680774,2.039016927945056,2.018599184161546,0.020417743783510023,1.258255339347414,1.545477414675119
2022-04-05 00:00:00-04:00,141.69787954637118,141.8183741448747,139.23176584389168,139.4385528564453,21418000.0,-0.016790276866414294,-1.1958650215052824,0.02960862288186905,0.054795126141480965,0.013374360116165301,0.2123113848719659,0.01340495523529728,0.21279706733129955,0.01944703990641413,0.3087121879723236,56.29710237598498,2.5866083009830163,3.003291150136218,0.7137192175680629,138.12490915587466,0.009420950473597305,138.45727081298827,143.66871627344062,133.24582535253592,0.07527875466347099,0.59414682077205,139.21370155885933,137.30452481974385,1.9091767391154804,1.996714695152333,-0.08753795603685255,0.37658728308819983,1.0748717014652485
2022-04-06 00:00:00-04:00,137.61264137354576,138.2181411119585,134.40614115921403,135.42869567871094,32468000.0,-0.02917875224710025,-2.050527889036836,0.004853391197845003,0.059962118000279396,0.018673794008415675,0.2964372898818952,0.013765139647805628,0.21851481762101352,0.017478492679301693,0.27746246953017184,45.93408798500233,5.032411697231282,3.1482283320715796,1.0744162651559273,138.23180275318853,-0.020698029028704854,138.59161071777345,143.29663289402097,133.88658854152592,0.067897647655294,0.16387883833683817,138.63139296191343,137.16557451300068,1.4658184489127564,1.8905354459044177,-0.4247169969916613,-1.3444846466526466,0.25503949002047527
2022-04-07 00:00:00-04:00,134.89507649085877,136.04012309209003,133.12718701050363,134.7745819091797,26234000.0,-0.0048416514644743945,-0.3402588845203194,0.019514110074812407,0.06400199583486321,0.018460526599032703,0.2930517747140011,0.013806653272144117,0.2191738259771371,0.0169851143433464,0.26963033125494434,44.49521506278971,2.9129360815863947,3.1314217427512094,0.8952789172291878,138.32207237984602,-0.026321658137710816,138.5798583984375,143.32356799481164,133.83614880206335,0.06846174691180996,0.09891342292892782,138.038037415339,136.98846394975467,1.0495734655843307,1.7223430498404002,-0.6727695842560695,-1.60434630828429,0.14338530101361202
2022-04-08 00:00:00-04:00,134.47208496943966,134.5578779659387,131.87554910979466,132.19491577148438,25142000.0,-0.019326151127684547,-1.3501495483960209,0.0,0.026125101016196695,0.01886287173870469,0.2994388057987269,0.013944332041600328,0.22135940868590429,0.01714138999257719,0.27211113027798334,39.27064804158338,2.899032799385026,3.114822532510768,0.8874252596059495,138.31073056757725,-0.04626361581609414,138.4391227722168,143.7606387320208,133.1176068124128,0.0768787876323061,-0.08669437881028141,137.13909562397674,136.63338630691985,0.5057093170568976,1.4790163032836996,-0.973306986226802,-2.346777515241121,-0.4106939985734382
2022-04-09 00:00:00-04:00,134.47208496943966,134.5578779659387,131.87554910979466,132.19491577148438,25142000.0,0.0,0.0029835333584531418,0.0,0.0517439217918112,0.011687810465609695,0.18553823917716777,0.013944332041600328,0.22135940868590429,0.01714138999257719,0.27211113027798334,39.27064804158338,2.6823288561440393,3.083930127056002,0.9189260312424616,138.29858355884974,-0.04617172870639238,138.2983871459961,144.12655081634495,132.47022347564723,0.08428389933710936,-0.023618734796647934,136.37845256974714,136.3046107117024,0.07384185804474441,1.1979814142359086,-1.1241395561911642,-2.094474939186597,-0.3906134266647944
2022-04-10 00:00:00-04:00,134.47208496943966,134.5578779659387,131.87554910979466,132.19491577148438,25142000.0,0.0,0.0029835333584531418,0.03465223679354912,0.0517439217918112,0.013030448057987015,0.20685195019906916,0.013944332041600328,0.22135940868590429,0.01714138999257719,0.27211113027798334,39.27064804158338,2.6823288561440393,3.0552443219908616,0.9217728600915833,138.18021652125515,-0.04527633090002585,138.15884094238282,144.4372168005971,131.88046508416855,0.09088634234898631,0.025042359235662573,135.73483152386058,136.00018886427884,-0.2653573404182623,0.9053136633050745,-1.1706710037233368,-1.8998305630573475,-0.3661248867698003
2022-04-11 00:00:00-04:00,130.7428944364758,131.00968655703124,127.61375837664468,127.76748657226562,36884000.0,-0.03406536715762337,-2.34615699193635,0.008683230843213652,0.016519255833467694,0.014825405003539049,0.2353460083510619,0.015694930757209898,0.24914930176773634,0.01728612815412172,0.27440877736198843,31.373908814015778,4.581157394839693,3.1642381129086354,1.3488339775681932,137.44283617962554,-0.07572622634231375,137.61114273071288,145.40992489470366,129.8123605667221,0.11334521331970888,-0.13110213565768333,134.5090861466921,135.39035906487044,-0.8812729181783254,0.5479963470083946,-1.42926926518672,-2.524408542630729,-1.3304401205999068
2022-04-12 00:00:00-04:00,130.52125805208976,130.52125805208976,125.74969005200958,126.6676025390625,32710000.0,-0.008645748417031304,-0.5819206922016958,-0.0167790819160073,0.007768568714782154,0.014482522490099525,0.22990291719421943,0.014153666939455536,0.22468249716861624,0.01730774316559607,0.2747519050316701,29.77224533253947,4.77156800008018,3.279047390563746,1.1798909926450696,136.8208034919336,-0.08015625739612452,137.0874221801758,146.29788637595655,127.87695798439503,0.1343735851079806,-0.06565116695673874,133.30270405321062,134.74422895184765,-1.4415248986370273,0.15009209787931022,-1.5916169965163376,-2.262604667826955,-1.5240236220772898
2022-04-13 00:00:00-04:00,126.9507670450841,129.26563457471275,126.69388743885824,128.82923889160156,27928000.0,0.016921445444027988,1.1789535970560594,0.024966566698586545,0.017368136040578408,0.018631372091852175,0.2957638628337007,0.014780107320604512,0.23462692992698847,0.017329304861278698,0.2750941863393966,36.620385745455685,2.598032035650249,3.230403436641353,1.0046223852946996,136.24890756681327,-0.05759304905507287,136.508309173584,146.27824972948855,126.73836861767943,0.14314059876723112,0.10700527101254967,132.6144786437323,134.30608153997755,-1.6916028962452572,-0.21824690094560328,-1.473355995299654,-1.5719789159498025,-1.0181943903127255
2022-04-14 00:00:00-04:00,129.4099304660489,129.4099304660489,125.56321417081908,125.691162109375,31598000.0,-0.024659994203360142,-1.674189490768434,0.0,-0.025221559757498735,0.020128432061494925,0.31952895309824847,0.014184797611913982,0.22517668127344376,0.01739826765689396,0.2761889367808792,31.776096826896207,3.8467162952298253,3.274425783683387,1.1215663168057473,135.47432693664564,-0.07783494609396198,135.76728439331055,146.46305113366563,125.07151765295546,0.15756029573914168,0.028966808619788804,131.54935302306194,133.66793935993292,-2.118586336870976,-0.5983147881306778,-1.5202715487402982,-1.8841327655208435,-1.6425334776313134
2022-04-15 00:00:00-04:00,129.4099304660489,129.4099304660489,125.56321417081908,125.691162109375,31598000.0,0.0,0.018721012937971605,0.0,-0.010231129221175972,0.020128432061494925,0.31952895309824847,0.014170596039542304,0.2249512383011145,0.016958779471474436,0.2692122781242525,31.776096826896207,3.8467162952298253,3.3153036773652755,1.1068880115740174,134.72002068659413,-0.07183367888159325,135.0262596130371,146.37187394630615,123.68064527976806,0.16805048685764828,0.08860325983897806,130.64809288249472,133.0770669710027,-2.428974088507971,-0.9644466482061365,-1.4645274403018345,-1.6455869606440872,-1.577083253556609
2022-04-16 00:00:00-04:00,129.4099304660489,129.4099304660489,125.56321417081908,125.691162109375,31598000.0,0.0,0.018721012937971605,0.0,0.015346753047132511,0.015128702496603039,0.2401607067905618,0.014170596039542304,0.2249512383011145,0.016958779471474436,0.2692122781242525,31.776096826896207,3.8467162952298253,3.3532617214984577,1.0925889427149789,133.9852030874224,-0.06598746354839194,134.28523483276368,146.0505377940771,122.51993187145027,0.17522854208008345,0.13477044528102464,129.8854881481686,132.52996290717843,-2.6444747590098245,-1.3004522703668742,-1.3440224886429504,-1.4609182188759007,-1.5149631965943
2022-04-17 00:00:00-04:00,129.4099304660489,129.4099304660489,125.56321417081908,125.691162109375,31598000.0,0.0,0.018721012937971605,-0.007413344888392515,0.05930090838508062,0.014853228627514448,0.23578769468873076,0.014170596039542304,0.2249512383011145,0.016958779471474436,0.2692122781242525,31.776096826896207,3.8467162952298253,3.3885084767649842,1.099148801469335,133.14467036141764,-0.05930017772893755,133.55499420166015,145.55999530579294,121.54999309752736,0.179776146536399,0.17247682761236968,129.24020721912342,132.0233850703041,-2.7831778511806817,-1.5969973865296359,-1.1861804646510459,-1.3100926895505214,-1.4569985151637879
2022-04-18 00:00:00-04:00,125.958960284829,127.16151517107208,125.14766477730132,126.62991333007812,20808000.0,0.007440960295953759,0.5303287084074599,-0.0179412193156111,0.06721252288644952,0.012290079113809986,0.1950989575707019,0.014423215559546738,0.22896144885862793,0.01694312063195829,0.26896370175317497,35.22393871824558,2.013850393770767,3.2903186136939686,0.741231538675273,132.40244910778517,-0.04558587798019057,132.81962203979492,144.61744861422187,121.02179546536799,0.17765186187462756,0.23767589010277268,128.8386235438857,131.62386864510216,-2.785245101216475,-1.834646929467004,-0.9505981717494709,-1.0492964395889084,-1.2335093740691354
2022-04-19 00:00:00-04:00,126.6448053976767,129.26464770865982,125.95847641807728,128.9433135986328,26490000.0,0.018104114288355212,1.2539103020603843,0.015378295125806574,0.08670941483025851,0.007946959751820274,0.12615407509413615,0.015054423538180338,0.23898156488077357,0.01707684380556222,0.2710864913244688,42.884330814683956,3.3061712905825402,3.291450947757438,0.9326643781357274,131.948066253783,-0.02330289622076258,132.22803802490233,143.5220492395194,120.93402681028526,0.17082626927414712,0.35458114199416063,128.85472970615447,131.42530901203037,-2.5705793058758957,-1.9818334047487824,-0.5887459011271132,-0.5816754320233584,-0.7655582020585573
2022-04-20 00:00:00-04:00,129.81904388797793,130.3218916355038,126.45485065417712,126.99041748046876,31696000.0,-0.015261247614104587,-1.0263424274305633,0.025842277953419535,0.04034971486288175,0.01219509228747552,0.19359108844885223,0.015239956597582083,0.24192681089172155,0.017133142896992113,0.2719802116942432,38.72138819316747,3.8670409813266673,3.332564521583812,1.1275261373621097,131.269487629592,-0.033696008202991796,131.68118133544922,142.87189127216195,120.4904713987365,0.16996673060222808,0.2904170565804883,128.56791244066437,131.096798528211,-2.528886087546624,-2.091243941308351,-0.43764214623827336,-0.8383317736780467,-1.1422562229835813
2022-04-21 00:00:00-04:00,128.1905088826277,129.0320490590413,123.50572537982224,123.79136657714844,36446000.0,-0.025514009740050594,-1.7091845935995833,0.04328979750616058,0.051955328414832413,0.017468582674372964,0.2773051530789748,0.015536163391749534,0.24662894797581017,0.016751354360736128,0.26591950657215097,33.05990657884131,5.526323679219061,3.489261604272044,1.2727202885847684,130.4433772259337,-0.053735658897017084,130.92066802978516,142.08399621050003,119.75733984907029,0.1705357656466457,0.18068208077260958,127.8330592308927,130.5556554207249,-2.7225961898321884,-2.2175143910131183,-0.5050817988190701,-1.2772716769095611,-1.7237943654009733
2022-04-22 00:00:00-04:00,123.97535142196246,124.37405657587937,117.95015236959706,118.65482330322266,56884000.0,-0.04237898738345245,-2.79891992209351,0.0,0.04673022431608764,0.024490878355740306,0.3887806411129399,0.017215175768396398,0.27328244315665284,0.017445323053811846,0.27693591804940815,26.38836558729595,6.423904206282302,3.6988789329870624,1.88461207153601,128.96475261008615,-0.08689009869001657,129.9033275604248,141.65867421166783,118.14798090918177,0.18098607436787956,0.021557951844290928,126.42102293432808,129.6741123009099,-3.2530893665818326,-2.4246293861268615,-0.828459980454971,-1.9137681926228352,-2.5464216046093617
2022-04-23 00:00:00-04:00,123.97535142196246,124.37405657587937,117.95015236959706,118.65482330322266,56884000.0,0.0,0.03740174864682405,0.0,0.009390667757813942,0.023244913439686692,0.36900156125180394,0.017215175768396398,0.27328244315665284,0.017445323053811846,0.27693591804940815,26.38836558729595,6.423904206282302,3.8935235953652936,1.7927230897716708,127.63031608728333,-0.07564372466447307,128.88598709106446,140.84595443748532,116.92601974464363,0.18558987856407577,0.07227459358810018,125.2262229910811,128.8578686714516,-3.6316456803704966,-2.666032644975589,-0.9656130353949077,-1.7109016256475984,-2.397143783499411
2022-04-24 00:00:00-04:00,123.97535142196246,124.37405657587937,117.95015236959706,118.65482330322266,56884000.0,0.0,0.03740174864682405,-0.027938374880932537,0.04842719657154193,0.018006410385088163,0.28584290330348444,0.017215175768396398,0.27328244315665284,0.017445323053811846,0.27693591804940815,26.38836558729595,6.423904206282302,4.074265067573651,1.709378080150011,126.31090050501145,-0.0645239442329594,127.72875175476074,138.8791790646722,116.57832444484929,0.17459541656400562,0.09311297229513345,124.21523842371826,128.10208753306426,-3.8868491093460023,-2.9101959378496716,-0.9766531714963307,-1.6275481108194654,-2.2847953293288152
2022-04-25 00:00:00-04:00,118.12469276013913,122.26695521347696,117.53953279206785,122.06512451171876,46128000.0,0.02833607620315512,1.9136819057422552,0.037286053900192906,0.07856042197234214,0.027096708659510204,0.4301469147686062,0.017967176838470145,0.2852200900590704,0.01784193527319951,0.28323194184598305,36.940720275630774,4.727422421409116,4.120919164276184,1.3365359819894476,125.61983361579892,-0.0291214146407469,126.86008033752441,136.81199176201548,116.90816891303334,0.1568958713885878,0.2590937247489192,123.88445166802603,127.65490508703867,-3.7704534190126395,-3.0822474340822654,-0.6882059849303741,-0.9636251010043233,-1.6406976114966114
2022-04-26 00:00:00-04:00,121.29202455748772,121.50575793064276,117.53953815889362,117.67739868164062,73054000.0,-0.036607738749622046,-2.3709845293460003,0.03810773544527213,0.03979072881290335,0.029265767779667797,0.4645796608342076,0.01899086478319687,0.3014706323903609,0.018395787935964907,0.29202408029787197,30.819242149308977,4.525586352825144,4.149823963458253,1.9991571434826394,124.39016510040499,-0.05704380360178415,125.9725154876709,135.87294201786105,116.07208895748076,0.1571839141556098,0.08107275576787878,122.92952043935135,126.91583053849067,-3.9863100991393168,-3.263059967093676,-0.7232501320456408,-1.675708976928485,-2.223316241586542
2022-04-27 00:00:00-04:00,113.53115828563,116.2809303977094,111.81237005693656,113.35759735107422,91820000.0,-0.03739957073083949,-2.3893336802639893,-0.0356725693888037,-0.019629828286180095,0.027949129378160565,0.4436786741722931,0.019524757245964315,0.30994591249036774,0.018844436322417352,0.29914615263785344,26.213632520060784,5.865028624704067,4.272338582118668,2.305778005459335,122.7761767959065,-0.08308732422814553,124.90166625976562,135.40793547545758,114.39539704407366,0.1682326510175041,-0.04938954407571267,121.45691688730872,125.9115169690524,-4.454600081743678,-3.5013679900236765,-0.9532320917200012,-2.19755817630285,-2.6743459207760205
2022-04-28 00:00:00-04:00,115.46071897101857,118.66870208583144,113.17956960106592,117.55094146728516,48884000.0,0.03632438373204725,2.3711234578429634,0.0386733601375977,0.010129196391430506,0.03479861985780232,0.5524109646721127,0.021837017675530184,0.3466519088686478,0.018746297723093,0.29758825067088274,36.18330498943743,5.48913248476552,4.359252432307729,1.1920368311191745,122.17601739215864,-0.039345290366395405,124.16946754455566,134.57627107138208,113.76266401772924,0.16762258440211408,0.18200965550039377,120.85599759192048,125.2922150800326,-4.436217488112121,-3.6883378896413657,-0.7478795984707549,-1.271961377998424,-1.9477133177237758
2022-04-29 00:00:00-04:00,115.77760037683387,116.9533836790152,112.88153803374084,113.1741180419922,42676000.0,-0.037944283611281514,-2.369810766281851,0.0,-0.06667292493792931,0.038254826162992535,0.6072765388517131,0.022742495615863008,0.36102592555530155,0.019188231768941227,0.30460373615812486,31.412511410105196,4.669403433544318,4.381406075253199,1.018872879636151,121.41673291457008,-0.07283127109963013,123.21842765808105,134.00665479349857,112.43020052266354,0.17510736568322033,0.03447820990375687,119.67416996885459,124.39457826239997,-4.72040829354539,-3.894751970422171,-0.8256563231232188,-1.8620871603849733,-2.40081259093643
2022-04-30 00:00:00-04:00,115.77760037683387,116.9533836790152,112.88153803374084,113.1741180419922,42676000.0,0.0,0.04699998172655591,0.0,-0.02056567015511057,0.032993139364082116,0.5237498503719421,0.022742495615863008,0.36102592555530155,0.019188231768941227,0.30460373615812486,31.412511410105196,4.071845645274365,4.359294615968997,0.9979842009999486,120.68858176040744,-0.0663973693669702,122.26738777160645,133.07726670316413,111.45750884004879,0.17682358523517902,0.07940001977876246,118.67416198010653,123.56343306088829,-4.889271080781754,-4.093655792494088,-0.7956152882876655,-1.6823999208849492,-2.2522138085521872
2022-05-01 00:00:00-04:00,115.77760037683387,116.9533836790152,112.88153803374084,113.1741180419922,42676000.0,0.0,0.04699998172655591,-0.021216644220480307,-0.014142974529274044,0.031038095889565177,0.4927144973565933,0.022742495615863008,0.36102592555530155,0.019188231768941227,0.30460373615812486,31.412511410105196,4.071845645274365,4.338762546633666,0.991270980539722,120.01290086120268,-0.060427091790306794,121.53771934509277,132.74713445966626,110.32830423051928,0.18445985616606161,0.126938550423253,117.8280013742428,122.79385417059969,-4.965852796356884,-4.268095193266648,-0.6977576030902366,-1.492245798306988,-2.123413671030272
2022-05-02 00:00:00-04:00,112.47539163673036,115.7885086604676,111.67699010622512,115.6273422241211,35534000.0,0.021444952278758405,1.4110011696185025,-0.006400520286485301,0.007227002430555851,0.028020122010779303,0.4448056472772548,0.022713887794761536,0.360571790474186,0.0194073160715177,0.3080815916427771,37.208353266181,4.11151855424248,4.322530832891439,0.8226796008612507,119.58052555444829,-0.034189001098587184,120.9857063293457,132.21878415651773,109.75262850217368,0.18569264366806254,0.2614917216961186,117.48943842807023,122.26300143382349,-4.77356300575326,-4.36918875576397,-0.4043742499892904,-0.9540331132155261,-1.7348233781562286
2022-05-03 00:00:00-04:00,115.47608756923124,117.4711039071796,115.08333755024836,116.37218475341795,24968000.0,0.006421091440826745,0.4556259966426564,-0.040299030435646754,0.013715307822997458,0.02191215911566073,0.3478447422510918,0.02282252074036248,0.36229628502367706,0.019427249323943054,0.3083980222152061,38.896649165417095,2.3877663569312375,4.184333370322854,0.5800441398536416,119.18744398957415,-0.024191856860997084,120.36285362243652,131.13679241619155,109.5889148286815,0.17902431638172275,0.3147999099766694,117.3175532473545,121.82664464268234,-4.509091395327843,-4.397169283676745,-0.111922111651098,-0.7408003600933214,-1.5794630829440968
2022-05-04 00:00:00-04:00,116.07216443085974,121.84742986414152,114.1723618582886,121.25879669189452,49916000.0,0.04113353308048546,2.620534108844636,0.04940096137225258,0.0866582443124495,0.017613174170882043,0.2796004719277209,0.024485245078944486,0.3886912156161311,0.020165968520732533,0.3201248259156922,48.65115817582809,7.675068005852921,4.433671558575002,1.1354635596632463,119.07130573528404,0.01803985373670376,120.1412353515625,130.63232325728947,109.65014744583553,0.17464591362037346,0.5532624142688745,117.92389839266835,121.78458183151287,-3.860683438844518,-4.2898721147103,0.4291886758657819,0.21304965707549786,-0.9683271063098614
2022-05-05 00:00:00-04:00,119.21867586209255,120.0468303596598,114.0627870115888,115.5504913330078,45840000.0,-0.04821948838617111,-2.9285481103642943,0.0065575561629063195,0.01844937607725905,0.033286035294621936,0.5283994291253293,0.02602425170094165,0.41312218834344766,0.021003883799284938,0.3334263185964386,40.51467430366975,7.196009680305721,4.63098142441291,1.0261231616412598,118.65654922250354,-0.026880525159727102,119.63420181274414,129.9750302362834,109.29337338920487,0.17287411571023995,0.3025443266015121,117.55875884502825,121.32279735014212,-3.7640385051138736,-4.184705392791015,0.42066688767714133,-0.7898226935939521,-1.580528891599308
2022-05-06 00:00:00-04:00,114.24030932144473,116.60774359414944,113.08089313905964,114.79769897460938,39710000.0,-0.006536148926631131,-0.3507567043287906,0.0,0.018872907238654646,0.03361676024621079,0.5336495249709373,0.026013031739636767,0.41294407697945273,0.020947781040635844,0.33253571491293754,39.574704391779555,3.5268504550898,4.5521149266041165,0.880905795654701,118.24003823797514,-0.029986134688354107,119.08952865600585,129.23273581017688,108.94632150183483,0.1703459114943686,0.28843823180562667,117.13398040342535,120.83945672973229,-3.705476326306936,-4.0888595794941995,0.3833832531872634,-0.8462470727774937,-1.612891677116185
2022-05-07 00:00:00-04:00,114.24030932144473,116.60774359414944,113.08089313905964,114.79769897460938,39710000.0,0.0,0.05362942728869113,0.0,0.025721353076319176,0.031979162531816714,0.5076534671718103,0.026013031739636767,0.41294407697945273,0.020947781040635844,0.33253571491293754,39.574704391779555,3.5268504550898,4.47888175006738,0.8730504219047494,117.83095562880894,-0.026422625900110148,118.54485549926758,128.36006340737558,108.7296475911596,0.1655948352506723,0.30911476558928386,116.77455249129983,120.3919191182417,-3.617366626941873,-3.9945609889837344,0.3771943620418612,-0.7635409376428636,-1.5593365281953802
2022-05-08 00:00:00-04:00,114.24030932144473,116.60774359414944,113.08089313905964,114.79769897460938,39710000.0,0.0,0.05362942728869113,0.02875724831596216,-0.002619531928441221,0.03171236155647889,0.5034181329900501,0.026013031739636767,0.41294407697945273,0.020947781040635844,0.33253571491293754,39.574704391779555,3.5268504550898,4.410879514711839,0.8552788863928596,117.50407224527066,-0.02357515259308356,117.95324478149413,127.12161043843636,108.7848791245519,0.1554576251620111,0.3279112153159271,116.47042118103977,119.97753244093559,-3.5071112598958223,-3.8970710431661524,0.3899597832703301,-0.6883551387362914,-1.4989424509306355
2022-05-09 00:00:00-04:00,112.32165521736496,114.1336821917544,111.08240126088768,111.58871459960938,40802000.0,-0.028351518734952896,-1.6831931052518987,-0.016469290176256313,-0.03049969299926303,0.021155903669687524,0.3358395592249917,0.026374194015070993,0.41867735036187576,0.02057002374237501,0.32653900371011063,35.22375793554504,3.7152977137216965,4.3611951003554,0.8654594664534234,116.92672037252426,-0.04783643034215549,117.08551483154297,125.08481004262889,109.08621962045704,0.13664021928920797,0.1564197165572923,115.71938939928124,119.35613852676327,-3.636749127482034,-3.8450066600293287,0.20825753254729484,-1.3743211337708305,-1.765762493565932
2022-05-10 00:00:00-04:00,114.56065900721823,115.29707287210782,111.97502692676184,113.457275390625,39900000.0,0.01660641660366278,1.076672401970624,0.006976142006039021,-0.014265342894601685,0.016243938113457455,0.2578645233631928,0.02630763492669602,0.41762075758988765,0.020679983274255867,0.3282845571639376,39.401595599235556,3.708358272498444,4.314563898365617,0.8390267289943666,116.4457942486057,-0.026340477926086663,116.40885772705079,123.05552157746217,109.7621938766394,0.114195156282628,0.27796512635108644,115.37137185948797,118.91918570186414,-3.547813842376172,-3.7855680964986975,0.2377542541225255,-0.8881394945956542,-1.509226639533594
2022-05-11 00:00:00-04:00,112.30826753178046,115.41062467447976,112.30826753178046,112.6712646484375,37534000.0,-0.006951921306843251,-0.3669119864217674,0.006721589895078317,-0.007361618371708678,0.01626341876543882,0.2581737691263134,0.02622519887997012,0.4163121259176635,0.019665593196199115,0.31218161389024024,38.28306355816565,3.1023571426993044,4.22797770153231,0.7883720685997543,116.01584862525449,-0.02968444516224194,115.85285263061523,121.71318311116569,109.99252215006477,0.10116851415364822,0.22854875738348412,114.95597075009559,118.45637673494365,-3.500405984848058,-3.72853567416857,0.2281296893205118,-1.0858049704660644,-1.5313584646973095
2022-05-12 00:00:00-04:00,110.46451302431396,113.35809330514908,108.92424196384516,111.9189910888672,53836000.0,-0.0066991007287754865,-0.353339446777275,-0.027630198903202174,-0.031157423579242893,0.01615391765860067,0.256435492944433,0.025832784073331817,0.4100827339827968,0.01966279788398798,0.31213723968455553,37.19476406263597,4.433851341303921,4.242682961515996,1.134414028670104,115.62531290150558,-0.03311611172133818,115.51606101989746,121.47181283632229,109.56030920347264,0.10311556269909433,0.1980171402449786,114.48874310990661,117.97212594634539,-3.4833828364387784,-3.679505106622612,0.19612227018383344,-1.2079314390200844,-1.546745375491966
2022-05-13 00:00:00-04:00,113.594142514748,116.90875017939356,112.67375572924637,115.09920501708984,35038000.0,0.028019093072605205,1.762725188284837,0.0,0.0370957217407375,0.022116071254061353,0.3510817470961844,0.025274218123318433,0.4012157744154131,0.019911398655200786,0.3160836545827633,44.39168453405212,4.989759090526363,4.296045542159594,0.7557026019739113,115.41959171027277,-0.002783569991950462,115.33828010559083,121.10893130948084,109.56762890170081,0.10006480413280047,0.47928525914546516,114.58266032639634,117.75931698862276,-3.1766566622264207,-3.5789354177433736,0.4022787555169529,-0.08285896341813939,-1.1976708682449082
2022-05-14 00:00:00-04:00,113.594142514748,116.90875017939356,112.67375572924637,115.09920501708984,35038000.0,0.0,0.051847968502330685,0.0,0.05133434237050882,0.01550940063748752,0.24620410242275165,0.025274218123318433,0.4012157744154131,0.019911398655200786,0.3160836545827633,44.39168453405212,4.234994450147198,4.291684749872994,0.7739356121265669,115.2039435542298,-0.0009099848875967467,115.16049919128417,120.71600949143993,109.60498889112841,0.09648291452658489,0.494483479385088,114.66212874034919,117.5622716573981,-2.9001429170489104,-3.4431769176044815,0.5430340005555712,-0.022066082459647966,-1.1624872469090128
2022-05-15 00:00:00-04:00,113.594142514748,116.90875017939356,112.67375572924637,115.09920501708984,35038000.0,0.0,0.051847968502330685,0.01402863410969446,0.06558282882848276,0.014465376282500875,0.22963072958681596,0.025274218123318433,0.4012157744154131,0.019911398655200786,0.3160836545827633,44.39168453405212,4.234994450147198,4.287635442749723,0.7835323583344515,114.84596423486023,0.0022001957545407006,114.81220321655273,119.31965328906311,110.30475314404235,0.07851865823023473,0.5318363815372523,114.72937124446314,117.37982227663453,-2.6504510321713894,-3.2846317405178636,0.6341807083464741,0.12734552614900932,-1.124715224123362
2022-05-16 00:00:00-04:00,114.01317216302417,115.21771695665214,112.95591618323132,113.5068588256836,25990000.0,-0.013931143537241921,-0.7944273066449796,-0.017411821924104176,0.050840965417167316,0.015914657317261865,0.25263735277373556,0.02445334549807585,0.38818482546869754,0.01963003662503859,0.3116171708216507,41.42323242888997,2.2618007734208163,4.142932966369087,0.6134810030969107,114.56076170627566,-0.009284926844910555,114.60367622375489,118.93547208405981,110.27188036344997,0.07559610656550708,0.3733992282367055,114.54129241080474,117.0929360950826,-2.551643684277863,-3.1380341292698635,0.5863904449920003,-0.5064030870531773,-1.2350357854485905
2022-05-17 00:00:00-04:00,115.88272969753332,115.94174359590812,113.9283852135548,115.51824188232422,23054000.0,0.017565190588135843,1.1203720762769347,0.04087143279036365,0.06946225169828923,0.016487101028747522,0.2617246149747787,0.023625222211359136,0.37503877583937434,0.019479794896872453,0.3092321573260177,46.307341003134134,2.434884770224528,4.020929523787333,0.5922443579566619,114.73101628743916,0.006814729708983855,114.71170845031739,119.02036464772198,110.4030522529128,0.07512147200336927,0.5935945449178172,114.69159232950005,116.97629207932272,-2.284699749822664,-2.967367253380424,0.6826675035577598,0.374378179671269,-1.0081174606990095
2022-05-18 00:00:00-04:00,114.05732544136316,114.45404808670412,110.64105684052672,110.98223876953124,35126000.0,-0.0400582784421071,-2.350579234256456,0.013729321538297645,0.003691049210838404,0.021458875936952213,0.3406490948649823,0.023836877508994544,0.37839869952665023,0.019612724537697284,0.31134234995496757,38.50925136459133,4.877185041797503,4.082090632216631,0.9186005763809344,114.37858604471894,-0.03060261995832194,114.38327331542969,118.78116201460296,109.98538461625643,0.07689740941484341,0.11333326301120396,114.12092255104332,116.53228813044927,-2.4113655794059525,-2.85616691858553,0.4448013391795773,-1.5466669479551838,-1.3886940808729569
2022-05-19 00:00:00-04:00,110.51807817312684,112.08363775970766,109.09830918068056,109.47916412353516,34144000.0,-0.013635928250095079,-0.7568845704249728,0.013552764219465052,0.041653349272345874,0.02116608711463483,0.33600121640191466,0.022372739771038836,0.35515623348799746,0.019639231715108754,0.31176313835130165,36.32626504174241,2.9853285790270974,4.003750485560236,0.902993758595155,114.22534899617281,-0.043352403269010256,114.19852561950684,119.0927190655959,109.30433217341778,0.08571377641767136,0.017861160581738693,113.40680586988822,116.00983450030749,-2.6030286304192742,-2.805539260952279,0.20251063053300467,-1.9285553576730476,-1.4724494692432089
2022-05-20 00:00:00-04:00,111.03331404707964,111.26391395378204,104.92926830668526,108.0152587890625,48962000.0,-0.013461746945461114,-0.7485326656340898,0.0,0.029327575560768038,0.020417082303673298,0.3241111336383437,0.02108265440642963,0.33467676321919715,0.019513029176189575,0.3097597351544711,34.28762535339746,6.334645647096778,4.17024299709856,1.2842053910292894,113.88543126940687,-0.05434577064531157,113.94058265686036,119.55316347683971,108.328001836881,0.09851767805825633,-0.02786089482268255,112.57733708822272,115.41764370688193,-2.8403066186592127,-2.8124927324936655,-0.027813886165547252,-2.1114435792907305,-1.5457075923995498
2022-05-21 00:00:00-04:00,111.03331404707964,111.26391395378204,104.92926830668526,108.0152587890625,48962000.0,0.0,0.061453165138934854,0.0,0.010348565065393167,0.021145389605310035,0.33567265362732357,0.02108265440642963,0.33467676321919715,0.019513029176189575,0.3097597351544711,34.28762535339746,6.334645647096778,4.324843186384148,1.2737054052226031,113.55107204805044,-0.05125028927439364,113.68263969421386,119.88656637829112,107.4787130101366,0.10914466273416455,0.04324243388489538,111.8754788883519,114.86931889815456,-2.9938400098026534,-2.848762187955463,-0.14507782184719042,-1.8270302644604206,-1.4908930748827574
2022-05-22 00:00:00-04:00,111.03331404707964,111.26391395378204,104.92926830668526,108.0152587890625,48962000.0,0.0,0.061453165138934854,-0.023141453742794416,-0.030347095755253073,0.01635419227609513,0.25961475393528655,0.02108265440642963,0.33467676321919715,0.019513029176189575,0.3097597351544711,34.28762535339746,6.334645647096778,4.468400505006479,1.251840867253017,113.1102576263601,-0.04716925084859871,113.30203552246094,119.92355550402687,106.68051554089502,0.11688263059057359,0.10078828213788993,111.2815988730766,114.36161074192552,-3.0800118688489135,-2.895012124134153,-0.18499974471476044,-1.5968468714484396,-1.4377284049835342
2022-05-23 00:00:00-04:00,108.68918571926903,111.22819834582448,107.84962051186191,110.57410430908205,37184000.0,0.02341342119102872,1.4621591120125406,0.05207129610870287,-0.007376341272814613,0.015104889245041726,0.2397826831413275,0.021197205824862644,0.33649521061221793,0.01980281594240371,0.31435995745431233,41.45992060590792,3.3785778339625665,4.390556028503342,0.9360870834885758,112.88903943245376,-0.02093559914264278,113.01213150024414,119.57512837951796,106.44913462097031,0.11614676746911277,0.31425961066190145,111.17275355553897,114.08105470986304,-2.9083011543240644,-2.8976699301721354,-0.010631224151929075,-0.742961557352394,-1.1688297786775481
2022-05-24 00:00:00-04:00,104.90496623527925,105.58583938493663,101.04932840845038,105.1013412475586,76780000.0,-0.05076088398554972,-2.9223302097386123,0.0015595017533671651,-0.0565053315316143,0.027262593171625344,0.43278024976108986,0.02358262646111259,0.3743625892670109,0.020301686184595075,0.32227927703828585,33.130937448331196,9.524775900631667,4.757286019369651,1.8696732089806654,111.65234207941415,-0.06233032570369538,112.20425872802734,118.46384263036603,105.94467482568865,0.11157480069471049,-0.06736338958688395,110.238690123542,113.41589074969234,-3.177200626150338,-2.953576069367776,-0.22362455678256188,-2.2694535583475384,-1.6158969848952334
2022-05-25 00:00:00-04:00,104.1249046244502,105.62699334651612,103.0051614939558,104.93769073486328,40258000.0,-0.0015582869932907128,-0.01908675605319288,-0.01843826100261159,-0.057974422072109566,0.027203747072128196,0.43184609689171616,0.021133255980199318,0.3354800383000557,0.02028456342576351,0.3220074616685199,32.917980356706664,2.6218318525603195,4.604753578883271,0.9870326011538019,111.1019084896909,-0.05874169434890842,111.67361869812012,118.51144716874985,104.83579022749039,0.12246094557236438,0.0074512330786432115,109.42315175605297,112.78787593377908,-3.364724177726103,-3.0358056910394415,-0.32891848668666146,-1.970195067685426,-1.579037391479864
2022-05-26 00:00:00-04:00,104.8107448453719,107.7588746889584,104.3624465360755,106.90890502929688,37948000.0,0.018610364546624687,1.1625938980704473,-0.040278832699695455,-0.052473550225630494,0.029378693684036495,0.46637230399142743,0.019571572771709695,0.31068908592208183,0.020184448725378206,0.3204181900697124,38.080777156919034,3.396428152882905,4.518444619883245,0.9324107836103276,110.7261284476858,-0.0357053831703062,111.2791790008545,118.26670897174108,104.29164902996791,0.12558557734925285,0.1872804846801166,109.03634456732127,112.35239660752114,-3.316052040199878,-3.0918549608715287,-0.22419707932834942,-1.2508780612795338,-1.3586475628843628
2022-05-27 00:00:00-04:00,108.58552885624928,111.39728839964133,108.24384758424748,111.3957977294922,37914000.0,0.04111248743808697,2.4490980188180624,0.0,-0.013833470983170892,0.03526303811201857,0.5597833759019626,0.02185528409125219,0.34694187922871744,0.02097347764596038,0.3329436358763014,47.908298077396985,4.488383370344451,4.5162973877733315,0.9336354010194784,110.55831807994254,0.007518054240998895,111.10908393859863,117.89880453148197,104.31936334571529,0.12221720047004425,0.5211138136666545,109.39933736150141,112.28153743137085,-2.882200069869441,-3.0499239826711113,0.16772391280167032,0.08445525466661806,-0.915299903063685
2022-05-28 00:00:00-04:00,108.58552885624928,111.39728839964133,108.24384758424748,111.3957977294922,37914000.0,0.0,0.05228847256129082,0.0,-0.045110541161817785,0.033929025165651605,0.5386065768909973,0.02185528409125219,0.34694187922871744,0.02097347764596038,0.3329436358763014,47.908298077396985,3.15344081539385,4.4189504897462255,0.9357045548776877,110.38976389835183,0.009031165013812924,110.93898887634278,117.50643858604055,104.37153916664501,0.11839750436193577,0.5347782528486578,109.70648511042306,112.21592708308354,-2.5094419726604826,-2.9418275806689858,0.4323856080085031,0.13911301139463078,-0.8908211540302639
2022-05-29 00:00:00-04:00,108.58552885624928,111.39728839964133,108.24384758424748,111.3957977294922,37914000.0,0.0,0.05228847256129082,0.0,-0.01942108861816516,0.01845526500846259,0.2929682495531062,0.02185528409125219,0.34694187922871744,0.02097347764596038,0.3329436358763014,47.908298077396985,3.15344081539385,4.328556941578199,0.9390510912747555,110.37641792532057,0.009150971804583186,110.92934303283691,117.49334052299963,104.36534554267419,0.11834555782449137,0.5355312976089915,109.96637935951061,112.1551767605953,-2.1887974010846847,-2.791221544752126,0.6024241436674411,0.1421251904359661,-0.867047269314954
2022-05-30 00:00:00-04:00,108.58552885624928,111.39728839964133,108.24384758424748,111.3957977294922,37914000.0,0.0,0.04890940387903509,-0.01270652137457673,-0.01942108861816516,0.01818803509224929,0.28872610614604405,0.020966889308861505,0.33283904926719887,0.020976909695448517,0.33299811797289863,47.908298077396985,3.15344081539385,4.244620075422175,0.9413663393378108,110.27179172953122,0.010090201092598337,110.82626914978027,117.28705699423834,104.3654813053222,0.11659307660580717,0.5440757840547619,110.18628987796932,112.09892646199506,-1.9126365840257478,-2.6155045526068506,0.7028679685811028,0.1763031362190476,-0.8412045485256171
2022-05-31 00:00:00-04:00,111.8222891546196,114.78629421531303,111.15976563053904,112.8294677734375,50012000.0,0.012787939647944451,0.7920382205380119,-0.001141453512043089,-0.0068009840933385135,0.01783757842151653,0.28316277896966885,0.020831038976604366,0.33068249209913153,0.02103368000884856,0.33389931875954487,51.23467790111827,3.626528584773993,4.200470683233019,1.222805224526521,110.31806707558717,0.022258375825127946,110.83417930603028,117.30485807766549,104.36350053439507,0.11676323697527752,0.6541792242997554,110.59293263111826,112.15304063321302,-1.5601080020947649,-2.4044252425044332,0.8443172404096684,0.6167168971990221,-0.6708213456952578
2022-06-01 00:00:00-04:00,113.91351567650608,116.14159882441552,112.32166882859195,112.95840454101562,36606000.0,0.00114210546626724,0.11488588500678126,-0.031715809914811155,-0.025068380342335606,0.005613077898059829,0.08910484924739681,0.020775919418704963,0.3298074962436657,0.02104198747556996,0.3340311957053635,51.53442083146629,3.8199299958235713,4.173289205560915,0.9142837161789205,110.33113575311586,0.02325872783503944,110.88614997863769,117.40999280993647,104.36230714733891,0.11766740630016649,0.6588216190951206,110.95685138648707,112.21269721897619,-1.2558458324891149,-2.1747093605013696,0.9188635280122548,0.6352864763804823,-0.6336198983282161
2022-06-02 00:00:00-04:00,113.06551449385536,116.93304735382672,112.02065295107872,116.65831756591795,37992000.0,0.032229649994395294,1.9093492566596693,0.026903064334702353,0.00403758581404734,0.013941329326797163,0.22131174206614093,0.021846107567789028,0.3467962064348154,0.021401184337734587,0.3397332691193776,59.27088090942727,4.912394402748006,4.226082433931422,0.9454132823698042,110.42236081950887,0.05345488325669921,110.9641056060791,117.73259357245597,104.19561763970223,0.12199418774941326,0.9206413594975283,111.83400002947644,112.54200242986076,-0.7080024003843164,-1.8813679684779592,1.1733655680936428,1.6825654379901136,-0.1979395125932852
2022-06-03 00:00:00-04:00,115.111101117536,115.36798068092384,112.5879563145143,113.6020736694336,26136000.0,-0.026547539281056836,-1.4824005174480204,0.0,-0.022637771500976567,0.02139760883098392,0.3396765097093378,0.021838609110952294,0.3466771721227749,0.02156766962468637,0.3423761411167315,51.900921022390364,4.070361251403654,4.214959492322296,0.6576666121462991,110.32074874624708,0.028884375233631045,110.88924903869629,117.49637115554353,104.28212692184906,0.1191661441325406,0.7052954813579106,112.10601135870061,112.62052622538467,-0.5145148666840527,-1.607997348119178,1.0934824814351254,0.8211819254316428,-0.5245241598909337
2022-06-04 00:00:00-04:00,115.111101117536,115.36798068092384,112.5879563145143,113.6020736694336,26136000.0,0.0,0.04955567779641528,0.0,-0.0025645858989240544,0.02139760883098392,0.3396765097093378,0.021838609110952294,0.3466771721227749,0.02156766962468637,0.3423761411167315,51.90092102239038,2.7800243664095348,4.112464126185671,0.6651160186688518,110.21683474788418,0.0297990944373075,110.81439247131348,117.25244408392267,104.3763408587043,0.11619522462798872,0.7165003766559066,112.33617479112107,112.69323344346236,-0.3570586523412942,-1.3578096089636014,1.0007509566223072,0.8660015066236256,-0.5016217338475298
2022-06-05 00:00:00-04:00,115.111101117536,115.36798068092384,112.5879563145143,113.6020736694336,26136000.0,0.0,0.04955567779641528,-0.019512942582374126,0.030401586743807663,0.02082974195857547,0.330661902576229,0.021838609110952294,0.3466771721227749,0.02156766962468637,0.3423761411167315,51.900921022390364,2.7800243664095348,4.017289857630233,0.6649924814325734,110.22061168772751,0.029765847334316017,110.81915321350098,117.26572315076314,104.37258327623883,0.11634396673005394,0.7158450527191916,112.53092846470761,112.76055494168246,-0.22962647697484329,-1.1321729825658498,0.9025465055910065,0.8633802108767666,-0.4763051875414304
2022-06-06 00:00:00-04:00,115.74784575456005,118.36868641474054,115.21177950019366,115.86289978027344,33542000.0,0.019705833414880105,1.1774733770988144,-0.0028082985590134335,0.05090789210175317,0.022377066998402487,0.3552249260928214,0.02204631971513992,0.3499744757428835,0.021563833650995488,0.34231524692220033,56.85729752508335,4.766612745306944,4.070812921035713,0.8421903678650969,110.3048785069209,0.04797067295823743,110.83638610839844,117.33745904737661,104.33531316942027,0.11730936323781059,0.8865910841991765,113.04353943633313,112.99035826305956,0.05318117327357186,-0.8951021513979655,0.9482833246715373,1.5463643367967062,-0.1354588120154044
2022-06-07 00:00:00-04:00,114.53387621473068,116.72625878645412,114.10889140185589,116.18919372558594,31590000.0,0.002812249227583137,0.19748364966765403,-0.00037978498892299317,0.05386746658956776,0.01656617905562294,0.2629799397344709,0.02172404023029317,0.3448584475255084,0.021506015065225134,0.3413974053275654,57.5373788760588,2.6173673845982393,3.9669953827187507,0.7967152833648169,110.5092811989222,0.0488850326311626,111.09673385620117,118.02538401473977,104.16808369766257,0.12473184256715861,0.867492928121722,113.52748625006433,113.2273090380615,0.3001772120028221,-0.656046278717808,0.9562234907206301,1.469971712486888,-0.053467351031649596
2022-06-08 00:00:00-04:00,115.80437996795136,117.59855692060148,115.64420478456094,116.23333740234376,26108000.0,0.0003798571255067808,0.05360676323646683,0.02053812293613988,0.10152518678467914,0.008536828723321788,0.13551795472237485,0.019664669216594523,0.31216694616873875,0.021244193524465233,0.33724111721918265,57.634677837454845,1.9543521360405407,3.8232351508131646,0.665197396078831,110.74446977527664,0.047222834255092494,111.4344425201416,118.682188277249,104.1866967630342,0.13008089048944407,0.8310612046163592,113.9437710427227,113.44997780578612,0.4937932369365825,-0.4260783755869299,0.9198716125235125,1.324244818465436,-0.00785445708316386
2022-06-09 00:00:00-04:00,115.37393150433296,117.329274764035,113.83515114216875,113.8941650390625,25798000.0,-0.02033005968527944,-1.144011096931568,0.03305093460356234,0.07609006630765602,0.014215884011485646,0.2256701625679818,0.019985865279723708,0.3172657755995357,0.02136189156470172,0.3391095156847752,50.9697925855081,3.494123621866251,3.7997271844598135,0.6772852931061188,111.02654088881756,0.02517797245593241,111.7283878326416,118.86831233035262,104.58846333493058,0.12780860148820805,0.6516666742845265,113.93613934985191,113.48288056380659,0.45325878604532477,-0.250210943260479,0.7034697293058038,0.6066666971381062,-0.3427751148236949
2022-06-10 00:00:00-04:00,111.52326952209091,112.35043272359222,109.4613090664686,110.2502899169922,41452000.0,-0.032516496379394765,-1.8318530481847466,0.0,0.012727274893425511,0.02054034352018984,0.3260678447895561,0.02111783229233041,0.335235194845652,0.02159116377150531,0.34274909913522283,42.68837995611872,4.432855972593899,3.844950669326534,1.0990910730005197,111.17934726573606,-0.00842680186549481,111.84013938903809,118.80313415692429,104.87714462115188,0.12451691862910308,0.3858357987443581,113.36908559095042,113.24342940478331,0.12565618616710594,-0.175037517374962,0.3006937035420679,-0.4566568050225678,-0.9176349476099237
2022-06-11 00:00:00-04:00,111.52326952209091,112.35043272359222,109.4613090664686,110.2502899169922,41452000.0,0.0,0.04715908910990449,0.0,0.048362181432704876,0.015696926653966426,0.24918098564649835,0.02111783229233041,0.335235194845652,0.02159116377150531,0.34274909913522283,42.68837995611872,2.889123657123619,3.7766773113120404,1.110144003770826,111.33522701545654,-0.009840673428443497,111.95189094543457,118.72558306135672,105.17819882951243,0.12101076737013129,0.3743963410705803,112.88927087187993,113.02171536865063,-0.13244449677070236,-0.16651891325411008,0.03407441648340773,-0.5024146357176783,-0.892269724606796
2022-06-12 00:00:00-04:00,111.52326952209091,112.35043272359222,109.4613090664686,110.2502899169922,41452000.0,0.0,0.04715908910990449,0.044824780118814855,0.037501162194208515,0.015167623870594966,0.24077856444816728,0.02111783229233041,0.335235194845652,0.02159116377150531,0.34274909913522283,42.68837995611872,2.889123657123619,3.7132806217271535,1.1038354099705214,111.31302990860175,-0.009639339655339568,111.93570022583008,118.72478907939909,105.14661137226106,0.12130337041483705,0.3758736006266985,112.4832738018972,112.81642459445371,-0.33315079255650915,-0.1998452891145899,-0.13330550344191924,-0.49650559749320555,-0.8747172041630396
2022-06-13 00:00:00-04:00,105.91113030460596,107.8996918485191,105.24910628823996,105.5203628540039,47252000.0,-0.0438491968303794,-2.4583198732414635,-0.003026939778444926,-0.007009422119346853,0.0195152004901264,0.3097942036946416,0.022593779994871447,0.35866513826001634,0.021852681330260075,0.3469005616788738,33.78815400974909,5.001183628752244,3.805273693657517,1.3097795505636665,111.59468067618467,-0.05756536139460663,111.95665130615234,118.65896853997053,105.25433407233415,0.119730577069339,0.019846030289900833,111.41205673299054,112.27597557664262,-0.8639188436520868,-0.3326600000220893,-0.5312588436299975,-1.920615878840398,-1.679159480658247
2022-06-14 00:00:00-04:00,105.66171972879,107.0398256656086,104.93274403233468,105.84073638916016,33706000.0,0.003031530226336104,0.22914973878001302,-0.027777608414366828,-0.003994573674856339,0.021872842081434262,0.3472206036819807,0.01967736929649216,0.3123685536869775,0.02185386078942641,0.3469192850126878,34.78003325895547,2.1070816332739213,3.6839742607729744,0.9428594606237429,111.69825738655354,-0.05534278385834517,112.00180358886719,118.51450939950965,105.48909777822473,0.11629644527063333,0.026996353064252437,110.5549305262474,111.79929119238466,-1.2443606661372542,-0.5150001332451223,-0.7293605328921319,-1.892014587742989,-1.581461933564945
2022-06-15 00:00:00-04:00,107.65522972129614,110.5101358678124,106.78691045306238,108.86473846435548,39698000.0,0.02817070276434587,1.6598830094136978,0.03518707101379248,0.024462545756348986,0.02594967048705602,0.41193824827693554,0.02058300546499443,0.3267450821679519,0.022062978226858203,0.3502389214181977,43.3990369005506,4.669399478652238,3.754361776335779,1.1077625417873547,111.79489334276506,-0.026915555208622242,112.09959526062012,118.34350004886137,105.85569047237887,0.1113992387523757,0.24095883057372716,110.29490097826404,111.58191691623435,-1.2870159379703097,-0.6694032941901598,-0.6176126437801499,-1.0361646777050917,-1.0027999081512595
2022-06-16 00:00:00-04:00,106.3420799988214,107.75787626146192,104.27615475355856,105.16431427001952,51684000.0,-0.03458215532579579,-1.9013220067663108,-0.010359987636766599,-0.049402056446665954,0.029475999813269534,0.467916990905385,0.021649673094318502,0.3436779058404778,0.0222570248346915,0.35331931582069315,36.961999173307525,4.588583710796925,3.8139490573687183,1.415042423346393,111.3464796149122,-0.058785771464447294,111.78802108764648,118.75933630631127,104.8167058689817,0.12472383267611441,0.02493133577629235,109.50557994622642,111.10653894244065,-1.6009589962142314,-0.8557144345949741,-0.7452445616192573,-1.9002746568948303,-1.6696304576518417
2022-06-17 00:00:00-04:00,105.16431896946578,107.80846549966309,104.18491071395393,106.26522064208984,51376000.0,0.01041402585621545,0.6504822745739417,0.0,-0.03896397900684356,0.03065468118761347,0.48662797765437227,0.019620656127820588,0.3114682600447729,0.022316975310823977,0.3542710001256518,39.82175552927533,3.6235547857091603,3.800349466535893,1.3811569501422127,110.993065423772,-0.04449098917891422,111.53149223327637,118.92818729834589,104.13479716820684,0.13263868198945616,0.1440118495585822,109.00706313020541,110.74792277204429,-1.740859641838881,-1.0327434760437555,-0.7081161657951256,-1.4239526017656714,-1.44466660795087
2022-06-18 00:00:00-04:00,105.16431896946578,107.80846549966309,104.18491071395393,106.26522064208984,51376000.0,0.0,0.05985220088333486,0.0,-0.0454240662822063,0.022897927574305654,0.36349333140228735,0.019620656127820588,0.3114682600447729,0.022316975310823977,0.3542710001256518,39.82175552927533,3.6235547857091603,3.787721275048269,1.3566089002373853,110.65221407597886,-0.04128343598574719,111.27496337890625,119.03826134017055,103.51166541764195,0.13953359723569125,0.1773444248943564,108.58524120895686,110.41587076241804,-1.8306295534611792,-1.1923206915272404,-0.6383088619339388,-1.2906223004225756,-1.470446912182231
2022-06-19 00:00:00-04:00,105.16431896946578,107.80846549966309,104.18491071395393,106.26522064208984,51376000.0,0.0,0.05985220088333486,0.0,-0.09181172293844564,0.022884283783595458,0.363276742939331,0.019620656127820588,0.3114682600447729,0.022316975310823977,0.3542710001256518,39.821755529275336,3.6235547857091603,3.7759950972383325,1.3329182233291823,110.32326741074071,-0.03818791081532413,111.01843452453613,119.0975636810249,102.93930536804737,0.145545722943935,0.2058337730231271,108.22831496790039,110.10841519794928,-1.880100230048896,-1.3298765992315715,-0.5502236308173245,-1.1766649079074918,-1.4887206140302296
2022-06-20 00:00:00-04:00,105.16431896946578,107.80846549966309,104.18491071395393,106.26522064208984,51376000.0,0.0,0.058454417706046514,-0.03945077838624156,-0.09181172293844564,0.01723047957182062,0.2735253835044963,0.019620656127820588,0.3114682600447729,0.02228229159865068,0.35372041326392134,39.821755529275336,3.6235547857091603,3.765106503557677,1.3305639150320365,109.89098654701706,-0.03411996778455958,110.69022216796876,118.98990245880451,102.390541877133,0.14996230251017587,0.23342337470728478,107.92630045623723,109.82373411973747,-1.8974336635002373,-1.4433880120853049,-0.45404565141493247,-1.0663065011708606,-1.4788618418774413
2022-06-21 00:00:00-04:00,108.03657603615588,111.56739902352788,107.70977872020164,110.62964630126952,47416000.0,0.04025005226274963,2.3078174529311575,0.0005067927477784284,-0.05451146424775166,0.01742949281648121,0.27668462082237616,0.021498078433708368,0.34127141520811993,0.02278610945597954,0.36171827380331484,51.54354005476155,5.30217838143804,3.8748973519777032,1.211053132989551,109.79231951743715,0.007568737782566321,110.57378425598145,118.80453729218574,102.34303121977716,0.14887349820912096,0.5033934954093718,108.34219981701143,109.88343131836947,-1.541231501358041,-1.4629567099398522,-0.07827479141818894,0.013573981637487575,-0.4121200505592603
2022-06-22 00:00:00-04:00,109.65024031138256,112.41736323198378,109.47766306713152,110.5736083984375,30774000.0,-0.000506664371705306,0.018443507293992294,-0.006722003269645116,-0.03751947045024018,0.018058350144240957,0.2866674214187337,0.021493113586507438,0.34119260070217333,0.02272786686361627,0.3607937013126853,51.40508787989787,2.939700164852269,3.808097552897315,0.7933119886161508,109.48708798160486,0.009826218322526906,110.26954879760743,117.9871626090574,102.55193498615745,0.1399772447716306,0.5196990681484324,108.68549344492314,109.93455554652266,-1.2490621015995202,-1.4201777882717859,0.17111568667226562,0.07879627259372965,-0.40071842655643336
2022-06-23 00:00:00-04:00,111.31150268168844,111.8183154317785,109.59469700214912,111.32191467285156,28362000.0,0.006744697692119919,0.43229404290519635,-0.04859504102054302,0.0020934427346370743,0.01756122107557016,0.2787757421075092,0.02020284719968215,0.3207102567947798,0.022556824523016966,0.3580784883313563,53.212421407250865,2.223618429629383,3.6949204726638913,0.7290421585940452,109.41574416669043,0.017123048159591134,110.15554084777833,117.73194771229498,102.57913398326167,0.13755834352420523,0.5769740753057911,109.09109671075828,110.0373228892137,-0.9462261784554187,-1.3253874663085123,0.37916128785309366,0.3078963012231649,-0.18916783342787113
2022-06-24 00:00:00-04:00,112.068746217256,117.11107066416578,112.02659127406568,117.00791931152344,41164000.0,0.049815482700444155,2.8087676569969715,0.0,0.05616302765326964,0.02394014007240165,0.38003794190175966,0.02236376427291117,0.3550137518723651,0.022862728576243923,0.3629345646306675,64.12932662738869,5.789155991314217,3.8445087239960576,1.0380662976459165,109.6718442181073,0.06269725277213484,110.32583312988281,118.36724872314699,102.28441753661863,0.14577575106633991,0.9154794702588075,110.3090694185683,110.55366336494035,-0.24459394637204923,-1.1092287623212198,0.8646348159491706,1.6619178810352313,1.3291584785941053
2022-06-25 00:00:00-04:00,112.068746217256,117.11107066416578,112.02659127406568,117.00791931152344,41164000.0,0.0,0.03989888609785671,0.0,0.08270697393081661,0.02394014007240165,0.38003794190175966,0.02236376427291117,0.3550137518723651,0.022862728576243923,0.3629345646306675,64.1293266273887,5.0844793901001,3.9330780572892037,1.0187621114738195,109.91841924577098,0.06058991654126659,110.49612541198731,118.96268212178504,102.02956870218958,0.15324621887382892,0.8845597521363381,111.33966170979217,111.03175639802058,0.30790531177159153,-0.8258019475026577,1.1337072592742492,1.5382390085453526,1.3378227603857933
2022-06-26 00:00:00-04:00,112.068746217256,117.11107066416578,112.02659127406568,117.00791931152344,41164000.0,0.0,0.03989888609785671,0.01848755568025795,0.08495218211650002,0.021788360658627805,0.345879502671076,0.02236376427291117,0.3550137518723651,0.022862728576243923,0.3629345646306675,64.1293266273887,5.0844793901001,4.0153210096328396,1.00924314119695,110.03174262652753,0.05962140619236584,110.55337638854981,119.1865791991757,101.92017357792392,0.15618162181286474,0.8738208787953685,112.21170134082774,111.47443513235412,0.7372662084736277,-0.5131883163074007,1.2504545247810284,1.4952835151814734,1.303676473817418
2022-06-27 00:00:00-04:00,117.30349693355396,117.60748019835728,114.23534911421451,114.88399505615234,36420000.0,-0.01831873832854593,-0.970918054899208,0.03415844453674777,0.06525816252300665,0.025348411485529743,0.4023935575274703,0.0223474157074453,0.35475422644127297,0.022677636197781705,0.3599963142127606,57.833741186210524,3.372131084142765,3.9693788720978342,0.8876756401038303,110.01005666831274,0.042424868542022286,110.48811645507813,118.96017020427472,102.01606270588154,0.15335683186600665,0.7594340599816827,112.62282345087769,111.72699512670954,0.89582832416815,-0.2313849882122906,1.1272133123804404,1.0377362399267305,0.768766451163289
2022-06-28 00:00:00-04:00,114.8532454023872,116.3478960242618,110.93116279588207,111.08935546875,35792000.0,-0.03358799890867273,-1.7989316088031715,0.002739564144786044,0.030072488553908316,0.03140237846170841,0.4984973039136689,0.023468997246350428,0.37255878140341747,0.022604151854125943,0.3588297864213409,48.64539465920857,5.4167332283797265,4.07276132611797,0.86219397919191,109.86088888262447,0.011058364511540521,110.23091735839844,118.26984170482649,102.1919930119704,0.1458560726713496,0.5533925978998041,112.38690529978112,111.67976255945327,0.7071427403278534,-0.04367944250426181,0.7508221828321152,0.21357039159921656,-0.22989468110476702
2022-06-29 00:00:00-04:00,110.63757801717348,112.23289031786092,109.96364371615972,110.78585052490234,24716000.0,-0.002735818378552808,-0.09878457736920834,0.025132432761376,0.027258248688365905,0.01478219173528261,0.23466001898419273,0.023462135482042453,0.3724498542719332,0.022118390704533746,0.3511185672309541,47.988682846205194,2.269246601701198,3.9439388458024864,0.5961609895172534,109.7629730022845,0.009232925664888276,110.07550163269043,117.93440115883303,102.21660210654784,0.1427910735736069,0.5451939161360276,112.140589180569,111.61354685319023,0.5270423273787657,0.07046491147234368,0.456577415906422,0.18077566454411054,-0.29999615039195054
2022-06-30 00:00:00-04:00,109.09829563062534,109.9790169014494,105.87493689608417,108.06979370117188,43170000.0,-0.02482180693844764,-1.3076167064003432,0.0020736988305634085,-0.0379648347603202,0.014356354545105253,0.22790006315892192,0.023654547210069835,0.3755042957620891,0.021822083750912803,0.3464148401648331,42.46395033360433,4.910913628818179,4.01300847316075,1.0391267195416962,109.65069001515324,-0.014628475356886215,109.96647682189942,117.87550588659423,102.05744775720461,0.1438443659062423,0.3800938076461138,111.51431295296945,111.35104661970738,0.1632663332620723,0.08902519583028942,0.07424113743178287,-0.4796247694155452,-0.9915689608150088
2022-07-01 00:00:00-04:00,107.0482435979797,108.35444913580424,105.85560141078064,107.84615325927734,35476000.0,-0.002071551684986661,-0.0629505011462036,0.0,-0.05092432014272519,0.013802236329193907,0.21910370918152863,0.02263380841092684,0.35930056966556667,0.0213135091688821,0.33834146896174194,42.03483117287737,2.4988477250236087,3.904854134008097,0.8601139027825931,109.54295471052454,-0.01573353708006485,109.84626998901368,117.81002666705143,101.88251331097592,0.1449982175786989,0.37442379202442205,110.94998069240143,111.09142488930516,-0.1414441969037341,0.04293131728348472,-0.18437551418721881,-0.5023048319023121,-1.016083899287271
2022-07-02 00:00:00-04:00,107.0482435979797,108.35444913580424,105.85560141078064,107.84615325927734,35476000.0,0.0,0.05160742114249349,0.0,-0.0845700871029369,0.015465845700597041,0.2455126892344637,0.02263380841092684,0.35930056966556667,0.0213135091688821,0.33834146896174194,42.03483117287736,2.4988477250236087,3.804425104794919,0.8663903738744569,109.4336470617612,-0.014719985409839367,109.72606315612794,117.73658240081491,101.71554391144096,0.146009416801711,0.38265992257009723,110.4724687796131,110.85103439819198,-0.3785656185788895,-0.041368069888990125,-0.3371975486898994,-0.4693603097196106,-0.9833735498050626
2022-07-03 00:00:00-04:00,107.0482435979797,108.35444913580424,105.85560141078064,107.84615325927734,35476000.0,0.0,0.05160742114249349,0.0,-0.08894590796166923,0.010633913935030567,0.16880815041213085,0.02263380841092684,0.35930056966556667,0.0213135091688821,0.33834146896174194,42.03483117287736,2.4988477250236087,3.711169577668397,0.8790304796311026,109.59296151815042,-0.016197223601230364,109.8423526763916,117.66103030511,102.0236750476732,0.1423618019499845,0.37234417941838965,110.06842023802298,110.62845061012423,-0.5600303721012523,-0.14510053033144255,-0.41492984176980974,-0.5106232823264413,-0.9736681317198442
2022-07-04 00:00:00-04:00,107.0482435979797,108.35444913580424,105.85560141078064,107.84615325927734,35476000.0,0.0,0.05141642507191214,-0.03995567754907581,-0.08894590796166923,0.010905994664213445,0.17312729808783692,0.020400424748484598,0.3238467031474659,0.021123468433400336,0.33532466581140263,42.03483117287736,2.4988477250236087,3.624575159622341,0.8771070992370187,109.6726996548615,-0.016936592918552085,109.94262351989747,117.59488790723518,102.29035913255976,0.13920468954341078,0.36301634689405293,109.72653301052365,110.42235451006151,-0.6958214995378569,-0.2552447241727254,-0.44057677536513146,-0.5479346124237885,-0.9419382675775214
2022-07-05 00:00:00-04:00,106.22257357959492,112.4476205204141,104.8647923311928,112.33455657958984,39342000.0,0.040775826366307936,2.279194690058364,-0.011425141878499079,-0.05102913403781706,0.01848888291999702,0.293501917354211,0.02217071735280992,0.3519492270206359,0.021754918193281396,0.345348619991863,54.45839313240171,7.582828189221303,3.9073075188794095,0.9731181731834732,109.84188253745184,0.022189735002620753,110.11611442565918,117.82262553997504,102.40960331134332,0.1399706328998491,0.6439329757021708,110.1277674057646,110.56399910780436,-0.4362317020397626,-0.2914421197461329,-0.1447895822936297,0.575731902808683,0.3304876795956039
2022-07-06 00:00:00-04:00,112.37324154606672,114.64198891272858,110.5622056578975,113.63282775878906,37432000.0,0.011490910233702785,0.6921298052390841,-0.03545108959621801,-0.00954802681427469,0.017665974944022535,0.280438658216291,0.021506522626194388,0.3414054626081645,0.021150778638866177,0.3357582018829028,57.30860777987563,4.079783254831085,3.919627214304529,0.9424869448738802,110.32488204377303,0.029110828096594432,110.53954010009765,118.02798946860254,103.05109073159277,0.13548906322070492,0.7065372620199074,110.66700746007606,110.79131974861805,-0.1243122885419865,-0.2580161535053036,0.1337038649633171,0.8261490480796291,0.7062361577758975
2022-07-07 00:00:00-04:00,114.13665496771532,118.21246520183128,113.8921774820959,117.80929565429688,40936000.0,0.03609473729090455,2.033454900955724,-0.004780071960816867,0.04176863797057284,0.019595848286810293,0.31107444777750687,0.021013220414979054,0.3335745327757203,0.020781027678606172,0.32988858735565096,64.91558148713308,4.579637443042216,3.9667708020715065,1.0444402488123243,110.98180464932854,0.05795375455773143,111.116743850708,118.98782893381896,103.24565876759705,0.14167234946492366,0.925135272514658,111.76582102841772,111.31116981570537,0.4546512127123492,-0.11548268026177305,0.5701338929741222,1.700541090058633,1.8393957978624897
2022-07-08 00:00:00-04:00,116.2888797500777,118.70391717679874,115.94323338269083,118.37513732910156,38238000.0,0.004791533042574956,0.3114901213479683,0.0,0.07184330137053974,0.01860780308567911,0.29538971645980344,0.02098202769357378,0.3330793636743983,0.02076986332674337,0.32971135876418184,65.80459789960426,2.760683794107905,3.8806217300741066,0.9922334984547438,111.66299595614694,0.056702290061922435,111.7222396850586,119.87984383755033,103.56463553256687,0.1460336666269447,0.9077727675723789,112.7826389208306,111.83442666854954,0.948212252281067,0.09725630624679497,0.850955946034272,1.6310910702895165,1.9031713969947128
2022-07-09 00:00:00-04:00,116.2888797500777,118.70391717679874,115.94323338269083,118.37513732910156,38238000.0,0.0,0.04716097889132929,0.0,0.08141887775912027,0.01860780308567911,0.29538971645980344,0.02098202769357378,0.3330793636743983,0.02076986332674337,0.32971135876418184,65.80459789960426,2.760683794107905,3.800626163219378,1.0094402382234613,112.36781291472451,0.05074819383462038,112.32773551940917,120.57707855270934,104.07839248610901,0.14687989560467468,0.8665383888923525,113.64302329133383,112.31892375451636,1.3240995368174708,0.34262495236093016,0.9814745844565407,1.4661535555694098,1.831215049625297
2022-07-10 00:00:00-04:00,116.2888797500777,118.70391717679874,115.94323338269083,118.37513732910156,38238000.0,0.0,0.04716097889132929,0.03178712222684621,0.06777767668983437,0.015076107406780061,0.2393257856234336,0.02098202769357378,0.3330793636743983,0.02076986332674337,0.32971135876418184,65.80459789960426,2.760683794107905,3.7263445654257015,1.027254288285626,113.09750632286162,0.044583948330022174,112.93323135375977,121.08611092496005,104.78035178255948,0.144384066115343,0.8337413442586045,114.37104083560578,112.7675321674486,1.6035086681571755,0.5948016955201793,1.0087069726369964,1.3349653770344185,1.7591650086818813
2022-07-11 00:00:00-04:00,117.0307287121293,117.0307287121293,114.38509184711968,114.72825622558594,31196000.0,-0.031292368869391886,-1.6790402566723703,0.014523502250548104,0.03488176358056494,0.023909164610014428,0.37954622168042873,0.022426681464236393,0.35601253132098837,0.020838913363643713,0.33080749411813065,54.65613192150374,3.9900454819818805,3.7451803451797145,0.856738757294885,113.3280438096439,0.012204599477123143,113.13816184997559,121.25319721608435,105.02312648386683,0.14345354800565918,0.5979721161937964,114.42599704944888,112.91277098656988,1.5132260628789993,0.7784865689919434,0.734739493887056,0.3918884647751855,0.811424343173438
2022-07-12 00:00:00-04:00,115.26236105063236,116.01514205426072,112.75806498456316,113.08585357666016,29960000.0,-0.014419046354034789,-0.7422479744426245,0.02395078367621295,0.020066820812780994,0.014791827850007428,0.23481298756319327,0.021099306714218266,0.3349411104101814,0.020817302221318165,0.3304644278692821,50.50615310668455,3.2570770696975586,3.7103158255024176,0.8237150759654458,113.43459473091295,-0.003083861890969262,113.26377410888672,121.28894212713853,105.23860609063492,0.1417075862320598,0.4889148406723749,114.2198211305583,112.92559191916916,1.294229211389137,0.8816350974713822,0.4125941139177547,-0.04434063731050042,0.405205473193378
2022-07-13 00:00:00-04:00,110.78535950872109,113.25991018567451,110.28995752777116,110.44071197509766,43722000.0,-0.023668462646063555,-1.2423784079155464,0.008933746543302146,0.021310838230395923,0.014005390753286046,0.2223286856848707,0.02177894352488816,0.34573001030744716,0.02101229119201451,0.3335597818184601,44.62886714285521,2.969952657903349,3.657432742102484,1.177227664123124,113.33903860238908,-0.026243280901203755,113.21971397399902,121.29926338832124,105.1401645596768,0.1427233673488645,0.3280224641008343,113.6384197220259,112.74152673812682,0.8968929838990789,0.8846866747569216,0.012206309142157257,-0.6879101435966622,-0.2521749566763715
2022-07-14 00:00:00-04:00,109.30708832837976,110.18235402261736,107.4846491160564,109.46279907226562,37004000.0,-0.0088940767213464,-0.4252038386976372,-0.012614169541364628,-0.03024767180152399,0.012258258221639017,0.19459381656761837,0.02180209147784297,0.34609747266871904,0.02102485950934862,0.3337592976708476,42.65273775191742,2.9560628590412534,3.6073348933123963,1.001954954808593,112.94038192564506,-0.031769540728476944,112.84245796203614,120.88174677499302,104.80316914907925,0.14248694964906844,0.2898036151951942,112.9960165451397,112.4986580221371,0.497358523002589,0.8072210444060551,-0.30986252140346615,-0.8407855392192237,-0.4822255731507517
2022-07-15 00:00:00-04:00,111.0824004559861,112.2130549148318,109.99091960031429,110.86122131347656,46770000.0,0.012694403616190082,0.7607691470806517,0.0,-0.018634912084536714,0.016788644629143534,0.266511471231324,0.018789666804704848,0.29827671349808804,0.02077852776789049,0.3298489025033296,46.31362556488399,2.750255842566176,3.546114961116238,1.256849250646967,112.58474699670606,-0.01554669579506049,112.53512306213379,120.37132001199346,104.69892611227412,0.1392666882415561,0.39319425230326777,112.66758650949922,112.37736641408817,0.2902200954110441,0.7038208546070529,-0.4136007591960088,-0.4272229907869291,-0.10948116259118594
2022-07-16 00:00:00-04:00,111.0824004559861,112.2130549148318,109.99091960031429,110.86122131347656,46770000.0,0.0,0.06252210531420581,0.0,-0.022411312438264996,0.01390355471039751,0.22071208862095487,0.018789666804704848,0.29827671349808804,0.02077852776789049,0.3298489025033296,46.313625564883985,2.222135314517516,3.4515449863591865,1.2474528171042665,112.23442965056152,-0.012386732897358314,112.22778816223145,119.80316883340082,104.65240749106208,0.13500008857376286,0.40980210050989185,112.38968417164958,112.26505936959842,0.12462480205115867,0.5879816440958741,-0.4633568420447154,-0.3607915979604327,-0.09029321113269265
2022-07-17 00:00:00-04:00,111.0824004559861,112.2130549148318,109.99091960031429,110.86122131347656,46770000.0,0.0,0.06252210531420581,0.025199537761419588,0.035936012773319925,0.013430376430672578,0.2132006162972577,0.018789666804704848,0.29827671349808804,0.02077852776789049,0.3298489025033296,46.31362556488399,2.222135314517516,3.3637300097990672,1.2304689041539179,112.02300824982503,-0.01047965124850409,112.02664947509766,119.51823490138436,104.53506404881095,0.13374648731152144,0.4222175217056323,112.15453603962295,112.16107136544125,-0.006535325818290971,0.46907825011304105,-0.475613575931332,-0.311129913177471,-0.08976118767784576
2022-07-18 00:00:00-04:00,111.71664615011224,112.74812177959842,107.48165230582556,108.13623809814452,43164600.0,-0.024887264631184455,-1.296354374088529,-0.04199993470777297,0.010472571061965086,0.01388071176218351,0.22034946805984024,0.019116771802266425,0.30346934435501394,0.02093718444635466,0.332367499193664,40.08570808813566,5.266469473772858,3.499639971511481,1.124706965066145,111.84797082844777,-0.034324596412670494,111.87899360656738,119.56231845518096,104.1956687579538,0.13735062500888573,0.2564364658421137,111.53633635631857,111.86293556786372,-0.32659921154514393,0.3099427577814041,-0.636541969326548,-0.9742541366315459,-0.7948616826465509
2022-07-19 00:00:00-04:00,109.94133235969358,113.08534523356836,108.66190591539451,112.87706756591795,36530900.0,0.04290743285655347,2.383179913212177,-0.000790249078729488,0.054772966799049305,0.02466219086806224,0.3915001429374051,0.020229005463406752,0.3211255063580471,0.02153016888242321,0.3417808352886796,52.14310976414137,4.949107135423844,3.6031733403623645,0.9374282688092093,111.92988817927004,0.008391247284084375,111.98355445861816,119.66115775597451,104.3059511612618,0.137120192951073,0.5581895855186645,111.74260269625694,111.93805645660846,-0.19545376035152628,0.20886345415481805,-0.40431721450634434,0.23275834207465798,0.4232870841902285
2022-07-20 00:00:00-04:00,112.24231974638516,114.45404329391756,111.55798096785529,112.96633911132812,35600400.0,0.0007905614901320616,0.09629587486749536,-0.003848109536635058,0.05943629239756043,0.024445244998496138,0.3880562340243977,0.020213163749536776,0.3208740269466011,0.02092207254714969,0.33212760523085866,52.33761998450269,2.896062326062278,3.5526654107695013,0.9225101478215206,112.19360177519509,0.006840421157416656,112.22838172912597,119.68973617678178,104.76702728147016,0.13296733558298127,0.5494519719830495,111.93086983703712,112.01422554214327,-0.08335570510614332,0.1504196223026258,-0.2337753274087691,0.19780788793219808,0.42706472745253066
2022-07-21 00:00:00-04:00,113.34321947485182,113.61101046049744,110.1992065063923,113.40272521972656,32676200.0,0.003855532559326839,0.2617141174942082,0.05968494311970041,0.08874497384881508,0.02435755511563969,0.3866642002891904,0.019336220577687205,0.30695298566670026,0.020850343913701396,0.3309889484749385,53.33605983216189,3.411803954105139,3.542603878150618,0.8498183588093929,112.44553361777797,0.008440640205902999,112.50621032714844,119.68912104186063,105.32329961243624,0.1276891416718338,0.5624061002694816,112.15730912668164,112.1170773701124,0.040231756569241384,0.12838204915594892,-0.08815029258670753,0.24962440107792602,0.5206093224801095
2022-07-22 00:00:00-04:00,110.09009735008291,111.41910930762468,105.62698529534984,107.01551055908205,48901200.0,-0.05797164047234452,-3.0298278717617273,0.0,-0.04563952093974988,0.037374225768130626,0.5932974409563336,0.023390004167909265,0.3713048051583131,0.022052534029157213,0.3500731249196352,40.09639968659041,7.7757399243767225,3.8449707385953396,1.2499646938370967,112.31470332290507,-0.049517987963972804,112.46467819213868,119.76960996236242,105.15974642191493,0.12990624056637123,0.12702131898969624,111.36626319320479,111.7391835322583,-0.37292033905350763,0.028121571514057614,-0.4010419105675652,-1.4919147240412158,-1.1409100547678448
2022-07-23 00:00:00-04:00,110.09009735008291,111.41910930762468,105.62698529534984,107.01551055908205,48901200.0,0.0,0.0679785755972926,0.0,-0.055331968779775975,0.03604005269878198,0.5721181000718362,0.023390004167909265,0.3713048051583131,0.022052534029157213,0.3500731249196352,40.09639968659041,5.79212401227484,3.984053115286733,1.2288794665939577,112.18828689109772,-0.048336697222594115,112.4231460571289,119.84711564034042,104.99917647391739,0.13207190589452023,0.13579891879705258,110.69691663410899,111.38928183054153,-0.6923651964325472,-0.11597578207526335,-0.5763894143572839,-1.45680432481179,-1.1631213317640234
2022-07-24 00:00:00-04:00,110.09009735008291,111.41910930762468,105.62698529534984,107.01551055908205,48901200.0,0.0,0.0679785755972926,0.0036274223599821465,-0.07238655204437539,0.026492821846589968,0.42056050880649626,0.023390004167909265,0.3713048051583131,0.022052534029157213,0.3500731249196352,40.09639968659041,5.79212401227484,4.113201036500169,1.2084937977246029,112.06606465992358,-0.04719459893669511,112.38161392211914,119.921779367917,104.84144847632129,0.1341885951384043,0.14416540979033585,110.13054646872024,111.06529877339639,-0.9347523046761523,-0.27973108659544116,-0.6550212180807111,-1.4233383608386556,-1.1883940625555143
2022-07-25 00:00:00-04:00,107.52134719462656,108.96937840173452,105.42864264206897,106.62872314453124,34690900.0,-0.003620859130441742,-0.12505867831148043,0.02370984618393379,-0.07573923620541789,0.026086276940844796,0.4141068085022047,0.02340049775130984,0.3714713856305521,0.021848756142553372,0.3468382512557467,39.357478620002226,3.5407357596655515,4.072310659583411,0.8622706833336523,111.81851403933616,-0.04867160312677066,112.09632225036621,120.0636590194036,104.12898548132883,0.14215161762831802,0.15687410584405534,109.59180441884502,110.7366635416286,-1.1448591227835863,-0.4527566938330702,-0.692102428950516,-1.3725035766237783,-1.2889230947132815
2022-07-26 00:00:00-04:00,105.72617651509084,106.3212566791784,103.21691665250424,104.15912628173828,47991000.0,-0.023433133129172393,-1.1763582032201518,-0.07111265332088224,-0.09714577109917077,0.024885044724958862,0.3950378382417653,0.02187734264062389,0.34729204784423956,0.02109461631346517,0.33486665260652987,34.93114716232539,3.4118064920269973,4.025131790472239,1.1774048956844434,111.28429509587565,-0.0684065724098397,111.62263717651368,120.30017432215763,102.94510003086972,0.1554798805178163,0.06995223589898357,108.75600778236706,110.24943855941451,-1.4934307770474504,-0.6608915104759463,-0.8325392665715041,-1.7201910564040657,-1.8604468091058373
2022-07-27 00:00:00-04:00,108.36437093577844,112.97625525163264,107.12461749425069,112.13321685791016,59858500.0,0.07376781051466448,3.8670467348384823,-0.010155961036410588,-0.015671276891349395,0.03730776076778895,0.5922423417855703,0.027518622541846522,0.4368445900126922,0.023056616151846707,0.36601243447476867,53.223942082128374,8.817128969894355,4.3674173032881045,1.435245511418532,111.02498984600061,0.009883128683571439,111.33883323669434,119.52159299257697,103.15607348081171,0.14698842296087233,0.5485400796867297,109.2755784093737,110.38897769263642,-1.1133992832627229,-0.7513930650333016,-0.36200621822942125,0.1941603187469187,0.20895281910005234
2022-07-28 00:00:00-04:00,111.44888817788124,113.40273342218576,110.54634395877493,113.28372192382812,32816600.0,0.010207884664078182,0.5832609295434525,-0.01805352007368144,-0.007903922722961032,0.036946234834864713,0.5865032955194615,0.026345966513651616,0.4182292526685454,0.022977581416024396,0.36475779693923954,55.181679958075414,2.856389463410835,4.259486743296871,0.7920012617341822,110.77528445495463,0.022142964816782473,111.08426246643066,118.63793411446352,103.5305908183978,0.13599895215248078,0.645588765297354,109.89221587313591,110.60340319124322,-0.7111873181073065,-0.7433519156481027,0.03216459754079615,0.5823550611894156,0.4986410541284695
2022-07-29 00:00:00-04:00,112.15305449933628,115.75329568436273,112.13321420730232,115.36649322509766,37223400.0,0.01821847320627161,0.990481568722348,0.0,-0.01490516714762935,0.03643767514150359,0.5784301606666726,0.026676449503356132,0.423475507488317,0.022507899908194354,0.35730183414849476,58.562788979421356,3.6200814770604097,4.2138149385656956,0.8994569318005945,110.6306610600866,0.04105032607492653,110.93383026123047,117.97884843430516,103.88881208815577,0.12701297983644602,0.8145955663257443,110.73441238882234,110.95622467523243,-0.2218122864100991,-0.6390439898005019,0.41723170339040283,1.2583822653029761,1.0124246729506325
2022-07-30 00:00:00-04:00,112.15305449933628,115.75329568436273,112.13321420730232,115.36649322509766,37223400.0,0.0,0.05058857325900315,0.0,-0.015822016760419055,0.03600782948452089,0.5716065724035682,0.026676449503356132,0.423475507488317,0.022507899908194354,0.35730183414849476,58.562788979421356,3.6200814770604097,4.171405405601032,0.9005608636562408,110.48568266351246,0.04230700288394816,110.78339805603028,117.26537611889921,104.30141999316135,0.11702074817366732,0.8535259703608818,111.44704020978777,111.28291123448172,0.1641289753060562,-0.4784093967791903,0.6425383720852464,1.4141038814435283,0.9941060255432008
2022-07-31 00:00:00-04:00,112.15305449933628,115.75329568436273,112.13321420730232,115.36649322509766,37223400.0,0.0,0.05058857325900315,0.012711096210493267,-0.00978978528650909,0.03077772706450752,0.48858127039505345,0.026676449503356132,0.423475507488317,0.022507899908194354,0.35730183414849476,58.562788979421356,3.6200814770604097,4.132025124990988,0.894042252247481,110.54492261088801,0.041793509358059686,110.81530990600587,117.38475554733236,104.24586426467937,0.11856566835212093,0.8463902106489476,112.05003298137392,111.58539878934216,0.4646341920317525,-0.28980067901700174,0.7544348710487543,1.3855608425957904,0.9769586496873643
2022-08-01 00:00:00-04:00,114.35486029276694,115.76321838407448,113.4027229923445,113.91846466064452,26034300.0,-0.012630988351957802,-0.6025680377084421,-0.0023450854197599735,-0.022218460507838267,0.011680719181471075,0.18542566853132647,0.025925046742404888,0.41154735844877116,0.02256910472679416,0.3582734305228182,54.96232639518459,2.360495391729984,4.005487286900916,0.6282611455100141,110.55904168960754,0.02948971425347483,110.85694046020508,117.49714044091526,104.2167404794949,0.1197976410524129,0.7305295178859961,112.33748400895402,111.7582184835127,0.5792655254413148,-0.11598743812533843,0.6952529635666532,0.9221180715439844,0.6289484637096368
2022-08-02 00:00:00-04:00,113.06550683255934,115.39624164424568,112.78780328963217,114.18624114990234,20236000.0,0.0023478394390222994,0.1695783656355128,-0.02498313856060852,-0.01992008939928891,0.01100423905159142,0.174686879388097,0.025727114501705964,0.4084052815367844,0.02251460851858202,0.3574083300368663,55.50708910113488,2.6084383546135115,3.9056980774518157,0.5025784589647023,110.65661386020248,0.030911143533188096,111.04421691894531,117.84433707986192,104.2440967580287,0.12247589923354998,0.7310271110366314,112.62190818448454,111.93807201435638,0.6838361701281599,0.04397728352536123,0.6398588866027987,0.924108444146525,0.6939617689290137
2022-08-03 00:00:00-04:00,114.76149298206536,117.6476425585004,114.53338259160024,117.11206817626952,28499000.0,0.025300514349834293,1.3450787686841037,-0.0009307221824876866,0.00664947746095601,0.013784647168243213,0.21882448990765369,0.02564981344078661,0.40717816523714,0.022735736865451023,0.3609186337187196,61.05069132318947,3.46140140859805,3.8739626011051183,0.7153523258928224,110.9429529814409,0.052677023733739094,111.4266803741455,118.69651904675979,104.15684170153122,0.13048649835396361,0.8910257199751248,113.31270202937453,112.3213309893129,0.9913710400616367,0.23345603483261634,0.7579150052290203,1.5641028799005003,1.4064312986469902
2022-08-04 00:00:00-04:00,116.51698947915064,117.8063285038546,115.93182192650802,117.2211685180664,21602900.0,0.0009311555733099518,0.0912085630735338,0.006129207904096656,0.013375618181094895,0.013740144007287436,0.21811802412898207,0.025515231584792412,0.4050417445054871,0.022371893207102027,0.3551427947021232,61.24459927512935,1.8745065773465797,3.731144313693794,0.5599397938168913,111.12367812863782,0.052016973269540696,111.744677734375,119.45351115729711,104.03584431145289,0.13797226998580736,0.8552087899193107,113.91400456609635,112.68428191736871,1.2297226487276447,0.432709357611622,0.7970132911160227,1.4208351596772435,1.3979121166962885
2022-08-05 00:00:00-04:00,115.27723913427396,117.1418256153438,115.0491211680592,116.50707244873048,19159500.0,-0.006110500710600368,-0.27635724128728195,0.0,-0.01862980784678936,0.01435285846179906,0.22784456455697621,0.025497579934337957,0.4047615332414931,0.02212643778419098,0.3512463106602743,59.16825279746894,2.1720473500072046,3.619780244859038,0.5150371382112422,111.27880922422635,0.04487507165545556,112.0269702911377,120.0082663465786,104.04567423569681,0.14248883165721535,0.7806625719978569,114.3129380865016,112.96745158635846,1.3454865001431386,0.6152647861179253,0.7302217140252133,1.1226502879914284,1.2141679392456692
2022-08-06 00:00:00-04:00,115.27723913427396,117.1418256153438,115.0491211680592,116.50707244873048,19159500.0,0.0,0.03911698101929099,0.0,-0.011528125734679429,0.012071271433415002,0.19162549332704568,0.025497579934337957,0.4047615332414931,0.02212643778419098,0.3512463106602743,59.16825279746894,2.0927044472846035,3.51070340217515,0.5348871521973729,111.44589811543253,0.043440919310071505,112.30926284790038,120.51322498250089,104.10530071329988,0.14609591277811285,0.7558403812668568,114.6504972191522,113.22964572431195,1.4208514948402495,0.7763821278623901,0.6444693669778594,1.0233615250674266,1.2109612548597877
2022-08-07 00:00:00-04:00,115.27723913427396,117.1418256153438,115.0491211680592,116.50707244873048,19159500.0,0.0,0.03911698101929099,0.0014491711007555974,-0.034598900095738405,0.012220362166341082,0.19399223533968624,0.025497579934337957,0.4047615332414931,0.02212643778419098,0.3512463106602743,59.16825279746893,2.0927044472846035,3.409417762540111,0.5534316691917405,111.79227814229756,0.0404678806817302,112.7278045654297,120.88936596596416,104.56624316489523,0.14480121265552223,0.7315284844302771,114.93612417754886,113.47241807426887,1.4637061032799892,0.91384692294591,0.5498591803340792,0.9261139377211088,1.208204402710832
2022-08-08 00:00:00-04:00,117.41953956981936,119.1651147158916,115.9219151378597,116.3384780883789,19138300.0,-0.001448122065681338,-0.030677221807596175,0.005744769835565489,-0.03599590696837007,0.002807029695593527,0.04456021498388288,0.024746925646652134,0.39284526584668694,0.021988833126976786,0.349061904446876,58.58259879966049,3.2431995780319056,3.397545035075239,0.5670637650808211,111.86246844919809,0.038474026072272696,112.90087509155273,121.22102523007099,104.58072495303448,0.14738858546085395,0.7065829906669435,115.15187093306118,113.68471881605481,1.4671521170063642,1.0245079617580009,0.4426441552483633,0.826331962667774,1.1464927774583042
2022-08-09 00:00:00-04:00,116.1797793713598,116.35830417801051,114.76150106487228,115.67395782470705,19086500.0,-0.005728331571316476,-0.25714810995565845,-0.02564735486328762,-0.041502255896155416,0.0030389318795948704,0.04824154802804466,0.02309327352794685,0.3665943522800315,0.021997947981527585,0.3492065982771437,56.22050584002734,1.596803113138236,3.268920612079739,0.5797116855801028,111.91326669341196,0.03251113043952436,113.03625602722168,121.44849534868825,104.62401670575511,0.14884143578571313,0.6567776246423712,115.23219199331439,113.83206985373275,1.4001221395816401,1.0996307973227288,0.3004913422589113,0.6271104985694848,0.9551391147488011
2022-08-10 00:00:00-04:00,117.80632384689984,119.92878102588604,117.43936168959128,118.71878051757812,30930400.0,0.025981982205100944,1.378465195574342,0.007236496654262847,-0.01949552441496294,0.012641644063066814,0.20067987812322555,0.02371864432356234,0.3765218058944387,0.022241536768627432,0.35307345039412397,63.48545678332813,4.2548232011789935,3.3393422255868286,0.941942181699302,112.15967810926466,0.05524907162723331,113.30205879211425,122.09058207535952,104.51353550886898,0.15513439697279258,0.8081701868953621,115.7685902278165,114.194048421425,1.5745418063915082,1.1946129991364849,0.3799288072550233,1.2326807475814485,1.6244346946755552
2022-08-11 00:00:00-04:00,120.28584605400722,120.49412374035786,117.58814114476164,117.8658447265625,24293700.0,-0.007210438848314889,-0.33551452385484865,-0.02333983895920788,-0.023500406587443345,0.013556137417029409,0.21519701006446387,0.02380663840823872,0.3779186686838294,0.02210592688473919,0.3509207102255802,60.45881786357159,2.905982595596228,3.308387966301786,0.7686308431883861,112.77692513116403,0.04317552389502042,113.84457550048828,122.33360418359763,105.35554681737892,0.14913365253969338,0.736850962353052,116.09124476608511,114.46603333291665,1.6252114331684595,1.2807326859428798,0.3444787472255797,0.9474038494122079,1.3705912777422107
2022-08-12 00:00:00-04:00,119.2741980957184,120.68255615234376,118.48075288719056,120.68255615234376,19096300.0,0.0236165267117021,1.2514139710021863,0.0,0.017816628458578565,0.016368669886252102,0.2598445788716099,0.019893744137091707,0.3158033977961634,0.02188200949947175,0.34736613193173127,66.19110617242947,2.816711425781264,3.273268213407463,0.6340869860306151,113.49532282480192,0.0595548649008481,114.52792778015137,122.90187965582398,106.15397590447877,0.14623423365779045,0.8674864904629063,116.79760036397106,114.92651650472607,1.8710838592449903,1.3988029206033021,0.4722809386416882,1.4699459618516246,1.9446794850082747
2022-08-13 00:00:00-04:00,119.2741980957184,120.68255615234376,118.48075288719056,120.68255615234376,19096300.0,0.0,0.031653817506061076,0.0,0.012565510983107764,0.016192750375328076,0.2570519432115954,0.019893744137091707,0.3158033977961634,0.02188200949947175,0.34736613193173127,66.19110617242947,2.2018032651532025,3.196735002817873,0.6670970450957644,114.28851893197516,0.05298228198197163,115.21128005981446,123.22689920338703,107.19566091624188,0.13914642974908525,0.841288426666112,117.39528586987456,115.352889811957,2.042396057917557,1.5275215480661533,0.5148745098514038,1.3651537066644486,1.8657834437139786
2022-08-14 00:00:00-04:00,119.2741980957184,120.68255615234376,118.48075288719056,120.68255615234376,19096300.0,0.0,0.031653817506061076,-0.0032766010859159866,0.03813673728986555,0.015210559365041438,0.24146014429250504,0.019893744137091707,0.3158033977961634,0.02188200949947175,0.34736613193173127,66.19110617242947,2.2018032651532025,3.1256684501275394,0.6857766075419878,114.98489241481155,0.04721199085590926,115.91397171020508,123.19172847095948,108.63621494945068,0.12557169171891408,0.8276136176914757,117.90101975948521,115.7476799112449,2.153339848240307,1.6526852081009842,0.500654640139323,1.3104544707659023,1.7810097827257096
2022-08-15 00:00:00-04:00,120.137067490984,121.29748248930952,119.62133337705964,121.07928466796876,19494800.0,0.003281980898134336,0.20221420003998905,0.003122427224324209,0.041549479445251114,0.011650945783646362,0.18495303049334896,0.019788378531652245,0.314130770663768,0.021100554293387485,0.3349609151155171,67.03187714298717,1.676149112249874,3.022131354564849,0.7378404575376881,116.19290481343867,0.04035686094388342,116.75997962951661,121.90578549224199,111.61417376679123,0.0881433155273442,0.9196917988822567,118.3899835915596,116.14261359692816,2.247369994631441,1.7716221654070758,0.4757478292243653,1.6787671955290249,1.8035845374819073
2022-08-16 00:00:00-04:00,120.5238753971858,121.42641959577723,119.65109163936246,120.70240020751952,19041200.0,-0.003117562572156474,-0.12251753449634056,0.017983989923050947,0.03830744002729136,0.010783369829911,0.17118068919108828,0.018743867782812375,0.2975496765647831,0.02111078631104701,0.3351233433603423,65.36878371167785,1.7753279564147704,2.9330739689827006,0.7809991277888761,116.867362183856,0.03177267408991093,117.18843879699708,122.13533493168809,112.24154266230606,0.08442635102017895,0.85516830299712,118.74573999401497,116.48037556808308,2.2653644259318924,1.8703706175120394,0.394993808419853,1.4206732119884784,1.6583699222653536
2022-08-17 00:00:00-04:00,119.13536518315932,120.29577274171552,118.40142560065998,118.57003784179688,22847000.0,-0.017824191013551496,-0.8796596501412209,-0.005159197962233297,0.04648128917517691,0.0083038976694569,0.13182028887547076,0.011808962228404248,0.18746146378867662,0.020989104500406055,0.33319170450012614,56.78452624618031,2.3009746068595405,2.8879240145453324,0.9566585162057668,117.19502184948864,0.011596656434763581,117.4527545928955,122.07548349205858,112.83002569373242,0.07871639818386514,0.6208467198999763,118.71870889367372,116.63516536613595,2.0835435275377705,1.9130051995171855,0.170538328020585,0.48338687959990484,1.1513216736111445
2022-08-18 00:00:00-04:00,118.4510045956292,119.82960983443398,117.74682554009156,119.1849365234375,17987700.0,0.005172552576575318,0.31038641409507406,0.02525389817191237,0.05541888794694394,0.00913457097011038,0.14500681872109253,0.011698602013331725,0.18570954968637163,0.020482723860779276,0.3251531610529845,58.4778477490105,2.0827842943424173,2.8304140345308384,0.7847933927566393,117.42158529014549,0.014795084720670666,117.6436767578125,122.21877293837397,113.06858057725103,0.07777887102219712,0.6684401491025977,118.79043622132968,116.82403730371384,1.966398917615848,1.9236839431369182,0.04271497447892991,0.6737605964103913,1.2516819526555711
2022-08-19 00:00:00-04:00,118.08402472990431,118.17329090592166,115.8028831046548,116.24919128417967,21809500.0,-0.024940287449994103,-1.2407257968050405,0.0,0.030961357557733882,0.013292873599176568,0.21101782651702375,0.012544480093315302,0.1991374479210757,0.020730915953913423,0.3290930883878177,48.672118802174936,3.3820534187827036,2.869816847691686,0.9846450986371992,117.53654938747587,-0.01107412523971163,117.6878116607666,122.18681075747625,113.18881256405695,0.07645650017994986,0.3401177300036511,118.39947546176815,116.78145611708167,1.6180193446864735,1.8625510234468292,-0.24453167876035575,-0.6395290799853951,0.5641218755676454
2022-08-20 00:00:00-04:00,118.08402472990431,118.17329090592166,115.8028831046548,116.24919128417967,21809500.0,0.0,0.047822248167736954,0.0,0.004800511308924671,0.012695882499888466,0.2015408866152114,0.012544480093315302,0.1991374479210757,0.020730915953913423,0.3290930883878177,48.672118802174936,2.3704078012668646,2.8341447729470555,1.0201408771541673,117.65980223806748,-0.012134372190508145,117.7319465637207,122.15168381854292,113.31220930889847,0.07508135869358289,0.33225753092864957,118.06866251136992,116.74202909242227,1.326633418947651,1.7553675025469937,-0.42873408359934273,-0.6709698762854021,0.5436621460567794
2022-08-21 00:00:00-04:00,118.08402472990431,118.17329090592166,115.8028831046548,116.24919128417967,21809500.0,0.0,0.047822248167736954,0.025997847137032792,0.062261933320519436,0.013075209799034275,0.2075625208094371,0.012544480093315302,0.1991374479210757,0.020730915953913423,0.3290930883878177,48.672118802174936,2.3704078012668646,2.8010207035413273,1.0303212398908335,117.8172082853393,-0.013488412124317485,117.84848289489746,121.95678443464621,113.7401813551487,0.06972175523740459,0.3053585410851328,117.78874386103296,116.70552258810801,1.0832212729249449,1.620938256622584,-0.5377169836976392,-0.7785658356594702,0.523243724581071
2022-08-22 00:00:00-04:00,114.25567281481072,114.68214829640736,112.9167406269134,113.30354309082033,21456600.0,-0.02566564843939069,-1.2731419105364452,0.003337359044920163,0.035345187404319356,0.014955436170590562,0.23741018913529668,0.013505248521842766,0.21438917389751175,0.02100968660906505,0.3335184353459402,40.220296890066,3.3324506572662784,2.8389799859502522,1.0107354666088832,117.7621609728331,-0.039351089651617474,117.80434799194336,122.09329775304263,113.51539823084408,0.0728147956201514,-0.024697787549912746,117.09871297330793,116.45352410682744,0.6451888664804812,1.4257883785941636,-0.7805995121136824,-2.098791150199651,-0.1670660112217135
2022-08-23 00:00:00-04:00,112.54978392368336,114.06724098148526,112.50019075744802,112.92666625976562,15870400.0,-0.0033318024217549023,-0.12394319831716842,0.0014953899079821475,0.03190136206018246,0.013322804063485915,0.2114929579081471,0.013507330347214713,0.21442222185075516,0.020405899493427367,0.32393361202912635,39.28046547700431,1.5670502240372315,2.748127860099322,0.7705098782508556,117.6208455444171,-0.041568386282239404,117.59507789611817,122.40325790041041,112.78689789182593,0.08177519145044009,0.014534435879576499,116.45685963276296,116.19227537741546,0.26458425534750063,1.193547553944831,-0.9289632985973304,-1.9418622564816912,-0.2396868536359015
2022-08-24 00:00:00-04:00,112.56960408080326,113.83911029938794,111.94477111702128,112.75804901123048,17734600.0,-0.001494272925904121,-0.0253104435005329,-0.025375195740393375,0.03902390087296892,0.011023953747045056,0.17499984047615919,0.012142038013402029,0.1927488779577271,0.020406928966728227,0.32394995441113905,38.84313852769107,1.8943391823666644,2.6871429545469896,0.8691788880091532,117.43067175479523,-0.04143937204074328,117.37192192077637,122.64497944695987,112.09886439459288,0.08985211181499947,0.06250497110683945,115.88781184483489,115.93788823917953,-0.05007639434464295,0.9448227642869362,-0.9948991586315792,-1.7499801155726447,-0.26348089386791407
2022-08-25 00:00:00-04:00,113.30355342238909,115.76322777545684,113.17462177828163,115.6938018798828,16956800.0,0.02570269818901587,1.3682708837268478,0.057186895672197924,0.07077287520767794,0.018221560098747147,0.289258299125415,0.013543459031933302,0.21499574694052265,0.020641763806327946,0.3276778419196667,49.40497841652674,3.0051787642263577,2.7098597980955157,0.8355688360734257,117.40170699577035,-0.014762287072740167,117.33125839233398,122.64478524695176,112.0177315377162,0.09057308218497628,0.3459162287823829,115.85796415791918,115.9198077681205,-0.06184361020132201,0.7434894893892846,-0.8053330995906066,-0.6163350848704692,0.42999083134827754
2022-08-26 00:00:00-04:00,113.77962535824992,114.1763480157896,109.28675961123744,109.4355239868164,37245700.0,-0.05561150835543298,-2.775849698603728,0.0,0.019589879002037014,0.03039606440050403,0.48252256343302363,0.01809045727465279,0.2871771063130235,0.020860777443387896,0.331154575624021,35.37837994897504,6.407042268645355,2.973944260277647,1.7570359132428814,116.7422935693987,-0.06676780369290808,116.97768096923828,123.35646893719024,110.59889300128631,0.10905991493589962,-0.09119044404006345,114.869896439288,115.43949045098687,-0.569594011698868,0.4808727891716541,-1.050466800870522,-2.364761776160254,-1.0092707993910228
2022-08-27 00:00:00-04:00,113.77962535824992,114.1763480157896,109.28675961123744,109.4355239868164,37245700.0,0.0,0.05048436668296304,0.0,0.005467570890736795,0.029687117830725585,0.47126838553422723,0.01809045727465279,0.2871771063130235,0.020860777443387896,0.331154575624021,35.37837994897504,4.889588404552157,3.1107759848686833,1.685147364487199,116.13683951163706,-0.06123528522262989,116.62410354614258,123.84154973978211,109.40665735250305,0.12377280466355625,0.0019997817468178003,114.03383913890775,114.99475219438165,-0.9609130554738954,0.1925156202425442,-1.1534286757164396,-1.99200087301273,-0.997572603604433
2022-08-28 00:00:00-04:00,113.77962535824992,114.1763480157896,109.28675961123744,109.4355239868164,37245700.0,0.0,0.05048436668296304,0.008408056222526827,0.02308769651413911,0.029825621040468195,0.4734670558268062,0.01809045727465279,0.2871771063130235,0.020860777443387896,0.331154575624021,35.378379948975024,4.889588404552157,3.2378340148460745,1.61883559902311,115.58603674331273,-0.05620215933938665,116.27895584106446,124.18160457508321,108.3763071070457,0.13592569140060848,0.06701657351990485,113.32640603858601,114.58295751233977,-1.2565514737537598,-0.09729779855671658,-1.1592536751970433,-1.7319337059203797,-0.987980040238172
2022-08-29 00:00:00-04:00,109.08838330000286,110.040513040239,107.90814316272662,108.52305603027344,21191200.0,-0.008372905413684392,-0.37342557791543146,0.004405965087967756,0.014557242180910146,0.02970806351513584,0.4716008879661647,0.01812418575571409,0.2877125293509524,0.020765491843119443,0.32964196361300596,33.6392014520557,2.1323698775123887,3.158872290750811,0.9168541698169576,115.25862034828779,-0.06206574496147078,115.92141075134278,124.55277961594206,107.2900418867435,0.14891759526829776,0.07142633821310951,112.58742911423025,114.1340759210756,-1.5466468068453594,-0.3871676002144452,-1.1594792066309143,-1.714294647147563,-1.202745730039651
2022-08-30 00:00:00-04:00,109.26691796550224,109.59421472143956,106.91635005815552,108.04700469970705,27513300.0,-0.004396287240216168,-0.16801709085119224,0.006653309957908471,0.010106747117987647,0.023700678756239307,0.37623661135464503,0.018117634151835628,0.2876085258636463,0.020345873807117172,0.32298073379960984,32.73505225987729,2.6778646632840406,3.1245146030746134,1.1992499375601786,114.59294541866213,-0.06058419423239068,115.38782196044922,124.59153017612115,106.18411374477728,0.1595265091116225,0.10120328194225368,111.88890228122668,113.68318175652979,-1.7942794753031137,-0.6685899752321789,-1.1256895000709348,-1.595186872230984,-1.3148922996434649
2022-08-31 00:00:00-04:00,109.74296652362273,109.94132403011254,107.24361956746938,107.3328857421875,28627000.0,-0.006631274376911168,-0.2768627315791986,-0.01385096929867824,0.003430612233544128,0.003812186453472287,0.060516583843781856,0.016839500629954336,0.26731878521624813,0.02035887626431221,0.3231871414086348,31.372825170088646,2.697704462643159,3.094028164472367,1.2361199900426427,113.9725654321845,-0.061860627747822215,114.86117401123047,124.65438758808429,105.06796043437666,0.17052260977057906,0.11563749171997917,111.18797665983602,113.2127894591711,-2.0248127993350806,-0.9398345400527592,-1.0849782592823214,-1.5374500331200835,-1.473878352891635
2022-09-01 00:00:00-04:00,107.39240011242693,109.54461025492616,106.47994340226889,108.8404312133789,28360900.0,0.013947789045117098,0.769119817489752,0.01752431021499068,0.02743197192316149,0.00897219547032422,0.1424291875724285,0.017314405186449763,0.27485766133411804,0.020197225115737787,0.32062100897897955,37.3042510799332,3.0646668526572682,3.091930927914146,1.2006145969527964,113.39325776359631,-0.04183028769237144,114.26906776428223,124.01216205738534,104.52597347117911,0.17052898888090115,0.22141106369328103,110.82681582191955,112.8889110705939,-2.0620952486743533,-1.164286681777078,-0.8978085668972753,-1.1143557452268764,-1.1355091340301051
2022-09-02 00:00:00-04:00,109.68346459238305,109.832236521105,106.38076712239958,106.96592712402344,24160700.0,-0.01737253015238619,-0.8209860601997756,0.0,-0.014618539447692647,0.01146248537905487,0.18196131431815876,0.01635366233583865,0.2596063413945163,0.020315566396572456,0.3224996185725079,33.43469607675513,3.4514693987054272,3.1176122472563805,1.0119578030848322,112.77653544392498,-0.05432204886294623,113.5832363128662,123.35648869112048,103.80998393461194,0.17208969730944704,0.1614581854262535,110.23283294532014,112.45017151899609,-2.2173385736759457,-1.3748970601568515,-0.8424415135190941,-1.3541672582949857,-1.5586525275981804
2022-09-03 00:00:00-04:00,109.68346459238305,109.832236521105,106.38076712239958,106.96592712402344,24160700.0,0.0,0.062374315828821435,0.0,-0.004890150822591255,0.011378411067626097,0.18062667600002158,0.01635366233583865,0.2596063413945163,0.020315566396572456,0.3224996185725079,33.43469607675513,3.4514693987054272,3.1414591866455983,1.001337633931763,112.17275772596614,-0.048677469002868096,112.8974048614502,122.49657519682188,103.29823452607852,0.1700512132613139,0.19104216665631796,109.73023204973603,112.04393119344255,-2.313699143706515,-1.5626574768667842,-0.7510416668397306,-1.2358313333747288,-1.5088783610827161
2022-09-04 00:00:00-04:00,109.68346459238305,109.832236521105,106.38076712239958,106.96592712402344,24160700.0,0.0,0.062374315828821435,0.0,-0.025305002401588284,0.011402792788621144,0.1810137238217535,0.01635366233583865,0.2596063413945163,0.020315566396572456,0.3224996185725079,33.43469607675513,3.4514693987054272,3.1636027732213003,0.9917485300709473,111.55820416908816,-0.042932148288119136,112.19173698425293,121.32195593336162,103.06151803514423,0.1627609874761133,0.21381793309898442,109.30495436885717,111.66778274385594,-2.36282837499877,-1.7226916564931816,-0.6401367185055886,-1.1447282676040622,-1.45636770670569
2022-09-05 00:00:00-04:00,109.68346459238305,109.832236521105,106.38076712239958,106.96592712402344,24160700.0,0.0,0.06374972754641743,0.009737027025995548,-0.025305002401588284,0.011113053729874315,0.17641425885447726,0.016278588044457348,0.2584145739654204,0.020315566396572456,0.3224996185725079,33.43469607675513,3.4514693987054272,3.1841646750415955,0.9814363205003556,110.97921191654446,-0.037519282078186916,111.50491333007812,119.98284047662685,103.0269861835294,0.15206374128918007,0.23230566106583836,108.94510402349813,111.31949714238687,-2.374393118888733,-1.853031948972292,-0.5213611699164411,-1.070777355736646,-1.4029931825133433
2022-09-06 00:00:00-04:00,106.42042936854642,107.14444107919324,104.91288507482174,105.93444061279295,25068300.0,-0.009689927670009372,-0.42878871841142746,-0.024120702541158945,-0.034704114526525776,0.007893417787432045,0.12530412275927336,0.01628556287691976,0.25852529599821167,0.01966101861407092,0.31210899465026076,31.050779261765385,2.231556004371498,3.11612119856516,1.0137305712053495,110.37285025427738,-0.041897702161920236,110.87313346862793,119.0106191451829,102.73564779207295,0.14678913496852714,0.1965467558324612,108.4819250372358,110.92060406612065,-2.4386790288848488,-1.9701613649548035,-0.46851766393004524,-1.213812976670156,-1.5670175889245113
2022-09-07 00:00:00-04:00,106.18240264265648,109.07847249571734,106.02371813346193,108.55281066894533,23167000.0,0.02441637085332164,1.2964644565719157,0.009872713273546552,-0.01271877359872442,0.012714954169507303,0.20184363998460078,0.01735353557419924,0.27547883698226194,0.019859176517557045,0.3152546538479381,42.29781623219388,3.1440318829243807,3.118114818876533,0.9271352233946868,109.97130505306926,-0.013067320646813367,110.34152717590332,117.5260781490922,103.15697620271445,0.13022388138122232,0.37551647182732206,108.49283051903727,110.74521196262617,-2.2523814435889022,-2.026605380681623,-0.22577606290727914,-0.497934112690712,-0.9648300882992789
2022-09-08 00:00:00-04:00,107.15436785234292,108.70157768967908,106.28158417405022,107.4915771484375,24238300.0,-0.009824296449331069,-0.4376021830974803,-0.020515173873389525,0.03891854998485411,0.013980025537360365,0.22192602536512587,0.017256718083147906,0.27394190695896364,0.019321362845893593,0.3067171264864659,39.48642556161807,2.4199935156288603,3.0682490115016994,0.9653168474539078,109.57897430724749,-0.01941916952178922,109.90364646911621,116.62472642518647,103.18256651304596,0.12230858887760256,0.32055939399290956,108.33879153894499,110.50420197638998,-2.16541043744499,-2.0543663920342965,-0.11104404541069357,-0.7177624240283615,-1.15739882808116
2022-09-09 00:00:00-04:00,108.17592320190764,110.08018262294702,108.12633003878352,109.74297332763672,23197700.0,0.02072853316561038,1.102136528635435,0.0,0.053809580604588625,0.016468579184283266,0.26143058980913086,0.017483365523740378,0.2775398235375454,0.01950789213874394,0.3096781872131304,47.46423985375018,2.588605474509521,3.033988758859401,0.9213269615139061,109.2976444522356,0.004057926096749641,109.57833557128906,115.5996080926611,103.55706304991702,0.10989895931490479,0.5136713423751615,108.55481950643603,110.44781466907493,-1.892995162638897,-2.0220921461552166,0.1290969835163196,0.054685369500646334,-0.6462665274413656
2022-09-10 00:00:00-04:00,108.17592320190764,110.08018262294702,108.12633003878352,109.74297332763672,23197700.0,0.0,0.054042223648658246,0.0,0.07521133498529298,0.016468579184283266,0.26143058980913086,0.017483365523740378,0.2775398235375454,0.01950789213874394,0.3096781872131304,47.46423985375017,1.9538525841634993,2.956836174952551,0.918794113668873,109.01786142206826,0.006607365224228422,109.25302467346191,114.39572372383175,104.11032562309207,0.0941429139511783,0.5476353612544735,108.73761240200537,110.39560419933878,-1.657991797333409,-1.949272076390855,0.291280279057446,0.19054144501789386,-0.6319753221786762
2022-09-11 00:00:00-04:00,108.17592320190764,110.08018262294702,108.12633003878352,109.74297332763672,23197700.0,0.0,0.054042223648658246,-0.0018943164331395312,0.07636187447385634,0.01477192429705702,0.23449702845531295,0.017483365523740378,0.2775398235375454,0.01950789213874394,0.3096781872131304,47.46423985375018,1.9538525841634993,2.8851944898961905,0.9156369991916334,108.8695781968554,0.007958551735005436,109.07499618530274,113.86147707290695,104.28851529769852,0.08776495173050788,0.5697774793234707,108.89228331364096,110.3472611718053,-1.4549778581643409,-1.8504132327455525,0.3954353745812116,0.27910991729388285,-0.6285544090599777
2022-09-12 00:00:00-04:00,110.0801874345021,110.70502802301868,109.02887891863624,109.95125579833984,22966800.0,0.0018961129196149971,0.14972421675311595,0.06269162918022597,0.078404714245627,0.011146909234916342,0.17695169833558744,0.016693172675390715,0.2649959009504555,0.0191265996857019,0.30362535716792033,48.25251030782745,1.6761491043824464,2.7988341052166374,0.894002536409307,108.79261215411356,0.010537793641496384,108.92622566223145,113.38219060094316,104.47026072351973,0.08181620012299308,0.6150177515091433,109.05520215744079,110.31792744043749,-1.2627252829966977,-1.7328756427957814,0.4701503597990837,0.4600710060365733,-0.5858190696429852
2022-09-13 00:00:00-04:00,106.91635155696838,107.41225298799912,103.23675627988764,103.46487426757812,38172900.0,-0.06080496242959571,-2.9562430753725946,-0.0064760188909037675,0.01478611916565331,0.030979684779848263,0.4917872497359077,0.021139652307139815,0.3355815768423886,0.020507204366748057,0.32554177703755904,32.09951290041123,6.7144995184522,3.078524491876321,1.4290663948764168,108.28029007507696,-0.04654155182217045,108.46156692504883,113.16631359485586,103.75682025524179,0.08675417114447923,-0.031026748957307896,108.19515171284652,109.81029387207754,-1.615142159231013,-1.7093289460828278,0.09418678685181492,-2.124106995829235,-1.9072150754667656
2022-09-14 00:00:00-04:00,103.71280676810338,104.41698576847004,102.81027025690392,104.1392822265625,26395100.0,0.006497079275446413,0.3800975272126586,0.02030893889617702,0.01872496380473221,0.028256202892269468,0.4485533150875741,0.0212617445967657,0.3375197318544799,0.02033054954101073,0.3227374686167565,34.55269539115015,1.6067155115661222,2.973395278997021,0.9709903254488261,107.84802397501097,-0.03561328318337974,107.88384094238282,111.5785347814315,104.18914710333414,0.06849392470225259,-0.00674817440143774,107.57117179187975,109.39021893537272,-1.8190471434929663,-1.7312725855648556,-0.08777455792811062,-2.026992697605747,-1.6995719431178866
2022-09-15 00:00:00-04:00,103.17723571198331,104.40706896560022,101.51100684033769,102.06642150878906,34188300.0,-0.020105462707669077,-0.9490697852621607,0.0010700589280701056,0.0175005949595346,0.02781874617659209,0.44160890501334954,0.020418146647988928,0.3241280295805547,0.020450079683368205,0.32463495080188065,30.86196243649114,2.8960621252625316,2.9678714823017005,1.2647895994276164,107.37302782471728,-0.05199169557905253,107.51538581848145,111.95351219437336,103.07725944258954,0.08255797702079243,-0.1138811570679226,106.72428713294272,108.84771542229244,-2.123428289349718,-1.8097037263218283,-0.31372456302788976,-2.4555246282716907,-2.0218278657751427
2022-09-16 00:00:00-04:00,101.2333018624559,102.2846103090457,100.11256752914517,101.9573211669922,42797200.0,-0.001069486823103042,0.003539969035404258,0.0,0.03545524272558587,0.027683131628171282,0.43945609079764686,0.016964445932526915,0.26930223040480467,0.020373597935260813,0.32342084068991483,30.676236123927268,2.1720427799005364,2.9110265749873316,1.5671810811290814,106.80800707875859,-0.04757565083356425,107.14147567749023,112.12501834941526,102.15793300556521,0.0930273293402479,-0.020127432609653863,105.99090775356572,108.33731584782575,-2.3464080942600276,-1.9170445999094683,-0.4293634943505593,-2.080509730438616,-1.9658897302272318
2022-09-17 00:00:00-04:00,101.2333018624559,102.2846103090457,100.11256752914517,101.9573211669922,42797200.0,0.0,0.05711194162178253,0.0,0.02656277017968356,0.027410296066908313,0.43512496053414756,0.016964445932526915,0.26930223040480467,0.020373597935260813,0.32342084068991483,30.676236123927268,2.1720427799005364,2.858242018195418,1.551411822749028,106.2543570138787,-0.042145436911279206,106.76756553649902,112.133857756336,101.40127331666204,0.10052289181404038,0.05180931521718842,105.37035597101595,107.86472364924548,-2.4943676782295228,-2.032509215573479,-0.4618584626560436,-1.792762739131246,-1.8719237790545729
2022-09-18 00:00:00-04:00,101.2333018624559,102.2846103090457,100.11256752914517,101.9573211669922,42797200.0,0.0,0.05711194162178253,-0.002619702241632327,0.04111807765060038,0.01005606156528569,0.15963502842300512,0.016964445932526915,0.26930223040480467,0.020373597935260813,0.32342084068991483,30.676236123927268,2.1720427799005364,2.809227786888641,1.4929462396049433,105.84973939682807,-0.03817693702898115,106.43927879333496,112.1459221647813,100.73263542188863,0.10722814803220318,0.10730351148552478,104.84527369347384,107.42713828018967,-2.581864586715824,-2.142380289801948,-0.4394842969138759,-1.5707859540578994,-1.7868985655618306
2022-09-19 00:00:00-04:00,100.91594107105092,102.48299140692184,100.71758352566324,102.2251205444336,23036800.0,0.0026231396662148945,0.19052106608984526,0.019082666328362974,0.04385266080604788,0.00926580224012737,0.14709005054929325,0.016972022851684948,0.26942251026758185,0.02015415958198691,0.3199373648246811,31.93206361037393,1.7654078812585965,2.7346692222007802,0.8099444333987461,105.59667810227948,-0.03298169314831372,106.14818458557129,112.09827664329418,100.19809252784839,0.11210916288306816,0.17033585337173338,104.44217320900611,107.04180363309662,-2.599630424090506,-2.2338303166596596,-0.36580010743084657,-1.3186565865130657,-1.6644738492569178
2022-09-20 00:00:00-04:00,101.24321763980454,101.53084132005358,99.69600034029746,100.31092071533205,26517100.0,-0.01890287590436911,-0.8822860945644107,0.01873477616384589,0.02430616798431906,0.008734189617007813,0.13865096178171094,0.01732969060746582,0.2751003098702785,0.01948080579270468,0.3092482047998585,28.024167865019777,2.5291202041361345,2.719987149481877,0.9357781977241728,105.26166432466215,-0.049353984332170586,105.79708633422851,112.2594765001923,99.33469616826471,0.12216574935812803,0.07553122931271812,103.80659590228703,106.5432197132622,-2.736623810975175,-2.3343890155227625,-0.40223479545241236,-1.697875082749129,-1.9303714579739544
2022-09-21 00:00:00-04:00,100.83658693545452,102.03666739252802,98.45625874751292,98.46617889404295,31487300.0,-0.01856144181842726,-0.8586048874416897,-0.008587983506167851,0.011306892364139065,0.010792881495101608,0.17133168219497905,0.017629135651402283,0.27985385257579865,0.01959038626510404,0.3109877408709646,24.865872843913408,3.5804086450150976,2.7814458277342498,1.1050784974837917,104.70808002518767,-0.06339132076874306,105.27837371826172,112.34900700941456,98.20774042710887,0.13432261615428742,0.018275482286533848,102.98499328563409,105.94492039332005,-2.9599271076859566,-2.4594966339554016,-0.5004304737305549,-1.9268980708538637,-2.145102859275356
2022-09-22 00:00:00-04:00,98.00995057481283,100.4101114902342,97.98019770206167,99.31912994384766,34298600.0,0.008625072736990626,0.49679881432996764,0.014178682389162756,0.02707687496193234,0.012704937481508052,0.20168462999216152,0.017393277909846024,0.2761097270021154,0.01962327737721268,0.3115098710888674,28.858129446488846,2.4299137881725272,2.756336396336984,1.182703615651842,104.29535028785568,-0.05010334209352667,104.89603385925292,112.39637611691963,97.39569160158622,0.1430052592404111,0.12822337142650614,102.42101430997464,105.45412110076654,-3.033106790791905,-2.5742186653227024,-0.45888812546920255,-1.4871065142939746,-1.9261156970398483
2022-09-23 00:00:00-04:00,98.8133068840168,98.84306732316416,96.67101684353818,97.93060302734376,31625400.0,-0.014079105018813935,-0.6364688593141902,0.0,-0.013093543123625428,0.01281209374135648,0.20338568288205805,0.017284582836383053,0.2743842462033899,0.01834535782653711,0.29122352712905764,26.39898877872254,2.648113100309473,2.7486061609064474,1.076668005746696,103.84288192570116,-0.060372127972157984,104.44426765441895,112.4883933422164,96.4001419666215,0.1540367100741906,0.09512911161022111,101.73018180495451,104.89682346569819,-3.1666416607436787,-2.6927032644068976,-0.47393839633678114,-1.619483553559114,-2.057940284585021
2022-09-24 00:00:00-04:00,98.8133068840168,98.84306732316416,96.67101684353818,97.93060302734376,31625400.0,0.0,0.06865212429706455,0.0,0.013549515790923339,0.012309162890507652,0.19540190313400937,0.017284582836383053,0.2743842462033899,0.01834535782653711,0.29122352712905764,26.39898877872254,2.1720504796259803,2.707423612243557,1.0631589085622626,103.40176792541975,-0.05586777502583486,103.99250144958496,112.44484472108964,95.54015817808029,0.16255678349274685,0.14140722711312284,101.14563122378364,104.3808071369312,-3.2351759131475575,-2.80119779415503,-0.4339781189925276,-1.434371091547509,-1.9909654209002747
2022-09-25 00:00:00-04:00,98.8133068840168,98.84306732316416,96.67101684353818,97.93060302734376,31625400.0,0.0,0.06865212429706455,0.00580620602228743,0.03230532205879144,0.011200352683912132,0.17780008678707798,0.017284582836383053,0.2743842462033899,0.01834535782653711,0.29122352712905764,26.39898877872254,2.1720504796259803,2.6691826741994444,1.049984611487367,102.97158618904886,-0.05147505484365881,103.54073524475098,112.28473776516137,94.79673272434059,0.1688997571775244,0.17920113218677877,100.65101150125443,103.90301423992473,-3.252002738670299,-2.8913587830580836,-0.3606439556122156,-1.2831954712528852,-1.89396102884864
2022-09-26 00:00:00-04:00,97.29585425726316,99.06126205035564,96.99831795404086,97.3652801513672,27072700.0,-0.005789414971616322,-0.22012812426936829,0.006871765028524601,0.02634614489137177,0.00837925089632974,0.13301648426822132,0.017260356304849556,0.27399966193798614,0.018351609846538917,0.29132277486975716,25.30257079501979,2.06294409631478,2.625879918636254,0.8958510712575641,102.59757743358671,-0.05373884072520726,103.11227722167969,112.19561535182605,94.02893909153333,0.17618344536447805,0.183651704474207,100.14551437050255,103.41873764077232,-3.2732232702697672,-2.9677316805004206,-0.30549158976934665,-1.2653931821031714,-1.8805815565983148
2022-09-27 00:00:00-04:00,98.61495489564795,99.18028220152245,96.0759420926826,96.70077514648438,30072800.0,-0.0068482620610350285,-0.2775703553210364,-0.025487269282217784,0.019341469826890556,0.00582837731413899,0.0925226215215741,0.017228563698212004,0.27349496995382533,0.018148904502609843,0.28810492729299625,24.038745513542338,3.1043401088398497,2.6600556465079395,0.983884381610829,102.08180068848633,-0.0556461469295428,102.51967544555664,111.65483387075916,93.38451702035412,0.17821278472645516,0.1815107068631233,99.61555448988437,102.92111078934357,-3.305556299459198,-3.035296604292176,-0.270259695167022,-1.273957172547507,-1.879513964299813
2022-09-28 00:00:00-04:00,96.84954541208984,99.8745394269292,96.31397098941996,99.22987365722656,32466300.0,0.02581769627400151,1.3515184768991855,0.02699653926561174,0.014294436363020857,0.013343789551944261,0.2118260922097591,0.01734782448303653,0.2753881762206738,0.015809857463512062,0.25097370667098806,36.94731576842814,3.5605684375092466,2.7243779887223187,1.048085049511279,101.72069907730494,-0.02510156798831097,102.1065902709961,111.04006392130844,93.17311662068374,0.1749832920010835,0.3389922707350825,99.55621897716779,102.64768581659416,-3.0914668394263742,-3.0465306513190162,-0.044936188107358,-0.6440309170596704,-1.467786119644547
2022-09-29 00:00:00-04:00,97.8314301011561,97.8314301011561,95.17339822616404,96.62142944335938,31047200.0,-0.026638561189635285,-1.2675259278709332,0.01850507150924141,-0.0415190306058002,0.01884380489607906,0.29913612905547915,0.01799274203835129,0.2856259250256894,0.016033162759922743,0.25451856835546544,31.080817598779973,4.056475431062523,2.8195278060323337,0.9897334189160693,101.17172787037644,-0.047094091375293794,101.45051307678223,109.93885699635958,92.96216915720488,0.16733959567366588,0.215546184321941,99.10471289504342,102.20129645561381,-3.0965835605703944,-3.056541233169292,-0.04004232740110236,-1.1378152627122362,-1.744749372085708
2022-09-30 00:00:00-04:00,96.25445392690249,98.08928738689896,94.77666247319068,94.86592864990234,32941500.0,-0.018335936062843075,-0.8545793398209152,0.0,-0.05698519011647041,0.019941233581585224,0.3165572693563461,0.01719302150255459,0.27293075508927306,0.01593146818646575,0.25290421704915345,27.87317051756284,3.3126249137082766,2.8547490280091865,1.0340607685509164,100.53362204004112,-0.05974424612502451,100.7066608428955,108.72994864523986,92.68337304055115,0.1593397643252387,0.1360137927941129,98.4525922419448,101.65793587741297,-3.205343635468168,-3.086301713629067,-0.11904192183910078,-1.4559448288235473,-1.8835774784853005
2022-10-01 00:00:00-04:00,96.25445392690249,98.08928738689896,94.77666247319068,94.86592864990234,32941500.0,0.0,0.06135897818150303,0.0,-0.0568921357005534,0.02014955934363094,0.319864338304712,0.01719302150255459,0.27293075508927306,0.01593146818646575,0.25290421704915345,27.87317051756284,3.3126249137082766,2.8874544484162645,1.01848478069951,99.91473970016882,-0.05322048834728481,99.96280860900879,107.17632421759349,92.74929300042409,0.14432398827046578,0.14671318150052087,97.90079784316903,101.1548242309307,-3.2540263877616695,-3.119846648455588,-0.13417973930608174,-1.413147273997917,-1.7959579858100334
2022-10-02 00:00:00-04:00,96.25445392690249,98.08928738689896,94.77666247319068,94.86592864990234,32941500.0,0.0,0.06135897818150303,-0.03031234361548807,-0.03070541443937269,0.02024213631083322,0.32133395209881094,0.01719302150255459,0.27293075508927306,0.01593146818646575,0.25290421704915345,27.87317051756284,3.3126249137082766,2.917823767365694,1.0030183570795896,99.31060841010688,-0.04685222422274904,99.20854225158692,105.0484429108426,93.36864159233124,0.11772979476799564,0.12819456570704205,97.43389489035877,100.6889801138175,-3.255085223458721,-3.146894363456215,-0.1081908600025061,-1.4872217371718317,-1.7196665790555323
2022-10-03 00:00:00-04:00,95.96684196996166,98.47610186740503,95.72880384753611,97.83142852783205,27982000.0,0.03078126306634777,1.585706477509442,-0.02951588490475965,-0.00040535818033438087,0.022096470703382984,0.35077059800025506,0.018995934540806076,0.30155111229740894,0.01644344712613229,0.2610316307543147,40.77009388869351,3.610173217502691,2.9672772995183365,0.8654362864983186,99.00137037319473,-0.011958752549850068,98.9268699645996,104.43646700889765,93.41727292030156,0.11138727114826587,0.4005878807506218,97.4950539115085,100.47730962596671,-2.982255714458205,-3.113966633656613,0.13171091919840805,-0.3976484769975127,-1.301220112795976
2022-10-04 00:00:00-04:00,99.61667108123068,101.00518888401722,99.5571577705009,100.80683135986328,28850800.0,0.029960244260512692,1.532188170872539,0.0020703561613251154,0.029995881716794903,0.021340468882878535,0.3387694411536539,0.01586594084880304,0.25186400281196336,0.016933190035367238,0.2688060584194724,50.36072620741735,3.17376035618517,2.9820260892802533,0.8889310661546648,98.87269199782813,0.019186590193779673,98.76024742126465,103.78647620268569,93.73401863984361,0.10178647609055731,0.7035904081966609,98.00455813433231,100.50171864329238,-2.4971605089600644,-2.990605408717303,0.4934448997572387,0.8143616327866441,-0.8990570122152655
2022-10-05 00:00:00-04:00,99.0116735801322,101.09445790974014,97.99011792498692,100.59855651855467,22176900.0,-0.002068215927529496,-0.05508581507128766,9.867757636650154e-05,0.03648090328544584,0.017035763003942734,0.27043435381600284,0.015766900404950195,0.25029178450693085,0.016569225849194024,0.2630283060829824,49.753423951410234,3.1043399847532243,2.990762796099751,0.6961818286839382,98.76138487382218,0.018262405627993677,98.68685417175293,103.55003477997339,93.82367356353247,0.09855782006703068,0.6965485657236652,98.40363480882806,100.50889181923773,-2.105257010409673,-2.8135357290557774,0.7082787186461044,0.7861942628946617,-0.8945646010346446
2022-10-06 00:00:00-04:00,99.85469877759265,102.08625491156728,99.7654325974694,100.58863067626952,22324000.0,-9.867270805472589e-05,0.04259969518899981,0.027766411724954088,0.043630320955225343,0.017052803688615326,0.2707048662988865,0.01518968921128967,0.2411288408725999,0.01656638159222473,0.2629831549033493,49.72265005986437,2.3208223140978816,2.942909904528189,0.7240674922757269,98.60572254305362,0.019713044306146427,98.6184196472168,103.3237834523143,93.91305584211929,0.09542565824781597,0.709357991290526,98.73978801920367,100.51479840124009,-1.7750103820364131,-2.6058306596519047,0.8308202776154916,0.8374319651621046,-0.866032042737239
2022-10-07 00:00:00-04:00,99.03150884851112,99.7059350605101,97.49421903648668,97.87110137939452,27502800.0,-0.027387915264758,-1.306586383480457,0.0,0.01148017163407733,0.024520223561186872,0.3892464818076422,0.016269522172518158,0.25827065771000607,0.016856988747957245,0.2675964004830536,42.053411815317105,3.094411639782834,2.953731457046378,0.9147274755493294,98.33358859873071,-0.004725472716848033,98.41410865783692,102.85654734761474,93.9716699680591,0.09028052482237374,0.43888409988731203,98.60614392077149,100.31896899221448,-1.7128250714429925,-2.4272295420101226,0.7144044705671302,-0.2444636004507515,-1.1685080204110094
2022-10-08 00:00:00-04:00,99.03150884851112,99.7059350605101,97.49421903648668,97.87110137939452,27502800.0,0.0,0.05960263916387846,0.0,-0.003835975436028094,0.020322207777135212,0.32260504722049504,0.016269522172518158,0.25827065771000607,0.016856988747957245,0.2675964004830536,42.0534118153171,2.211716024023417,2.900730354687595,0.9385999698313491,98.04725038875834,-0.0017998061417638415,98.20979766845703,102.33030184291887,94.08929349399519,0.083912283138432,0.4589011107958959,98.49306045286734,100.13764546533892,-1.6445850124715804,-2.2707006361024145,0.6261156236308341,-0.16439555681641635,-1.1299002412310177
2022-10-09 00:00:00-04:00,99.03150884851112,99.7059350605101,97.49421903648668,97.87110137939452,27502800.0,0.0,0.05960263916387846,0.008379554079845253,0.021955516176258127,0.012038354011847198,0.1911029454594264,0.016269522172518158,0.25827065771000607,0.016856988747957245,0.2675964004830536,42.053411815317105,2.211716024023417,2.85151504535444,0.9315013188715824,97.87605897731343,-5.065435914222686e-05,97.99209671020508,101.65390983111602,94.33028358929413,0.07473690723732829,0.4834787676466053,98.39737444156383,99.96975331082452,-1.5723788692606888,-2.1310362827340694,0.5586574134733806,-0.06608492941357874,-1.0961249799419286
2022-10-10 00:00:00-04:00,98.18845461960382,98.28763336342472,96.21476962021146,97.05780029296876,18225100.0,-0.008344640521002745,-0.35247006520521457,0.006997138642386158,0.013463146928639258,0.011863444664203126,0.18832634564434586,0.01629147900735657,0.25861921165736945,0.016870675290402874,0.2678136676087704,39.761030990853925,2.0728637432132615,2.7958970952014988,0.6260631851446756,97.73954820575145,-0.007024143456011039,97.82944068908691,101.34359202733867,94.31528935083514,0.07184240885972429,0.3902095667140472,98.19128611101074,99.75405308727964,-1.5627669762689038,-2.0173824214410363,0.4546154451721325,-0.43916173314381113,-1.1627780068125713
2022-10-11 00:00:00-04:00,96.6313430235072,98.43642374055914,95.52052121037734,96.38339233398438,26507100.0,-0.006972772265045861,-0.27962070031120906,-0.003895032888856953,0.006421079105518146,0.011220533323433396,0.178120444507907,0.015892930327505342,0.2522924475039327,0.016874796657491017,0.2678790922830314,37.91535008604597,2.9159025301817962,2.8044689119858055,0.9184200615141972,97.63763539316956,-0.013013061989341754,97.72530136108398,101.28317486981321,94.16742785235475,0.07281376387028551,0.31141698491989184,97.91314860685283,99.50437451296148,-1.5912259061086473,-1.9321511183745586,0.3409252122659112,-0.7543320603204328,-1.218429380656446
2022-10-12 00:00:00-04:00,96.50241351977157,97.94052452401525,95.94699881751596,96.7602767944336,21876400.0,0.0039026382847278883,0.2857442841685704,-0.015142310743829657,-0.024107296340110773,0.0051822714296719885,0.0822660085760834,0.015465814584150722,0.24551219527619184,0.016490267561834276,0.26177488212917355,39.602630381178614,1.993525706499284,2.746544397308197,0.774645792641212,97.5015430750301,-0.0076608532463308225,97.59735870361328,101.09747298552345,94.09724442170311,0.07172559438907417,0.38042077461498575,97.73578371263449,99.30110801529275,-1.5653243026582686,-1.8587857552313007,0.29346145257303213,-0.4783169015400568,-1.1426532397911229
2022-10-13 00:00:00-04:00,94.37003338415457,98.96207740272202,93.6063410275305,98.24797821044922,34574500.0,0.015258126160504627,0.8631464464538586,0.025890808116238784,-0.01696927309266194,0.009530730659307079,0.15129565882359117,0.015734027027586535,0.24976993581937668,0.016645391842793355,0.2642374037475262,45.857697158027314,5.355736375191512,2.932915252871291,1.2179276612720702,97.52309873191237,0.0073780600042897765,97.61322746276855,101.1225689079188,94.1038860176183,0.07190298971497038,0.5904373024970063,97.81458286614445,99.22309840011916,-1.4085155339747075,-1.7687317109799823,0.36021617700527475,0.3617492099880255,-0.9222495153960728
2022-10-14 00:00:00-04:00,99.17033868593256,99.86460503785824,95.58001815905328,95.7684555053711,25410700.0,-0.025561316247079066,-1.2351628956433738,0.0,-0.03081420154855863,0.015209704707120623,0.241446577018618,0.016413737835952933,0.2605600103936577,0.016535062532338177,0.2624859802408123,38.66950700423479,4.284586878804959,3.0294632261522674,0.9050284144737873,97.42074857395274,-0.017252999015829117,97.50512008666992,101.10533147751198,93.90490869582786,0.07384661210902407,0.2588107484859893,97.49979404141008,98.96719892643411,-1.467404885024024,-1.7084663457887908,0.24106146076476676,-0.9647570060560411,-1.2408927094734545
2022-10-15 00:00:00-04:00,99.17033868593256,99.86460503785824,95.58001815905328,95.7684555053711,25410700.0,0.0,0.0806307825429157,0.0,-0.03411048350943813,0.015118467858343457,0.23999823694500047,0.016413737835952933,0.2605600103936577,0.016535062532338177,0.2624859802408123,38.66950700423479,4.284586878804959,3.11911491562746,0.9151565888468859,97.316107614444,-0.01616035364573777,97.39701271057129,101.07249202249652,93.72153339864606,0.07547416927144214,0.2784564859450738,97.23343426663484,98.73025496931832,-1.496820702683479,-1.6661372171677284,0.16931651448424945,-0.8861740562197052,-1.2228512090787511
2022-10-16 00:00:00-04:00,99.17033868593256,99.86460503785824,95.58001815905328,95.7684555053711,25410700.0,0.0,0.0806307825429157,-0.03411048350943813,-0.045189593854862875,0.01494346408234102,0.23722013812620224,0.016413737835952933,0.2605600103936577,0.016535062532338177,0.2624859802408123,38.66950700423479,4.284586878804959,3.2023629129972813,0.9179037044034143,97.24267344551069,-0.015393564951633949,97.31717147827149,101.06423075994118,93.5701121966018,0.07700715556670937,0.2933424778630287,97.0080529187481,98.51086241643334,-1.5028094976852344,-1.6334716732712298,0.13066217558599535,-0.8266300885478849,-1.199531769785737
2022-10-17 00:00:00-04:00,98.04962623156622,100.10265774202443,98.0198733580147,99.15052795410156,28419200.0,0.03470582347359311,1.8487944290695644,-0.00793871443147387,-0.01147037021964914,0.022201282518973,0.3524344339913292,0.018120716480518603,0.28765745631457096,0.017208416080100864,0.2731751364316311,51.59545312861702,4.33420223665334,3.2832085789727143,1.0296541123466865,97.37041664431707,0.01795362411593543,97.43965911865234,101.26129668651173,93.61802155079296,0.07844111119489391,0.7238397552187986,97.33766446264865,98.55824504885321,-1.2205805862045622,-1.5508934558578964,0.3303128696533342,0.8953590208751949,-0.6714664927005664
2022-10-18 00:00:00-04:00,102.28460943852184,102.62182629033514,99.15051685012314,99.94395446777344,24060700.0,0.007970393798575835,0.4749997035309029,0.011442241603352832,-0.003559916952259101,0.021580189301463784,0.34257488482421916,0.01809383373733875,0.2872307059964923,0.017265583092366414,0.2740826346175384,54.04254536277474,3.4713094402119964,3.29664435477552,0.8852209741231242,97.37327059371087,0.02572125435452401,97.4753631591797,101.37986721439482,93.57085910396457,0.08011263418098737,0.8161209815234436,97.73863215574477,98.66089019099545,-0.9222580352506782,-1.4251663717364529,0.5029083364857747,1.2644839260937735,-0.5217700561061261
2022-10-19 00:00:00-04:00,99.19019861679422,100.1919139812081,98.10912964670428,98.81330871582033,23811100.0,-0.011377274268508437,-0.5126677574221763,-0.0034010836375711895,-0.02818962297909,0.017331611028956383,0.27513079561633724,0.017409196577683573,0.276362428019925,0.017195238943466765,0.27296595587247663,50.15161355121524,2.0827843345038275,3.209940067613257,0.8878563566236021,97.48071723211713,0.013485951447447535,97.58495712280273,101.51152386718509,93.65839037842038,0.08047483669928944,0.6564154734890175,97.903967011141,98.67218045209358,-0.7682134409525787,-1.293775785579678,0.5255623446270994,0.62566189395607,-0.6823503999955232
2022-10-20 00:00:00-04:00,99.18028082765306,101.48126304018042,98.575280509256,99.15052795410156,25323200.0,0.003406880469932413,0.24205407333993398,-0.01147037021964914,-0.043166009492609514,0.017089263647139804,0.2712836501972915,0.016328880865126873,0.2592129477427616,0.017183315328434094,0.27277667435184466,51.27831941726178,2.905982530924419,3.1882288149926254,0.9578433847844321,97.72358988654557,0.014391633579768208,97.7991870880127,101.56538458464857,94.03298959137683,0.07701899389504217,0.6794038771593813,98.09574561775032,98.70761360039047,-0.611867982640149,-1.1573942249917721,0.5455262423516232,0.7176155086375252,-0.6028036700353506
2022-10-21 00:00:00-04:00,97.04790568020596,100.47954257381622,96.91897403600436,100.30101776123048,32458700.0,0.011536662333740684,0.6542159250104419,0.0,0.06531128374715478,0.016692001405436047,0.26497730761634647,0.015832766637021416,0.25133737852607474,0.017043390302278787,0.2705554334234378,55.01417639864245,3.560568537811861,3.2148245094797137,1.2288638592603012,98.06015079977057,0.022341417978373503,98.0709415435791,101.7287608246813,94.41312226247689,0.07459537399213827,0.8048368503568335,98.4350182552088,98.82564353823048,-0.3906252830216772,-1.0040404365977533,0.6134151535760761,1.2193474014273356,-0.37406860582464135
2022-10-22 00:00:00-04:00,97.04790568020596,100.47954257381622,96.91897403600436,100.30101776123048,32458700.0,0.0,0.058134952826353475,0.0,0.09661674803853781,0.008818333797603857,0.13998670923849357,0.015832766637021416,0.25133737852607474,0.017043390302278787,0.2705554334234378,55.01417639864245,3.560568537811861,3.2395205115034384,1.2299879743586877,98.3973274576954,0.0189797705549397,98.3426959991455,101.8000275408256,94.88536445746541,0.07031191298050506,0.7832128967783824,98.72209510228906,98.93493051771196,-0.21283541542290152,-0.8457994323627831,0.6329640169398816,1.13285158711353,-0.3467352755330789
2022-10-23 00:00:00-04:00,97.04790568020596,100.47954257381622,96.91897403600436,100.30101776123048,32458700.0,0.0,0.058134952826353475,-0.013558283262742776,0.05026480197631056,0.00824014756947717,0.13080828741185954,0.015832766637021416,0.25133737852607474,0.017043390302278787,0.2705554334234378,55.01417639864245,3.560568537811861,3.2624525133826117,1.2196429752364233,98.54316873752035,0.017525734662979665,98.46617546081544,102.02163405869148,94.9107168629394,0.0722168517511058,0.7580317348528747,98.96500628058774,99.03612216538001,-0.07111588479226327,-0.6908627228486792,0.619746838056416,1.0321269394114994,-0.31865323889885405
2022-10-24 00:00:00-04:00,100.9655271818657,101.9077368068661,99.16044640435987,101.67961883544922,27176400.0,0.013651036119084886,0.7621023941900564,-0.018759481657720345,0.06470031037429536,0.006471518575839676,0.10273217253964005,0.01471276852028185,0.23355795961155326,0.01689476410567081,0.26819606569623317,59.64516244525885,2.7472904025062235,3.225655219748584,1.0243818593297438,98.58072862327921,0.0304770046117602,98.50981483459472,102.2049202210586,94.81470944813084,0.07502004531565175,0.9289192958428607,99.38263898133566,99.23193673353327,0.1507022478023856,-0.5225497287184663,0.6732519765208519,1.715677183371445,-0.00789835675776113
2022-10-25 00:00:00-04:00,102.05649280400968,103.9607520499476,101.87796802677464,103.62354278564452,40611400.0,0.01893767276809772,1.0310959467162628,0.10060029155629291,0.08505538700441528,0.008495162413426904,0.1348565225581852,0.013829399685677195,0.21953491409770007,0.017092271730775314,0.2713314020446262,65.1007250321771,2.2811332144983822,3.1581893622307127,1.4793988696703997,98.872238794156,0.04585158800560459,98.66106414794922,102.92067650417756,94.40145179172087,0.08634839676654524,1.082503549934448,100.0350857204601,99.55724088554152,0.4778448349185851,-0.32247081599105604,0.8003156509096412,2.3300141997377914,0.42106353879781766
2022-10-26 00:00:00-04:00,95.63954441159298,97.50413095357072,93.91380965641918,94.15184020996094,88114100.0,-0.09585575055016719,-4.652062770502416,0.02938621299613775,0.004443975620847418,0.04725665942059073,0.7501762117113646,0.02533415403860875,0.40216722757416834,0.020829666274966754,0.33066070113618706,38.08446371317927,9.709733129225341,3.6261567741589005,2.8663576960774266,98.13339895747008,-0.04228869811392073,98.33922462463379,102.94428790202761,93.73416134723996,0.09365669283994467,0.045349959116887086,99.12997102653716,99.15684083549851,-0.026869808961350827,-0.263350614585115,0.23648080562376417,-1.8186001635324516,-1.522275396627457
2022-10-27 00:00:00-04:00,93.74519988449306,94.64774408921,91.0475025510424,91.46405792236328,60710900.0,-0.028962714904295046,-1.3607181005362112,-0.04226813619720349,0.019343535517750476,0.04709268628425101,0.7475732188686636,0.02593596191312567,0.4117206314122412,0.020759012967655015,0.32953911465348057,33.79815773136515,3.6002415381675945,3.624305685873807,1.8737241018425401,97.51970588408503,-0.06620795205546111,98.01887245178223,103.55778084727852,92.47996405628594,0.11301718244557467,-0.09170634910199024,97.95059977974118,98.58700506415516,-0.636405284413982,-0.33796154855088845,-0.2984437358630936,-2.3668253964079597,-2.0054532037510495
2022-10-28 00:00:00-04:00,91.51364270819928,95.75856512636024,91.37479091899618,95.50069427490234,43697300.0,0.04318743183460385,2.176069907802186,0.0,0.10716334583124376,0.054672374995492413,0.867897046940034,0.027359202284016136,0.4343138718757022,0.020506772745465224,0.3255349252621094,43.99314593107959,4.3837742073640555,3.678553437408825,1.3157509638396045,97.37233008718097,-0.019598138280451156,97.90035209655761,103.55285220598664,92.24785198712858,0.11547456139593969,0.28773482749231977,97.57369124053521,98.35838945013644,-0.7846982096012312,-0.427308880760957,-0.35738932884027413,-0.8490606900307216,-1.1286177815477627
2022-10-29 00:00:00-04:00,91.51364270819928,95.75856512636024,91.37479091899618,95.50069427490234,43697300.0,0.0,0.05899309901247744,0.0,0.1541412088000238,0.053537047890983035,0.8498742878885769,0.027359202284016136,0.4343138718757022,0.020506772745465224,0.3255349252621094,43.99314593107959,4.3837742073640555,3.728926349548485,1.284434789522656,97.23196966974125,-0.018128406374254846,97.78183174133301,103.53541476462753,92.02824871803848,0.11768204626222906,0.30176374815527773,97.25476863043785,98.14670832604503,-0.8919396956071779,-0.5202350437302012,-0.37170465187697665,-0.7929450073788893,-1.0952152102431414
2022-10-30 00:00:00-04:00,91.51364270819928,95.75856512636024,91.37479091899618,95.50069427490234,43697300.0,0.0,0.05899309901247744,0.018834011296206876,0.11215075997391066,0.051379939924698775,0.8156312605091501,0.027359202284016136,0.4343138718757022,0.020506772745465224,0.3255349252621094,43.99314593107959,4.3837742073640555,3.7757011965353113,1.2380853484511856,97.12929317748737,-0.017053267674652105,97.70397644042968,103.54035592870815,91.86759695215122,0.1194706643661923,0.3112458100135266,96.98491103727854,97.95070728521965,-0.965796247941114,-0.6093472845723839,-0.3564489633687301,-0.7550167599458941,-1.061685162645872
2022-10-31 00:00:00-04:00,94.63781949338367,95.24281979479946,93.20962863501364,93.73528289794922,31675000.0,-0.018658847248909247,-0.8508179092784391,0.04465575705219327,0.09159170938844308,0.027605313806483407,0.43822077117511754,0.027586127606315833,0.4379161996896313,0.02059776518791885,0.32697938550562133,40.57960719714576,2.2910656398887,3.669655799631982,0.890932180864155,97.00590770923739,-0.03489214210671283,97.57157096862792,103.64925678420055,91.4938851530553,0.12457902963408825,0.18439565756680518,96.4849682466125,97.63845362690333,-1.1534853802908316,-0.7181749037160734,-0.4353104765747582,-1.26241736973278,-1.4029816605933874
2022-11-01 00:00:00-04:00,94.6675668774688,95.2428142728165,89.62921479576478,89.7283935546875,47161400.0,-0.0436874120575773,-2.0509890122203904,0.040243625225435675,0.044929587588444786,0.031813851886386545,0.5050292420305315,0.02906361609679575,0.46137060235425176,0.021246119104850743,0.3372716848601598,34.110378985151556,5.6135994770517215,3.8085089194476778,1.2809715103661634,96.54709092142558,-0.0759926384125247,97.21997680664063,104.23637298402336,90.2035806292579,0.14434062644013046,-0.033862617115475856,95.44549521708558,97.05252325118364,-1.6070280340980645,-0.8959455297924717,-0.7110825043055928,-2.135450468461902,-2.1611153956314735
2022-11-02 00:00:00-04:00,90.19455387405776,90.43258444006052,86.16782914537849,86.25709533691406,57038300.0,-0.039454940744314604,-1.831063854074905,0.04243083294408523,-0.017176797670757638,0.02086107640875353,0.33115932155206956,0.0300419558273024,0.47690126410217903,0.02173472065891586,0.34502799407369567,29.69385603603061,4.264755294682033,3.841097946250132,1.503378088981866,95.69610297869482,-0.1094287676267404,96.62043266296386,105.15248421349244,88.08838111243529,0.17660967386247378,-0.10731802103374373,94.03189523552072,96.25286192420072,-2.2209666886799937,-1.1609497615699762,-1.0600169271100175,-2.4292720841349755,-2.695030639550013
2022-11-03 00:00:00-04:00,85.61241853361773,85.81077606951776,82.65684282083558,82.74610900878906,61288000.0,-0.041555325193898845,-1.9177129066646805,-0.03638241881144777,-0.06152982858121869,0.018908075576376634,0.30015639447544107,0.030634122495843515,0.48630161854014753,0.022138460223928777,0.35143716097446515,26.02369734626771,3.600252516078484,3.8238947012378715,1.5424590882030242,94.69504763600719,-0.14440483994176626,95.96931533813476,106.52316181836285,85.41546885790667,0.21994210218220384,-0.12646383733733835,92.29562043140817,95.2523617082443,-2.9567412768361265,-1.5201080646232064,-1.4366332122129202,-2.505855349349354,-3.097894795854531
2022-11-04 00:00:00-04:00,84.69994994578491,85.92978314388307,83.02380100389072,85.87027740478516,51124900.0,0.03706076308973239,1.8628686158070524,0.0,-0.008474559100134615,0.03411019753837159,0.5414825991469129,0.03187984846312716,0.5060769052071549,0.022677699078981164,0.3599973124208561,33.85776132417213,3.1836741350940088,3.7781646607990242,1.2463509879956358,94.11186205789454,-0.0959771518410178,95.47440643310547,106.95550288524055,83.9933099809704,0.2405062651042372,0.0817416451311892,91.30710611962,94.55739250058065,-3.2502863809606453,-1.8661437278906943,-1.384142653069951,-1.6730334194752434,-2.3657108459856806
2022-11-05 00:00:00-04:00,84.69994994578491,85.92978314388307,83.02380100389072,85.87027740478516,51124900.0,0.0,0.08385126831603679,0.0,-0.07834802779206929,0.03545977214866003,0.5629064319142136,0.03187984846312716,0.5060769052071549,0.022677699078981164,0.3599973124208561,33.85776132417213,2.9059821399923464,3.715865909312833,1.2084729186303158,93.56412386818751,-0.08959848152270682,94.97949752807617,107.23449107812297,82.72450397802936,0.25805555659892176,0.12834659658975425,90.47067093272233,93.91390249348468,-3.4432315607623565,-2.181561294465027,-1.2616702662973296,-1.486613613640983,-2.2360293160820905
2022-11-06 00:00:00-04:00,84.69994994578491,85.92978314388307,83.02380100389072,85.87027740478516,51124900.0,0.0,0.08385126831603679,-0.02158424539767656,-0.10196051772483139,0.032675395184203995,0.518705817888968,0.03187984846312716,0.5060769052071549,0.022677699078981164,0.3599973124208561,33.85776132417213,2.9059821399923464,3.658017068647084,1.1768904984408617,92.92864979153305,-0.0821980852987737,94.31548500061035,107.04870108699879,81.58226891422191,0.270013266354004,0.16837884716128557,89.76291808227045,93.31807841284028,-3.5551603305698336,-2.4562811016859882,-1.0988792288838454,-1.326484611354858,-2.141393982936996
2022-11-07 00:00:00-05:00,86.56453004796563,88.17125299017025,86.13805462566243,87.76461029052734,34078900.0,0.02182059232434085,1.1253248010190653,-0.004612182367327966,-0.08214940524932968,0.029649811118753193,0.4706761598415524,0.03119002595884274,0.4951263124364808,0.0228973831745001,0.36348468932329164,38.76848410256373,2.300975585385089,3.5610855341283703,0.775550350158176,92.53633571744052,-0.05436958486019966,93.70651779174804,106.4712531878773,80.94178239561879,0.2724407159061744,0.2672530092937725,89.45548611430998,92.90671040378007,-3.4512242894700904,-2.655269739242809,-0.7959545502272816,-0.9309879628249098,-1.7465101344924294
2022-11-08 00:00:00-05:00,88.17127227783203,89.5796304672484,86.87200543719126,88.17127227783203,30429000.0,0.004622851297764129,0.29944169955799166,0.01809452888884855,-0.07789649572606605,0.01631297267728695,0.25896041308975676,0.031124568428585443,0.49408720635749703,0.02290235685044762,0.3635636439812454,39.80175061150929,2.7076250300571445,3.500124069551854,0.6873120798672493,92.21753017186545,-0.045890887014576116,93.17441596984864,105.93005219456742,80.41877974512985,0.27380125953988327,0.3038849805734834,89.25791475485184,92.5559372092654,-3.2980224544135552,-2.783820282276958,-0.514202172136597,-0.7844600777060662,-1.6379756169708541
2022-11-09 00:00:00-05:00,87.72494420662868,88.70683431006073,86.56453688459513,86.60420989990234,31769100.0,-0.017932771272008985,-0.7757426943797061,-0.07047067660565576,-0.08756541396801232,0.014182797504639015,0.22514493055477366,0.031214278832070123,0.49551131486331135,0.02270793425144014,0.36047728090389763,37.196907532722484,2.1422974254655998,3.403136452117122,0.7123953576608553,91.82073935777524,-0.0602341325427735,92.54710006713867,105.29929618041828,79.79490395385906,0.27558283520560833,0.2669856190084919,88.84965246947499,92.11506851968295,-3.2654160502079606,-2.8801394358631587,-0.38527661434480187,-0.9320575239660327,-1.8699542664086537
2022-11-10 00:00:00-05:00,91.49381082236977,93.61626826753488,90.8590576182188,93.16996002197266,51620100.0,0.0730769248256796,3.4760518068020607,-0.025619746547273725,-0.04571304077585281,0.034741988387235474,0.5515119679471142,0.03567856275216816,0.5663796250706951,0.024658780365284093,0.39144600288422504,51.51460239247554,7.012058367632534,3.660916588939651,1.1331919443863312,91.59505424994956,0.016903578918051314,92.19054718017578,104.41786790767512,79.96322645267645,0.26526191896013906,0.5400501820318725,89.51431516985926,92.19320863096368,-2.6788934611044226,-2.8398902409114117,0.16099677980698912,0.16020072812748995,-0.6696980212267424
2022-11-11 00:00:00-05:00,93.9138107806014,96.135446962913,93.1501183771832,95.61971282958984,33090500.0,0.025953647571826423,1.2662233429040102,0.0,-0.02468378071727728,0.033615094038572865,0.533623074744682,0.03610763001934764,0.5731908567787452,0.02474601383498742,0.3928307912852428,55.58334759461328,2.985328585729789,3.61266030299609,0.7259168812502166,91.43117556827058,0.04380411880951719,91.95648193359375,103.69973290492293,80.21323096226457,0.25540887873047485,0.65597175368813,90.45360711751012,92.44702375678784,-1.9934166392777257,-2.6705955205846745,0.6771788813069488,0.6238870147525198,-0.1750173558335596
2022-11-12 00:00:00-05:00,93.9138107806014,96.135446962913,93.1501183771832,95.61971282958984,33090500.0,0.0,0.05791529413392351,0.0,-0.0198250334863298,0.034954176265155075,0.554880346084301,0.03610763001934764,0.5731908567787452,0.02474601383498742,0.3928307912852428,55.58334759461328,2.985328585729789,3.567850894619926,0.7254141692796016,91.26752386512628,0.04551560379834947,91.72241668701172,102.94022191995074,80.50461145407269,0.24460335080829848,0.6737102785103825,91.24839261167622,92.68203776218058,-1.4336451505043613,-2.423205446568612,0.9895602960642509,0.6948411140415298,-0.1515767996028689
2022-11-13 00:00:00-05:00,93.9138107806014,96.135446962913,93.1501183771832,95.61971282958984,33090500.0,0.0,0.05791529413392351,0.007419075735517255,-0.010468934788490869,0.03542612870564839,0.5623723588134729,0.03610763001934764,0.5731908567787452,0.02474601383498742,0.3928307912852428,55.58334759461328,2.985328585729789,3.5262421582706307,0.7207419718474903,91.11620393640776,0.04709812192396023,91.41942138671875,101.80101341773667,81.03782935570084,0.22712005553179174,0.702295150412458,91.92090341443216,92.89964332272942,-0.978739908297257,-2.1343123389143415,1.1555724306170845,0.809180601649832,-0.12562515767075783
2022-11-14 00:00:00-05:00,94.31052701503693,95.99659635796957,93.73528712723773,94.91552734375,30179500.0,-0.007391689762125273,-0.29492539061757994,-0.02783418656976433,-0.017756275372240782,0.03312449576849394,0.525835068647078,0.03593510225955096,0.5704520634986825,0.024748964059569757,0.3928776246485827,53.95771667405907,2.2613092307318396,3.4358898063035745,0.6648913904611841,90.6829831604217,0.04459274790730018,90.98402061462403,99.82690182303847,82.14113940620959,0.19438317077390416,0.7222978368964714,92.38161478817337,93.04896806502722,-0.6673532768538593,-1.840920526502245,1.1735672496483858,0.889191347585885,-0.24906792941048514
2022-11-15 00:00:00-05:00,97.4545394739204,99.31912590340237,95.91724219824152,97.63306427001952,41640800.0,0.028228899121706626,1.3666728079862145,-0.00414769817886973,0.01036645298394534,0.016486530767345176,0.2617155623556613,0.03627786559816626,0.5758932628138403,0.023883159608146926,0.3791334050737176,58.94758443623061,4.403598559652366,3.5050118601142026,0.9668963930279378,90.66411896614304,0.07137894683508829,91.15808181762695,100.39191386481025,81.92424977044365,0.20258943284165906,0.8506118813568687,93.18953009307278,93.38853074687852,-0.19900065380574006,-1.5125365519629441,1.313535898157204,1.4024475254274742,0.3363052764092869
2022-11-16 00:00:00-05:00,97.09749375411836,98.82322847399864,96.83962291238991,98.03970336914062,29105200.0,0.004156323738033889,0.25255038928570855,0.004981714786329361,0.03399572360895986,0.013636783994384684,0.2164772347910874,0.029361122955666643,0.46609337732570205,0.023873252094859677,0.3789761281761029,59.65222898212726,1.9836055616087265,3.396339981649526,0.7015639187710024,90.86430959013765,0.07318865247874189,91.48686408996582,101.22126857756109,81.75245960237055,0.21280441917918858,0.8365814153051276,93.93571059708322,93.73306205223128,0.2026485448519395,-1.1694995325999673,1.3721480774519068,1.3463256612205097,0.44107700007323375
2022-11-17 00:00:00-05:00,96.17511335721086,98.46617527590662,95.99658856050377,97.55371856689452,26052600.0,-0.00496934710306349,-0.1790085586213658,0.009545335289593337,0.013498211514914482,0.014259064273824106,0.22635562798214637,0.02855476316910472,0.4532928125507862,0.023753310333701264,0.37707211174508526,58.362892059749626,2.469586715402855,3.330143319774764,0.6416274678796525,90.82943489612374,0.06892903489024664,91.58951530456542,101.54297163112108,81.63605897800977,0.21734925211596806,0.7996046331371697,94.49232720782341,94.01607364591003,0.4762535619133814,-0.8403489136972977,1.3166024756106791,1.1984185325486778,0.3576851065455566
2022-11-18 00:00:00-05:00,97.96035204939338,98.0892912467336,95.58003155727448,96.63134002685548,28342300.0,-0.009500066419740067,-0.395399247099583,0.0,-0.0104610627240308,0.015504653367808277,0.24612874185288464,0.027132853086322836,0.4307206897563694,0.023779057326513867,0.37748083258502474,55.89359699766581,2.509259689459114,3.271508774752218,0.7114712415358047,90.77962831114884,0.06055707924655037,91.64604759216309,101.70531824285678,81.5867769414694,0.21952437480902096,0.7477959191976115,94.8214061030591,94.20979708153561,0.611609021523492,-0.5499573266531398,1.1615663481766316,0.9911836767904465,0.18125626259271788
2022-11-19 00:00:00-05:00,97.96035204939338,98.0892912467336,95.58003155727448,96.63134002685548,28342300.0,0.0,0.05394405617637846,0.0,-0.0104610627240308,0.014704558820392555,0.23342763466607996,0.027132853086322836,0.4307206897563694,0.023779057326513867,0.37748083258502474,55.89359699766581,2.509259689459114,3.2170624115169963,0.7254526576250111,90.72786418650723,0.06109276595675455,91.70257987976075,101.86523929375882,81.53992046576268,0.2216439150855564,0.7424936203365159,95.09985747595084,94.38917063304079,0.7106868429100501,-0.2978284927405018,1.0085153356505518,0.9699744813460638,0.19633586197154865
2022-11-20 00:00:00-05:00,97.96035204939338,98.0892912467336,95.58003155727448,96.63134002685548,28342300.0,0.0,0.05394405617637846,0.01914213242940077,-0.0003077454453433992,0.005266610281855882,0.08360484634851872,0.027132853086322836,0.4307206897563694,0.023779057326513867,0.37748083258502474,55.89359699766581,2.509259689459114,3.1665050742271474,0.7285601180408104,90.82047956114926,0.06013432561414642,91.84738273620606,102.21250398531156,81.48226148710056,0.22570313797345884,0.7307718923723289,95.33547017609001,94.55525725480484,0.7802129212851696,-0.08222020993536755,0.8624331312205371,0.9230875694893151,0.20367889634137448
2022-11-21 00:00:00-05:00,96.4925021156776,97.59340390655896,94.57832227419392,94.81635284423828,21647400.0,-0.01896122678018124,-0.847187606282591,-0.014940635357661991,-0.01908455872428727,0.007920736256910598,0.12573779001790833,0.027143640562808737,0.4308919356367033,0.023883450431077025,0.3791380217446092,50.62912271936029,3.015081632365039,3.1556891140941397,0.5753293591416596,91.0038689800546,0.040209138506378965,92.10178070068359,102.49763068016567,81.70593072120151,0.22574699208622184,0.630560375001195,95.25560597118975,94.57459766883694,0.681008302352808,0.07042549252226755,0.6105828098305404,0.5222415000047799,-0.18392693751825176
2022-11-22 00:00:00-05:00,95.16346653720288,96.42306021024528,93.2790474508061,96.25445556640624,23438500.0,0.015053370953707169,0.7691401866227644,-0.01432049226692167,-0.004206775261844098,0.012653348215657657,0.20086567578559827,0.025323011410650086,0.40199034383898635,0.023860507272986234,0.3787738104010172,54.301880654306345,3.1440127594391782,3.1548550887616424,0.6520455203636777,91.55165255495845,0.048858029311726836,92.60164871215821,102.77319893030705,82.43009849400937,0.21968399827882018,0.6795599872146537,95.4092751396846,94.69903158717541,0.7102435525091835,0.19838910451965075,0.5118544479895327,0.718239948858615,0.14386769424464835
2022-11-23 00:00:00-05:00,96.29412064149612,97.9504369035514,96.29412064149612,97.65289306640624,18868100.0,0.014424020084444869,0.7450660013048644,0.0,0.025090923885343397,0.013893042425398797,0.22054521127004909,0.0234285748321111,0.37191709547059687,0.023823124011524456,0.378180369522871,57.6046449032783,1.6959813371451702,3.050649820789037,0.5578133289421189,92.51956200471446,0.05256711706637296,93.34698791503907,102.62298815193952,84.07098767813861,0.19874235782183194,0.7320992368153482,95.754447128411,94.91783614119251,0.8366109872184921,0.3260334810594191,0.510577506159073,0.9283969472613931,0.4581852561196585
2022-11-24 00:00:00-05:00,96.29412064149612,97.9504369035514,96.29412064149612,97.65289306640624,18868100.0,0.0,0.05809402173684781,0.010260654630365185,0.03435226190311669,0.013893042425398797,0.22054521127004909,0.02083001898628436,0.33066630025477295,0.023796758074003478,0.3777618232402895,57.6046449032783,1.6563162620552845,2.9510545665937693,0.5857425469017634,93.19756474442786,0.045624130346539185,93.93611869812011,102.69496955284913,85.17726784339109,0.1864852620295521,0.712172488716336,96.04651573425642,95.1204329504676,0.9260827837888144,0.4460433416052982,0.4800394421835162,0.8486899548653445,0.45945920261780443
2022-11-25 00:00:00-05:00,97.43469190584294,97.83141448608896,96.60158129749476,96.6610870361328,9701400.0,-0.010208371449280405,-0.42407208702367016,0.0,-0.0349540749463666,0.014986463507443268,0.23790273283823804,0.020059658586292904,0.3184372080251551,0.02376550221203913,0.3772656518136658,54.37235404857713,1.229833188594199,2.828110182450943,0.3218661561787725,93.87472624097452,0.028826085869660317,94.4756591796875,102.43547341253682,86.51584494683817,0.16850507955091792,0.6372788228791991,96.14106516531432,95.2345554753317,0.906509689982613,0.5381366112807612,0.3683730787018519,0.5491152915167962,0.24004435499567858
2022-11-26 00:00:00-05:00,97.43469190584294,97.83141448608896,96.60158129749476,96.6610870361328,9701400.0,0.0,0.06330370987878114,0.0,-0.0349540749463666,0.010777385547172438,0.17108569164768028,0.020059658586292904,0.3184372080251551,0.02376550221203913,0.3772656518136658,54.37235404857713,1.229833188594199,2.713947540032604,0.34561545853791914,94.65181817642402,0.020786739745205843,95.01519966125488,101.91073556655179,88.11966375595797,0.14514595411851267,0.6193444133626802,96.22106853005562,95.3402244798355,0.8808440502201194,0.6066780990686328,0.27416595115148656,0.47737765345072064,0.24020156895689823
2022-11-27 00:00:00-05:00,97.43469190584294,97.83141448608896,96.60158129749476,96.6610870361328,9701400.0,0.0,0.06330370987878114,0.014679646472428587,-0.029669623634358433,0.008785056407899748,0.13945844705386284,0.020059658586292904,0.3184372080251551,0.02376550221203913,0.3772656518136658,54.37235404857713,1.229833188594199,2.607939372072718,0.3613043065354986,95.1251724581714,0.015889688654000485,95.46002349853515,101.47816287448147,89.44188412258883,0.12608711281196508,0.599786949301817,96.28876368483672,95.43806615067234,0.8506975341643823,0.6554819860877827,0.19521554807659958,0.3991477972072679,0.25111443290119806
2022-11-28 00:00:00-05:00,96.24454747735288,96.78012191327572,94.8262691285725,95.26266479492188,26237500.0,-0.0145729434365294,-0.6292262050657681,0.009034650294893476,-0.04370765715166247,0.006959863765851297,0.11048441209999205,0.020163391281750487,0.32008391351519816,0.02382447043586801,0.3782017433467042,49.48276339006789,1.9538527847032157,2.561218901546325,0.9848366128376901,95.52906842071296,-0.0027965166244781152,95.81459312438965,100.76559878647514,90.86358746230415,0.10334554477850644,0.4442609878540026,96.13090231715752,95.4250734576538,0.7058288595037254,0.6655513607709713,0.0402774987327541,-0.22295604858398965,-0.05909658301019625
2022-11-29 00:00:00-05:00,94.94528050830176,95.33208297513312,93.33855733056448,94.40970611572266,20061700.0,-0.008994082005704106,-0.35746488022921297,-0.0574314342395964,-0.05227006568222592,0.0065061423312944,0.10328180761796996,0.020357130799877034,0.32315943301972816,0.023835446902999914,0.3783759893605348,46.72283444287194,1.993525644568635,2.520669383190776,0.7699423992956737,96.03006120547388,-0.01716301380882469,96.20486793518066,98.74011134174266,93.66962452861866,0.05270509613443174,0.14595868491136557,95.86610290155215,95.3498610619552,0.5162418395969581,0.6356894565361687,-0.11944761693921058,-1.4161652603545356,-0.24969450749621686
2022-11-30 00:00:00-05:00,94.0427413130184,100.2117559475668,93.64601867914251,100.16216278076172,43647500.0,0.0591466134886338,2.8452844829927986,0.0,0.015178982502378924,0.02974224546664704,0.4721435096243177,0.023108693244464566,0.36683913269118945,0.024777550623761028,0.39333142228671003,62.08280051274468,6.565737268424286,2.809602803564598,1.7011611625851726,96.6692406504696,0.034872670810209436,96.55447807312012,99.25088513094845,93.8580710152918,0.055852553121075364,1.1689799852673601,96.52703519066132,95.70632785594086,0.820707334720467,0.6726930321730283,0.14801430254743864,2.675919941069441,1.0184805766874192
2022-12-01 00:00:00-05:00,100.1919156541028,101.4118364290716,99.42823082654697,100.16216278076172,28687100.0,0.0,0.06332331143481978,0.005475854749311004,0.0413487918456521,0.02974224546664704,0.4721435096243177,0.01746129199233896,0.27718941708967465,0.024539201722015486,0.3895477507710056,62.08280051274468,1.9836056025246336,2.7506030034903146,1.1277570481621382,96.93446372893787,0.03222473399350155,96.7816005706787,99.88152629690084,93.68167484445657,0.06406022855466814,1.0452650335275748,97.08628558913831,96.03638970222387,1.0498958869144417,0.748133603121311,0.30176228379313064,2.181060134110302,0.990503982994434
2022-12-02 00:00:00-05:00,98.23807103454332,99.94396550598157,98.08929910016104,99.6166763305664,21480700.0,-0.005460916764039907,-0.19348896098517368,0.0,0.05793143703407444,0.030166126775923074,0.47887241680283477,0.01676853711300573,0.26619227430822096,0.024432581289528583,0.38785520387677463,60.1748626321372,2.072863680600676,2.7021930518553403,0.864177490157126,97.13787186643795,0.024883428713309334,96.98144874572753,100.27527704929119,93.68762044216388,0.06792697667776931,0.9000250380367077,97.47557647243495,96.30159611913814,1.1739803532968125,0.8333029531564113,0.34067740014040115,1.6001001521468305,0.859152854991239
2022-12-03 00:00:00-05:00,98.23807103454332,99.94396550598157,98.08929910016104,99.6166763305664,21480700.0,0.0,0.06447710462635324,0.0,0.0718175095187017,0.028326528753831653,0.44966970353015356,0.01676853711300573,0.26619227430822096,0.024432581289528583,0.38785520387677463,60.1748626321372,1.8546664058205238,2.641655434281425,0.8848415071062032,97.35100770281645,0.02274386891037803,97.18129692077636,100.60952377873177,93.75307006282095,0.07055322302912154,0.8551951942938956,97.80497645060902,96.54715761628097,1.2578188343280488,0.9182061293907389,0.3396127049373099,1.4207807771755825,0.8673713230207718
2022-12-04 00:00:00-05:00,98.23807103454332,99.94396550598157,98.08929910016104,99.6166763305664,21480700.0,0.0,0.06447710462635324,0.00965028419850733,0.0819778457739373,0.02716483339041765,0.43122836134529197,0.01676853711300573,0.26619227430822096,0.024432581289528583,0.38785520387677463,60.1748626321372,1.8546664058205238,2.5854419322485036,0.9009837306012214,97.60722127343861,0.020171874139422712,97.41635437011719,100.83512094068857,93.99758779954581,0.07018876024825041,0.8218005551167941,98.083699509064,96.7745293728947,1.3091701361692998,0.9963989307464511,0.31277120542284864,1.2872022204671791,0.8741579911147358
2022-12-05 00:00:00-05:00,98.58518949074,100.54895459128151,98.18846689898945,98.66453552246094,24405100.0,-0.009604017624859176,-0.3875744515117728,0.02577851767455397,0.07163625139059504,0.004378022293627961,0.06949894933941711,0.016836971150473796,0.2672786309743364,0.024160910432453213,0.3835425627190634,56.396396380642585,2.360487692292068,2.5693737722516152,1.062033281693328,97.66102494479665,0.010170935000609595,97.46792793273926,100.931288924772,94.00456694070651,0.07106667937832321,0.6727523628744453,98.17305889574045,96.91452982841813,1.2585290673223284,1.0488249580616267,0.2097041092607017,0.6910094514977815,0.6737949895182794
2022-12-06 00:00:00-05:00,98.48601001120107,98.96207106432216,95.6296134250586,96.18502807617188,24910700.0,-0.025451853732447193,-1.1273370876057625,0.021487252155632408,0.044705297416445244,0.010506350471574957,0.16678314320804113,0.016705426376196816,0.26519042242029434,0.024066049575351054,0.3820366932967829,47.95220705484181,3.3324576392635663,2.623879762752469,1.0940200593986573,97.55608447746545,-0.014254363997355081,97.37519416809081,100.87324003868106,93.87714829750057,0.07184675523320358,0.3298812914482857,97.86720800042221,96.86049266158507,1.0067153388371395,1.0404030342167292,-0.03368769537958971,-0.6804748342068558,0.12519248290382196
2022-12-07 00:00:00-05:00,95.6197019736811,96.08584288669228,93.94355298868145,94.16175079345705,31045400.0,-0.02125965566329115,-0.9250068302643493,0.013125682816985895,0.017468650023788168,0.011808040217968774,0.1874468273267658,0.017247019186143315,0.27378794174216897,0.02420413506897209,0.3842287325515041,42.37642720949009,2.2414750874904286,2.5965651430908947,1.3486556949614272,97.32732898710915,-0.033618514598308356,97.20559577941894,100.98480812920795,93.42638342962994,0.07775709452704507,0.0972910881639351,97.2971376608891,96.66058585653855,0.6365518043505602,0.9596327882434954,-0.32308098389293516,-1.6108356473442604,-0.3152573551324398
2022-12-08 00:00:00-05:00,94.59813448405296,94.79649955511114,92.68395505775044,92.94182586669922,32213300.0,-0.01304028747869136,-0.5402735066487931,0.009479539347885924,-0.020077357290647968,0.01000012835459079,0.15874711622983662,0.017407504427900587,0.2763355659748839,0.024250807698445613,0.3849696375752265,39.401526674259934,2.1125444973607017,2.5619922398244523,1.387722819024545,97.06552469767021,-0.04436860146136319,97.02112007141113,101.25160982507109,92.79063031775118,0.08720760491212956,0.017869745319349102,96.6270896925522,96.38512215358747,0.24196753896472956,0.8160997383877423,-0.5741321994230127,-1.928521018722602,-0.5705606204512146
2022-12-09 00:00:00-05:00,93.0013431152763,93.48733192437892,91.98970761165847,92.06905364990234,28225400.0,-0.009434890460238892,-0.36733415339872,0.0,-0.023561462101545194,0.007236680692796123,0.11487874458432693,0.017406163440887617,0.27631427846599776,0.02404336450422603,0.38167657895675916,37.379733159205095,1.497624312720447,2.485965959317024,1.2162335686911228,96.78819375989302,-0.05125652890856754,96.79300575256347,101.5688499579214,92.01716154720555,0.09868159725438516,0.00543276753443722,95.92585337829837,96.06541337553674,-0.13955999723836499,0.6249677912625209,-0.7645277885008859,-1.9782689298622522,-0.7450693297738232
2022-12-10 00:00:00-05:00,93.0013431152763,93.48733192437892,91.98970761165847,92.06905364990234,28225400.0,0.0,0.07698342442947725,0.0,0.021681688647920083,0.010018439648894676,0.1590377990153074,0.017406163440887617,0.27631427846599776,0.02404336450422603,0.38167657895675916,37.379733159205095,1.497624312720447,2.4153701274172685,1.2165399679975863,96.51072308907573,-0.04824280540628857,96.56489143371581,101.78812157391181,91.34166129351982,0.1081807282677127,0.0696305099391264,95.33249957392975,95.76938672919346,-0.4368871552637046,0.4125968019572758,-0.8494839572209805,-1.721477960243496,-0.7259689541068983
2022-12-11 00:00:00-05:00,93.0013431152763,93.48733192437892,91.98970761165847,92.06905364990234,28225400.0,0.0,0.07698342442947725,-0.0051440745657507225,0.028473144136790918,0.009062175241112545,0.14385757215162354,0.017406163440887617,0.27631427846599776,0.02404336450422603,0.38167657895675916,37.37973315920509,1.497624312720447,2.3498168549389242,1.1995354920416357,96.32226548254468,-0.04619588954194542,96.42752647399902,101.97858933570134,90.8764636122967,0.1151344033116752,0.10741997229337033,94.83043097023322,95.49528798257931,-0.66485701234609,0.1971060390966027,-0.8619630514426927,-1.570320110826519,-0.7061201274760499
2022-12-12 00:00:00-05:00,91.9500324704772,92.79306329851202,90.85905095379364,92.54511260986328,29420000.0,0.0051573508664110946,0.3232189885503926,-0.024260062971447227,0.033791042344013755,0.007511376314966518,0.11923940239933307,0.0170439922038345,0.2705649883144187,0.02403674465249621,0.3815714920683998,39.49482933827203,1.9340123447183828,2.3201165327803146,1.2346119386386956,96.09243446576312,-0.03833073142235035,96.24205932617187,102.05897010630486,90.42514854603888,0.12088084608453815,0.18222422037698258,94.4788435301763,95.27675647348923,-0.7979129433129231,-0.0018977573853024565,-0.7960151859276205,-1.2711031184920711,-0.5798708922775532
2022-12-13 00:00:00-05:00,96.95862907976988,98.71411643899027,94.25100451872916,94.84608459472656,40593700.0,0.024559186037823418,1.228394314642213,0.005890345296996502,0.059494444280148606,0.012614475893795126,0.20024859680640678,0.01761270868555681,0.27959308257726384,0.024232691409100483,0.38468205039750747,48.54183341903937,6.169003829126993,2.5950370539479346,1.6292463806855375,95.93181873643441,-0.01144732696502068,96.10171890258789,101.91074141810626,90.29269638706953,0.12089320736097542,0.3919237871339803,94.53534215549173,95.24485485284013,-0.7095126973484014,-0.14342074537792227,-0.5660919519704791,-0.4323048514640783,-0.06517154578858607
2022-12-14 00:00:00-05:00,94.41961155521663,96.0759277719066,92.83272878989904,94.29067993164062,28733600.0,-0.00587306503772884,-0.20958036258472,0.04633486798548536,0.0749660019561651,0.011731821572195407,0.18623689383487108,0.017295201699080155,0.27455281542280713,0.024236936041493278,0.38474943184781685,46.72568697289453,3.24319898200757,2.641334334523623,1.1308476299942873,95.77512322254515,-0.015743266375645208,95.93360824584961,101.74821823489151,90.11899825680771,0.12122154259309759,0.3587241175843936,94.49770181336079,95.17417522904758,-0.676473415686786,-0.25003127943969505,-0.42644213624709093,-0.5651035296624262,-0.18310585564114293
2022-12-15 00:00:00-05:00,92.3665929050936,92.8724144565508,89.2721729828965,90.11520385742188,40107000.0,-0.04529345588590245,-2.047030836171227,0.006647330146298813,0.0206696408164162,0.02561113802107788,0.40656421198273796,0.01972960888884028,0.3131978315066446,0.024799646154842384,0.39368217796867305,35.86251617297877,5.018506948744118,2.8111323783965156,1.4893506803120853,95.33768429649125,-0.05795337762684592,95.60631408691407,101.96039606043668,89.25223211339146,0.13292180614234794,0.06790687841504181,93.82347135860095,94.79943660892717,-0.9759652503262117,-0.3952180736169984,-0.5807471767092134,-1.728372486339831,-1.0791914183458504
2022-12-16 00:00:00-05:00,90.01603543379798,90.58136279738196,88.7861943608194,89.52013397216797,58011800.0,-0.006625334070242146,-0.23821171680444095,0.0,0.007591208106494163,0.025504863654804692,0.4048771587193389,0.019687095108440692,0.3125229461652615,0.02461580812032819,0.39076383964363626,34.626961539679485,1.7951684365625624,2.738563525408376,1.976908610940202,94.74077009128295,-0.05831801056886369,95.24926643371582,102.134148133289,88.36438473414263,0.14456555850462932,0.08393384871790788,93.16141945299589,94.40837715435241,-1.2469577013565214,-0.565565999164903,-0.6813917021916184,-1.6642646051283683,-1.1692232928454858
2022-12-17 00:00:00-05:00,90.01603543379798,90.58136279738196,88.7861943608194,89.52013397216797,58011800.0,0.0,0.07255852219900732,0.0,0.028486873222172582,0.02506070954811454,0.3978264308587977,0.019687095108440692,0.3125229461652615,0.02461580812032819,0.39076383964363626,34.626961539679485,1.7951684365625624,2.6711781619193893,1.8265550700601145,94.23465235876745,-0.052664335690842855,94.89221878051758,102.19668953690376,87.5877480241314,0.1539529974165989,0.13227419292130882,92.60122168671467,94.0462850667832,-1.4450633800685324,-0.7414654753456289,-0.7035979047229035,-1.4709032283147634,-1.1307896202372003
2022-12-18 00:00:00-05:00,90.01603543379798,90.58136279738196,88.7861943608194,89.52013397216797,58011800.0,0.0,0.07255852219900732,0.020579134442638702,0.0115435061064606,0.019117435692590418,0.3034798832871846,0.019687095108440692,0.3125229461652615,0.02461580812032819,0.39076383964363626,34.626961539679485,1.7951684365625624,2.608606038679616,1.7395395475838213,93.78415801916725,-0.04763201145705365,94.60509223937989,102.28981219555241,86.92037228320736,0.16245890732240567,0.16915136164932262,92.12720819216902,93.71101461533023,-1.5838064231612066,-0.9099336649087444,-0.6738727582524622,-1.3233945534027087,-1.0932459771068086
2022-12-19 00:00:00-05:00,89.5201151224369,89.81765139665094,87.4869165311304,87.71503448486328,29493000.0,-0.020370245036077934,-0.8882289154487997,-0.006515339148384536,-0.0088534323613354,0.019138953500903656,0.3038214679045205,0.019887478487880063,0.3157039336984651,0.02430070129233877,0.38576167382396576,30.628978641410924,2.33073486552054,2.588758097739682,0.8720449325047038,93.50097741815924,-0.06596295569255484,94.27035865783691,102.55102304173107,85.98969427394275,0.1756790681989364,0.104178851534927,91.44841223719891,93.26686793899934,-1.8184557018004313,-1.0916380722870818,-0.7268176295133495,-1.583284593860292,-1.4322706581468125
2022-12-20 00:00:00-05:00,87.38773902543626,88.44896764240224,86.7232330132954,88.29027557373047,23453800.0,0.00653665661462413,0.37493211362598267,-0.00625142655563482,-0.0023534265853150105,0.010220766998682598,0.1622496461211011,0.01997833547002939,0.3171462435763108,0.024291935309234,0.38562251815621246,33.272980255182304,1.7257346291068387,2.5271135642659077,0.7148190749271125,92.87168066935342,-0.05189025706230877,93.67676429748535,101.8808148389253,85.4727137560454,0.17515657384122912,0.17171772671640217,90.96254505820377,92.89823146749795,-1.9356864092941777,-1.260447739688501,-0.6752386696056767,-1.3131290931343909,-1.2653116385883962
2022-12-21 00:00:00-05:00,88.349786515183,89.48044099017838,87.59601434290138,88.84568786621094,24745600.0,0.006271048542308658,0.364871446877308,0.020738236844033642,0.003922521324291495,0.011017740358878375,0.1749012059968303,0.014235660945109497,0.22598411165636664,0.024283435433004843,0.3854875868041494,35.816624957479846,1.884426647276996,2.481207355909557,0.7587475771335062,92.39830909413625,-0.03998642267562901,93.1109405517578,100.98603641930112,85.2358446842145,0.16915511369291258,0.22919360238357042,90.6368747209741,92.59804305258781,-1.961168331613706,-1.4005918580735421,-0.5605764735401639,-1.0832255904657193,-1.1092280950540077
2022-12-22 00:00:00-05:00,87.43734154375588,87.8142238968935,85.61242039304902,87.04061889648438,27658300.0,-0.02052612711884967,-0.8989284896961501,-0.016474072306464915,0.004234149841829016,0.01378883664510615,0.2188909957910704,0.01452579006602659,0.23058976866863315,0.02438942118103045,0.38717005839490687,31.60051544091681,3.2332674731619164,2.534925935713297,0.8401000831495058,91.93777445589082,-0.05626287613178083,92.48213768005371,100.17626034239244,84.78801501771498,0.1663915401470694,0.14638471321723664,90.08360459412953,92.18638200398756,-2.102777409858035,-1.5410289684304408,-0.5617484414275944,-1.414461147131054,-1.4508951795613616
2022-12-23 00:00:00-05:00,86.39592615313117,88.8159269482654,86.3562531406212,88.49855041503906,23003000.0,0.016611278822795294,0.847533482107593,0.0,0.037316702902205456,0.017087357922674462,0.27125339775927526,0.01539164541703876,0.24433479624942958,0.02444339621564968,0.3880268855065584,37.953429942471075,2.4596738076441937,2.5295507837083613,0.6970872221181779,91.56797146021424,-0.034683291768964064,91.92623138427734,99.03418728821386,84.81827548034083,0.15464477977397487,0.25888419852605093,89.83975010503869,91.91320929369508,-2.0734591886563862,-1.6475150124756301,-0.4259441761807561,-0.9644632058957964,-1.104158279323428
2022-12-24 00:00:00-05:00,86.39592615313117,88.8159269482654,86.3562531406212,88.49855041503906,23003000.0,0.0,0.0655405860901321,0.0,0.008818445533399055,0.013815696033096854,0.2193173753570152,0.01539164541703876,0.24433479624942958,0.02444339621564968,0.3880268855065584,37.953429942471075,2.4596738076441937,2.5245595711323494,0.6954830187464163,91.19987051614247,-0.03052389093871932,91.37032508850098,97.63484243521796,85.10580774178399,0.13712367424870595,0.27079042849431084,89.63341169119259,91.66027159897982,-2.0268599077872267,-1.7233839915379496,-0.30347591624927706,-0.916838286022756,-1.0854198781915225
2022-12-25 00:00:00-05:00,86.39592615313117,88.8159269482654,86.3562531406212,88.49855041503906,23003000.0,0.0,0.0655405860901321,0.0,0.01133387609739267,0.013559795283555427,0.21525507689540535,0.01539164541703876,0.24433479624942958,0.02444339621564968,0.3880268855065584,37.953429942471075,2.4596738076441937,2.5199248737403384,0.6969602860194366,90.82975051488297,-0.02634167552927237,90.86202583312988,96.2184595406554,85.50559212560435,0.11790258159911016,0.2793797564627517,89.45881764870744,91.42607002979902,-1.9672523810915834,-1.7721576694486765,-0.19509471164290693,-0.8824809741489927,-1.0540690650418305
2022-12-26 00:00:00-05:00,86.39592615313117,88.8159269482654,86.3562531406212,88.49855041503906,23003000.0,0.0,0.06695318703386205,0.021055085143364405,0.01133387609739267,0.013173754886056616,0.2091268755685671,0.015410500551567128,0.24463411223082196,0.0243629063098929,0.3867491478644576,37.95342994247109,2.4596738076441937,2.5156212261620423,0.6989803662270603,90.54559384907871,-0.023130813153881727,90.47770195007324,95.30267276603168,85.6527311341148,0.10665546785485154,0.2949053361640866,89.31108422814307,91.20921672500198,-1.8981324968589064,-1.7973526349307225,-0.10077986192818389,-0.8203786553436541,-1.0345494706336573
2022-12-27 00:00:00-05:00,88.07207507742031,88.21092683791771,86.29674749179976,86.67362976074219,20097300.0,-0.020836489875414844,-0.907040951514434,0.01592628840054977,-0.009520748867928863,0.013290254068010512,0.21097624274892193,0.015137397326586016,0.2402987329375235,0.024321528162744063,0.3860922901420468,32.82105563798143,2.201802923239299,2.493205633096132,0.6210161560053841,90.2519140740071,-0.041284578979126345,90.1032958984375,94.8865293905809,85.32006240629408,0.10617222032665638,0.14149083007042973,88.90532200238908,90.873247320242,-1.9679253178529166,-1.8314671715151614,-0.13645814633775522,-1.4340366797182824,-1.3904224177804159
2022-12-28 00:00:00-05:00,86.26701779431262,87.31832642526183,85.23554189153839,85.31488037109375,19523200.0,-0.015800795737494003,-0.6697443928375839,-0.02747305359016583,-0.025048113784457593,0.010190268848881091,0.16176550300216683,0.014888287890296944,0.23634424323156125,0.02128486793379879,0.3378868034501089,29.610414023236217,2.0827845337234407,2.463889840283797,0.6153408774829245,89.96346101034308,-0.05448733701588072,89.72194862365723,94.76157974098207,84.68231750633238,0.11233886901997205,0.06275884583960856,88.35294636680518,90.46151643511992,-2.1085700683147337,-1.8868877508750759,-0.22168231743965783,-1.7489646166415636,-1.619720945984101
2022-12-29 00:00:00-05:00,85.9099593646084,88.12167532237186,85.9000392181079,87.7249526977539,23333500.0,0.027857495482831028,1.3744779345496463,0.0024934422790650057,-0.0075180928385202295,0.019002944297506805,0.3016623887352961,0.016346051197587426,0.2594855183204751,0.021309003830932153,0.3382699489390148,40.692559875336194,2.806794951278107,2.4883830624976766,0.7411493110854604,89.78612097802007,-0.023495803837793722,89.5047435760498,94.49263351307881,84.5168536390208,0.11145532041641865,0.32158879799220125,88.25633195618191,90.25880801012985,-2.0024760539479445,-1.9100054114896496,-0.09247064245829484,-0.7136448080311952,-1.0625722871819887
2022-12-30 00:00:00-05:00,86.26700621056507,87.57618553312793,85.86036345245435,87.50675964355469,23986300.0,-0.0024903388096761316,-0.060748476244885524,0.0,0.0017031165871992382,0.018978034256512656,0.30126695409358245,0.01627415503766474,0.25834420216421944,0.020556754180007627,0.3263283559379261,40.077368584786434,1.8645892452995554,2.4438263612692395,0.7670484752519954,89.59567216847357,-0.02387144185692335,89.27662887573243,94.18743320310413,84.36582454836072,0.11001321150258137,0.31979843685555837,88.14101313885465,90.05495257556873,-1.913939436714088,-1.9107922165345375,-0.0031472201795506027,-0.7208062525777666,-1.0767392581947828
2022-12-31 00:00:00-05:00,86.26700621056507,87.57618553312793,85.86036345245435,87.50675964355469,23986300.0,0.0,0.0572584306853725,0.0,0.023549968364568574,0.018978034256512656,0.30126695409358245,0.01627415503766474,0.25834420216421944,0.020556754180007627,0.3263283559379261,40.077368584786434,1.7158220806735756,2.3918260555124062,0.7722830295293305,89.40262400657116,-0.021665347577021286,89.04851417541504,93.83544969822529,84.26157865260478,0.10751297912462766,0.3389622625462861,88.04343567803926,89.8661975435677,-1.8227618655284346,-1.893186146333317,0.0704242808048825,-0.6441509498148564,-1.061758128389404
2023-01-01 00:00:00-05:00,86.26700621056507,87.57618553312793,85.86036345245435,87.50675964355469,23986300.0,0.0,0.0572584306853725,0.0,0.010189986972860332,0.015918573550970844,0.25269952105655535,0.01627415503766474,0.25834420216421944,0.020556754180007627,0.3263283559379261,40.077368584786434,1.7158220806735756,2.3435400573096326,0.7790981108584994,89.17862426823864,-0.019105548319855878,88.79659652709961,93.33245661421364,84.26073643998558,0.10216292661013744,0.3578178274050789,87.9608701342724,89.69142436578895,-1.7305542315165496,-1.8606597633699637,0.1301055318534141,-0.5687286903796851,-1.071924370218938
2023-01-02 00:00:00-05:00,86.26700621056507,87.57618553312793,85.86036345245435,87.50675964355469,23986300.0,0.0,0.06283301235007621,-0.009986634022088992,0.010189986972860332,0.012782246618130707,0.2029118744896215,0.01619279874029272,0.2570527109816071,0.02043797511636898,0.3244427967578323,40.077368584786434,1.7158220806735756,2.2987030589784854,0.80069379687047,88.72770131593933,-0.01395254123633372,88.42963027954102,91.98670523800884,84.8725553210732,0.08044984350207746,0.37027675171851787,87.89100698185428,89.52959734932716,-1.6385903674728866,-1.8162458841905484,0.1776555167176619,-0.5188929931259288,-1.1197141174315457
2023-01-03 00:00:00-05:00,88.85561394606133,90.30365276991353,87.7943851962897,88.38947296142578,28131200.0,0.010036834956850047,0.5342192277454699,0.01180766948306955,0.02038015009526606,0.004887482033679686,0.07758637199047597,0.01525491908996072,0.24216433309468696,0.019740933060037408,0.31337759715139374,44.63217692049796,2.796893126358839,2.3342880637913677,0.9400010525691459,88.44474538126443,-0.0006253280847456328,88.13456993103027,90.38280728206608,85.88633257999446,0.05101828607764627,0.5566895284161326,87.96769405563451,89.44514369096409,-1.4774496353295774,-1.7484866344183543,0.2710369990887769,0.22675811366453022,-0.9465571242573173
2023-01-04 00:00:00-05:00,89.60936749638965,89.90691131674406,86.55461353258538,87.35797882080078,34854800.0,-0.01173850288558417,-0.5146801556473467,0.021809707303099612,0.000681588612724715,0.007712836235749813,0.1224374794965693,0.015356641539987559,0.24377912692782625,0.019152954017210903,0.3040437192107734,40.73558473970126,3.3522977841586794,2.407003043817604,1.1749799800533742,88.26797298734252,-0.010416840897938194,87.99670867919922,90.06447032907455,85.92894702932388,0.04699634067936718,0.34555041475961623,87.87389171181394,89.29053888576681,-1.4166471739528674,-1.682118742325257,0.2654715683723896,-0.6177983409615346,-1.1891754729658672
2023-01-05 00:00:00-05:00,86.75298665837843,86.85216541875592,85.19585666320351,85.49339294433594,27194400.0,-0.02157527806820045,-0.9810554445597355,-0.013052593233972676,-0.025107476389558903,0.012203072222572145,0.19371776599131685,0.012798909555053913,0.20317639041288604,0.018608044180797454,0.29539354372615617,34.818040432359254,2.162122157597267,2.3895115519447234,0.9669706199078024,88.00468031103799,-0.029374051961385234,87.79537162780761,90.01700282194834,85.57374043366688,0.05060930099046509,-0.018082994500359342,87.50766113220193,89.0092688160312,-1.5016076838292634,-1.6460165306260583,0.144408846796795,-2.07233197800144,-1.5998450157978599
2023-01-06 00:00:00-05:00,86.07857453002329,86.9711986526789,84.16439463188344,86.62406158447266,41381500.0,0.01313852691974237,0.6895244005851869,0.0,-0.04567292437652415,0.014629478041013024,0.2322357642432051,0.013201265720258188,0.20956359652251083,0.01808711844047769,0.2871241039636463,40.46574685607743,2.806804020795454,2.419318156862633,1.5162624057500098,87.7389477927997,-0.012870398685241206,87.65056800842285,89.77422497510027,85.52691104174544,0.04845734636821387,0.25831632884753886,87.37172274024358,88.83258679887871,-1.4608640586351243,-1.6089860362278716,0.14812197759274737,-0.9667346846098415,-1.3371527436970068
2023-01-07 00:00:00-05:00,86.07857453002329,86.9711986526789,84.16439463188344,86.62406158447266,41381500.0,0.0,0.05151786959950697,0.0,-0.041588789701213935,0.014629478041013024,0.2322357642432051,0.013201265720258188,0.20956359652251083,0.01808711844047769,0.2871241039636463,40.465746856077445,2.806804020795454,2.4469957185721207,1.5639110190317445,87.45651396224252,-0.009609943964103914,87.50576438903809,89.48253430161017,85.52899447646601,0.045180335864129936,0.2769839577793339,87.25669794704805,88.66899233855233,-1.4122943915042754,-1.5696477072831525,0.15735331577887712,-0.8920641688826634,-1.3225517780171128
2023-01-08 00:00:00-05:00,86.07857453002329,86.9711986526789,84.16439463188344,86.62406158447266,41381500.0,0.0,0.05151786959950697,-0.007725399230545049,-0.05188880483679148,0.013176662971596882,0.20917303999535217,0.013201265720258188,0.20956359652251083,0.01808711844047769,0.2871241039636463,40.46574685607743,2.806804020795454,2.4726963115880736,1.5295499597297177,87.37875910006458,-0.008712331213608296,87.45121574401855,89.46356113571515,85.43887035232196,0.04602212501166373,0.2944800721190986,87.1593692758826,88.51751598639828,-1.3581467105156833,-1.5273475079296588,0.16920079741397553,-0.8220797115236084,-1.3227540809108083
2023-01-09 00:00:00-05:00,87.63569405206921,89.31184316795068,87.13979266316744,87.29847717285156,29003900.0,0.007755394711758806,0.43162935264715957,-0.004523860998217777,-0.04450724181794041,0.013211423193181908,0.20972484140634104,0.01261167674235069,0.20020416165478286,0.01790102228743288,0.284169919118232,44.075621886453575,2.687781583478028,2.4880595452944987,1.061162486218176,87.33539080480188,-0.00042284393892946706,87.40162582397461,89.37542317151133,85.4278284764379,0.045166147172408695,0.4738705061966523,87.18077049080091,88.42721681502444,-1.2464463242235269,-1.4711672711884325,0.22472094696490563,-0.10451797521339072,-1.1401526794812133
2023-01-10 00:00:00-05:00,85.2752044746708,87.94314874861813,85.12643254757823,87.69519805908203,30467800.0,0.004534124623222869,0.27528466541040275,-0.03387234009647655,-0.040165082067980085,0.005567948805179807,0.08838844710746997,0.012565467324482443,0.1994706098873322,0.017900649448049335,0.28416400047650503,46.14432826543386,2.8167162010398954,2.5115350207048843,1.1031741448289458,87.28757709664555,0.004648156016043885,87.34410133361817,89.2044973859068,85.48370528132953,0.04259923735851825,0.594360747818172,87.2599131936134,88.37299320347314,-1.1130800098597433,-1.3995498189226947,0.2864698090629514,0.37744299127268904,-1.0199234940549269
2023-01-11 00:00:00-05:00,88.44896825112974,90.8491290549015,88.28036360214634,90.76978302001952,26862000.0,0.03445930039183452,1.7371151761021633,0.004279596356041804,-0.0065133648819576395,0.014414032984896264,0.22881568000510527,0.01463942476279015,0.23239366355630084,0.01827132214866506,0.2900482471782844,58.84901680689868,3.153930995819465,2.557420447498783,0.9740199699113331,87.469547645978,0.03635830409899343,87.53055953979492,89.9317855057458,85.12933357384405,0.05486600288118065,1.1744936807606696,87.79989316690664,88.55053318988398,-0.7506400229773362,-1.2697678597336233,0.519127836756287,2.697974723042676,-0.3387253146494438
2023-01-12 00:00:00-05:00,90.730117356761,91.11691981733598,89.01429529901861,90.38298034667967,30258100.0,-0.004270464926840454,-0.16248853289317697,-0.010746968550552016,-0.0017526891560278868,0.015211036799949174,0.24146772333670358,0.013851745390961455,0.219889641172015,0.015758533875195567,0.25015896996452663,57.026396695105326,2.10262451831737,2.524935023985825,1.0829188176833209,87.58494119287326,0.030957588951747852,87.62478103637696,90.31627655020421,84.93328552254971,0.06143229077422491,1.0123915860406942,88.19729119456403,88.68627001631329,-0.48897882174925655,-1.11361005213675,0.6246312303874935,2.049566344162772,-0.40490323819124313
2023-01-13 00:00:00-05:00,90.10528201196576,91.43430168612431,89.39118279204233,91.36487579345705,26329200.0,0.010805134329640307,0.5771055804828832,0.0,0.01097448963224501,0.014450861328451544,0.2294003118345796,0.0135968092123744,0.21584265479960804,0.015461428590107639,0.245442569779253,60.38085578477471,2.043118894081985,2.4905195861355507,0.9367303559487832,87.72459564013523,0.03984332186420489,87.76809730529786,90.92116592877274,84.61502868182298,0.07184999379688169,1.0703615933666728,88.68461190208603,88.88468525906467,-0.20007335697863482,-0.9309027131051271,0.7308293561264922,2.2814463734666868,-0.17888116655147182
2023-01-14 00:00:00-05:00,90.10528201196576,91.43430168612431,89.39118279204233,91.36487579345705,26329200.0,0.0,0.044645898937631316,0.0,-0.009994728956250531,0.015235058187469178,0.24184905104185142,0.0135968092123744,0.21584265479960804,0.015461428590107639,0.245442569779253,60.38085578477471,2.043118894081985,2.45856239384601,0.9312204044264907,87.86260716159812,0.038332768489460746,87.91141357421876,91.44221670260418,84.38061044583333,0.08032638732181384,0.9890476888210833,89.09696019306618,89.06840307642706,0.02855711663912075,-0.7390107471562776,0.7675678637953983,1.9561907552843307,-0.15799406586833006
2023-01-15 00:00:00-05:00,90.10528201196576,91.43430168612431,89.39118279204233,91.36487579345705,26329200.0,0.0,0.044645898937631316,0.0,-0.060191744670257896,0.015702946142069615,0.24927654205774405,0.0135968092123744,0.21584265479960804,0.015461428590107639,0.245442569779253,60.38085578477471,2.043118894081985,2.4288878581485798,0.9257748941418258,87.99900457934089,0.03683988168194058,88.05472984313965,91.90418890412158,84.20527078215773,0.08743332851828266,0.9299494939261715,89.445870285434,89.23851216657742,0.2073581188565754,-0.549736973953707,0.7570950928102824,1.7197979757046835,-0.13544668678386543
2023-01-16 00:00:00-05:00,90.10528201196576,91.43430168612431,89.39118279204233,91.36487579345705,26329200.0,0.0,0.03924549740469551,0.009091990732993382,-0.060191744670257896,0.005622442034653873,0.0892535003074209,0.0135968092123744,0.21584265479960804,0.015438031558336361,0.24507115341434973,60.38085578477471,2.043118894081985,2.401332932143823,0.9157418830214626,88.1994394598935,0.03464609682958969,88.28929214477539,92.35030915126303,84.22827513828774,0.09199342089703141,0.8786716041533787,89.74110190205292,89.39602058338332,0.34508131866959957,-0.3707733154290457,0.7158546340986452,1.5146864166135152,-0.11386394661270248
2023-01-17 00:00:00-05:00,91.30535652243567,91.49380146174484,89.3118384915669,90.54167175292967,32602400.0,-0.009050907416904496,-0.40383929672094343,0.0018655374500435862,-0.06865948401089217,0.007036589915198233,0.11170240196135763,0.012850743463783372,0.20399922820475747,0.015023906239979078,0.2384971177904168,55.49587961614832,2.181962970177935,2.38566364914626,1.108709084930046,88.42503871914151,0.023377445907604124,88.55063171386719,92.47616089564,84.62510253209437,0.08866179960087335,0.7536014823564889,89.8642664944955,89.48088363297934,0.38338286151615364,-0.21994208004000582,0.6033249415561595,1.0144059294259573,-0.2804878501379669
2023-01-18 00:00:00-05:00,91.38471295870488,92.03930646438202,89.89700870055337,90.37307739257812,29116700.0,-0.001863799496197847,-0.04896523526349341,-0.020741590221651673,-0.08688237803506493,0.003923216417418951,0.0622791298798579,0.012225872533405503,0.19407970970499708,0.01500844561881603,0.23825168803814475,54.522991068900886,2.142297763828651,2.3682803716235736,0.9805289731667637,88.54804963924072,0.020194374320236318,88.6830379486084,92.6694724758453,84.6966034213715,0.08990297625002482,0.7119738117386234,89.94254509420051,89.5469720596163,0.395573034584217,-0.09683905711516125,0.4924120916993783,0.8478952469544923,-0.2982271980115963
2023-01-19 00:00:00-05:00,89.9763594126032,92.84266916002711,89.88709321771738,92.28726196289062,37000400.0,0.020959718494162068,1.0736393331732013,-0.05070378631528427,-0.04759446716661553,0.011230783826754943,0.17828316620351936,0.011593707023721301,0.18404439334865633,0.015259414056978443,0.24223568848396898,62.55039389931964,2.9555759423097356,2.410230055244014,1.2193005278031293,88.81716455671639,0.03760104409175758,88.9220630645752,93.17584221685287,84.66828391229753,0.09567432436174088,0.89555402124174,90.30327076630668,89.74995649689588,0.5533142694108051,0.033191608190032015,0.5201226612207731,1.5822160849669604,0.1638907537433335
2023-01-20 00:00:00-05:00,94.32044460307483,97.49421809768434,94.24109856316726,97.2165069580078,63191100.0,0.05203439663629429,2.5801709967449136,0.0,0.029405487152185383,0.024806805121607985,0.3937958230429088,0.015787357851509913,0.25061653640326925,0.016608547523244754,0.26365251830702024,74.8578225717079,5.206956134793714,2.6099962037832785,1.9560274482922357,89.68727896636223,0.07744804074165906,89.40755043029785,94.9900471777905,83.82505368280519,0.12487752366831191,1.1994143374304067,91.36684556502993,90.30303430883009,1.0638112561998412,0.23931553779199388,0.8244957184078473,2.7976573497216246,1.2968788291649263
2023-01-21 00:00:00-05:00,94.32044460307483,97.49421809768434,94.24109856316726,97.2165069580078,63191100.0,0.0,0.03280286005177558,0.0,0.005127170374469747,0.024806805121607985,0.3937958230429088,0.015787357851509913,0.25061653640326925,0.016608547523244754,0.26365251830702024,74.85782257170791,3.253119534517083,2.6559335845499787,1.844130090767618,90.45784108877561,0.06952179296208989,89.89303779602051,96.39296684803901,83.393108744002,0.1446147379459513,1.0633499306975547,92.2667934716419,90.81514339395436,1.451650077687546,0.4817824457711043,0.9698676319164418,2.2533997227902165,1.2874060503116298
2023-01-22 00:00:00-05:00,94.32044460307483,97.49421809768434,94.24109856316726,97.2165069580078,63191100.0,0.0,0.03280286005177558,-0.01773727076241094,-0.013585686793323504,0.02312173015138517,0.3670460871726539,0.015787357851509913,0.25061653640326925,0.016608547523244754,0.26365251830702024,74.85782257170791,3.253119534517083,2.6985897238333436,1.7443424759046013,91.1450115278318,0.062453338637218817,90.37852516174317,97.54435102572259,83.21269929776375,0.1585736401685095,0.9771244742798753,93.02828785415973,91.28931847277313,1.738969381386596,0.7332198328942027,1.0057495484923935,1.9084978971195006,1.2920451370907415
2023-01-23 00:00:00-05:00,97.1470790758333,99.21995081656388,96.70077085248676,98.97200012207033,40005100.0,0.017896461363003872,0.9020397890525182,0.02139210230063382,0.004226551456665506,0.021301127804135737,0.3381449208896792,0.015985146043841873,0.25375632661832154,0.0165755583586453,0.2631288315540807,78.06440418020797,2.519179964077125,2.685774740993614,1.0865043219705808,91.67547861343368,0.07372308834455445,90.90765151977538,98.9627254443478,82.85257759520297,0.1772144322267564,1.0005757040723262,93.94270512614598,91.8584060023507,2.084299123795276,1.0034356910744173,1.0808634327208586,2.002302816289306,1.6800763431436354
2023-01-24 00:00:00-05:00,97.29584675272618,98.79347100071968,96.40322277819844,96.8991241455078,33078500.0,-0.021166502971861123,-1.000848242055381,0.02604478618751882,-0.01680603443604456,0.027387452174445277,0.4347623249835442,0.016996029956974218,0.2698036112493456,0.016696707289778744,0.26505201121436295,67.17064461864638,2.5687773438718864,2.6774177840563476,0.9005560532403043,92.11553501577096,0.04936669110190924,91.38470878601075,99.68113694476793,83.08828062725357,0.18157147446153935,0.8323367149076307,94.3975388214324,92.23179253147345,2.1657462899589603,1.235897810851326,0.9298484791076342,1.3293468596305242,1.2016621724705945
2023-01-25 00:00:00-05:00,94.78659786716852,95.3717654821698,92.9914371339382,94.43946838378906,42330000.0,-0.02571139705078119,-1.2312903605590075,-0.023584794408742615,-0.017742867878144386,0.01775806407186424,0.2819005278006229,0.017907549334441396,0.284273532777313,0.01690596468409644,0.268373869366559,57.005229269464685,3.9076870115695925,2.7652941574501506,1.1291620846418085,92.48693048300497,0.020675020033459394,91.8320125579834,99.7469320007914,83.9170931151754,0.172378220237969,0.6647177741129734,94.40398952333344,92.39532407608942,2.008665447244013,1.3904513381298635,0.6182141091141495,0.6588710964518938,0.6507871933703698
2023-01-26 00:00:00-05:00,95.70896843494371,96.77019710869844,94.59814659536164,96.7206039428711,30114000.0,0.02386736746777761,1.1938893671376176,-0.018617402572872033,-0.013354933006251124,0.0223259971820357,0.35441421789117183,0.01743860010986502,0.27682919462283895,0.01718320801886701,0.2727749708652779,62.65057992249756,2.3307287249093775,2.734253769411524,0.8155538584033408,92.98809657809473,0.03859061267835969,92.33683967590332,100.14030483724528,84.53337451456136,0.1690217076679611,0.7808857460327213,94.76039174172384,92.71571517733251,2.044676564391324,1.5212963833821558,0.523380181009168,1.1235429841308862,1.1778041778622992
2023-01-27 00:00:00-05:00,96.51233145386188,99.4976601059748,96.51233145386188,98.55545043945312,33879800.0,0.01879288787898168,0.9380098419714746,0.0,-0.01055450603171515,0.024056090575778066,0.38187859907972016,0.01759926044035632,0.2793795983030395,0.017297551032629237,0.27459010993671285,66.464829682013,2.9853286521129263,2.7521876896044812,0.9269562126884584,93.6064004727437,0.050215893130637554,92.93340911865235,100.7222568788052,85.1445613584995,0.16762212500368878,0.860903274394623,95.34424692598989,93.14828815971183,2.1959587662780677,1.6562288599613382,0.5397299063167296,1.443613097578492,1.5650046993250306
2023-01-28 00:00:00-05:00,96.51233145386188,99.4976601059748,96.51233145386188,98.55545043945312,33879800.0,0.0,0.017808858803450407,0.0,-0.07768684094466527,0.022518675281376084,0.3574728878948314,0.01759926044035632,0.2793795983030395,0.017297551032629237,0.27459010993671285,66.464829682013,2.9853286521129263,2.7688406154979415,0.9365676252535285,94.23752649154636,0.04381212737249322,93.52997856140136,101.10897710796364,85.95098001483909,0.1620656534543467,0.8315393087343474,95.83827823575348,93.54881869895192,2.2894595368015587,1.7828749953293825,0.5065845414721761,1.3261572349373887,1.523057912079408
2023-01-29 00:00:00-05:00,96.51233145386188,99.4976601059748,96.51233145386188,98.55545043945312,33879800.0,0.0,0.017808858803450407,0.025067122468599212,-0.051631856205921034,0.019534885739807894,0.3101066973455623,0.01759926044035632,0.2793795983030395,0.017297551032629237,0.27459010993671285,66.464829682013,2.9853286521129263,2.784304046684726,0.9302979483486633,94.7146912796501,0.03897054036765397,94.09282722473145,101.3900303773041,86.7956240721588,0.15510647023378304,0.8057762762948681,96.25630472863034,93.91968030935942,2.336624419270919,1.8936248801176898,0.4429995391532291,1.2231051051794724,1.5452017737753574
2023-01-30 00:00:00-05:00,96.68093725731848,97.48429507886306,95.60978845068932,96.1453628540039,27226200.0,-0.024758095781519267,-1.1850045886021037,-0.019222956566134486,-0.07482337204398015,0.019181304100483677,0.3044937628306998,0.018837114640560697,0.29902992454162475,0.017485454016477275,0.2775729773319262,56.92735479259897,2.9456619887638027,2.7958296139760885,0.7509402888806849,95.06334978424745,0.011253928818173853,94.51533546447754,101.2062020608916,87.82446886806349,0.14158266621036827,0.6218098856133202,96.23923674791858,94.08454568303678,2.1546910648818027,1.9458381170705126,0.20885294781129016,0.48723954245328066,1.0388846757293908
2023-01-31 00:00:00-05:00,96.07593999568378,98.0694581762873,96.02634682892344,98.02978515625,29870700.0,0.019410120034691516,0.9738744290069686,-0.015831912237883605,-0.05669016811729122,0.018074398806542134,0.28692218603467873,0.019112347968112307,0.3033991181649348,0.017611710014513924,0.2795772291659376,61.570729628763644,2.043111347363862,2.742064023503787,0.8204753096830298,95.34344103627822,0.02740334599009888,94.87833557128906,101.5009978928888,88.25567324968931,0.1396032567755925,0.7379292067090996,96.51470573381573,94.37678564401554,2.1379200898001898,1.9842545116164483,0.1536655781837415,0.9517168268363984,1.4967218594371423
2023-02-01 00:00:00-05:00,97.90084854753133,100.360522697024,96.78011416406396,99.60675048828124,35531100.0,0.015958575621651885,0.7986765668716079,-0.06784844170011639,-0.02400381437971233,0.017477666008504086,0.2774493465380923,0.018100914434136733,0.2873431085735114,0.016068914760605933,0.25508611377154977,64.97367778020434,3.5804085329600355,2.8019457741792335,0.9689358370536536,95.75463860725337,0.0386732009843155,95.33952407836914,101.92865642798768,88.7503917287506,0.1382245697849775,0.8238079145700525,96.99040492681043,94.76419044729448,2.2262144795159458,2.032646505196348,0.1935679743195977,1.2952316582802088,1.8657233283944565
2023-02-02 00:00:00-05:00,104.93272708957907,106.9659180535198,104.74428215805406,106.85681915283205,69883800.0,0.07025986131553538,3.396229250818869,0.028249607503627816,0.0009289685983029372,0.0349028437803067,0.5540654681497742,0.022964232773424357,0.3645458938072796,0.018351195710319446,0.29131620066108344,75.64957520329561,7.359167565238565,3.1274616163977575,1.7989052707014732,96.9019852219638,0.09316049279578816,96.11412124633789,104.2067351720401,88.02150732063568,0.16839594059151952,1.1637347342355762,98.50831480773684,95.65994072177875,2.848374085958085,2.1957920213486957,0.6525820646093892,2.654938936942305,3.2876245073086823
2023-02-03 00:00:00-05:00,102.08625562934304,106.92625024321528,101.73912618609936,103.92108917236328,65309300.0,-0.027857946415342973,-1.3390701567265821,0.0,0.05444284115170772,0.03998387221231867,0.6347242939630872,0.02424023095192649,0.3848017369294079,0.01869267552423274,0.2967370246532625,66.77437141691628,5.187124057115923,3.274580362163341,1.6008372191411788,97.64248200547804,0.06041706468714501,96.7419319152832,105.22212421474347,88.26173961582293,0.17531575257120904,0.9232897677059164,99.34104932537169,96.27187764404427,3.0691716813274184,2.3704679533444404,0.698703727982978,1.693159070823666,2.5301718676877036
2023-02-04 00:00:00-05:00,102.08625562934304,106.92625024321528,101.73912618609936,103.92108917236328,65309300.0,0.0,0.013381127526801753,0.0,0.1028312610025901,0.03582697521743997,0.5687355999181225,0.02424023095192649,0.3848017369294079,0.01869267552423274,0.2967370246532625,66.77437141691628,5.187124057115923,3.4111906260885254,1.5278469525899168,98.31545280076213,0.05394127810096038,97.36974258422852,106.03102404385886,88.70846112459817,0.17790498834148624,0.8781973036363124,100.04567084029347,96.83848590540123,3.20718493489224,2.5378113496540005,0.6693735852382394,1.512789214545249,2.393521600146905
2023-02-05 00:00:00-05:00,102.08625562934304,106.92625024321528,101.73912618609936,103.92108917236328,65309300.0,0.0,0.013381127526801753,0.01827020900220222,0.10796225208479915,0.036352441649909556,0.5770771209338834,0.02424023095192649,0.3848017369294079,0.01869267552423274,0.2967370246532625,66.77437141691628,5.187124057115923,3.538043014019054,1.4612224304857537,98.92973138535083,0.04803026822336121,97.99755325317383,106.64641476274855,89.34869174359912,0.17651178468161613,0.842445992032119,100.64188904522729,97.36312318443545,3.278765860791836,2.686002251881568,0.5927636089102681,1.369783968128477,2.258535299382816
2023-02-06 00:00:00-05:00,101.56059433437012,103.5045266483121,101.04485271151285,102.0564956665039,31999600.0,-0.01810531414757609,-0.8608317361247786,-0.04403571287173591,0.08808275277982025,0.03847808054371476,0.6108205922746934,0.024785086336181268,0.393451048012804,0.018798435951414134,0.2984159193865061,61.08902247036285,2.8762364608504356,3.4907711173641527,0.7164383345421516,99.3478747431526,0.026540406915424832,98.57329444885254,106.6462331531655,90.50035574453958,0.16379565580009758,0.7157331639214896,100.859520833116,97.71078040532942,3.148740427786578,2.77854988706257,0.3701905407240078,0.8629326556859584,1.8185157646192927
2023-02-07 00:00:00-05:00,102.37387842734272,107.29321903254016,102.27469966826962,106.75764465332033,49010200.0,0.045034723188902656,2.1746669452853484,0.0832241563231062,0.1382043946939091,0.02798133947487433,0.44418999360595285,0.026002769660198096,0.41278117151867805,0.019317159873053488,0.3066504063610534,68.39540050418758,5.236723366036259,3.615481992269303,1.0733842741632575,100.03170904981596,0.0630019107797465,99.39252281188965,107.28503676093396,91.50000886284533,0.15881504414535672,0.9665890924603626,101.76692449776282,98.38091849777318,3.386005999989635,2.900041109647983,0.485964890341652,1.866356369841451,2.500858322118596
2023-02-08 00:00:00-05:00,101.21348233996603,102.29454379804132,97.23635085283868,98.55545043945312,94743500.0,-0.07994192381634298,-3.70911681274919,0.04589003591510976,0.05031184875670669,0.045234319194576225,0.7180725558849854,0.032283830248726594,0.5124899172405305,0.021706927447841542,0.3445867905258643,50.55802925561185,9.521293800481644,4.037325692855899,1.9515964690880414,100.1827819735113,-0.01651183700954126,99.70593223571777,106.87512637902167,92.53673809241387,0.14380677222604954,0.4197621257516645,101.27285156571517,98.39384678974947,2.879004775965697,2.895833842911526,-0.016829066945828863,-0.32095149699334174,1.0309336683706507
2023-02-09 00:00:00-05:00,99.1802717239998,99.21002459482034,92.8624856911135,94.2311782836914,119455000.0,-0.04486823192814434,-2.0486849937163027,0.004652562240160307,0.0034854900026153324,0.04702039450564399,0.7464256224604913,0.033731139109404625,0.5354652331344563,0.02239201071332604,0.35546215021292843,44.037350691263384,6.347538903706834,4.202340922202394,2.325843567330596,99.67313627195053,-0.057751140199856325,99.55666580200196,107.06059418249656,92.05273742150736,0.1507468800817093,0.1451533617942434,100.18951721463459,98.08550097448591,2.104016240148681,2.737470322358957,-0.6334540822102759,-1.419386552823027,0.2715352529354215
2023-02-10 00:00:00-05:00,94.66757593087634,95.9569226207394,93.47741557627585,93.79479217529295,54980700.0,-0.004641772526061924,-0.1811467970697654,0.0,-0.024448092023744095,0.04658103362759805,0.739450984745768,0.03164594506442381,0.5023638038644638,0.022366810358790953,0.3550621069866254,43.428625436196526,2.47950704446356,4.079281359506763,1.0791248718825406,99.50830747864838,-0.060915059043762695,99.38558006286621,107.26099026886276,91.51016985686967,0.1584819488101788,0.14504782980597739,99.20571336242818,97.7676706930642,1.4380426693639805,2.477584791759962,-1.0395421223959813,-1.419808680776091,0.19190561430260525
2023-02-11 00:00:00-05:00,94.66757593087634,95.9569226207394,93.47741557627585,93.79479217529295,54980700.0,0.0,0.03548219925621958,0.0,-0.009841843649696647,0.047508654111491036,0.7541765034143494,0.03164594506442381,0.5023638038644638,0.022366810358790953,0.3550621069866254,43.42862543619652,2.47950704446356,3.9650117655751056,1.0878904572762087,99.34080092135308,-0.05912917569767836,99.21449432373046,107.42964762085286,90.99934102660806,0.16560389392938668,0.1701399260354691,98.37326394902277,97.4733833954515,0.8998805535712648,2.1620439441222223,-1.2621633905509575,-1.3194402958581244,0.19512635060523728
2023-02-12 00:00:00-05:00,94.66757593087634,95.9569226207394,93.47741557627585,93.79479217529295,54980700.0,0.0,0.03548219925621958,-0.0004227961607835562,0.0023317053221483253,0.03561549917313654,0.5653785217892751,0.03164594506442381,0.5023638038644638,0.022366810358790953,0.3550621069866254,43.42862543619652,2.47950704446356,3.8589042854957096,1.072007658771321,99.05791623752198,-0.05611318006220196,98.9556339263916,107.5217326685389,90.3895351842443,0.1731300867319837,0.19876358500830496,97.66888367614126,97.20089515692123,0.4679885192200288,1.8232328591417837,-1.3552443399217549,-1.20494565996678,0.19663430150423147
2023-02-13 00:00:00-05:00,93.96339666886732,94.4196250562035,93.07077262109874,93.83446502685548,50076100.0,0.00042288556428088267,0.058896318547599955,-0.0007391838704845499,0.002755666568177162,0.01970389601423537,0.31278965227646155,0.03133292556018191,0.4973947732820431,0.022358161050705493,0.354924803477384,43.517278204856936,1.3488524351047602,3.679614867610642,0.9604626077056275,98.8755517840091,-0.0537231896159994,98.80240097045899,107.62907415943943,89.97572778147855,0.17867325292265984,0.21858389694286673,97.07897311471268,96.95152996210155,0.1274431526111357,1.484074917835654,-1.3566317652245183,-1.1256644122285326,0.19301402774682003
2023-02-14 00:00:00-05:00,93.65592659037824,94.07248189644318,91.50371660885548,93.90387725830078,54726100.0,0.0007394572015845857,0.07408554509452987,-0.023313507060208516,0.0034974356867094603,0.0022276891079058996,0.03536346826731805,0.03104507061700746,0.49282521772224175,0.022140266318533053,0.35146583183746816,43.68356509006368,2.568765287587695,3.600268469037575,1.0373183532852381,98.79565670702584,-0.05209347677167019,98.77562141418457,107.66108285632795,89.89015997204119,0.1799120332513017,0.22585868569654102,96.59049682911085,96.72577790996816,-0.13528108085731105,1.160203718097061,-1.295484798954372,-1.0965652572138362,0.19283669205634643
2023-02-15 00:00:00-05:00,93.7154415296958,96.32388765510876,93.37823222030585,96.1453628540039,50169000.0,0.023589565906821517,1.1352453922328718,0.014972292355357686,0.027450919963291298,0.010424272783239165,0.1654802002988997,0.030986291703499074,0.49189213139737514,0.02232798062331083,0.35444570404529646,48.91390286363427,2.945655434802916,3.553510395163671,0.9332025174462777,98.73011131315427,-0.02688375582996431,98.74685935974121,107.66399705379166,89.82972166569076,0.18060600107927974,0.3541293969547521,96.5220146790944,96.68278420211895,-0.16076952302455538,0.8960090698727378,-1.056778592897293,-0.5834824121809914,0.5654969126836235
2023-02-16 00:00:00-05:00,94.58822952133472,96.87929141683016,93.96338895576008,94.72708129882812,42462600.0,-0.014861313949087329,-0.6595026333203289,0.012294550010794492,0.040527293704400114,0.013770322511852883,0.21859709303710206,0.030699201713700715,0.48733471909596,0.02164420628414858,0.34359112291943134,46.00259521697293,2.9159024610700754,3.507966971299843,0.7835993074262526,98.57873275201405,-0.04066051017697272,98.55544090270996,107.65242762047309,89.45845418494683,0.18460648411574387,0.28958089515474217,96.24587108213035,96.5379173203937,-0.2920462382633531,0.6583980082455196,-0.9504442465088727,-0.8416764193810314,0.3029971279309581
2023-02-17 00:00:00-05:00,94.07250055529865,94.77667968384696,92.445944456455,93.57659912109376,34284100.0,-0.0122195858392278,-0.5420365614886354,0.0,0.029460033537914265,0.01521746808176372,0.24156981677045955,0.03044474835937447,0.4832953973210793,0.02168656255072021,0.3442635078063135,43.72892880084047,2.330735227391969,3.4238789895921378,0.6324384022768011,98.42128323125507,-0.0517723892048267,98.30649833679199,107.67201697917336,88.94097969441061,0.1905371221807878,0.2474833270688172,95.8352138573555,96.31856041674185,-0.48334655938634796,0.4300490947191462,-0.9133956541054942,-1.0100666917247307,0.08487032164596141
2023-02-18 00:00:00-05:00,94.07250055529865,94.77667968384696,92.445944456455,93.57659912109376,34284100.0,0.0,0.030486515218989256,0.0,0.038068201726582984,0.015212468421894611,0.24149044963053812,0.03044474835937447,0.4832953973210793,0.02168656255072021,0.3442635078063135,43.72892880084047,2.330735227391969,3.345797292292126,0.6322026501944833,98.26395109442548,-0.05009106996147615,98.05755577087402,107.6569744348787,88.45813710686933,0.19579151424975652,0.26660270758985277,95.48773466716139,96.11545217261975,-0.6277175054583637,0.21849577468364426,-0.8462132801420079,-0.9335891696405885,0.06974601818360059
2023-02-19 00:00:00-05:00,94.07250055529865,94.77667968384696,92.445944456455,93.57659912109376,34284100.0,0.0,0.030486515218989256,0.0,0.05856637819178956,0.015200383774706644,0.24129861180369022,0.03044474835937447,0.4832953973210793,0.02168656255072021,0.3442635078063135,43.728928800840464,2.330735227391969,3.2732928590849726,0.6281152384005863,98.16957969641555,-0.04908257639688524,97.92911758422852,107.70340767450973,88.15482749394731,0.1996196908825279,0.2773486144296781,95.19371381392023,95.92738898361782,-0.733675169697591,0.028061585807397205,-0.7617367555049881,-0.8906055422812874,0.0560243486575516
2023-02-20 00:00:00-05:00,94.07250055529865,94.77667968384696,92.445944456455,93.57659912109376,34284100.0,0.0,0.02251912208225561,0.027889850531453098,0.05856637819178956,0.007474990028532548,0.11866178800910838,0.030014774616077333,0.4764697757507688,0.021518499855756896,0.3415955952330721,43.72892880084046,2.330735227391969,3.205967313964044,0.6255860746741475,98.02972424227717,-0.047588020541554324,97.7064582824707,107.6721075667429,87.74080899819852,0.20399161855731912,0.29279527888390094,94.94492693810078,95.75325640120862,-0.8083294631078388,-0.13921662397565002,-0.6691128391321888,-0.8288188844643963,0.036967712518629
2023-02-21 00:00:00-05:00,92.23765518012942,92.33683394114578,90.96814887866952,91.0375747680664,33629300.0,-0.027508012003608487,-1.2672553119223693,0.0015275790549438284,0.029844177996772414,0.012148586300476513,0.19285282879240237,0.030142859364711866,0.47850305810053195,0.021803491831709175,0.3461197025971839,38.13413574927648,2.60845024242424,3.1632875231397724,0.6147044458515086,97.76360763796345,-0.07388194256089031,97.27799949645996,107.62903448266033,86.92696451025958,0.21281348382533422,0.19856034992089885,94.34379583501857,95.40394665060549,-1.0601508155869226,-0.32340346229790456,-0.7367473532890181,-1.2057586003164054,-0.43114427049514936
2023-02-22 00:00:00-05:00,90.94830538293208,91.35494812568692,89.86724406227897,90.89871978759766,30884000.0,-0.0015264134929004938,-0.03831828917916785,0.008361828442319696,0.019806415900324614,0.012149291026223653,0.19286401596681899,0.029817535914191156,0.47333870842612064,0.02179225366983177,0.34594130230805725,37.84893665016851,1.4877040634079464,3.043602990301785,0.5853888948595372,96.96042904371043,-0.06668640955865085,96.48009452819824,106.16069935851326,86.79948969788322,0.20067569124293652,0.21172386238087176,93.81378413541535,95.07022614223455,-1.2564420068191993,-0.5100111712021635,-0.7464308356170357,-1.153104550476513,-0.46592842852447547
2023-02-23 00:00:00-05:00,91.16649876726088,91.18633905791556,89.02420895463646,90.14494323730467,41206400.0,-0.008327062027617543,-0.36646563643912056,0.01974646408695757,0.009215994320261212,0.0117173426440328,0.1860070479758569,0.02442928653247012,0.3878029012299322,0.021657432808815606,0.343801087489303,36.263426861980975,2.1621301032790967,2.9806406412287356,0.7993025422698936,96.24714537497599,-0.06769322735727276,95.79128723144531,105.19921952484022,86.3833549380504,0.19642563672130245,0.19991578287054615,93.24934707416755,94.70539037149899,-1.4560432973314477,-0.6992175964280204,-0.7568257009034273,-1.2003368685178148,-0.6107227642426173
2023-02-24 00:00:00-05:00,88.70683225593044,89.15314042580724,87.8538813637116,88.39936828613281,36585100.0,-0.01955403177824455,-0.8931285086352238,0.0,-0.013612470419054667,0.011862182723329779,0.188306312954025,0.024159172851221846,0.3835149794721376,0.021704262804469913,0.34454449062370024,32.833298862170565,2.2910618735930797,2.931385014969046,0.7299976744295095,95.4606899053412,-0.07987977466481616,95.01520118713378,104.15642358389248,85.87397879037509,0.19241599833599102,0.13813193608839328,92.50319649139297,94.23827762443483,-1.7350811330418594,-0.9063903037507883,-0.8286908292910711,-1.4474722556464261,-0.9296622757649907
2023-02-25 00:00:00-05:00,88.70683225593044,89.15314042580724,87.8538813637116,88.39936828613281,36585100.0,0.0,0.034657861096908174,0.0,-0.031195815774825775,0.011862182723329779,0.188306312954025,0.024159172851221846,0.3835149794721376,0.021704262804469913,0.34454449062370024,32.83329886217058,1.2992590620956435,2.814804589763803,0.7515346229318604,94.62782921677979,-0.07045820633566713,94.23911514282227,102.8148147277668,85.66341555787774,0.1819987289131014,0.15951775719022976,91.87183830596834,93.80576582159765,-1.933927515629307,-1.111897746126492,-0.8220297695028149,-1.3619289712390814,-0.9404288646550938
2023-02-26 00:00:00-05:00,88.70683225593044,89.15314042580724,87.8538813637116,88.39936828613281,36585100.0,0.0,0.034657861096908174,-0.008234184701530367,-0.04826489830357006,0.008382567653206633,0.1330691361513545,0.024159172851221846,0.3835149794721376,0.021704262804469913,0.34454449062370024,32.83329886217058,1.2992590620956435,2.706551337787506,0.74801164592781,94.15186814055538,-0.06507399278921046,93.5562587738037,101.67372285405473,85.43879469355268,0.17353118191434055,0.18235828106606045,91.33761214907057,93.40529193008173,-2.067679781011165,-1.3030541531034268,-0.7646256279077384,-1.270566875735758,-0.9613284499920022
2023-02-27 00:00:00-05:00,89.13330841064453,89.4209320921076,88.60764664095792,89.13330841064453,27502300.0,0.008268272854782186,0.4252555921888924,-0.0021097441051229904,-0.04036307058031885,0.010525349253892896,0.16708473952739905,0.02427660808350491,0.3853792059908061,0.021729356167369325,0.3449428354104411,36.011766441461106,1.0215638059747931,2.5861950855151696,0.574948094368478,93.36181591422807,-0.047440261996137954,92.67504196166992,98.15702871394608,87.19305520939376,0.1183055682789653,0.1769662431640466,90.99848849700503,93.08884870641972,-2.0903602094146976,-1.460515364365681,-0.6298448450490166,-1.2921350273438141,-0.8325372389500129
2023-02-28 00:00:00-05:00,88.59774267568118,90.48216943962086,88.58782252932733,89.3217544555664,30142000.0,0.00211197275035008,0.14150472115793866,-0.003320199867501872,-0.038334201831534576,0.010468443689655504,0.16618139170027135,0.021356737002889405,0.3390276895527378,0.02156421774512114,0.3423213442274194,36.838240198762236,1.8943469102935353,2.5367773587136244,0.6757639897292482,92.67372280182437,-0.03752689774947734,92.21335716247559,97.136987086349,87.28972723860218,0.10678778162686783,0.20635458476595184,90.74052941370678,92.809804687838,-2.069275274131215,-1.5822673463187877,-0.4870079278124271,-1.1745816609361928,-0.8074619449973318
2023-03-01 00:00:00-05:00,89.24242610290563,90.28381458248744,88.9349620659149,89.61930847167969,31111200.0,0.0033257239618692674,0.19876781897407483,-0.017826001270759284,-0.05014171966127012,0.0034027372957513373,0.054016779968654886,0.013831990492043863,0.21957604187374802,0.02146575483826787,0.34075829403802976,38.19565147459459,1.348852516572535,2.451925584274975,0.7741581013229605,92.3240184689278,-0.030179991827350722,91.982763671875,96.94035529014552,87.02517205360449,0.107793926174157,0.26163272591018455,90.56803388416415,92.57347163478923,-2.0054377506250773,-1.6669014271800457,-0.3385363234450316,-0.9534690963592614,-0.7630236286706691
2023-03-02 00:00:00-05:00,88.92504232804767,91.52356081097336,88.85560886814189,91.24585723876952,32204400.0,0.017986798208314732,0.8960307679487312,-0.017618712642530232,-0.019816708863415466,0.007185468125051275,0.11406577027480343,0.011219834403323248,0.1781093494951205,0.021300324622097393,0.3381321707700934,45.136700462986596,2.667951942831479,2.4673560384575826,0.8247319187186646,92.17601506105044,-0.010193973188798132,91.85531692504883,96.74739160995377,86.96324224014388,0.10651696273383339,0.4377094867173772,90.67231440025728,92.47512982767665,-1.8028154274193753,-1.6940842272279117,-0.10873120019146354,-0.2491620531304911,-0.4714688739602252
2023-03-03 00:00:00-05:00,91.72191687766424,92.96167025066715,91.69215644055474,92.88232421875,35160100.0,0.017775769655984035,0.9011505584556657,0.0,-0.006366085111894626,0.007647889615782042,0.12140648386699564,0.011951836947405946,0.18972952963937698,0.02140529666910417,0.3397985503560532,51.08842186078874,1.7158130118976374,2.4136743937033005,0.9238728080910638,92.09171112107072,0.008511986584414993,91.80969352722168,96.64226775197227,86.9771193024711,0.10527372522636128,0.6109792257338454,91.01231591079463,92.50529237516356,-1.4929764643689367,-1.653862674656117,0.1608862102871802,0.44391690293538194,-0.1777824256558287
2023-03-04 00:00:00-05:00,91.72191687766424,92.96167025066715,91.69215644055474,92.88232421875,35160100.0,0.0,0.04417523096427751,0.0,0.014406263547924736,0.008881601842896816,0.1409910583211876,0.011951836947405946,0.18972952963937698,0.02140529666910417,0.3397985503560532,51.08842186078875,1.2695138101124144,2.331948637732523,0.9485741279840307,92.00289916100115,0.009468163777617,91.76407012939453,96.53456530061294,86.99357495817611,0.10397305098807501,0.617205242770413,91.30000949663392,92.53322065987366,-1.2332111632397442,-1.5697323723728425,0.33652120913309824,0.4688209710816517,-0.19405571779359657
2023-03-05 00:00:00-05:00,91.72191687766424,92.96167025066715,91.69215644055474,92.88232421875,35160100.0,0.0,0.04417523096427751,-0.015557626354972931,0.033322418080005134,0.009286878174906987,0.14742462064174375,0.011951836947405946,0.18972952963937698,0.02140529666910417,0.3397985503560532,51.08842186078874,1.2695138101124144,2.2560604357596583,0.9680520334747917,91.91920391855017,0.010369252797029055,91.71646308898926,96.41847482909509,87.01445134888343,0.1025336473244424,0.6239747148881535,91.54344253080563,92.55908018275339,-1.0156376519477561,-1.4589134282878253,0.4432757763400692,0.4958988595526138,-0.21498040456760312
2023-03-06 00:00:00-05:00,93.2492875940104,95.1833074213031,93.22945486919876,94.35018920898438,32639300.0,0.01567991624229508,0.7937221072727374,0.013530715550422512,0.0496525197853821,0.009435264116642353,0.14978017444108316,0.012461399267354999,0.19781858069582292,0.02148512546244623,0.34106579316392605,56.38863425853532,2.3009832025530983,2.2592692048163325,0.9268282640409755,91.87764941266904,0.026205986623287946,91.73877868652343,96.48849593525165,86.98906143779521,0.10354873515284672,0.7749016821117272,91.9752497120639,92.69175492543717,-0.7165052133732672,-1.3104317853049139,0.5939265719316467,1.0996067284469069,0.04765418423900069
2023-03-07 00:00:00-05:00,94.20142849315206,94.8857672449639,92.76330996601668,93.09060668945312,27835500.0,-0.013439992864523312,-0.6168479407860036,-0.004137926756598631,0.035639575279514446,0.012868037679674815,0.20427376537096917,0.012813359556658358,0.20340577707702512,0.02153284201859153,0.3418232700098115,51.255879826582486,2.1224572789472234,2.2494969243971106,0.8163034887659478,91.61321165288054,0.01587050604902731,91.5860408782959,95.91712787913043,87.25495387746138,0.09457963155302003,0.6736937875950444,92.14684309320072,92.72129950054945,-0.5744564073487339,-1.1632367097136778,0.5887803023649438,0.6947751503801769,-0.2345716964068531
2023-03-08 00:00:00-05:00,93.3484777291188,95.1733911604508,93.229458674828,93.47740936279295,34103300.0,0.004146511666189391,0.23341204939272822,0.020905434434731918,0.034463802546403244,0.010434670934527913,0.16564526583332884,0.011641007427765391,0.18479526398473753,0.021476313731520077,0.3409259112720223,52.68033280503158,2.08278447099768,2.237588892011437,1.0125236461515874,91.51130446638392,0.021032941646664943,91.52355728149413,95.69703368713606,87.35008087585221,0.09120004793532624,0.7340796845835167,92.35154559621492,92.77730763849341,-0.42576204227849246,-1.0157417762266407,0.5899797339481483,0.9363187383340673,-0.18199629563645753
2023-03-09 00:00:00-05:00,93.27906233445889,94.74692633492973,91.14668466466472,91.56324005126952,28813500.0,-0.020689914358928984,-0.9707734214594309,0.018647513537545235,-0.01755863335492036,0.014412159732659323,0.22878594304773422,0.012042084097853642,0.191162158739078,0.02146153787785007,0.3406913518667052,45.581455976755414,3.6002416702650066,2.334921233315263,0.8624742220827345,91.40757120510463,0.0017001238278344186,91.42288932800292,95.48345613845028,87.36232251755557,0.08883041960923016,0.5172821590948199,92.23026782006947,92.68737670610645,-0.45710888603697697,-0.904015198188708,0.44690631215173104,0.06912863637927963,-0.6168145539049857
2023-03-10 00:00:00-05:00,91.41444666154868,92.02936701669016,89.65895933451053,89.88706970214844,35941000.0,-0.01847578030385041,-0.8590577205258101,0.0,-0.0570181831104315,0.01579729234984638,0.25077424167526013,0.012389850389353361,0.19668277746915472,0.021544687407874682,0.3420113097351673,40.44221950884539,2.370407682179632,2.337455979662718,1.0731603903161466,91.21496381069734,-0.014772915759174705,91.23841285705566,95.2214983600202,87.25532735409112,0.08731159120895474,0.33036478203876807,91.86977580192777,92.4799465576651,-0.6101707557373288,-0.8452463096984322,0.23507555396110336,-0.6785408718449272,-1.000103956593916
2023-03-11 00:00:00-05:00,91.41444666154868,92.02936701669016,89.65895933451053,89.88706970214844,35941000.0,0.0,0.03497712542795061,0.0,-0.09659102933774677,0.011153425888315515,0.17705514700123512,0.012389850389353361,0.19668277746915472,0.021544687407874682,0.3420113097351673,40.44221950884539,2.370407682179632,2.3398096726996402,1.070512302134606,91.02330695708416,-0.012640719724213727,91.0539363861084,94.92112603722165,87.18674673499515,0.08494283288785406,0.3491324722561693,91.56474409426941,92.2878816054046,-0.7231375111351923,-0.8208245499857842,0.09768703885059193,-0.6034701109753232,-1.0184244914427867
2023-03-12 00:00:00-05:00,91.41444666154868,92.02936701669016,89.65895933451053,89.88706970214844,35941000.0,0.0,0.03497712542795061,-0.005268539664417871,-0.10814813199919804,0.011633485477964878,0.1846758567334587,0.012389850389353361,0.19668277746915472,0.021544687407874682,0.3420113097351673,40.44221950884539,2.370407682179632,2.341995244805354,1.0678772504203498,90.83259362503473,-0.010519020433299268,90.86945991516113,94.5787401476806,87.16017968264165,0.08163975522651037,0.36757670606819887,91.30664034163541,92.11004368664489,-0.8034033450094711,-0.8173403089905217,0.013936963981050599,-0.5296931757272036,-1.012106928217295
2023-03-13 00:00:00-04:00,89.35150848107031,91.81118269560834,88.687002437022,90.36315155029295,37335600.0,0.005282467360132102,0.28953119211706574,-0.030435160947590578,-0.10342448835394513,0.0119134048128385,0.18911943841686402,0.012483951771053388,0.19817659059318973,0.02153366627000446,0.34183635459534994,42.732740761139766,3.1241802585863354,2.397865602932567,1.1032390264053586,90.79651358456543,-0.004795782648542122,90.83573875427246,94.55084171321108,87.12063579533383,0.08179826596640939,0.43639648628816,91.16148821989042,91.98064426913733,-0.8191560492469137,-0.8177034570418001,-0.001452592205113512,-0.25441405484736024,-0.9071715407839751
2023-03-14 00:00:00-04:00,91.80125398569052,93.58650184316622,91.6822425064281,93.19969940185548,36050200.0,0.03090792767815641,1.5364039447595215,-0.022266248452165183,-0.07528050158841326,0.01776089382299806,0.28194544870725663,0.012937350984490987,0.2053740799735188,0.021866212253928003,0.3471153584330798,54.06743258256979,3.2233502928732634,2.4568287950711882,1.057187050542205,90.91891609402327,0.024472002833378255,90.95078773498535,94.81367649456449,87.08789897540622,0.08494459159243163,0.7910919530485198,91.47505917096197,92.07094464933868,-0.5958854783767151,-0.7733398613087832,0.17745438293206806,1.1643678121940801,-0.2904957531413668
2023-03-15 00:00:00-04:00,92.45585699442236,96.13544442535732,91.88060956204424,95.3221664428711,50622100.0,0.022517883691874525,1.1249212061802114,-0.04196565142459108,-0.050484049904722106,0.014150328109606636,0.22462949488791534,0.013731253683005857,0.21797689460623942,0.021621585384477067,0.34323202726965113,60.38560997309834,4.254834863313079,2.5852577999456092,1.4642980078621037,91.28742604691357,0.042327409736072734,91.20964889526367,95.51383180322148,86.90546598730586,0.0943799907156822,0.9777349889109007,92.06692182817876,92.31177589330404,-0.2448540651252813,-0.6676427020720829,0.4227886369468016,1.9109399556436035,0.16435165455722708
2023-03-16 00:00:00-04:00,95.41142015117944,100.36052125064332,94.71716126290512,99.49765014648438,65492000.0,0.04287164719118392,2.104534949624395,-0.01279276942864449,-0.04384287103543982,0.017780195468398808,0.28225185282900506,0.016098240681907877,0.2555516483399466,0.02225069491224946,0.35321883141709337,69.3249729159576,5.643359987738194,2.803693670502222,1.8184016684693254,92.18058395206586,0.07354009048099168,91.76456298828126,97.24434687808592,86.28477909847659,0.11943137331792138,1.2056014720389618,93.21011080022578,92.84406287502111,0.36604792520466845,-0.4609045766167327,0.8269525018214011,2.8224058881558496,1.0545656619420267
2023-03-17 00:00:00-04:00,99.43814263216196,101.99698789396676,99.27945056518114,100.78699493408205,61028500.0,0.012875301535150527,0.6526925165620395,0.0,-0.016929641502945514,0.014781840589152617,0.2346544447121899,0.015184726822389258,0.2410500653909642,0.022266144023188585,0.3534640784502252,71.46618826431836,2.7175373287856246,2.797539646093894,1.638858689340027,93.07156240251238,0.07655186600826627,92.38394432067871,98.95405571378797,85.81383292756945,0.14223491844650848,1.1394907263076597,94.37578528235751,93.43242821272932,0.9433570696281919,-0.1800522473677478,1.1234093169959396,2.557962905230639,1.2915266504873588
2023-03-18 00:00:00-04:00,99.43814263216196,101.99698789396676,99.27945056518114,100.78699493408205,61028500.0,0.0,0.030828803178700997,0.0,-0.037689371078698075,0.01644968306999882,0.2611306232942783,0.015184726822389258,0.2410500653909642,0.022266144023188585,0.3534640784502252,71.46618826431836,2.7175373287856246,2.791825194857589,1.5867803362845365,93.90591523830525,0.06827348806537231,93.00332565307617,100.28852299386664,85.71812831228571,0.15666530824856575,1.0342112860433046,95.36212522877666,93.97721093282952,1.3849142959471408,0.13294106129522992,1.2519732346519108,2.136845144173217,1.246967871595113
2023-03-19 00:00:00-04:00,99.43814263216196,101.99698789396676,99.27945056518114,100.78699493408205,61028500.0,0.0,0.030828803178700997,0.0039517860668591975,-0.03622929571620093,0.017928537376046043,0.284606707608866,0.015184726822389258,0.2410500653909642,0.022266144023188585,0.3534640784502252,71.46618826431836,2.7175373287856246,2.7865189187095916,1.520508748870584,94.59256481218247,0.061460609337057125,93.58600997924805,101.41201292405708,85.76000703443901,0.16724728293351512,0.9600678664202645,96.19672056805442,94.48163937736675,1.7150811906876697,0.44936908717371793,1.2657121035139518,1.8402714656810588,1.20478684306746
2023-03-20 00:00:00-04:00,99.29929255271747,100.91592828670724,99.05134186896636,100.39027404785156,32960400.0,-0.003943998270693948,-0.16562253078130276,-0.035264892505094125,-0.04002291976637251,0.01925225642414238,0.30562009605075835,0.015336456837583619,0.2434587047107342,0.022276137061956792,0.3536227130227602,69.59916609140154,1.864586417740881,2.7206665972118267,0.8183264161673119,95.02700692536621,0.053424170551909476,94.13943595886231,102.25580743208073,86.02306448564389,0.1724329743544495,0.8850758993483193,96.84188264186936,94.91931601962487,1.9225666222444886,0.7440085941878721,1.1785580280566164,1.5403035973932782,1.0824431939618095
2023-03-21 00:00:00-04:00,100.42002246352078,104.23846131049126,100.39026959348747,104.0599365234375,42110300.0,0.03590171533045248,1.7483941957971678,0.014994436238353837,-0.004931952019071262,0.016342136980692284,0.25942338205358245,0.016660596733241297,0.2644787739005496,0.022649693001763567,0.35955272972775865,75.87695516177048,3.848191717003786,2.801204105768395,1.0314131778443936,95.69887727658303,0.08034849459062757,94.8614673614502,103.81123066332975,85.91170405957064,0.18869122628639753,1.0138945495941505,97.95235246980292,95.5963990199073,2.3559534498956225,1.0663975653294222,1.2895558845662003,2.0555781983766033,1.7968520866724176
2023-03-22 00:00:00-04:00,103.41528347403415,105.71626586421507,102.48299390773565,102.52266693115234,43427400.0,-0.014883130940159391,-0.7050419241236588,-0.021117236824727992,0.008881680771371192,0.019155205391608914,0.3040794586713648,0.017336399595068077,0.27520681174674605,0.022746637926658323,0.3610916827006068,69.41065357906524,3.2332719564794274,2.8320660951048975,1.0492518287503032,96.23011399567427,0.06137718734632358,95.42530784606933,104.825529237125,86.02508645501366,0.19701736579606688,0.8775102090593403,98.65547777154897,96.10945590222175,2.5460218693272196,1.3623224261289817,1.183699443198238,1.5100408362373618,1.4325591265723192
2023-03-23 00:00:00-04:00,104.19879298533532,105.42863382566868,103.60371285731998,104.73436737060548,40797800.0,0.021343395230929558,1.038121631656953,0.0015172599352184513,0.045234019014509075,0.02053258467889373,0.32594467700236684,0.017463524147183912,0.27722485144931985,0.022751846183187135,0.3611743612098436,72.97857484742312,2.9059668945163395,2.837344723634286,0.9790499607578975,96.78765476273577,0.0758749282339201,96.01791000366211,106.20456843632681,85.83125157099741,0.2121824653812228,0.927836931244943,99.59069155601921,96.74833823321315,2.842353322806062,1.6583286054643978,1.1840247173416643,1.7113477249797726,1.810045264879519
2023-03-24 00:00:00-04:00,104.12938301316537,104.625284456788,102.98880817946215,104.57569885253906,30393300.0,-0.0015161100593230295,-0.062014981295372335,0.0,0.03994490629837166,0.020685051132080377,0.32836500691283854,0.017351372380883297,0.27544449735295146,0.021834558705254845,0.34661287392566864,72.32680615262836,1.7455591911433288,2.7593600427420752,0.7335624370888867,97.23901117237037,0.07015671671976173,96.60257873535156,107.35789711488194,85.84726035582118,0.22267145495142954,0.8706594187096321,100.3576157554838,97.32814272353359,3.029473031950218,1.932557490761562,1.096915541188656,1.4826376748385288,1.720600690488616
2023-03-25 00:00:00-04:00,104.12938301316537,104.625284456788,102.98880817946215,104.57569885253906,30393300.0,0.0,0.0111825145663104,0.0,0.04509877850215638,0.02021511098097708,0.32090493828741784,0.017351372380883297,0.27544449735295146,0.021834558705254845,0.34661287392566864,72.32680615262836,1.6364762773258406,2.6791540594980585,0.7378066653922131,97.69559047661296,0.06579069947816134,97.18724746704102,108.3544810130008,86.02001392108124,0.22980861866155647,0.8308093877991445,101.00655161656923,97.86499873308955,3.141552883479676,2.1743565693051847,0.9671963141744913,1.3232375511965784,1.6557342992359165
2023-03-26 00:00:00-04:00,104.12938301316537,104.625284456788,102.98880817946215,104.57569885253906,30393300.0,0.0,0.0111825145663104,0.02908468911602191,0.016485265318012088,0.012985162340771008,0.20613306172488868,0.017351372380883297,0.27544449735295146,0.021834558705254845,0.34661287392566864,72.32680615262836,1.6364762773258406,2.604677075057186,0.7398235107617541,98.08298898373448,0.062086220221773264,97.69852294921876,109.24860621185121,86.1484396865863,0.23644335480150297,0.7977110964026455,101.55565119133382,98.36208763082655,3.193563560507272,2.378197967545602,0.8153655929616699,1.1908443856105828,1.5888399823469763
2023-03-27 00:00:00-04:00,103.7624071449764,103.90125892558603,101.09445530767545,101.62010955810548,31120900.0,-0.028669755813191925,-1.3709855028529812,0.014154171097078505,-0.01224333034128855,0.017777486820936196,0.28220885438355253,0.018714543150595404,0.2970841624599759,0.022045955475432262,0.349968693616779,59.884048517192426,3.4812435448636165,2.6672889657576455,0.754517488261616,98.38488887636117,0.03183642190323007,98.12499809265137,109.58825141372672,86.66174477157601,0.2336459321049168,0.6524484964067009,101.56556786314484,98.60342258840276,2.9621452747420705,2.4949874289848957,0.4671578457571748,0.6097939856268035,1.0124900558016354
2023-03-28 00:00:00-04:00,101.60028121184264,101.61019379170308,98.92240911282488,100.20183563232422,32057900.0,-0.014054936113751599,-0.6603140354109209,-0.003550636419656139,-0.02602908136719606,0.012553336261568715,0.19927803523368057,0.01874289141098217,0.297534177142484,0.02195165285523322,0.34847168593060834,54.99482496107118,2.697700445280603,2.6694612142949996,0.7791667400879719,98.65905971913413,0.015396683139130023,98.46121940612792,109.74354482032759,87.17889399192826,0.22917297758953986,0.5771390720571486,101.35576290455705,98.72182355461918,2.633939349937876,2.522777813175492,0.11116153676238394,0.30855628822859466,0.7424878928835311
2023-03-29 00:00:00-04:00,101.44158753942646,101.64986521604924,99.82495172553269,100.5588836669922,28779600.0,0.0035569548899761433,0.19535668704828194,0.0049559088876443,-0.02845912290423802,0.013465936012023194,0.2137651071511335,0.018742324617598397,0.2975251795764547,0.021695506798245702,0.3444054933340158,55.96944231417864,1.8249134905165505,2.6091363768822533,0.6995165296497775,98.97398212748999,0.015760930130755278,98.91100158691407,109.74373573213285,88.07826744169529,0.21904002530395872,0.5760603028740189,101.23316609877784,98.85790208146162,2.3752640173162263,2.4932750540036386,-0.11801103668741231,0.3042412114960756,0.7991387467665085
2023-03-30 00:00:00-04:00,100.0828209446528,100.33077163663717,98.96207897409658,100.06298065185548,33086200.0,-0.004943668795057914,-0.21618172945356467,-0.027378764354842322,-0.036573670908949696,0.012917281949956812,0.20505549392693526,0.018028513093913054,0.2861937729285936,0.02150848618265989,0.34143663310072225,54.21340729147243,1.596804692895617,2.536826970883208,0.8069924942785734,99.41621253927912,0.0064636103018621644,99.41979713439942,109.38945493311992,89.45013933567891,0.20055679223008566,0.5322570508658087,101.0531375684821,98.94716716075004,2.105970407732059,2.4158141247493226,-0.30984371701726365,0.1290282034632346,0.7014532456990256
2023-03-31 00:00:00-04:00,100.46961878932184,103.0383842078249,100.2117479628211,102.87969970703124,36863400.0,0.027760547356958553,1.3735915268861592,0.0,-0.007083431541493712,0.021058049481005196,0.33428617213699513,0.01794037983865699,0.2847947008747409,0.021660375485282067,0.3438478010300181,61.58575716385755,2.9754035559694216,2.5681538698179374,0.8981104145130613,99.98894611667775,0.028098386742821307,100.06942863464356,109.0697733737061,91.06908389558102,0.179882005161098,0.6561201906072984,101.33414712825889,99.23846586788198,2.0956812603769066,2.3517875518748395,-0.25610629149793285,0.6244807624291937,1.1829695841015768
2023-04-01 00:00:00-04:00,100.46961878932184,103.0383842078249,100.2117479628211,102.87969970703124,36863400.0,0.0,0.007695439817254136,0.0,-0.043257728263486284,0.01561193423025058,0.2478317727476378,0.01794037983865699,0.2847947008747409,0.021660375485282067,0.3438478010300181,61.58575716385755,2.8266362450038116,2.586616896616928,0.8971024026060782,100.56039405646163,0.02254386100634285,100.7190601348877,108.40440153541046,93.03371873436494,0.15260947411999654,0.6405688738822045,101.57192444807002,99.50818689300415,2.0637375550658703,2.294177552513046,-0.23043999744717558,0.562275495528818,1.155718599077321
2023-04-02 00:00:00-04:00,100.46961878932184,103.0383842078249,100.2117479628211,102.87969970703124,36863400.0,0.0,0.007695439817254136,-0.006036761309769045,-0.043257728263486284,0.012928882014824663,0.20523963924793057,0.01794037983865699,0.2847947008747409,0.021660375485282067,0.3438478010300181,61.58575716385755,2.8266362450038116,2.6037611357874195,0.8976181466747118,101.12801048797272,0.017026577877334158,101.3448875427246,107.32989628760714,95.35987879784207,0.11811170528674961,0.6282213802627244,101.77312064175636,99.7579285829321,2.015192058824269,2.2383804537752905,-0.2231883949510216,0.5128855210508982,1.1362941720398614
2023-04-03 00:00:00-04:00,101.5506793026603,103.67313650572234,101.09445096214598,103.50453186035156,25035400.0,0.006055056218481955,0.3036934396179319,-0.003437729668938738,-0.03744702570968739,0.012894124950240051,0.2046878879527696,0.01793870348091188,0.2847680895205293,0.02142326169158051,0.34008373624667376,63.22626837265174,2.5786855435763556,2.601970022058058,0.6178943897517306,101.55414270055313,0.01884351462436351,101.86012916564941,106.52030899256448,97.19994933873434,0.0915015495285006,0.6764312489836586,102.03949159846333,100.03545475162984,2.004036846833486,2.1915117323869295,-0.18747488555344338,0.7057249959346351,1.2774295397572963
2023-04-04 00:00:00-04:00,103.47477744759011,104.71453082187776,103.18715375673288,103.86157989501952,24420100.0,0.003443652238935704,0.1704134623379566,0.0023929288062813914,-0.034126614114590836,0.011635291222627577,0.1847045220413114,0.017046599736057193,0.27060638160519973,0.021298085705418676,0.33809662906966487,64.16795516203759,1.5273770651448757,2.525213382278545,0.6228476518841702,102.0283206092252,0.017650985933848895,102.28709983825684,105.8639797030331,98.71021997348058,0.06993804439528073,0.7200912689670621,102.31981287485658,100.31887142891796,2.000941445938622,2.153397675097268,-0.15245622915864576,0.8803650758682487,1.3424124036394736
2023-04-05 00:00:00-04:00,104.91289907946413,105.2302756731111,102.8102819841236,103.61363983154295,28290500.0,-0.002390070311353828,-0.10524384041042882,-0.03643236287027907,-0.01850799248186441,0.003321458090454588,0.05272651258479791,0.01663999358247275,0.2641517090216019,0.021214373405312306,0.3367677375031129,62.96221556913691,2.419993688987489,2.5176976899006127,0.7575018197528296,102.31025430047758,0.01257928524839435,102.49289932250977,105.86159235846768,99.12420628655187,0.0657351496196393,0.6663464876541497,102.51886317588524,100.56292834763092,1.9559348282543283,2.11390510572868,-0.15797027747435166,0.6653859506165996,1.3001784488544537
2023-04-06 00:00:00-04:00,104.39716471996437,108.27510972849136,103.47478781441008,107.53125762939452,48711500.0,0.03711259418346192,1.8791292809246578,0.0,0.02914106744947853,0.016128205510245647,0.25602732524310945,0.016002065228425063,0.25402491034708025,0.019825055541442923,0.31471300014420567,71.93551936213727,4.80032191408128,2.680742277342089,1.3261594247188124,102.78299221522975,0.044157071337616226,102.83011245727539,106.77990609188073,98.88031882267005,0.07682173130456181,1.0951127586680687,103.29000078411744,101.07910088702081,2.210899897096624,2.133304064002269,0.07759583309435492,2.380451034672275,1.9617149444931634
2023-04-07 00:00:00-04:00,104.39716471996437,108.27510972849136,103.47478781441008,107.53125762939452,48711500.0,0.0,0.014077501989832443,0.0,0.03612386610959106,0.016128205510245647,0.25602732524310945,0.015879022928117107,0.2520716743829432,0.019499415747927757,0.30954362868044033,71.93551936213727,4.80032191408128,2.8321408228234595,1.3487734666134854,103.27185264860246,0.039610854319885806,103.16732559204101,107.51428615368786,98.82036503039416,0.08427010270356772,1.0019521083140706,103.94250183723699,101.55703842349294,2.3854634137440485,2.1837359339506253,0.2017274797934232,2.0078084332562796,1.9001057748567158
2023-04-08 00:00:00-04:00,104.39716471996437,108.27510972849136,103.47478781441008,107.53125762939452,48711500.0,0.0,0.014077501989832443,0.0,0.009215404265812799,0.016610120590128414,0.26367748996963924,0.015879022928117107,0.2520716743829432,0.019499415747927757,0.30954362868044033,71.93551936213727,4.80032191408128,2.972725186484732,1.3721721300450105,103.77767468602302,0.034906900803747566,103.50453872680664,108.11254066649201,98.89653678712128,0.08903961113913818,0.9369267803371213,104.49461811295353,101.99957317948565,2.495044933467881,2.2459977338540766,0.24904719961380417,1.7477071213484847,1.8900121883388388
2023-04-09 00:00:00-04:00,104.39716471996437,108.27510972849136,103.47478781441008,107.53125762939452,48711500.0,0.0,0.014077501989832443,0.018602088424023666,-0.004133306153855543,0.0168962003887688,0.2682188659835706,0.015879022928117107,0.2520716743829432,0.019499415747927757,0.30954362868044033,71.93551936213727,4.80032191408128,3.1032678098844855,1.342391278886635,104.18345615434666,0.031133286719160543,103.8615879058838,108.55931697015029,99.1638588416173,0.09046133722745382,0.890579115281918,104.96179342317522,102.4093275831826,2.552465839992621,2.3072913550817855,0.2451744849108355,1.56231646112767,1.8124337470041725
2023-04-10 00:00:00-04:00,106.10305636159114,106.70804904814692,104.2583027310059,105.5674819946289,27067400.0,-0.018431185754920063,-0.913603167621905,0.010346512288974985,-0.022320192385483217,0.02029319005962284,0.3221444052355803,0.01650211349857464,0.2619629305451432,0.019504484639529186,0.3096240948400411,61.83486869675843,3.272954898388619,3.1153883162062095,0.7617117394093395,104.243486366481,0.01254169942421545,103.93696517944336,108.69607223891092,99.17785811997581,0.09157679467071468,0.6713049102291014,105.05497628032194,102.64326494699344,2.4117113333284976,2.328175350731128,0.0835359825973696,0.6852196409164053,1.427415766226441
2023-04-11 00:00:00-04:00,105.67657981839106,105.85510460555604,103.82190606100232,104.48641204833984,26311800.0,-0.010293353488409136,-0.5007408574261709,0.006785074350805997,-0.03233217938314126,0.008376185041852321,0.13296781533720237,0.014803761844251485,0.23500243384869798,0.018697503421041674,0.2968136651391341,57.08305115453787,2.033198544553713,3.03808904680246,0.7587202525088176,104.3604477741694,0.0012055565092250094,104.03515243530273,108.75224481802408,99.31806005258139,0.09068266393236281,0.5478323908484459,104.967504860017,102.77979436190799,2.1877104981090127,2.300082380206705,-0.11237188209769222,0.19132956339378368,1.2067693747103907
2023-04-12 00:00:00-04:00,105.70634162712136,105.87494628290852,103.484697961902,103.78224182128906,24370300.0,-0.006762159328854649,-0.3174607112854681,-0.025970313708546744,-0.012550738274238471,0.007738336029921471,0.12284227617973854,0.014493002999906336,0.2300692901295914,0.015706460781463726,0.24933233522845336,54.16333738516433,2.390248321006524,2.9918147092456073,0.7197837072155583,104.31711043273332,-0.005153758504901888,103.98754615783692,108.694132756451,99.28095955922284,0.09052212062914178,0.47818967820454966,104.78515670021271,102.85404972926955,1.931106970943162,2.2262872983539963,-0.2951803274108342,-0.08724128718180138,1.0568039152860753
2023-04-13 00:00:00-04:00,104.9723919871335,106.6088679220058,104.9723919871335,106.5493621826172,24843600.0,0.02631349706541084,1.3438874965472007,-0.013226819926890787,0.028038212860218348,0.01708039179727109,0.2711428139467612,0.014884297216118421,0.2362808932429221,0.014906700796339496,0.2366365390533768,62.319483867583074,2.8266261007167373,2.980015522922117,0.7398260737500307,104.38798201327003,0.020285247373351082,104.08622932434082,108.92562920240779,99.24682944627385,0.09298828307031898,0.7544874282284196,105.05657292827493,103.12777657766567,1.928796350609261,2.166789108805049,-0.23799275819578813,1.0179497129136779,1.4485897940342136
2023-04-14 00:00:00-04:00,106.01378928840568,108.04698783654496,105.96419612699584,107.9775619506836,26578000.0,0.013315073381822452,0.6850397498461592,0.0,0.04501811543372347,0.018423143187356536,0.2924583314512754,0.015118029044712482,0.23999127099456366,0.014950236935144053,0.2373276538313019,65.71084758544882,2.082791709549113,2.9159281076811885,0.7959973117345661,104.52230322230307,0.031999784640059224,104.25632247924804,109.39786154162168,99.1147834168744,0.09863265728362995,0.8618799182785561,105.50595585479934,103.48701993862996,2.018935916169383,2.137218470277916,-0.11828255410853306,1.4475196731142248,1.6069703289499377
2023-04-15 00:00:00-04:00,106.01378928840568,108.04698783654496,105.96419612699584,107.9775619506836,26578000.0,0.0,0.015178107207599581,0.0,0.03400138360393545,0.01516132122909872,0.2406785131161561,0.015118029044712482,0.23999127099456366,0.014950236935144053,0.2373276538313019,65.71084758544882,2.082791709549113,2.856418364957469,0.8005712255520118,104.65816808889603,0.030741515198348536,104.42641563415528,109.83080472716627,99.02202654114429,0.10350616862968051,0.8285428061721809,105.88620294647384,103.81965268026356,2.0665502662102853,2.12308482946439,-0.056534563254104775,1.3141712246887247,1.5424490668702688
2023-04-16 00:00:00-04:00,106.01378928840568,108.04698783654496,105.96419612699584,107.9775619506836,26578000.0,0.0,0.015178107207599581,0.027366165540649634,0.0328241666596123,0.013222877048916603,0.20990666572930192,0.015118029044712482,0.23999127099456366,0.014950236935144053,0.2373276538313019,65.71084758544882,2.082791709549113,2.8011593181425867,0.8060864409272814,104.93533038709687,0.028174664334208604,104.74428825378418,110.20129106135724,99.28728544621111,0.10419666596714713,0.796249957248728,106.20795048558304,104.12764595955393,2.08030452602911,2.114528768777334,-0.03422424274822422,1.1849998289949133,1.4841120477383298
2023-04-17 00:00:00-04:00,103.80208203407156,105.2897861961485,103.66322268410477,105.1013412475586,37571200.0,-0.026998406389474264,-1.3332150676739218,0.014067027826651923,0.005312615211627403,0.019790787286770112,0.31416900846583473,0.014954642235908658,0.2373975858129434,0.015396362737140016,0.24440968138448524,53.58099322633416,4.314339266578827,2.9092436001737467,1.1300521560914016,105.17291818740436,-0.0006810278441373571,104.9892635345459,110.01012593807992,99.96840113101187,0.09564525427653751,0.5111612014037477,106.03770291050236,104.19977153644317,1.8379313740591954,2.0592092898337064,-0.22127791577451106,0.04464480561499053,1.0167513931667074
2023-04-18 00:00:00-04:00,105.61707218442864,105.66666534841484,103.2169113578442,103.64338684082033,26596400.0,-0.013969005377472345,-0.6778887125382611,0.003071516312160405,-0.008632972352712098,0.015398115747854445,0.2444375095668613,0.014950154440744927,0.23732634427331403,0.015523693950401847,0.24643100173104687,48.67598557348321,2.449753990570642,2.876422913773525,0.8025914538694143,105.31189701766417,-0.016098568637151964,105.1434886932373,109.76495899629523,100.52201839017937,0.08790787447697045,0.3377029652852699,105.66934659208974,104.15855785528592,1.5107887368038178,1.9495251792277288,-0.4387364424239111,-0.6491881388589198,0.7722335459126772
2023-04-19 00:00:00-04:00,102.73093910158752,104.11946457904192,102.22511753880912,103.32601928710938,20905700.0,-0.003066808842848342,-0.1264551025275719,-0.010542144358153704,-0.01689152525910753,0.011679574674867365,0.18540750005224274,0.014976831242575163,0.23774982537381817,0.015275028947639678,0.24248356718860353,47.65333908497936,1.8943470402328018,2.806274637092045,0.642676272006045,105.5150234655445,-0.02118541093074143,105.306640625,109.3695590444985,101.2437222055015,0.07716357478284151,0.2562563244704407,105.30883469901585,104.09688833171728,1.211946367298566,1.8020094168418965,-0.5900630495433306,-0.9749747021182369,0.7006112019326611
2023-04-20 00:00:00-04:00,103.05821782699525,105.37903241467328,103.01854481265195,104.4269027709961,27820800.0,0.010598106416198095,0.5566458381706382,-0.0011385061596532742,0.013866116671791273,0.01433681875819423,0.22758994215592682,0.01503713226466088,0.23870707442326908,0.015181270615574014,0.24099519980868775,51.46268198970236,2.3604876020213226,2.774432706015565,0.8673130280263117,105.61926420754139,-0.011418144222472032,105.38400077819824,109.30892541047562,101.45907614592086,0.07448805517524756,0.37807434576816246,105.17315286393588,104.12133384573794,1.0518190181979463,1.6519713371131064,-0.6001523189151601,-0.4877026169273506,0.8377201718807374
2023-04-21 00:00:00-04:00,104.6054346972307,105.13108893118996,103.92108839505885,104.54592895507812,25800100.0,0.0011391547501206317,0.08610852277487395,0.0,0.016391871620691445,0.014478010831781265,0.22983129683875575,0.013833722929307578,0.2196035434627189,0.015078827404784905,0.23936896425315804,51.87049243013408,1.210000536131119,2.662687551023819,0.8184315138053476,105.73552148582151,-0.011378659529196335,105.46731224060059,109.23604602302757,101.69857845817361,0.07146733338248795,0.37775956876833083,105.07665687795777,104.1527853353187,0.9238715426390769,1.5063513782183007,-0.5824798355792238,-0.488961724926676,0.8276985666695218
2023-04-22 00:00:00-04:00,104.6054346972307,105.13108893118996,103.92108839505885,104.54592895507812,25800100.0,0.0,0.028703322244749654,0.0,-0.02026205671522674,0.008839414968975497,0.14032136245926535,0.013833722929307578,0.2196035434627189,0.015078827404784905,0.23936896425315804,51.87049243013408,1.210000536131119,2.5589241928171975,0.8330494626044577,105.85593169055365,-0.012530404087168335,105.55062370300293,109.14829328710965,101.9529541188962,0.06816955614075393,0.36036867416018414,104.99500642828399,104.18190708493051,0.8130993433534712,1.367700971245335,-0.5546016278918637,-0.5585253033592624,0.7995017087320668
2023-04-23 00:00:00-04:00,104.6054346972307,105.13108893118996,103.92108839505885,104.54592895507812,25800100.0,0.0,0.028703322244749654,-0.005284540481479083,-0.01798029803768686,0.005195851733201234,0.08248158921128634,0.013833722929307578,0.2196035434627189,0.015078827404784905,0.23936896425315804,51.87049243013408,1.210000536131119,2.4625725030539063,0.8320222852112965,105.89635561673468,-0.012917065974293603,105.60269355773926,109.1045432910698,102.10084382440871,0.06632121994910813,0.3491133710560356,104.92591758625233,104.20887166790442,0.7170459183479068,1.2375699606658495,-0.5205240423179427,-0.603546515775858,0.7718711931355705
2023-04-24 00:00:00-04:00,104.62527258627792,105.75592714410804,103.8417474862282,105.1013412475586,23542800.0,0.005298553054001893,0.295279751907074,0.02041414501527261,-0.012763205230924002,0.004572975081661826,0.07259372890663487,0.013820237046508126,0.21938946171013382,0.01508363140212109,0.23944522534666143,54.11726389709394,1.914179657879842,2.4234015855414732,0.7603025864006635,105.94636776319278,-0.008040111625633681,105.66468162536621,109.07957306472197,102.24979018601046,0.06463638345049376,0.41751708834499607,104.9529058418379,104.27498052565659,0.6779253161813159,1.125641031768943,-0.447715715587627,-0.3299316466200154,0.828071382683063
2023-04-25 00:00:00-04:00,104.96248334111876,105.8154342829649,102.98879048643646,102.99871063232422,46664100.0,-0.02020856941530455,-0.9846687109374852,0.001349869100006229,-0.032513612642737444,0.009997890901599119,0.15871159776471966,0.014533329888437429,0.23070945963880518,0.014881209108729372,0.2362318710578824,45.46454641576958,2.826643796528444,2.4522046006119713,1.463571377492965,105.83415418276643,-0.02752892277034346,105.63393516540528,109.13652875563491,102.13134157517564,0.06631568888814289,0.12381811289326788,104.65226042498963,104.18044201503938,0.47181840995025937,0.9948765074052063,-0.5230580974549469,-1.5047275484269274,0.47881833820363856
2023-04-26 00:00:00-04:00,104.05994371224028,105.47822196102052,101.788714484929,102.85986328125,53347600.0,-0.0013489588457698736,-0.0395342852122473,-0.036062791684344675,-0.032556003484565554,0.009815928092773471,0.15582302772462694,0.014527966801439139,0.2306243232720627,0.014880555440290304,0.23622149439310441,44.95340789454893,3.6895074760915207,2.5405833774319393,1.6611156130874398,105.45841731432328,-0.025263051594459653,105.40036544799804,108.99211959663882,101.80861129935727,0.06815449136963111,0.14634241910607354,104.37650701826047,104.082621368092,0.2938856501684626,0.8546783359578576,-0.560792685789395,-1.414630323575708,0.43075865581663964
2023-04-27 00:00:00-04:00,103.59379357823072,107.48166608530138,102.6912570160058,106.7080535888672,50089200.0,0.03672912309508922,1.859355240508159,0.0023289479530514967,0.021553251342362634,0.02063676164439081,0.3275984350606467,0.014478685306777848,0.2298420037973947,0.015449898343744923,0.24525953279266668,58.78386751290046,4.790409069295578,2.701285212565056,1.5563187269861403,105.3987954667817,0.012269534285855341,105.35920524597168,108.86600400794784,101.85240648399552,0.06656843611887887,0.6923190400203371,104.7352064906615,104.27709782889016,0.4581086617713339,0.7753644011205529,-0.317255739349219,0.7692761600813486,1.0294368986148457
2023-04-28 00:00:00-04:00,106.16257721263209,106.47003367253912,104.22855712885315,106.46011352539062,36139800.0,-0.0023262401571628737,-0.09920607677671817,0.0,0.018309508456661128,0.02077787423739916,0.3298385280284041,0.014484643073345618,0.22993658040964088,0.015200513668932233,0.24130067381059614,57.776626944539984,2.4794964600140474,2.6854431588114127,1.1452655729964278,105.29498007254055,0.01094431909066289,105.30564804077149,108.70380848413592,101.90748759740706,0.06453899684561566,0.6698662414356356,105.00057680369675,104.4388026952976,0.561774108399149,0.7326463425762721,-0.17087223417712316,0.6794649657425422,0.9628478314691973
2023-04-29 00:00:00-04:00,106.16257721263209,106.47003367253912,104.22855712885315,106.46011352539062,36139800.0,0.0,0.017514875964855136,0.0,0.025312784567954827,0.02080652071484414,0.3302932767599487,0.014484643073345618,0.22993658040964088,0.015200513668932233,0.24130067381059614,57.776626944539984,2.2414765436859625,2.6537312577310237,1.1685426827612164,105.18694465739942,0.011959116196955333,105.2520908355713,108.5343456261608,101.96983604498179,0.06236939835650704,0.6840232960102353,105.22512091472657,104.58852942345263,0.636591491273947,0.7134353723158071,-0.07684388104186013,0.736093184040941,0.938643740814127
2023-04-30 00:00:00-04:00,106.16257721263209,106.47003367253912,104.22855712885315,106.46011352539062,36139800.0,0.0,0.017514875964855136,0.00130599451482305,0.016766222114315887,0.0168652541264028,0.26772760929820627,0.014484643073345618,0.22993658040964088,0.015200513668932233,0.24130067381059614,57.776626944539984,2.2414765436859625,2.624284492442091,1.151651038244331,105.24384544331431,0.011424636343133645,105.29672241210938,108.62104081815174,101.97240400606701,0.06314191609937635,0.674981901728583,105.41511977790566,104.72716528285544,0.6879544950502208,0.7083391968626899,-0.020384701812469097,0.6999276069143315,0.9153678392708628
2023-05-01 00:00:00-04:00,105.9642089268328,107.1047836753476,105.94437619998564,106.32125854492188,26681700.0,-0.0013051424457710212,-0.0529931114258507,0.01785032807222353,0.015440062961955991,0.016860094811933565,0.2676457077200792,0.013893261871578869,0.22054869487016088,0.015194349816348146,0.2412028256842628,57.09236577259487,1.1604074753619642,2.519721848364939,0.8497531239097109,105.32135762334963,0.009404524882949718,105.38846473693847,108.7198917877627,102.05703768611424,0.06322185372260333,0.6399991345679651,105.554525742062,104.84524626523073,0.70927947683127,0.7085272528564059,0.0007522239748640747,0.5599965382718608,0.8648097227247769
2023-05-02 00:00:00-04:00,106.26175349764247,106.32125924543108,102.85986952338662,104.45667266845705,30997200.0,-0.017692881849698732,-0.8737590337716457,-0.0008537519108891001,-0.002367995611724627,0.007569808573055013,0.12016698574000968,0.014265248208911912,0.22645379490834297,0.015412107082868366,0.24465961512460108,48.74408170852855,3.4613897220444585,2.5869838393420475,0.9768835859278239,105.33822756530988,-0.008439431147217059,105.42218627929688,108.69835127038094,102.14602128821282,0.0621532356083843,0.35264575907082846,105.38562526919969,104.81646303584009,0.5691622333596058,0.680654248957046,-0.11149201559744015,-0.5894169637166866,0.49674807496303003
2023-05-03 00:00:00-04:00,104.66494043938329,106.60887287386204,104.09961318837088,104.54592895507812,21795400.0,0.0008541165646157451,0.05801378301101218,0.006877355119572437,-0.02189846877601298,0.007899852886414342,0.12540627678868882,0.014181666087797666,0.2251269698692255,0.015413077081962118,0.24467501338284522,49.12756181496139,2.509259685491159,2.5814321140669843,0.6902020343723488,105.26324343996936,-0.006861237850777075,105.32201461791992,108.57550133473005,102.06852790110979,0.06178170306773772,0.380730162684865,105.2564412208733,104.79642347430217,0.4600177465711255,0.6365269484798619,-0.17650920190873642,-0.4770793492605404,0.48798603257226053
2023-05-04 00:00:00-04:00,104.62527823765616,104.73437715411652,103.11774126807067,103.83184051513672,23419500.0,-0.006853813985047784,-0.3239628534716551,-0.008335566065569289,-0.02477858134701838,0.007705006943566109,0.12231319333621085,0.012937817472412537,0.20538148523969904,0.015326576552566288,0.24330186004850443,46.15252619904308,1.6166358860458416,2.51251809777976,0.745360532890054,105.09509787868151,-0.012166377454906391,105.11472854614257,108.17857277872247,102.05088431356268,0.0582952413036,0.29064078758246736,105.03727188152922,104.72497288473436,0.3122989967948655,0.5716813581428626,-0.2593823613479971,-0.8374368496701289,0.3242883919759529
2023-05-05 00:00:00-04:00,103.9607606927562,105.01206915340022,103.25658167035746,104.7046127319336,26639300.0,0.008370501167742853,0.43759654413016374,0.0,-0.05530195129462767,0.009711052252028382,0.15415817536572504,0.012702727993341302,0.20164955545487775,0.015216347878071674,0.24155203408813822,50.12773245237335,1.7554874830427565,2.4584444824414025,0.8477527755563286,104.95664644121044,-0.0024070927029939456,104.95108108520508,107.7050520779305,102.19711009247965,0.052481040962114575,0.4552521878548242,104.9860935508222,104.72346472526763,0.2626288255545717,0.5098708516252044,-0.24724202607063273,-0.17899124858070317,0.4711573493441455
2023-05-06 00:00:00-04:00,103.9607606927562,105.01206915340022,103.25658167035746,104.7046127319336,26639300.0,0.0,0.008979756667599748,0.0,-0.0943639480402858,0.009796101567958522,0.1555082914004889,0.012702727993341302,0.20164955545487775,0.015216347878071674,0.24155203408813822,50.12773245237335,1.7554874830427565,2.408233268198642,0.8476700949310446,104.81822200984716,-0.0010850455863337393,104.78743362426758,107.14456133566841,102.43030591286674,0.044988747789218714,0.48243181904539995,104.94278880945473,104.72206828131696,0.2207205281377611,0.45204078692771577,-0.23132025878995466,-0.07027272381840029,0.445036474405147
2023-05-07 00:00:00-04:00,103.9607606927562,105.01206915340022,103.25658167035746,104.7046127319336,26639300.0,0.0,0.008979756667599748,-0.020413869168223076,-0.10160849530401117,0.005400125669026627,0.08572433741244449,0.012702727993341302,0.20164955545487775,0.015216347878071674,0.24155203408813822,50.12773245237335,1.7554874830427565,2.361608569258936,0.8626744257591508,104.79609823169207,-0.0008737485137612751,104.76759719848633,107.12027513988784,102.41491925708482,0.044912320303466896,0.4866143033340097,104.90614633598994,104.72077527765893,0.18537105833101464,0.3987068412083756,-0.21333578287736094,-0.05354278666396148,0.4186334485545449
2023-05-08 00:00:00-04:00,104.3178158732233,107.07502636899284,104.29798314719712,106.88658142089844,26511400.0,0.02062511199559408,1.0572115607800976,0.003912509410444853,-0.08288666364319075,0.010540202163636192,0.16732052215995774,0.01215580821601237,0.19296747314738671,0.015301089653578083,0.24289726807002635,59.470354674438916,2.777043221795722,2.3912824730115636,0.8586507490530564,104.93549547395014,0.018253796884618305,104.92975692749023,107.40030017727965,102.45921367770082,0.0470894686527605,0.8960312157204701,105.2108286567451,104.88120536234334,0.3296232944017561,0.3848901318470517,-0.05526683744529559,1.584124862881882,0.8670815539720942
2023-05-09 00:00:00-04:00,107.50149217757128,109.24706701792464,106.31133198501676,106.4700164794922,36360100.0,-0.00390487545098172,-0.19659663871547123,-0.039373584511345316,-0.08646089399225543,0.009808154300473965,0.15569962259761677,0.01173546158704592,0.1862946772792493,0.015192875691518424,0.24117942467805734,57.26480743795487,2.9357350329078713,2.4301719415755856,1.1488774935328423,105.07680221981549,0.01308550806832143,105.08695678710937,107.52775962781574,102.646153946403,0.046453012159274415,0.7833206495250088,105.40454986024464,104.99889507472474,0.4056547855199,0.38904306258162136,0.016611722938278617,1.1332825981000334,0.7677360900346002
2023-05-10 00:00:00-04:00,107.0849334186618,112.01419380388454,107.04526040460696,110.83394622802734,63153400.0,0.04016969118232886,2.0300873504286616,-0.041348658229144464,-0.040855028694670725,0.01875469682137537,0.2977215822226368,0.014420129978437946,0.22891246677704402,0.015929934595313555,0.2528798720443441,69.87092496062095,5.5441773243923365,2.6526008974910678,1.8899715696543469,105.6478989443313,0.046791145314147534,105.40730895996094,108.92681607096738,101.88780184895451,0.06677918534744723,1.270937108081962,106.23984160913429,105.43112108608048,0.8087205230538075,0.4729785546760586,0.3357419683777489,3.083748432327846,1.85208724136207
2023-05-11 00:00:00-04:00,114.45404112299885,116.95338077292648,113.4721584998331,115.61444854736328,78900000.0,0.04222783457248906,2.111745947198829,-0.007999402462003147,-0.024600460478591435,0.02163660809157929,0.34347050535171986,0.016689420120099552,0.2649363309819669,0.01640485498481505,0.2604189995033934,77.649013050069,6.119434544899136,2.90023187230593,2.1874136661233248,106.7773580690123,0.0764358658401656,105.96073493957519,111.69440347572706,100.22706640342332,0.10822251354563613,1.3418444096410174,107.68208883040029,106.1854416387681,1.4966471916321922,0.6777122820672854,0.8189349095649068,3.3673776385640695,3.0664437240210245
2023-05-12 00:00:00-04:00,115.7235547629223,117.06248707301148,115.15822745124665,116.5467529296875,41102300.0,0.00803156934059398,0.38730963821943626,0.0,-0.027556917557270855,0.020035890617686795,0.3180599032205494,0.016680639791009248,0.2647969475787534,0.016165040199085743,0.2566120578008575,78.79854639102487,1.9042596217648367,2.82909099726728,1.1158458758295924,107.40056206512462,0.07847658244138957,106.56077613830567,113.94521422477689,99.17633805183445,0.13859580145863293,1.176150079020691,109.04588330721371,106.9529461788362,2.092937128377514,0.9607572513293312,1.1321798770481828,2.7046003160827636,3.2821858804120367
2023-05-13 00:00:00-04:00,115.7235547629223,117.06248707301148,115.15822745124665,116.5467529296875,41102300.0,0.0,-0.017142046552084754,0.0,-0.04331188594806623,0.022244438314498422,0.35311951100687766,0.016680639791009248,0.2647969475787534,0.016165040199085743,0.2566120578008575,78.79854639102487,1.9042596217648367,2.76303161330282,1.0931400259280433,107.99840346107813,0.07334695522376827,107.16081733703614,115.71376428751587,98.6078703865564,0.15962825150128318,1.0486960019157436,110.19986324913276,107.66359853075112,2.536264718381645,1.275858744739794,1.260405973641851,2.194784007662973,3.158462824916909
2023-05-14 00:00:00-04:00,115.7235547629223,117.06248707301148,115.15822745124665,116.5467529296875,41102300.0,0.0,-0.017142046552084754,0.008582982008868534,-0.042766234748489174,0.021364783877229673,0.3391554297227522,0.016680639791009248,0.2647969475787534,0.016165040199085743,0.2566120578008575,78.79854639102487,1.9042596217648367,2.701690756764392,1.0681973346459384,108.54359773950452,0.06866905331126018,107.73308792114258,117.1897008127346,98.27647502955057,0.17555633230366469,0.9660053821374696,111.17630781537196,108.32160996770936,2.8546978476625924,1.5916265653243538,1.2630712823382386,1.8640215285498778,2.993893980450712
2023-05-15 00:00:00-04:00,115.1582242641456,117.50879963545604,115.0590454970422,115.55494689941406,36266800.0,-0.008546357633812944,-0.445632632591439,-0.025102455521076594,-0.050912237935129334,0.0198288974830927,0.3147739890771472,0.01694696983461694,0.26902480595105904,0.016242743608431726,0.25784556118376545,73.75822322734487,2.4497541384138373,2.6836952840250667,0.9554373118413418,109.2193735596583,0.05482736576626728,108.36089973449707,118.15525848855432,98.56654098043981,0.18077293152890256,0.8672546281775161,111.84994459753229,108.85741270339119,2.992531894141095,1.871807631087702,1.120724263053393,1.4690185127100637,2.55744857360634
2023-05-16 00:00:00-04:00,115.535101164742,119.76018303268906,115.47559542065336,118.53034973144533,45035600.0,0.025422896091571303,1.2539648116653528,-0.011006177706211706,-0.026474353700262854,0.012843161738273084,0.2038788720435036,0.016538894431890303,0.2625468097603958,0.01610981592128913,0.2557353995685596,78.2524435054111,4.284587612035693,2.7980447360258256,1.1995826088809483,110.22967583394785,0.07002994521069367,109.14442405700683,119.5725545860011,98.71629352801256,0.19108865375564388,0.9500291614274466,112.87769923351891,109.57392655732113,3.303772676197781,2.158200640109718,1.1455720360880628,1.8001166457097855,3.0121695674363242
2023-05-17 00:00:00-04:00,118.62952082286564,120.67263195090872,117.91542167256014,119.84943389892578,33323600.0,0.01106719379573049,0.5371501373106328,-0.016201429857693683,-0.03366666877868174,0.013092709980645588,0.2078403275800891,0.01645894712674642,0.26127768563599274,0.015959306421013,0.25334613532246014,79.89624622157231,2.7572102783485803,2.7951279890488796,0.9078900389312521,110.90665134851072,0.07461681093927315,109.80149307250977,121.19465441837306,98.40833172664648,0.20752288565583663,0.9409636852050852,113.95027379742767,110.33507524929185,3.6151985481358224,2.449600221714939,1.1655983264208833,1.7638547408203418,3.0194358552203546
2023-05-18 00:00:00-04:00,119.95854884860572,122.29920412469264,119.83953735220288,121.8231430053711,35234200.0,0.0163341080247732,0.7963759217247605,0.0005703543208726014,0.0022031694835606963,0.013384172649286395,0.2124671540061859,0.01518689480205256,0.24108448100118346,0.015241028459017631,0.24194382616451182,82.07896432722414,2.4596667724897543,2.7711664735803705,0.96112936560339,111.65043648103645,0.0835038915708006,110.56964454650878,123.03537620102436,98.1039128919932,0.22548198840002842,0.9513773748204282,115.16148444480358,111.18604323122364,3.9754412135799413,2.75476842008794,1.2206727934920014,1.8055094992817133,3.117382623167275
2023-05-19 00:00:00-04:00,122.53722528891174,124.93738598095622,121.1487000105305,121.75370025634766,41353400.0,-0.0005701917306667368,-0.049498208637779435,0.0,0.015384585039638798,0.013480570724776266,0.21399742601385446,0.015141742130051062,0.24036770455430728,0.015197625622518966,0.24125482749509022,81.74268679929264,3.7886859704257176,2.8438464376407526,1.1200859591907821,112.47029574880749,0.07624741168436215,111.33432388305664,124.58989970404794,98.07874806206534,0.2381219979368571,0.8930186252939338,116.17567149273343,111.96883264049208,4.206838852241347,3.0451825065186218,1.1616563457227254,1.5720745011757356,2.8485821599931618
2023-05-20 00:00:00-04:00,122.53722528891174,124.93738598095622,121.1487000105305,121.75370025634766,41353400.0,0.0,-0.020767092992478524,0.0,-0.0058310743353114924,0.011066146521807381,0.17566963001102842,0.015141742130051062,0.24036770455430728,0.015197625622518966,0.24125482749509022,81.74268679929264,3.7886859704257176,2.9113349756968216,1.1122328154322727,113.27865862625468,0.06960808264758366,112.0990032196045,125.92296918863528,98.27503725057372,0.24663851723907512,0.8492014179712302,117.0338297640587,112.69363764907398,4.340192114984717,3.3041844282118413,1.0360076867728756,1.396805671884921,2.627243139274743
2023-05-21 00:00:00-04:00,122.53722528891174,124.93738598095622,121.1487000105305,121.75370025634766,41353400.0,0.0,-0.020767092992478524,-0.01831277020080402,-0.014846412105242401,0.007836282415092433,0.1243971268416192,0.015141742130051062,0.24036770455430728,0.015197625622518966,0.24125482749509022,81.74268679929264,3.7886859704257176,2.974002903891743,1.0907126660760333,113.98566064779229,0.06380126100644223,112.87062530517578,127.05480845530548,98.68644215504608,0.25133524531788465,0.813133116554923,117.7599636859493,113.36475339776091,4.3952102881883945,3.522389600207152,0.8728206879812426,1.2525324662196917,2.447766399026176
2023-05-22 00:00:00-04:00,121.93223602252743,125.39362560112352,121.73387092669454,124.02494049072266,35253000.0,0.018482524620081684,0.9057437923252578,0.020316709849884873,0.00353102086931556,0.009671713613016202,0.1535336938312732,0.015254082696420356,0.24215105575885107,0.015294695367244088,0.2427957619213174,84.3601923120316,3.6597546744289815,3.0229851732158317,0.9246227728978752,114.83714172610692,0.07408025134511556,113.84903869628906,128.28682383245086,99.41125356012726,0.253630338938161,0.8524052234627865,118.72380627129905,114.15439688612844,4.569409385170616,3.7317935571998446,0.837615827970771,1.4096208938511472,2.616546785184402
2023-05-23 00:00:00-04:00,123.14222636559452,123.60836727655008,121.2082065683112,121.55533599853516,34046300.0,-0.02011307895390484,-1.0620081472339937,0.013730294375933427,-0.016451449651391892,0.013651887445510822,0.2167169946447989,0.0154603686475871,0.24542574371337278,0.014997456156098578,0.23807723572578918,72.23359429132944,2.8167339224114585,3.0082529410155194,0.8788535819240569,115.421856809773,0.05045832943801057,114.69950904846192,128.83054215507153,100.56847594185231,0.2464009344737313,0.7425805282016682,119.15942622933538,114.70261459815856,4.456811631176819,3.87679717199524,0.5800144591815792,0.9703221128066727,2.094813694353939
2023-05-24 00:00:00-04:00,120.1271486155692,120.91067367529487,118.87747506501968,119.90895080566406,34182600.0,-0.01363688791176044,-0.7258654092063137,-0.020894210614909037,-0.029772952623365878,0.01487855348069335,0.23618971426973437,0.01607002545779329,0.2551037455427877,0.014975007723011946,0.23772087789816737,65.47627961726567,2.6778609335154755,2.9846535119083737,0.8702822983074322,115.96263950249886,0.032910898449615936,115.50336456298828,128.83806286590988,102.16866626006669,0.2308971405876179,0.6651925728874769,119.27473770261672,115.08826913204786,4.186468570568863,3.938731451709965,0.2477371188588977,0.6607702915499076,1.7559776869642374
2023-05-25 00:00:00-04:00,123.499287518752,124.29273282527676,120.96027464484123,122.4678192138672,42317000.0,0.021115583673510695,1.0427311522014773,-0.00906821520689094,-0.0015362509952228098,0.018514400445981762,0.29390699552118654,0.016064461860397825,0.25501542617216794,0.014970407649955433,0.23764785400224578,70.15016480655152,4.3837820196126955,3.0845912624586824,1.0563013328137987,116.68051808637448,0.04725568859347681,116.39152488708496,129.0467202977633,103.73632947640662,0.21745905336244264,0.7400711379634295,119.76598101203987,115.63490247144189,4.131078540597983,3.977200869487569,0.15387767111041395,0.9602845518537196,2.0275144267416305
2023-05-26 00:00:00-04:00,122.1603483083236,124.2332200823341,121.44624908602052,123.58854675292967,35635900.0,0.009109581740732333,0.4266128910550073,0.0,0.014161258985038394,0.018816283042500184,0.2986992331743437,0.01606644395824534,0.2550468910000403,0.014984476797063108,0.23787119478867993,71.94182887395475,2.7869709963135847,3.063332672019747,0.8796530055862171,117.37810535830955,0.05025094604466575,117.33572158813476,129.1064651724038,105.56497800386573,0.20063359094660083,0.765608757850756,120.35406804909984,116.22406130710766,4.130006741992176,4.007762043988491,0.12224469800368531,1.0624350314030253,2.0754899276178014
2023-05-27 00:00:00-04:00,122.1603483083236,124.2332200823341,121.44624908602052,123.58854675292967,35635900.0,0.0,-0.03902691772416631,0.0,0.007193672940254636,0.01670978878706771,0.26525967354598073,0.01606644395824534,0.2550468910000403,0.014984476797063108,0.23787119478867993,71.94182887395475,2.7869709963135847,3.0435925523264498,0.8699927699774994,118.06037100373568,0.04473048591019981,118.27991828918456,128.74124742784628,107.81858915052284,0.17689104439664285,0.7537262901004677,120.85168015738135,116.76957874753893,4.082101409842423,4.022629917159278,0.05947149268314522,1.0149051604018688,1.9773902849102674
2023-05-28 00:00:00-04:00,122.1603483083236,124.2332200823341,121.44624908602052,123.58854675292967,35635900.0,0.0,-0.03902691772416631,0.0,-0.0004812795223338995,0.01284311951184525,0.20387820171974277,0.01606644395824534,0.2550468910000403,0.014984476797063108,0.23787119478867993,71.94182887395475,2.7869709963135847,3.0252624411826736,0.8604095334880028,118.6558148034351,0.039912532990259764,119.11501655578613,128.34041415126214,109.88961896031013,0.1548989852367673,0.7424573115058635,121.27273655669647,117.27468748867899,3.9980490680174796,4.017713747330918,-0.01966467931343807,0.9698292460234558,1.8884067231941264
2023-05-29 00:00:00-04:00,122.1603483083236,124.2332200823341,121.44624908602052,123.58854675292967,35635900.0,0.0,-0.03849542467589004,0.007600890724522191,-0.0004812795223338995,0.00930242211067158,0.14767137297231342,0.015878711360906003,0.2520667284067996,0.014443495178828921,0.22928337783445027,71.94182887395475,2.7869709963135847,3.008241623692024,0.8611624227063717,119.40356956443912,0.03386217654016831,119.970943069458,127.22174419156364,112.72014194735236,0.12087595440352154,0.7494623437155531,121.62901504842465,117.74238076751237,3.8866342809122756,3.9914978540471893,-0.10486357313491368,0.997849374862213,1.8096991882129891
2023-05-30 00:00:00-04:00,124.61010271936992,124.62994301273424,120.99994114625623,122.65625,35076700.0,-0.00757214950200329,-0.42856191761294393,0.006510879774827227,-0.00802120196722389,0.005912892439281251,0.09386425754047364,0.016023151980009625,0.25435965215098594,0.014341993628065038,0.2276720906683985,67.41431652699922,3.630001866478011,3.052653069605309,0.8774148845626865,120.22315184795583,0.019836723787366454,120.56205825805664,126.4819600004954,114.64215651561787,0.09820505435910085,0.6768772382597551,121.78705119482085,118.10637108102998,3.6806801137908707,3.929334305995926,-0.24865419220505514,0.7075089530390203,1.6160290240355601
2023-05-31 00:00:00-04:00,121.74379679384124,123.0430560734654,121.49584608754014,121.8628158569336,37325800.0,-0.006489775552279531,-0.3762298209686275,-0.006870294031697477,-0.024918632842510502,0.0038699834480654506,0.06143408268910459,0.01429783272391953,0.22697105804815382,0.014393830284204785,0.2284949720740561,63.737959171494616,1.5472099859252495,2.945121420771019,0.9848855954234739,120.78363204133896,0.008855726892619889,120.87447662353516,126.33680498423563,115.41214826283469,0.09038017807039525,0.5904686763715258,121.79870729668434,118.38462624961544,3.4140810470689047,3.826283654210522,-0.41220260714161716,0.36187470548610307,1.4546961912451
2023-06-01 00:00:00-04:00,121.8132170497212,123.40009998321425,121.6148595206051,122.70584106445312,30772700.0,0.0068940031565786495,0.3105785455566151,-0.007620135698612418,-0.02819892601760765,0.00584606905228322,0.09280346915791475,0.011429505212944266,0.1814377704118012,0.01436503264899335,0.22803782378735885,65.86778650560004,1.7852404626091527,2.8622727809023143,0.8231926828149329,121.09567553205507,0.013122158802141232,121.18243103027343,126.30110443639629,116.06375762415058,0.08447880377716008,0.6488090676343424,121.93826633787954,118.70471623589971,3.23355010197983,3.7077369437643837,-0.4741868417845536,0.5952362705373702,1.5058085919385793
2023-06-02 00:00:00-04:00,122.9736298084888,125.11592753657705,122.74551939681676,123.64805603027344,26980100.0,0.0076493172722005695,0.3452209423270348,0.0,0.017714366020789685,0.007166722067166419,0.11376818583144652,0.01142111625558668,0.1813045998422374,0.01403086460757343,0.222733070585143,68.12142946966563,2.410086472123922,2.829973758846715,0.7356331554469167,121.44445196374208,0.01782158278324921,121.53749618530273,126.27307824223385,116.8019141283716,0.07792791863526617,0.7228405948410964,122.20131090594013,119.07088955400147,3.130421351938665,3.59227382539924,-0.4618524734605751,0.8913623793643857,1.5638605537915515
2023-06-03 00:00:00-04:00,122.9736298084888,125.11592753657705,122.74551939681676,123.64805603027344,26980100.0,0.0,-0.047507324529492,0.0,0.020714007384980304,0.007166722067166419,0.11376818583144652,0.01142111625558668,0.1813045998422374,0.01403086460757343,0.222733070585143,68.12142946966564,2.3704081397602863,2.7971476431976847,0.7500740549428598,121.80692175701633,0.014890119039205407,121.89256134033204,126.0864860708407,117.69863660982337,0.06881346465103734,0.709290199842056,122.42388707891449,119.40993892261422,3.0139481563002732,3.4766086915794467,-0.4626605352791735,0.8371607993682247,1.5039148832058145
2023-06-04 00:00:00-04:00,122.9736298084888,125.11592753657705,122.74551939681676,123.64805603027344,26980100.0,0.0,-0.047507324529492,-0.010634091518860744,0.01996242448599883,0.005813445707089516,0.09228558960800942,0.01142111625558668,0.1813045998422374,0.01403086460757343,0.222733070585143,68.12142946966564,2.3704081397602863,2.7666662500950134,0.7598833760777883,122.19617481044004,0.01174204647000616,122.297216796875,125.31258990284708,119.28184369090293,0.04931221142964104,0.7239920543701602,122.61222076373893,119.72387352318157,2.8883472405573656,3.3589564013750306,-0.470609160817665,0.8959682174806411,1.448331014086934
2023-06-05 00:00:00-04:00,122.99346805796284,126.38543183753264,122.82485583017812,124.9770736694336,32305500.0,0.01069103754269893,0.4979014648815773,-0.010211304029633217,0.030925379318791135,0.004821386044141276,0.0765371306846118,0.01123411882831892,0.1783361077120811,0.014059706354335427,0.22319091912099667,71.44316827174359,3.5605760073545127,2.8233740898992634,0.9264799826207033,122.5617293311963,0.019326299354919408,122.61955299377442,125.29904976472105,119.94005622282779,0.043704233224250454,0.93991855135289,122.97604428769196,120.11299945994098,2.863044827750983,3.259774086650221,-0.39672925889923816,1.7596742054115582,1.5498774235648214
2023-06-06 00:00:00-04:00,124.97707929168564,127.23838101293812,124.33240592558523,126.26641845703124,26638300.0,0.010263797048492403,0.4724285025517573,0.039265412941479116,0.04156107613261306,0.0053506160289734225,0.08493839624195788,0.010211152481326275,0.16209702038969664,0.014089462933179482,0.22366329016593342,74.2467993147767,2.9059750873528856,2.8292741611459507,0.7713463603824663,122.83546772501914,0.027172313699383607,122.94040222167969,125.7565501079612,120.12425433539818,0.0458132206400884,1.0905258476576793,123.48225569835955,120.56880827454026,2.9134474238192922,3.1905087540840356,-0.27706133026474333,2.3621033906307223,1.6362296272604036
2023-06-07 00:00:00-04:00,125.92919376166726,127.98221754198131,121.11895203748432,121.49583435058594,52539000.0,-0.03851412987198273,-2.008009720904158,0.002947429518872946,-0.009220303070404445,0.020256580679105178,0.3215632493365691,0.013467918453395546,0.21379657743229355,0.015020805762590303,0.2384478992377191,53.36891860011462,6.863265504496994,3.1174163999567397,1.484150446115189,122.78643594932629,-0.010622599578321493,122.92403678894043,125.77115625615016,120.07691732173069,0.0463232341140605,0.24918466632624817,123.17665241408669,120.63747687276587,2.539175541320816,3.060242111531392,-0.5210665702105759,-1.0032613346950057,1.0267865152891245
2023-06-08 00:00:00-04:00,121.22805249747212,122.21985523958172,120.24616233464845,121.13878631591795,29389200.0,-0.0029430943647737557,-0.19689865236030482,-0.0007363305426826283,-0.013647749580543267,0.020171602697804165,0.3202142657039364,0.012994053252567882,0.2062742005741475,0.014366756703299587,0.22806519230100528,52.18613955938252,1.973692904933273,3.035721864597921,0.8444725911043783,122.77822377950977,-0.013533547045091965,122.89329109191894,125.80614643484573,119.98043574899215,0.04740462749505338,0.19883420742787603,122.86313455282996,120.67461090559195,2.1885236472380143,2.8858984186727166,-0.6973747714347023,-1.2046631702884945,0.9527137022438835
2023-06-09 00:00:00-04:00,121.2478829569892,122.74550718830598,120.9106736630639,121.2280502319336,23778300.0,0.0007366017671653468,-0.012146286376961836,0.0,-0.011643921675955404,0.020211686754824352,0.3208505803824201,0.012995664015119077,0.20629977063693733,0.014365492315450059,0.22804512076614178,52.46974809998413,1.8348335252420753,2.9499441260725034,0.7009474521553686,122.78634072906846,-0.01285420737324027,122.86700859069825,125.83217457109623,119.90184261030026,0.048266267965808754,0.22363126219587318,122.6115831188459,120.71560641124688,1.8959767075990186,2.687914076457977,-0.7919373688589584,-1.1054749512165087,0.9318280160347604
2023-06-10 00:00:00-04:00,121.2478829569892,122.74550718830598,120.9106736630639,121.2280502319336,23778300.0,0.0,-0.04998516474484831,0.0,-0.022863415030716316,0.018790718941180062,0.2982934156468403,0.012995664015119077,0.20629977063693733,0.014365492315450059,0.22804512076614178,52.46974809998413,1.8348335252420753,2.87029336887033,0.7195878990434971,122.79488939021032,-0.012924724560685778,122.84072608947754,125.85633138930821,119.82512078964687,0.04909780975462636,0.23261158255118747,122.39873190547478,120.75356521277922,1.645166692695554,2.4793645997054927,-0.8341979070099388,-1.0695536697952515,0.9010895101716351
2023-06-11 00:00:00-04:00,121.2478829569892,122.74550718830598,120.9106736630639,121.2280502319336,23778300.0,0.0,-0.04998516474484831,-0.011404041050715241,-0.010523769195322052,0.017036055643378213,0.27043899932302334,0.012995664015119077,0.20629977063693733,0.014365492315450059,0.22804512076614178,52.46974809998413,1.8348335252420753,2.796331951468312,0.73230256482827,122.67074666507145,-0.01190068165228828,122.70088157653808,125.74453373551964,119.65722941755652,0.04961092568977177,0.2580486751322278,122.2186270326223,120.7887122512351,1.4299147813871969,2.2694746360418336,-0.8395598546546368,-0.9678052994710887,0.8712468116325867
2023-06-12 00:00:00-04:00,121.78345693305364,123.0331304793446,120.66272258318774,122.6264877319336,28306400.0,0.011469565767556998,0.5453778106600717,-0.0015343903149781513,0.0008904263136264579,0.0055586513784664235,0.08824085503397121,0.012574699041686224,0.19961715885470388,0.014175525743298433,0.22502949492217011,57.412500064490715,2.3704078961568626,2.7659088046603517,0.8795287040604531,122.7277986964028,-0.000826175211759113,122.754439163208,125.7505429200784,119.75833540633761,0.048814589147149805,0.4786470293325115,122.28137483251633,120.92484376832388,1.3565310641924526,2.0868859216719575,-0.7303548574795049,-0.08541188266995378,1.0054992537892207
2023-06-13 00:00:00-04:00,123.95550842884325,124.1340332227792,122.17026048948374,122.81493377685548,22278300.0,0.0015355686973507093,0.03896192090792563,0.0012937276074842519,0.0024285429614041565,0.004916412039018326,0.07804562158779885,0.011750203377276931,0.18652869594423613,0.014083023619129963,0.22356106922440017,58.04564681220495,1.9637727332954569,2.708613370991431,0.7052687245644246,122.88338875169183,-0.0005573831514717854,122.89973831176758,125.58002297587556,120.21945364765959,0.043617418571042656,0.48417993878640525,122.36346082395312,121.06485043562252,1.2986103883306015,1.9292308150036863,-0.6306204266730848,-0.06328024485437908,0.9947726555586881
2023-06-14 00:00:00-04:00,122.09092270879414,123.0331399053738,120.45444658155986,122.65625,30592300.0,-0.001292891463007458,-0.1077554280286301,-0.011351671326578772,0.001133349108888737,0.005199643046128393,0.08254177443817247,0.011308574295243224,0.17951805160746653,0.0140413929357891,0.22290020261422258,57.2734890172992,2.578693323813937,2.6993333676216102,0.9867799491325602,122.90054394786168,-0.001991695880655718,122.90915985107422,125.58437179844262,120.23394790370583,0.04353153093894515,0.452730875898822,122.40850531257571,121.18273188483568,1.2257734277400374,1.7885393375509566,-0.5627659098109192,-0.18907649640471252,0.9441693950989033
2023-06-15 00:00:00-04:00,122.1305783040258,124.43156016043682,121.39664645820903,124.06459045410156,35246300.0,0.011416593330639026,0.5481007473593963,0.012628373581756946,0.016165647047060805,0.006303381388457929,0.10006307743591623,0.010626836620779482,0.1686958015313791,0.013759102874584506,0.2184189868170272,62.093124598692285,3.034913702227783,2.7233033915220513,1.137613381932545,122.92718905819555,0.009167816471588637,122.9329620361328,125.64188404008489,120.22404003218072,0.04407153230645933,0.7088706164883685,122.66328764204124,121.39620288996647,1.2670847520747657,1.6842484204557184,-0.41716366838095276,0.8354824659534723,1.0756023796836265
2023-06-16 00:00:00-04:00,124.89772318191494,125.07624798326508,122.26944432692576,122.51739501953124,45535600.0,-0.012549300684269238,-0.6983276232747336,0.0,0.02471998329675662,0.010012725833789047,0.158947095012466,0.0108108188574049,0.1716164289939649,0.013814403959803153,0.2192968643293504,54.78210880359639,2.806803656339312,2.7292676961518554,1.4466007712455073,122.86011243812843,-0.0027972959965607714,122.8794044494629,125.5760793546084,120.1827295443174,0.04389140584180764,0.4328785555053533,122.64084262319355,121.47925415882312,1.1615884643704248,1.5797164292386596,-0.4181279648682348,-0.26848577797858675,0.862005200021389
2023-06-17 00:00:00-04:00,124.89772318191494,125.07624798326508,122.26944432692576,122.51739501953124,45535600.0,0.0,-0.04630776239986315,0.0,0.003085600394073351,0.008539535405660936,0.13556092197245947,0.0108108188574049,0.1716164289939649,0.013814403959803153,0.2192968643293504,54.78210880359639,2.806803656339312,2.7348059790223878,1.424205195442103,122.7951127138562,-0.002266761338507811,122.82584686279297,125.50571581297429,120.14597791261166,0.04363688944355433,0.4424502001784702,122.62185068416858,121.55615348183854,1.0656972023300426,1.4769125838569364,-0.41121538152689374,-0.23019919928611965,0.8335360286746818
2023-06-18 00:00:00-04:00,124.89772318191494,125.07624798326508,122.26944432692576,122.51739501953124,45535600.0,0.0,-0.04630776239986315,0.0,0.009726983370056841,0.008489970750135955,0.13477410745843338,0.0108108188574049,0.1716164289939649,0.013814403959803153,0.2192968643293504,54.78210880359639,2.806803656339312,2.7399486702593108,1.4024924828964238,122.73209489546831,-0.0017524032069311066,122.77228927612305,125.43070695621189,120.1138715960342,0.04330647731280611,0.45205902772522705,122.60578058191668,121.62735655870466,0.978424023212014,1.377214871727952,-0.39879084851593793,-0.19176388909909184,0.805905065276702
2023-06-19 00:00:00-04:00,124.89772318191494,125.07624798326508,122.26944432692576,122.51739501953124,45535600.0,0.0,-0.04805014975688038,0.0034931605291605994,0.009726983370056841,0.008478899482710004,0.13459835653658925,0.0108108188574049,0.1716164289939649,0.013309698627308136,0.2112849155584505,54.78210880359639,2.806803656339312,2.7447240264078823,1.3802610867287228,122.72130984533756,-0.0016643744814670183,122.76534652709961,125.42576472144239,120.10492833275683,0.04334151728648463,0.45339990004285274,122.59218280308815,121.6932853335807,0.8988974695074461,1.2815513912838508,-0.38265392177640467,-0.18640039982858925,0.7784054684749567
2023-06-20 00:00:00-04:00,121.9223072208865,123.5488630569753,121.13878217339122,122.09091186523438,26097500.0,-0.0034870736148465485,-0.23008173619188635,0.02115293217982961,0.006212122898385353,0.005436257212625543,0.08629790788553021,0.010711886689860166,0.17004592952203723,0.01316608670035024,0.20900514689425032,52.49065230350042,2.4100808835840866,2.720820944777611,0.8047542404358053,122.7453501936393,-0.005360254243389547,122.77675132751465,125.42279575228542,120.13070690274387,0.04310334645868402,0.37040288215499567,122.5150641972645,121.72273915074024,0.7923250465242546,1.1837061223319316,-0.391381075807677,-0.5183884713800166,0.6990990889972255
2023-06-21 00:00:00-04:00,121.39666224993184,121.654533092438,119.11551282046044,119.56182861328124,30306300.0,-0.020932314625597026,-1.1291412213327767,-0.021112482683396827,0.018675093825289757,0.009097529521425602,0.14441880395256362,0.0115642721580096,0.18357712934136985,0.013478799637089738,0.21396931086844262,41.4249136241505,2.975399044773937,2.7390050947773488,0.935211205019096,122.59836284168387,-0.0253971879120735,122.61955070495605,125.63159064294771,119.6075107669644,0.0491282168410346,-0.0075832582939818665,122.06072026126708,121.56267170352105,0.4980485577460314,1.0465746094147517,-0.5485260516687203,-2.030333033175925,0.35590585175696043
2023-06-22 00:00:00-04:00,119.01633780765464,122.22977680974192,117.8559303300752,122.14051818847656,26952200.0,0.021338538541277503,1.0606582321463267,0.006620953359687709,0.040733654336467584,0.015031270555779366,0.23861402267951903,0.012447372742258394,0.19759591651283878,0.013652046206991265,0.21671951490516908,52.43532604143251,4.3738464796667245,2.855779479412304,0.8317440449518646,122.53562337163031,-0.0032348412223374865,122.5441738128662,125.5231118865918,119.5652357391406,0.04861819180852538,0.4322484028872725,122.07299686545315,121.60547514685109,0.4675217186020575,0.9307640312522129,-0.46324231265015536,-0.2710063884509102,0.6608562305479875
2023-06-23 00:00:00-04:00,120.3850207964695,121.78346637257002,120.0676442040492,121.33715057373048,34913600.0,-0.006599131117730872,-0.39185356442584646,0.0,0.01797305632144397,0.015251744415343403,0.24211393669750114,0.012385161266966132,0.19660833995893218,0.0136990994590376,0.21746646212491774,49.32465123767,2.0728739844273605,2.7998576583419514,1.0644028411839048,122.42608968009237,-0.008974490510226694,122.42862854003906,125.40655353899352,119.4507035410846,0.048647526881027886,0.3167385063942532,121.95978974364967,121.58559925254585,0.37419049110381764,0.8194493232225338,-0.4452588321187162,-0.7330459744229869,0.5306352403040387
2023-06-24 00:00:00-04:00,120.3850207964695,121.78346637257002,120.0676442040492,121.33715057373048,34913600.0,0.0,-0.04881400905584451,0.0,0.027204087656489406,0.015251744415343403,0.24211393669750114,0.012385161266966132,0.19660833995893218,0.0136990994590376,0.21746646212491774,49.32465123767,1.7158221685208161,2.722426551926156,1.0516844645381516,122.3191735891291,-0.008093341657977078,122.31308326721191,125.27105140759353,119.35511512683028,0.04836715846528835,0.335033264868851,121.86399910212364,121.56719564670766,0.29680345541598285,0.7149201496612236,-0.4181166942452408,-0.6598669405245946,0.5050158506482909
2023-06-25 00:00:00-04:00,120.3850207964695,121.78346637257002,120.0676442040492,121.33715057373048,34913600.0,0.0,-0.04881400905584451,0.03380096037990876,0.02205523039183066,0.015242810881272299,0.24197212124061476,0.012385161266966132,0.19660833995893218,0.0136990994590376,0.21746646212491774,49.32465123767,1.7158221685208161,2.6505262388257744,1.047569482835779,122.13891967829669,-0.0066077792397062265,122.13108711242675,124.83600004884578,119.42617417600773,0.04429524047270677,0.3532417572472132,121.78294548237085,121.55015527093158,0.2327902114392657,0.618494162016832,-0.38570395057756635,-0.5870329710111476,0.47918083444389714
2023-06-26 00:00:00-04:00,119.77010249354858,120.99993578775404,117.30050819204033,117.36993408203124,33969900.0,-0.033242262759742576,-1.762721311801653,8.451100502293585e-05,-0.011361693825242547,0.019592464500771213,0.3110207318394113,0.01394228155978442,0.22132685829618776,0.014408154429988341,0.22872236083897646,36.11160265084172,4.036642381690157,2.749534534744659,1.0081652125589204,121.73536821590505,-0.03719380238232702,121.68626289367675,124.45312973684199,118.91939605051152,0.04547541813463002,-0.2800029882731433,121.10402065154936,121.24050925693896,-0.1364886053896015,0.4674976085355454,-0.6039862139251468,-3.120011953092569,-0.11230565383716139
2023-06-27 00:00:00-04:00,116.12026248820284,118.10386789770332,115.1482925081318,117.36001586914062,39535900.0,-8.450743416918159e-05,-0.03753775076117983,-0.015393607981203261,-0.011445237581734657,0.014403022142017618,0.22864088829321266,0.013629773029666387,0.21636593917651586,0.014133889498132515,0.2243685400207569,36.08557680403174,2.9555753895715213,2.7642517386608634,1.196439844065388,121.4926681589874,-0.035213460557595576,121.47947196960449,124.85706915878771,118.10187478042127,0.055607702839346095,-0.1098205128865652,120.52801991579418,120.95306530228723,-0.42504538649305346,0.28898900952982565,-0.7140343960228791,-2.4392820515462574,-0.14373890355889468
2023-06-28 00:00:00-04:00,116.1301803056411,119.4031324056984,115.89214976448288,119.19485473632812,27091400.0,0.01551331968358186,0.7676108017564776,0.009068050748221923,0.002335258841362764,0.017904290398410197,0.28422179877164966,0.011640706385920878,0.18479048509360868,0.014227415472390346,0.2258532188348244,44.11044561825305,3.51098264121552,2.8175896602719104,0.8227033747315875,121.41393887955466,-0.01861728132590448,121.382275390625,124.90970889501368,117.85484188623631,0.058121064101606466,0.1899416173862134,120.32291758049172,120.82282748258656,-0.4999099020948421,0.1312092272048921,-0.6311191292997342,-1.2402335304551482,0.1008553391075756
2023-06-29 00:00:00-04:00,118.26255477904468,119.0758327106557,117.33026536325184,118.12370300292967,24090900.0,-0.009027182851676096,-0.5050514634844608,-0.005012496860682836,-0.006672287267312282,0.01791036273280135,0.28431819409170933,0.011768830433984422,0.18682439130246684,0.013597513938491982,0.21585384197990526,40.88327110145165,1.864589373076285,2.749518211186509,0.7312380256278881,121.30034985298087,-0.026892543742659446,121.2270580291748,125.04435657458663,117.40975948376297,0.06297766534090352,0.09351423666152901,119.9845768762514,120.62289233594531,-0.6383154596939136,-0.022695710174869044,-0.6156197495190445,-1.625943053353881,-0.09592180041250777
2023-06-30 00:00:00-04:00,119.184928998666,120.08747309044963,118.70886793868348,118.71878051757812,29532200.0,0.005025101561395158,0.2264184532664054,0.0,-0.01683784451126047,0.018420616526669563,0.2924182219563244,0.011841104074959464,0.1879716997846576,0.013594704249963023,0.2158092395572502,43.36236701878034,1.9637700875199613,2.693393345210327,0.8886393381529324,121.18823217398953,-0.020800850932306943,121.10159454345703,125.0802886493313,117.12290043758276,0.06570836859537012,0.20055325158563467,119.78983897491705,120.48184701606625,-0.692008041149208,-0.15655817636973685,-0.5354498647794712,-1.1977869936574608,-0.035772923324561674
2023-07-01 00:00:00-04:00,119.184928998666,120.08747309044963,118.70886793868348,118.71878051757812,29532200.0,0.0,-0.03477131500526039,0.0,-0.00341353760120644,0.008962391825970558,0.14227355954301704,0.011841104074959464,0.1879716997846576,0.013594704249963023,0.2158092395572502,43.36236701878034,1.378605151766152,2.5994799028214577,0.8810125071783895,121.07803901611764,-0.01987266452918284,120.97613105773925,125.09385966410193,116.85840245137658,0.06807505861461835,0.22589857710958774,119.62506075071107,120.35124949765972,-0.726188746948651,-0.2704842904855197,-0.4557044564631313,-1.0964056915616476,-0.07850655460156243
2023-07-02 00:00:00-04:00,119.184928998666,120.08747309044963,118.70886793868348,118.71878051757812,29532200.0,0.0,-0.03477131500526039,-0.0016681520133595695,0.0018412179671660756,0.008956883409918046,0.14218611614906013,0.011841104074959464,0.1879716997846576,0.013594704249963023,0.2158092395572502,43.36236701878034,1.378605151766152,2.5122745634603647,0.879404586499212,120.90904228071987,-0.018449159885174586,120.78074569702149,124.93938838259565,116.62210301144732,0.06886267610908978,0.25208675818722376,119.48563302253677,120.23032586950553,-0.7446928469687606,-0.3653260017821679,-0.3793668451865927,-0.9916529672511057,-0.1261870366738548
2023-07-03 00:00:00-04:00,118.26255895127434,119.2047761131289,117.8460036082336,118.91715240478516,14467900.0,0.001669544928207509,0.05452727322241649,0.0,0.003515233925075245,0.005206748290227737,0.0826545666915201,0.011513853357697949,0.18277675569920873,0.013589157423077453,0.2157211864102217,44.33428883652184,1.358772504895299,2.429881559277146,0.4358914566130144,120.80166773738111,-0.015847296159440503,120.58585662841797,124.70828288177735,116.46343037505859,0.06837329631554591,0.29760654029008005,119.39817446595961,120.13305376100773,-0.7348792950481169,-0.4392366604353577,-0.2956426346127592,-0.8095738388396799,-0.1463617954466962
2023-07-04 00:00:00-04:00,118.26255895127434,119.2047761131289,117.8460036082336,118.91715240478516,14467900.0,0.0,-0.028471416504145086,-0.015195040134694637,0.003515233925075245,0.0021837678245117892,0.03466623950857641,0.011498726184468542,0.1825366192687823,0.013361203388973656,0.2121025283026662,44.33428883652184,1.358772504895299,2.3533737696784427,0.44674281232534513,120.67197785287613,-0.014756705930172913,120.39890174865722,124.4647387259957,116.33306477131875,0.06753943629529532,0.3177805268471401,119.32417107193277,120.04298699388013,-0.7188159219473675,-0.49515251273775973,-0.2236634092096078,-0.7288778926114406,-0.20891051637803287
2023-07-05 00:00:00-04:00,118.262556645478,121.60493460466256,118.25264406620929,120.75198364257812,27584800.0,0.01531166770570385,0.786397365117364,0.013654214449884572,0.045513156900390594,0.006700041635944838,0.1063598636549304,0.012072826425531672,0.19165017806163395,0.013463954950826933,0.21373365877958966,52.98830182577164,3.352290538453275,2.4247249674480735,0.8619650664914705,120.48859982553772,0.0021811966072542007,120.23327140808105,123.92283332742218,116.54370948873992,0.06137339317364943,0.5702945560796691,119.54383454433975,120.09550526415406,-0.5516707198143109,-0.50645615415307,-0.045214565661240935,0.2811782243186762,0.13722324559188057
2023-07-06 00:00:00-04:00,118.8179632095726,119.31386454589494,117.4294379544993,119.12541961669922,24745200.0,-0.01356183562073888,-0.8054309592394692,0.0052727543134833965,0.025354158769985258,0.010232540077731181,0.16243653795706944,0.012045153254481772,0.19121088009011442,0.013563568766007133,0.21531497907226863,46.14021695388848,3.3225456880788187,2.488855018921698,0.7991937396942548,120.28494421253595,-0.00973364542653988,120.06367263793945,123.62060683103957,116.50673844483933,0.059250797763388555,0.3681093084234889,119.47946301701043,120.0236470680463,-0.5441840510358702,-0.5140017335296301,-0.03018231750624012,-0.5275627663060436,-0.3419546887755185
2023-07-07 00:00:00-04:00,119.1155079508008,120.05772509699976,118.42124905726848,118.50059509277344,21709500.0,-0.005258902016295786,-0.3407333282920523,0.0,0.004624590839262366,0.010584625803148624,0.1680257255748514,0.011827006585649596,0.1877479090797118,0.013571946169811156,0.2154479662348555,43.7985739229786,1.6364760397312779,2.4279708061223824,0.7292065539410306,120.04915866972893,-0.013067981437081612,119.86283264160156,123.2875626074579,116.43810267574521,0.05714415203412606,0.30111752424143373,119.3288679517432,119.91082840321127,-0.5819604514680634,-0.5275934771173167,-0.054366974350746666,-0.7955299030342665,-0.6337824104438265
2023-07-08 00:00:00-04:00,119.1155079508008,120.05772509699976,118.42124905726848,118.50059509277344,21709500.0,0.0,-0.04771163781865972,0.0,-0.04062947404792017,0.010530478258301524,0.16716615994823053,0.011827006585649596,0.1877479090797118,0.013571946169811156,0.2154479662348555,43.7985739229786,1.6364760397312779,2.371435465665875,0.75960209369493,119.79371661450837,-0.010912363104358712,119.66199264526367,122.89712669435175,116.42685859617558,0.054071204692012764,0.32050240656680046,119.20144135805555,119.80636667651217,-0.6049253184566226,-0.5430598453851779,-0.06186547307144463,-0.7179903737327986,-0.8328061538032827
2023-07-09 00:00:00-04:00,119.1155079508008,120.05772509699976,118.42124905726848,118.50059509277344,21709500.0,0.0,-0.04771163781865972,0.026019842760864442,-0.04736083344910036,0.010530478258301524,0.16716615994823053,0.011827006585649596,0.1877479090797118,0.013571946169811156,0.2154479662348555,43.7985739229786,1.6364760397312779,2.318938363813404,0.7926418071042934,119.51605310316693,-0.008569222876885059,119.46115264892578,122.43835465477775,116.4839506430738,0.049843851994320267,0.3386811586408532,119.09361885570445,119.70964285549448,-0.6160239997900305,-0.5576526762661485,-0.05837132352388208,-0.6452753654365871,-0.989628114485445
2023-07-10 00:00:00-04:00,117.33026342725442,117.34017600620317,115.187965945079,115.49542236328124,35315200.0,-0.025687086484433703,-1.4744737985096814,-0.005890497425911856,-0.07151974372396974,0.010899731261299624,0.1730278696490111,0.012931390734590022,0.2052794639395803,0.013797277945628487,0.2190249972826148,33.56561755685702,3.3126291476944374,2.3899162769477638,1.268065067186601,119.14048901624624,-0.03156026947544073,119.13137817382812,122.33463589212012,115.92812045553613,0.053776893500183054,-0.06754031837401052,118.54005016456242,119.39747837458978,-0.8574282100273649,-0.6176077830183918,-0.2398204270089731,-2.2701612734960444,-2.209259549944126
2023-07-11 00:00:00-04:00,115.33674818852832,116.74510634443534,114.40445113781432,116.17977905273438,23078800.0,0.005907914837701123,0.2748663504784437,-0.015050828198187038,-0.06601812589872791,0.01221684179375199,0.19393635115732807,0.013068604844261119,0.2074576704029335,0.013793768185817994,0.218969281572894,37.16588227481768,2.3406552066210224,2.3863976290672824,0.8395862967153298,118.99297375095969,-0.024214150871714076,118.96227569580078,122.41706099268227,115.5074903989193,0.05808203107539295,0.09729818151390267,118.1769315319735,119.15913027667457,-0.9821987447010798,-0.6905259753549294,-0.2916727693461504,-1.610807273944391,-1.9194554552640806
2023-07-12 00:00:00-04:00,117.82616938013048,119.34362637246984,117.4393669141167,117.9551010131836,30404400.0,0.015165241373151077,0.7910722285146257,-0.04504574673946349,-0.045888599615445336,0.015169515031637852,0.24080858569901917,0.012876632814252238,0.20441020890243114,0.012996496635037812,0.206312988068387,45.427988693134765,3.163847319735467,2.4419297498292956,1.0991829263751627,118.78258814712872,-0.0070152721403090494,118.75300483703613,121.88958398362414,115.61642569044812,0.05282525946846245,0.3728066810109826,118.14280375985197,119.06994292382339,-0.9271391639714182,-0.7378486130782272,-0.1892905508931909,-0.5087732759560697,-1.228110503421513
2023-07-13 00:00:00-04:00,119.93870320943424,123.80673533006852,119.46263457450904,123.51911163330078,44297900.0,0.04609184199374871,2.5260254844656997,-0.007016433399910871,0.006302514609970666,0.026005234482396715,0.41282029935805925,0.01579239706712967,0.2506965314712655,0.013201750644407826,0.20957129445473885,62.20260622021425,5.851634316884926,2.685480076047555,1.5747494900929164,118.99700076172019,0.03661061686555582,118.86210289001465,122.49038445020261,115.2338213298267,0.06105026702321219,1.1417650706034068,118.96992804807488,119.39951097637729,-0.4295829283024091,-0.6761954761230637,0.24661254782065467,2.567060282413624,1.0297892094981
2023-07-14 00:00:00-04:00,123.77698624657504,125.7407514544512,122.47771949840582,124.39189910888672,33283100.0,0.007041164318527982,0.3187246788463611,0.0,0.02778006988702386,0.025631670649324208,0.40689015735135187,0.01576481082972504,0.2502586135285817,0.013193889923485002,0.20944650937861403,64.06840335064501,3.2630319560453813,2.7267337817616855,1.186622505223077,119.17144063875858,0.04196783317503977,119.01484031677246,123.28264486477902,114.74703576876591,0.0717188635744462,1.1299560736240633,119.80407744204592,119.76931750471132,0.03475993733459859,-0.5340043934315313,0.5687643307661299,2.519824294496253,1.3764250418408026
2023-07-15 00:00:00-04:00,123.77698624657504,125.7407514544512,122.47771949840582,124.39189910888672,33283100.0,0.0,-0.08414398263899667,0.0,0.05218121660769337,0.018286695885881544,0.29029229769066334,0.01576481082972504,0.2502586135285817,0.013193889923485002,0.20944650937861403,64.06840335064501,3.2630319560453813,2.765040794210521,1.1900815512526783,119.34689751246005,0.04055731629284411,119.16757774353027,123.97043437767181,114.36472110938874,0.08060676779850526,1.0438764638755706,120.50989616002144,120.11173095687246,0.3981652031489773,-0.3475704741154296,0.7457356772644068,2.175505855502281,1.3291630737375988
2023-07-16 00:00:00-04:00,123.77698624657504,125.7407514544512,122.47771949840582,124.39189910888672,33283100.0,0.0,-0.08414398263899667,0.006177164326357731,0.04499244310569672,0.019177397580636007,0.30443174875064777,0.01576481082972504,0.2502586135285817,0.013193889923485002,0.20944650937861403,64.06840335064501,3.2630319560453813,2.8006115914844396,1.1915446160213097,119.7676771866834,0.03717462274738242,119.51867599487305,124.77358673338935,114.26376525635675,0.08793455407323487,0.9636827680340009,121.10712738292378,120.42878044961427,0.6783469333095127,-0.14238699263044113,0.8207339259399538,1.8547310721360049,1.282403106242634
2023-07-17 00:00:00-04:00,124.90765382325284,126.05814119884349,123.18191140958396,123.62822723388672,25716200.0,-0.006158163852686325,-0.43114882957496653,0.007191472616556727,0.03857698241971752,0.02103943743635435,0.3339907150877757,0.013792015962003789,0.21894146588217173,0.013169328114403979,0.2090566027471446,60.78910696825642,2.8762297892595257,2.8060128913255173,0.9439995594996651,120.12460677859312,0.02833997165279461,119.83208656311035,125.28872880794259,114.37544431827811,0.09107147177911255,0.8478458455262974,121.49498889845654,120.66577650770853,0.8292123907480118,0.051932884045249456,0.7772795067027624,1.3913833821051906,0.9373468858939576
2023-07-18 00:00:00-04:00,123.57861693621366,123.65796296956178,121.95206108684836,122.7455062866211,26193600.0,-0.007165737286977973,-0.4860551804243467,0.014176855030978874,0.031161413352344125,0.005721761343115859,0.09083014545088487,0.013943422989137347,0.22134497792542973,0.01283315259961873,0.2037199818931993,57.147955178218744,1.7059018827134196,2.7274335335675106,0.9631111826880014,120.29712499913641,0.01994680996115249,120.009619140625,125.60816369878543,114.41107458246458,0.09330159695949303,0.7443391418585983,121.68737618894339,120.81983056540575,0.8675456235376373,0.21505543194372703,0.6524901915939103,0.9773565674343927,0.5556503417190101
2023-07-19 00:00:00-04:00,123.5786186884508,124.1538660880998,120.80157558357864,121.0296859741211,37224000.0,-0.014077303206310779,-0.8839288075020538,0.02374160332117725,0.00411416071229076,0.005858242879544859,0.09299672267454369,0.014018977534891511,0.22254436915634557,0.012891803916646101,0.2046510426867243,50.78079765385442,3.3522905045211644,2.7720661743499146,1.3364201968764087,120.44006663810235,0.004871691860332651,120.15491828918456,125.69794046259837,114.61189611577076,0.09226459061913812,0.5789071067704012,121.58619307897072,120.83537541049577,0.7508176684749515,0.32220787924997196,0.4286097892249795,0.3156284270816049,-0.16310207781437197
2023-07-20 00:00:00-04:00,120.42468845421088,123.0727999886977,117.25092267132642,118.22288513183594,37906800.0,-0.023464154267430575,-1.4445081067226513,-0.00683225796899678,-0.02462975553035396,0.008951966719339354,0.14210806610579207,0.014850572664311988,0.2357455325799805,0.01306023085631524,0.2073247374654136,42.44903006330276,5.821877317371275,2.989909827422869,1.340777854747651,120.38132901405942,-0.018257411666248013,120.13012351989747,125.70454187863186,114.55570516116308,0.0928063369186678,0.3289293819261759,121.06876108710384,120.64185761207654,0.4269034750273022,0.34314699840543805,0.08375647662186414,-0.6842824722952965,-1.3030397388873525
2023-07-21 00:00:00-04:00,119.63125870411923,119.99822090421564,117.7567519823055,119.03617095947266,72937900.0,0.006855704700580714,0.35574447702514284,0.0,-0.07155551657194759,0.01115390664057832,0.1770627787068128,0.014886627067057533,0.23631787847998253,0.013092838039773392,0.2078423604557208,45.25202294442313,2.2414689219101405,2.9364497627433885,2.395921101169975,120.30082603194548,-0.010624124266424763,120.14599304199218,125.7052806048494,114.58670547913496,0.09254220506403733,0.40018306572819823,120.75605491362211,120.52291786003181,0.23313705359029768,0.32114500944241,-0.0880079558521123,-0.3992677370872071,-0.9333281846959648
2023-07-22 00:00:00-04:00,119.63125870411923,119.99822090421564,117.7567519823055,119.03617095947266,72937900.0,0.0,-0.051654394173131266,0.0,-0.07248839385065209,0.011837846287450125,0.1879199840112136,0.014886627067057533,0.23631787847998253,0.013092838039773392,0.2078423604557208,45.25202294442313,2.2414689219101405,2.8868082741124423,2.2364797396360907,120.23103751373398,-0.010037844334459744,120.16186256408692,125.7057867701351,114.61793835803873,0.09227427218168163,0.39847519890457933,120.49145738221449,120.4127884599904,0.0786689222240966,0.27264979199874734,-0.19398086977465073,-0.406099204381683,-0.9093769013551639
2023-07-23 00:00:00-04:00,119.63125870411923,119.99822090421564,117.7567519823055,119.03617095947266,72937900.0,0.0,-0.051654394173131266,-0.012424894476442683,-0.09473533050035166,0.01232289133420651,0.19561983542150016,0.014886627067057533,0.23631787847998253,0.013092838039773392,0.2078423604557208,45.25202294442313,2.2414689219101405,2.8407126060979926,2.052489122746689,120.13516108580343,-0.009232404885611958,120.16781349182129,125.70636496592476,114.62926201771782,0.09218028210990839,0.39783948586197665,120.26756716333114,120.31081679328538,-0.043249629954246416,0.2094699076081486,-0.252719537562395,-0.4086420565520935,-0.8993648773146811
2023-07-24 00:00:00-04:00,120.6627297925078,121.99174188501856,119.98830359973758,120.5337905883789,29686100.0,0.01250272887260111,0.6863101262670966,-0.005564170913796684,-0.08334600129503311,0.013697755867342683,0.21744513326798756,0.015128484837688923,0.2401572515624175,0.012975194153138426,0.20597482165190162,50.766934989040394,2.9555709255458993,2.848916771772843,0.8178614205355919,120.17573689162951,0.002970566967168088,120.24864540100097,125.75745144564947,114.73983935635248,0.09162358588369825,0.5258808519547479,120.30852461333849,120.32733337069972,-0.01880875736122789,0.1638141746142733,-0.1826229319755012,0.10352340781899144,-0.26914066458287417
2023-07-25 00:00:00-04:00,120.365182977595,122.14051081744287,120.02796610605938,121.20821380615234,52509600.0,0.00557970857571758,0.28187862006820136,-0.05461426936519986,-0.07821704337896895,0.00524570960942209,0.08327305845955571,0.015165579676225619,0.24074611386857067,0.0127491043055584,0.20238575658798214,53.06006496124827,2.1125447113834923,2.7963187674593177,1.3986348889214142,120.22677013858109,0.008097171278679788,120.27145690917969,125.79280302687337,114.75011079148601,0.09181473742124872,0.5848304812816141,120.44693833530985,120.39258377332584,0.05435456198401312,0.1419222520882213,-0.08756769010420817,0.33932192512645676,0.025953762981640316
2023-07-26 00:00:00-04:00,129.00377226018543,129.90630113026324,127.26811769923354,128.2103271484375,61682100.0,0.05616225420549314,3.220737480759299,-0.001004774432241784,-0.025994599518375572,0.02366006829417565,0.37559194025515785,0.01919106602718832,0.30464872861296377,0.014466143876371483,0.2296429147617531,69.134273722457,8.698087324110901,3.2178736643630024,1.5659206540898003,120.88644468896129,0.05712396670665126,120.7257022857666,127.25322266572248,114.19818190581073,0.10813803947902914,1.0733130214080997,121.6413058450218,120.97167587518597,0.6696299698358388,0.2474637956377448,0.422166174198094,2.2932520856323966,2.7398657118937857
2023-07-27 00:00:00-04:00,130.59067581926217,132.14781351472905,127.73427884774642,128.3392791748047,44952100.0,0.0010052795564571928,-0.004859422415920592,-0.023985615384436887,-0.01634378064115327,0.023506111588539633,0.3731479533204558,0.018827870932119628,0.29888318521926244,0.014236570715198528,0.22599855380880157,69.34248668511913,4.413534666982628,3.3032780216929756,1.1084931017714348,121.36337796708158,0.054355153407255594,121.21763648986817,128.4806059678027,113.95466701193365,0.11983354383487893,0.9902707292501116,122.67176328037301,121.51742426775031,1.1543390126226996,0.42883883903473574,0.7255001735879638,1.9610829170004482,2.611559480813624
2023-07-28 00:00:00-04:00,129.70797692151828,132.64372004824634,129.4997067956334,131.49322509765625,36591200.0,0.024277954342034783,1.344200347170333,0.0,0.03271550848075111,0.022084600039199896,0.3505821570483014,0.01923593121362909,0.3053609413680447,0.014506055073619697,0.23027648537642684,73.96790611311604,4.304440873441649,3.374789653960738,0.8860600256316966,121.88740855698481,0.07305179817087516,121.86726799011231,130.33181861813827,113.40271736208635,0.1389142592203303,1.0686041427688189,124.02891125226274,122.25637247737298,1.7725387748897674,0.6975788262057421,1.0749599486840253,2.2744165710752764,3.3690595330879054
2023-07-29 00:00:00-04:00,129.70797692151828,132.64372004824634,129.4997067956334,131.49322509765625,36591200.0,0.0,-0.0712709876745729,0.0,0.032152772034472976,0.02377543179326475,0.3774232790289418,0.01923593121362909,0.3053609413680447,0.014506055073619697,0.23027648537642684,73.96790611311604,3.1440132526129503,3.3583056252930388,0.8703774754933384,122.39288930655566,0.06920764004641328,122.51689949035645,131.84388438654113,113.18991459417177,0.15225629990610118,0.9812018946750773,125.17726722847713,122.94058378257915,2.236683445897981,1.00539975014419,1.231283695753791,1.9248075787003096,3.046950380239635
2023-07-30 00:00:00-04:00,129.70797692151828,132.64372004824634,129.4997067956334,131.49322509765625,36591200.0,0.0,-0.0712709876745729,-0.001054640289762987,0.034892000949442226,0.02458635264208435,0.3902962484225462,0.01923593121362909,0.3053609413680447,0.014506055073619697,0.23027648537642684,73.96790611311604,3.1440132526129503,3.342999027244461,0.869058609300071,123.07758911780398,0.06400052910408287,123.3167896270752,132.85002092551846,113.78355832863191,0.15461367956906621,0.928838618020116,126.1489530545047,123.57411276888116,2.5748402856235373,1.3192878572400595,1.2555524283834778,1.7153544720804617,2.789529654859043
2023-07-31 00:00:00-04:00,131.64196213896054,132.43540728957092,130.69975264360772,131.63204956054688,28055500.0,0.0010551968141565462,-0.014421109186200789,0.008893653211379915,0.035984592039780994,0.010639554829222951,0.16889769683136133,0.017948094890425557,0.2849171735247306,0.014505509660786469,0.23026782721611533,74.18204808210464,1.7356546459631943,3.2281887142957992,0.6624167758574343,123.54885506670719,0.061407495521230586,124.08940315246582,133.6915944027268,114.48721190220485,0.15476246974067526,0.8927565183559564,126.99250636312658,124.17099697567122,2.8215093874553645,1.6197321632831208,1.2017772241722438,1.5710260734238266,2.6185509148541892
2023-08-01 00:00:00-04:00,129.70798718682403,131.5428286779553,129.60880083941242,130.4716796875,23166800.0,-0.008854337611913747,-0.5885876835009825,0.024692541617612696,0.02685212533765924,0.012395780963001783,0.19677692240718878,0.018247832135655763,0.2896753547819868,0.014518625702880384,0.23047603792951105,69.06778193598032,2.0232487211344505,3.1421215719271314,0.5517039038859537,123.94233409408572,0.05004415984413688,124.71523208618164,134.26543647946878,115.16502769289451,0.1531521728907609,0.8013782409392506,127.52776379764558,124.63771421358445,2.8900495840611313,1.873795647438723,1.0162539366224084,1.2055129637570023,2.184651788034682
2023-08-02 00:00:00-04:00,128.38885774863965,129.02361087752263,126.51435123258612,127.32763671875,26273300.0,-0.02439260819610199,-1.4837720823857794,-0.0005449094563380052,-0.02394888932297301,0.010807986963516527,0.17157147407215714,0.01921880909843353,0.30508913621568357,0.014838872257670381,0.23555979438270835,57.50046635979127,3.9573284549138776,3.200350634997613,0.6394065144833425,124.07337642053974,0.025558161464965284,124.9056583404541,134.50718376136126,115.30413291954693,0.1537404397603251,0.6261246662442869,127.49697501627702,124.8369677324856,2.6600072837914155,2.0310379747092613,0.6289693090821542,0.5044986649771473,1.3386034464198466
2023-08-03 00:00:00-04:00,126.9209955105974,128.32935355941024,126.37550098690372,127.39705657958984,20089500.0,0.000545057973450441,-0.029742513084268816,0.0026538987145963144,-0.022450772417988762,0.01089158559573717,0.17289856121696298,0.016577048568593395,0.2631524879036242,0.014817646259793522,0.23522284211244024,57.66904211741464,1.95385257250652,3.111315059105392,0.49689027739113995,124.14284094928017,0.025543883961531243,125.05591621398926,134.71745905151417,115.39437337646437,0.1545155659967748,0.6211576869745747,127.48160294909438,125.02660394338221,2.4549990057121676,2.1158301809098425,0.339168824802325,0.4846307478983007,1.3218765886236523
2023-08-04 00:00:00-04:00,128.2202600170075,130.43197594152576,126.86149507419762,127.05985260009766,26147200.0,-0.0026503833436545624,-0.21799131101586394,0.0,-0.011954386838801345,0.010566170398337627,0.16773275510600186,0.016549134802873903,0.26270937061012967,0.01479536761991962,0.23486917966850956,56.49677059344802,3.5704808673281434,3.1441126168355886,0.6524784609142265,124.22766257451262,0.02229020392852918,125.1893138885498,134.88586391027832,115.49276386682128,0.15491018714841595,0.5964538267402458,127.41671828001796,125.17721495499077,2.2395033250271865,2.1405648097333114,0.0989385152938751,0.38581530696098154,1.2181350749505235
2023-08-05 00:00:00-04:00,128.2202600170075,130.43197594152576,126.86149507419762,127.05985260009766,26147200.0,0.0,-0.06332344850022323,0.0,-0.012182712272608809,0.01037742301495605,0.16473648328375098,0.016549134802873903,0.26270937061012967,0.01479536761991962,0.23486917966850956,56.49677059344802,3.5704808673281434,3.1745674918707714,0.6583399772363705,124.31400818366347,0.021610637508578938,125.32271156311035,135.04644040155884,115.59898272466185,0.1551790368588026,0.5893248395676409,127.36181586772253,125.31666959536906,2.0451462723534632,2.121481102257342,-0.07633482990387863,0.35729935827056386,1.210328546735706
2023-08-06 00:00:00-04:00,128.2202600170075,130.43197594152576,126.86149507419762,127.05985260009766,26147200.0,0.0,-0.06332344850022323,-0.026001632884134263,-0.011191638953019,0.010745846383770942,0.17058502295016398,0.016549134802873903,0.26270937061012967,0.01479536761991962,0.23486917966850956,56.49677059344802,3.5704808673281434,3.2028470186891553,0.6579829618267362,124.42653383822977,0.020725026103688867,125.49429283142089,135.2132311121305,115.77535455071128,0.15489052229275893,0.580541707512647,127.31535998039563,125.445794262386,1.8695657180096248,2.0710980254077986,-0.20153230739817385,0.3221668300505879,1.1734595979271294
2023-08-07 00:00:00-04:00,128.10124510100812,130.53115877911966,127.962393323222,130.45181274414062,22746300.0,0.02634565181342437,1.4608254707976187,0.0009891296431896457,0.0152053580695104,0.012081973186551093,0.19179537839138872,0.01734595895565802,0.2753585618916287,0.015098791903863922,0.2396858908508364,65.34673845437833,3.471306179022008,3.2220226729986448,0.5748943854643059,124.65537265945825,0.04443357254108166,125.87960815429688,135.74956452865177,116.00965177994198,0.15681581026621572,0.731622330252832,127.79789117481793,125.81661044621968,1.98128072859825,2.0531345660458893,-0.07185383744763918,0.9264893210113275,1.9049685813408914
2023-08-08 00:00:00-04:00,129.54930137464623,130.43200542810587,128.47815233218188,130.32290649414062,23535200.0,-0.0009886407768058276,-0.1320907602583635,0.013419844435218264,0.014202180628463124,0.012237004573124714,0.19425642535708862,0.017224767535323433,0.2734347077361886,0.015050075259661877,0.23891253809922702,64.80716430794806,1.9736604119587469,3.132853940067224,0.6053041527858543,125.00045752538973,0.04084047165561175,126.34426918029786,136.12748942348475,116.56104893711097,0.15486607040681646,0.7033398622817227,128.18635507009836,126.15041015347309,2.0359449166252688,2.0496966361617655,-0.013751719536496676,0.8133594491268908,1.7882676187779203
2023-08-09 00:00:00-04:00,130.58075827957177,130.9576330468754,127.94255923989908,128.59715270996094,24912900.0,-0.013330595903883543,-0.8525633326132674,-0.0002310879485381001,-0.012716061343269525,0.01452453643858743,0.23056986794998868,0.017188804737509354,0.27286381601939175,0.01431349172208585,0.22721963693772484,57.91284122640532,3.015073806976318,3.1244410734178736,0.6516257425242759,125.45363936139202,0.024444657461886593,126.8629825592041,135.90518159307115,117.82078352533703,0.1425506298442458,0.5958931640556466,128.2495547070003,126.33165034284256,1.9179043641577351,2.0233381817609595,-0.10543381760322434,0.3835726562225848,1.3414195099867467
2023-08-10 00:00:00-04:00,130.243519851709,130.96753148534117,128.38883876777422,128.6268768310547,20857800.0,0.00023111465347223383,-0.04532690578786067,0.001003296188377023,-0.000693612811127009,0.014515333047363138,0.23042376864360123,0.01611673798094743,0.25584528385905686,0.014305324048660886,0.22708997914169013,57.99572642107927,2.578692717566952,3.085459047999951,0.5854342845258114,126.20342151398964,0.018840971473233718,127.3425178527832,135.62210260244083,119.06293310312557,0.1300364542694123,0.5775617991182828,128.30760426454714,126.50166711974717,1.8059371447999695,1.9798579743687617,-0.17392082956879218,0.3102471964731306,1.301963282233153
2023-08-11 00:00:00-04:00,127.60533894622364,128.86491747828384,127.11935017534717,128.49795532226562,19591100.0,-0.0010027932231434645,-0.11986327880117675,0.0,0.0066822727222466405,0.014564518155632807,0.2312045580317372,0.01613873371070158,0.2561944552440661,0.014307424937501133,0.22712332971811106,57.46710143476789,1.7455673029366778,2.989752494781146,0.5943798908817415,127.06462725999405,0.011154481475420091,127.81560707092285,135.12073297271039,120.51048116913532,0.11430725979706118,0.5467033874923227,128.33688904265767,126.64954031993372,1.6873487227239536,1.9213561240398,-0.2340074013158464,0.18681354996929087,1.234580173328049
2023-08-12 00:00:00-04:00,127.60533894622364,128.86491747828384,127.11935017534717,128.49795532226562,19591100.0,0.0,-0.06015368813587117,0.0,-0.002770987805048475,0.005792108021932079,0.09194686435712719,0.01613873371070158,0.2561944552440661,0.014307424937501133,0.22712332971811106,57.46710143476789,1.7455673029366778,2.9008821239351126,0.6467154542450574,128.0774925374877,0.0032721359940975562,128.2886962890625,134.31310171732306,122.26429086080194,0.09391950503084483,0.5173676087785766,128.36166847028966,126.78645994973608,1.5752085205535735,1.852126603342555,-0.27691808278898145,0.06947043511430624,1.1985060538967824
2023-08-13 00:00:00-04:00,127.60533894622364,128.86491747828384,127.11935017534717,128.49795532226562,19591100.0,0.0,-0.06015368813587117,-0.013477633318732973,0.016475764581514785,0.0058946790904716535,0.09357512959152244,0.01613873371070158,0.2561944552440661,0.014307424937501133,0.22712332971811106,57.46710143476789,1.7455673029366778,2.8183596367209387,0.6576737047341791,128.46720765369085,0.00023928527498871422,128.68690452575683,133.48005247608663,123.89375657542703,0.07449317345838313,0.4802896545809519,128.38263567828596,126.91323738473827,1.4693982935476981,1.7755809413835837,-0.30618264783588556,-0.07884138167619234,1.1634738659116408
2023-08-14 00:00:00-04:00,128.3293638886943,130.29312919834737,127.90289594820356,130.2534637451172,24695600.0,0.013569281012914951,0.7421052654340364,0.011943393797339885,0.030362614079408212,0.00617310031061831,0.09799492944090975,0.016169660440409878,0.25668540185810207,0.014334805194129966,0.22755797781734918,63.17556660707382,2.390233250143808,2.7877791805368584,0.8696313585076016,129.21599775148746,0.007964978157201711,129.13916702270507,132.43382730023734,125.84450674517281,0.05102495785733237,0.669106467518213,128.67045538087538,127.16066155958114,1.5097938212942381,1.7224235173657148,-0.21262969607147664,0.6764258700728567,1.4914942108894047
2023-08-15 00:00:00-04:00,130.0253428626258,130.3427118640274,128.22025464503122,128.71615600585938,19770700.0,-0.011872634317988592,-0.7784971711506019,0.00839170661571842,0.018201828674378362,0.009027653911405456,0.1433095630316302,0.01651269547204428,0.2621309141662289,0.0144253379953248,0.22899514148208266,56.077709944857396,2.122457218996175,2.7402561832839525,0.751674479064687,129.3151332490447,-0.004653473672396264,129.16445846557616,132.4367870040412,125.89212992711111,0.050669179081289775,0.43150100082446624,128.67748624625753,127.27588337041657,1.4016028758409647,1.6582593890607649,-0.2566565132198002,-0.27399599670213504,1.131378806386723
2023-08-16 00:00:00-04:00,127.6449966430664,129.2120466291058,126.8218062033084,127.6449966430664,25216100.0,-0.008356691997647627,-0.5731553556781042,-0.009390510574634137,0.002570622455811522,0.00982405075965133,0.15595197106387557,0.011269620903884513,0.1788996856899202,0.014468819763805605,0.22968539315787564,51.71762815319624,2.3902404257974013,2.7152550577491987,0.9960770929643249,129.31859429956813,-0.013111345532654181,129.12974433898927,132.4532611434032,125.80622753457533,0.051475619678903725,0.27663003028133043,128.51864169192044,127.30322509431656,1.2154165976038769,1.5696908307693873,-0.35427423316551043,-0.8934798788746777,0.883187954577086
2023-08-17 00:00:00-04:00,128.73599949955613,130.90804993539842,128.23017041335734,128.85501098632812,33446300.0,0.009434879401476037,0.48820146475618775,0.01930023309710993,0.006507474811812575,0.0109817592222849,0.1743300231609356,0.01146354553393648,0.18197814375516647,0.014447135183459782,0.22934116111659655,55.889820349986685,3.2630532923320175,2.7543835030765433,1.3294411575725018,129.12963477682746,-0.0021312620161001885,128.99783363342286,132.1303055744883,125.86536169235744,0.048566272050227885,0.4772028848491198,128.570390814137,127.41817219742853,1.152218616708467,1.4861963879572033,-0.3339777712487364,-0.09118846060351629,1.1017609978126532
2023-08-18 00:00:00-04:00,127.45655703673252,128.1904964685169,125.344020051106,126.41516876220705,30504800.0,-0.01911634587572194,-1.2195788447435056,0.0,-0.03709293984301043,0.01410639714392871,0.2239321124276831,0.010796244053584368,0.1713850611560648,0.014566746156140117,0.2312399264433168,47.05945776153127,3.510990935222125,2.808426891086942,1.2273674355014283,128.78906202232952,-0.01877854756961863,128.7439308166504,131.84783849509185,125.64002313820895,0.04821831458388289,0.12486608886307457,128.23881819076317,127.34387564667139,0.8949425440917764,1.3679456191841182,-0.47300307509234174,-1.5005356445476974,0.5840284044648877
2023-08-19 00:00:00-04:00,127.45655703673252,128.1904964685169,125.344020051106,126.41516876220705,30504800.0,0.0,-0.07530575859190407,0.0,-0.01787644469080929,0.011026267168550343,0.17503656490404312,0.010796244053584368,0.1713850611560648,0.014566746156140117,0.2312399264433168,47.05945776153127,2.846476417410898,2.811144714395796,1.2425820866187838,128.44004567467456,-0.01601767360906197,128.49002799987792,131.47553102608956,125.5045249736663,0.046470579432272535,0.15251094715791935,127.95825674021607,127.27508254411848,0.6831741960975961,1.2309913345668138,-0.5478171384692176,-1.3899562113683182,0.5680834526319861
2023-08-20 00:00:00-04:00,127.45655703673252,128.1904964685169,125.344020051106,126.41516876220705,30504800.0,0.0,-0.07530575859190407,-0.007088896808186584,-0.018632636511403122,0.010714603327850595,0.17008905481318642,0.010796244053584368,0.1713850611560648,0.014566746156140117,0.2312399264433168,47.05945776153127,2.846476417410898,2.8136684074683034,1.2364142495193942,128.13337861972778,-0.013591801318975952,128.22918395996095,130.95951201516652,125.49885590475537,0.04258512720564625,0.1678027033609849,127.72085858975315,127.21138522693985,0.5094733628132957,1.0866877402161101,-0.5772143774028144,-1.3287891865560604,0.5465636319105903
2023-08-21 00:00:00-04:00,126.13747078000075,127.6747604625636,125.52255036686309,127.31771087646484,25248700.0,0.007114142416923791,0.3500226771943855,-0.005500626695163935,-0.0116261563256852,0.0112221256979888,0.178145722670313,0.01095822365514356,0.17395640761521053,0.014590385882318464,0.23161519546249423,50.66105747690474,2.152210095700511,2.7664213851991755,1.0190754511860933,127.98249621977196,-0.005221467922496275,128.07148551940918,130.61435599663773,125.52861504218065,0.03971017384417188,0.35178666202340797,127.65883586463187,127.21926120097874,0.4395746636531328,0.9572651249035147,-0.5176904612503819,-0.592853351906363,0.7121596351087882
2023-08-22 00:00:00-04:00,127.4565767415667,129.21207199508038,127.2681469154346,128.02191162109375,22054900.0,0.0055158108493584285,0.2598621113094489,-0.024854344919413185,-0.006159410246952102,0.010464884297946727,0.1661248881085908,0.010930354024538048,0.17351399094493,0.014593698384586837,0.23166777980581094,53.32894992583716,1.9439250796457799,2.7076716490882187,0.8978120032981664,128.01928535361822,2.05142029382233e-05,128.10619926452637,130.62515683525876,125.58724169379397,0.0393260839084142,0.4832693403787444,127.71469367331831,127.27871678765392,0.4359768856643882,0.8530074770556894,-0.41703059139130116,-0.06692263848502236,0.8307060331819247
2023-08-23 00:00:00-04:00,129.11286188164175,132.31639534159987,128.80540548113294,131.284912109375,27819700.0,0.025168429315595802,1.4277740728492145,0.0199567496670634,0.010380847138567573,0.010353036761104363,0.16434936350515064,0.01095537562909426,0.17391119660328722,0.01464452165307088,0.23247457418115638,63.2461065989027,4.294483720506122,2.8210153684752117,1.1149431851769471,128.2263837179825,0.023296876558400084,128.30059204101562,131.16544292815544,125.43574115387578,0.04465842037929153,1.0208508550577358,128.26395804809624,127.5754719966703,0.6884860514259401,0.8201031919297396,-0.13161714050379947,2.083403420230935,1.4409413403677085
2023-08-24 00:00:00-04:00,132.85197153912117,133.14951538235977,128.50788590918833,128.71615600585938,28500700.0,-0.019760224109984705,-1.2833186630463351,-0.000769955894557306,-0.035594728866333525,0.01612355769157129,0.25595354340900184,0.0118956472445591,0.18883754575952474,0.014661231365757603,0.23273983264664688,53.591662966894575,4.6416294731714345,2.9510592330963705,1.136874310662223,128.31505848515962,0.003116139676215093,128.3834072113037,131.19245658698682,125.57435783562057,0.043760318201553336,0.5592280074241766,128.3335269646752,127.65996710846208,0.6735598562131173,0.7907945247864152,-0.1172346685732979,0.23691202969670078,0.8955101557394488
2023-08-25 00:00:00-04:00,128.47811371877063,129.68811421046675,126.20689221900474,128.81533813476562,26762900.0,0.0007702524628364814,-0.04085882268367774,0.0,-0.044156641136499086,0.016084103232879593,0.25532722329413643,0.011873887819924768,0.188492125601999,0.014630348909717544,0.23224958885530558,53.88437246605783,3.4812219914620073,2.988928001551059,1.0662452612306668,128.40710789754792,0.0031691120260121577,128.4711814880371,131.2150467377992,125.72731623827498,0.042715653705070314,0.5627138389464216,128.40765176007372,127.74555014744753,0.6621016126261878,0.7650559423543698,-0.10295432972818197,0.2508553557856807,0.8858242100607214
2023-08-26 00:00:00-04:00,128.47811371877063,129.68811421046675,126.20689221900474,128.81533813476562,26762900.0,0.0,-0.08756230798083509,0.0,-0.046192222155436724,0.016027964359519115,0.2544360463073654,0.011873887819924768,0.188492125601999,0.014630348909717544,0.23224958885530558,53.88437246605783,3.4812219914620073,3.0240918579732696,1.0649391267808739,128.4989317916376,0.002456278481348244,128.5589557647705,131.22390531545247,125.89400621408853,0.041458792735655586,0.5481026685720024,128.47037274079554,127.82479370206369,0.645579038731853,0.7411605616298664,-0.09558152289801347,0.19241067428800937,0.8570970218719071
2023-08-27 00:00:00-04:00,128.47811371877063,129.68811421046675,126.20689221900474,128.81533813476562,26762900.0,0.0,-0.08756230798083509,-0.008625222976011981,-0.04260651970148799,0.015944238082417968,0.25310693286289987,0.011873887819924768,0.188492125601999,0.014630348909717544,0.23224958885530558,53.88437246605783,3.4812219914620073,3.0567440103653225,1.0564962941762808,128.4279677550246,0.0030071758949679617,128.47713203430175,130.99373849745882,125.96052557114467,0.03917594397242886,0.5671948724234778,128.52344433986786,127.8981673637453,0.6252769761225636,0.7179838445284059,-0.0927068684058423,0.2687794896939108,0.8282649043547448
2023-08-28 00:00:00-04:00,130.23360950918428,131.45352258706555,129.0732021716326,129.93606567382812,20543300.0,0.008662635494590369,0.43205584799557956,-0.026454560680745254,-0.03427694300180262,0.010544788108870166,0.1673933217836493,0.010509402291788861,0.16683158935203357,0.013989327005500445,0.22207368159428453,57.65380417466989,2.6381844522999245,3.026846899074937,0.8157880054348009,128.40093183566526,0.011814532248624733,128.45778999328613,130.92002411556547,125.99555587100679,0.03833530255203721,0.8001899102863393,128.74077069893866,128.0491227941218,0.6916479048168469,0.7127166565860941,-0.021068751769247163,1.2007596411453596,1.0257799539980286
2023-08-29 00:00:00-04:00,131.15597146765057,135.45047822066215,131.15597146765057,133.4668731689453,43075600.0,0.02681077901958021,1.5241646361437682,-0.009641039692437792,-0.008034943213875212,0.011529654537510729,0.18302759165244492,0.012042588656254018,0.19117016835537382,0.014342562554999523,0.22768112210349536,66.84770864107901,5.5144125468340235,3.204530159629158,1.651020360448274,128.80976215429453,0.034893385182971255,128.70127601623534,132.03161876998155,125.37093326248913,0.0517530650329542,1.2154814842029829,129.467863386632,128.45043763670134,1.017425749930652,0.7736584752550058,0.2437672746756463,2.861925936811937,1.688723933128768
2023-08-30 00:00:00-04:00,133.67517000710467,135.16287409396253,132.9709985475354,134.7661590576172,28315800.0,0.009687815402726573,0.4863534235911536,-0.002129617787330673,0.0016217316578464036,0.01095223213670205,0.17386129520857915,0.011702859763433179,0.18577713937385026,0.01427291615137829,0.22657551972134451,69.47415561049202,2.191875546427127,3.1321976872575847,1.0700070550829284,129.1356388322955,0.041779926538638185,129.00824012756348,133.30207537375452,124.71440488137245,0.06656683700119137,1.170486709423868,130.28298579755278,128.91826885306548,1.3647169444872986,0.8918701691014643,0.4728467753858343,2.68194683769547,1.8710636947757997
2023-08-31 00:00:00-04:00,134.8950799084139,136.8687727314443,134.6768821035077,135.05377197265625,30053800.0,0.002131888647906973,0.02361102632670427,0.0037593554353809733,0.002946100714060318,0.01054668228776657,0.1674233909414406,0.011693963791166625,0.18563592019212571,0.014203578949564689,0.22547482576572117,70.03998494450757,2.1918906279366013,3.0650328973060863,1.1136677557985386,129.48832729800384,0.041209102073648286,129.336030960083,134.39806671525704,124.27399520490897,0.07827727072800515,1.0647669523796817,131.01695290141484,129.37275056562777,1.644202335787071,1.0423366024385858,0.6018657333484851,2.259067809518729,1.8482471645280436
2023-09-01 00:00:00-04:00,136.3332062668677,136.3332062668677,133.74460060567057,134.54795837402344,21543700.0,-0.0037523067189665954,-0.32942651073228585,0.0,0.008924524845541626,0.011480169732059247,0.1822420447190387,0.01174831369383611,0.18649869814958983,0.014217725267841706,0.2256993916064901,67.66453610204215,2.5886056611971355,3.031002380441161,0.795441433867395,129.7253784421708,0.03584283247499431,129.6385311126709,135.18919097261548,124.08787125272633,0.08563287183685238,0.9422381649414883,131.56018451258538,129.7560992921756,1.8040852204097746,1.1946863260328238,0.6093988943769508,1.768952659765951,1.6810538735747875
2023-09-02 00:00:00-04:00,136.3332062668677,136.3332062668677,133.74460060567057,134.54795837402344,21543700.0,0.0,-0.10114074040926112,0.0,0.002957322985736033,0.012124344896906863,0.1924680084407437,0.01174831369383611,0.18649869814958983,0.014217725267841706,0.2256993916064901,67.66453610204215,2.5886056611971355,2.9994026147808737,0.7925843912339917,129.9607267199887,0.03409365485340846,129.9410312652588,135.87608510243464,124.00597742808294,0.09134995742892267,0.8881116528301632,132.0198420297297,130.1110518167569,1.9087902129727752,1.3375071034208141,0.571283109551961,1.5524466113206492,1.6201152873192721
2023-09-03 00:00:00-04:00,136.3332062668677,136.3332062668677,133.74460060567057,134.54795837402344,21543700.0,0.0,-0.10114074040926112,0.0,-0.005279352529980685,0.00498653041342841,0.07915871627395002,0.01174831369383611,0.18649869814958983,0.014217725267841706,0.2256993916064901,67.66453610204215,2.5886056611971355,2.9700599752391783,0.7972064820923928,130.1301995219459,0.032834083143772494,130.1557559967041,136.43893543596803,123.87257655744017,0.09654862193606005,0.8495206861252619,132.4087830057749,130.4397115617396,1.9690714440352792,1.4638199715437072,0.505251472491572,1.398082744501048,1.5576573145557644
2023-09-04 00:00:00-04:00,136.3332062668677,136.3332062668677,133.74460060567057,134.54795837402344,21543700.0,0.0,-0.10114074040926112,-0.0008102088582457867,-0.005279352529980685,0.0021271814670635186,0.03376795893213362,0.01146084763264543,0.18193531589989895,0.014219881773586046,0.22573362507389255,67.66453610204215,2.5886056611971355,2.9428132385218895,0.7945998619094268,130.35727350206182,0.031146402536351668,130.4473461151123,136.985342444426,123.9093497857986,0.10023962194745303,0.8135985439855375,132.73788690858237,130.7440261404273,1.9938607681550593,1.5698281308659776,0.4240326372890817,1.2543941759421475,1.5050160583329653
2023-09-05 00:00:00-04:00,134.3297620041587,135.30172442643027,133.4768110647792,134.6570587158203,19403100.0,0.0008105372548346143,-0.057269376900954974,0.009742627266701609,-0.004472767547622936,0.0018031898706637687,0.028624751786442335,0.011045077851168138,0.17533517523323144,0.014218446230975785,0.22571083654143342,67.97960150327745,1.8249133616510562,2.86296324731683,0.7234027005453362,130.6402916654889,0.029829606324673942,130.79794921875,137.45418014056565,124.14171829693436,0.10177882698578995,0.789886990280202,133.0331441096959,131.03388040527125,1.9992637044246635,1.6557152455777149,0.3435484588469486,1.1595479611208095,1.4790869027565055
2023-09-06 00:00:00-04:00,134.9050132008134,135.41082715108524,132.5742707036897,133.35780334472656,18684500.0,-0.009695473891476972,-0.7012497743059632,-0.005914418485088557,-0.017966693911232734,0.004440460697223809,0.07049012826846408,0.011112404329130587,0.1764039499372625,0.014189098644769737,0.22524495805334602,60.42840391222304,2.8365564473955374,2.861077047322452,0.7163230958560645,130.85208204221578,0.01878946143131611,131.02308883666993,137.7071592183849,124.33901845495495,0.10202889339675342,0.6746476603869633,133.083091684316,131.2060228452309,1.8770688390850978,1.6999859642791915,0.17708287480590634,0.6985906415478529,1.192571456371112
2023-09-07 00:00:00-04:00,132.49492113945962,134.46861399155742,131.8601680068501,134.15122985839844,18844300.0,0.00593197792825928,0.2609564927812219,-0.008212388829463513,-0.0005911149735674526,0.005659142022790634,0.08983609455779423,0.01102248629659991,0.17497654542252417,0.014065672727111003,0.22328563235255636,63.122398730092634,2.6084459847073163,2.8430319714213708,0.7389668001588181,131.23935754436326,0.021705893543493917,131.4098918914795,137.86255012619415,124.95723365676487,0.09820658310933478,0.7124192749098975,133.24742063417483,131.42418632768775,1.8232343064870804,1.7246356327207693,0.09859867376631115,0.8496770996395928,1.3122635505431177
2023-09-08 00:00:00-04:00,133.80410329196144,135.53975798327252,133.74459755250976,135.26205444335938,23558300.0,0.008246296262897308,0.4004850568617434,0.0,-0.002413913867051698,0.006932623318870903,0.11005198341011788,0.009979603336736911,0.15842129167245747,0.01405794204910296,0.22316291164370516,66.5553189053364,1.7951604307627633,2.76818400423147,0.9365795285357336,131.7202614611415,0.026184675345893117,131.85223617553712,138.07195557641532,125.63251677465891,0.0943437833333033,0.7741135128492135,133.5573642971263,131.70847285477453,1.8488914423517713,1.7494867946469697,0.09940464770480162,1.0964540513968544,1.5156248381554582
2023-09-09 00:00:00-04:00,133.80410329196144,135.53975798327252,133.74459755250976,135.26205444335938,23558300.0,0.0,-0.10618152191963437,0.0,-0.012454753233280602,0.006932623318870903,0.11005198341011788,0.009979603336736911,0.15842129167245747,0.01405794204910296,0.22316291164370516,66.5553189053364,1.7951604307627633,2.6986823204122765,0.9496930709932688,132.21463215514157,0.022529764912700645,132.29458045959473,138.13284099761538,126.45631992157408,0.08826152239552645,0.7541402498603389,133.8196243196237,131.9717011205956,1.847923199028088,1.7691740755231935,0.07874912350489449,1.0165609994413558,1.498625566778749
2023-09-10 00:00:00-04:00,133.80410329196144,135.53975798327252,133.74459755250976,135.26205444335938,23558300.0,0.0,-0.10618152191963437,-0.003943982415456682,-0.007423718770273813,0.006949332314542532,0.11031723049334657,0.009979603336736911,0.15842129167245747,0.01405794204910296,0.22316291164370516,66.5553189053364,1.7951604307627633,2.6341450425801685,0.9529399367883404,132.60989814666894,0.01960754113638736,132.69179763793946,138.1745197870948,127.20907548878412,0.08263844859673085,0.7343960477566684,134.04153664635226,132.21543099635588,1.8261056499963786,1.7805603904178307,0.045545259578547936,0.9375841910266751,1.471643497380744
2023-09-11 00:00:00-04:00,135.42074803161276,136.35304508761172,134.676895929534,135.79763793945312,20763400.0,0.003951780424329488,0.13565719906421647,0.011674407052001623,-0.0034935147154230295,0.003642339792181745,0.05782035168304549,0.009941708584003638,0.15781973112209832,0.013601566753133303,0.21591817841780991,68.33063677568641,1.6761491580777204,2.5657167651157082,0.842085027738427,132.94930484249366,0.020974835351918457,133.08058395385743,138.26358172211252,127.89758618560234,0.07789262136168827,0.7621122087141493,134.3117060760601,132.48077965880753,1.830926417252556,1.7906335957847759,0.040292821467780016,1.048448834856596,1.527697128610049
2023-09-12 00:00:00-04:00,135.14303224154853,135.74803250189984,134.08181120803886,134.23057556152344,18405500.0,-0.0116067869363243,-0.8143385403199886,-0.010021287456740913,-0.014992888682064831,0.007386906471062713,0.11726350488315408,0.010421691307044834,0.16543922063474592,0.013710807200716121,0.21765231676229105,58.539331218987755,1.7158267314142677,2.505010334137034,0.7609848832526682,133.09377710158913,0.008468997880540785,133.22786712646484,138.3632072121276,128.09252704080208,0.07709108006342405,0.5976282406162381,134.29922445843906,132.61039417011983,1.6888302883192239,1.7702729342916657,-0.08144264597244177,0.39051296246495326,1.150526243751921
2023-09-13 00:00:00-04:00,133.9826247837674,135.7777852717878,133.05032781273377,135.58935546875,20749500.0,0.010071838566239468,0.5116494138236597,-0.010065135736957997,-0.01085303003890914,0.0079152982915372,0.12565146499381116,0.009212659058020446,0.14624642868689203,0.013648551964839713,0.2166640455306472,63.43227865316317,2.7274574590540226,2.5208994144882473,0.8718694929084838,133.4646924918483,0.015669836098537882,133.57152709960937,138.34259574168937,128.80045845752937,0.0714384082548076,0.7114650323141167,134.49770615233305,132.83105797001835,1.6666481823147024,1.749547983896273,-0.08289980158157073,0.8458601292564666,1.3892180153580078
2023-09-14 00:00:00-04:00,136.47205520158755,137.5630290724014,135.1232029476824,136.96795654296875,24751000.0,0.010116131691695146,0.5084739262847744,0.005094485016740924,0.0004346647597885944,0.008981885770316307,0.14258301631588058,0.007984461097766809,0.12674939050536452,0.012486122584830884,0.19821105119357704,67.60897683571558,2.439826124719019,2.5151084652190168,1.0444224503354993,133.91016707459193,0.022324852801739462,133.97915802001953,138.420965288268,129.53735075177104,0.06630594390785431,0.8364394651152642,134.87774467396932,133.13749490134802,1.740249772621297,1.747688341641278,-0.007438569019980967,1.3457578604610538,1.6139636937820376
2023-09-15 00:00:00-04:00,136.84895965520028,137.38454169510266,135.3612553079111,136.27371215820312,38919600.0,-0.0050815520339420805,-0.4244767765696874,0.0,0.027366581931218104,0.00960246827368844,0.15243445814740395,0.008164743359161234,0.12961128268204047,0.012494958920762496,0.19835132367783348,63.66534180238465,2.023286387191547,2.4799783167884835,1.6012276753572148,134.3798858420408,0.013897224095309989,134.3520767211914,138.1781485509651,130.5260048914177,0.05695590158555708,0.7511238056298319,135.09250890231297,133.3698072907447,1.722701611568283,1.742690995626679,-0.01998938405839601,1.0044952225193242,1.4167221313912
2023-09-16 00:00:00-04:00,136.84895965520028,137.38454169510266,135.3612553079111,136.27371215820312,38919600.0,0.0,-0.11093732166594643,0.0,0.053357792226709444,0.009511417385661726,0.15098907010918233,0.008164743359161234,0.12961128268204047,0.012494958920762496,0.19835132367783348,63.66534180238465,2.023286387191547,2.447357464674417,1.562161898551955,134.82668478514142,0.010618536401076498,134.7249954223633,137.619282471961,131.8307083727656,0.042965851147726435,0.7675471902579781,135.27423248014222,133.58491135500086,1.6893211251413618,1.7320170215296156,-0.04269589638825377,1.0701887610319143,1.3707589467269405
2023-09-17 00:00:00-04:00,136.84895965520028,137.38454169510266,135.3612553079111,136.27371215820312,38919600.0,0.0,-0.11093732166594643,-0.005860533810831958,0.05489426410809983,0.0067815825820772575,0.10765428604574218,0.008164743359161234,0.12961128268204047,0.012494958920762496,0.19835132367783348,63.66534180238466,2.023286387191547,2.4170666734256407,1.5065991812718351,135.13015069980025,0.008391651187099723,135.04187774658203,136.9473629307912,133.13639256237286,0.02822065593289483,0.8232337941615484,135.4279985844593,133.78408178486768,1.643916799591608,1.7143969771420142,-0.07048017755040625,1.292935176646187,1.335455634109498
2023-09-18 00:00:00-04:00,135.4901665221767,138.0192664165555,135.4901665221767,137.07705688476562,21861300.0,0.005877774130422673,0.2522260513895036,0.0012315501527344619,0.061112952443003854,0.005892593384198166,0.09354202003087699,0.00808494490400463,0.12834452147793138,0.012468771293064456,0.1979356079759389,66.49026693407941,2.5290998943787883,2.4250690463508655,0.8824991568112995,135.36066986746144,0.012521329654364212,135.22238693237304,137.18285378714936,133.26192007759673,0.028996187676479577,0.9730174213029984,135.68169986142948,134.0280058663416,1.6536939950878775,1.7022563807311868,-0.04856238564330928,1.8920696852119983,1.4918246778113182
2023-09-19 00:00:00-04:00,136.29353439301667,137.2754245802509,135.5000891528616,136.908447265625,20353700.0,-0.0012307924169077504,-0.18503222853367507,0.03215184555555317,0.05980774605148498,0.003932158424541357,0.06242107984226382,0.005896862468126119,0.09360978963727354,0.012423512952309214,0.19721715408960017,65.34199867173052,1.775335427389308,2.378659502139326,0.8350602467472418,135.45982713512075,0.010580940471070353,135.32950134277343,137.4151151994777,133.24388748606916,0.030822752408163543,0.8785326602467669,135.8704302313057,134.24137189591815,1.6290583353875547,1.6876167716624604,-0.058558436274905645,1.5141306409870665,1.4416845500711406
2023-09-20 00:00:00-04:00,136.9481276445737,136.9481276445737,132.52468065263594,132.64370727539062,29927500.0,-0.03164579340199363,-2.0452724471455173,0.0252988667848566,0.020059514261397293,0.014930942303028478,0.23702136104200414,0.009005352183440824,0.14295553407562162,0.012969317406621864,0.20588153119309568,44.43782602174255,4.423446991937766,2.524715751410643,1.2281669748968047,135.31193427309796,-0.020115745047502694,135.20899810791016,137.61550341430734,132.80249280151298,0.035596821810284396,-0.032990894659625465,135.37401131501107,134.12302636847167,1.250984946539404,1.6002904066378492,-0.3493054600984451,-2.131963578638491,0.4482342951281898
2023-09-21 00:00:00-04:00,130.36257622016777,131.14609385607787,129.00381108346423,129.3707733154297,31503900.0,-0.024984147441036497,-1.6210349904863948,0.001458641966413321,0.014544757896893357,0.016742769589637264,0.2657832275558109,0.010405722476705716,0.16518572331191056,0.01301774469591114,0.20665029057786613,35.14524237507783,3.639896191926397,2.604371497161768,1.2669659419379162,134.9686674677846,-0.04327016070860316,134.95013885498048,138.49878588974482,131.40149182021614,0.052591973077964364,-0.2861257381887382,134.4504362381524,133.7710076238019,0.6794286143505133,1.4161180481803821,-0.7366894338298688,-3.1445029527549613,-0.4125353979495563
2023-09-22 00:00:00-04:00,129.68815661812712,130.94775068291577,128.53767662390266,129.18234252929688,26397300.0,-0.001457579181576371,-0.1739522681358822,0.0,-0.002221229352095677,0.01652780424144126,0.2623707584448727,0.010398967661522042,0.16507849394514135,0.01300398965249527,0.2064319360329584,34.695405612650745,2.4100740590131124,2.590493108722579,1.0513373961324748,134.68254754691483,-0.04257706517723646,134.68185806274414,139.07041947642963,130.29329664905865,0.06516930307927588,-0.12657383764726643,133.63996028294386,133.43110650569042,0.208853777253438,1.1746651939949935,-0.9658114167415555,-2.5062953505890677,-0.5324741321249642
2023-09-23 00:00:00-04:00,129.68815661812712,130.94775068291577,128.53767662390266,129.18234252929688,26397300.0,0.0,-0.08442340546021565,0.0,-0.015569205960612287,0.015211597649978923,0.2414766265549127,0.010398967661522042,0.16507849394514135,0.01300398965249527,0.2064319360329584,34.695405612650745,2.4100740590131124,2.5776060337433315,1.0412731497415189,134.4019055656515,-0.04040461671587121,134.4135772705078,139.44547005855395,129.38168448246165,0.07487179331474005,-0.019807849805379012,132.95417293622893,133.1163832481798,-0.1622103119508722,0.9072900928058204,-1.0695004047566927,-2.07923139922152,-0.6083061738292068
2023-09-24 00:00:00-04:00,129.68815661812712,130.94775068291577,128.53767662390266,129.18234252929688,26397300.0,0.0,-0.08442340546021565,-0.006559147973754009,-0.004661204708678479,0.015434995982716259,0.2450229651452894,0.010398967661522042,0.16507849394514135,0.01300398965249527,0.2064319360329584,34.695405612650745,2.4100740590131124,2.565639464119745,1.0313997624021414,134.12658569796687,-0.038273366714562475,134.1452964782715,139.6927568903381,128.59783606620488,0.08270823588608157,0.052682346486024746,132.37389133516245,132.82497282455884,-0.4510814893963868,0.6356157763653789,-1.0866972657617657,-1.7892706140558974,-0.6153746231152212
2023-09-25 00:00:00-04:00,128.7657567141094,130.0947688069164,127.902893138493,130.03526306152344,20094600.0,0.006580753713476073,0.3181222461841116,0.019755784864568193,0.0019104743490307996,0.01215264200579397,0.19291721111836807,0.010558220252391544,0.16760655045164183,0.01294295274735879,0.2054630052022294,39.10199161984216,2.1918756684233927,2.538942050141434,0.7840803738376104,133.94610839468154,-0.030075267593435588,133.91420669555663,139.74949733833165,128.0789160527816,0.0871496876510062,0.16763063988629984,132.01410236998723,132.6183276569266,-0.6042252869393678,0.38764756370442965,-0.9918728506437975,-1.3294774404548015,-0.3721934955267162
2023-09-26 00:00:00-04:00,128.7062429989617,129.2914029707038,126.17714304040304,127.51608276367188,25718700.0,-0.019563172025690034,-1.281679984684163,-0.015091089024661497,-0.01749959233416587,0.00982911301555997,0.15603233188511895,0.011237481279588877,0.1783894849712164,0.01319112277128684,0.2094025821992768,32.192467387089096,3.858120021120399,2.6331690480685035,0.9899441684837731,133.64899520837756,-0.048095207379228636,133.62212066650392,140.12168422105714,127.1225571119507,0.09728274812783322,0.030273236688753934,131.32209935363102,132.2403835907596,-0.9182842371285744,0.12646120353782883,-1.0447454406664032,-1.8789070532449836,-1.0938511104844446
2023-09-27 00:00:00-04:00,127.51608742320651,129.82697452376246,127.51608742320651,129.4699249267578,22746500.0,0.015206118253401556,0.8429962893091704,-0.01337769152960544,-0.027055275455352246,0.012808796617900093,0.2033333426698132,0.01175274413726889,0.18656902925871507,0.011291388902810083,0.1792452419600997,40.913229309660686,2.310891760090584,2.6101492417843666,0.8690142448575094,133.44933285311217,-0.030736156899801546,133.38805541992187,140.1396726535464,126.63643818629734,0.10123271101553455,0.20983763166764616,131.03714944180436,132.03516443046317,-0.9980149886588094,-0.09843403490149884,-0.8995809537573106,-1.1606494733294155,-0.5048978964745842
2023-09-28 00:00:00-04:00,128.77566411264445,132.20730825142687,128.72607094890918,131.2254180908203,22513100.0,0.013467978974122162,0.7397871473459718,0.011080516089074344,-0.0009061560407672697,0.014048049256852034,0.22300586843529732,0.012098075812696526,0.1920509996568039,0.01141501644399152,0.18120776833508656,47.452414049158634,3.481237302517684,2.6723698175510324,0.8618180286952394,133.2717641114871,-0.015594128412305956,133.18622360229492,139.94330174310454,126.42914546148529,0.1014681242256229,0.3549072934622255,131.06611384934527,131.97518322011925,-0.9090693707739774,-0.2605611020759946,-0.6485082686979828,-0.5803708261510983,0.014538353004987703
2023-09-29 00:00:00-04:00,132.1874685646927,132.9511609153293,129.29140636705122,129.7873077392578,30859800.0,-0.01101957691577458,-0.7595289918099792,0.0,-0.03238701329638105,0.015457214149967802,0.24537566761610075,0.012088347794941253,0.19189657216242345,0.011083202267398912,0.1759403815785883,43.231456604689185,3.659754548278073,2.7428972983172497,1.1650538217958217,132.9802769999671,-0.024601552465545698,132.91248626708983,139.75847489731203,126.06649763686764,0.10301498109763844,0.271751116118156,130.86937444779335,131.81311836968507,-0.9437439218917234,-0.39719766603914036,-0.5465462558525831,-0.9129955355273752,-0.4003705784996411
2023-09-30 00:00:00-04:00,132.1874685646927,132.9511609153293,129.29140636705122,129.7873077392578,30859800.0,0.0,-0.07158470909612966,0.0,-0.03116914654747538,0.01513301584962674,0.24022917914706707,0.012088347794941253,0.19189657216242345,0.011083202267398912,0.1759403815785883,43.231456604689185,3.659754548278073,2.80838710188588,1.1492145183303883,132.69671562154068,-0.02241673652810375,132.63874893188478,139.52685522097482,125.75064264279473,0.10386265468513067,0.2930170446742878,130.7029026464802,131.66305832298676,-0.9601556765065595,-0.5097892681326243,-0.45036640837393527,-0.8279318213028479,-0.39660434133064965
2023-10-01 00:00:00-04:00,132.1874685646927,132.9511609153293,129.29140636705122,129.7873077392578,30859800.0,0.0,-0.07158470909612966,-0.024670196965056457,-0.04884432632230706,0.010859410065686217,0.17238779051206393,0.012088347794941253,0.19189657216242345,0.011083202267398912,0.1759403815785883,43.231456604689185,3.659754548278073,2.8691990623424655,1.1280086059645944,132.41495026599193,-0.02024575879186156,132.338232421875,139.170269535722,125.50619530802801,0.10325114653288495,0.3133115613901562,130.5620418915229,131.52411383530313,-0.9620719437802165,-0.6002458032621427,-0.3618261405180738,-0.7467537544393739,-0.41256970511276986
2023-10-02 00:00:00-04:00,130.1344474612235,133.31812586216128,130.09476687574428,133.07017517089844,22288000.0,0.024979605658125483,1.4828161438401162,0.013139030243422667,-0.024785594864452865,0.013931431283491141,0.22115461549981766,0.013402639724025465,0.21276030972940044,0.011528098110042694,0.18300288413236013,54.71597667489181,3.5308181229034687,2.9164575666682513,0.8089461723050265,132.38080771663851,0.005180480550014958,132.28021240234375,139.06412408281426,125.49630072187325,0.10256880537561497,0.5582232497829255,130.94790854988838,131.63863689719906,-0.6907283473106816,-0.6183423120718505,-0.07238603523883103,0.23289299913170441,0.5398889305636271
2023-10-03 00:00:00-04:00,132.8420685488848,133.15943757319482,130.75927662958244,131.3444366455078,22989400.0,-0.013053461894009202,-0.8903346309106812,-0.020778034129588785,-0.03743279448898873,0.01512977419664926,0.24017771950137595,0.01346364608612721,0.21372875570448427,0.011593086826515442,0.18403454802323319,49.093409799990226,2.400160943612377,2.8795792364499744,0.8310255716025475,132.21741545567107,-0.006646484864215358,132.06796646118164,138.67937933132097,125.45655359104231,0.10012137003839772,0.44528175520986785,131.00891287229138,131.61684428596266,-0.607931413671281,-0.6162601323917367,0.008328718720455708,-0.2188729791605287,0.001054930708649294
2023-10-04 00:00:00-04:00,131.70149484137792,134.45872070934675,131.44363154646038,134.1314239501953,26752300.0,0.020996935009981753,1.2272548403788326,0.001258630015968043,-0.02297321479182801,0.01595665239699504,0.2533040039973094,0.014109849085266203,0.22398691029759943,0.011455624448169121,0.18185240041684217,56.81185317593378,3.1142840638389373,2.8963438669777575,0.9635622878656878,132.09787824815933,0.01516084480539818,131.92613983154297,138.208477040144,125.64380262294193,0.09524021875608545,0.6755146250055735,131.4892991919689,131.80310944627618,-0.3138102543072705,-0.5557701567748435,0.24195990246757304,0.7020585000222941,0.8199128686058547
2023-10-05 00:00:00-04:00,133.9628143310547,134.37936969993646,132.35608346969923,133.9628143310547,19832600.0,-0.0012578386052022013,-0.16028587963659183,-0.018243824205065873,-0.021656989718100483,0.01609572549648795,0.25551172100921254,0.013898078829472147,0.22062516170612978,0.011458589870719679,0.18189947504044818,56.25613114277716,2.0232862302372325,2.833982607210577,0.7397572623692144,131.8637545934324,0.015668973125893063,131.81059494018555,137.8360062038128,125.78518367655833,0.09142529500548122,0.6785952275043146,131.86983998259748,131.9630875858894,-0.09324760329192827,-0.4632656460782605,0.3700180427863322,0.7143809100172609,0.7411385342546615
2023-10-06 00:00:00-04:00,132.91148163496393,137.02747214489506,132.91148163496393,136.4522247314453,27597600.0,0.018412294945449548,1.0761164820157039,0.0,-0.021131227697773758,0.016388164208938016,0.2601540416504374,0.014490819621800365,0.23003463007667288,0.011661834147932653,0.18512587791786378,62.14393066450145,4.115990509931123,2.9255546002620445,1.0515973380842232,131.77801333867808,0.03425529632782942,131.81952056884765,137.8732315270455,125.7658096106498,0.09184847482488116,0.8826334123471915,132.574822251651,132.295616263338,0.27920598831300936,-0.31477131920000656,0.5939773075130159,1.530533649388767,1.4565851445779878
2023-10-07 00:00:00-04:00,132.91148163496393,137.02747214489506,132.91148163496393,136.4522247314453,27597600.0,0.0,-0.08114882573041445,0.0,-0.010002234059960036,0.014369043963924967,0.22810150143779537,0.014490819621800365,0.23003463007667288,0.011661834147932653,0.18512587791786378,62.14393066450145,4.115990509931123,3.010585736666979,1.0747815053740828,131.68849147413732,0.03491136378819474,131.82844619750978,137.91027001576134,125.74662237925823,0.09226876283043746,0.8801309173129584,133.17134571008089,132.6035131869015,0.5678325231793906,-0.13825055072412712,0.7060830739035178,1.5205236692518367,1.4031035724540908
2023-10-08 00:00:00-04:00,132.91148163496393,137.02747214489506,132.91148163496393,136.4522247314453,27597600.0,0.0,-0.08114882573041445,-0.006068268436712598,0.0016016607093474189,0.011072040355515947,0.17576319172059823,0.014490819621800365,0.23003463007667288,0.011661834147932653,0.18512587791786378,62.143930664501454,4.115990509931123,3.089543220471561,1.0629088799894624,131.71480953786215,0.03471848995431898,131.79720458984374,137.77096568255425,125.82344349713325,0.09065080115016086,0.8896222220270799,133.67609632875232,132.88860293094177,0.7874933978105503,0.04689823898280836,0.740595158827742,1.5584888881083236,1.3527881464812566
2023-10-09 00:00:00-04:00,135.81744528333422,137.80105040765056,134.4983460596191,137.28530883789062,19278100.0,0.006086755204009455,0.29526393025023956,0.0026074996007792173,0.007716756495938171,0.008209941674876894,0.13032878370041617,0.0144950841525759,0.23010232740401557,0.011226557076747162,0.17821606862727157,64.16019672506127,3.3027043480314546,3.104769015297268,0.7440282758610043,131.71804934841018,0.04055247816832598,131.81604766845703,137.85966174719087,125.77243358972318,0.09169769820340402,0.9524826617138521,134.2313597916967,133.21428484997503,1.0170749417216598,0.24093357953057865,0.7761413621910811,1.809930646855404,1.5383704633787199
2023-10-10 00:00:00-04:00,137.36466401043336,138.5746644275756,136.20425675144423,136.9282684326172,27786600.0,-0.002604105971672823,-0.24893235157340785,-0.017716227947894736,0.005095969157614899,0.00847001838654721,0.1344573735056908,0.014504352024547092,0.2302494503105269,0.011232575888245543,0.17831161429774892,62.620822224874544,2.3704076761313786,3.052314633928276,1.0768582971349312,131.94490253186825,0.036393989041066895,132.03027572631837,138.48704606745298,125.57350538518374,0.09780742039073931,0.8792912282395138,134.64626881337676,133.48939474498556,1.156874068391204,0.4241216773027037,0.7327523910885003,1.5171649129580513,1.3820779175667544
2023-10-11 00:00:00-04:00,137.44402038931838,139.95328001705715,137.44402038931838,139.3978729248047,25884300.0,0.017875038796011322,1.047187914993798,0.011369239629168248,0.010423905413062373,0.008247981589469346,0.1309326486238508,0.013053975959278003,0.20722544405319254,0.011287991406488881,0.17919130837802275,68.28833346704542,3.025011584439966,3.0503644161076826,1.0141791049162079,132.4817052422772,0.04961458548408605,132.5316307067871,139.64290188574233,125.42035952783185,0.10731432399995461,0.9827717889831868,135.37728483051953,133.92705979534253,1.4502250351769987,0.6293423488775627,0.8208826862994361,1.9310871559327434,1.9980130286624103
2023-10-12 00:00:00-04:00,139.89379277540957,140.06239744116,137.12665439341535,137.83084106445312,24765500.0,-0.011305095546078075,-0.8100769161174363,0.011721132277797919,-0.0053677588714801105,0.010850590202463473,0.17224777952395404,0.011912410180163953,0.18910364911264774,0.011398314316553235,0.1809426302816821,61.87728581124626,2.935743047744637,3.0421771755103224,0.9734550668069923,132.9132326997151,0.035678577644595665,132.96405563354492,140.26700986246843,125.6611014046214,0.10984854807754647,0.833206622850873,135.75475502035545,134.2162287782396,1.5385262421158359,0.8111791275252174,0.7273471145906185,1.3328264914034915,1.4944681374229392
2023-10-13 00:00:00-04:00,138.23746980650327,138.8523826583463,135.50008457709373,136.23402404785156,23420500.0,-0.011652971901049497,-0.8420964591784987,0.0,-0.0043492787184988835,0.012514308464313376,0.19865848815914292,0.01230515083274568,0.19533821369150656,0.011508404817539626,0.1826902628056051,56.0977863927186,3.3522980812525702,3.064328668777626,0.9260048193133121,133.26168305041833,0.021817905021943817,133.31663970947267,140.5312075164512,126.10207190249415,0.10823206799542366,0.7021870482357212,135.8284887168933,134.36569509450717,1.4627936223861298,0.9415020264973999,0.5212915958887299,0.8087481929428846,1.010868058965881
2023-10-14 00:00:00-04:00,138.23746980650327,138.8523826583463,135.50008457709373,136.23402404785156,23420500.0,0.0,-0.07108526513409628,0.0,-0.0028313801489995294,0.012021615028371185,0.1908372223345611,0.01230515083274568,0.19533821369150656,0.011508404817539626,0.1826902628056051,56.0977863927186,3.3522980812525702,3.084897912525836,0.931486494629053,133.61425884765566,0.01922988929164802,133.6692237854004,140.72046262599736,126.61798494480344,0.10550280222944047,0.681868769476686,135.89087876780997,134.50408983179196,1.3867889360180072,1.0305594084015215,0.35622952761648574,0.7274750779067464,0.977857378783259
2023-10-15 00:00:00-04:00,138.23746980650327,138.8523826583463,135.50008457709373,136.23402404785156,23420500.0,0.0,-0.07108526513409628,-0.012509217390842653,0.012979367097296413,0.012020259100139027,0.19081569764117345,0.01230515083274568,0.19533821369150656,0.011508404817539626,0.1826902628056051,56.0977863927186,3.3522980812525702,3.1039979245777456,0.9253661874778739,133.8775493424181,0.017297255380240177,133.9791618347168,140.9016066659084,127.05671700352521,0.10333614177600925,0.6628660298580252,135.94367034935482,134.63223310705564,1.3114372422991778,1.0867349751810529,0.2247022671181249,0.6514641194321031,0.9473309104734319
2023-10-16 00:00:00-04:00,137.03740849990476,138.4854474310205,136.85889123736658,137.9597930908203,28501900.0,0.012588116317098913,0.7553164697812919,-0.0044371990490693625,0.02581146572405779,0.01000687806657975,0.15885426458590124,0.012472694827372104,0.1979978921521697,0.011491673428689612,0.18242466024168996,61.01318054112437,2.251423383168941,3.043099743048545,1.1199790951172166,134.42759994164828,0.025603062095394362,134.50134735107423,140.92894625518903,128.07374844695943,0.09557672143369003,0.7690309236262444,136.25384307881103,134.87871903177893,1.3751240470321022,1.1444127895512628,0.23071125748083943,1.0761236945049755,1.3867140295749898
2023-10-17 00:00:00-04:00,137.49361518669917,138.75319373814438,136.0554891433646,138.57467651367188,23515800.0,0.004447072634972864,0.2301198940762995,0.012757111055649917,0.030383482332038136,0.00877831460878629,0.13935142431080264,0.01137034792232946,0.1804986775365823,0.011382244608728873,0.1806875315784137,62.61907417651263,2.697704594779765,3.0184286610293465,0.9226562572034088,134.84014563488248,0.02694959117166655,134.95658493041992,141.1698746807064,128.74329518013343,0.09207834880365269,0.7911574808727635,136.61089437648192,135.1524936600673,1.4584007164146158,1.2072103749239336,0.2511903414906822,1.1646299234910535,1.5195661956750237
2023-10-18 00:00:00-04:00,138.30690868674475,139.56650258267163,136.25388459322733,136.82913208007812,23375000.0,-0.012676424607140142,-1.0025894775928224,0.0015245291717820297,0.010696056900466377,0.00915326585065565,0.1453035907493696,0.011616774819080628,0.18441058324754817,0.011453357199529638,0.18181640896047965,55.61553021582928,3.3126179894443055,3.039442184487558,0.9155837644574104,135.090577439518,0.012706026955887214,135.2367706298828,141.2435799509593,129.22996130880634,0.08883396568993744,0.6325463623931005,136.64446940780442,135.27668909858662,1.3677803092178067,1.2393243617827083,0.12845594743509836,0.5301854495724021,0.9966440001818131
2023-10-19 00:00:00-04:00,137.36470178510663,138.5151967823289,136.25388737880166,136.620849609375,26066000.0,-0.0015233682569333684,-0.21984063337030924,0.0158556405923187,-0.007636257960946913,0.00921468427165454,0.14627857795665758,0.011375749323957992,0.18058442212922393,0.011407899519336432,0.18109479065866488,54.827547784807926,2.2613094035272354,2.9838612715618207,1.0306649105374475,135.4929936790651,0.008255371954827145,135.57844772338868,141.03203207140766,130.1248633753697,0.08044913390873967,0.595570345984011,136.64083559266143,135.3762565438302,1.264579048831223,1.2443752991924113,0.020203749638811663,0.3822813839360436,0.9132490414876835
2023-10-20 00:00:00-04:00,136.20426349098727,136.73983027790308,133.97270746704044,134.4884490966797,26335700.0,-0.015731253029931447,-1.2552024395023618,0.0,0.07953183891598958,0.011784112352428626,0.18706698423702284,0.011685928015516918,0.1855083562083619,0.011319592953857064,0.179692967390309,47.41987783215225,2.767122810862645,2.968379952940451,1.0507270011707903,135.79146830460658,-0.009688707221169553,135.81350479125976,140.57780788453584,131.04920169798368,0.07015948967076048,0.3609391899887584,136.30969920866423,135.31049302922648,0.9992061794377491,1.1953414752414788,-0.19613529580372968,-0.5562432400449654,0.24100662409926302
2023-10-21 00:00:00-04:00,136.20426349098727,136.73983027790308,133.97270746704044,134.4884490966797,26335700.0,0.0,-0.10459495539728819,0.0,0.10893028310146202,0.00866565909157781,0.1375630734166847,0.011685928015516918,0.1855083562083619,0.011319592953857064,0.179692967390309,47.41987783215225,2.767122810862645,2.9540044427920362,1.0602961744999408,136.09537946204065,-0.011948463798595765,136.04856185913087,139.94603631839442,132.15108739986732,0.057295342280782376,0.2998559350731479,136.02950688374352,135.24960088607486,0.7799059976686635,1.1122543797269158,-0.33234838205825223,-0.8005762597074062,0.21321388961180224
2023-10-22 00:00:00-04:00,136.20426349098727,136.73983027790308,133.97270746704044,134.4884490966797,26335700.0,0.0,-0.10459495539728819,-0.006593529211870397,0.10992876564455556,0.007604459413670746,0.12071705078194107,0.011685928015516918,0.1855083562083619,0.011319592953857064,0.179692967390309,47.41987783215225,2.767122810862645,2.9406557547970795,1.0517265168410546,136.14551059433074,-0.012321217984005789,136.1194755554199,139.83619591314903,132.4027551976908,0.054609677896031626,0.2805825698793269,135.7924210703491,135.19321927204558,0.5992017983035112,1.009643863442235,-0.4104420651387237,-0.8776697204826955,0.19717955966791567
2023-10-23 00:00:00-04:00,133.93304944521964,136.53158318839846,132.85198797694417,135.38108825683594,26317900.0,0.00661536255103,0.3773618502909424,-0.01664142970858795,0.11729568739770913,0.008229781727511414,0.13064373477203242,0.010481345594826786,0.16638620309540425,0.011315408954754492,0.17962654846364223,50.889023820055236,3.6795952114542843,2.9934371445583086,1.0440764759765888,136.32454079285026,-0.006968865062042231,136.32130813598633,139.31414308609706,133.3284731858756,0.043908542120579604,0.34292152844653145,135.72913909903937,135.20713549314115,0.5220036058982203,0.912115811933432,-0.3901122060352118,-0.628313886213872,0.45897031054852583
2023-10-24 00:00:00-04:00,136.70018711343607,138.2176442463873,136.2935443173615,137.67214965820312,44814300.0,0.016781453942583117,1.1133025967938484,0.10508723898806993,0.1362037421066109,0.011843778613233937,0.1880141567635347,0.010528743446339443,0.16713862066209179,0.011476204211574467,0.18217909403290874,58.46385043463105,2.836555989551357,2.982231347772098,1.7163673493305431,136.55254386540136,0.008132405832126502,136.49834442138672,139.361849196175,133.63483964659844,0.04195662279900334,0.7049595389452762,136.02806380044916,135.3897291349976,0.6383346654515663,0.857359582637059,-0.21902491718549277,0.8198381557811006,1.1804117690746128
2023-10-25 00:00:00-04:00,127.10944521580694,127.25820957616192,124.044770755967,124.5803451538086,84366200.0,-0.0999242811638539,-6.703759358382674,0.027232586502490497,0.009239965865440736,0.047798932034226846,0.7587845225822577,0.024090103249312975,0.38241853353330696,0.0168279874968892,0.2671360198948388,29.994309494078095,13.627378902236131,3.7425990302338144,2.875795293600326,134.9186016106124,-0.08298465094184843,136.02922096252442,142.01440689178764,130.0440350332612,0.08799853276983953,-0.4564344319479797,134.26687631635062,134.5890340252799,-0.322157708929268,0.6214561243237936,-0.9436138332530616,-3.8257377277919113,-2.9923952468210366
2023-10-26 00:00:00-04:00,122.25952391827924,123.31083999813282,120.27591838168972,121.27764129638672,57061100.0,-0.02686837707040216,-1.8408351395630418,0.0009004015476077321,-0.014506731453212462,0.04715403443176319,0.7485470905189339,0.02461257941378547,0.39071258551622556,0.016980085443679738,0.26955049994762664,26.489805032974004,4.304426772118873,3.7827295832256045,1.8520423274069229,133.58673341917418,-0.10149514775527047,135.27049179077147,144.16843255459946,126.37255102694348,0.13155774989848942,-0.28629712569388244,132.2685324671254,133.60300493425078,-1.33447246712538,0.23027040603395887,-1.564742873159339,-3.1451885027755306,-3.6052751229416056
2023-10-27 00:00:00-04:00,121.87272000373476,122.29919549173574,119.22460845972752,121.16854095458984,44566500.0,-0.0008999964292953785,-0.12746088778825576,0.0,-0.03384739429692796,0.04705698006746077,0.7470064002493478,0.024058936707599236,0.38192378002170413,0.016978668196988244,0.2695280018538739,26.380155632104533,3.0745870320082247,3.732147972424363,1.4077364303229456,132.58775896871867,-0.09424243226967959,134.5063076019287,145.38228196241502,123.6303332414424,0.1617169418206579,-0.1131757121364931,130.56084146519686,132.68193352834996,-2.1210920631530996,-0.24000208780345283,-1.8810899753496468,-2.4527028485459734,-3.281058063241369
2023-10-28 00:00:00-04:00,121.87272000373476,122.29919549173574,119.22460845972752,121.16854095458984,44566500.0,0.0,-0.06788145430640792,0.0,-0.04172881699345643,0.04617613007127341,0.7330233400557641,0.024058936707599236,0.38192378002170413,0.016978668196988244,0.2695280018538739,26.380155632104533,3.0745870320082247,3.68517933382321,1.370993654695653,131.6409321977575,-0.08642830193929946,133.74212341308595,146.09050718162382,121.39373964454808,0.18465960392146202,-0.009118549203662238,129.1158721558727,131.82908963399737,-2.713217478124676,-0.7346451658676975,-1.9785723122569787,-2.03647419681465,-2.972100476109378
2023-10-29 00:00:00-04:00,121.87272000373476,122.29919549173574,119.22460845972752,121.16854095458984,44566500.0,0.0,-0.06788145430640792,-0.018399459513481764,-0.05367930973623647,0.04314654921044667,0.684930234848713,0.024058936707599236,0.38192378002170413,0.016978668196988244,0.2695280018538739,26.380155632104533,3.0745870320082247,3.6415655979792825,1.3196624869137505,130.78882775761244,-0.07939591190280962,132.9362850189209,146.36716511382497,119.50540492401683,0.20206492295150935,0.06191463324894247,127.8932058172138,131.03941936144867,-3.146213544234868,-1.2169588415411317,-1.9292547026937366,-1.7523414670042292,-2.726406306024509
2023-10-30 00:00:00-04:00,122.20001252709248,124.3720629106878,121.74378418278032,123.43976593017578,28940100.0,0.01857083496769957,1.1535508911903058,0.003062535639895003,-0.03594114791875391,0.01620707136065976,0.2572792818058976,0.02451356106235112,0.3891407179174643,0.017114692113344668,0.2716873145840908,33.53363789409295,3.2035219560979584,3.6102767664163307,0.8554867877409817,130.2223331536753,-0.05494637139328423,132.26185989379883,146.19400012177752,118.32971966582012,0.21067509921856037,0.18339056960156058,127.20806121920796,130.47648207024326,-3.2684208510353017,-1.6272512434399657,-1.641169607595336,-1.2664377215937586,-2.0939997821909704
2023-10-31 00:00:00-04:00,124.03484388332474,124.34230786737872,121.6842763149313,123.06288146972656,26292300.0,-0.0030578556303183357,-0.2828442921575697,-0.01874263186957359,-0.038884598091151745,0.008836409510255614,0.14027365228117444,0.024511485886688597,0.3891077755250854,0.016746846257137144,0.2658479426461064,32.961290673734,2.658031552447426,3.5422592511328377,0.7767478177481838,129.59345455413379,-0.05306696061731451,131.44511032104492,145.5302159190146,117.36000472307522,0.21431159460504645,0.20244352117151987,126.57034125774928,129.92732647020497,-3.3569852124556974,-1.9731980372431122,-1.3837871752125852,-1.190225915313921,-2.0562616251136174
2023-11-01 00:00:00-04:00,123.05297186152896,125.45313279745749,122.7058423983748,125.41345977783205,30082400.0,0.018920500990983195,1.1699483453126667,-0.008157533965137076,-0.029174906397212097,0.01089815164028314,0.17300279394275903,0.02456145877291631,0.3899010705006133,0.016884279424947073,0.26802962654960766,39.856091592370795,2.7472903990826865,3.4854757617006844,0.8817925106672113,129.11016752663238,-0.029476164323582132,130.82424125671386,144.8185794490767,116.829903064351,0.21394105645760308,0.30667962269789073,126.39235949160816,129.59296597447366,-3.2006064828654957,-2.218679726367589,-0.9819267564979066,-0.7732815092084377,-1.5080422816754808
2023-11-02 00:00:00-04:00,127.3673155795192,127.92272273406016,125.889531505127,126.44493865966795,27124600.0,0.008190988708358007,0.45429370795009155,-0.012470888152230297,-0.02657105246959568,0.010197241956665817,0.16187619765654862,0.024680744715415634,0.3917946761331683,0.016920445195350804,0.2686037403563757,42.643796401458765,2.5092629562281132,3.4157462755955006,0.7907986703307789,128.76157315944673,-0.018321290866486116,130.33478698730468,144.21675835954008,116.45281561506927,0.2130202027120754,0.35989567967930697,126.40044859438659,129.35977876596954,-2.9593301715829483,-2.366809815410661,-0.5925203561722872,-0.5604172812827731,-1.2546116460257906
2023-11-03 00:00:00-04:00,126.9705840713952,128.46820067879287,126.81189200957998,128.04173278808594,26393100.0,0.012549302289225257,0.7370031205827456,0.0,-0.02078291921258346,0.009054833318515658,0.14374102274360484,0.024875006803335226,0.3948784911759887,0.017002829154827814,0.2699115451691576,46.757973515428915,2.023262019124914,3.3162831144190306,0.76615240723286,128.4799859226196,-0.0034227366733546095,129.9251724243164,143.55540029793934,116.29494455069346,0.20981658318079632,0.4309094589726092,126.65295385495571,129.26214573057075,-2.609191875615039,-2.4152862274515368,-0.19390564816350242,-0.2763621641095633,-0.9065546241927463
2023-11-04 00:00:00-04:00,126.9705840713952,128.46820067879287,126.81189200957998,128.04173278808594,26393100.0,0.0,-0.09780082844087995,0.0,-0.008752999400740036,0.008999418491814811,0.14286133964122774,0.024875006803335226,0.3948784911759887,0.017002829154827814,0.2699115451691576,46.757973515428915,1.6563086692128905,3.1977135111900203,0.7628610374385216,128.20081806793368,-0.0012424486640698355,129.51555786132812,142.83637525140574,116.1947404712505,0.20570219686410457,0.44467963075824457,126.86661215236036,129.17174477186816,-2.305132619507802,-2.39325550586279,0.08812288635498788,-0.22128147696702177,-0.8799143747529762
2023-11-05 00:00:00-04:00,126.9705840713952,128.46820067879287,126.81189200957998,128.04173278808594,26393100.0,0.0,-0.09780082844087995,-0.008829455472618153,-0.02632177131413571,0.008184848158098734,0.12993043647092595,0.024875006803335226,0.3948784911759887,0.017002829154827814,0.2699115451691576,46.757973515428915,1.6563086692128905,3.087613165334511,0.7651930530139093,127.7915239866484,0.001954119145291815,129.0196548461914,141.7418566701982,116.29745302218461,0.19721339107864372,0.4615663203730928,127.04739994247198,129.0880401804769,-2.0406402380049116,-2.3227324522912145,0.28209221428630293,-0.15373471850762893,-0.8570613986898237
2023-11-06 00:00:00-05:00,127.99218193964673,129.2716011684352,127.61529195166752,129.18234252929688,19052700.0,0.008868666090822866,0.49196461009737497,-0.005497309257535554,-0.017648139301656096,0.005654477301764877,0.08976204440717635,0.02477184313012013,0.3932408186340103,0.017046106239269034,0.27059854758655405,49.96025755922225,1.6563092167676956,2.9853771690083097,0.5559760044997034,127.46020981535843,0.013331022492860374,128.55003814697267,140.4542675835494,116.64580871039593,0.1852077153484234,0.5265579719247262,127.37585264813735,129.09502553964876,-1.7191728915114055,-2.202020540135253,0.48284764862384755,0.10623188769890464,-0.6140655657309284
2023-11-07 00:00:00-05:00,129.63856004129278,130.82872046079768,128.81536184159327,129.89642333984375,29757300.0,0.005512475068377117,0.2677860105348463,-0.006598913511394744,-0.01221799614745045,0.005510804176582964,0.0874813042512876,0.024789222742489694,0.39351671142728567,0.01706287131762898,0.2708646849548596,51.91033559230632,2.0133586192044106,2.915947272593746,0.8603349597143984,127.24842646304118,0.02038544871920529,128.20340270996093,139.47975856947318,116.92704685044866,0.17591351900422103,0.575069492794282,127.76363275455373,129.1543883396632,-1.3907555851094742,-2.0397675491300973,0.6490119640206231,0.30027797117712685,-0.45623871336899713
2023-11-08 00:00:00-05:00,129.89642890979786,131.12626997179123,129.70798393466782,130.75929260253906,26425800.0,0.006620782602413031,0.34055848112400633,0.01228524302514189,-0.0018923352444206731,0.004020547896141856,0.06382421920449179,0.024773350460245102,0.3932647467579364,0.017045966606028924,0.27059633097758556,54.23139837402058,1.4182860371234085,2.8089714700601505,0.7636183636204442,127.02949910370064,0.028524118053893432,127.91032485961914,138.5523787303965,117.26827098884176,0.1663986684805462,0.6338542248288687,128.22450350039762,129.27327013691325,-1.0487666365156372,-1.8415673666072054,0.7928007300915683,0.5354168993154733,-0.2718640097683602
2023-11-09 00:00:00-05:00,130.87828025532772,131.46344016841792,129.00377391086258,129.17237854003906,23747800.0,-0.012210391846790718,-0.9043348105061653,-0.01772390928070855,-0.025295628612421406,0.008463315606910653,0.13435097017762362,0.024869186979343535,0.39478610433425165,0.017091960053320334,0.2713264543184153,49.49956326975753,2.459666257555341,2.7840210977383784,0.6888085220613903,126.8184170229642,0.018223412340009022,127.6445213317871,137.85144628756728,117.43759637600692,0.15992734900465122,0.5748441482067884,128.37033042957322,129.26579668529294,-0.8954662557197253,-1.6523471444297095,0.7568808887099843,0.29937659282715373,-0.5659822139218567
2023-11-10 00:00:00-05:00,129.03354879478132,131.71141329610631,128.34920244954847,131.5031280517578,26913300.0,0.017882858698025274,1.0981736982539718,0.0,-0.015079310204928253,0.010948299676556642,0.17379886933906663,0.025067430496203722,0.397933122602109,0.01721508495442627,0.2732810015295697,55.623847283678415,3.3622108465578435,2.8253203655111974,0.7799709698580067,126.7084134041912,0.03646084103550354,127.49525527954101,137.3624272999613,117.62808325912071,0.15478492903576566,0.7030912587680869,128.8522992945247,129.43152493466073,-0.5792256401360305,-1.437722843570974,0.8584972034349434,0.8123650350723457,-0.0909820799665382
2023-11-11 00:00:00-05:00,129.03354879478132,131.71141329610631,128.34920244954847,131.5031280517578,26913300.0,0.0,-0.09181339709260981,0.0,-0.031695056022931434,0.010951069385712494,0.1738428371088488,0.025067430496203722,0.397933122602109,0.01721508495442627,0.2732810015295697,55.623847283678415,3.3622108465578435,2.863669685585958,0.7793187053081428,126.59859377037061,0.03729595146555634,127.34598922729492,136.8514206363128,117.84055781827702,0.14928513205157987,0.7186717596278155,129.2601191033298,129.58497701740868,-0.3248579140788763,-1.2151498576725546,0.8902919435936782,0.8746870385112603,-0.08208262014393332
2023-11-12 00:00:00-05:00,129.03354879478132,131.71141329610631,128.34920244954847,131.5031280517578,26913300.0,0.0,-0.09181339709260981,0.0037854857991579394,-0.020102133181095105,0.010982944392422776,0.17434883715361232,0.025067430496203722,0.397933122602109,0.01721508495442627,0.2732810015295697,55.623847283678415,3.3622108465578435,2.899279768512521,0.7786474807072585,126.4551799063729,0.038386525249788014,127.15209121704102,136.10982686622984,118.1943555678522,0.14089796814900196,0.7428647710267499,129.60519740308794,129.7270622792123,-0.12186487612436281,-0.9964928613629163,0.8746279852385535,0.9714590841069993,-0.06883318643593425
2023-11-13 00:00:00-05:00,130.69974576301732,131.5031034497492,130.17409159432344,131.0072021484375,18324800.0,-0.0037783388784895684,-0.3386351963306809,-0.011450481437425775,-0.023797533754171596,0.010982356359076463,0.17433950241363058,0.025010667318021367,0.397032035083532,0.01721077206908818,0.27321253659734335,53.8871634803294,1.3290364574343698,2.787119532006939,0.5512927467133418,125.8245095385565,0.03956036404783884,126.81884384155273,134.5391391350062,119.09854854809926,0.12175312531786195,0.7712563540436302,129.82089044083403,129.82188745471046,-0.0009970138764288095,-0.7973936918656188,0.79639667798919,1.0850254161745185,-0.1495194563462758
2023-11-14 00:00:00-05:00,133.0900082716238,134.58762491778677,132.22714475544407,132.52467346191406,32395200.0,0.011516542975099072,0.67484280684797,-0.007428228250192737,-0.012490069627163702,0.009157175741545837,0.1453656583430626,0.024843405429651983,0.39437683492086545,0.017218168941930727,0.273329958313469,58.188863152300634,3.580422769349269,2.8437840489599626,1.057245259151585,126.34997721313792,0.04659280485268032,127.216060256958,135.26203414265518,119.17008637126082,0.1264930523621857,0.8298925201828486,130.23685705946173,130.02209382561443,0.21476323384729312,-0.5949623067230364,0.8097255405703295,1.3195700807313935,0.17065834488798323
2023-11-15 00:00:00-05:00,133.76441488908887,133.92310694082042,132.47508358646422,133.51646423339844,23861500.0,0.007455954929731234,0.40295164166867514,-0.016870135829373578,-0.011963414077824863,0.00625150735800265,0.09923960273139268,0.01061897873004693,0.16857106138313202,0.017196131294888516,0.2729801215121408,60.7650402586575,1.4480233543561951,2.744086856488265,0.8233452353183931,127.14434879283534,0.047725315953724465,127.8280014038086,135.8338530278615,119.82214977975572,0.12525974803849754,0.8552690642241818,130.74141200929813,130.28093607804288,0.460475931255246,-0.38387465912737995,0.8443505903826259,1.4210762568967303,0.3840528113127981
2023-11-16 00:00:00-05:00,134.08182888951592,136.09518745195533,133.21896525810195,135.80755615234375,28013200.0,0.017014057519404494,1.032796838650286,0.011972388361688235,-0.00029204019731132735,0.008433596228096769,0.13387918966485848,0.008490020569703232,0.134774898319546,0.017284894662296216,0.2743891962863014,65.97973162404374,2.87622219385338,2.7535250948714878,0.995016782108225,128.04833069708303,0.057133974537887385,128.5599521636963,136.67821913311792,120.44168519427468,0.12629542610726197,0.94637630272239,131.52081880053592,130.69031534280592,0.8305034577300034,-0.14099903575590328,0.9715024934859067,1.7855052108895633,0.855638465456337
2023-11-17 00:00:00-05:00,134.88519788048188,134.94470363462352,132.55445495185654,134.2008514404297,37240600.0,-0.011901286265471774,-0.903679380767485,0.0,-0.02296181980212142,0.011738210630851339,0.18633831699676348,0.009206614557171934,0.14615047521062394,0.017337647073725503,0.27522661485650646,59.96103118257259,3.253101200487208,2.789209102415468,1.3402070017849945,129.01232079603776,0.03866242716571038,129.2115676879883,136.91323473166656,121.50990064431004,0.11921017880188171,0.8239093383384268,131.93313151436573,130.95035505374102,0.9827764606247058,0.08375606352021853,0.8990203971044872,1.2956373533537096,0.5407347872752492
2023-11-18 00:00:00-05:00,134.88519788048188,134.94470363462352,132.55445495185654,134.2008514404297,37240600.0,0.0,-0.10652635243318875,0.0,-0.02296181980212142,0.011217405626611984,0.17807079386011185,0.009206614557171934,0.14615047521062394,0.017337647073725503,0.27522661485650646,59.96103118257259,2.3902486827669804,2.7607119295834335,1.3581098070979059,130.00206531508158,0.031287328510072106,129.86318321228026,136.8738528993954,122.85251352516514,0.10797008842229235,0.8093619027666932,132.28201150299097,131.1911325638661,1.0908789391248774,0.2851806386411503,0.8056983004837271,1.2374476110667727,0.5544126013241174
2023-11-19 00:00:00-05:00,134.88519788048188,134.94470363462352,132.55445495185654,134.2008514404297,37240600.0,0.0,-0.10652635243318875,-0.0068988731362530364,-0.010095688265333913,0.01066671758771776,0.16932889225475997,0.009206614557171934,0.14615047521062394,0.017337647073725503,0.27522661485650646,59.96103118257259,2.3902486827669804,2.7342502690965445,1.3378608151407192,130.6240652177411,0.026652485318070275,130.40123748779297,136.9743101963712,123.82816477921475,0.1008130418884029,0.7890287481285588,132.5772176472123,131.4140747028708,1.1631429443415016,0.46077309978122055,0.7023698445602811,1.156114992514236,0.5478364878939164
2023-11-20 00:00:00-05:00,132.5941051889177,135.53976041427174,132.52467173584012,135.13311767578125,27815500.0,0.006922780380338387,0.35668117585386094,-0.0052567235516042254,-0.0032190227587159947,0.0106074591162595,0.1683881931834457,0.008675101645071034,0.13771296930639165,0.017344096420690347,0.27532899506563296,62.44377577778459,3.015088678431624,2.7543101554776217,0.9965394923848411,131.2048573764518,0.029069560200293373,131.0047492980957,136.92491632837257,125.08458226781883,0.09038095278218937,0.8486699240555442,132.97043303622291,131.68955936753085,1.2808736686920668,0.6247932135633898,0.656080455128677,1.394679696222178,0.7196643720236529
2023-11-21 00:00:00-05:00,135.17279523893023,136.05549911438757,134.84551363674532,135.84722900390625,22635300.0,0.00527058873448749,0.2547830317838497,-0.010975504355741461,0.002048469028273825,0.007371016654726691,0.11701126186873245,0.008510242521718158,0.13509591185588066,0.017357362211628594,0.275539582968236,64.27135558375065,1.209985477642249,2.644001249917952,0.8219142268435045,131.71194397989885,0.03044070206164082,131.5264377593994,137.20601721202777,125.84685830677107,0.0863640732522229,0.8803795052560878,133.41301703125112,131.99753489615125,1.4154821350998645,0.7829309978706848,0.6325511372291798,1.5215180210243546,0.8413817678801436
2023-11-22 00:00:00-05:00,136.34312381394363,138.2771361292862,136.34312381394363,137.35476684570312,17813900.0,0.011036179572864391,0.6490211242134232,0.0,0.015247979864852823,0.004732305646306499,0.0751230232084427,0.008011088222848246,0.1271720830119291,0.016934982670711703,0.26883451562334965,67.83035324671016,2.429907125379941,2.6287088124509514,0.6579658863419787,132.1614237332402,0.03780970425509026,132.07192916870116,137.79207413169942,126.3517842057029,0.08662166137804612,0.9617748073846821,134.01944007962834,132.39436689241435,1.6250731872139852,0.9513594357393449,0.6737137514746403,1.8470992295387278,1.115114136694814
2023-11-23 00:00:00-05:00,136.34312381394363,138.2771361292862,136.34312381394363,137.35476684570312,17813900.0,0.0,-0.08801746960727828,0.013168504360987932,0.009402396299639237,0.004732305646306499,0.0751230232084427,0.008013157905856173,0.12720493821111936,0.01661684369479439,0.2637842159475458,67.83035324671016,1.9340123153425566,2.5790876340860662,0.6685584367038916,132.53906174655074,0.03506034198698093,132.53758087158204,138.39104657061694,126.68411517254715,0.08832914650383451,0.9114815240922424,134.53256727440908,132.7618039259913,1.7707633484177734,1.1152402182750307,0.6555231301427427,1.645926096368973,1.0791613987863027
2023-11-24 00:00:00-05:00,136.8985310833705,136.99771741092056,134.87526015124462,135.56951904296875,12514300.0,-0.013082553349342742,-0.9802510963771983,0.0,0.012593417486999048,0.00932821194852103,0.14808077395612737,0.008569203979353998,0.1360318959789345,0.016708309920907775,0.2652361972734915,59.667389745197724,2.4795066944585074,2.571974709826955,0.48222247055060824,132.84082409502312,0.02012764349396834,132.91397018432616,138.51277003818046,127.31517033047186,0.08424697337819105,0.7371534014396378,134.69209831572596,132.9697828235452,1.722315492180769,1.2366552730561784,0.4856602191245907,0.9486136057585521,0.6957353830154006
2023-11-25 00:00:00-05:00,136.8985310833705,136.99771741092056,134.87526015124462,135.56951904296875,12514300.0,0.0,-0.08087882980182838,0.0,0.03138924540252197,0.008925391516509562,0.1416861978394197,0.008569203979353998,0.1360318959789345,0.016708309920907775,0.2652361972734915,59.667389745197724,2.12245725967594,2.539866320530454,0.4954714190239993,133.15916814198647,0.017779445689545596,133.2903594970703,138.50927294049012,128.0714460536505,0.07830894091833429,0.7183557526492496,134.82708611991714,133.16235587683582,1.6647302430813227,1.3222702670612074,0.34245997602011524,0.873423010596996,0.6710248030217129
2023-11-26 00:00:00-05:00,136.8985310833705,136.99771741092056,134.87526015124462,135.56951904296875,12514300.0,0.0,-0.08087882980182838,0.00205244783559122,0.0366298635391884,0.008545655805382864,0.13565808030599066,0.008569203979353998,0.1360318959789345,0.016708309920907775,0.2652361972734915,59.667389745197724,2.12245725967594,2.5100513876122745,0.5019686776486897,133.37162552266457,0.01621229857433923,133.6097183227539,138.54412996910602,128.6753066764018,0.07386306487724674,0.6985850452569835,134.94130656961738,133.34066425951232,1.6006423101050586,1.3779446756699776,0.22269763443508106,0.7943401810279338,0.649796067086982
2023-11-27 00:00:00-05:00,134.9149496481958,137.28535801552067,134.88519677136964,135.29183959960938,23436500.0,-0.00205034444211082,-0.22238137706301914,-0.005757788915760176,0.034506592722051144,0.005691137745573745,0.09034401091080549,0.008508544250609639,0.13506895263780921,0.01669524313125653,0.26502876841838435,58.30430250287656,2.400161244151036,2.5022020916507577,0.9521458983359334,133.67310703578121,0.011964746496305564,133.87948913574218,138.5415517791718,129.21742649231254,0.06964565929442275,0.6514727033813735,134.9952347280777,133.48519576618617,1.5100389618915244,1.404363532914287,0.10567542897723747,0.6058908135254931,0.5781893915889905
2023-11-28 00:00:00-05:00,134.964518417708,136.1249258052487,134.309924978467,136.07533264160156,18730000.0,0.005774428886058692,0.32752451610718747,0.016371431336031472,0.04049755802854338,0.006913482396361352,0.10974813068517009,0.008513833027216543,0.1351529093636591,0.01650507784856178,0.2620099881423328,61.01079653535089,1.8150008267816986,2.4531162870172536,0.7730211092956097,133.92485182871636,0.015803605040960608,134.14529113769532,138.6622421737502,129.62834010164045,0.06734416091308623,0.7136442800132659,135.16140363785058,133.67705775695768,1.4843458808929029,1.4203600025100103,0.0639858783828926,0.8545771200530627,0.7144112687699627
2023-11-29 00:00:00-05:00,136.44232172928395,137.15640583938017,133.73468912413915,133.8834686279297,23967200.0,-0.016238864371117438,-1.2023494872410976,0.01856206804323235,0.04424870917710089,0.008214692843160554,0.13040420615870968,0.009343077769421334,0.14831676154694956,0.016544915998164378,0.26264239916158155,51.03116590772918,3.4217167152410184,2.52230203189038,0.9887222170426615,134.15559908335086,-0.002032591911533485,134.38084564208984,138.25090601090864,130.51078527327104,0.05759839284128816,0.43574040625211774,134.9647982517089,133.69234745110376,1.2724508006051565,1.3907781621290396,-0.11832736152388312,-0.25703837499152976,0.2576277037931324
2023-11-30 00:00:00-05:00,133.94295042197072,134.4388517451667,130.2038502076351,131.443603515625,38988300.0,-0.018391895469285102,-1.3415514416249092,0.005081125443208601,0.011756489841489248,0.010588507443163758,0.16808734469980613,0.009866891924404252,0.15663205347075104,0.01662983656586325,0.2639904713815354,42.665161966027455,4.235001537531588,2.6446377108647523,1.5693037405315418,134.08646993360404,-0.020106466555178337,134.37786941528321,138.257328143079,130.49841068748742,0.057739548106789225,0.12182019380247569,134.42307598461906,133.52577382625347,0.8973021583655907,1.2920829613763498,-0.39478080301075913,-1.5127192247900998,-0.24327852624337712
2023-12-01 00:00:00-05:00,130.7790985107422,131.02704917414542,129.59885093154966,130.7790985107422,31442300.0,-0.005068260087245562,-0.41399873100216866,0.0,0.014151578567724865,0.010079168368580667,0.1600018375536783,0.009126930832668655,0.14488553529917358,0.016582915276789397,0.2632456190090315,40.70777340880182,1.8447525840753372,2.587503058951223,1.2541412752215926,134.01773431903527,-0.024764169849565535,134.34166793823243,138.34559372953123,130.33774214693364,0.059608100044428826,0.055115452535071136,133.86246406556108,133.32231639547484,0.5401476700862418,1.1416959031183282,-0.6015482330320865,-1.7795381898597182,-0.37016286891602573
2023-12-02 00:00:00-05:00,130.7790985107422,131.02704917414542,129.59885093154966,130.7790985107422,31442300.0,0.0,-0.061680082352054806,0.0,-0.03702634657500814,0.010378080853666474,0.1647469261495344,0.009126930832668655,0.14488553529917358,0.016582915276789397,0.2632456190090315,40.70777340880182,1.4281982425957551,2.5046955720686896,1.242914738095831,133.9502292882039,-0.024247993858141147,134.30546646118165,138.42876699340349,130.18216592895982,0.06140182735471295,0.0723852866311339,133.3881001340505,133.13392988549464,0.2541702485558517,0.9641907722058329,-0.7100205236499813,-1.7104588534754586,-0.3680267739578261
2023-12-03 00:00:00-05:00,130.7790985107422,131.02704917414542,129.59885093154966,130.7790985107422,31442300.0,0.0,-0.061680082352054806,0.020035604147009556,-0.023187105540376507,0.008838090272868103,0.14030033356048793,0.009126930832668655,0.14488553529917358,0.016582915276789397,0.2632456190090315,40.70777340880182,1.4281982425957551,2.427802905677766,1.2115043652772954,133.8620370246705,-0.023573633317827875,134.29406127929687,138.4568477058459,130.13127485274785,0.0619950932586885,0.07781130132724437,132.98671526892613,132.95949793180927,0.027217337116866247,0.7767960851880396,-0.7495787480711733,-1.688754794691025,-0.35659893419260996
2023-12-04 00:00:00-05:00,128.8153273436033,128.9640916810593,126.85155485379651,128.2103271484375,36669900.0,-0.019837532713458478,-1.4493303310574295,-0.013130901103815984,-0.0423737264774503,0.009779299840959734,0.15524157225307775,0.0100611735216105,0.15971617821389594,0.016460150667508472,0.2612967912532874,33.32589742876863,3.927543656945673,2.534927245054045,1.4013881691484336,133.5488095277655,-0.04163847404544333,134.07834396362304,139.00436862279358,129.1523193044525,0.07347979567091047,-0.09561382871493997,132.2518863273125,132.60770750341135,-0.355821176098857,0.5502726329306602,-0.9060938090295172,-2.3824553148597585,-0.8534257892876775
2023-12-05 00:00:00-05:00,127.8929584712312,131.05681158807658,127.19869958988002,129.91624450683594,27384800.0,0.013217873575988966,0.8514739218171441,0.007460411859131044,-0.02963191917382202,0.011901739948213825,0.18893426443161926,0.010173456910803388,0.16149862175890312,0.01647209748192749,0.26148644105276037,40.98018010306754,3.858111998196563,2.6294404417070822,1.0395473105668849,133.36146328662178,-0.026518768248450765,133.89833297729493,139.16234083465326,128.6343251199366,0.07862693642722127,0.12176267794769768,131.89255681646995,132.4083398740354,-0.515783057565443,0.3370614948314396,-0.8528445523968826,-1.5129492882092093,-0.48910733869036677
2023-12-06 00:00:00-05:00,130.36255115310777,130.75926618523522,128.81534134061891,128.95419311523438,23576200.0,-0.007432720626625027,-0.587876315829267,-0.05046378295344278,-0.024532970254699804,0.012082956452530071,0.19181098725490675,0.010076941782022338,0.15996649158784293,0.01627096016207395,0.2582934850865213,38.30917289133902,1.9439248446163049,2.580475041914884,0.9025711152512207,133.03140596013543,-0.03161752825871764,133.55566482543946,139.1765358111147,127.93479383976424,0.08417270795696823,0.09067983218864763,131.4405008624337,132.15247715116124,-0.7119762887275272,0.12725393811964625,-0.8392302268471734,-1.6372806712454089,-0.6600604516913394
2023-12-07 00:00:00-05:00,133.93304938270325,137.42419963070353,133.59584004786453,135.80755615234375,56767100.0,0.05178160617491904,3.4471027109022025,0.014371359990390076,0.03327803730804124,0.02747781402734022,0.43619677492814635,0.01496715197840662,0.23759617181863377,0.017558893846191526,0.27873879848643124,58.87345564329983,8.470006515469152,3.001155861454474,2.0949217418003445,133.2418372331222,0.01889231344641403,133.63600006103516,139.34099472051113,127.93100540155918,0.08538110474528351,0.6903206068476898,132.11235552241988,132.42322374384142,-0.31086822142154347,0.03962950621140831,-0.3504977276329518,0.761282427390756,0.733972165893269
2023-12-08 00:00:00-05:00,133.09993592227912,135.28189910781614,132.9313312582846,133.8834686279297,32260100.0,-0.014269070854293766,-1.0485038282081105,0.0,0.01825461602209333,0.029147686714788207,0.4627051820409051,0.015069856607735584,0.23922655726483083,0.017495319407817022,0.277729585564354,53.48312373599024,2.8762248940591633,2.9922322209262378,1.2015626225047213,133.21387441081262,0.005001321103936356,133.62013092041016,139.32027360238058,127.91998823843976,0.08531862141888874,0.5230992206872696,132.38483446172907,132.53139003155167,-0.14655556982259554,0.00239249100460754,-0.14894806082720308,0.09239688274908085,0.3573252588822701
2023-12-09 00:00:00-05:00,133.09993592227912,135.28189910781614,132.9313312582846,133.8834686279297,32260100.0,0.0,-0.07156527633247373,0.0,0.023116768904256402,0.026172316849003452,0.41547264970109254,0.015069856607735584,0.23922655726483083,0.017495319407817022,0.277729585564354,53.48312373599024,2.350567849531558,2.9463990515409035,1.2128117031079237,133.18538801022896,0.005214091215702917,133.60426177978516,139.2993621699866,127.90916138958372,0.08525327432426466,0.5245128995991807,132.61539356422148,132.63154400165374,-0.01615043743225897,-0.0013160946827657615,-0.014834342749493207,0.09805159839672264,0.3703766901547425
2023-12-10 00:00:00-05:00,133.09993592227912,135.28189910781614,132.9313312582846,133.8834686279297,32260100.0,0.0,-0.07156527633247373,0.012754268159241189,0.01802423737118186,0.02626417429983116,0.41693084152684334,0.015069856607735584,0.23922655726483083,0.017495319407817022,0.277729585564354,53.48312373599024,2.350567849531558,2.9038396799688075,1.202762990806684,133.12637428032357,0.005654875507521578,133.5417793273926,139.1935098520323,127.89004880275287,0.08464363067656694,0.5302287325136479,132.8104820355612,132.72427915915566,0.0862028764055367,0.01618769953489473,0.07001517687064197,0.12091493005458887,0.3966775437651869
2023-12-11 00:00:00-05:00,131.29485865478858,132.24698086173262,130.28321556791462,132.1973876953125,31138000.0,-0.012673617517100557,-0.9327745164318278,0.0058104362163309276,0.005203601088267229,0.02702853739355394,0.42906472947092195,0.01521841252237462,0.2415848093003666,0.017544418886873102,0.2785090156308653,48.61181699628854,3.6002530600150635,2.953583492829255,1.1428133107031488,132.9602737404091,-0.005770810289042071,133.3592872619629,138.93273934738795,127.78583517653783,0.08358551098847596,0.3957648196448272,132.71615982936908,132.68525016183395,0.030909667535127028,0.01913209313494119,0.011777574400185838,-0.4169407214206911,0.06265765321882028
2023-12-12 00:00:00-05:00,130.7295139721899,131.90976162921305,130.18401944998905,131.43370056152344,29032800.0,-0.005793620737222666,-0.45976795899194933,-0.00037716628356243564,-0.0006033295203681233,0.00677236698744254,0.10750799301621992,0.015180274619501588,0.24097938886120113,0.017554895752193562,0.27867533071181,46.543990626958816,2.0133682453234485,2.8864252608645544,1.0440546409021374,132.73982476735995,-0.00993751374462078,133.0632339477539,138.3655090194419,127.76095887606589,0.07969556900698656,0.34633639671661876,132.51885840354666,132.59254278403318,-0.07368438048652592,0.0005687984106477664,-0.07425317889717369,-0.6146544131335271,-0.08362791070661667
2023-12-13 00:00:00-05:00,132.28664939416652,132.4056608757626,130.49148892278734,131.48329162597656,30104800.0,0.00037723742865469013,-0.038822456309624574,0.00477498732208792,-0.02378496935764629,0.005676251058567934,0.09010769208082729,0.014913452483692729,0.2367437187673771,0.017394764832175103,0.2761333311623251,46.70253520925786,1.9141719529752663,2.8169785960153195,1.0591970350026396,132.52865632048082,-0.007950551599194448,132.76966018676757,137.70923882868334,127.8300815448518,0.07440824409684034,0.36978964664361563,132.35954043776664,132.51037603158454,-0.15083559381790224,-0.029712080035062236,-0.12112351378284,-0.520841413425538,-0.0564245022029573
2023-12-14 00:00:00-05:00,132.28664245291358,132.6238517222141,128.62688824878407,130.8584442138672,38722400.0,-0.004763623231359454,-0.38341591107379897,-0.004977468543036934,-0.03446780795274984,0.005304795238189357,0.08421101373821215,0.014916455392453879,0.236791388466128,0.017351291007740723,0.2754432055943596,44.8957147875334,3.9969634734300428,2.9012632301163714,1.302351048626949,132.35590220767577,-0.011443342482058135,132.5341064453125,137.35950312028763,127.70870977033735,0.07281743249940333,0.3263705199475715,132.12860255716672,132.38801071175362,-0.25940815458690736,-0.07565129494543127,-0.1837568596414761,-0.6945179202097137,-0.17357929284316673
2023-12-15 00:00:00-05:00,130.54106870618423,132.41557523506742,130.10467308952005,131.51304626464844,50847100.0,0.004989897399566355,0.28986297044197973,0.0,-0.04149186643002489,0.006672660013520798,0.10592519387436553,0.014784449228518372,0.23469585557832218,0.01731040625954339,0.27479418033748576,47.20030654670795,2.3109021455473737,2.859094581218586,1.606577453614342,132.22466254860143,-0.005410993845591417,132.33128280639647,136.95632306843592,127.70624254435701,0.06990093595338283,0.4115427655339784,132.03390158908698,132.32319853048656,-0.2892969413995843,-0.11838042423626188,-0.1709165171633224,-0.3538289378640891,-0.007548735071449586
2023-12-16 00:00:00-05:00,130.54106870618423,132.41557523506742,130.10467308952005,131.51304626464844,50847100.0,0.0,-0.055255064872999964,0.0,-0.05569012383958594,0.0043563770812203645,0.06915534224478309,0.014784449228518372,0.23469585557832218,0.01731040625954339,0.27479418033748576,47.20030654670795,2.3109021455473737,2.819937978670642,1.5148407747489496,132.10841063933253,-0.004527036606588993,132.12845916748046,136.5046585835901,127.75225975137083,0.06624158706887741,0.4296863734583743,131.9537700007118,132.26318725153558,-0.3094172508237705,-0.15658778955376362,-0.15282946127000685,-0.28125450616650005,0.018941689120523925
2023-12-17 00:00:00-05:00,130.54106870618423,132.41557523506742,130.10467308952005,131.51304626464844,50847100.0,0.0,-0.055255064872999964,-0.023564052120607193,-0.06283127451020898,0.003451834482438802,0.05479617364494254,0.014784449228518372,0.23469585557832218,0.01731040625954339,0.27479418033748576,47.20030654670796,2.3109021455473737,2.7835782763046946,1.4554148240378972,131.95830833268545,-0.0033856874331767315,131.93951950073242,136.0594484639571,127.81959053750772,0.062451780616069576,0.44824264691324084,131.88596634900975,132.2076212525069,-0.32165490349714787,-0.18960121234244048,-0.1320536911547074,-0.20702941234703998,0.03951881266569257
2023-12-18 00:00:00-05:00,131.54280052592037,136.02573795572846,131.34442787355178,134.6868133544922,32258000.0,0.02384612438624593,1.5800981858444754,-0.006220386316951432,-0.04021484714371859,0.011184059595692134,0.1775414420299619,0.015778183237057257,0.25047089391396954,0.017505335651687107,0.2778885885064613,57.86999783099346,4.6813100821766795,2.919130548152694,0.9057953719017547,131.97361774260074,0.02014447847058635,131.87009353637694,135.73551088394748,128.0046761888064,0.0586246243391683,0.864348731953302,132.31686588831474,132.3912651119132,-0.07439922359847628,-0.16656081459364766,0.09216159099517138,1.457394927813206,0.7809502751118089
2023-12-19 00:00:00-05:00,135.71830642428358,136.34314709968973,134.96454166164182,135.5298614501953,25476800.0,0.00623981352497714,0.3599844329898184,-0.012216063490700702,-0.03420724309364753,0.009828646302760534,0.15602492304911295,0.01578733813863273,0.25061622347104534,0.017514765386361625,0.2780382809037299,60.172326761125746,1.6563337451975428,2.8289307765130403,0.7138682114458543,132.03642240276014,0.02577615744644547,131.95241317749023,136.06085339872004,127.84397295626043,0.06227154354052639,0.9353779147398932,132.81117289783484,132.62375372956373,0.18741916827110572,-0.095764818020697,0.28318398629180275,1.7415116589595765,0.9684589673268027
2023-12-20 00:00:00-05:00,137.830818921437,140.5384359860807,136.9382025676404,137.2059783935547,49107200.0,0.01229129289354489,0.7726075482020152,-0.014812871077764855,-0.022263147627871738,0.009993533708473577,0.1586424294681729,0.015563305377265217,0.24705981363838825,0.01751389014441267,0.2780243868685262,64.34429991528859,5.008574535885401,2.984619616468209,1.3567651834921635,132.41904512133334,0.03488866395085752,132.24053192138672,136.96131234281748,127.51975149995594,0.07139687587217418,1.0259137291819915,133.48729682025328,132.96317777874825,0.5241190415050312,0.028211953884448637,0.49590708762058255,2.1036549167279617,1.3296099763180547
2023-12-21 00:00:00-05:00,138.34658204933325,139.53674241725346,138.03911046006232,139.26895141601562,27488300.0,0.014923677252443519,0.9616657707472143,-0.0075622958637890925,-0.007772788749279891,0.009009524570761275,0.14302176867096172,0.01516270249699526,0.2407004400642453,0.017612458610565877,0.27958911275985304,68.69135161140417,2.3307640236987766,2.9379156455561066,0.7636354797151121,132.7522096506667,0.04679249537739752,132.6650245666504,138.27547364992435,127.05457548337647,0.08458068133029702,1.0885381679207342,134.37678214267825,133.43027212224953,0.9465100204287182,0.21187156719330258,0.7346384532354157,2.3541526716829417,1.741936019589265
2023-12-22 00:00:00-05:00,139.61607052198642,140.82607102846447,139.5565647812921,140.33016967773438,26532200.0,0.007591035004087277,0.45497769623050194,0.0,0.007978952811627638,0.007014198143407332,0.1113469436039206,0.015087635184201363,0.23950878341679002,0.017514797166655265,0.2780387854002513,70.67215700121483,1.5571196124488438,2.8392873574770165,0.7421361904186499,133.12016889701343,0.05137883604985713,133.142578125,139.6339163912844,126.65123985871558,0.09750957744246262,1.053629410291732,135.29268791730226,133.94137564487804,1.3513122724242237,0.43975970823948685,0.9115525641847368,2.2145176411669243,1.910045484341704
2023-12-23 00:00:00-05:00,139.61607052198642,140.82607102846447,139.5565647812921,140.33016967773438,26532200.0,0.0,-0.07222758121990562,0.0,0.00898529739448417,0.005774929931365142,0.09167417062329283,0.015087635184201363,0.23950878341679002,0.017514797166655265,0.2780387854002513,70.67215700121483,1.2695062471723588,2.727160135312398,0.7472677208942867,133.4932166813153,0.04872047836983324,133.6201316833496,140.75296581019057,126.48729755650862,0.10676286629838426,0.9703626829856306,136.0676851112149,134.41461964731184,1.6530654639030615,0.6824208593722019,0.9706446045308597,1.8814507319425218,1.8710675060834319
2023-12-24 00:00:00-05:00,139.61607052198642,140.82607102846447,139.5565647812921,140.33016967773438,26532200.0,0.0,-0.07222758121990562,0.0,0.012885584857001087,0.006876122404049111,0.10915505919332125,0.015087635184201363,0.23950878341679002,0.017514797166655265,0.2780387854002513,70.67215700121483,1.2695062471723588,2.6230420004452526,0.758090364993244,134.02912532024772,0.04490156587109451,134.22612380981445,141.48206697631056,126.97018064331834,0.10811521573515875,0.9206238753429736,136.7234519676025,134.85280853845424,1.8706434291482594,0.9200653733274133,0.9505780558208461,1.6824955013718959,1.798649624410173
2023-12-25 00:00:00-05:00,139.61607052198642,140.82607102846447,139.5565647812921,140.33016967773438,26532200.0,0.0,-0.08027843953064714,-0.00021209682442890898,,0.006688749912530388,0.10618061310276264,0.014155025073468662,0.22470405687769118,0.017498430979209337,0.27777898022889813,70.67215700121483,1.2695062471723588,2.526360875211475,0.7590148786620933,134.429357307799,0.04204949216185291,134.74682006835937,142.19266953524064,127.3009706014781,0.11051614372946038,0.8749303309319801,137.2783316153151,135.25853899321572,2.0197926220993736,1.1400108230818053,0.8797817990175683,1.4997213237279194,1.762167399426499
2023-12-26 00:00:00-05:00,140.4293579031904,141.510419346836,140.032642827964,140.3599395751953,16780300.0,0.00021211932014128385,-0.06952706731352479,0.008192787300226101,,0.0033723494613440014,0.05353438805231315,0.014029351976578518,0.22270905831251533,0.017374922328977114,0.2758183411892198,70.742001701413,1.4777765188719911,2.4514619926157977,0.48475133322288444,134.75954927320132,0.039900204566515135,135.3171073913574,142.64105849371097,127.99315628900385,0.10824870917720099,0.8442699243457115,137.75242514760436,135.6364205178068,2.116004629797544,1.3352095844249532,0.7807950453725909,1.3770796973828465,1.7410108235846287
2023-12-27 00:00:00-05:00,140.42934564037537,140.9153344287429,138.74328401733115,139.21934509277344,19628600.0,-0.00815940860413004,-0.6548387778750506,0.0009983785673794987,,0.003673862476415214,0.05832075878187934,0.014059002465185088,0.22317974522714254,0.011783514939589283,0.18705750060220522,64.41259846015492,2.1720504114117603,2.4315040225297953,0.5991749538605432,134.80235722151275,0.03172682552354546,135.4876968383789,143.0158354594166,127.95955821734118,0.11112652730406808,0.7478466751373506,137.97810513916883,135.9018223381747,2.076282800994136,1.4834242277387897,0.5928585732553462,0.9913867005494004,1.4773165681633662
2023-12-28 00:00:00-05:00,139.6259846308267,139.9830342126131,138.60442904782565,139.0804901123047,16045700.0,-0.0009978805189638435,-0.14977292324097963,0.0038655543074697096,,0.0035921266801340673,0.05702324324084883,0.008732488021273098,0.1386239497868348,0.0112062725362692,0.17789406152988813,63.66579475444802,1.3786051647874444,2.3562969612624842,0.5022338965077096,134.95618069148554,0.029654119118280704,135.74754791259767,143.40027775172823,128.0948180734671,0.1127494375671204,0.7177616530159441,138.14770282734358,136.13727921033248,2.0104236170110994,1.5888241055932517,0.4215995114178477,0.8710466120637773,1.4431196135120274
2023-12-29 00:00:00-05:00,138.48543138650385,139.20944320132398,137.64239294340334,138.54493713378906,18733000.0,-0.0038581022504647813,-0.34894071088799566,,,0.0035255108433223112,0.05596574961535462,0.008085889289241945,0.12835951312881005,0.01122554146336914,0.17819994626471297,60.740692551023464,1.5670502579206413,2.2999221967380667,0.5990284374624768,135.11899883500774,0.02472799345581992,135.98062133789062,143.67811829127086,128.2831243845104,0.11321461657765425,0.6665681591970204,138.20881579756596,136.31562424169962,1.8931915558663377,1.649697595647869,0.2434939602184687,0.6662726367880821,1.296997570874978
