datetime,open,high,low,close,volume,returns,returns_norm,returns_fwd_1,returns_fwd_5,vol_5d,vol_5d_annual,vol_21d,vol_21d_annual,vol_63d,vol_63d_annual,rsi_14,tr,atr_14,vol_ratio_20,vwap_20d,vwap_dev,bb_middle,bb_upper,bb_lower,bb_width,bb_pct,ema_12,ema_26,macd_line,macd_signal,macd_histogram,z_price_20d,z_price_60d
2020-01-02 00:00:00-05:00,150.41535275784207,152.2626224460996,149.98906197669726,152.15841674804688,22622100.0,,,0.012608953271758816,0.019291696381962264,,,,,,,,2.273560469402355,,,,,,,,,,,,,,,,
2020-01-03 00:00:00-05:00,149.9795640082844,151.5236842826628,149.7332517957889,150.2637481689453,21116200.0,-0.012530122378851743,,0.0,-0.009182160764330538,,,,,,,,2.4251649522579726,,,,,,,,,,,,,,,,
2020-01-04 00:00:00-05:00,149.9795640082844,151.5236842826628,149.7332517957889,150.2637481689453,21116200.0,0.0,,0.0,-0.021407884139255096,0.008860134503183383,0.1406502748680363,,,,,,1.7904324868738968,,,,,,,,,,,,,,,,
2020-01-05 00:00:00-05:00,149.9795640082844,151.5236842826628,149.7332517957889,150.2637481689453,21116200.0,0.0,,-0.002578308159480347,-0.016858991625263497,0.007234269528409007,0.1148404685362965,,,,,,1.7904324868738968,,,,,,,,,,,,,,,,
2020-01-06 00:00:00-05:00,148.80490629687822,150.7184951877552,148.26492739771743,150.6521759033203,20813700.0,0.0025816377202835293,,0.009201562568836641,-0.014317598647199392,0.006805040617007127,0.10802667080576639,,,,,,2.4535677900377664,,,,,,,,,,,,,,,,
2020-01-07 00:00:00-05:00,150.92692052732374,151.2584736153163,149.03228189326714,149.27857971191406,21634100.0,-0.009159486107820513,,-0.015678221815472182,-0.023304721364253655,0.006605719047638109,0.1048625389848772,,,,,,2.226191722049151,,,,,,,,,,,,,,,,
2020-01-08 00:00:00-05:00,150.55738711507612,152.32888330245382,149.62901863258827,151.65628051757812,27746500.0,0.015802425035984866,,-0.012339022260999699,-0.019537442893590717,0.008989704016643861,0.14270712712870867,,,,,,3.0503035905397553,,,,,,,,,,,,,,,,
2020-01-09 00:00:00-05:00,153.31411932222434,153.674105204978,152.5467931657798,153.5509490966797,21385000.0,0.012415780060532814,,0.00464840503031283,-0.00024668181661935407,0.010009598679632565,0.15889745297920954,,,,,,2.017824687399866,,,,,,,,,,,,,,,,
2020-01-10 00:00:00-05:00,154.2425275193915,154.62144943814087,152.68891006966302,152.84048461914062,20725900.0,-0.004637634559759078,,0.0,-0.011276022035401234,0.010701850457055765,0.1698866092654349,,,,,,1.9325393684778476,,,,,,,,,,,,,,,,
2020-01-11 00:00:00-05:00,154.2425275193915,154.62144943814087,152.68891006966302,152.84048461914062,20725900.0,0.0,,0.0,-0.02906658387306371,0.010812938272936758,0.17165007367249752,,,,,,1.9325393684778476,,0.9463803493852562,151.38418563621335,0.009528227985904353,151.37686157226562,154.23226310312677,148.52146004140448,0.037725732997813635,0.7562902329245432,,,,,,1.0251609316981765,
2020-01-12 00:00:00-05:00,154.2425275193915,154.62144943814087,152.68891006966302,152.84048461914062,20725900.0,0.0,,-0.011881526649361707,-0.03447028066095803,0.008862381515026135,0.14068594507520996,0.008634172912045324,0.13706324581201373,,,,1.9325393684778476,,0.9510160903391639,151.5100914330414,0.008704455428902903,151.50991821289062,154.35894702552727,148.66088940025398,0.03760847931596663,0.7335122762445181,,,,,,0.9340491049780737,
2020-01-13 00:00:00-05:00,153.23836952210235,154.70671737368204,152.76470985739576,154.6782989501953,21626500.0,0.011952676124957245,,0.007093368918567933,-0.022860370108251704,0.007756685035571515,0.12313355761427056,0.008895397815726179,0.1412100626003918,,,,1.9420075162862815,,0.9929742854715937,151.7722538160057,0.01878767192238987,151.77394994099936,155.04889595822166,148.49900392377705,0.04315557470165873,0.9434193714831552,152.41906587924677,,,,,1.7736774859326165,
2020-01-14 00:00:00-05:00,154.7824534261497,154.98139677965818,153.20043240422595,153.58883666992188,23477400.0,-0.007068329317614977,,-0.006434938088237696,-0.02974276263876552,0.007319891167456463,0.11619966991888833,0.008834192869437709,0.14023846419907365,,,,1.7809643754322337,,1.0715320912426851,151.92198664864972,0.010852676909418784,151.91355661245493,155.20672833268432,148.62038489222553,0.043355863606439955,0.7543566202721814,152.5990306162737,,,,,1.0174264810887221,
2020-01-15 00:00:00-05:00,154.0530758377426,155.303544381157,154.00572143181222,154.5835723876953,21417900.0,0.006455731553444515,,-0.01799345644907524,-0.023458780349703723,0.007224692732821939,0.1146884416194148,0.008603348188489159,0.13657391849544218,,,,1.7147077112351212,2.124897275562293,0.9791055985397527,152.10812761279922,0.016013634156983248,152.1042720249721,155.57523779688347,148.6333062530607,0.045639293699016245,0.8571484891592476,152.90434473495395,,,,,1.4285939566369876,
2020-01-16 00:00:00-05:00,155.6919174437164,157.48235016664844,155.38876835912026,157.41603088378906,23865400.0,0.018157307156058733,,-0.005565465868349384,-0.0019819280511843562,0.009876396970480907,0.15678294139946528,0.009424628960311477,0.1496113465682484,,,39.124347430141185,2.898777778953132,2.180174454375924,1.0844133360838908,152.49185835237955,0.03128126470832399,152.45838928222656,156.7840108795968,148.13276768485633,0.056744946837432,1.073055396775403,153.59845029631322,,,,,2.2922215871016074,
2020-01-17 00:00:00-05:00,158.60016218369577,158.64753102974288,156.7149919685834,158.29702758789062,34371700.0,0.005581010776782777,,0.0,0.008449013082910461,0.009343994367024972,0.14833131208281883,0.009118251605068649,0.14474775683236313,,,41.8713627525609,1.9325390611594742,2.1624862120033206,1.5088269362988926,153.0392955843991,0.03321434447385499,152.82330417633057,157.92095327888939,147.72565507377175,0.06671298111284192,1.036887033751741,154.32130834117126,,,,,2.1475481350069643,
2020-01-18 00:00:00-05:00,158.60016218369577,158.64753102974288,156.7149919685834,158.29702758789062,34371700.0,0.0,,0.0,0.0022792965251547948,0.00929399600573518,0.14753761270321752,0.00883369689078365,0.14023059078202824,,,41.8713627525609,1.9325390611594742,2.1460614155144744,1.4649786653555912,153.4923817734151,0.03035209117750399,153.14528790642234,158.74990201006023,147.54067380278445,0.07319342541002659,0.9595980727847395,154.93295745605116,,,,,1.8383922911389627,
2020-01-19 00:00:00-05:00,158.60016218369577,158.64753102974288,156.7149919685834,158.29702758789062,34371700.0,0.0,,0.0,0.012481820199405469,0.007419161500198463,0.11777553759690011,0.008574176511212141,0.13611083247503244,,,41.8713627525609,1.9325390611594742,2.1308098187748317,1.4280880825427602,153.87357385277573,0.027944010083568206,153.4314956665039,159.38647876765333,147.47651256535448,0.07762399858361642,0.9085260897253915,155.4505067071034,,,,,1.6341043589015651,
2020-01-20 00:00:00-05:00,158.60016218369577,158.64753102974288,156.7149919685834,158.29702758789062,34371700.0,0.0,,0.0036035934937579395,0.012481820199405469,0.007876133835739053,0.1250297485321607,0.008336228784419388,0.13233352941427184,,,41.8713627525609,1.9325390611594742,2.116647621802306,1.396620884825697,154.19872584590846,0.025889947552594984,153.6875762939453,159.8904462978568,147.4847062900338,0.08072051304977042,0.8715579474532447,155.88843299645526,,,,,1.4862317898129775,
2020-01-21 00:00:00-05:00,157.89914820309696,159.32960936368943,157.66231841676765,157.7286376953125,29517200.0,-0.0035971161073047706,,0.00482802136278182,0.008846348063322962,0.003290127579900219,0.05222915614854464,0.008209696058423966,0.13032488466010206,,,40.29352091747961,1.6672909469217814,2.084550716453697,1.1875307899176635,154.4083197962516,0.021050824679503245,153.88962936401367,160.19174014944943,147.5875185785779,0.0819042948050595,0.8045811524109363,156.1715414116641,,,,,1.2183246096437463,
2020-01-22 00:00:00-05:00,158.58121907428676,158.66648878308445,156.95182898866327,156.9707794189453,24138800.0,-0.004816403845716525,,-0.006118025282105477,0.021074625763480626,0.00234411639506696,0.03721169415321847,0.008130321613834786,0.12906485441508098,,,38.22517945177465,1.7146597944211805,2.0581299363085175,0.9681940078085078,154.6344413007873,0.014883904678350796,154.1302474975586,160.5209034804772,147.73959151464,0.08292539701553149,0.722241028853618,156.29450110509197,,,,,0.888964115414474,
2020-01-23 00:00:00-05:00,157.43496426740944,158.0128294992705,156.5634324259856,157.93704223632812,19680800.0,0.006136817083798283,,0.010179321981030665,0.007615112315727091,0.004264998212881137,0.06770474768051044,0.007987231968354972,0.12679337671231306,,,42.29252478626229,1.4493970732848993,2.0146490175211165,0.7916650073752988,154.9507932628396,0.01890784410803435,154.51391220092773,160.84828286330432,148.17954153855115,0.08199094272028344,0.7702028518580621,156.54719974066677,,,,,1.0808114074322477,
2020-01-24 00:00:00-05:00,158.68543005957545,158.70438049049056,155.7866356921332,156.34555053710938,24918100.0,-0.01012786160952275,,0.0,-0.01785274896906408,0.006033167721326735,0.09577356845143667,0.007786797921965343,0.12361158486620903,,,37.869832422027926,2.9177447983573757,2.079155859009421,0.9947303614096628,155.21771286826177,0.0072137497036086524,154.81800231933593,160.8709578255909,148.76504681308097,0.0781944659610038,0.6261820127535149,156.51617678627332,,,,,0.5047280510140604,
2020-01-25 00:00:00-05:00,158.68543005957545,158.70438049049056,155.7866356921332,156.34555053710938,24918100.0,0.0,,0.0,-0.044796909867435675,0.006033167721326735,0.09577356845143667,0.007786797921965343,0.12361158486620903,,,37.869832422027926,2.9177447983573757,2.1390550689628465,0.9872386114214626,155.48061189679524,0.00553222421324257,155.12209243774413,160.81187165651764,149.43231321897062,0.07335872188620735,0.6075136707702495,156.48992659409424,,,,,0.43005468308099815,
2020-01-26 00:00:00-05:00,158.68543005957545,158.70438049049056,155.7866356921332,156.34555053710938,24918100.0,0.0,,0.017007592721405507,-0.030488126243379488,0.006081069423702471,0.09653398440261365,0.007786797921965343,0.12361158486620903,,,37.869832422027926,2.9177447983573757,2.194675763919599,0.9792764277422027,155.72043942915786,0.0039982660574861585,155.4067611694336,160.71158541003595,150.10193692883124,0.06827018593893384,0.5884844930855977,156.46771489301963,,,,,0.35393797234239077,
2020-01-27 00:00:00-05:00,152.66048172072817,154.77301392246096,151.76053138101526,153.73095703125,32078100.0,-0.016864582841312415,,-0.019219092987311504,-0.04670143989553843,0.00918772034482157,0.1458505388880389,0.008791780665890982,0.1395651913402403,,,31.179520053502486,4.58501915609412,2.3654145776463507,1.2353115148789147,155.865899471319,-0.013887524551317441,155.6293800354004,160.17002778437032,151.08873228643048,0.05835206370335824,0.2909524027071826,156.04667522197815,155.10315153497876,0.9435236869993844,,,-0.8361903891712675,
2020-01-28 00:00:00-05:00,155.15191986936853,157.0276076258131,154.4793314082179,156.74342346191406,24899900.0,0.019406180738559865,,-0.015353350693807055,-0.02802088286152926,0.0137120139533581,0.21767147336659892,0.009340014374000841,0.14826813165224909,,,43.553110762539795,3.29665059456309,2.4319314359975466,0.9641672949267946,156.13434263674597,0.003885846128122171,155.88373718261718,160.04103036111448,151.72644400411988,0.0533383822281223,0.603394954647825,156.15386725889135,155.2246531591962,0.9292140996951446,,,0.4135798185912998,
2020-01-29 00:00:00-05:00,158.99802382465174,159.86008761817865,156.96129367549298,159.18748474121094,34754500.0,0.015472433838485367,,-0.027433931999594652,-0.03635734686111003,0.014452587538917126,0.2294277145761945,0.009316451320737763,0.14789407977786823,,,51.21657134658162,3.1166641562645907,2.4808409160166214,1.3117992101160405,156.43886013005798,0.017266587355289686,156.16556396484376,160.42007196881528,151.91105596087223,0.05448714679414605,0.8551433883243681,156.62057764078668,155.51819623934546,1.102381401441221,,,1.4205735532974686,
2020-01-30 00:00:00-05:00,164.88091010363243,164.88091010363243,161.7926402519902,163.6778106689453,51597500.0,0.027817269549894576,,0.014979833892780237,-0.040750441762471334,0.017706701159872707,0.28108516685017276,0.010661117018792205,0.169239985979295,,,61.54601114471767,5.693425362421493,2.7103112336169692,1.8403133392266635,157.2379574080491,0.03934469330067864,156.707430267334,161.84725001192876,151.56761052273922,0.06559765208103449,1.178076347807881,157.7063057989649,156.1226121230195,1.5836936759453977,,,2.712305391231525,
2020-01-31 00:00:00-05:00,163.1378330139446,163.31781150569444,160.6463790875127,161.2621307373047,36142700.0,-0.014868744210446755,,0.0,-0.0537519582416085,0.02063706777643005,0.3276032947561118,0.011247238795071196,0.17854438072749687,,,54.82093651452842,3.0314315814325994,2.733248401318086,1.254598302531034,157.6485804144324,0.022407928670859233,157.12851257324218,162.314122618885,151.94290252759936,0.06600469845631173,0.898566236920935,158.25335578947872,156.50331720555914,1.7500385839195758,,,1.5942649476837398,1.7017949234022285
2020-02-01 00:00:00-05:00,163.1378330139446,163.31781150569444,160.6463790875127,161.2621307373047,36142700.0,0.0,-0.1836096711427775,0.0,-0.07297299146450698,0.01698079088877182,0.2695616985412902,0.011247238795071196,0.17854438072749687,,,54.82093651452842,2.6714324181817233,2.7288329739512034,1.2219030208061286,158.0378014551836,0.01999433634777844,157.5495948791504,162.63587216664553,152.46331759165525,0.06456731661413162,0.8649561013200902,158.7162442429904,156.85582191161436,1.8604223313760428,,,1.45982440528036,1.599541567297447
2020-02-02 00:00:00-05:00,163.1378330139446,163.31781150569444,160.6463790875127,161.2621307373047,36142700.0,0.0,-0.18062280758652288,-0.023798461498671708,-0.07428372769398217,0.016376248535415125,0.2599648861973649,0.011247238795071196,0.17854438072749687,0.010377889316537915,0.16474388559188038,54.82093651452842,2.6714324181817233,2.7247329342533835,1.192638072439596,158.34994677270313,0.01805869704987024,157.87878646850587,163.03436125807556,152.72321167893617,0.06531054494263101,0.8281248364046337,159.1079190882695,157.1822151579618,1.9257039303077192,,,1.3124993456185323,1.5138734856636253
2020-02-03 00:00:00-05:00,161.45156006694415,165.30715509257476,161.42314165512855,165.1934814453125,30107000.0,0.024086219519956723,1.9672018131712505,-0.03186770734219957,-0.05171602809888598,0.018032689379363885,0.2862600694048351,0.01203805549324201,0.1910982066234801,0.01093818596559334,0.1736383191548213,63.03169352493945,4.045024355270073,2.8190394643260044,0.9827226283578818,158.8686396780269,0.03828747788319624,158.4590187072754,164.1644634477745,152.7535739667763,0.07201161268124334,1.0901785964408437,160.04415945089153,157.77564229035815,2.268517160533378,,,2.3607143857633806,2.2998756412267576
2020-02-04 00:00:00-05:00,167.80809677985968,171.1237134714776,167.02182022982586,170.631103515625,36433300.0,0.0323865350747006,2.4192285905469793,0.0012229580902047843,-0.02050166171215828,0.01939029682143978,0.3078114194235352,0.013371530493690954,0.21226646600773796,0.011951892909024412,0.18973041800252954,70.90727019813251,5.9302320261651005,3.0412675044573683,1.1607736111843454,159.69751964004305,0.06407732031446856,159.2613952636719,166.86868920336642,151.65410132397736,0.09553217748846107,1.2472899260949069,161.67292007623513,158.72789867741497,2.9450213988201597,1.8911840899541263,1.0538373088660333,2.9891597043796305,3.0317635268071017
2020-02-05 00:00:00-05:00,174.3351158434909,174.49615834021887,169.0111876454054,170.4226837158203,39186300.0,-0.0012222108860971395,-0.3862293812155398,-0.020312890885544665,-0.04663513316379231,0.015968742188570667,0.2534959234887797,0.013434862311415764,0.21327182744640308,0.011796913960722522,0.18727020346858672,70.28917426290461,5.484970694813455,3.215817732339946,1.2187398240855556,160.4357496953847,0.05860096674154498,159.91172790527344,168.94496727849602,150.87848853205085,0.11297782209662052,1.081793273501902,163.01903755924823,159.5941790506302,3.42485850861803,2.197918973686907,1.2269395349311227,2.3271730940076076,2.6215637582628664
2020-02-06 00:00:00-05:00,171.43636512906852,174.13623076252514,170.57430114590088,173.95623779296875,27751400.0,0.020522034710906203,1.3937542843757196,-0.0014139137451301131,-0.004391615766500601,0.015028178573659992,0.2385649389850423,0.013563077808489166,0.2153071853632876,0.011979763769860386,0.19017285420211322,74.36856652594754,3.713547046704832,3.251369826223152,0.8720790557132988,161.14080023657823,0.07367046861316126,160.69468841552734,171.64892501132593,149.74045181972875,0.13633601339047274,1.105316000867088,164.70168374905137,160.6580352537664,4.04364849528497,2.5670648780065197,1.47658361727845,2.421264003468349,2.8408790186024717
2020-02-07 00:00:00-05:00,173.21733945607366,175.85088594864706,172.86682148638042,174.20254516601562,33529100.0,0.001414914264379336,-0.19834760062452877,0.0,-0.004439349441889728,0.014680782591928525,0.2330501987402947,0.013580889934720725,0.21558994410126758,0.01181421565544014,0.18754485935748338,74.63005385244232,2.9840644622666446,3.2322765859405442,1.0550382575699768,161.98361663857227,0.07014207809534971,161.4899642944336,173.92117979337573,149.05874879549148,0.1539565081118866,1.011316889030837,166.16335473627663,161.66133228430337,4.502022451973261,2.9540563927998678,1.547966059173393,2.045267556123348,2.5637631997838883
2020-02-08 00:00:00-05:00,173.21733945607366,175.85088594864706,172.86682148638042,174.20254516601562,33529100.0,0.0,-0.31346359107793814,0.0,0.0009800655130569602,0.015079690831718817,0.23938267073081249,0.013580889934720725,0.21558994410126758,0.011665347306776387,0.18518164758556452,74.63005385244232,2.9840644622666446,3.2145471485352655,1.0564387542888454,162.82867061175793,0.06529109286789327,162.28524017333984,175.8406423385947,148.72983800808498,0.1670565006500417,0.9395776992593461,167.4001532639288,162.59031101628204,4.809842247646742,3.325213563769243,1.484628683877499,1.7583107970373855,2.3319241789220198
2020-02-09 00:00:00-05:00,173.21733945607366,175.85088594864706,172.86682148638042,174.20254516601562,33529100.0,0.0,-0.30901425803504784,-0.025490136326788204,-0.007876736405462381,0.009203662527501528,0.14610361319239928,0.013580889934720725,0.21558994410126758,0.011521907572246927,0.18290461239142405,74.63005385244232,2.9840644622666446,3.198084099516078,1.057842974091932,163.6759710786831,0.06042721176835088,163.08051605224608,177.4901214125155,148.67091069197667,0.17671768165919963,0.8859241400335477,168.44667509501906,163.4504765088549,4.996198586164155,3.6594105682482256,1.3367880179159295,1.5436965601341905,2.153590116357715
2020-02-10 00:00:00-05:00,173.90887006854624,178.89176413177017,173.59625298069977,178.75914001464844,35844300.0,0.0258206383071813,1.8203520801351822,0.023096962862390047,0.018074111487117905,0.012586737315851297,0.19980826053263506,0.014297413032554232,0.22696439565427395,0.011914964334470575,0.18914419505528016,79.46948797784208,5.2955111510704,3.3479003174842443,1.1197116838393506,164.79460232856601,0.0781192932844614,164.13204116821288,179.90234635866946,148.3617359777563,0.1921660765102431,0.9637544635244968,170.0332081595774,164.58445158335815,5.448756576219267,4.0172797698424345,1.4314768063768328,1.8550178540979885,2.507487218689925
2020-02-11 00:00:00-05:00,180.6064006880335,180.6537695392819,173.8330741528824,174.7235565185547,53159900.0,-0.02283426533456442,-2.101595214397142,-0.0014617901841438297,-0.004909457810547302,0.017220893940694572,0.27337321632778155,0.015494974959567177,0.24597510188512717,0.01251018108167356,0.19859296799095957,67.23654308122033,6.820695386399507,3.595957108121049,1.5886108698422907,165.8654522478804,0.050697824879346515,165.01968002319336,181.08844980146205,148.95091024492467,0.1947497386494779,0.8019483329857895,170.75480021480467,165.3354963933727,5.419303821431981,4.297684580160344,1.1216192412716373,1.2077933319431582,1.8798471315983467
2020-02-12 00:00:00-05:00,175.8035026959606,176.05928293291046,172.2700060504583,174.97933959960938,47062900.0,0.0014628596417572315,-0.15745030475272018,0.005443580912833923,-0.0034527147709642048,0.01722127942488369,0.2733793356995741,0.015358636526714556,0.2438107963603173,0.012356739538042573,0.1961571589995588,67.57721092064948,3.7892768824521568,3.609765663430414,1.3511304469652252,166.70513901623215,0.04728672883501781,165.8717948913574,182.16505818296287,149.57853159975195,0.1964561039720732,0.7794880480739642,171.40472935092848,166.04985514939023,5.3548742015382516,4.5091225044359255,0.845751697102326,1.1179521922958569,1.8099353194533074
2020-02-13 00:00:00-05:00,173.43516681747468,176.4192159295942,173.23622346436093,174.031982421875,35295800.0,-0.005428818176789186,-0.7024509413899555,-0.008848130171283497,-0.018800749972169406,0.01746087872583214,0.2771828566872612,0.01552872650736278,0.2465108910961112,0.01228105622274301,0.1949557236154816,64.88617074493413,3.1829924652332693,3.5792818635591894,0.9984349861567348,167.43601824731533,0.03790087363695161,166.7561164855957,182.79018135203845,150.72205161915295,0.19230556820778158,0.7268877541934722,171.8089221310741,166.64112383624095,5.167798294833148,4.64085766251537,0.5269406323177774,0.9075510167738889,1.6230904968833304
2020-02-14 00:00:00-05:00,173.5962108192426,175.64242337639334,173.02781362394256,175.58558654785156,23149500.0,0.008887507323238673,0.45681823384715126,0.0,-0.013001470654078195,0.017931827864116692,0.2846589424876278,0.015176099473544844,0.2409131104738675,0.012164953050375519,0.19311264289242133,67.19340839428017,2.614609752450775,3.5103767127657317,0.656486975825302,168.0953720131335,0.04265848172382184,167.7181182861328,183.42768011190196,152.00855646036365,0.18733291294108262,0.7504038097616881,172.38994742596296,167.3036766296936,5.0862707962693605,4.729940289266168,0.35633050700319213,1.0016152390467519,1.7199737569998041
2020-02-15 00:00:00-05:00,173.5962108192426,175.64242337639334,173.02781362394256,175.58558654785156,23149500.0,0.0,-0.2704733544463234,0.0,0.0023049087099540344,0.011914596112583917,0.18913834971404386,0.015176099473544844,0.2409131104738675,0.012033146598778407,0.19102028033970234,67.19340839428017,2.614609752450775,3.446393358457521,0.6581374195025823,168.75804108083565,0.03888443010187074,168.68012008666992,183.8028244602248,153.55741571311503,0.17930630314686344,0.7283145358993216,172.88158421394584,167.91715143844604,4.964432775499802,4.776838786512895,0.18759398898690627,0.9132581435972861,1.6467100435939674
2020-02-16 00:00:00-05:00,173.5962108192426,175.64242337639334,173.02781362394256,175.58558654785156,23149500.0,0.0,-0.2672980791443657,0.0,0.03502498745927363,0.005141874246172312,0.08162472316883788,0.015176099473544844,0.2409131104738675,0.011905510429364245,0.18899411896430166,67.19340839428017,2.614609752450775,3.386980243742754,0.6665978457914236,169.67962828694814,0.033635780572990784,169.7728515625,183.43519813124044,156.11050499375955,0.1609485432211263,0.7127282804643219,173.29758457300827,168.48518366877238,4.812400904235886,4.783951210057494,0.02844969417839227,0.8509131218572883,1.5821208667349844
2020-02-17 00:00:00-05:00,173.5962108192426,175.64242337639334,173.02781362394256,175.58558654785156,23149500.0,0.0,-0.26423221704923505,-0.010041468017011113,0.03502498745927363,0.005149450142852743,0.08174498680028634,0.014356036398353289,0.2278950127358052,0.011781830515227935,0.18703076119443066,67.19340839428017,2.614609752450775,3.3318109229361843,0.6682820291905545,170.34190602212988,0.029863957679081187,170.71495971679687,183.1365383627578,158.29338107083595,0.14552419619894325,0.6960550655386486,173.64958487683032,169.01113943759304,4.638445439237273,4.75485005589345,-0.11640461665617696,0.7842202621545943,1.5246183109703755
2020-02-18 00:00:00-05:00,175.8319548596929,177.81184894154453,175.72774914722984,177.36660766601562,27792200.0,0.010092223616651377,0.5839389057008233,-0.002990026896518505,0.04552357903922699,0.005215235532528545,0.08278929748618823,0.014072927730074885,0.22340080195417716,0.011697445048076632,0.18569118343232852,70.2114860606133,2.226262393692963,3.252843170847383,0.8104525227311167,171.1918051937125,0.03481378233230004,171.6239158630371,183.1198363466498,160.1279953794244,0.1339664163447584,0.7497708561556538,174.22143453670498,169.6300630100688,4.5913715266361805,4.722154350041997,-0.13078282340581637,0.9990834246226161,1.6477823005259558
2020-02-19 00:00:00-05:00,178.63945513349202,178.75343930147744,177.12910692998037,177.89852905273438,29997500.0,0.0029945059575096316,-0.022601994581632846,0.015508006252223927,0.09590964080226128,0.004375144148157084,0.06945326019649906,0.013910420168727568,0.22082107439322174,0.011572399316219657,0.18370614397830679,71.06757177528274,1.6243323714970757,3.13652097089379,0.9032072551652706,172.07835935370895,0.03271623284361254,172.33495178222657,183.51633323574862,161.15357032870452,0.12976336300777286,0.7487875623255533,174.7871413853249,170.24254197619217,4.544599409132729,4.686643361860144,-0.14204395272741444,0.9951502493022133,1.6379589185111358
2020-02-20 00:00:00-05:00,177.58507149081467,177.87004642669885,172.0281254659961,175.1818084716797,36862400.0,-0.015388986056680626,-1.5535145778907475,0.032644835383908166,0.0972814156571924,0.009308341129445499,0.14776533448240128,0.01360406449432353,0.21595782882998238,0.01175691578909076,0.18663525217837718,61.3672280629563,5.870403586738263,3.3317983005969665,1.1087041292629958,172.83829299938074,0.01337761890200948,173.03093566894532,182.97467200949785,163.08719932839278,0.11493593676887436,0.6081521436747414,174.84785939861024,170.60841356845052,4.239445830159724,4.59720385552006,-0.35775802536033563,0.4326085746989651,1.3187960801959187
2020-02-21 00:00:00-05:00,173.99438799966083,174.30785891305882,168.3709427375459,169.64381408691406,48572600.0,-0.03212331241611598,-2.7123913001766167,0.0,0.049479742878913324,0.016900622600182647,0.2682890664134465,0.01518170209945694,0.24100204940298148,0.01264525848391121,0.20073725527535233,47.21843345240323,6.810865734133785,3.580303117278168,1.434102713695553,173.2268848215737,-0.02112113992452389,173.45001983642578,181.89956272351137,165.0004769493402,0.09742913716647635,0.2747685407142448,174.04723704296467,170.53696175500338,3.510275287961292,4.379818142008307,-0.8695428540470145,-0.9009258371430218,0.7387181885288366
2020-02-22 00:00:00-05:00,173.99438799966083,174.30785891305882,168.3709427375459,169.64381408691406,48572600.0,0.0,-0.1703353981103525,0.0,0.12903018444242775,0.016900622600182647,0.2682890664134465,0.01518170209945694,0.24100204940298148,0.012521873559082757,0.19877858031556941,47.21843345240323,5.93691617551292,3.748632621437793,1.4082616785308126,173.60147260507946,-0.02332922387690343,173.86910400390624,180.3831392474126,167.3550687603999,0.07493033659804227,0.17567799689107877,173.3697873574184,170.47080266847826,2.8989846889401463,4.083651451394675,-1.1846667624545288,-1.2972880124356863,0.7278362373147337
2020-02-23 00:00:00-05:00,173.99438799966083,174.30785891305882,168.3709427375459,169.64381408691406,48572600.0,0.0,-0.1686740526948919,0.045058058378914856,0.10233936016433698,0.014843587742513894,0.23563465038395054,0.01518170209945694,0.24100204940298148,0.012402029976718638,0.19687612242459415,47.21843345240323,5.93691617551292,3.9049385895860165,1.3715472961535058,173.68746238765223,-0.023836108156979285,174.09162063598632,179.58135242987998,168.60188884209265,0.06306715709623179,0.09489764563547229,172.79656070041773,170.40954425502906,2.3870164453886673,3.744324450193474,-1.3573080048048065,-1.6204094174581085,0.7174240727244847
2020-02-24 00:00:00-05:00,159.36585498840046,165.80622141128146,155.0532703487702,162.32955932617188,68311100.0,-0.044072442130806425,-3.276771050695756,0.01677914056484675,0.05481159762001764,0.019580317320740316,0.3108279013344564,0.017435036254561945,0.2767726201737956,0.01382254565614878,0.21942610975203478,34.20820671232096,14.59054373814385,4.6681961001972905,1.8458296365319768,172.78966810351056,-0.06443748643659528,173.67654342651366,181.1609357869178,166.19215106610952,0.08618771669152839,-0.2580431085075468,171.1862527966876,169.8110268528915,1.3752259437960959,3.2705047489139987,-1.8952788051179028,-3.0321724340301843,-0.04364132116616142
2020-02-25 00:00:00-05:00,165.47367252715827,166.08161197190887,159.2517834397521,159.6507568359375,68073300.0,-0.016639925895940065,-1.2606475884865844,-0.012341026777656916,0.03740483605322864,0.019541505680993432,0.3102117856539871,0.01598670363746327,0.2537810526505171,0.0139055877313452,0.22074436182798152,30.85504311448186,6.8298285321567676,4.822598416765825,1.7703128480331483,171.74727603179812,-0.0757686304505992,173.13794708251953,182.8323293820349,163.44356478300415,0.11198448939555612,-0.1956188558427415,169.41156111041835,169.05841425904308,0.35314685137527135,2.6870331694062535,-2.333886318030982,-2.782475423370967,-0.3219584152935662
2020-02-26 00:00:00-05:00,161.20868089476,164.58083826118963,159.78382076998352,161.6456298828125,56206100.0,0.012417809622028538,0.8163866748702188,0.07579988284985206,-0.015162631541174143,0.021834585012676908,0.34661329154304715,0.016342810607461632,0.25943407554703146,0.013863645579885828,0.22007855081470648,35.89444884239215,4.930081425252126,4.830275774514846,1.4095421666926224,170.9584746131884,-0.05761272195930933,172.5224166870117,183.47913709893953,161.5656962750839,0.12701793334839936,0.003647697701658406,168.21680246001745,168.50931912006303,-0.2925166600455782,2.0911232035158873,-2.3836398635614655,-1.9854092091933657,-0.1095466186765368
2020-02-27 00:00:00-05:00,155.13875963759634,158.66290516046735,150.06624715653416,150.2562255859375,93174900.0,-0.07306446196115608,-4.300151285293213,-0.023640487779582386,-0.03847781126000893,0.034519134265813003,0.5479742684435364,0.021645629479656484,0.34361371544771696,0.016938896086948114,0.26889663918017903,24.787019592066386,11.57938272627834,5.312354842497953,2.1740517227701335,168.58118908696113,-0.12195809810584426,171.32510070800782,186.0829732101605,156.56722820585514,0.17227916331191614,-0.2138181712505336,165.45363678708208,167.1572381175352,-1.7036013304531252,1.332178296722085,-3.03577962717521,-2.8552726850021335,-1.295910846082464
2020-02-28 00:00:00-05:00,144.7752687189207,155.50921622258826,144.38580353335962,153.8943634033203,97012700.0,0.023924407709385576,1.3883431237842083,0.0,-0.050073356947077596,0.03995485396738032,0.6342636436055444,0.022617352142437822,0.3590393345019864,0.01708899325551157,0.2712793578632621,32.023206285314444,11.123412689228644,5.727430402978717,2.1075102266037247,166.82883080486812,-0.08404770074424144,170.30969161987304,186.91314787263332,153.70623536711275,0.19497958213463013,0.005665327548180903,163.6752870357341,166.17480295351928,-2.4995159177851747,0.565839453820633,-3.0653553716058077,-1.977338689807276,-0.8951243208466404
2020-02-29 00:00:00-05:00,144.7752687189207,155.50921622258826,144.38580353335962,153.8943634033203,97012700.0,0.0,-0.011547105270239654,0.0,-0.025620873635301078,0.037988082890911525,0.6030421206807571,0.022617352142437822,0.3590393345019864,0.016938446662286687,0.26888950478485585,32.023206285314444,11.123412689228644,6.112857709139426,1.9715592056916544,165.3025543651756,-0.07413001171431573,169.29428253173828,187.31849249151705,151.2700725719595,0.21293347525070377,0.07279905297422035,162.17052955382428,165.26514076461567,-3.094611210791385,-0.1662506791017705,-2.928360531689614,-1.7088037881031193,-0.8815678731388563
2020-03-01 00:00:00-05:00,144.7752687189207,155.50921622258826,144.38580353335962,153.8943634033203,97012700.0,0.0,-0.011450519129730708,-0.0623877677073692,0.0027231428667724433,0.038063401817223834,0.6042377715689897,0.022617352142437822,0.3590393345019864,0.016791809991026835,0.26656171979344045,32.023206285314444,11.123412689228644,6.470754493431513,1.8561872781716078,163.7823242851781,-0.06425161171071492,168.05104370117186,186.74415424403082,149.3579331583129,0.22246943703722571,0.12133963030407455,160.8972732229775,164.42286096007527,-3.5255877370977657,-0.8381180907009697,-2.687469646396796,-1.5146414787837006,-0.8686124978015454
2020-03-02 00:00:00-05:00,157.02904179044228,164.25783086258917,154.17932227965255,164.13433837890625,71030800.0,0.06441881385730071,3.3956037943147566,0.05033124364762798,0.0694433245766577,0.05003470886715284,0.7942763795040284,0.026550590751372463,0.42147756173989853,0.0185993715480748,0.2952558699497781,49.20332170340068,10.363467459268861,6.7488054195627525,1.3362191931625778,163.25876198269475,0.00533451077245165,167.52158279418944,186.01775815781082,149.02540743056807,0.22082140169777484,0.40843392353574653,161.39528324696653,164.40148891702572,-3.006205670059188,-1.2717356065726135,-1.7344700634865746,-0.3662643058570139,0.2060296306383735
2020-03-03 00:00:00-05:00,165.09375911275336,166.2336440588436,154.13182955336734,156.2691192626953,71677000.0,-0.04910558455978805,-2.5356141289871945,-0.03541496523162324,0.018196241466317487,0.041308597369094785,0.655753653885131,0.028055487710136138,0.4453670603498952,0.019538695333946345,0.31016717277768086,40.69566163761984,12.101814505476256,7.131163211413718,1.3178644480706028,162.29109771980168,-0.03853594674059152,166.58607177734376,185.38423278115494,147.7879107735326,0.22568706739104205,0.22558612215958862,160.6066426340017,163.7990911648531,-3.192448530851408,-1.6558781914283724,-1.5365703394230354,-1.0976555113616453,-0.6600294019310226
2020-03-04 00:00:00-05:00,160.04977122484704,162.14905673296266,157.32352937599967,162.00657653808594,49814400.0,0.036057285910517656,1.761189361957852,0.025741443816324372,0.1323197561066911,0.04281788152870589,0.6797127971494915,0.029454184334183325,0.46757068091102194,0.019898915275829612,0.3158854870787364,47.7878549344824,5.87993747026735,7.041789944188977,0.9038317921831353,161.90229280410418,0.0006437006213586864,165.98480148315429,184.54798657357782,147.42161639273075,0.22367331134600899,0.39284638046515374,160.8220170807839,163.66631230361108,-2.844295222827185,-1.893561597708135,-0.9507336251190499,-0.4286144781393852,-0.0567792118385359
2020-03-05 00:00:00-05:00,157.73196790911553,162.3105094316325,157.39000100953325,157.94094848632812,47817300.0,-0.0254157109125582,-1.2993067806605083,0.02908931003871351,0.03324603177534469,0.04575067723258407,0.7262694856212133,0.02983438755611768,0.47360621994844476,0.020016642204106642,0.31775434412775583,43.791392651513966,4.92050842209926,6.890269835468284,0.8486058173775961,161.4531361620335,-0.022237346991805632,165.10256958007812,183.4200796262849,146.78505953387136,0.22189248892728342,0.30451433967595815,160.37877575855993,163.24221128010865,-2.8634355215487233,-2.087536382476253,-0.7758991390724703,-0.7819426412961679,-0.528056446543098
2020-03-06 00:00:00-05:00,154.46432171432747,154.93927504171984,148.18543814642317,153.47642517089844,72821100.0,-0.028674246126152447,-1.426801899405792,0.0,0.051682779272977486,0.04829068636987021,0.7665908806517584,0.030108794582428655,0.47796229644621036,0.020288832709302256,0.32207523444363956,39.85025650667067,9.755510339904959,7.094929871499475,1.237787823390981,160.68141547345598,-0.0469452575177893,163.99711151123046,182.31940690942062,145.6748161130403,0.22344656231259855,0.21289933625425475,159.31687566815046,162.51881971646344,-3.2019440483129813,-2.3104179156435984,-0.8915261326693829,-1.1484026549829807,-1.0409032919859704
2020-03-07 00:00:00-05:00,154.46432171432747,154.93927504171984,148.18543814642317,153.47642517089844,72821100.0,0.0,-0.006623531197524745,0.0,0.16187271374911583,0.03270377645976174,0.5191563566710675,0.030108794582428655,0.47796229644621036,0.020288832709302256,0.32207523444363956,39.85025650667067,6.753836895296672,7.070566087484989,1.1876510941898122,159.97221204421965,-0.04232433004670291,162.89165344238282,180.935793781158,144.84751310360764,0.22154775837127416,0.23910565716306442,158.41834482241939,161.84901271308826,-3.4306678906688717,-2.534467910648653,-0.8961999800202185,-1.0435773713477419,-1.0597744367030724
2020-03-08 00:00:00-05:00,154.46432171432747,154.93927504171984,148.18543814642317,153.47642517089844,72821100.0,0.0,-0.0065739372159882995,0.07269959054275676,0.017251205214743992,0.025996457324620217,0.41268096629789175,0.030108794582428655,0.47796229644621036,0.020288832709302256,0.32207523444363956,39.85025650667067,6.753836895296672,7.047942573757253,1.1414178414926548,159.31822480013733,-0.0380631723910298,161.78619537353515,179.2557302847314,144.3166604623389,0.21595828829353775,0.26216395442471213,157.65804949141616,161.22882104329642,-3.570771551880256,-2.741728638894974,-0.8290429129852819,-0.9513441823011518,-1.0676240651349163
2020-03-09 00:00:00-04:00,143.43590508064403,149.84777500974567,142.48599842448084,143.07493591308594,70419300.0,-0.07017845291403903,-3.218981191849923,-0.06400707862340982,-0.05169050665895869,0.028743079441254035,0.4562822406943893,0.03310724709360374,0.5255612544218488,0.022144925917002563,0.3515398006700266,31.579995374813336,10.990426746417597,7.329548586090135,1.0680892426099646,158.07035495223917,-0.10480814786639174,160.07161178588868,177.83137193941482,142.31185163236253,0.2218976863590472,0.021483518756076687,155.41449355628842,159.88408881142897,-4.469595255140547,-3.087301962144089,-1.382293292996458,-1.9140659249756928,-2.1677704222462024
2020-03-10 00:00:00-04:00,150.23725610009342,152.96348385327482,144.93677465901976,152.85899353027344,65354400.0,0.0661473651649899,2.8917484549583854,0.047451886983816305,0.013158830246639885,0.04977141194954188,0.7900966705142175,0.03683673978035014,0.5847651154152392,0.023667587828344123,0.3757113091594669,43.46532342604559,9.888547940188886,7.512334254240046,0.9653814048596111,157.37950668986386,-0.02957309252919517,158.81963500976562,174.72108876177353,142.9181812577577,0.20024543880900053,0.3125755804327161,155.02133970613227,159.36371138319524,-4.342371677062971,-3.3383159051278652,-1.0040557719351058,-0.7496976782691354,-1.0827021328916195
2020-03-11 00:00:00-04:00,149.25881588095203,149.8002550593637,143.57836446468625,145.93414306640625,56371600.0,-0.04636044047891593,-1.9586112496848551,0.10477487760359838,0.13447073713778024,0.05230181256335114,0.8302655349632445,0.037725496506528365,0.5988736910562603,0.02430140133714788,0.3857727866907948,38.383198694907676,9.280629065587192,7.638641026479128,0.8208643017456377,156.43195807375483,-0.07193529071926386,157.35725173950195,172.27182239635036,142.44268108265354,0.18956318176602158,0.11704869231852541,153.6233094538667,158.36892854491458,-4.745619091047871,-3.6197765423118664,-1.1258425487360046,-1.5318052307258974,-1.8040842042858372
2020-03-12 00:00:00-04:00,138.0214317979302,145.7821669760473,131.63805829012034,132.09400939941406,93226400.0,-0.09964158353832643,-3.749284111428741,-0.12447276437683874,-0.051238356264070695,0.06495428749868556,1.031117347853482,0.04256091780289883,0.6756336244627911,0.02725410892369592,0.4326455665005939,30.66579525637985,14.296084776285909,8.114172722893898,1.3147856265238451,154.37947523187032,-0.16870913324366932,155.47976150512696,173.09185897748222,137.8676640327717,0.22655163992870544,-0.1639116136627175,150.3111094454894,156.4226382378405,-6.111528792351095,-4.118126992319713,-1.993401800031382,-2.6556464546508693,-3.0317822067008873
2020-03-13 00:00:00-04:00,140.11122857796408,153.79938665871734,133.68035660445514,150.87367248535156,92727400.0,0.13292901908999608,4.375183003899132,0.0,0.13126802634820134,0.09872922427285091,1.567277847361712,0.052918482069201564,0.8400548598848284,0.032143411084287386,0.5102608321100487,46.410707906460345,21.705377259303276,9.084973046923139,1.2682595238388323,153.65012513628793,-0.018402499290960994,154.54125442504883,170.9335706755371,138.14893817456056,0.21214162278511087,0.388131064467841,150.39765760546817,156.01160373765612,-5.613946132187948,-4.41729082029336,-1.1966553118945882,-0.44747574212863606,-1.1248022809218983
2020-03-14 00:00:00-04:00,140.11122857796408,153.79938665871734,133.68035660445514,150.87367248535156,92727400.0,0.0,0.003900270176408805,0.0,0.11295638507150452,0.09159688327529802,1.4540554440903002,0.052918482069201564,0.8400548598848284,0.032143411084287386,0.5102608321100487,46.410707906460345,20.119030054262197,9.873119976018785,1.231085780925641,152.96353075818647,-0.013851709436169578,153.6027473449707,168.4288345274244,138.776660162517,0.19304455732365705,0.4079637524710857,150.47089066391175,155.63101623748543,-5.16012557357368,-4.565857770949425,-0.5942678026242554,-0.3681449901156573,-1.1152041697000912
2020-03-15 00:00:00-04:00,140.11122857796408,153.79938665871734,133.68035660445514,150.87367248535156,92727400.0,0.0,0.0038738371208950732,0.17286991818806197,0.1563888960360027,0.08618828086823545,1.3681965426332228,0.052918482069201564,0.8400548598848284,0.032143411084287386,0.5102608321100487,46.410707906460345,20.119030054262197,10.604970695893314,1.2114505603458892,152.41900234051357,-0.010242541523021828,153.0299530029297,167.31162934189334,138.74827666396604,0.18665203848935683,0.4245088438359542,150.5328570979794,155.27862040399404,-4.745763306014652,-4.60183887796247,-0.1439244280521823,-0.30196462465618285,-1.102640665084028
2020-03-16 00:00:00-04:00,132.98689504145688,141.8685256152084,128.23736307569055,128.63632202148438,87905900.0,-0.15945366683647713,-4.482134674062013,-0.07607310217817342,-0.014051875571606698,0.11162488249773184,1.7719900752948294,0.06227678108907193,0.9886132512917674,0.037846060629653004,0.6007875871772066,34.74252175155276,22.63630940966101,11.464352032591007,1.1337710376023655,150.75333019699767,-0.17193439479573575,151.47923126220704,169.08281496560824,133.87564755880584,0.2324224061175727,-0.1488141740226784,147.16415939390325,153.30511682010442,-6.140957426201169,-4.909662587610209,-1.2312948385909595,-2.5952566960907144,-3.0022738180172572
2020-03-17 00:00:00-04:00,132.98692056268771,140.111219878546,128.23738768544888,139.22781372070312,81059800.0,0.07912232538164574,2.225975378025616,0.043946047352211304,0.06712785043143876,0.11045659240070652,1.7534440449593782,0.06528263142500243,1.0363296460946798,0.03922659837221413,0.622702944431338,42.19665117918593,11.873832193097115,11.4936006154843,1.028981005441071,149.77177830940695,-0.07573173999453492,150.35834045410155,168.09069508150455,132.62598582669855,0.2358679215778653,0.18615203769392036,145.94318313648785,152.26235362755617,-6.31917049106832,-5.191564168301832,-1.1276063227664883,-1.2553918492243188,-1.941148010400587
2020-03-18 00:00:00-04:00,131.08709725869974,138.68634927369683,128.25637994155176,133.3668670654297,81593200.0,-0.0430078093436459,-1.1415554709101818,-0.016186828276060994,0.03250446683027808,0.08731119155354419,1.386022197140407,0.06559843732111052,1.0413429092766993,0.039557231525494105,0.6279515830239695,39.50734755756067,10.971433779151369,11.456302984317663,1.0434221933807888,148.8870542087778,-0.11637213563496196,149.51387252807618,168.8066861446692,130.22105891148317,0.258073893617733,0.08152797763103173,144.00836527940197,150.86268795628754,-6.854322676885573,-5.52411587001858,-1.3302068068669932,-1.673888089475872,-2.3096590688363356
2020-03-19 00:00:00-04:00,135.61816456023482,142.6284651649305,132.0370127460227,135.56117248535156,85922700.0,0.01631926609094823,0.4953151327567636,0.03902445014654177,-0.03795326305215996,0.08875690565685758,1.4089721970460027,0.06412783125849707,1.0179977617673848,0.03954254257706649,0.6277184031966064,41.02286014838198,10.591452418907807,11.394527943931246,1.1066354374823753,147.83688585063098,-0.09055478895777404,148.59721298217772,168.73721750642457,128.45720845793088,0.27106840189071885,0.17636450922511265,142.70879715724035,149.72924236584785,-7.020445208607498,-5.823381737736364,-1.197063470871134,-1.294541963099549,-2.018742215850755
2020-03-20 00:00:00-04:00,138.6863510776693,139.7312540410922,129.05429960314785,130.46966552734375,84866200.0,-0.03828224422379023,-1.0091051792007133,0.0,-0.06513759832884025,0.08809766290898273,1.3985070428590045,0.06416647102355073,1.0186111490216845,0.03978565460404126,0.6315776869812307,38.60603060552197,10.676954437944346,11.34327269350361,1.101645389562731,146.49884519918893,-0.12285752099583484,147.4259780883789,168.9461342032414,125.90582197351642,0.2919452377919662,0.10603648805956835,140.82585382956395,148.30260704447716,-7.476753214913202,-6.154056033171732,-1.3226971817414706,-1.5758540477617269,-2.2851480513709985
2020-03-21 00:00:00-04:00,138.6863510776693,139.7312540410922,129.05429960314785,130.46966552734375,84866200.0,0.0,0.05444680291022129,0.0,-0.12017188138291246,0.04950204415445709,0.7858205893321926,0.06416647102355073,1.0186111490216845,0.03978565460404126,0.6315776869812307,38.60603060552197,10.676954437944346,11.295678532392234,1.1103994077604653,145.13953957024506,-0.11243896413474602,146.25474319458007,168.81715730484285,123.6923290843173,0.30853582752178255,0.1501908530245375,139.23259409076084,146.98164841357837,-7.749054322817528,-6.473055691100892,-1.2759986317166367,-1.39923658790185,-2.1582466810036167
2020-03-22 00:00:00-04:00,138.6863510776693,139.7312540410922,129.05429960314785,130.46966552734375,84866200.0,0.0,0.05410876011562421,0.010074806486575882,-0.08249828178878527,0.026159509208094327,0.4152693347047308,0.06416647102355073,1.0186111490216845,0.03978565460404126,0.6315776869812307,38.60603060552197,10.676954437944346,11.251483954217385,1.1004391126305841,143.45762699241104,-0.09954774860939057,144.57150955200194,166.5325768393119,122.61044226469198,0.3038090610710629,0.178935366843331,137.88445123485053,145.75853857015358,-7.874087335303045,-6.753262019941323,-1.1208253153617225,-1.284258532626676,-2.0477520740215414
2020-03-23 00:00:00-04:00,130.14672252460196,133.52840283190852,125.88165036490471,129.16831970214844,78975200.0,-0.01002439393872296,-0.22659373075590294,-0.08332188186174616,-0.09164973493138151,0.02017237435198719,0.320226515334335,0.06199307113695479,0.9841094954251115,0.039793228408320634,0.6316979173968422,37.89336839873249,7.646752467003807,10.99400313370213,1.0192292813538686,142.13686519768214,-0.10040035765300738,143.21646957397462,165.4807755870351,120.95216356091412,0.3109182355812851,0.18451408582900877,136.54350792212713,144.52963346881987,-7.986125546692733,-6.999834725291605,-0.9862908214011279,-1.2619436566839652,-2.0305358400679374
2020-03-24 00:00:00-04:00,136.5490663326342,142.10602543854912,134.19330215103852,140.9091339111328,82516700.0,0.08699888455320173,2.412701898440918,0.009664973180732561,-0.009084817129211054,0.04699842184584071,0.7460768172995985,0.06490127894374154,1.0302758631310374,0.041384802725563566,0.6569633764158556,47.33857312597361,12.937705736400687,11.132839033894884,1.042926640978368,141.44734198484403,-0.003819540002642053,142.16159744262694,162.6018691192827,121.72132576597119,0.28756389973607277,0.46936284528633415,137.21514268966646,144.2614483163986,-7.046305626732135,-7.009128905579712,-0.037176721152422765,-0.12254861885466346,-1.187145111069632
2020-03-25 00:00:00-04:00,141.4506069839255,146.59909944242216,137.20452297118143,139.56028747558594,75638200.0,-0.009618566103282123,-0.23670295557791224,-0.05886885915584261,-0.08306804008617308,0.04139579413379946,0.6571378596123588,0.06422090148123967,1.0194752057504386,0.04139488831467249,0.6571234801795023,46.464310578329524,9.394576471240725,11.00867742227673,0.939472217435114,140.86890624421386,-0.009376727379247102,141.24256439208983,160.30180065970825,122.18332812447142,0.26987949913894105,0.4558671477470984,137.57593419519253,143.9132141800421,-6.337279984849573,-6.8747591214336845,0.5374791365841114,-0.17653140901160636,-1.243407857865858
2020-03-26 00:00:00-04:00,140.96615988290495,148.81239913590423,140.9376638391544,148.28994750976562,64568100.0,0.06067278582938501,1.6642113118552297,0.042819272079349435,-0.010145107921890717,0.045179442247628335,0.7172014113589777,0.06572350543539492,1.043328304040741,0.042128668978081416,0.6687718870929903,52.56955948795334,9.252111660318292,10.883208439279699,0.806106464241472,140.59491258078555,0.051891817740870955,140.9832405090332,159.47427444143486,122.49220657663156,0.262315348485934,0.6975743224376694,139.22424393589608,144.2374166489105,-5.013172713014427,-6.502441839749833,1.4892691267354063,0.790297289750677,-0.6441428510430764
2020-03-27 00:00:00-04:00,144.14831530529963,147.13102121684818,141.7260507653704,142.2010040283203,57042300.0,-0.04192788399518732,-1.1207058061107567,0.0,-0.015844118868961865,0.0541254910794433,0.8592155339127114,0.06604519911824368,1.048435032939691,0.0424292256224458,0.6735430759082478,48.421653664851014,6.563896744395237,10.57468617535938,0.7192340768544512,140.06128941795757,0.015047113239345385,140.4194694519043,157.97034961798835,122.86858928582022,0.24997787321929021,0.550753425456654,139.68220702703826,144.08657126960753,-4.404364242569272,-6.082826320313722,1.6784620777444497,0.20301370182661505,-1.0310547747928185
2020-03-28 00:00:00-04:00,144.14831530529963,147.13102121684818,141.7260507653704,142.2010040283203,57042300.0,0.0,0.021569995095067976,0.0,-0.035810989142419425,0.0530387724430506,0.8419644103707457,0.06604519911824368,1.048435032939691,0.0424292256224458,0.6735430759082478,48.421653664851014,5.404970451477794,10.205420766510695,0.726460597819598,139.5169430730731,0.018875119578710353,139.8556983947754,156.33210347708194,123.37929331246886,0.23562007514056435,0.5711716427773269,140.06971425800475,143.94689962210475,-3.8771853641000007,-5.641698129070978,1.764512764970977,0.2846865711093077,-1.0060680277097656
2020-03-29 00:00:00-04:00,144.14831530529963,147.13102121684818,141.7260507653704,142.2010040283203,57042300.0,0.0,0.02144706326117229,-0.06571813741633803,-0.02684790126050618,0.03713150013708317,0.589444291016897,0.06604519911824368,1.048435032939691,0.0424292256224458,0.6735430759082478,48.421653664851014,5.404970451477794,9.86253145829406,0.7327018402033243,139.45435870707757,0.01931523156261066,139.8120018005371,156.25706454731343,123.36693905376079,0.23524536570526589,0.5726358501809764,140.39760499189947,143.81757402256517,-3.4199690306656976,-5.197352309389922,1.7773832787242245,0.29054340072390644,-0.9793080215839167
2020-03-30 00:00:00-04:00,144.8037706334884,152.55501230058746,142.49548995938957,152.2035369873047,63420300.0,0.06797710621157962,1.847079339034968,0.015978616275073687,0.04160439982034991,0.04624900006922934,0.7341801154115393,0.06596602794079992,1.047178229460569,0.043271918292082594,0.6869204073213442,55.60818822104775,10.354008272267151,9.897636945006424,0.8156396818788793,139.4109564158614,0.08404916748097861,139.77922897338868,156.1170771307763,123.44138081600109,0.23376646555258968,0.8802308570329688,142.2139022219618,144.43875646439773,-2.2248542424359243,-4.602852695999123,2.3779984535631984,1.5209234281318762,-0.31259584858220785
2020-03-31 00:00:00-04:00,151.41511399644187,156.52561640437477,148.71738259294858,149.80978393554688,77927200.0,-0.015852301961446845,-0.4280019671341416,0.036815322919770965,0.025222758761625386,0.0406489067077886,0.6452813892928435,0.06444726095609019,1.0230685510145845,0.04324279517174166,0.6864580921183984,53.680560413991714,7.8082338114261916,9.748393864036407,0.9885090102415142,139.69169459040046,0.06753957638373975,139.9730110168457,156.70541341279545,123.24060862089597,0.2390804094931701,0.79394383083574,143.3824994086672,144.8366103511495,-1.4541109424822878,-3.9731043452957557,2.518993402813468,1.1757753233429613,-0.4563147296154973
2020-04-01 00:00:00-04:00,145.33574241165908,149.84779977411256,143.26495251632153,144.49032592773438,57969900.0,-0.03615382555736916,-0.9715778942344045,-0.020288320840506247,-0.07962703451579156,0.03914162463646916,0.6213540281948182,0.06412543307431376,1.0179596917737017,0.043419834232771924,0.6892685000853811,49.56846983117266,6.58284725779103,9.522283392161738,0.752169660288481,140.3316828358323,0.028781463846804353,140.59282684326172,157.0117963702452,124.17385731627823,0.23356767049414243,0.6186889066962264,143.55293425775446,144.81095965311874,-1.2580253953642853,-3.430088555309462,2.1720631599451767,0.4747556267849058,-0.7823474007721777
2020-04-02 00:00:00-04:00,144.25282142442757,147.69147878711792,142.82796147930063,147.4824981689453,49630700.0,0.02049695554357507,0.571223451186622,0.009295986348093033,-0.05033929882761956,0.03979140827450081,0.6316690236682015,0.06006645030734279,0.9535253379098897,0.0433497491677071,0.6881559341686933,51.80488554872895,4.86351730781729,9.189514386137134,0.6624898669045527,139.91612659681974,0.05130352188269883,140.42326812744142,156.46081579569935,124.38572045918349,0.2284172399933467,0.7200844601533365,144.15748255178383,145.00885139503183,-0.8513688432479967,-2.9143446128971693,2.0629757696491726,0.8803378406133462,-0.5714571129254238
2020-04-03 00:00:00-04:00,147.33051565835152,149.49630149094543,144.56628404497476,146.12413024902344,41243300.0,-0.009253044585883321,-0.24282873027872054,0.0,-0.06843077169713285,0.04042553501728915,0.6417354736348817,0.052490277783817624,0.8332573275880802,0.0433279057912531,0.6878091813173457,50.7055719845505,4.9300174459706625,8.885264604696673,0.5701218275255437,139.39082004186582,0.046079386037629566,140.185791015625,155.7040309617288,124.66755106952122,0.22139533306016915,0.6913341736570258,144.46004373597455,145.09146464347566,-0.6314209075011092,-2.4577598718179576,1.8263389643168484,0.765336694628104,-0.6386630318363167
2020-04-04 00:00:00-04:00,147.33051565835152,149.49630149094543,144.56628404497476,146.12413024902344,41243300.0,0.0,0.012054347684202316,0.0,-0.0684873157100846,0.020807612433782506,0.3303106072608237,0.052490277783817624,0.8332573275880802,0.0433279057912531,0.6878091813173457,50.70557198455051,4.9300174459706625,8.602746950501958,0.5911577106655009,138.82674883427396,0.04993960547319151,139.94831390380858,154.91339654261748,124.98323126499967,0.21386585120410856,0.7063408700864483,144.71605704567438,145.16795839203476,-0.4519013463603869,-2.0565881667264434,1.6046868203660565,0.8253634803457922,-0.6149718311844505
2020-04-05 00:00:00-04:00,147.33051565835152,149.49630149094543,144.56628404497476,146.12413024902344,41243300.0,0.0,0.011990741210119473,-0.06922004485367539,-0.0684873157100846,0.02054715524119862,0.3261759775082936,0.052490277783817624,0.8332573275880802,0.0433279057912531,0.6878091813173457,50.70557198455051,4.9300174459706625,8.340409128749723,0.6116110494622361,139.71411206232636,0.043866938169439755,140.82270431518555,155.02921462922782,126.61619400114327,0.20176448653117257,0.6865843833794197,144.93268369234346,145.2387859369969,-0.30610224465343094,-1.706490982311841,1.40038873765841,0.7463375335176792,-0.5915940447677491
2020-04-06 00:00:00-04:00,152.28902386275382,158.15943933853654,149.68627471810913,156.99105834960938,67111700.0,0.07173238286718517,1.957888280355149,0.010887667357650788,0.0007872205880021799,0.032688934309203194,0.5189207448352717,0.040610233458646096,0.6446674704951121,0.04419011647063263,0.7014963515296395,59.328986955246535,12.035309089513106,8.604330554518537,1.0056226382383304,140.61234999151588,0.10432892503736818,141.71086654663085,157.61693156582854,125.80480152743317,0.22448617254010922,0.9803259569395771,146.78781825499976,146.10932463422745,0.6784936207723149,-1.22949406169501,1.907987682467325,1.9213038277583085,0.14131765864894802
2020-04-07 00:00:00-04:00,161.09462171690367,161.48408681671097,155.08171250963323,155.30020141601562,62769000.0,-0.010828823437468462,-0.30422191287599054,-0.009931566115416679,-0.00999166088953296,0.03469460284477267,0.5507597457805354,0.03752462210510803,0.5956849087907573,0.04400153563046359,0.6985027234989261,57.63938068679043,6.402374307077736,8.447047965415623,0.9540049658596201,141.76222309676425,0.08717296047148108,142.80753326416016,159.30479257682526,126.31027395149505,0.23104186362702703,0.8786285926373457,148.0974156643868,146.79013032176732,1.3072853426194797,-0.7221381808321121,2.029423523451592,1.514514370549383,0.05064082215362963
2020-04-08 00:00:00-04:00,157.37099056058554,158.3208969546214,155.30969542485835,156.85804748535156,48318200.0,0.009981213106590791,0.2676598353344873,-6.0697596307113244e-05,-0.002296305074319771,0.033005653259777584,0.5239485023075989,0.03586562504799506,0.5693491469573037,0.044025286109660194,0.6988797506677631,58.80345768913701,3.0206955386057643,8.059451363500633,0.7559755506646871,142.7496387901793,0.08994379900393576,143.87237701416015,161.13192688963622,126.6128271386841,0.23992861220020503,0.8761879818674364,149.44520517530447,147.5359019635143,1.90930321179016,-0.1958499023076577,2.105153114097818,1.5047519274697467,0.17778156825170918
2020-04-09 00:00:00-04:00,158.02645613418778,158.98585654320863,155.1482404127014,156.86756896972656,51385100.0,6.069943848080171e-05,-0.006966373441628037,0.0,-0.0492803392544352,0.03299914570712481,0.5238451981118216,0.035846319895137604,0.5690426871564063,0.04393696540538546,0.6974777029529889,58.81090786333921,3.8376161305072287,7.757891704001104,0.8255831467935713,144.16960844922426,0.08094700902104787,145.1922721862793,162.17143692613328,128.2131074464253,0.23388524036692526,0.8438124596330311,150.58710729752323,148.22713655656707,2.3599707409561574,0.31531422634510536,2.0446565146110522,1.375249838532124,0.20139018548272475
2020-04-10 00:00:00-04:00,158.02645613418778,158.98585654320863,155.1482404127014,156.86756896972656,51385100.0,0.0,-0.008612260728976452,0.0,-0.03921342863623467,0.03299914570712481,0.5238451981118216,0.034374137736593,0.5456725198998346,0.043935739593737685,0.6974582437963436,58.81090786333921,3.8376161305072287,7.477872020180113,0.8484020650216323,145.66807334321172,0.07139458907963446,146.51216735839844,162.76090567599297,130.2634290408039,0.22180735717118735,0.8186524827012273,151.55333217016988,148.86716858717148,2.686163582998404,0.7894840976757651,1.8966794853226387,1.2746099308049095,0.23268467671667006
2020-04-11 00:00:00-04:00,158.02645613418778,158.98585654320863,155.1482404127014,156.86756896972656,51385100.0,0.0,-0.008569525207316707,0.0,-0.06721648156272164,0.007361519387843053,0.11686049743087897,0.034374137736593,0.5456725198998346,0.043935739593737685,0.6974582437963436,58.81090786333921,3.8376161305072287,7.217853742346335,0.8725182583662724,147.2517272545141,0.06129910585321943,147.8320625305176,162.83474385272584,132.82938120830934,0.20296924855676934,0.801129719586653,152.37090706240934,149.4597908377311,2.9111162246782385,1.2138105230762597,1.6973057016019788,1.204518878346612,0.25888349227361
2020-04-12 00:00:00-04:00,158.02645613418778,158.98585654320863,155.1482404127014,156.86756896972656,51385100.0,0.0,-0.008527419534072204,-0.0022357431822498386,-0.07536390805906501,0.004457025296888933,0.07075308313615164,0.034374137736593,0.5456725198998346,0.043935739593737685,0.6974582437963436,58.81090786333921,3.8376161305072287,6.976408198643542,0.8934463227326659,148.92286220146377,0.050645948174259124,149.21702499389647,161.8999997596363,136.53405022815664,0.16999366883582634,0.8016068437073727,153.0627012019966,150.00851514380486,3.054186058191732,1.5818856300993542,1.4723004280923777,1.2064273748294918,0.2868503815775584
2020-04-13 00:00:00-04:00,156.1171895540331,157.27607701831892,154.1698777004756,157.2190704345703,41905300.0,0.0022382461874521525,0.05445190819450207,-0.04715001138869057,-0.07329202702655302,0.0009945350948143985,0.01578775518602965,0.03414219851117818,0.5419905988414632,0.04379804411022806,0.6952723957602039,59.177486051933116,3.1061993178433056,6.699964707157811,0.755284656737702,149.83208243722115,0.04698531785572031,150.03252182006835,162.56278630113883,137.50225733899788,0.16703397808773518,0.7867676346879473,153.70214262239253,150.5426303505282,3.1595122718643154,1.8974109584523466,1.2621013134119687,1.1470705387517899,0.34068988151241403
2020-04-14 00:00:00-04:00,160.53420617356386,165.04626226424094,159.58429962815816,164.99876403808594,52874300.0,0.04829779735999083,1.3436961884921566,0.010588726660292203,-0.02743560471251305,0.021371175893809418,0.33925689984022944,0.03060285456497664,0.48580525552563564,0.044168585211834116,0.7011545533924692,66.32170200477564,7.827191829670625,6.780480930194441,0.9729449635239714,151.28472713411858,0.08311599777075787,151.30444564819337,164.5053281331125,138.10356316327423,0.17449431083622305,1.0186895044909743,155.44008437865304,151.6134550681251,3.8266293105279487,2.2832546288674673,1.5433746816604814,2.0747580179638963,0.9616910281869294
2020-04-15 00:00:00-04:00,162.62399924309832,164.8752876336318,160.76219051302303,163.2699432373047,40940800.0,-0.010533058717759215,-0.31845129870323524,-0.029145966191782557,-0.018165129583595063,0.023068292864434917,0.36619779654060375,0.030629094287215216,0.48622179820272377,0.044184049745738606,0.701400045257586,63.65567746967384,4.236573525062909,6.598773258399332,0.7700961736147334,151.9280774024342,0.06946695521530036,152.0534454345703,166.20016971403854,137.90672115510208,0.18607568199506097,0.8964344529925342,156.64467804921483,152.47689863621247,4.167779413002364,2.660159585694447,1.5076198273079173,1.5857378119701355,0.8624343286631786
2020-04-16 00:00:00-04:00,165.5687281288851,168.3994458213664,164.23885015327437,168.1714630126953,50479600.0,0.029579147626046378,0.814452697348999,-0.008734530933815154,0.054939676833650974,0.024265323223894148,0.385200064398144,0.028613965831846746,0.4542326256861956,0.04434855574920517,0.704011497103684,67.62880637521576,5.129502584061726,6.493825353089503,0.9554179849586719,153.22912005768063,0.0888518342371005,153.35196838378906,168.42800890285085,138.27592786472727,0.1966201109506657,0.9914916025255051,158.41802958205798,153.63945896039638,4.778570621661601,3.0838417928878776,1.694728828773723,1.9659664101020218,1.27888582363968
2020-04-17 00:00:00-04:00,170.50821509765711,170.98316834305447,167.06004989785689,169.65330505371094,52765600.0,0.00877290053952689,0.22139328611189193,0.0,0.02927591491920678,0.023305685040331092,0.3699662805042864,0.02642373443898226,0.41946378021095937,0.04434816499369186,0.7040052940522141,68.74136257190631,3.923118445197588,6.310203431097223,1.0027429977921472,154.65031472197424,0.08843323345210909,154.7245834350586,170.50812828950578,138.94103858061143,0.20402116462729894,0.9729204293560839,160.14653350077384,154.82566978212338,5.3208637186504575,3.5312461780403943,1.7896175406100632,1.8916817174243354,1.4245803739370237
2020-04-18 00:00:00-04:00,170.50821509765711,170.98316834305447,167.06004989785689,169.65330505371094,52765600.0,0.0,-0.0292091267636242,0.0,0.04188512780626774,0.023647194691703947,0.3753875781514521,0.02642373443898226,0.41946378021095937,0.04434816499369186,0.7040052940522141,68.74136257190631,3.923118445197588,6.139697360675821,1.0068344323347311,156.08310702385597,0.07998782001658467,156.09719848632812,172.06866393172763,140.12573304092862,0.20463487622166868,0.924385182866472,161.60911373968725,155.92401313557434,5.685100604112904,3.9620170632548968,1.7230835408580072,1.6975407314658884,1.4623633577765904
2020-04-19 00:00:00-04:00,170.50821509765711,170.98316834305447,167.06004989785689,169.65330505371094,52765600.0,0.0,-0.029074738698941848,0.02022164937622173,0.02320252553911306,0.015066982522490321,0.23918093257599626,0.02642373443898226,0.41946378021095937,0.04434816499369186,0.7040052940522141,68.74136257190631,3.923118445197588,5.981370295284519,1.0171742713064889,157.01042161287154,0.07452188117901244,156.96968688964844,173.92193760417166,140.01743617512523,0.21599394189326312,0.8740983535949085,162.84668163415245,156.94099772210296,5.905683912049483,4.350750433013814,1.554933479035669,1.4963934143796351,1.5056066686723835
2020-04-20 00:00:00-04:00,167.781994358711,169.795791556013,166.22414823554044,166.29063415527344,36669600.0,-0.02001990699925661,-0.6028936874172737,0.043141236411697426,0.0029217926954538953,0.017926746459343935,0.28457827768759036,0.023296742877796747,0.3698243280747925,0.044415867350588244,0.7050800356493387,62.63968426332763,3.5716433204725604,5.809246939940807,0.7361627694315866,157.91525443690793,0.05036591363615235,157.79372940063476,174.88225584868053,140.705202952589,0.21659322601671174,0.74861431968613,163.37652048355568,157.63356338381928,5.742957099736401,4.629191766358332,1.113765333378069,0.9944572787445198,1.2596865541142503
2020-04-21 00:00:00-04:00,164.8088082997189,164.97029069532127,157.7889985432716,159.41334533691406,56203700.0,-0.04223658047682648,-1.23141718315756,-0.03284927564460283,-0.03855608647453579,0.020552313593551436,0.3262578638132959,0.025076559509768878,0.3980780411997614,0.044696097810262556,0.70952855628584,52.39618345253757,8.501635612001849,6.001560416516596,1.1303246955664827,158.782490265742,0.003957354196656257,158.53988037109374,174.4448086585632,142.63495208362428,0.20064261749461207,0.5274589407142587,162.7668012302262,157.76539908404854,5.001402146177668,4.7036338423221995,0.2977683038554684,0.10983576285703447,0.6919906203347646
2020-04-22 00:00:00-04:00,162.80451385139472,165.28377099611347,162.2630745524747,164.82781982421875,34620200.0,0.03340092767562064,0.9437846443002438,0.012250566348917857,-0.0030447213170916587,0.027990260404052808,0.4443316089663721,0.024231418192505964,0.3846618387106622,0.0449111928008195,0.7129430834054568,58.192789305530354,5.870425659199412,5.992193648136798,0.7069245844264107,159.5687576266067,0.03190639907280579,159.40714645385742,174.65127564599237,144.16301726172247,0.19126029831476307,0.6777954418399337,163.08388101391736,158.28854136109817,4.7953396528191945,4.721975004421599,0.07336464839759582,0.7111817673597339,1.1865980783390733
2020-04-23 00:00:00-04:00,165.38827470051632,166.29068326802962,162.34857581784783,162.83302307128906,32790800.0,-0.012176135425079719,-0.37056300123239133,-0.017931537526110652,0.0094814257044733,0.027892138890285394,0.44277397822420944,0.02432109174361859,0.38608536220320644,0.044896655848002585,0.7127123164336114,55.5109209554213,3.942107450181794,5.84575891971144,0.6753978086666729,160.25004898255509,0.015862716542473933,160.2425910949707,174.19861421693318,146.2865679730082,0.17418618891017804,0.5928069534451339,163.04528748428223,158.6251696359271,4.420117848355119,4.661603573208303,-0.24148572485318454,0.37122781378053593,1.0336802491426909
2020-04-24 00:00:00-04:00,163.44091045280888,165.81567670835807,162.1585453714661,165.80618286132812,34277600.0,0.018094255670962536,0.5042321206075956,0.0,-0.016231766547345705,0.03029349151112496,0.4808942692936975,0.024267873006013675,0.38524054093445803,0.04478371017046325,0.7109193593870388,58.57523068845543,3.657131336891979,5.689428378081479,0.7111230608066272,161.05193417019768,0.028673530800155108,161.22669372558593,173.6864286090629,148.76695884210898,0.15456168697081768,0.683771532001661,163.47004061921237,159.15709654151237,4.312944077699996,4.591871674106642,-0.2789275964066462,0.7350861280066431,1.2881821349296165
2020-04-25 00:00:00-04:00,163.44091045280888,165.81567670835807,162.1585453714661,165.80618286132812,34277600.0,0.0,-0.02201573993641805,0.0,-0.026003334236553655,0.029040956694387846,0.46101089549247987,0.024267873006013675,0.38524054093445803,0.04478371017046325,0.7109193593870388,58.575230688455434,3.657131336891979,5.544264303710801,0.7162986915558186,161.86549177254096,0.023766852482714446,162.21079635620117,172.58210146536646,151.83949124703588,0.127874412087723,0.6733333687170022,163.82944711799942,159.64962145409132,4.179825663908105,4.509462472066935,-0.32963680815883034,0.6933334748680093,1.2671418152844134
2020-04-26 00:00:00-04:00,163.44091045280888,165.81567670835807,162.1585453714661,165.80618286132812,34277600.0,0.0,-0.021920607104463145,0.002872873148179078,-0.00011492959343173403,0.017903106056473675,0.28420299792626186,0.024267873006013675,0.38524054093445803,0.04478371017046325,0.7109193593870388,58.575230688455434,3.657131336891979,5.40946909179517,0.7417455286307746,162.36558719826547,0.020750707866788006,162.65155258178712,172.83641931399615,152.46668584957808,0.1252354074774381,0.6548685104324773,164.13356030928077,160.10566303981255,4.0278972694682125,4.413149431547191,-0.38525216207897817,0.6194740417299087,1.2525763547723865
2020-04-27 00:00:00-04:00,167.7439630875399,168.03843174434013,164.61877749496904,165.33120727539062,33194400.0,-0.0028687543347829404,-0.10565175227164396,0.02496888951532905,-0.0029792437522331294,0.010977595218414356,0.17426392164873697,0.019071006377179935,0.3027428407544699,0.04443459032806434,0.7053772537025653,57.781135789859945,3.419654249371092,5.26733946019345,0.7420504771105313,162.97132010204695,0.014273694677695287,163.15310287475586,172.78672607207886,153.51947967743286,0.11809304300780887,0.6130469998681295,164.31781368868226,160.4927403905961,3.825073298086153,4.295534204854984,-0.4704609067688308,0.4521879994725176,1.1745808210300097
2020-04-28 00:00:00-04:00,166.7940935372614,166.87008780328102,160.90467561776978,161.3036346435547,34392700.0,-0.024662260437387756,-0.7430379708238026,-0.0429464754309038,-0.027267299089222097,0.015215522050969724,0.24153892448931202,0.019778917544437717,0.31398058214780716,0.04449534577725346,0.7063417165586439,51.41592449443955,5.965412185511241,5.31720179771615,0.7809942850421248,163.2415766419118,-0.012014248796312164,163.37538223266603,172.59363019596938,154.15713426936267,0.11284745397168186,0.38762790948135173,163.8540938355857,160.552806631556,3.3012872040297054,4.096684804689929,-0.7953976006602232,-0.4494883620745926,0.8092056512952749
2020-04-29 00:00:00-04:00,164.54281734751044,168.779392536246,163.26994602134675,168.5419158935547,51286600.0,0.04389595955389574,1.2673083965064027,-0.009932794490541186,-0.007884067843438536,0.024948696473615306,0.39604827842652135,0.02176472170499335,0.34550424591565265,0.04481079430365362,0.7113493066724235,59.954043081522485,7.47575789269132,5.471384375928663,1.1647536135248464,163.92217646358674,0.027410032723762436,163.95909957885743,172.9170524874587,155.00114667025616,0.10927057945073518,0.7557959592697185,164.57529722911937,161.14459250281516,3.4307047263042136,3.963488789012786,-0.5327840627085725,1.0231838370788755,1.390745349969906
2020-04-30 00:00:00-04:00,170.98322333626544,171.3631802570195,167.4020706557273,170.23280334472656,53875900.0,0.009982453804551178,0.267278592104975,0.026579561874403135,-0.00857479177752729,0.025020613541534596,0.39718992648693363,0.021795794873092654,0.34599751716707866,0.043817449150033466,0.6955804412172425,61.64956147007549,3.9611096012922076,5.3635076063117735,1.2201074423951888,164.71763066754065,0.03239782561776607,164.62736129760742,173.34879828147677,155.90592431373807,0.10595367519865732,0.8213600039469775,165.4456827853666,161.8177933059197,3.6278894794469068,3.8963689270996102,-0.2684794476527035,1.2854400157879118,1.4827679214922753
2020-05-01 00:00:00-04:00,166.99362242300225,169.69135432231735,165.29328109253808,165.8252410888672,39370500.0,-0.026232462387932618,-0.7980624972671236,0.0,-0.043661143394293056,0.028857845256101855,0.4581040915249834,0.022760473201920893,0.3613113108865961,0.043867957664424195,0.6963822390262576,55.100651771174164,4.939522252188482,5.33322293816011,0.9039062511658853,165.2307446394891,0.003585078155016754,165.07524490356445,173.0026788692957,157.1478109378332,0.09604630870440178,0.5473038431190232,165.50407637052055,162.11464128984173,3.3894350806788225,3.794982157815453,-0.4055470771366303,0.18921537247609344,1.1098333512440197
2020-05-02 00:00:00-04:00,166.99362242300225,169.69135432231735,165.29328109253808,165.8252410888672,39370500.0,0.0,-0.021138877167510065,0.0,-0.04918271882859204,0.02881446398986796,0.4574154352728996,0.022760473201920893,0.3613113108865961,0.043867957664424195,0.6963822390262576,55.10065177117415,4.398073229779271,5.266426530418621,0.9165474048849703,165.75821043738512,0.0004042246586944419,165.52312850952148,172.4466893463081,158.59956767273488,0.08365671793580604,0.5218177168127492,165.55348632718926,162.389500534214,3.163985792975268,3.668782884847416,-0.504797091872148,0.08727086725099699,1.086291482969636
2020-05-03 00:00:00-04:00,166.99362242300225,169.69135432231735,165.29328109253808,165.8252410888672,39370500.0,0.0,-0.021052744266027667,-0.02387567647046407,-0.054743109424550074,0.025307049467681555,0.40173695584976954,0.022760473201920893,0.3613113108865961,0.043867957664424195,0.6963822390262576,55.10065177117415,4.398073229779271,5.204401294658667,0.9192596936361396,166.17904513866412,-0.0021335958716159993,165.95343704223632,171.66814811326122,160.2387259712114,0.06887125898538002,0.4887836889935594,165.59529475206278,162.64399983455868,2.9512949175041,3.5252852913787533,-0.5739903738746532,-0.04486524402576232,1.0757383418358275
2020-05-04 00:00:00-04:00,165.74918687198553,170.03325987772834,165.09374908184083,169.8812713623047,30372900.0,0.02416532001576448,0.6963247100643042,-0.010622092074660472,-0.03162244010319648,0.018433825751483845,0.29262791189954757,0.023238838718388017,0.36890512804076203,0.043220465364241435,0.6861036174135811,59.98612265742136,4.939510795887514,5.185480544746443,0.7283072621270944,166.38868490541262,0.020558984689038814,166.19756240844725,172.152651704391,160.24247311250352,0.071662775429985,0.8092908242674517,166.25467576902307,163.18009402179914,3.074581747223931,3.435144582547789,-0.3605628353238579,1.2371632970698083,1.3716546933008509
2020-05-05 00:00:00-04:00,171.57215279474113,174.45036909184662,170.88821877419855,171.70513916015625,36839200.0,0.010678909197330647,0.2914790202760082,-0.009750895705033402,-0.02122581054247763,0.018515610781670418,0.2939262090045971,0.020967073357369595,0.3328419709466883,0.042766652348824465,0.6788995591304753,61.98899205077413,4.569097729541937,5.141453200803264,0.8877271823074347,166.7785050035768,0.02869240944491574,166.61932220458985,172.88794904380873,160.35069536537097,0.07524489664556085,0.9056563810552274,167.09320859842816,163.81157884686263,3.281629751565532,3.4044416163513374,-0.12281186478580519,1.6226255242209089,1.4666038718671837
2020-05-06 00:00:00-04:00,172.95895572230177,174.97275261332638,172.5315007494135,173.39590454101562,32139300.0,0.00979874700466393,0.2639138363669792,-0.005773660032905581,-0.022491512145960235,0.009942562180528008,0.15783328154683915,0.020833389645855002,0.33071980781664206,0.04255179652008129,0.6754888285869526,63.79803474056993,3.267613453170128,5.0076075045437545,0.7919727598806544,166.9539091375928,0.037151946699519725,166.88054428100585,173.82093224596275,159.94015631604896,0.08317791621376974,0.969380119159537,168.06285412805698,164.52152889828136,3.541325229775623,3.4318183390361945,0.10950689073942854,1.8775204766381457,1.5418139724166116
2020-05-07 00:00:00-04:00,174.94428648306186,175.3052556080261,173.4339385566434,174.40284729003906,28316000.0,0.005790392042365474,0.1424879707119571,-0.0058480117116798125,0.0059721998519601804,0.008928058987856284,0.1417285426342966,0.019935626282527968,0.3164682562433525,0.04241983714634919,0.6733940384705988,64.8703425281775,1.9093510670104763,4.786303473291377,0.7194317718713255,167.04091486181275,0.042212226134032756,167.11802139282227,174.74859165403768,159.48745113160686,0.09131953810390367,0.9773447886486305,169.03823769143884,165.25347840878194,3.7847592826568928,3.5024065277603342,0.28235275489655853,1.909379154594519,1.5592158487151642
2020-05-08 00:00:00-04:00,175.7137316135177,175.7327338053412,174.1748874476006,175.4287567138672,30877800.0,0.005865178291795372,0.14417316595533744,0.0,0.027426918625142793,0.0075505119627354055,0.11986066154769645,0.019894337679640873,0.31581281999202915,0.04224543853997404,0.6706255464218095,65.97610110236465,1.5578463577406012,4.555699393609179,0.806957894337956,167.19922599294065,0.04691095619146009,167.40679397583008,175.83662169674244,158.97696625491773,0.10071070021362982,0.9758082254834557,170.0213944641201,166.00720272767714,4.014191736442967,3.604763569496861,0.4094281669461064,1.9032329019338246,1.5711025317409526
2020-05-09 00:00:00-04:00,175.7137316135177,175.7327338053412,174.1748874476006,175.4287567138672,30877800.0,0.0,-0.03391763058852662,0.0,0.022988025053416683,0.004227134117232883,0.06710367379628857,0.019894337679640873,0.31581281999202915,0.04224543853997404,0.6706255464218095,65.97610110236465,1.5578463577406012,4.341567033904281,0.8307169802792893,167.3668593645382,0.04595539237890369,167.6955665588379,176.8167594658594,158.5743736518164,0.10878275549188397,0.9239133101261496,170.85329634869657,166.70509561554306,4.148200733153516,3.713451002228192,0.4347497309253239,1.6956532405046005,1.5124069891220018
2020-05-10 00:00:00-04:00,175.7137316135177,175.7327338053412,174.1748874476006,175.4287567138672,30877800.0,0.0,-0.033786790409503845,-0.011031436091828883,0.008298783207630445,0.00423930574402346,0.06729689238152231,0.019894337679640873,0.31581281999202915,0.04224543853997404,0.6706255464218095,65.97610110236465,1.5578463577406012,4.142729842749732,0.837239872485356,167.75785004592967,0.043726620490442944,168.15247268676757,177.8731494115769,158.43179596195824,0.11561741043103047,0.8742683885643955,171.55721332795358,167.35129273393744,4.205920594016135,3.8119449205857805,0.39397567343035433,1.4970735542575802,1.454504798172276
2020-05-11 00:00:00-04:00,173.97539842652998,178.11699203070202,173.69043802497885,177.3855743408203,30892700.0,0.011092733599515023,0.3046655236455724,0.02317685298381167,0.019545837961796098,0.004676553986025961,0.07423799303875515,0.01935543499554678,0.3072580050941601,0.04123071512052107,0.6545173115174956,68.34945740873417,4.426554005723176,4.163002997247835,0.867408939848805,168.83382949167722,0.04820992282445793,169.05108413696288,178.69268980683108,159.4094784670947,0.11406736276304151,0.9322148451841508,172.45388425301002,168.0945728529658,4.35931140004422,3.921418216477469,0.437893183566751,1.7288593807366042,1.5472556954215435
2020-05-12 00:00:00-04:00,177.4425699136979,177.67053823942587,173.16798987319115,173.36746215820312,32038200.0,-0.022912348845034628,-0.7361148752129225,0.015354613300885278,-0.00354876579882224,0.012993591889983072,0.2062668766701657,0.017460029898700925,0.27716938197428953,0.04056647387079888,0.6439728085736016,59.21528733305616,4.50254836623472,4.1872562378897555,0.9028451364516868,169.23390237429066,0.023842765721173564,169.47806625366212,179.088494172282,159.86763833504224,0.11341205538934702,0.702352899240076,172.59443469996282,168.48515724594634,4.109277454016478,3.958990063985271,0.1502873900312074,0.8094115969603045,1.2142785356503139
2020-05-13 00:00:00-04:00,173.4054691701278,174.83032920522427,167.69652068640866,170.7457275390625,44711500.0,-0.015237924187548326,-0.49747138952649694,-0.004320398357545718,-0.027905390020881327,0.01354434119676395,0.2150097508730662,0.016567556359514186,0.2630018037559269,0.04015549334711589,0.6374486950174639,54.13205573364255,7.133808518815613,4.397724257955888,1.2391685516168722,169.61842518208914,0.006602228783238281,169.8737014770508,178.97004388068095,160.77735907342063,0.10709535760435569,0.5479327856910765,172.31001821367045,168.65260689728828,3.6574113163821664,3.89867431446465,-0.24126299808248364,0.191731142764306,0.9952709234751096
2020-05-14 00:00:00-04:00,168.64639240959448,171.63860655955162,166.87956575262888,171.4866180419922,41873900.0,0.004329758247226289,0.10632895620801998,-0.014359153270654623,-0.016881986267109905,0.014103680377874406,0.2238889851035829,0.016266135047283813,0.25821688876382903,0.037967130789300925,0.6027095163789222,55.299846542360854,4.759040806922741,4.423532582882092,1.1484361522662017,169.90489455989112,0.009223597153882582,170.157723236084,179.0722269629033,161.2432195092647,0.10477930190040151,0.5745355460400005,172.18334126418148,168.8625336487478,3.320807615433665,3.783100974658453,-0.462293359224788,0.2981421841600015,1.0159590162145575
2020-05-15 00:00:00-04:00,170.09027099782256,177.68952368706329,168.13346574945095,173.98489379882812,46610400.0,0.014463243545665085,0.41856771804398896,0.0,-0.016205472654801767,0.01654154244403542,0.2625888456500237,0.016110252254186566,0.2557423261385723,0.03423614048728076,0.5434818814800876,59.08281367080651,9.556057937612337,4.7901415367913955,1.2570799478185495,170.35079459773698,0.02088744098262411,170.566658782959,179.39056834203117,161.74274922388682,0.10346581942840705,0.6936916393456639,172.46050319258865,169.24196773393894,3.2185354586497112,3.670187871456705,-0.45165241280699364,0.7747665573826548,1.1671198605888482
2020-05-16 00:00:00-04:00,170.09027099782256,177.68952368706329,168.13346574945095,173.98489379882812,46610400.0,0.0,-0.03098654779685039,0.0,-0.004245174062965429,0.015084441434084264,0.23945808420543285,0.016110252254186566,0.2557423261385723,0.03423614048728076,0.5434818814800876,59.08281367080651,9.556057937612337,5.130564136850034,1.2365157667008446,170.78210595464085,0.018408424859519858,170.975594329834,179.62696098244518,162.3242276772228,0.10120001847657373,0.6739204677035536,172.69502482431778,169.5932955905974,3.101729233720391,3.5564961439094422,-0.454766910189051,0.6956818708142146,1.130599717059917
2020-05-17 00:00:00-04:00,170.09027099782256,177.68952368706329,168.13346574945095,173.98489379882812,46610400.0,0.0,-0.03087315369663165,-0.009464073173149234,-0.004679256825251055,0.010695779991778395,0.16979024361663664,0.016110252254186566,0.2557423261385723,0.03423614048728076,0.5434818814800876,59.08281367080651,9.556057937612337,5.4466708369044845,1.2148960987338968,171.21246706272711,0.01593487041068438,171.40827865600585,179.7303691335306,163.0861881784811,0.09710255003757541,0.6548057636348029,172.8934662050117,169.91859916157745,2.9748670434342444,3.4401703238144026,-0.4653032803801582,0.6192230545392114,1.10205744993861
2020-05-18 00:00:00-04:00,176.44515011723627,176.87260518633394,174.74482368880803,175.64723205566406,35264500.0,0.009509142096122889,0.2659442481527493,0.0069704555836513915,0.004830532864392056,0.006287959406715395,0.0998182610654291,0.016138374311157718,0.25618874995317986,0.027273505669200372,0.4329534802896866,61.771521681312,2.887711387505817,5.263888019090294,0.9181230398647829,171.85968108780057,0.02156339683544338,172.12545852661134,179.15246819340254,165.09844885982014,0.0816498585037006,0.750588350952198,173.31712248972744,170.3429423389172,2.9741801508102412,3.3469722892135705,-0.37279213840332925,1.0023534038087905,1.1930817226521082
2020-05-19 00:00:00-04:00,175.76122950334033,177.25258992843055,174.29837961314254,174.43136596679688,26799100.0,-0.006946274262979789,-0.250297812159323,-0.0136809036197022,-0.0021251097362323668,0.008512964079351142,0.1351391152439343,0.015053068623273831,0.23896005627343195,0.025602340561476738,0.4064245566410954,58.73161100608539,2.954210315288009,5.098911040247274,0.7206971957617817,172.18114937027968,0.012900297971326564,172.41993103027343,179.3068485789855,165.53301348156137,0.07988539964678283,0.6460330345394948,173.48854456312273,170.64578853357494,2.842756029547786,3.2461290372804137,-0.40337300773262763,0.5841321381579799,1.0822415546009607
2020-05-20 00:00:00-04:00,176.04117015118126,177.0318325808868,175.21245438645676,176.85084533691406,31261300.0,0.013775349574930268,0.40155754590582393,0.012157313605018372,0.011716080450919542,0.008292274956814054,0.13163578403219314,0.012198462485591916,0.19364458868536222,0.02492644283869346,0.3956950129238988,62.66862837247443,2.6004666140899246,4.920450724093178,0.8670631896641269,172.52916627059645,0.024436858405084198,172.7508331298828,179.82860126416284,165.67306499560277,0.08194192764278724,0.7896401894810247,174.00582160524448,171.10542237085932,2.900399234385162,3.176983076701364,-0.2765838423162017,1.1585607579241,1.2544306412940722
2020-05-21 00:00:00-04:00,176.6031677448123,177.81291307895333,174.5932820706001,174.7266387939453,29119500.0,-0.012084007010752885,-0.4147657420536946,-0.00043593337534375554,0.010244053452866497,0.010849404703338653,0.17222896030877147,0.012450639741389028,0.1976477785162375,0.024965675624824504,0.39631781409595634,57.48357657947968,3.2196310083532182,4.798963601540324,0.8193055562784939,172.99049243944708,0.009936357538163739,173.1959030151367,179.51926899455418,166.87253703571923,0.07301981016103867,0.6210380502877062,174.1167165573523,171.37366062442123,2.743055932931071,3.0901976479473054,-0.34714171501623436,0.4841522011508251,1.0721565642993012
2020-05-22 00:00:00-04:00,174.49803205422208,175.70777736396283,173.878864430985,174.80284118652344,20826900.0,0.00043602842192121214,-0.017447667779105926,0.0,0.009350333993993765,0.010842606278435323,0.1721210386591645,0.010752608271853674,0.17069236459572493,0.024376937075441835,0.3869718793625356,57.61904255283082,1.828912932977829,4.586817125214432,0.6016812893900981,173.4525027071347,0.007724922948751502,173.64478302001953,178.95919787814958,168.33036816188948,0.06121018743784949,0.6089544378279291,174.2222741926094,171.62767399939176,2.5946001932176443,2.9910781570013736,-0.39647796378372924,0.4358177513117168,1.0783112496811698
2020-05-23 00:00:00-04:00,174.49803205422208,175.70777736396283,173.878864430985,174.80284118652344,20826900.0,0.0,-0.03122251383061714,0.0,0.01163176885806716,0.009741405988232926,0.1546400259898783,0.010752608271853674,0.17069236459572493,0.024376937075441835,0.3869718793625356,57.61904255283082,1.828912932977829,4.389823968626103,0.6182414305677284,173.93994489498783,0.004936397404518452,174.09366302490236,177.94129449398142,170.2460315558233,0.04420185550956782,0.5921577556634895,174.3115921916731,171.8628715688089,2.4487206228641867,2.8826066501739365,-0.4338860273097498,0.3686310226539571,1.053379243356189
2020-05-24 00:00:00-04:00,174.49803205422208,175.70777736396283,173.878864430985,174.80284118652344,20826900.0,0.0,-0.03111381740180278,0.0,0.001418837362827885,0.00915243766258031,0.14529044367125274,0.010752608271853674,0.17069236459572493,0.024376937075441835,0.3869718793625356,57.61904255283082,1.828912932977829,4.206901751794083,0.6271268991817983,174.15259926684544,0.0037198589866405804,174.3397415161133,177.64421600408429,171.0352670281423,0.03790844771518234,0.570071606256294,174.38716896011164,172.08064709604702,2.306521864064621,2.7673896929520736,-0.4608678288874528,0.2802864250251776,1.0337479304169084
2020-05-25 00:00:00-04:00,174.49803205422208,175.70777736396283,173.878864430985,174.80284118652344,20826900.0,0.0,-0.031006248291492542,0.010684644621404393,0.001418837362827885,0.005456149401809518,0.0866136865992109,0.009544485191277657,0.1515140052495566,0.02431228313245558,0.38594552983600733,57.61904255283082,1.828912932977829,4.037045407592922,0.6426189183943799,174.31259137376637,0.0028045872105359527,174.49462661743163,177.56096041792935,171.42829281693392,0.03514530917012657,0.5502578305469832,174.45111853340578,172.28229110274896,2.168827430656819,2.6476772404930227,-0.47884980983620373,0.2010313221879327,1.0024364488650555
2020-05-26 00:00:00-04:00,177.49854249710228,177.65095431086615,172.5071791420549,172.9548797607422,36073600.0,-0.010627967167597748,-0.3715825654018673,-0.0013202047092646385,-0.00916785201782433,0.00480543140157905,0.07628385858575236,0.009636370754702807,0.15297264334895658,0.021988971538695008,0.34906410166478574,52.19452096394217,5.14377516881126,4.116097533394232,1.1063442834743473,174.28266467668146,-0.007677059576324602,174.47257537841796,177.57826859453422,171.3668821623017,0.0356009328042559,0.2556591214805047,174.220927952996,172.33211248482252,1.8888154681734761,2.4959048860291135,-0.6070894178556374,-0.9773635140779798,0.8031089947400128
2020-05-27 00:00:00-04:00,171.64990779458807,173.3549844144041,168.2207285103278,173.1835174560547,39517100.0,0.0013210769472748105,0.014076321631151818,0.0022603003013292877,-0.005578953916570262,0.004933945918368019,0.07832396329346383,0.009395093107964336,0.14914247944782325,0.0219288017832133,0.3481089364080728,52.78676241812393,5.134255904076298,4.188823131300094,1.1914878348968738,174.21205328653633,-0.005938993765631507,174.41160888671874,177.57048241124215,171.25273536219532,0.036223202626094915,0.3056124404586069,174.06132633808195,172.39517951972863,1.666146818353326,2.329953272493956,-0.6638064541406301,-0.7775502381655711,0.806506134851302
2020-05-28 00:00:00-04:00,172.16428012121764,175.41247189302518,171.82136076722483,172.79295349121094,33810200.0,-0.0022577496653489178,-0.10149788061763308,-0.010095502938551992,-0.01898221960559554,0.0048230743522798564,0.07656393174543859,0.00930833081381389,0.14776517072682616,0.020676607162412396,0.3282309630499206,51.61054238482499,3.591111125800353,4.146129416621541,1.0149311976177324,174.08365043089475,-0.007469615592567917,174.27981872558593,177.4796829295926,171.07995452157925,0.0367209953212661,0.2676674478071245,173.86619205394794,172.42464425835695,1.441547795590992,2.1522721771133635,-0.7107243815223714,-0.9293302087714983,0.7480140254581745
2020-05-29 00:00:00-04:00,174.05984460970063,175.52678301222977,171.84993125203522,174.55517578125,42130400.0,0.010146808121499897,0.3005623002807706,0.0,-0.011383269463040135,0.007455736543758949,0.11835614841361451,0.009498332698659616,0.15078135714243812,0.019901177559260713,0.31592139971485944,56.3379285964035,3.676851760194552,4.112609584019613,1.2436860580072342,174.05166800120492,0.0028845193377483817,174.23613967895508,177.39353626522816,171.078743092682,0.036242728886106544,0.5505220192613655,173.97218955045594,172.58246140820088,1.389728142255052,1.9997633701417012,-0.6100352278866492,0.2020880770454621,0.9107075689958195
2020-05-30 00:00:00-04:00,174.05984460970063,175.52678301222977,171.84993125203522,174.55517578125,42130400.0,0.0,-0.03014851397957602,0.0,0.0018040910068939375,0.007455736543758949,0.11835614841361451,0.009498332698659616,0.15078135714243812,0.019901177559260713,0.31592139971485944,56.3379285964035,3.676851760194552,4.081484025174966,1.223367402228813,174.02073059405214,0.0030617550284937956,174.1924606323242,177.30423011284762,171.0806911518008,0.03572794676908041,0.5582811726890479,174.06187973980886,172.72858839879711,1.3332913410117442,1.86646896431571,-0.5331776233039658,0.23312469075619194,0.8849627761913075
2020-05-31 00:00:00-04:00,174.05984460970063,175.52678301222977,171.84993125203522,174.55517578125,42130400.0,0.0,-0.03004843597133209,0.002297118394733122,-0.021100385479254524,0.004817547977878533,0.07647620327153218,0.009498332698659616,0.15078135714243812,0.019901177559260713,0.31592139971485944,56.3379285964035,3.676851760194552,4.0525817205335075,1.2037276058576662,173.90439795567076,0.003728206984791935,174.0509407043457,176.78589181516352,171.31598959352786,0.03142701900662058,0.5921835631558194,174.1377714384921,172.8638911678677,1.273880270624403,1.7479512255774488,-0.47407095495304574,0.3687342526232759,0.8715673016381845
2020-06-01 00:00:00-04:00,173.87887257152337,174.317052979787,172.85012898389996,174.15512084960938,22622400.0,-0.002294484051767297,-0.10501017815043014,-0.011248626473108647,-0.023343880217336133,0.005173488985116577,0.08212659159090242,0.009142437847553302,0.14513170152894408,0.01810312864563398,0.2873782580913423,54.81941829974414,1.705046797350036,3.884900654591831,0.6551680746314238,173.93752128298974,0.0012494583309298542,174.090323638916,176.80645435304442,171.3741929247876,0.031203695384724412,0.5119282202355574,174.140440578664,172.9595378109597,1.1809027677043105,1.634541534002821,-0.45363876629851063,0.04771288094222938,0.8060305052069732
2020-06-02 00:00:00-04:00,175.50772569531836,176.22213977548927,172.74533039924086,176.13641357421875,30794600.0,0.011312370746354472,0.3418364358766068,-0.0024277164117501027,-0.012232856578578977,0.006378381427575676,0.10125366614687029,0.007996271454206295,0.126936874101568,0.01799086621733974,0.28559614729028565,60.4981117129369,3.4768093762484114,3.8557512775673013,0.9101858493892557,174.24849277016182,0.010718515074461974,174.35985794067383,176.72583053128844,171.99388535005923,0.027138959833514303,0.8754387604894915,174.4475133472109,173.19486194157147,1.2526514056394262,1.5581635083301424,-0.30551210269071616,1.5017550419579735,1.0469129348613064
2020-06-03 00:00:00-04:00,176.0506917214427,177.11754545638277,174.86952184719328,176.5650634765625,27311000.0,0.002430668093436415,0.04832593142868134,0.013339204226062051,-0.0159270848207137,0.005313394748189672,0.0843475267273592,0.007109823877071042,0.11286495506519424,0.017294644764533466,0.27454397436096467,61.62198633566983,2.248023609189488,3.7409135869688863,0.824977008874597,174.5187199820522,0.011589741788198833,174.61378021240233,176.76136482681807,172.4661955979866,0.024598111464093915,0.9542971790406097,174.77329029018807,173.44450649971895,1.3287837904691173,1.5122875647579375,-0.18350377428882014,1.8171887161624447,1.108535722192147
2020-06-04 00:00:00-04:00,175.5553560250542,177.02227987283794,173.65025181324634,174.24082946777344,28761800.0,-0.01325102037737758,-0.4694670312737093,-0.022863229140068442,-0.03624868243271473,0.008861183625068788,0.140666929161659,0.00777570191843701,0.12343544127091303,0.017272327145657438,0.2741896931445581,52.84291494588824,3.3720280595915995,3.7145646207276517,0.8928704749845053,174.54493511177802,-0.0017453179311271868,174.6265769958496,176.76139548658173,172.49175850511747,0.024450098346517648,0.4096533195325952,174.69137324058582,173.50349338624153,1.1878798543442883,1.4474060226752077,-0.25952616833091935,-0.36138672186961884,0.783568107684798
2020-06-05 00:00:00-04:00,173.95505869036717,178.82260047028618,173.37400133185187,178.3177490234375,39893600.0,0.023128646092369236,0.7354802445149101,0.0,-0.04897370789212441,0.013772301482373404,0.21862850822019744,0.008712791471014046,0.13831127674480678,0.01739389000900406,0.2761194437750147,62.84276069147505,5.448599138434304,3.8384242291352697,1.2514895192897553,174.82196158923026,0.019604259549887933,174.84321975708008,177.51558119405925,172.1708583201009,0.03056865963337945,1.1500859536210446,175.24927720717838,173.86010491492272,1.3891722922556653,1.4357592765912992,-0.04658698433563391,2.6003438144841744,1.3741823164849614
2020-06-06 00:00:00-04:00,173.95505869036717,178.82260047028618,173.37400133185187,178.3177490234375,39893600.0,0.0,-0.033945579546354944,0.0,0.0049925276341658,0.013535273654319384,0.21486580809920114,0.008712791471014046,0.13831127674480678,0.01739389000900406,0.2761194437750147,62.84276069147505,5.448599138434304,3.9534367226566296,1.2648150164919976,175.10488746175267,0.018017620675901107,175.05986251831055,178.1144241731095,172.0053008635116,0.03489733866870214,1.0332821650544437,175.72134979429515,174.1903007748127,1.5310490194824524,1.45481722516953,0.07623179431292249,2.1331286602177704,1.3516890143811175
2020-06-07 00:00:00-04:00,173.95505869036717,178.82260047028618,173.37400133185187,178.3177490234375,39893600.0,0.0,-0.03383787016458606,-0.006158615670898926,-0.0028764642561431852,0.013097071611559468,0.20790956632434177,0.008712791471014046,0.13831127674480678,0.01739389000900406,0.2761194437750147,62.84276069147505,5.448599138434304,4.0602340380693205,1.255601147029303,175.27649351847472,0.01705525962288277,175.19338836669922,178.57231333595138,171.81446339744707,0.03857365852391288,0.9623305763178547,176.1207958295478,174.49603768211824,1.62475814742956,1.488805409621536,0.13595273780802408,1.8493223052714265,1.3252362501962953
2020-06-08 00:00:00-04:00,177.1175700198365,179.60373200642374,175.688741626046,179.42274475097656,33211600.0,0.006177658168262512,0.17247216480814617,-0.007586756884244261,0.0033024901825469133,0.013201636673508136,0.2095694852227952,0.008582746094867436,0.1362468703981801,0.015025099751683303,0.23851606420135413,65.33141712548615,3.9149903803777306,4.0498594910913495,1.0348505996687454,175.52631687665323,0.021716465656186706,175.4429573059082,179.2898280897542,171.59608652206222,0.04385323689156076,1.0172759456569895,176.62878797130608,174.86097894647813,1.7678090248279545,1.5446061326628198,0.22320289216513478,2.0691037826279577,1.4796869718987242
2020-06-09 00:00:00-04:00,179.07979116522557,181.65167887606577,178.3748973930078,180.7943878173828,29783900.0,0.007615682719312838,0.22005193225643416,-0.035764991306167726,0.010972492701330383,0.009466384331963293,0.1502741925439991,0.008495370836751009,0.13485983117588324,0.014948221124866533,0.23729565383519424,68.18034930368901,3.2767814830579596,3.9946396333746788,0.930186873433853,175.7066726976517,0.02814089077184257,175.64013442993163,180.13973801194842,171.14053084791485,0.05123662193291958,1.072745275611698,177.26964948608713,175.3004907146933,1.969158771393836,1.6295166604090232,0.3396421109848129,2.2909811024467874,1.6813787022986781
2020-06-10 00:00:00-04:00,182.06127181126325,189.1006306413369,181.94695568547104,187.50033569335935,43872300.0,0.036420229130206164,1.1815938607506598,0.05674526138144764,0.04181222097469117,0.015151853441375755,0.2405282166454706,0.01113195809092045,0.17671435628261317,0.015524170202378366,0.24643856199679448,77.78985670662028,8.30624282395408,4.302611289844636,1.3393298298480885,176.54001336018615,0.058454947787922144,176.27881927490233,183.20462284957205,169.35301570023262,0.07857783031629115,1.3101237854549,178.84360121028288,176.2041829353352,2.6394182749476727,1.8314969833167534,0.8079212916309193,3.2404951418195966,2.707590829905277
2020-06-11 00:00:00-04:00,183.9664244323961,186.47162701714973,177.2414077362902,177.43191528320312,52854700.0,-0.05519367631129471,-1.8742300230123212,-0.007829900893724373,-0.03771227954841372,0.0334064993176436,0.5303117362064035,0.016628750154845082,0.26397322514128135,0.017158121534127362,0.2723767352659383,52.267400379912225,10.258927957069147,4.728062480360673,1.53833884946852,176.66126664081918,0.004343348495978847,176.41027297973633,183.31789812640167,169.502647833071,0.07831318471412144,0.5739503289317885,178.62641875996292,176.29512607221432,2.3312926877486007,1.931456124203123,0.3998365635454777,0.29580131572715374,0.989973981259362
2020-06-12 00:00:00-04:00,181.49928782354132,182.62330696543887,176.39360750554297,178.8321533203125,43373600.0,0.007860715523452468,0.2297861087609015,0.0,-0.033463755872230605,0.033649176605867165,0.5341641187273021,0.01670092518224258,0.2651189681814597,0.017172248801482843,0.2726009986827035,54.50306596769105,6.2296994598958975,4.835322264613189,1.222286317024666,176.84847539486375,0.011092400827359667,176.6117385864258,183.5568997818295,169.6665773910221,0.07864891938657918,0.6598533620325603,178.65807023078594,176.48305401651788,2.175016214268055,1.9801681422161095,0.19484807205194565,0.6394134481302424,1.2333655859538677
2020-06-13 00:00:00-04:00,181.49928782354132,182.62330696543887,176.39360750554297,178.8321533203125,43373600.0,0.0,-0.03327863430260779,0.0,-0.04370391887437208,0.03350518750930307,0.5318783626812212,0.01670092518224258,0.2651189681814597,0.017172248801482843,0.2726009986827035,54.50306596769105,6.2296994598958975,4.934920635704811,1.184651393297429,177.0241556108213,0.01011002594288971,176.81320419311524,183.77118133588468,169.8552270503458,0.07870427069654752,0.6450816153726018,178.68485224455927,176.65706137235452,2.027790872204747,1.9896926882138373,0.038098183990909806,0.5803264614904067,1.1944559342595782
2020-06-14 00:00:00-04:00,181.49928782354132,182.62330696543887,176.39360750554297,178.8321533203125,43373600.0,0.0,-0.03317753157554863,-0.006350990554948033,-0.03797070606802877,0.03320673237743749,0.5271405343426574,0.01670092518224258,0.2651189681814597,0.017172248801482843,0.2726009986827035,54.50306596769105,6.2296994598958975,5.027404837432747,1.1492648442116253,177.18934039053397,0.009186339812371602,177.0146697998047,183.96087961770726,170.06845998190212,0.07848174194555071,0.6308255558177627,178.7075139485213,176.81817929442548,1.8893346540958191,1.9696210813902337,-0.0802864272944146,0.5233022232710507,1.162449755633941
2020-06-15 00:00:00-04:00,175.822046723925,181.7659763289363,175.27908511704683,179.9751739501953,32770200.0,0.0063712438935093225,0.18087746629640972,-0.023919120740020228,-0.03182181556316377,0.02651958263180674,0.42098532310193054,0.01673805514193121,0.2657083880186155,0.017180755284933343,0.2727360349211537,56.57664857650059,6.486891211889457,5.131653864179655,0.8721247271799193,177.51408252967184,0.01367461615125058,177.36568450927734,184.15585014714443,170.57551887141025,0.0765668472642116,0.6921521197042297,178.90253856416345,177.05203075040845,1.8505078137550015,1.9457984278631872,-0.09529061410818573,0.76860847881692,1.330031563169206
2020-06-16 00:00:00-04:00,183.73777033245815,186.3001377560509,182.37562783325563,184.3855133056641,42556700.0,0.024209827908173796,0.779765585060784,-0.003449445789427852,-0.008096352455070122,0.00991142222494357,0.15733895007695503,0.017207364372957733,0.27315844109831433,0.01638678519449759,0.26013215047485494,63.49087044642658,6.324963805855589,5.216890288585079,1.1280137810714894,178.12843755338727,0.03393474704221576,177.9257843017578,185.1005705501011,170.7509980534145,0.08064920187368736,0.950168742336949,179.74607313977893,177.5952516804274,2.1508214593515333,1.9868030341608565,0.1640184251906769,1.8006749693477984,2.0428196099159703
2020-06-17 00:00:00-04:00,185.77625251080684,187.0050529757738,184.4998360641594,185.02374267578125,25687800.0,0.0034554088443270537,0.07750277679743003,-0.010594701506907889,-0.031560092121350025,0.010086525212160214,0.1601186238249536,0.017202959923838048,0.27308852263611677,0.016312083752656876,0.258946301848724,64.37489750055263,2.6195396701097025,5.031365244408267,0.6882936385128047,178.60741600782006,0.034678396270496875,178.53732376098634,185.9510216076189,171.12362591435377,0.08304927720948174,0.9374617801385817,180.55802229916392,178.14551027267584,2.4125120264880877,2.071944832626303,0.3405671938617849,1.7498471205543276,2.0421007013276564
2020-06-18 00:00:00-04:00,184.79507739296076,187.16693696934297,184.79507739296076,187.0050048828125,23061600.0,0.010651224944032351,0.32058504771457375,0.005995227753725629,-0.027685769381569747,0.009390137818521792,0.14906381666658736,0.0172307104205476,0.2735290481144287,0.01596629868013774,0.25345713399493963,67.0427675158659,2.3718595763822066,4.841400553834977,0.6341257522159177,179.10839055414093,0.04222675395035562,179.15981521606446,187.22752941240927,171.09210101971965,0.0900616489988589,0.9862089481493044,181.5498657735714,178.80176913268596,2.74809664088545,2.2071751942781326,0.5409214466073173,1.944835792597216,2.244165158865865
2020-06-19 00:00:00-04:00,189.1673304707642,189.8341140775848,185.1475591820557,185.8905487060547,44441100.0,-0.005977327882722729,-0.24433253703548938,0.0,-0.013596992239636285,0.01104679522930405,0.17536243776595953,0.01729120636451922,0.27448939145289075,0.015968832913117362,0.2534973636963099,64.13340034637491,4.686554895529099,4.830340149670271,1.2181288945274227,179.7843686523648,0.03284825450348997,179.7265838623047,188.02171361545317,171.43145410915622,0.09230832272986042,0.8715411950856116,182.2176631477996,179.32686391589846,2.8907992319011555,2.343900001802737,0.5468992300984183,1.4861647803424436,1.9602693407060787
2020-06-20 00:00:00-04:00,189.1673304707642,189.8341140775848,185.1475591820557,185.8905487060547,44441100.0,0.0,-0.04030111927408732,0.0,-0.02590609152763368,0.011598154420912011,0.1841149935903452,0.01729120636451922,0.27448939145289075,0.015968832913117362,0.2534973636963099,64.13340034637491,4.686554895529099,4.820069774374473,1.2142834893774683,180.4560788776701,0.02923478286665346,180.29335250854493,188.64950449110657,171.9372005259833,0.09269506464100616,0.8349146957349798,182.78272246445425,179.81306278924336,2.9696596752108917,2.469051936484368,0.5006077387265235,1.3396587829399205,1.9252934995136581
2020-06-21 00:00:00-04:00,189.1673304707642,189.8341140775848,185.1475591820557,185.8905487060547,44441100.0,0.0,-0.04018361022262998,-0.02702310924571094,-0.006010352159280807,0.006080702443096462,0.09652815876609674,0.01729120636451922,0.27448939145289075,0.015968832913117362,0.2534973636963099,64.13340034637491,4.686554895529099,4.810532997314089,1.1791357048391788,180.96557893675043,0.02649392238382178,180.8801239013672,189.06785239319404,172.69239540954035,0.0905320973385839,0.8059716018727902,183.26084957854664,180.2632469312294,2.997602647317251,2.574762078650945,0.4228405686663059,1.22388640749116,1.8526930388769554
2020-06-22 00:00:00-04:00,186.50019277764127,191.2343784743109,185.96676585995343,191.05340576171875,32818900.0,0.027394947587646226,0.895193715892775,-0.0066365050141512505,0.02159635782319569,0.013171731428821894,0.2090947541807772,0.018034769299893016,0.28629308711963625,0.016057681321261705,0.25490778845031326,71.3316970110771,5.3438297682561995,4.848625623809954,0.8684369225607205,181.60036832508385,0.04947850784939527,181.6259735107422,190.667419694105,172.5845273273794,0.09956115866685836,1.0213453721775172,184.45970437595773,181.0625179557101,3.3971864202476354,2.739246946970283,0.6579394732773522,2.085381488710066,2.5733612717576198
2020-06-23 00:00:00-04:00,192.5012558729709,194.2730034107288,191.8725679807489,192.32980346679688,30917400.0,0.006658624532062416,0.18264458531748573,0.020572040602238717,0.02842148214611928,0.012970098154172351,0.20589392517622757,0.017974202144288492,0.28533161333154755,0.015023439869106174,0.23848971438232622,72.78586527981155,3.2195976490100406,4.732266482752817,0.8142352510818098,182.2182666376795,0.052573946662733365,182.4142105102539,192.30662783143228,172.5217931890755,0.10846103813411304,1.0011713838292577,185.67048885147145,181.8971316972721,3.7733571541993456,2.946068988416096,0.8272881657832496,2.0046855353170328,2.6009073472343336
2020-06-24 00:00:00-04:00,192.03454781345783,193.60625328078623,187.2336761239844,188.45294189453125,36740600.0,-0.020363294212947684,-0.7444588225876471,-0.012478773068570925,-0.003023593652778156,0.017117238703709355,0.27172774045286746,0.01875684680910697,0.2977557122197947,0.014792749477578396,0.2348276179473185,62.42798354129224,6.372577156801839,4.849431530899176,0.9575337835284465,182.81575269924278,0.029912980602039927,183.12481613159179,192.5771623649992,173.67246989818437,0.1032339191714469,0.781841440811186,186.0985585504037,182.38274726743944,3.7158112829642675,3.1000174473257305,0.6157938356385371,1.1273657632447442,1.9126648668365223
2020-06-25 00:00:00-04:00,188.41484367523896,191.09151325340733,186.1953951212048,190.83432006835935,27803900.0,0.012557286811124224,0.3892706877790063,0.02042486786469544,-0.01557648337490436,0.017531277096412938,0.278300396174827,0.018475129422621167,0.29328358735192767,0.014735145922434047,0.23391318985804763,65.66056720719112,4.896118132202531,4.852766288135131,0.7362239840574258,183.34849888987142,0.03922680771365657,183.7506446838379,193.5151654604434,173.98612390723238,0.10628012536670424,0.8627251939231365,186.8271372454738,183.00878969713722,3.8183475483365896,3.2436834675279025,0.5746640808086871,1.450900775692544,2.1730230647976865
2020-06-26 00:00:00-04:00,190.2532437572232,190.4056555951069,185.63337438286644,187.0145721435547,54675800.0,-0.020219077690925746,-0.7402615228434292,0.0,-0.04088929553783216,0.021028030154734024,0.33380963010595976,0.01869030823886677,0.2966994451630985,0.014871943553510092,0.2360847849286675,57.16475958567206,5.200945685492911,4.877636245089258,1.4199789609853666,183.86939722135276,0.016817806688281256,184.18548583984375,193.70276092610533,174.66821075358217,0.10334446324980469,0.6486290076765141,186.8559733836401,183.30551432279776,3.5504590608423428,3.3050385861907907,0.24542047465155203,0.5945160307060565,1.5451218271590244
2020-06-27 00:00:00-04:00,190.2532437572232,190.4056555951069,185.63337438286644,187.0145721435547,54675800.0,0.0,-0.04044264696348481,0.0,-0.04814313857274288,0.015282281073291196,0.24259869111430657,0.01869030823886677,0.2966994451630985,0.014871943553510092,0.2360847849286675,57.16475958567206,4.772281212240472,4.870110885600059,1.3932353330522695,184.37067454217006,0.014137388178259899,184.6203269958496,193.7974111723714,175.44324281932782,0.09941575043064564,0.6304469427135909,186.88037319285775,183.58025934655754,3.3001138463002064,3.3040536382126744,-0.00393979191246796,0.5217877708543638,1.5259383834318758
2020-06-28 00:00:00-04:00,190.2532437572232,190.4056555951069,185.63337438286644,187.0145721435547,54675800.0,0.0,-0.04032934132693847,-0.010633030209782013,-0.04814313857274288,0.014353390079005936,0.22785300371850867,0.01869030823886677,0.2966994451630985,0.014871943553510092,0.2360847849286675,57.16475958567206,4.772281212240472,4.8631230517886594,1.3561483717466403,184.75374628989792,0.012089035778031944,184.99991836547852,193.89551642408384,176.1043203068732,0.0961686700967243,0.6132388044515599,186.90101918527267,183.83465288707583,3.06636629819684,3.256516170209508,-0.19014987201266775,0.452955217806239,1.4739634269378326
2020-06-29 00:00:00-04:00,186.49068256690612,189.11020131374767,184.36649507102788,189.02447509765625,26701600.0,0.01068996482683061,0.33068889858012523,-0.0249126130080205,-0.03791324099986315,0.01302821875043461,0.20681656103879192,0.01876330275115298,0.29785819712258904,0.014899745070787748,0.23652612033338913,60.52176614609711,4.743706242719782,4.8545932797123115,0.664833131903455,185.04252107976941,0.021065811799395963,185.4114227294922,194.24913213460457,176.5737133243798,0.09533079758528405,0.7044111320334887,187.22770471025476,184.21908416193364,3.008620548321119,3.2069370458318303,-0.19831649751071145,0.8176445281339538,1.7154715392660482
2020-06-30 00:00:00-04:00,188.49102314215315,194.7016526637686,188.35766642321764,193.8538818359375,34310300.0,0.025228184316529303,0.8339815113534536,-0.0058136591213237,-0.013332782441118352,0.016660248840320566,0.2644732512716428,0.019387466261485218,0.3077664856772702,0.014778340530037222,0.23459888299622975,67.177883144273,6.343986240550976,4.9609784912007875,0.8645711855130281,185.28756533716262,0.04418955358358379,185.7291000366211,195.3086005370357,176.14959953620652,0.10315562287789846,0.9240712654571483,188.2471165757444,184.93277287852652,3.314343697217879,3.22841837610904,0.0859253211088391,1.6962850618285943,2.34606600207416
2020-07-01 00:00:00-04:00,193.50149312213995,196.55919270829563,192.19650099088892,194.9874725341797,32061200.0,0.005830624222343947,0.1561798909847882,-0.00756309256185228,-0.02847629731195811,0.010441992089894162,0.1657614855717814,0.01786570385585159,0.28360925639826634,0.013823209078527497,0.21943664125580445,68.51956969161039,4.362691717406705,4.9182437216440675,0.8296320217693919,186.2271397895568,0.044927669612658254,186.60687789916992,196.20245526507895,177.01130053326088,0.10284269769621092,0.9366904833045362,189.28409441550366,185.67756544561195,3.6065289698917127,3.304040494865575,0.30248847502613785,1.7467619332181428,2.396737423762351
2020-07-02 00:00:00-04:00,195.92093714776627,198.1499204289977,195.2732086032467,196.47341918945312,29315800.0,0.0075918377732482846,0.21722410566398048,0.0,-0.009555772131587537,0.00942695112419826,0.1496482097771362,0.012192452714411519,0.19354918652548384,0.01380508676691717,0.2191489584775892,70.23705117694041,3.1624478948180013,4.792829734013634,0.772643754532388,187.04565472095953,0.04798493611699553,187.48894119262695,197.31584658292567,177.66203580232823,0.10482650686263692,0.9571366895266843,190.39014438072664,186.47725831552611,3.9128860652005244,3.425809608932565,0.4870764562679595,1.8285467581067385,2.4851445662136835
2020-07-03 00:00:00-04:00,195.92093714776627,198.1499204289977,195.2732086032467,196.47341918945312,29315800.0,0.0,-0.049171161319860664,0.0,-0.0308697918332711,0.00942695112419826,0.1496482097771362,0.012216180367426109,0.19392585133991486,0.013318392614129164,0.2114229283206312,70.23705117694041,2.876711825750988,4.655964169137731,0.7872273663539102,187.89506850829602,0.043661634823412274,188.371004486084,198.09258640086856,178.64942257129943,0.1032173920960617,0.9167230587774504,191.3260328128384,187.21771467655776,4.108318136280644,3.562311314402181,0.5460068218784633,1.6668922351098037,2.34238914178602
2020-07-04 00:00:00-04:00,195.92093714776627,198.1499204289977,195.2732086032467,196.47341918945312,29315800.0,0.0,-0.049037770198089616,0.0,-0.03760722396895866,0.010360006894753146,0.16446001094658802,0.012216180367426109,0.19392585133991486,0.013318392614129164,0.2114229283206312,70.23705117694041,2.876711825750988,4.528874716038679,0.8023720991783129,188.777164454349,0.03917198960986615,189.25306777954103,198.52120465342776,179.9849309056543,0.09794437662361268,0.8895255059436846,192.11793840924065,187.90332241825374,4.214615990986914,3.6927722497191278,0.5218437412677863,1.55810202377474,2.2110557397926516
2020-07-05 00:00:00-04:00,195.92093714776627,198.1499204289977,195.2732086032467,196.47341918945312,29315800.0,0.0,-0.048905458782561896,-0.021072578612670423,-0.03467956791165172,0.003728259727838029,0.05918428837750067,0.012216180367426109,0.19392585133991486,0.013318392614129164,0.2114229283206312,70.23705117694041,2.876711825750988,4.41086308101813,0.80618320002959,189.4840024885237,0.03557436283118653,190.0779800415039,198.78927665249913,181.3666834305087,0.0916602397510021,0.867077338399718,192.78801237542717,188.53814440130554,4.249867974121628,3.804191394599628,0.4456765795219999,1.4683093535988712,2.091467211022151
2020-07-06 00:00:00-04:00,198.9214755860696,201.1123485300744,198.21658173292928,200.70274353027344,31897600.0,0.021297774657068752,0.7021305001742191,0.01176471945669011,-0.013899895949076146,0.009277786169714856,0.14728028953380004,0.012754123166116117,0.2024654285293859,0.013248538950610204,0.21031403578960348,75.37935112246474,4.638929340621274,4.42715352813264,0.8902300092043871,190.28614303719996,0.051900638276537875,190.8938415527344,200.38212344042157,181.4055596650472,0.09940898889675331,1.016895582026707,194.0056633223266,189.43922581826612,4.566437504060474,3.9566406164917973,0.6097968875686766,2.0675823281068264,2.46693129064327
2020-07-07 00:00:00-04:00,200.46459988972657,204.48437118224157,198.12132970713932,198.36898803710935,33600700.0,-0.011696053179687194,-0.46581568195977036,-0.0215196566368554,-0.025366189304908637,0.011957782552165605,0.18982391318890462,0.012480786864918202,0.19812634926585032,0.013329396395639605,0.21159760793677868,68.36065107806223,6.36304147510225,4.56543123863047,0.9275200934346609,190.84756910550973,0.03791630438822707,191.56110382080078,201.1872258257355,181.93498181586605,0.10050184315015907,0.8536151013262961,194.67694404767778,190.1006896863286,4.576254361349186,4.080563365463275,0.49569099588591037,1.414460405305184,2.0556033992104092
2020-07-08 00:00:00-04:00,200.10266563587945,203.1412952180682,198.78813883046487,202.7317047119141,33600000.0,0.021754580888259146,0.7194262350895352,-0.006952040168505813,0.02781672402621327,0.01472252623821791,0.23371285858168725,0.013102251224534846,0.20799179013126426,0.013521728863490973,0.21465079121064698,73.3552660624205,4.7723071809588475,4.580208091653926,0.9142034981615939,191.51134973075327,0.05534583254802291,192.34743881225586,202.92848841113332,181.7663892133784,0.1100201766575668,0.9907011257540981,195.91613799602183,191.03632042896456,4.879817567057273,4.240414205782075,0.6394033612751979,1.9628045030163908,2.411639829170719
2020-07-09 00:00:00-04:00,206.06559492317183,206.11322543452596,201.43619119450557,204.1509704589844,33121700.0,0.006976318186358749,0.19329953127770397,0.0030420594690878655,0.028653712375116935,0.014304245092889049,0.22707285124980264,0.013038301299999416,0.20697661655117167,0.01352723463318207,0.2147381925949188,74.75163181157833,4.67703424002039,4.587124245108674,0.9152843114863253,192.4349329488778,0.05738908555646795,193.26045989990234,204.61839873976768,181.902521060037,0.11754022365204027,0.9794228386253213,197.18303529801608,192.0077759867438,5.175259311272271,4.4273832268801145,0.7478760843921561,1.9176913545012866,2.403540432107436
2020-07-10 00:00:00-04:00,203.48418406110451,203.9223644420307,201.0647080140899,203.5318145751953,26177600.0,-0.003037441768690298,-0.16331959079397051,0.0,0.027062186388304488,0.014768207354106229,0.2344380238152017,0.012939223650608013,0.20540380762652466,0.013538008190608252,0.2149092175170297,72.95538455866074,3.0862624448945155,4.479919830807662,0.7421183098336006,193.25894883335923,0.050473021936532435,194.14252319335938,205.82595818361946,182.4590882030993,0.12035936072205856,0.9018206713035735,198.15977057142825,192.86140847477725,5.2983620966510045,4.601579000834293,0.6967830958167118,1.6072826852142923,2.195717547645293
2020-07-11 00:00:00-04:00,203.48418406110451,203.9223644420307,201.0647080140899,203.5318145751953,26177600.0,0.0,-0.054590635463485755,0.0,0.047812871685890324,0.012537633878514741,0.19902876763036922,0.012939223650608013,0.20540380762652466,0.013538008190608252,0.2149092175170297,72.95538455866074,2.8576564279408103,4.36404387346003,0.7618407912345936,194.12676268843506,0.04620924697394436,195.02458648681642,206.74852151155937,183.30065146207346,0.12023032824669509,0.8628145358373569,198.9862388797001,193.65180892666007,5.334429953040029,4.74814919127544,0.5862807617645895,1.4512581433494274,2.079158551136002
2020-07-12 00:00:00-04:00,203.48418406110451,203.9223644420307,201.0647080140899,203.5318145751953,26177600.0,0.0,-0.05444860824345623,0.03187315071935126,0.05318402622138785,0.009989070375828333,0.15857157625898566,0.012939223650608013,0.20540380762652466,0.013538008190608252,0.2149092175170297,72.95538455866074,2.8576564279408103,4.256444770208658,0.7692750754358352,194.63671992468156,0.04370370631775329,195.64850692749025,207.80284527598806,183.49416857899243,0.1242466762396747,0.8243001561117221,199.68555821746858,194.38366119692193,5.301897020546647,4.858898757129682,0.4429982634169658,1.2972006244468874,1.9820989885955393
2020-07-13 00:00:00-04:00,204.30339601897944,205.56077192573025,196.70203337523785,197.2449951171875,38135600.0,-0.03137574353496323,-1.174688096763382,-0.006143365282359259,0.02065261169668009,0.014931309511098395,0.23702719028939861,0.014009666786214178,0.22239656560322527,0.014140028202925717,0.224465988938286,55.91561913516767,8.858738550492404,4.585180040228925,1.1089208641043007,194.88503752079401,0.011964600647998109,195.89426651000977,207.96454095600842,183.82399206401112,0.12323254438262882,0.5559526882847929,199.31008697127152,194.59561185768234,4.714475113589174,4.83001402842158,-0.11553891483240619,0.22381075313917198,1.3031907243642675
2020-07-14 00:00:00-04:00,196.3495665997644,198.9405094425568,192.44409722406945,198.4642333984375,37591800.0,0.00616231339416328,0.17249906552721853,0.0014901596564433905,0.026961612010219183,0.01476495080002442,0.23438632762181272,0.01400097836312775,0.22225864116259328,0.01379453779019003,0.2189814986635519,57.96606628819478,6.496412218487336,4.7216966243902405,1.0917569184131568,195.42358199615498,0.015320903672240519,196.39483108520508,207.98661460543218,184.803047564978,0.11804570880175608,0.5892616010996673,199.17995565237396,194.8821764162568,4.297779236117151,4.723567069960694,-0.42578783384354324,0.3570464043986691,1.3750260290092495
2020-07-15 00:00:00-04:00,199.61681329766185,201.30283456368667,195.30175350046605,198.1689300537109,32179400.0,-0.001489050470315479,-0.10261815572512956,0.02020392296843898,-0.016824332963723876,0.014849445830446124,0.23572764464691273,0.01310476950315919,0.20803176656509614,0.013622768109211956,0.21625473951165858,57.27125795823904,6.001081063220624,4.813081227163839,0.9286671891118236,195.7351776279289,0.012281200817516567,196.76156158447264,208.07334569433672,185.44977747460857,0.11497961307862219,0.562208067956805,199.02441325257965,195.1256396486608,3.8987736039188405,4.558608376752324,-0.6598347728334835,0.24883227182722029,1.299018558955126
2020-07-16 00:00:00-04:00,195.6542036387055,195.93997218751292,192.7108210160108,194.2444305419922,29940700.0,-0.02000253179280621,-0.7675225539199145,0.005126062754750693,-0.02313781565379458,0.015719878350634132,0.2495453325357968,0.01375231121432571,0.21831117255282312,0.013908083975803818,0.22078398848027625,48.88501340628052,5.458109037700098,4.859154642202143,0.8960415581181891,196.38186280068317,-0.011003827768585127,197.12305450439453,207.55086940094486,186.6952396078442,0.1058000539081324,0.36197376962672045,198.28903129710466,195.06036490001867,3.2286663970859877,4.292619980819057,-1.0639535837330696,-0.5521049214931179,0.8782820043146756
2020-07-17 00:00:00-04:00,194.768353983012,195.3113011914256,191.8344913952592,193.25379943847656,31635300.0,-0.005112969221521182,-0.22907936786403585,0.0,-0.04188903928070953,0.015114990476992657,0.23994303522739277,0.012968239675830525,0.20586442274717073,0.013843173438802066,0.2197535656500305,47.01361269919608,3.476809796166407,4.760415724628163,0.9805629682988409,197.02224770655516,-0.01949999575184708,197.4350158691406,206.92024103327708,187.94979070500415,0.0960845280902274,0.2795931905510696,197.5143802419311,194.92654523620072,2.587835005730369,3.95166298580132,-1.3638279800709507,-0.8816272377957226,0.7525436841615891
2020-07-18 00:00:00-04:00,194.768353983012,195.3113011914256,191.8344913952592,193.25379943847656,31635300.0,0.0,-0.04383304099396367,0.0,0.0016788393791955514,0.009783379917287052,0.15530634145683123,0.012968239675830525,0.20586442274717073,0.013843173438802066,0.2197535656500305,47.01361269919608,3.476809796166407,4.668729586880895,1.0168734788025597,197.71005986310422,-0.023059108993333573,197.74697723388672,206.1362640551947,189.35769041257876,0.08484869845960245,0.23220740385237915,196.85890627216887,194.802638140073,2.05626813209588,3.572584015060232,-1.516315882964352,-1.0711703845904827,0.7259068563714212
2020-07-19 00:00:00-04:00,194.768353983012,195.3113011914256,191.8344913952592,193.25379943847656,31635300.0,0.0,-0.04372311451696608,-0.04120977431365547,0.007848996617739079,0.008469069779878229,0.13444231484166197,0.012968239675830525,0.20586442274717073,0.013843173438802066,0.2197535656500305,47.01361269919608,3.476809796166407,4.583592458972718,1.0088737634557083,197.85507332780068,-0.023809487330617583,197.95844345092775,205.6020562296015,190.314830672254,0.07722441786696034,0.1922499772896989,196.3042744516008,194.68790934736214,1.6163651042386675,3.1813402328959195,-1.564975128657252,-1.2310000908412062,0.7005898475397185
2020-07-20 00:00:00-04:00,195.2731932505388,202.22682694154088,193.37760921524,201.5600433349609,36884800.0,0.04208297079349407,1.4759079894512914,0.013652662574231478,0.05116736655953713,0.02312812766442157,0.3671476445436756,0.01561274689336891,0.24784467337470245,0.014721263941897779,0.2336928202488236,62.1769393152537,8.973027503064316,4.8971235335506895,1.1714752410374591,198.29009390719796,0.01622320264303979,198.3437515258789,205.89250850818246,190.79499454357534,0.07611792077370921,0.7130345311567132,197.11285427981005,195.1969563094065,1.915897970403563,2.9282517803974484,-1.0123538099938854,0.8521381246268532,1.485644744661655
2020-07-21 00:00:00-04:00,203.5223107663725,203.7890242251272,198.15943711788177,198.84527587890625,37990400.0,-0.013560304648126032,-0.5412785409118132,-0.014167696260569462,0.03700942676955532,0.021629828739515074,0.34336288647404745,0.015146182115316004,0.24043818713532225,0.014810740714851583,0.23511321998493775,56.48719407797949,5.629587107245442,4.9494423602431725,1.1953346256697532,198.48985583319023,0.0017874201141819522,198.53664169311523,205.9196308548251,191.15365253140536,0.07437407119157387,0.5209017092556277,197.379380679671,195.46720220344352,1.9121784762274672,2.725037119563452,-0.8128586433359848,0.08360683702251118,1.173178706859699
2020-07-22 00:00:00-04:00,199.2739307144624,202.22684854667068,198.502365706218,201.70294189453125,49605700.0,0.014269016187669698,0.46883675591560425,0.04547268578077546,0.038753979663883165,0.021167413047782406,0.33602226493809617,0.015384933701396057,0.24422825106666254,0.014817157803266949,0.23521508810546676,60.57677792344137,3.72448284045268,4.861945251686709,1.5125199238643492,198.8229696373788,0.014278285830150948,198.79811782836913,206.24359242776765,191.3526432289706,0.07490488019435393,0.6950731298174588,198.04454394349565,195.92910884722778,2.1154350962678734,2.6031167149043366,-0.4876816186364632,0.7802925192698363,1.4100983366051179
2020-07-23 00:00:00-04:00,197.35927722794668,200.91229258668065,192.55840637545583,192.92990112304688,67457000.0,-0.044469114036690086,-1.6548278309448916,0.006159815897047061,0.0025737834712178387,0.03215354748586889,0.5104217424966911,0.0182929133745231,0.2903909972630129,0.015842980329150314,0.25149951586211977,46.21600564611518,9.144535519075419,5.167844556500189,1.9437937389250193,198.3494625375769,-0.028090831866821583,198.62094192504884,206.457705550469,190.78417829962868,0.0789117557238997,0.1369010809805531,197.25767581727277,195.70694531210327,1.550730505169497,2.392639472957369,-0.8419089677878717,-1.4523956760777852,0.5067484825618486
2020-07-24 00:00:00-04:00,190.91051343665205,193.23474316986903,188.1385829990141,191.74876403808597,39827000.0,-0.006140921780924374,-0.2643777682204494,0.0,-0.013525275886739574,0.032254653963442466,0.5120267580702756,0.018327417105488165,0.29093872701163753,0.015872235833958782,0.25196393260333694,44.68025020141265,5.096160170854944,5.162724243239814,1.1305064002751115,198.05441261888794,-0.03288495032776074,198.38470916748048,206.7603563383099,190.00906199665107,0.08443843485697797,0.10385478315597549,196.41015092816713,195.41374669921308,0.9964042289540487,2.1133924241567046,-1.116988195202656,-1.5845808673760968,0.3634585290785134
2020-07-25 00:00:00-04:00,190.91051343665205,193.23474316986903,188.1385829990141,191.74876403808597,39827000.0,0.0,-0.04109952366124985,0.0,-0.012751363919616177,0.021821269874256335,0.34640192027344774,0.018327417105488165,0.29093872701163753,0.015872235833958782,0.25196393260333694,44.68025020141265,5.096160170854944,5.157969666640894,1.1138891293376392,197.76803655545137,-0.031391454060010704,198.14847640991212,207.00387715669183,189.2930756631324,0.08938146694058283,0.1386548415579369,195.69301448353923,195.14226650209255,0.5507479814466762,1.8008635356146991,-1.250115554168023,-1.4453806337682527,0.33816255046777177
2020-07-26 00:00:00-04:00,190.91051343665205,193.23474316986903,188.1385829990141,191.74876403808597,39827000.0,0.0,-0.04099996506662403,-0.012509238242335075,-0.018096664577545885,0.022105903651189814,0.35092034140441786,0.018327417105488165,0.29093872701163753,0.015872235833958782,0.25196393260333694,44.68025020141265,5.096160170854944,5.153554702656183,1.1016731728737843,197.30700336411465,-0.028987093366216857,197.70077743530274,206.91071979544506,188.49083507516042,0.09317052243920751,0.17687021457511068,195.08620672270024,194.89089594920316,0.19531077349708426,1.4797529831911762,-1.284442209694092,-1.2925191416995594,0.3124748288055272
2020-07-27 00:00:00-04:00,191.91070116654112,194.29208176915887,191.32964371811065,194.1777801513672,30160900.0,0.012588137432731659,0.41754641663204595,0.00905847449865771,-0.005658206184395609,0.021705651776638985,0.34456653987332436,0.017887072637594044,0.2839484752921321,0.01593256851266822,0.25292168418611016,49.030592053248235,2.962438051048224,4.997046370398472,0.8382828111153096,197.12625594889445,-0.01518441396965628,197.49121704101563,206.82701261327807,188.1554214687532,0.094543906429252,0.32254126796151217,194.946448788649,194.83807255677084,0.10837623187816803,1.2054776329285746,-1.0971014010504065,-0.7098349281539518,0.5479682798772442
2020-07-28 00:00:00-04:00,193.9491707289712,194.98744922805173,192.1679026126776,192.4346160888672,23251400.0,-0.009017692614622697,-0.372087875857676,-0.009996827002226594,-0.01458456675701103,0.008309173154913111,0.1319040346108444,0.017820714816447807,0.28289507753834975,0.015913804261798708,0.25262381093807523,46.22141589057786,2.819546615374122,4.841510673611019,0.6556716909713523,196.7068906410894,-0.02220117481487449,196.9763626098633,206.2306773992323,187.72204782049428,0.09396370881006012,0.2546146514157115,194.5600129886826,194.66003874433352,-0.10002575565093252,0.9443769552126732,-1.0444027108636056,-0.9815413943371533,0.3305988429567812
2020-07-29 00:00:00-04:00,192.8917981652364,194.93977934418533,192.42504240875613,194.37777709960935,19632600.0,0.010047130810381569,0.32617132667676657,0.0007845228551790484,-0.05763375395080206,0.008712593592589735,0.13830813552220347,0.017232017562258048,0.2735497983457937,0.015948442315806034,0.2531736729988909,49.68230573470761,2.514736935429198,4.675312549455175,0.5643578871721164,196.28678696445434,-0.00982113229881579,196.48770294189453,205.16074658894044,187.8146592948486,0.08828077805572102,0.3783630102562766,194.53197669805596,194.63913047435395,-0.1071537762979915,0.7340708089105403,-0.8412245852085318,-0.48654795897489345,0.5236317665762478
2020-07-30 00:00:00-04:00,191.4630070516711,194.75884431463615,190.1008642767112,194.22540283203125,25079600.0,-0.0007842152779809993,-0.07170746811862691,-0.005414340888990066,-0.044024388247245194,0.008780671780437524,0.1393888432507226,0.01711260571793383,0.27165419408372904,0.015943426573215427,0.2530940505536805,49.41376271715925,4.657980037924943,4.674074512917301,0.7220766657261478,195.93933799105406,-0.008824464431694573,196.02238235473632,204.08099706003208,187.96376764944057,0.08222137297272818,0.3885056806646818,194.4848114878983,194.60848398233006,-0.12367249443175865,0.5625221482420806,-0.6861946426738392,-0.4459772773412733,0.4804133108137359
2020-07-31 00:00:00-04:00,194.70167265292437,195.36847085085128,189.5674166446083,195.28273010253903,51044000.0,0.005429051555691472,0.15679413658337046,0.0,-0.03724054849244629,0.008719393303267995,0.13841607758285465,0.017195709624426014,0.27297342770106675,0.015914910971650518,0.25264137941232356,51.37771082899108,5.801054206242981,4.7545730624405635,1.4188379338179538,195.61652663822363,-0.0017092987972327537,195.60992813110352,202.85342511367674,188.3664311485303,0.07406062720618573,0.47741436012524946,194.60756819784305,194.65842813938255,-0.05085994153949969,0.4398457302857645,-0.4907056718252642,-0.09034255949900191,0.5800465911815771
2020-08-01 00:00:00-04:00,194.70167265292437,195.36847085085128,189.5674166446083,195.28273010253903,51044000.0,0.0,-0.043562462271381185,0.0,-0.05241506252977868,0.007174847277978406,0.11389716955439746,0.017195709624426014,0.27297342770106675,0.015914910971650518,0.25264137941232356,51.37771082899108,5.801054206242981,4.829321715569307,1.3714412223355448,195.3152825076794,-0.00016669372208833887,195.1974739074707,201.4073571089074,188.987590706034,0.06362667586959002,0.5068645570538751,194.711439260104,194.70467272924597,0.00676653085801604,0.35322989040021485,-0.3464633595421988,0.02745822821550027,0.5546092612242101
2020-08-02 00:00:00-04:00,194.70167265292437,195.36847085085128,189.5674166446083,195.28273010253903,51044000.0,0.0,-0.04346037164601377,-0.05324643572468202,-0.03515620111435336,0.004686780679047528,0.07440033675757314,0.017195709624426014,0.27297342770106675,0.015914910971650518,0.25264137941232356,51.37771082899108,5.801054206242981,4.8987311791888555,1.3480643956660379,195.21591233882123,0.0003421591027671669,195.09936065673827,201.23459086043593,188.9641304530406,0.06289339117304547,0.5149439743671108,194.79933015894017,194.74749179393433,0.051838365005835385,0.29295158532133897,-0.24111322031550358,0.059775897468443515,0.5291036556301789
2020-08-03 00:00:00-04:00,201.48383883595037,207.3134534584986,200.4550807493608,206.26564025878903,78983000.0,0.05471644745916221,1.9637090152371934,0.01523754748238404,0.01910764880423299,0.024079175731168242,0.3822450645605583,0.019886666840807907,0.31569104920063346,0.017244720973430192,0.27375145874637585,67.6645944280501,12.030723355959566,5.408159191815335,1.97782753738523,196.1557459260228,0.049013952687815374,195.48943099975585,203.29112204427392,187.6877399552378,0.07981701112555603,1.1906329151937636,196.56337786660922,195.60068797651616,0.9626898900930598,0.42689924627568315,0.5357906438173767,2.762531660775053,1.8815635007290037
2020-08-04 00:00:00-04:00,204.0080808185462,204.57961789051777,200.3312291436676,203.1698303222656,49280100.0,-0.015122622039838142,-0.6076551221474377,0.001643485326324745,0.003812015553843695,0.026676984605104502,0.42348400196523084,0.020210623761923778,0.32083370589325805,0.01735271002946447,0.27546573186587575,61.41935119636556,5.934411115121435,5.445748614908627,1.2081637676392962,196.50004214219143,0.032828634888824905,195.7394760131836,204.19584936027078,187.28310266609643,0.08640437298930563,0.9393345707496108,197.57975516747942,196.1613651873124,1.4183899801670066,0.6251973930539478,0.7931925871130587,1.7573382829984407,1.4405583690343313
2020-08-05 00:00:00-04:00,204.703465764779,204.798726800464,201.5314796705341,202.8364715576172,28806400.0,-0.001642136282202902,-0.10996023669835013,-0.01576148020522783,0.022521078343516576,0.02709803401451959,0.4301679541271285,0.020211637897336345,0.3208498047938424,0.017359673430857554,0.2755762724360671,60.76893437201606,3.267247129929899,5.290141365981575,0.7072085364674042,196.80700103862978,0.0297257710740383,196.16907806396483,205.16164475729406,187.1765113706356,0.09168179594948209,0.8707169332754737,198.38848076596216,196.6558175110387,1.732663254923466,0.8466905654278515,0.8859726894956145,1.482867733101896,1.3605747782659647
2020-08-06 00:00:00-04:00,202.26492745672692,206.10371159915528,201.5124176259521,206.0846710205078,32656800.0,0.015887013138153327,0.5367703288867105,0.018213524437715733,0.06377239905950494,0.026916333077683083,0.4272835411759874,0.019851439222019807,0.31513182808906764,0.017329461010760466,0.2750966651355733,64.69240311603315,4.591293973203165,5.240223695068831,0.8007333337174746,197.3162565468106,0.04254763069119615,196.8106216430664,206.7122779178548,186.90896536827802,0.10062115745710035,0.9683079840417705,199.57251003589226,197.35425110433272,2.2182589315595465,1.1210042386541905,1.097254692905356,1.8732319361670802,1.7343482546087416
2020-08-07 00:00:00-04:00,204.65584348217192,205.46550412139865,200.9218261131992,202.39828491210935,27820400.0,-0.01804964509059294,-0.7179659766017655,0.0,0.01572740311463572,0.029779588156130198,0.47273630644227016,0.020305383030642398,0.3223379626499449,0.017321715644296187,0.27497371125470804,57.64622266540864,5.162844907308624,5.234696638800245,0.6853518856882994,197.64870546122987,0.02346650048414178,197.26784591674806,207.32131561430492,187.2143762191912,0.1019270996835407,0.7551576296394497,200.00724463223338,197.7278832382421,2.2793613939912802,1.3526756697216085,0.9266857242696718,1.0206305185577986,1.2154159392243695
2020-08-08 00:00:00-04:00,204.65584348217192,205.46550412139865,200.9218261131992,202.39828491210935,27820400.0,0.0,-0.048429574014770306,0.0,0.01811204335634975,0.01358241475913656,0.2156141499384516,0.020305383030642398,0.3223379626499449,0.017321715644296187,0.27497371125470804,57.64622266540863,4.543678008199464,5.185338165185904,0.6885875433532271,197.9842934663866,0.021808442930430542,197.72507019042968,207.8414556067528,187.60868477410656,0.10232779694127798,0.7309725524167598,200.3750969829835,198.0738389177878,2.3012580651956966,1.5423921488164263,0.7588659163792704,0.9238902096670387,1.182181297702684
2020-08-09 00:00:00-04:00,204.65584348217192,205.46550412139865,200.9218261131992,202.39828491210935,27820400.0,0.0,-0.04831962643471868,0.020312131018414226,0.01713756389999599,0.012020692925676915,0.19082258440808728,0.020305383030642398,0.3223379626499449,0.017321715644296187,0.27497371125470804,57.64622266540863,4.543678008199464,5.1395052968297295,0.6963995633922883,197.97291416683407,0.02186466524257838,197.7669822692871,207.95694369014936,187.57702084842484,0.10305017858832694,0.7272482913105256,200.68635666438746,198.39416825070052,2.2921884136869437,1.69235140179053,0.5998370118964138,0.9089931652421014,1.1424550510155802
2020-08-10 00:00:00-04:00,201.62671469191105,201.8267570415429,196.55914474048373,198.36898803710935,36716500.0,-0.020108591286790625,-0.794582435251915,0.023945416504283168,-0.0031113685919323952,0.014860525234434718,0.23590352473268453,0.01866709556316757,0.2963309553601116,0.01753499833327865,0.27835946897872443,50.18429849951724,5.8391401716256155,5.1894792164580075,0.9205542605893262,197.94959860183096,0.0021141885101512636,197.74316787719724,207.9247414468653,187.56159430752916,0.1029777532034993,0.5307329783372823,200.32983841403697,198.39230304969377,1.937535364343205,1.741388194301065,0.19614717004214,0.12293191334912927,0.5742762877193985
2020-08-11 00:00:00-04:00,197.3306871072921,197.7974283117516,193.50142377829144,193.73004150390625,36446500.0,-0.02366322100156098,-0.9232570904568907,-0.027773817117556554,-0.026424050208248895,0.01146423395950357,0.18198907217224664,0.019137737508021686,0.3038021646159502,0.0178025105199358,0.2826060932901679,43.243966006718225,4.867564258817907,5.166485290912286,0.9291117781644138,197.51625786402215,-0.019543775094063347,197.344522857666,207.49759454918023,187.19145116615175,0.10289691899721086,0.3220005992481732,199.31448504324763,198.0469503425984,1.267534700649236,1.6466174955706991,-0.37908279492146324,-0.7119976030073079,-0.11972769520488824
2020-08-12 00:00:00-04:00,195.5494119121457,200.30265206772677,195.03504017950797,199.26437377929688,28013100.0,0.028166803153052446,1.0055117165656535,0.002347716753926088,-0.005183577251069993,0.0206698391959647,0.32812352491330726,0.019925010860870607,0.3162997416487477,0.01756719017242303,0.2788704985824554,51.80698760016736,6.572610563820518,5.266922810405731,0.7519274901083893,197.99720201055763,0.006359248995220551,197.6612464904785,207.6279676742006,187.69452530675642,0.10084648721672602,0.5804240060129625,199.30677561802443,198.13712985642792,1.169645761596513,1.5512231487758619,-0.38157738717934886,0.32169602405184955,0.6736166462846893
2020-08-13 00:00:00-04:00,199.50254710119373,201.32192540104853,198.2737465497508,198.7976531982422,22588900.0,-0.002344965172728313,-0.1322804061825694,-0.0009571436294392166,-0.01319205076101837,0.020607831143161625,0.32713917759130545,0.017222686647413957,0.27340167466470056,0.01603741244741556,0.25458603005299985,51.106711441052745,3.0481788512977346,5.108441099040874,0.6206909816819923,198.36394389874692,0.0021816620695354247,198.0136909484863,207.591004081398,188.4363778155746,0.09673384791765001,0.5409280890619448,199.22844909190408,198.1860575113771,1.0423915805269814,1.449456835126086,-0.4070652545991045,0.16371235624777908,0.5803912270592927
2020-08-14 00:00:00-04:00,198.8547567004113,199.64537663008304,197.6640666620123,198.9881134033203,17958900.0,0.0009576019839002658,-0.008802483276664384,0.0,-0.006217425633110563,0.020653934197576225,0.3278710408912745,0.017136175869208323,0.2720283586355479,0.016018940352922523,0.25429279464366145,51.39544016654038,1.9813099680707467,4.885074589685866,0.5087543833531942,198.75300076874163,0.001181541100910607,198.37565841674802,207.49213492312734,189.2591819103687,0.09191124132001519,0.5335905536609302,199.1914743705835,198.24546905892845,0.9460053116550569,1.34876653043188,-0.40276121877682325,0.134362214643721,0.5901236335348318
2020-08-15 00:00:00-04:00,198.8547567004113,199.64537663008304,197.6640666620123,198.9881134033203,17958900.0,0.0,-0.04458153807919581,0.0,-0.02881816308506846,0.01842410463989867,0.2924735940372187,0.017136175869208323,0.2720283586355479,0.016018940352922523,0.25429279464366145,51.39544016654038,1.9813099680707467,4.677662830999072,0.5250167074290907,199.16693002946485,-0.0008986296874029993,198.73762588500975,207.30454078173864,190.17071098828086,0.08621331626136798,0.5146194704470689,199.16018806792763,198.30047975110563,0.8597083168220081,1.2509548877099057,-0.3912465708878976,0.05847788178827534,0.5649819374544176
2020-08-16 00:00:00-04:00,198.8547567004113,199.64537663008304,197.6640666620123,198.9881134033203,17958900.0,0.0,-0.04448347233669512,-0.006562791978538929,-0.02170600044365323,0.012809732453530972,0.20334819859989722,0.017136175869208323,0.2720283586355479,0.016018940352922523,0.25429279464366145,51.39544016654038,1.9813099680707467,4.485066197932763,0.5345508902186673,199.38610024114786,-0.0020000533248982735,198.9781425476074,207.27177653125,190.6845085639648,0.08336226157763295,0.5006011150077622,199.13371504260343,198.3514155771956,0.7822994654078173,1.1572238032494881,-0.3749243378416709,0.002404460031048641,0.5396286859452429
2020-08-17 00:00:00-04:00,199.65492961793257,201.1694839962256,199.00718662001864,200.3026580810547,20184800.0,0.0065844217843641,0.20284407264273088,-0.005721385196763129,-0.015243246722431159,0.0033304875711446104,0.05286985114704106,0.016996083675206004,0.26980446399983865,0.016019966516088953,0.25430908447891915,53.74983442719616,2.181370592905296,4.320516511859373,0.6035599174832573,199.65541334115213,0.0032313337531479306,199.37154464721678,207.08437784571163,191.65871144872193,0.07737145450864139,0.5603613101615897,199.3135524331344,198.49595205896296,0.8176003741714339,1.0892991174338773,-0.27169874326244337,0.24144524064635875,0.751522948899678
2020-08-18 00:00:00-04:00,200.5408047630147,202.2839769572169,199.28344347190688,201.45526123046875,21336200.0,0.005737815018577939,0.17053349470838394,0.006103956167408331,-0.009576653247794442,0.00323741059106222,0.05139229989454356,0.016844778691880356,0.267402571851812,0.01576837450387018,0.250315185101832,55.77276553919135,3.0005334853100294,4.226232009962991,0.6363678933097591,199.8671993925075,0.007882950429100359,199.72541885375975,207.11626172501073,192.33457598250877,0.07401003751718357,0.6170260555421744,199.64304609426276,198.71516014574118,0.9278859485215776,1.0570164836514173,-0.12913053512983974,0.46810422216869735,0.9394036778169301
2020-08-19 00:00:00-04:00,201.94224572660372,202.5247077340246,199.80336574182783,200.2330474853516,27627600.0,-0.006085402489240497,-0.2756580532403268,-0.022742134984965023,-0.018672004922466345,0.005136380886055946,0.08153751878045774,0.01683598928637938,0.2672630443650459,0.015794162641440786,0.25072455909455604,53.11954009682923,2.7213419921967557,4.118739865836831,0.8208943028314252,200.09242491409103,0.0007022945164476516,200.0258010864258,206.94898217797066,193.1026199948809,0.06922288078779952,0.5149675702675833,199.73381553904565,198.82759624497157,0.9062192940740772,1.0268570457359494,-0.12063775166187218,0.0598702810703331,0.6843554041581121
2020-08-20 00:00:00-04:00,200.08026959141188,205.293783241714,199.4787209713245,204.8927459716797,26981500.0,0.023004726231932105,0.822971501186111,0.007323203926473676,-0.008730912709254635,0.010857174025215187,0.172352294470017,0.017469151646672162,0.27731418523421414,0.015988206898107177,0.253804916173434,60.78000080606483,5.815062270389518,4.239905751876309,0.8314186038521384,200.67023476643337,0.020608397750840612,200.5063018798828,207.37717684037173,193.6354269193939,0.06853525197033508,0.8192056409861331,200.52749714406627,199.27686659509808,1.2506305489681893,1.0716117463823973,0.17901880258579195,1.2768225639445316,1.5618724772176924
2020-08-21 00:00:00-04:00,204.20525755571333,206.48736005046817,203.240859408282,203.40318298339844,36249300.0,-0.007296519466565523,-0.32455190945364776,0.0,-0.03676216935609877,0.012241822930201136,0.19433291440440134,0.017584479696656642,0.27914496127090793,0.015998951549266748,0.25397548222278815,57.54301087671403,3.246500642186163,4.168948244041299,1.1430556216876369,201.26001121806328,0.01053656945727382,200.91232452392578,207.43437639992848,194.39027264792307,0.06492435833846542,0.6909566580294729,200.96991035011737,199.5825196608981,1.3873906892192736,1.1347675349497726,0.252623154269501,0.763826632117893,1.2235731270066899
2020-08-22 00:00:00-04:00,204.20525755571333,206.48736005046817,203.240859408282,203.40318298339844,36249300.0,0.0,-0.04740402706608649,0.0,-0.05984647058163883,0.012300625440929984,0.19526637532352978,0.017584479696656642,0.27914496127090793,0.015998951549266748,0.25397548222278815,57.54301087671403,3.246500642186163,4.103059129623075,1.170355564115011,201.87795928771254,0.007498524228160099,201.31834716796874,207.3579788744876,195.27871546144988,0.06000080759136902,0.67259627049605,201.3442599860068,199.8655317588611,1.4787282271456945,1.203559673388957,0.27516855375673743,0.6903850819842015,1.1822866017806908
2020-08-23 00:00:00-04:00,204.20525755571333,206.48736005046817,203.240859408282,203.40318298339844,36249300.0,0.0,-0.047302835516309545,-0.0031353951994883555,-0.06941590279927845,0.012257335317686692,0.19457916592156727,0.017584479696656642,0.27914496127090793,0.015998951549266748,0.25397548222278815,57.54301087671403,3.246500642186163,4.0418763805204385,1.2570757391487994,201.37292774087175,0.009981432997990007,201.17522430419922,206.84560192705533,195.5048466813431,0.05637252442459683,0.6964559353347811,201.6610173702209,200.1275799977157,1.5334373725051762,1.269535213212201,0.2639021592929751,0.7858237413391256,1.1517893981288285
2020-08-24 00:00:00-04:00,205.0932698409318,205.79032438204533,202.83981177895024,204.04293823242188,25460100.0,0.003140320849617933,0.0722933845058279,-0.012842274183140878,-0.06648897681852572,0.011415612573577556,0.18121723159888947,0.012793949913346354,0.20309765854158493,0.01565210701601637,0.24846949595129156,58.72226008228557,2.950512603095092,3.9639218249900567,0.9209588207143299,201.3357191163299,0.013267889295968819,201.21887969970703,206.96682817525104,195.47093122416302,0.0571313038232006,0.7456579547233645,202.0274667336364,200.41760653361987,1.6098602000165272,1.3376002105730664,0.27225998944346075,0.982631818893458,1.240373493325282
2020-08-25 00:00:00-04:00,203.4795472015141,206.83108203246027,203.4795472015141,206.6974029541016,23043700.0,0.012925449056606933,0.4450970205870009,-0.021162033450148332,-0.054344611030616274,0.007327825291734883,0.116325620237159,0.01265613749898705,0.20090995428575228,0.01570817770706564,0.24935959057742693,63.2796015321803,3.3515348309461785,3.9201798968440658,0.8423305488616747,201.48252165046003,0.025229544392483528,201.41192626953125,207.62883199057956,195.19502054848294,0.06173324327109396,0.9250890170873537,202.74591845986183,200.88277663884077,1.8631418210210597,1.4427085326626652,0.42043328835839455,1.7003560683494168,1.73967539676522
2020-08-26 00:00:00-04:00,208.04374285673757,212.06367291034857,207.5472143423268,211.1661071777344,39600800.0,0.021389159291909307,0.7665099096816469,-0.02396531831615134,-0.019421002032725232,0.00940545904409644,0.1493070335824948,0.013407720416564965,0.2128409632230854,0.01566688160480082,0.24870403527717294,69.40383793557795,5.366269956246981,4.023472043944274,1.429411164883398,201.90337053064314,0.043864693870096276,201.66599807739257,209.00164366010563,194.33035249467952,0.07275044531699275,1.1475305406472662,204.0413321087653,201.64450482690697,2.3968272818583216,1.6335322825017964,0.7632949993565252,2.5901221625890622,2.546887786255757
2020-08-27 00:00:00-04:00,212.8276114739762,220.7147078286442,209.49516257463063,216.3510284423828,57602200.0,0.02425715868824024,0.8731434267640527,-0.01017858458028642,-0.0030358691142153837,0.010737299159186859,0.17044933996626815,0.013956959182809352,0.22155985833835692,0.015864475278381654,0.2518407376027803,74.68035565867072,11.219545254013582,4.537477273234939,1.9731264278715386,203.30514138594788,0.06029963042172102,202.36363525390624,212.21500947552636,192.51226103228612,0.09736308807913607,1.209920914270997,205.93513154470645,202.73387694657185,3.2012545981345966,1.9470767456283564,1.2541778525062401,2.839683657083989,3.315846145825841
2020-08-28 00:00:00-04:00,217.87876641205395,220.227715686254,216.35100743795783,218.5758209228516,26292900.0,0.010230740590393183,0.33469939822870065,0.0,-0.011828258294950378,0.008549103321036321,0.13571280792035095,0.01323969278247321,0.21017360722392536,0.0156391179678937,0.24826330120469134,76.54918807135813,3.876708248296154,4.490279485739311,0.9030088618363368,204.03794302485468,0.06651183025009975,203.17251205444336,215.40476972577687,190.94025438310985,0.12041252576584457,1.1296183943421223,207.879852987498,203.90735427814815,3.97249870934985,2.3521611383726553,1.6203375709771946,2.518473577368491,3.3819436875390787
2020-08-29 00:00:00-04:00,217.87876641205395,220.227715686254,216.35100743795783,218.5758209228516,26292900.0,0.0,-0.05808103760352815,0.0,0.05342842237371781,0.009629176470851429,0.15285843763336485,0.01323969278247321,0.21017360722392536,0.0156391179678937,0.24826330120469134,76.54918807135815,3.876708248296154,4.446452968779085,0.9053837186299257,204.77459910866017,0.06314157602575216,203.98138885498048,218.00625751644438,189.95652019351658,0.13751125767101044,1.020305480933743,209.52538651601392,204.993907362941,4.531479153072922,2.788024741312709,1.7434544117602133,2.0812219237349723,3.0580828280031724
2020-08-30 00:00:00-04:00,217.87876641205395,220.227715686254,216.35100743795783,218.5758209228516,26292900.0,0.0,-0.05796050805245291,0.014987027629420613,0.06842472190877147,0.011468705255715217,0.1820600517991314,0.01323969278247321,0.21017360722392536,0.0156391179678937,0.24826330120469134,76.54918807135813,3.876708248296154,4.405756917316019,0.9219292037166935,205.82312227180654,0.058344507627612834,204.9917304992676,220.177548462738,189.80591253579718,0.14816029823724688,0.9472623883764649,210.9177610401428,205.99997503404546,4.917786006097344,3.213976994269636,1.7038090118277083,1.7890495535058584,2.8003581252166407
2020-08-31 00:00:00-04:00,216.7520263073893,218.3752764538557,214.1834647217213,215.348388671875,28774200.0,-0.014875831751407968,-0.6298176580155238,-0.0076561193371629255,0.05264864754395804,0.0144692910366411,0.22969287438220992,0.01281229651973171,0.2033889018889708,0.01575379780647176,0.2500837872043148,67.51966682784911,4.392356201130298,4.404799723302753,1.0226892267579193,207.09344669927324,0.03833296373152696,206.07264785766603,220.95789418842944,191.18740152690262,0.14446600735721724,0.8115749853275439,211.5993960604093,206.69245011832913,4.906945942080171,3.552570783831743,1.3543751582484278,1.2462999413101765,2.1676709607455815
2020-09-01 00:00:00-04:00,215.3292882434317,217.18170877943533,214.29804337071027,217.0098419189453,25725500.0,0.007685577873854289,0.2408180867102614,-0.018907980989025464,0.06077002947893462,0.009787461605148184,0.15537113624289092,0.01115844819270782,0.17713487361181815,0.015490697028565441,0.24590719183578824,69.51332143625544,2.883665408725051,4.296147272261489,0.9180648817476903,207.93997854745496,0.04179470982186151,206.95992126464844,222.24654898190707,191.67329354738982,0.14772548833463234,0.8287160791830658,212.4317723463379,207.45670136281922,4.975070983518691,3.8370708237691327,1.1380001597495584,1.3148643167322636,2.2643733872081424
2020-09-02 00:00:00-04:00,217.67827952359187,222.3475195477632,217.08627412946225,221.192138671875,34080800.0,0.019089022581406035,0.679953148394937,0.06603779273840638,0.0812135955894151,0.012414035618314716,0.1970667060765521,0.010381290510583974,0.16479787787351965,0.015635843707614797,0.24821132393413728,73.86247987339543,5.337677628817886,4.370542297729804,1.191801590675071,209.0907662210768,0.05470977641185456,208.07964553833008,224.11147198611195,192.04781909054822,0.15409317337412193,0.9089519424456823,213.77952101180517,208.47414116349003,5.305379848315141,4.130732628678334,1.1746472196368067,1.6358077697827293,2.636933991545915
2020-09-03 00:00:00-04:00,218.9195733210918,218.95776110393624,205.2556028872172,207.48995971679688,58400300.0,-0.0639487779655028,-2.498307820346129,0.014235708109396006,0.07223916233570105,0.03237419794805078,0.5139244599943196,0.018263582821267343,0.28992538916462884,0.01768664902015003,0.2807668490004072,49.13251170315913,15.936535784657792,5.196684689653232,1.907378003962035,209.2343821496212,-0.008407261899348284,208.5047378540039,223.96211650230373,193.04735920570408,0.14826884805968446,0.46717496024726524,212.8118961971885,208.40123883410536,4.410657363083146,4.186717575559297,0.22393978752384935,-0.13130015901093914,0.7771751816286183
2020-09-04 00:00:00-04:00,205.3892844294588,208.50210600083884,195.92666935229124,204.57765197753903,59664100.0,-0.014135331912603783,-0.588393926827727,0.0,0.014009334463774836,0.03185083670390335,0.5056163578071389,0.018602052907131565,0.2952984352052173,0.01778718539619622,0.28236281449281053,45.63521793467812,12.575436648547594,5.723738401002829,1.824402473568087,209.09092917639936,-0.022061438066342864,208.78421478271486,223.71009375841902,193.8583358070107,0.14297899859180227,0.3590849218319698,211.5450893941655,208.1180101780634,3.4270792161021006,4.034789903667858,-0.6077106875657572,-0.5636603126721204,0.3788086054817176
2020-09-05 00:00:00-04:00,205.3892844294588,208.50210600083884,195.92666935229124,204.57765197753903,59664100.0,0.0,-0.04606750372489253,0.0,0.04323919240008478,0.03235034602012213,0.5135458223767877,0.018602052907131565,0.2952984352052173,0.01778718539619622,0.28236281449281053,45.63521793467812,12.575436648547594,6.213145418684598,1.715046225598166,208.96467359151583,-0.021444285685996916,209.06369171142578,223.4155356898682,194.71184773298336,0.13729637950000917,0.34371207837037804,210.47317594545373,207.85576142246902,2.617414522984717,3.75131482753123,-1.133900304546513,-0.6251516865184885,0.3652096067528631
2020-09-06 00:00:00-04:00,205.3892844294588,208.50210600083884,195.92666935229124,204.57765197753903,59664100.0,0.0,-0.04597471115704045,0.0,0.05009078015006496,0.03145457251992552,0.4993258589014151,0.018602052907131565,0.2952984352052173,0.01778718539619622,0.28236281449281053,45.63521793467812,12.575436648547594,6.66759479224624,1.622956924416914,208.84647375085862,-0.020866510745700947,209.27744140625,223.20082828318743,195.35405452931258,0.13306151664869897,0.3312267887745165,209.56617225808225,207.61293850062236,1.9532337574598841,3.391698613516961,-1.438464856057077,-0.6750928449019337,0.3607373472583652
2020-09-07 00:00:00-04:00,205.3892844294588,208.50210600083884,195.92666935229124,204.57765197753903,59664100.0,0.0,-0.04588247706283582,0.057189323707038,0.05009078015006496,0.02770301503658675,0.4397717301209488,0.01856432095308488,0.29469945900388905,0.01758955873341265,0.27922558847984486,45.63521793467812,12.575436648547594,7.089583496267766,1.5425456484962055,208.72108910001015,-0.02025361559495281,209.4335609436035,223.05438391020888,195.81273797699814,0.13007297307305207,0.32174685854262003,208.79870759953715,207.38810246187546,1.4106051376616904,2.9954799183459073,-1.584874780684217,-0.7130125658295207,0.35967293808762824
2020-09-08 00:00:00-04:00,197.17753404239843,200.54817062580972,193.07165511687597,193.51089477539065,52924300.0,-0.055613805046833206,-2.167044496196916,-0.04084414047225926,-0.006714543363039227,0.0240817072627201,0.3822852513780923,0.022245007607459573,0.35312854825246776,0.018894649842482073,0.29994326755711986,33.46135264403014,11.50599686066306,7.405041593724573,1.3249684181432821,208.00698029797104,-0.07491095289185701,209.09745330810546,223.9502387638422,194.2446678523687,0.14206567531792122,-0.024701530873276045,206.4467363958223,206.36016115176548,0.08657524405683148,2.4136989834880924,-2.327123739431261,-2.0988061234931035,-1.0840782768475248
2020-09-09 00:00:00-04:00,198.22784947553285,205.14098845525135,197.3684714692086,201.75125122070312,45679000.0,0.04170169433463597,1.5498619797490731,0.028826024517581983,0.028625846262952948,0.034616532384371235,0.5495204156427603,0.024159027424515513,0.38351267089474395,0.01943128432771704,0.30846207591435715,45.186675409301756,11.630093679860693,7.7068310284485815,1.1174280392267903,207.76023962407515,-0.02978414442049024,208.94037857055665,224.04470727657667,193.83604986453662,0.14458027509430857,0.26201764772941544,205.7243540611886,206.01876041613122,-0.29440635494262324,1.8720779158019494,-2.1664842707445726,-0.9519294090823375,0.008687570719819813
2020-09-10 00:00:00-04:00,203.7659930391178,205.04550944722897,194.89539903060145,196.0985107421875,35461500.0,-0.02841837017426375,-1.123288277925692,0.006567609614260617,-0.016332997854327402,0.0363357828562708,0.5768126707832205,0.02435429218204087,0.38661240282410847,0.019733400618621645,0.31325802335088615,39.98179389983259,10.150110416627513,7.881350984747076,0.8683179108949087,207.44730317050403,-0.057872914920995444,208.57514495849608,224.57023410226248,192.5800558147297,0.15337483425409312,0.10998547416126851,204.24345508903457,205.28392710695022,-1.040472017915647,1.2895679290584303,-2.330039946974077,-1.5600581033549263,-0.7193715502660288
2020-09-11 00:00:00-04:00,197.8459033435166,199.2113532265788,192.15497713349296,194.8190155029297,33620100.0,-0.006546136831531495,-0.2893393779227391,0.0,-0.004974403592163279,0.03607144833880059,0.5726164904062819,0.0243468190808548,0.3864937710205439,0.01974522732437569,0.3134457664844122,38.88984826408436,7.056376093085845,7.822424206771274,0.8258874917107502,207.10588523458264,-0.06306812350906366,208.14593658447265,225.15399148588992,191.13788168305538,0.1634243279547744,0.10821736645404285,202.7935413065569,204.50874846961537,-1.7152071630584658,0.688612910635051,-2.4038200736935167,-1.5671305341838286,-0.879081797727132
2020-09-12 00:00:00-04:00,197.8459033435166,199.2113532265788,192.15497713349296,194.8190155029297,33620100.0,0.0,-0.0393521852531719,0.0,0.005519716682842901,0.03607144833880059,0.5726164904062819,0.0243468190808548,0.3864937710205439,0.01974522732437569,0.3134457664844122,38.88984826408436,7.056376093085845,7.7677064843651715,0.8285632147861373,206.76225503643747,-0.06130428029664371,207.71672821044922,225.63748883805795,189.7959675828405,0.17254999904920726,0.1401460580961806,201.56669118292194,203.7909904720831,-2.2242992891611664,0.10603047067580756,-2.330329759836974,-1.439415767615277,-0.8666576285057125
2020-09-13 00:00:00-04:00,197.8459033435166,199.2113532265788,192.15497713349296,194.8190155029297,33620100.0,0.0,-0.0393521852531719,-0.006718057621382556,0.01816453078730107,0.025398863372881685,0.40319445641011276,0.0243468190808548,0.3864937710205439,0.01974522732437569,0.3134457664844122,38.88984826408436,7.056376093085845,7.716897170702362,0.8203148589395693,206.3568581643378,-0.05922339065117909,207.25553207397462,226.02886206347281,188.48220208447643,0.18116119556989704,0.16877169425983765,200.52858723215388,203.1263997336273,-2.5978125014734132,-0.4347381237540366,-2.1630743777193766,-1.3249132229606486,-0.8552978410026327
2020-09-14 00:00:00-04:00,195.01949491924915,199.75556524022997,194.8189690567026,196.1366729736328,30375800.0,0.006740725349594617,0.2174167459907061,-0.01614156892578056,0.025050881675244163,0.01356997309155312,0.2154166445885273,0.024397843994640997,0.3873037664158246,0.019370358141064723,0.30749490268507595,40.963691104550335,4.936596183527371,7.518304243047005,0.7345845891476842,205.9719898537028,-0.05014522134467012,206.72749557495118,226.1497897829895,187.30520136691285,0.18790237993278036,0.22735397559431647,199.85290811545835,202.60864219584994,-2.7557340803915906,-0.8989373150815474,-1.8567967653100432,-1.0905840976227341,-0.6905960224140975
2020-09-15 00:00:00-04:00,199.0108201973697,200.30942320721903,197.5880814107932,199.3545684814453,21823900.0,0.016273263139821574,0.5773547316046109,0.0181906416465496,0.04186827016977346,0.008643933584145181,0.13721819167804417,0.024510114353429487,0.38908600310957464,0.019464649089410497,0.30899172508632006,45.80104115314219,4.172750233586214,7.279336099514092,0.5393658690116404,205.53935196017105,-0.031024036849706685,206.1369186401367,225.70867241191164,186.5651648683618,0.1898908152977904,0.3267311596656082,199.77624047945636,202.36759969848663,-2.5913592190302666,-1.2374216958712911,-1.3539375231589754,-0.6930753613375672,-0.2871358970643703
2020-09-16 00:00:00-04:00,201.11150211344088,201.14014659025136,195.40147480702012,195.79296875,26328100.0,-0.018027171367990653,-0.7265002233416927,0.010546583236543228,0.012392599613441746,0.012552506821218336,0.1992648682763138,0.024158466829580092,0.38350377172603173,0.019597098711889232,0.3110942976602588,41.72582108254215,5.73867178323124,7.169288648351031,0.6768420533059938,204.408998014281,-0.044005815526922475,205.10901565551757,224.58121938802176,185.63681192301337,0.18987174864324774,0.2607860149396791,199.16342944415538,201.88058999859874,-2.7171605544433532,-1.5333694675857037,-1.1837910868576496,-0.9568559402412833,-0.7651265323585484
2020-09-17 00:00:00-04:00,191.01868769979,195.1054646940721,190.93275427264976,193.74957275390625,34011300.0,-0.010491355993999089,-0.4355035114232044,0.012575401451274004,-0.02174325557529988,0.013594520402907989,0.21580632107572884,0.023330928021879898,0.37036700041345405,0.019478293388391327,0.30920832161782263,39.55146626019396,4.86021447735024,7.004354778993832,0.8657720273411607,203.47347587721302,-0.050187997759652984,203.86770324707032,222.88518484729155,184.8502216468491,0.18656688918669634,0.23397817056264775,198.3305284148863,201.2782924249178,-2.9477640100315057,-1.816248376074864,-1.1315156339566417,-1.0640873177494095,-1.03760934205559
2020-09-18 00:00:00-04:00,193.6445568420673,194.4561746821562,187.3902549723177,191.3433532714844,55225300.0,-0.012496987794921408,-0.5106176163684265,0.0,-0.0009970210461065498,0.014462603854895647,0.22958671866298777,0.023102733954032267,0.3667445318883438,0.01953145166864453,0.31005218315586575,37.09978344380167,7.065919709838482,7.0087522740541655,1.355854929098195,202.16369385381387,-0.0565493412618164,202.50607986450194,220.9814240746549,184.03073565434897,0.18246705701394184,0.1979020670455721,197.25557839282445,200.54237100614495,-3.2867926133205003,-2.1103572235239914,-1.176435389796509,-1.2083917318177115,-1.3135940885288648
2020-09-19 00:00:00-04:00,193.6445568420673,194.4561746821562,187.3902549723177,191.3433532714844,55225300.0,0.0,-0.03400288091001963,0.0,-0.013780312787256777,0.013542575902617033,0.2149817276972445,0.023102733954032267,0.3667445318883438,0.01953145166864453,0.31005218315586575,37.09978344380167,7.065919709838482,7.012835662324473,1.309351409278859,200.94375842532241,-0.050173706009095764,201.1444564819336,218.6201337451361,183.6687792187311,0.17376245479349942,0.21957873040243228,196.34600529723366,199.860962285059,-3.514956987825343,-2.391277176384262,-1.123679811441081,-1.1216850783902717,-1.280082532382847
2020-09-20 00:00:00-04:00,193.6445568420673,194.4561746821562,187.3902549723177,191.3433532714844,55225300.0,0.0,-0.03400288091001963,-0.010615161136774631,-0.03575218097831179,0.007980721542454232,0.12669002690513825,0.023102733954032267,0.3667445318883438,0.01953145166864453,0.31005218315586575,37.09978344380167,7.065919709838482,7.016627380004046,1.2695426027792314,199.85793819504667,-0.04449898456353217,199.94420471191407,216.59001659765102,183.29839282617712,0.1665045697095423,0.24165118831484123,195.57636652404145,199.23002828405347,-3.653661760012028,-2.6437540931098154,-1.0099076669022127,-1.0333952467406355,-1.24108870899672
2020-09-21 00:00:00-04:00,188.2878215402221,193.55862414931087,187.5143914784935,193.3962860107422,39839700.0,0.010671903872516375,0.3732288402656422,-0.02352702796923989,-0.02540671622825641,0.009351388244006642,0.14844868624112745,0.023302364987767162,0.3699135763037435,0.018823868063801333,0.2988196416546555,40.99712442978122,6.044232670817365,6.94717061506214,0.9012310922996304,199.06769058449072,-0.029325302417821584,198.7635269165039,213.55971254336495,183.96734128964286,0.14888230105794603,0.3186275489806639,195.24096952199542,198.79789922677116,-3.55692970477574,-2.826389215443,-0.7305404893327401,-0.7254898040773443,-0.9824764882224134
2020-09-22 00:00:00-04:00,195.80249637462487,198.70526273170444,192.95703353650535,198.0559539794922,33517100.0,0.023808207460377685,0.8684387637228019,0.034049443799281764,-0.001924977252680482,0.013603707533149463,0.21595216224701666,0.024000497974319756,0.3809960938905573,0.018998637061056374,0.3015940134763813,48.75794645637905,5.748229195199087,6.861531942214779,0.7586885504173148,198.17591744549844,-0.0006057049212399642,197.60671768188476,207.97466068782504,187.23877467594448,0.10493512697914459,0.5216646781984642,195.67404405391798,198.74294031956532,-3.0688962656473393,-2.874890625483868,-0.19400564016347133,0.08665871279385691,-0.4081906373124917
2020-09-23 00:00:00-04:00,198.51430313425325,198.70528574638803,190.99960067045063,191.5343170166016,30803800.0,-0.0334825929306938,-1.3034355550582624,-0.012796049671980336,-0.04225556402567532,0.021222660622025043,0.3368992929900097,0.024174339736549477,0.3837557463125797,0.019366601135532218,0.30743526207119615,40.69084395729345,7.705685075937396,6.921828594623538,0.7197510249053369,197.30142339182663,-0.03011004223710556,196.808935546875,206.40130203331978,187.21656906043023,0.09747897329753212,0.22506166555838347,195.0371629712539,198.2089682230495,-3.171805251795604,-2.934273550746215,-0.23753170104938892,-1.0997533377664648,-1.244830555389667
2020-09-24 00:00:00-04:00,190.82775593197996,196.28952707803427,190.2070915104246,194.0169677734375,31202500.0,0.012878624291188022,0.45763827252202144,-0.022278878099819655,-0.019637102696767883,0.021961066689298578,0.3486211259135317,0.020659976621978916,0.32796696140498705,0.018615106205137125,0.2955056498870889,44.45819307130903,6.082435567609679,6.861871949836833,0.7541430738898278,196.65294511442985,-0.013586323769735986,196.28090133666993,205.2125697359366,187.34923293740326,0.09100904202540487,0.3732636803098116,194.88020986389753,197.8984496712264,-3.018239807328854,-2.9510668020627433,-0.06717300526611059,-0.5069452787607533,-0.9359041165151171
2020-09-25 00:00:00-04:00,194.360708203797,199.60285202097856,193.39629547770284,198.4379425048828,29437300.0,0.022530801042027995,0.8206316881523924,0.0,-0.0119335381518334,0.02350642014908602,0.37315285156727673,0.02123081155598583,0.3370286850552886,0.018809802807988028,0.29859636264060446,50.489340199945126,6.206556543275724,6.815063706511039,0.7384536731468324,196.1258016318508,0.011651707550712556,195.97391586303712,204.08968064728458,187.85815107878966,0.08282494890717428,0.6518049566091614,195.42755334712604,197.93841210334907,-2.51085875622303,-2.863025192894801,0.35216643667177117,0.607219826436645,-0.3766832654975453
2020-09-26 00:00:00-04:00,194.360708203797,199.60285202097856,193.39629547770284,198.4379425048828,29437300.0,0.0,-0.03401937322443036,0.0,-0.021839258209700896,0.023605890555743407,0.37473189532023216,0.02123081155598583,0.3370286850552886,0.018809802807988028,0.29859636264060446,50.489340199945126,6.206556543275724,6.771598909137088,0.7675538976423583,195.5571118905362,0.014517539226530403,195.66693038940429,202.81976024825855,188.51410053055002,0.07311230205961876,0.69370040740228,195.8906901406271,197.9754143553145,-2.0847242146874123,-2.707364997253323,0.6226407825659108,0.7748016296091205,-0.39371882967055327
2020-09-27 00:00:00-04:00,194.360708203797,199.60285202097856,193.39629547770284,198.4379425048828,29437300.0,0.0,-0.03401937322443036,-0.007734810760980926,0.007905477451218612,0.02117685913898758,0.3361722169872393,0.02123081155598583,0.3370286850552886,0.018809802807988028,0.29859636264060446,50.489340199945126,6.206556543275724,6.731238740146991,0.7990417134502266,194.9417627605289,0.017618504305283736,195.35994491577148,201.33210627192352,189.38778355961944,0.061140080262890244,0.7576954477243508,196.28257511974337,198.00967569972698,-1.7271005799836132,-2.5113121137993812,0.784211533815768,1.0307817908974028,-0.4050353090242034
2020-09-28 00:00:00-04:00,201.35978019848167,202.97348710410117,198.66708273160543,199.9847869873047,32004900.0,0.007764879561075906,0.25931932127460217,0.010518138889734852,0.01576220589194932,0.009499805171765111,0.15080473192833432,0.021324754697134705,0.33851998618844964,0.018769764496275182,0.297960774146362,52.73232746002857,4.535544599218355,6.574403444366374,0.8941218671937825,195.27299700677648,0.023560742051980787,195.6836395263672,201.92933686217592,189.43794219055846,0.0638346399415487,0.8443288418954873,196.85214617629128,198.15598023954757,-1.3038340632562893,-2.269816503690763,0.9659824404344737,1.3773153675819465,-0.21515173197481663
2020-09-29 00:00:00-04:00,199.8988712361869,200.58636790258805,197.47353172695807,197.90321350097656,24221900.0,-0.010463208110857375,-0.4308593333647459,-0.014596072283501571,0.005189483296139885,0.012234619744125964,0.19421856737038798,0.01748149031799408,0.27751005556917474,0.018782426017438583,0.29816176956367085,49.483558727876215,3.1128361756299796,6.327148639456632,0.6975965909729096,194.93860987256897,0.014980068165456842,195.49123764038086,201.16039184242078,189.82208343834094,0.057999061957638286,0.7127280167937403,197.01384884162746,198.13725677743122,-1.1234079358037548,-2.0405347901133615,0.9171268543096067,0.8509120671749618,-0.4998196727861855
2020-09-30 00:00:00-04:00,198.35198170021263,202.41011456289075,197.21570216747432,200.8346099853516,33829100.0,0.01470364296942189,0.520189620804232,-0.010025358050650635,-0.0002377511265262422,0.009449122714284981,0.15000017285837816,0.015185875497824951,0.24106830004820406,0.018829924905411747,0.2989157910344455,53.80023173868381,5.194412395416435,6.246238907739475,0.9765819070325872,195.16713633888432,0.028219606405891117,195.72804260253906,201.8791748917269,189.57691031335122,0.06285386812638617,0.9150916565222147,197.60165824835425,198.33706071875866,-0.7354024704044093,-1.7795083261715712,1.0441058557671619,1.6603666260888563,-0.1214516588581022
2020-10-01 00:00:00-04:00,203.8519379094309,204.32936526589785,201.77990493075555,202.86843872070312,27158400.0,0.010075950374126945,0.34415827217490313,0.030408842217976018,0.031809877080140936,0.009873924246528396,0.15674368812362974,0.013878525694103935,0.22031476530491456,0.018867478322248405,0.2995119330454288,56.57292293146071,3.494755280546258,6.04970436293996,0.7913926606827912,195.48892650100154,0.03637585159247587,196.13051376342773,203.0380580880691,189.22296943878635,0.07043824229179602,0.9877221658382346,198.41193216717716,198.67271834853233,-0.2607861813551722,-1.4757638972082916,1.2149777158531194,1.9508886633529416,0.13569746255200596
2020-10-02 00:00:00-04:00,198.6097849842091,201.4648058885309,196.2608359241088,196.88150024414065,33154800.0,-0.029955657676218005,-1.1669883003767834,0.0,-0.017347332076879662,0.018523189420592105,0.29404651616777594,0.01542130543231997,0.24480563439532832,0.019247022393442233,0.3055370083892359,47.53007364749323,6.607602796594335,6.08955425105813,0.9667824888114408,195.589079674746,0.006564459168545614,196.23363800048827,203.12029270248817,189.34698329848837,0.07018832012871072,0.5470375147068317,198.1764811020946,198.54003552598482,-0.3635544238902071,-1.2533220025446747,0.8897675786544677,0.18815005882732636,-0.6523228314619114
2020-10-03 00:00:00-04:00,198.6097849842091,201.4648058885309,196.2608359241088,196.88150024414065,33154800.0,0.0,-0.0345825121489202,0.0,-0.020847435607120546,0.01785794413410594,0.28348607463437403,0.01542130543231997,0.24480563439532832,0.019247022393442233,0.3055370083892359,47.53007364749323,5.2039699644221,6.026298230584128,0.9674387986587375,195.68936882843408,0.006055070761997854,196.33676223754884,203.19593877532054,189.47758569977714,0.0698715458032536,0.5397087029027525,197.977253277794,198.41718106066304,-0.43992778286903444,-1.0906431586095466,0.6507153757405122,0.15883481161101018,-0.6361437543265651
2020-10-04 00:00:00-04:00,198.6097849842091,201.4648058885309,196.2608359241088,196.88150024414065,33154800.0,0.0,-0.0345825121489202,-0.019916480232057165,-0.04457623278207323,0.017390406773086613,0.27606414911904265,0.01542130543231997,0.24480563439532832,0.019247022393442233,0.3055370083892359,47.53007364749323,5.2039699644221,5.967560497286841,0.9635321724475797,195.7270583445679,0.005863638270437838,196.3740036010742,203.23669301691137,189.51131418523704,0.06989407243311534,0.5369750554276349,197.80867588800118,198.30342692610583,-0.4947510381046527,-0.9714647345085679,0.47671369640391514,0.14790022171054007,-0.6208489062691491
2020-10-05 00:00:00-04:00,197.86502514244748,200.9110144753066,197.6358547310032,200.8823699951172,21331600.0,0.020117486695896903,0.7202690048366568,0.02170852597524675,-0.025160868489916943,0.01873211257378748,0.2973630684066464,0.01595880945911631,0.2533382462969218,0.01812525684956722,0.2877295324387496,53.706287848322575,4.029514231165933,5.8291286211353475,0.6203746223283795,195.77185200554283,0.02544035093621497,196.4503936767578,203.48464514630956,189.41614220720606,0.07161351359902085,0.8150282825076339,198.28155190448058,198.4944597460326,-0.2129078415520098,-0.8197533559172563,0.6068455143652465,1.2601131300305353,-0.07213468470214326
2020-10-06 00:00:00-04:00,199.39279737852067,200.6913859913485,195.57337796687517,196.6141662597656,28554300.0,-0.021476251471532124,-0.8453484318360307,-0.01868161921227285,-0.04587354737049454,0.019793720370007525,0.31421556971875986,0.01629137344309377,0.2586175358766492,0.018225782358483496,0.2893253254208136,47.30854346735899,5.308992028242017,5.791976007357253,0.8277486829037515,195.80590740120164,0.00411088821288743,196.4914535522461,203.5191310290045,189.4637760754877,0.07153163508854382,0.5087306729659498,198.0250310360629,198.35517874704985,-0.3301477109869495,-0.721832226931195,0.39168451594424547,0.034922691863798996,-0.632110692768731
2020-10-07 00:00:00-04:00,197.71221088986192,200.6245206246924,197.38756379022212,200.35716247558597,25681100.0,0.0188583248865917,0.6777697256367744,-0.003561892868655825,-0.052258422239846336,0.017031824219244082,0.2703718275473201,0.01631360098684999,0.2589703871948578,0.01838772449599838,0.2918960771566932,52.63698295484911,4.010354364926798,5.66471731861222,0.7535571626971144,196.0799989258371,0.021347694771181744,196.82183303833008,203.92760495430076,189.7160611223594,0.07220511877446913,0.7487646295900663,198.3838204882972,198.50347383805254,-0.11965334975533892,-0.6013964514960237,0.4817431017406848,0.995058518360266,-0.1249166822890495
2020-10-08 00:00:00-04:00,201.0065174153728,201.65582638078803,198.91539723937615,201.0733642578125,19925800.0,0.0035682515127560474,0.10413971294826811,-0.024234014226031886,-0.055101574000841924,0.01692292045785945,0.2686430339305405,0.01610134558358399,0.2556009371260284,0.018279125422388288,0.2901721203083874,53.60379703503796,2.74042914141188,5.4558395916693385,0.616614247534145,196.63868853807142,0.022055013283882898,197.30833358764647,204.1626844217147,190.45398275357826,0.069478574061581,0.7746453137073664,198.79759645283804,198.6938360913681,0.10376036146993783,-0.46036508890283145,0.5641254503727693,1.098581254829465,-0.02577586161984905
2020-10-09 00:00:00-04:00,201.69396323673163,206.1149453581554,201.69396323673163,206.06719970703125,26458000.0,0.024532489992361555,0.8908369504867419,0.0,-0.022865257726431443,0.018843281616696524,0.29912782225280476,0.01648422150459524,0.2616789039459719,0.01840248414590018,0.2921303793351645,59.77023807824669,5.04158110034291,5.426249699431736,0.8568979181247609,197.51621060616625,0.04149611929031919,198.04452590942384,205.34935139853962,190.73970042030805,0.07376952688363288,1.049135212713926,199.91599695348316,199.24001117400982,0.6759857794733364,-0.23309491522759793,0.9090806947009343,2.196540850855703,0.6264387674147373
2020-10-10 00:00:00-04:00,201.69396323673163,206.1149453581554,201.69396323673163,206.06719970703125,26458000.0,0.0,-0.03678742038192904,0.0,-0.017527170591857377,0.018038614883279763,0.28635413386336006,0.01648422150459524,0.2616789039459719,0.01840248414590018,0.2921303793351645,59.77023807824669,4.420982121423776,5.354444872431167,0.8987664805418144,198.4794852165494,0.03682155384879021,198.78071823120118,206.20869175554319,191.35274470685917,0.07473535250740523,0.9904757301538397,200.8623358386444,199.74572884312252,1.1166069955218916,0.03684546692229995,1.0797615285995916,1.9619029206153598,0.6025055777151046
2020-10-11 00:00:00-04:00,201.69396323673163,206.1149453581554,201.69396323673163,206.06719970703125,26458000.0,0.0,-0.03678742038192904,-0.025248458493436265,-0.017527170591857377,0.011501968509081946,0.18258808957636316,0.01648422150459524,0.2616789039459719,0.01840248414590018,0.2921303793351645,59.77023807824669,4.420982121423776,5.287768961644925,0.919669199945497,199.18035824079482,0.033420367123091675,199.4142639160156,207.06662309800046,191.76190473403076,0.07674836324855559,0.9346983481040689,201.66308412608853,200.2139859441528,1.4490981819357387,0.3192960099249877,1.129802172010751,1.7387933924162784,0.5859769021722817
2020-10-12 00:00:00-04:00,208.9126745888685,213.75379540238984,207.02206617071408,211.40484619140625,40461400.0,0.025572669682810915,0.9297574988578455,-0.006551130468328337,0.007921288218375011,0.013156461388611169,0.208852349807332,0.017115616595033762,0.27170199027593667,0.018485747833305977,0.2934521493958722,65.83250331748349,7.686595695358591,5.4591137283387585,1.3896498708367542,200.09446389557664,0.05350105496441258,200.08170852661132,209.38561564298487,190.77780141023777,0.0930010762591635,1.1085151927660486,203.16181675152205,201.04293855506046,2.118878196461594,0.6792124472323091,1.439665749229285,2.434060771064193,1.2600494844408792
2020-10-13 00:00:00-04:00,212.6652406021213,215.04283405759003,210.4786151732532,212.7989196777344,28950800.0,0.006572683305401803,0.21593578788928483,0.009055384995858118,0.014567854602850261,0.012811411795528737,0.2033748573276511,0.016533688260952684,0.2624641643588928,0.018225499235545343,0.2893208309835047,67.22179422331945,4.564218884336839,5.395192668052907,0.9974915245711207,201.18235289297834,0.05458940676178407,201.14493865966796,211.16841801947308,191.12145929986283,0.09966424635485947,1.0813341156165668,204.64444797093935,201.91375197155483,2.7306959993845226,1.0895091576627518,1.6411868417217708,2.32533646246627,1.3926923945631342
2020-10-14 00:00:00-04:00,212.9326251853201,214.09754923309413,209.23734168865147,210.8892364501953,23421700.0,-0.009014630842082014,-0.3736754780158315,0.005463000038411936,0.030996040752462095,0.012955878090252846,0.20566818865967684,0.014545820790115894,0.23090774655575824,0.017947608716363705,0.28490945575076126,63.417703277317585,4.860207544442659,5.356979444937889,0.8179520100968881,201.9697398216859,0.04229469829113775,201.98855209350586,212.32135989170084,191.65574429531088,0.10231082594633033,0.9307001799764582,205.60518466005567,202.57860267367636,3.0265819863793126,1.4769237234060641,1.5496582629732485,1.7228007199058306,1.1067072403478202
2020-10-15 00:00:00-04:00,207.29898225402468,210.4118036470309,206.25817945216272,209.743408203125,22733100.0,-0.005448131978596249,-0.2348426978169887,0.0,0.02334035202342788,0.01365258686850116,0.21672809764056095,0.01457304139273794,0.23133986022620973,0.01796091142131132,0.28512062964509644,61.18054353265193,4.631056998032591,5.3051278415875105,0.8033080612614669,202.46566306416975,0.03469832592739771,202.55382537841797,213.29756914246832,191.81008161436762,0.10608285223918651,0.8345939265958715,206.2418344359125,203.10932900919107,3.1325054267214227,1.8080400640691359,1.3244653626522869,1.3383757063834871,0.929484555480668
2020-10-16 00:00:00-04:00,210.21127772889517,212.25466641165195,209.41876106893184,209.743408203125,26057900.0,0.0,-0.027950037768182657,0.0,0.02262569878120324,0.01365258686850116,0.21672809764056095,0.013933595978965667,0.22118897897515635,0.01796122473699922,0.2851256033774487,61.18054353265194,2.8359053427201104,5.128754805954125,0.9263257506073949,203.01348346100448,0.03208646602902034,203.11909866333008,214.13718976223524,192.10100756442492,0.10848897195204324,0.8006105812854081,206.78053809240672,203.60074228281582,3.1797958095908996,2.082391213173489,1.0974045964174106,1.2024423251416325,0.9034322142073747
2020-10-17 00:00:00-04:00,210.21127772889517,212.25466641165195,209.41876106893184,209.743408203125,26057900.0,0.0,-0.027950037768182657,0.0,0.022197400955585644,0.005951789776127124,0.09448173362021499,0.013933595978965667,0.22118897897515635,0.01796122473699922,0.2851256033774487,61.18054353265194,2.8359053427201104,4.964979844294552,0.931923509593488,203.5679247825995,0.029443039347128743,203.6843719482422,214.8502942649631,192.51844963152126,0.10963946040551675,0.7713182164006922,207.23636426328645,204.0557545732091,3.180609690077347,2.3020349085542606,0.8785747815230862,1.0852728656027684,0.8800022463217082
2020-10-18 00:00:00-04:00,210.21127772889517,212.25466641165195,209.41876106893184,209.743408203125,26057900.0,0.0,-0.027950037768182657,0.02539431158886485,0.015862861724048827,0.004156663613818671,0.06598498923549137,0.013933595978965667,0.22118897897515635,0.01796122473699922,0.2851256033774487,61.18054353265194,2.8359053427201104,4.812903094182092,0.9419403836710187,204.06604047212008,0.027068158087269666,204.17230300903321,215.50909089229253,192.8355151257739,0.11105118290954229,0.745709157278953,207.62206333095392,204.47706224949917,3.145001081454751,2.470628143134359,0.674372938320392,0.9828366291158123,0.8552033796397681
2020-10-19 00:00:00-04:00,210.4691242054964,212.26425615574857,204.0715990190784,204.5490264892578,27625800.0,-0.025077232847555374,-0.9715395642308007,-0.002003092412570906,-0.009295399591252806,0.010864968589379107,0.17247602934015221,0.015121874722984848,0.24005231924454992,0.018238588003986138,0.28952860874107944,50.350230289824175,8.192657136670164,5.054314097216954,0.9925106685070845,204.35815934599097,0.0009331119611897366,204.50459365844728,215.45053934844057,193.55864796845398,0.10704840897876976,0.5020296478746078,207.14928843223143,204.48239293392575,2.666895498305678,2.5098816141686227,0.1570138841370552,0.008118591498431372,0.19871969877514947
2020-10-20 00:00:00-04:00,206.05767124299427,207.5567857207398,203.4700082929691,204.95957946777344,22753500.0,0.0020051012852642398,0.052115715139900605,-0.0006983534273924397,-0.007306943662090504,0.011471959155797455,0.18211170586158332,0.014889197721533557,0.23635868635468393,0.01822680601502216,0.28934157546458905,51.08723444305643,4.0867774277706985,4.98520433511365,0.834057905139499,204.60170879309928,0.0017460548836187946,204.71084213256836,215.52022077719377,193.90146348794295,0.10560631310016676,0.5115056259653165,206.8124101300071,204.51774008458113,2.29467004542596,2.46683930042009,-0.17216925499413005,0.04602250386126573,0.24726811549461009
2020-10-21 00:00:00-04:00,203.49865008216517,207.12710123202376,203.49865008216517,205.10281372070312,22724900.0,0.000698597389735073,0.0025936056427398185,-0.00041882169216755916,0.02246777427268043,0.011546223089104857,0.18329060925506055,0.014586714501039759,0.23155691409150492,0.018208661397313503,0.2890535385880404,51.358516998374945,3.6284511498585914,4.888293393309717,0.8398338359731703,204.7097335216552,0.0019165032010881563,204.82256088256835,215.59789564650242,194.04722611863428,0.10521628786891235,0.5130043680439887,206.54939529780648,204.561078872442,1.9883164253644736,2.3711347254089667,-0.38281830004449313,0.05201747217595508,0.2616534812575949
2020-10-22 00:00:00-04:00,204.27208418481783,206.3059296091729,202.14276202063672,205.18875122070312,22351500.0,0.00041890942246887794,-0.008915029132198625,-0.006196982330042289,0.007690513250168118,0.011588253236450524,0.18395781715972476,0.014437790657850745,0.22919282137130825,0.01797692157751016,0.285374782995617,51.53220643635547,4.163167588536169,4.83649869296875,0.842859965669431,205.2192812827199,-0.00014879013510797783,205.2379234313965,215.34404837897893,195.13179848381407,0.09848204248627117,0.4975672074633743,206.34006543979058,204.60757312046135,1.732492319329225,2.2434062441930185,-0.5109139248637935,-0.009731170146502825,0.26859310685782956
2020-10-23 00:00:00-04:00,205.32240845573483,206.51597685096647,203.53683479884484,206.46823120117188,18879600.0,0.006216263322292566,0.21178987186452095,0.0,0.06685405395176924,0.012476520823907133,0.1980586279642618,0.01266651754775915,0.20107473245163848,0.0179687933288443,0.28524575104823086,54.156885348623035,2.979142052121631,4.70383036147967,0.7316290562095231,205.800599889236,0.003233578880643255,205.71725997924804,215.03305240104385,196.40146755745224,0.09056889463466067,0.5403063522630032,206.35978324923386,204.74539964495844,1.6143836042754174,2.1176017162094984,-0.5032181119340811,0.16122540905201244,0.42452856298481056
2020-10-24 00:00:00-04:00,205.32240845573483,206.51597685096647,203.53683479884484,206.46823120117188,18879600.0,0.0,-0.02443197887322127,0.0,0.05622310236247641,0.002543765928424638,0.04038103224102553,0.01266651754775915,0.20107473245163848,0.0179687933288443,0.28524575104823086,54.15688534862304,2.979142052121631,4.580638339382667,0.7524415012163665,206.41499170799503,0.0002578580388232838,206.19659652709962,214.53322442389762,197.8599686303016,0.08086096509068573,0.5162916395834695,206.376467549532,204.87301679727057,1.5034507522614433,1.9947715234198875,-0.4913207711584442,0.06516655833387767,0.4251019348918577
2020-10-25 00:00:00-04:00,205.32240845573483,206.51597685096647,203.53683479884484,206.46823120117188,18879600.0,0.0,-0.02443197887322127,0.02927458178000708,0.06796056428871289,0.00267154525659431,0.0424094661912167,0.01266651754775915,0.20107473245163848,0.0179687933288443,0.28524575104823086,54.15688534862304,2.979142052121631,4.466245747435451,0.7561361266106281,206.6533414653411,-0.0008965556739276914,206.47588958740235,214.42830956688965,198.52346960791505,0.07703001057778226,0.4995184870611569,206.3905850343997,204.9911808271892,1.3994042072104946,1.875698060178009,-0.4762938529675145,-0.0019260517553722502,0.4381921007149883
2020-10-26 00:00:00-04:00,204.1956771598452,206.5732559651668,198.70526280324816,200.5958709716797,37111600.0,-0.02885426457918717,-1.1137884534670062,-0.014865313167708227,0.037585677518435334,0.013898276788982832,0.22062830421593937,0.013682495511767128,0.21720288263335955,0.018333847090719002,0.2910407998627652,41.32773757841702,7.867993161918633,4.709227705612822,1.4612945897614955,206.77512887445465,-0.030804511941561138,206.67497482299805,213.73744800063437,199.61250164536173,0.06834376715114938,0.06961933175419656,205.499090563212,204.6656023193737,0.8334882438383033,1.667256096910068,-0.8337678530717647,-1.7215226729832107,-0.281776636835183
2020-10-27 00:00:00-04:00,202.03772500009524,204.9786795523544,200.8346131891416,203.62278747558597,36700300.0,0.014976909257018977,0.5467695552958516,0.0521511955203664,0.05324245647546966,0.016460405970575877,0.26130084406383924,0.013131963426851094,0.20846345672066124,0.0183594663311219,0.29144749269607184,48.146348483306376,4.38280858067472,4.685912053831529,1.414414461286887,206.8697986024077,-0.01594620703839966,206.83825607299804,213.42038314069177,200.2561290053043,0.063645161128904,0.2557424397658494,205.2104285497311,204.58835677538943,0.6220717743416628,1.458219232396387,-0.8361474580547241,-0.9770302409366035,0.15067814068107835
2020-10-28 00:00:00-04:00,198.2946990670068,199.4118774599647,192.9761652866893,193.52996826171875,51195600.0,-0.050836825966038855,-1.924666173615316,-0.009964766548821169,0.0017299202916103429,0.026474866466327313,0.42027547598127274,0.01685066711297287,0.2674960476387657,0.01922198887395244,0.3051396135871719,33.970207827421405,10.646622188896657,5.111677063479037,1.8609249773770953,205.83849216127962,-0.0636000925857412,206.46108627319336,215.00598059562043,197.9161919507663,0.0827748654884078,-0.25665757372419373,203.41343465926766,203.7692168854879,-0.35578222622024214,1.095418940673061,-1.4512011668933031,-3.026630294896778,-1.1939076944111477
2020-10-29 00:00:00-04:00,194.8572097568725,197.99867537575767,194.1887997967496,195.4778594970703,31432600.0,0.01001474714216196,0.3604756266070987,0.011112672975986948,-0.00828373463220844,0.02803189616642964,0.44499255620374617,0.017008481259968428,0.2700012695566739,0.01899800259910083,0.3015839417050772,37.778018847536195,4.468707114038921,5.065750638519029,1.1323160143179478,205.24101744125696,-0.04994508313783213,205.9316192626953,215.79053676115157,196.07270176423904,0.09574942919163669,-0.030167727200368175,202.19257694200653,203.15504226412364,-0.9624653221171116,0.6838420881150266,-1.6463074102321382,-2.1206709088014746,-0.9046306525573146
2020-10-30 00:00:00-04:00,194.31295179301887,195.06728067422344,190.608110506775,193.32945251464844,36953700.0,-0.011051380886917435,-0.43651400313296584,0.0,-0.06432844023661854,0.02738180743636836,0.43467271754453846,0.016046989990305505,0.2547380688329469,0.01897325137723878,0.3011910282389253,35.356221301832306,4.869748990295307,5.051750520788763,1.3065069552597108,204.4242485792957,-0.05738802815782355,205.29473190307618,216.64907651238835,193.94038729376402,0.11061506064045308,-0.026903128279836097,200.8290193377976,202.42722080119952,-1.5982014634019208,0.22743337781163708,-1.825634841213558,-2.107612513119345,-1.1900168555706185
2020-10-31 00:00:00-04:00,194.31295179301887,195.06728067422344,190.608110506775,193.32945251464844,36953700.0,0.0,-0.01956689436608883,0.0,-0.09324211963985729,0.02626236745776105,0.41690215879818804,0.016046989990305505,0.2547380688329469,0.01897325137723878,0.3011910282389253,35.35622130183232,4.459170167448434,5.009423352693026,1.2827077244769758,203.6372361155897,-0.05331719232050404,204.65784454345703,217.19691289058676,192.1187761963273,0.12253689444547221,0.04827616712840813,199.6752398265439,201.75331203923278,-2.0780722126888804,-0.23366774028846646,-1.844404472400414,-1.806895331486368,-1.1740396648418667
2020-11-01 00:00:00-04:00,194.31295179301887,195.06728067422344,190.608110506775,193.32945251464844,36953700.0,0.0,-0.01956689436608883,0.0006920313014240342,-0.09498460871419279,0.023815120667639935,0.37805332037741873,0.016046989990305505,0.2547380688329469,0.01897325137723878,0.3011910282389253,35.35622130183232,4.459170167448434,4.970119553746984,1.2905644562797398,202.42328558313105,-0.04703801179902259,203.75407485961915,216.83928996521712,190.66885975402118,0.12844126052068713,0.1016640819106225,198.69896485548307,201.1293224448191,-2.4303575893360403,-0.6730057100979813,-1.7573518792380591,-1.5933436723575105,-1.1936521010004755
2020-11-02 00:00:00-05:00,195.067262075214,196.01257348222185,191.08551968739417,193.1957550048828,30842200.0,-0.0006917919581785909,-0.05245907001996842,-0.019861517149338814,-0.09561047457446725,0.0074550195315043945,0.1183447661969393,0.014670006622076666,0.2328791355221134,0.018901393675465453,0.3000503225868641,35.18092742225461,4.927053794827685,4.967043428109892,1.073581747905899,201.40516087004917,-0.04249268243476093,202.77391662597657,215.94296530936157,189.60486794259157,0.12988898081675623,0.13633813453897245,197.85231718615995,200.5416507826016,-2.6893335964416565,-1.0762712873667164,-1.61306230907494,-1.4546474618441094,-1.1760535521187645
2020-11-03 00:00:00-05:00,194.6853471835195,198.7243789617625,193.95010489814203,197.1106719970703,27512000.0,0.020061408269413234,0.7293129836775031,-0.04602817876633225,-0.07728393359764651,0.011305232076989042,0.17946499553749934,0.015444232992200576,0.24516959812501007,0.01906436295246613,0.3026373796565909,43.94488175106778,5.528623956879699,5.007156323022021,0.9508919537266224,200.81710382190838,-0.018803811012795657,202.08498840332032,214.9034351215916,189.26654168504905,0.12686193882633456,0.30597039112548347,197.73821792630002,200.28750420589557,-2.549286279595549,-1.370874285812483,-1.178411993783066,-0.7761184354980669,-0.5030987112658207
2020-11-04 00:00:00-05:00,204.358061650324,208.46394087285225,202.830287893592,206.62106323242188,42311800.0,0.04712114546100514,1.740649735399497,-0.030901526397308254,-0.00915772921214053,0.02085147924735876,0.33100697133801327,0.01893277110055358,0.3005484237682526,0.019863657674391764,0.3153257900073614,58.59174757843189,11.353268875781936,5.460450076790586,1.4145535352805936,200.88840251078088,0.027744803128771523,201.92887115478516,214.4266340400536,189.4311082695167,0.12378381371417176,0.6877212794286395,199.10480951185724,200.75665672637902,-1.65184721452178,-1.4270688715543425,-0.22477834296743748,0.750885117714558,1.0764428815258789
2020-11-05 00:00:00-05:00,212.0159954720293,214.00209559871425,211.16617511411457,213.2095642089844,36080100.0,0.031389048309747834,1.1466535719486413,-0.001921669623255351,0.05819652149059795,0.020570135736530586,0.32654078156221433,0.02016395463243,0.3200928564299916,0.018587553621323975,0.2950682661786077,65.34702085029365,7.381032366292374,5.597634526040714,1.1863427600411405,201.23990801331274,0.056140334229749685,202.10217895507813,215.14064997480486,189.0637079353514,0.12902850515654093,0.925946617402501,201.27477177295373,201.67909431768314,-0.40432254472941054,-1.2225196061893562,0.8181970614599456,1.703786469610002,2.0771404188478018
2020-11-06 00:00:00-05:00,212.2259772900204,214.2311777698571,208.18694642798204,213.6200714111328,25231900.0,0.0019235183991965275,0.0238165346990108,0.0,0.03310993741627999,0.020125682777621376,0.31948530956977084,0.020164600700107334,0.32010311243641765,0.018494445214478236,0.2935902160417082,65.72224197303152,6.044231341875076,5.629534298600312,0.830773374319018,201.38937617934386,0.05725442909458532,202.2960121154785,215.9151181789996,188.67690605195742,0.13464532415742103,0.9157416515752791,203.1740486403659,202.56361113942017,0.6104375009457215,-0.8559281847623407,1.466365685708062,1.6629666063011144,2.0491991938239944
2020-11-07 00:00:00-05:00,212.2259772900204,214.2311777698571,208.18694642798204,213.6200714111328,25231900.0,0.0,-0.04981198490660129,0.0,0.03843286133924417,0.019949817553730948,0.31669353568969827,0.020164600700107334,0.32010311243641765,0.018494445214478236,0.2935902160417082,65.72224197303152,6.044231341875076,5.659155515977081,0.8319046180912276,201.53925139966245,0.05655283200528306,202.4898452758789,216.6546602609683,188.3250302907895,0.13990642311757207,0.8928828631708264,204.78112906663773,203.38260819658407,1.3985208700536589,-0.40503837379914076,1.8035592438527996,1.571531452683305,1.9501619769774599
2020-11-08 00:00:00-05:00,212.2259772900204,214.2311777698571,208.18694642798204,213.6200714111328,25231900.0,0.0,-0.04981198490660129,0.02440570836080358,0.03330079620625703,0.021882974064859607,0.3473814439325684,0.020164600700107334,0.32010311243641765,0.018494445214478236,0.2935902160417082,65.72224197303152,6.044231341875076,5.686660932112652,0.8352006424238392,201.9061337320921,0.054835379473757884,202.94339752197266,217.94218298629218,187.94461205765313,0.14781249991338702,0.8559179479751476,206.14096635040622,204.14093880506917,2.0000275453370477,0.07597481002809692,1.9240527353089507,1.423671791900592,1.8621928586616954
2020-11-09 00:00:00-05:00,214.30760543386708,217.8214639696989,208.043760517,208.53073120117188,44395000.0,-0.02411264772208811,-0.9689244070307904,0.034974651346678876,0.008683168956259202,0.019707006083626084,0.31283902309746947,0.020103541803240563,0.31913383249779315,0.018756529309623248,0.2977506720717428,56.285204079421234,9.777703452698887,5.978878255011669,1.4187032997514433,202.26503966577266,0.03004684968641208,203.12195510864257,218.30569008664997,187.93822013063516,0.14950363164716662,0.6781108567939163,206.50862248129323,204.4661086121879,2.042513869105335,0.4692826218435445,1.5732312472617904,0.7124434271756652,1.075856595594704
2020-11-10 00:00:00-05:00,204.81635040648283,206.72605996738244,200.252145721527,201.48390197753903,44045100.0,-0.03437693496492771,-1.3731567529353683,-0.025583036334687503,-0.025403020601721837,0.016785033772543412,0.266454150659821,0.021522743767324,0.34166296524062834,0.017906961482130654,0.2842642009111818,46.35916688353262,8.278585479644875,6.1431430567711836,1.3611529769301396,202.11223143970386,-0.0031185094987631955,202.94100952148438,218.11159864754174,187.770420395427,0.1495073781472574,0.4519759077304856,205.73558855763875,204.24520441702873,1.4903841406100184,0.6735029255968393,0.8168812150131791,-0.19209636907805758,0.027436717469280794
2020-11-11 00:00:00-05:00,202.80160436416497,208.19652799591583,202.62017962636645,206.7738037109375,29440800.0,0.025915972833512973,0.9698887618772045,0.005152330579915265,-0.003130424854722924,0.023572351780646133,0.3741994837711215,0.022300800546271378,0.35401423369852464,0.017427156824858642,0.2766475381049879,53.052368152022744,6.712626018376795,6.183820411171585,0.8999687740108063,202.2168921288092,0.022038147484575443,203.0202621459961,218.25671101761415,187.78381327437805,0.15009781497239133,0.6231763909218169,205.89531396583857,204.43250806842937,1.462805897409197,0.8313635199593108,0.6314423774498863,0.49270556368726753,0.7809404091461303
2020-11-12 00:00:00-05:00,207.40399459384705,209.2182126853454,204.7781441840893,205.71389770507807,21593900.0,-0.0051391027413890894,-0.24104050119515538,-0.004942125123398533,0.004569556019477838,0.023328050306408676,0.3703213180965689,0.022333352892789468,0.35453098617939544,0.017049165790609794,0.2706471164583806,51.6614256150741,4.440068501256093,6.059266703320478,0.6573715670411597,202.20966266348975,0.017034508026347185,202.9825454711914,218.18675720417292,187.77833373820988,0.14980807041992092,0.5898222243235971,205.8674037718754,204.52742581929223,1.3399779525831548,0.9330864064840796,0.4068915460990752,0.3592888972943887,0.6004152861927757
2020-11-13 00:00:00-05:00,206.59238856748885,207.6045323412355,204.49171088632605,206.7356109619141,18621100.0,0.0049543778099762825,0.14733497174062216,0.0,0.02304647949082006,0.023828373961278716,0.3782637098915431,0.022317827312194456,0.35428452522810966,0.017031237462609414,0.27036251307450737,52.942228018086524,3.112821454909465,5.8488063284339775,0.567095338413643,202.2155678805588,0.0218638823777099,202.99591445922852,218.2134955622192,187.77833335623782,0.14992992488079976,0.6228742096846988,206.0009741088044,204.6909950891161,1.3099790196883134,1.0084649291249264,0.30151409056338707,0.491496838738795,0.7271191250508602
2020-11-14 00:00:00-05:00,206.59238856748885,207.6045323412355,204.49171088632605,206.7356109619141,18621100.0,0.0,-0.04617055843786007,0.0,0.016592701729343462,0.021733717819341882,0.34501207448898985,0.022317827312194456,0.35428452522810966,0.017031237462609414,0.27036251307450737,52.94222801808652,3.112821454909465,5.653378837467941,0.5673186485086678,202.2214777483259,0.0218352957798829,203.00928344726563,218.24017277578045,187.7783941187508,0.15005116091128165,0.6223279689805158,206.11399516312895,204.84244811673076,1.271547046398183,1.0610813525795777,0.21046569381860536,0.4893118759220629,0.7065797181333437
2020-11-15 00:00:00-05:00,206.59238856748885,207.6045323412355,204.49171088632605,206.7356109619141,18621100.0,0.0,-0.04617055843786007,-0.003314554511426593,0.026401887195393936,0.012146753276678988,0.19282373044170928,0.022317827312194456,0.35428452522810966,0.017031237462609414,0.27036251307450737,52.94222801808652,3.112821454909465,5.471910452999479,0.5837614494109828,202.44780047133338,0.02074055103825646,203.31627044677734,218.58978441783677,188.0427564757179,0.15024389280303682,0.611936929563681,206.20962836294203,204.98268240155917,1.226945961382853,1.0942542743402328,0.13269168704262024,0.44774771825472426,0.6817413029924839
2020-11-16 00:00:00-05:00,205.16966806985056,207.9101115453344,204.83547759620689,207.42312622070312,24953300.0,0.0033200598156847027,0.07325744673547846,0.012916288788787034,0.029815266031354204,0.003873401886034731,0.06148834870953869,0.021315372686621693,0.3383710513887583,0.017017901329108753,0.27015080851834394,53.96731788121039,3.0746339491275023,5.300676417008623,0.7969467721137455,202.577192852587,0.023362551015454022,203.50628738403321,218.8900195353724,188.12255523269403,0.15118679967178422,0.6273045707679246,206.39632034105912,205.16345601779204,1.23286432326708,1.1219762841256022,0.11088803914147771,0.5092182830716985,0.7568421839207047
2020-11-17 00:00:00-05:00,206.34411364526463,207.85277130198585,204.4153030048756,204.7781524658203,24154100.0,-0.012833584920818574,-0.562361638895616,0.013359851174293391,0.01668348848726109,0.00700200674399448,0.111153411138039,0.021306232595140334,0.3382259569346379,0.016988557993844654,0.269684997511868,49.499880843934406,3.4374682971102573,5.167590122730169,0.8062371804179371,203.43893628213206,0.006539839175039829,204.06869659423828,218.72185063557728,189.41554255289927,0.14361001256821598,0.5242082990999939,206.14737143717622,205.1349150139423,1.012456423233914,1.1000723119472646,-0.08761588871335069,0.09683319639997551,0.3332486850224012
2020-11-18 00:00:00-05:00,204.53880869388323,205.99399180635928,201.93480295916703,202.0784149169922,28372800.0,-0.013271395329620435,-0.5891385135439487,-0.006308391545112091,0.004616556443960418,0.007874374788690122,0.1250018245259451,0.018143066726494437,0.28801225547013004,0.016915648333578805,0.2685275925364421,45.37136187529998,4.059188847192246,5.088418603048889,0.9519138054476171,203.79395727713325,-0.008489488404022525,204.3987243652344,218.52504364960103,190.27240508086774,0.1382231648288051,0.41787282300740414,205.52137812637866,204.90850759935338,0.6128705270252794,1.0026319549628677,-0.3897614279375883,-0.32850870797038323,-0.11270663659575193
2020-11-19 00:00:00-05:00,202.3656550784978,203.94528459890915,200.97747898156572,203.36129760742188,24792700.0,0.006328373527494736,0.19328696168544968,0.009649081140720162,-0.006733426572426038,0.009188829595982021,0.14586814770431128,0.018079959164249353,0.28701045397684194,0.01687202542810202,0.26783510038029623,47.60755288121481,2.96780561734343,4.936946246927071,0.8491229368028849,204.4377945938685,-0.005293519460741905,204.90031661987305,218.05039636880684,191.75023687093926,0.12835587534332174,0.44148252170957514,205.18905804653917,204.7938994518029,0.395158594736273,0.8811372829175488,-0.48597868818127576,-0.23406991316169934,0.06008927584444761
2020-11-20 00:00:00-05:00,203.1506101097938,204.1941229478921,201.0444332544563,201.4178009033203,22843100.0,-0.009602826065244185,-0.4797843066829086,0.0,-0.016271764142216316,0.009331372207417685,0.14813094151084213,0.01803084212976582,0.2862307452265595,0.016839231787148443,0.26731451746901114,44.62718700836273,3.1496896934358176,4.809285064534839,0.8017238232684554,205.03709013223565,-0.017969063373165207,205.30473403930665,217.41270260513272,193.19676547348058,0.11795118726787797,0.33948863449493305,204.6088646398901,204.54381807784122,0.06504656204887738,0.7179191387438145,-0.6528725766949371,-0.6420454620202679,-0.2836517112117318
2020-11-21 00:00:00-05:00,203.1506101097938,204.1941229478921,201.0444332544563,201.4178009033203,22843100.0,0.0,-0.051176003025783776,0.0,-0.016271764142216316,0.008666937199302586,0.13758336274781574,0.01803084212976582,0.2862307452265595,0.016839231787148443,0.26731451746901114,44.627187008362725,3.1496896934358176,4.6907425380277665,0.8220801491347557,205.66681873225113,-0.021095542746841566,205.70915145874022,216.6134586799923,194.80484423748814,0.1060167439700824,0.30322681357251974,204.1179317573409,204.31226125009894,-0.1943294927580439,0.5354694124434428,-0.7297989052014867,-0.7870927457099213,-0.2945440703064757
2020-11-22 00:00:00-05:00,203.1506101097938,204.1941229478921,201.0444332544563,201.4178009033203,22843100.0,0.0,-0.051176003025783776,0.0013323671067357878,-0.02248762106327984,0.007963031734331225,0.1264092099069347,0.01803084212976582,0.2862307452265595,0.016839231787148443,0.26731451746901114,44.627187008362725,3.1496896934358176,4.5806673348426274,0.8340856673030392,206.19183855009567,-0.023702163489844042,206.1202537536621,215.5597463551427,196.6807611521815,0.09159209179668386,0.25091601588817386,203.70252701056847,204.09785677996717,-0.3953297693986997,0.34930957607501434,-0.744639345473714,-0.9963359364473038,-0.33277610436532
2020-11-23 00:00:00-05:00,201.9539699700148,203.23682175525892,199.28295679876337,201.14979553222656,25683500.0,-0.0013314802933021232,-0.155502261163727,-0.017534946400440066,-0.023788293430323515,0.005696325488098515,0.09042636377032374,0.018036070928387642,0.28631374983141333,0.016793745133230176,0.26659243922356995,44.15114049425511,3.9538649564955506,4.535895736389264,0.940940233158714,206.41228410656763,-0.026162037900247084,206.32220993041992,215.09970823459938,197.54471162624046,0.08508534594641635,0.20535941911088285,203.30979909082356,203.87948187272713,-0.5696827819035661,0.16551110447929826,-0.7351938863828644,-1.1785623235564704,-0.40817973316528194
2020-11-24 00:00:00-05:00,200.65198958401243,205.11326647035585,199.9531246683301,204.73989868164065,33979700.0,0.017690504726717148,0.8334518610772925,-4.657762862325665e-05,-0.006364956195614835,0.009972610270370108,0.1583102801854075,0.01792391335080963,0.28453330348387623,0.01667479053791027,0.26470409356442115,51.59930985276323,5.160141802025748,4.580484741077585,1.2641744204064405,206.29014217208334,-0.007571770331161617,206.22815170288087,215.0324415647719,197.42386184098984,0.08538397681588718,0.4154813707530207,203.52981441248772,203.94321645116514,-0.4134020386774182,0.049728475847954964,-0.4631305145253732,-0.3380745169879169,0.20751857645678637
2020-11-25 00:00:00-05:00,205.93656045611112,206.10887728216528,203.39957646316228,204.7494354248047,21012900.0,4.657871339477248e-05,-0.08624561750268298,0.0,-0.000934256083702345,0.008076202757358581,0.12820574420222958,0.014611060615108053,0.23194339667079802,0.016096864235269976,0.25552979792696556,51.617768461882775,2.709300819003005,4.446828746643686,0.8043029051384647,205.75038786621465,-0.004888670092463183,205.80514526367188,213.98813805252306,197.6221524748207,0.0795217512989518,0.4354936594649377,203.71744841438263,204.00293637513843,-0.28548796075580185,-0.0173148114727964,-0.26817314928300545,-0.258025362140249,0.19186263007411522
2020-11-26 00:00:00-05:00,205.93656045611112,206.10887728216528,203.39957646316228,204.7494354248047,21012900.0,0.0,-0.08539592283811179,-0.006318672875790132,-0.01082278255660607,0.008076202757358581,0.12820574420222958,0.012669390870492268,0.20112034503596804,0.016025960222117573,0.2544042316124193,51.617768461882775,2.709300819003005,4.322719608955066,0.8108500769159381,205.32668941876645,-0.0028193190997772553,205.36161346435546,212.67668162750684,198.04654530120408,0.07124085207307795,0.4581563680681384,203.87621564675527,204.05823260103963,-0.18201695428436437,-0.05025524003511,-0.13176171424925437,-0.1673745277274465,0.17434534939070742
2020-11-27 00:00:00-05:00,205.6876220804574,207.04706373012735,204.9121526574689,206.0514068603516,14512200.0,0.006338720182110186,0.23820802475383274,0.0,-0.0006502093495011074,0.007928547969883714,0.12586179711695003,0.012772716487963898,0.20276058836332078,0.01580098195187967,0.25083281229176146,54.37289212337611,2.297628305322661,4.17807023012418,0.5718266560067963,204.93513907227978,0.005417423763713217,204.9831802368164,211.2000166080403,198.7663438655925,0.06065703892428262,0.5859140051103593,204.21086044884703,204.20587513876646,0.004985310080570571,-0.03920713001197389,0.04419244009254446,0.34365602044143667,0.3915208603992394
2020-11-28 00:00:00-05:00,205.6876220804574,207.04706373012735,204.9121526574689,206.0514068603516,14512200.0,0.0,-0.0954578205507187,0.0,0.004620778632185241,0.007700757050421518,0.12224572837405573,0.012772716487963898,0.20276058836332078,0.01580098195187967,0.25083281229176146,54.37289212337611,2.13491107265844,4.032130290305199,0.5841639098189266,204.52669320001064,0.007399676049648635,204.60474700927733,209.3567879785396,199.85270604001508,0.04645093565739003,0.6522145811064893,204.49402143523236,204.3425811922172,0.15144024301514492,-0.0010776554065501237,0.15251789842169505,0.6088583244259583,0.37031395274863127
2020-11-29 00:00:00-05:00,205.6876220804574,207.04706373012735,204.9121526574689,206.0514068603516,14512200.0,0.0,-0.0954578205507187,0.005418655503641956,0.004058456405071631,0.0028296260674618603,0.04491892126685856,0.012772716487963898,0.20276058836332078,0.01580098195187967,0.25083281229176146,54.372892123376104,2.13491107265844,3.8966146319018593,0.621546224828999,204.1934126519509,0.009017139153337237,204.48078079223635,208.92069814364118,200.04086344083152,0.043426255848622065,0.6768755974273131,204.73361919294302,204.4691608713383,0.26445832160473515,0.05202953999570693,0.21242878160902823,0.7075023897092545,0.3551269050240166
2020-11-30 00:00:00-05:00,204.96962217882137,205.60146510182236,201.84863688732,204.9409027099609,33064800.0,-0.005404027409185268,-0.3810726282104993,-0.009897773528037557,-0.0013528683709265188,0.004159571963266133,0.06603115785167331,0.011743587178825142,0.18642366704986763,0.015791739893725988,0.2506860991668992,51.26308995944096,4.202769973031593,3.918482870553983,1.4502404216227265,204.50933205440268,0.0021058297775188653,204.65363082885742,208.86561875208432,200.44164290563052,0.04116211284567138,0.5341016980983421,204.76550896479193,204.50410471123627,0.26140425355566776,0.0939044827076991,0.16749977084796866,0.1364067923933681,0.14629847278680505
2020-12-01 00:00:00-05:00,205.3621248167445,208.05230344579505,204.25160461083848,206.98963928222656,30904500.0,0.009947082121763031,0.4622966354183543,0.003900220024745771,0.008630326171024771,0.006013416739917408,0.09546003134168544,0.009097133631177392,0.1444125193897042,0.015774874072622007,0.250418362557111,56.236075588557874,3.800698834956563,3.9100697251541674,1.3511513609118988,204.53115892886112,0.011877311163450806,204.66442260742187,208.90032116878638,200.42852404605736,0.04139359940921064,0.7744655757355616,205.1076828597819,204.68821838316148,0.4194644766204192,0.1590164814902431,0.2604479951301761,1.0978623029422474,0.4958744245777583
2020-12-02 00:00:00-05:00,205.71637614197203,206.28121189127356,203.72507667561828,206.1854705810547,23724500.0,-0.0038926338853027573,-0.29888800945130295,0.00527441745723034,0.005039862590853872,0.005983643206500819,0.09498739115125364,0.007186427252493377,0.11408099595092795,0.015682566975358924,0.24895303281548475,53.91076773215197,3.26456260660828,3.863962073829461,1.032431657349926,204.56098535251581,0.007878757043165478,204.6880012512207,208.95364228687268,200.42236021556872,0.04167944393004856,0.6755268806397712,205.27349635536234,204.79912595337578,0.4743704019865618,0.22208726558950687,0.2522831363970549,0.7021075225590835,0.32354038802531454
2020-12-03 00:00:00-05:00,205.4578847635359,207.15240660691688,204.53881785971507,205.10366821289065,25120900.0,-0.005260556435321743,-0.36739092649571975,-0.0005597358118346607,-0.008194071067325948,0.006456069576096847,0.1024869272716947,0.007190702848728542,0.11414886893699656,0.01564921798888055,0.24842363406729775,50.863853974064384,2.613588747201817,3.774649693356058,1.077954285991366,204.50335368370546,0.0029268834361465042,204.60640411376954,208.76829779972863,200.44451042781046,0.04068194936503456,0.5597401251260601,205.24736894882824,204.82168463926578,0.42568430956245606,0.2628066743840967,0.16287763517835935,0.23896050050424056,0.09634289883235564
2020-12-04 00:00:00-05:00,205.0845073148356,206.19504217699352,204.08885033218635,205.21853637695312,24666000.0,0.0005598925224045572,-0.05086498188769587,0.0,0.012086687621490455,0.006480867869672538,0.102880587978135,0.007098340737660926,0.11268266587829753,0.01516641726241097,0.2407594101370588,51.17937219213009,2.106191844807171,3.655474132745423,1.0448825915596056,204.4526760949849,0.003731925465843247,204.53055038452152,208.58290678396307,200.47819398507997,0.039625927684867016,0.5848871526362313,205.24293316853976,204.85108106427964,0.3918521042601242,0.28861576035930225,0.10323634390082193,0.33954861054492413,0.10493309056719154
2020-12-05 00:00:00-05:00,205.0845073148356,206.19504217699352,204.08885033218635,205.21853637695312,24666000.0,0.0,-0.08265668223230406,0.0,0.018240610526355727,0.00595225647441821,0.09448914222590807,0.007098340737660926,0.11268266587829753,0.01516641726241097,0.2407594101370588,51.17937219213009,2.106191844807171,3.544811112178405,1.0316735835976196,204.4032797998342,0.003972626408471388,204.45469665527347,208.38831747703003,200.5210758335169,0.03847914365487973,0.5970911732842829,205.23917981598797,204.87829997632952,0.36087983965845183,0.3030685762191322,0.05781126343931964,0.38836469313713134,0.07904717455657517
2020-12-06 00:00:00-05:00,205.0845073148356,206.19504217699352,204.08885033218635,205.21853637695312,24666000.0,0.0,-0.08265668223230406,0.0003265944013641775,0.005158149905999165,0.0026632019638525486,0.042277020524956035,0.007098340737660926,0.11268266587829753,0.01516641726241097,0.2407594101370588,51.17937219213009,2.106191844807171,3.4420525930804597,1.0322938132680683,204.2876750818952,0.004535951339931994,204.34446716308597,208.0444639446204,200.64447038155154,0.03621332970646551,0.6181175640786198,205.2360039022903,204.903502672672,0.33250122961828765,0.3089551068989633,0.023546122719324325,0.47247025631448036,0.06358128368943747
2020-12-07 00:00:00-05:00,205.22812516419336,206.34822842550528,203.90698559365995,205.1515350341797,24620000.0,-0.00032654108102186393,-0.08836489065231604,-0.00796260471878485,0.0048299780608414,0.002399948161587095,0.038097995970036665,0.007048480336272935,0.11189115654424263,0.01496066305548073,0.23749316336060236,50.94106931562353,2.4412428318453294,3.3705661815636647,1.0293651279776384,204.30737014030746,0.004114835863799842,204.36313629150393,208.07609203707236,200.6501805459355,0.03633684443237606,0.6061686156126075,205.22300869181174,204.9218754401911,0.3011332516206551,0.3073907358433017,-0.006257484222646603,0.42467446245043017,0.03712891393858459
2020-12-08 00:00:00-05:00,204.845190059829,207.6981030275472,203.8112452120222,206.79818725585935,23284100.0,0.007994475551709134,0.39332409450003486,0.019877132158595767,0.012895262658924267,0.00356343656655545,0.05656780180715751,0.006685873821328167,0.10613495657034853,0.01472662212209431,0.23377787872250297,56.32357475703519,3.886857815525019,3.4074441554180472,0.9839785118001692,204.5635443540457,0.010805911461152529,204.59912490844727,208.3006011614245,200.89764865547002,0.03618271832427003,0.7970520674883822,205.46534385551138,205.06086150061094,0.4044823549004377,0.3268090596547289,0.07767329524570882,1.188208269953529,0.3609998813962569
2020-12-09 00:00:00-05:00,205.98445862705185,206.05146586566656,202.2029101556179,202.7677459716797,32440600.0,-0.019682161372408337,-1.2397713632539722,0.006080430639125778,-0.011204342770130493,0.010277857450665229,0.163155928950195,0.00744752282914899,0.11822575973642646,0.014764884118350207,0.23438526908305088,43.688700496030805,4.5952771002414465,3.4922893657625758,1.3491274812476204,204.504386303632,-0.008564677402859083,204.56944732666017,208.32187861849135,200.81701603482898,0.03668613608599369,0.2599288015076154,205.05032879646035,204.89100109106047,0.15932770539987473,0.2933127888037581,-0.13398508340388338,-0.9602847939695386,-0.4263047910695492
2020-12-10 00:00:00-05:00,202.73897528099695,203.99310739268265,201.3891018719625,201.5422821044922,26733300.0,-0.00606201941516665,-0.431434841053976,-0.012848103370768027,-0.016859013312618965,0.010281095368710535,0.16320732930567594,0.007425360699689138,0.11787394683798014,0.014779187460509529,0.23461232760067469,40.699196463565656,2.6040055207201362,3.4288405196881158,1.1028532237354387,204.4864828455661,-0.014608352700637978,204.57567138671874,208.30644235757495,200.84490041586253,0.036473261415369045,0.09346348168748785,204.51062930538833,204.64294783279615,-0.13231852740781846,0.2081865255614428,-0.34050505296926126,-1.62614607325005,-0.651830600957882
2020-12-11 00:00:00-05:00,201.09232069066263,204.2228740744468,200.19240510079857,204.16542053222656,30979400.0,0.012931354095574422,0.6855722383622934,0.0,-0.027453559732424027,0.012748330867756643,0.202373478643514,0.007657766129994064,0.12156326866954686,0.014539384845883836,0.2308055791084188,48.77872121720215,4.030468973648226,3.4718139806852664,1.2569268233703657,204.60850994232746,-0.0021702470915291767,204.71305236816406,208.1445561437276,201.2815485926005,0.03352501206803564,0.42020526979493755,204.45752026336345,204.60757544016138,-0.15005517679793456,0.13653818508956733,-0.2865933618875019,-0.3191789208202511,-0.11210522570812735
2020-12-12 00:00:00-05:00,201.09232069066263,204.2228740744468,200.19240510079857,204.16542053222656,30979400.0,0.0,-0.07841598265724804,0.0,-0.028074175946505187,0.012753664299223469,0.20245814424328895,0.007657766129994064,0.12156326866954686,0.014539384845883836,0.2308055791084188,48.77872121720215,4.030468973648226,3.5117179087540493,1.236517240629199,204.7265741637938,-0.0027485243588478356,204.85043334960938,207.92823276847068,201.77263393074807,0.030049235127646096,0.38871711178042795,204.41258184318855,204.5748232247588,-0.16224138157025436,0.076782271757603,-0.23902365332785735,-0.4451315528782898,-0.0852358306925338
2020-12-13 00:00:00-05:00,201.09232069066263,204.2228740744468,200.19240510079857,204.16542053222656,30979400.0,0.0,-0.07841598265724804,-0.004388591433217015,-0.0243837971493005,0.011816532579998406,0.1875816393946094,0.007657766129994064,0.12156326866954686,0.014539384845883836,0.2308055791084188,48.778721217202154,4.030468973648226,3.5487715562464905,1.223585078924346,204.87365997868068,-0.0034689490737846228,205.00121459960937,207.56886175505136,202.43356744416738,0.025050067732104858,0.33724514764199853,204.37455702611746,204.54449709938606,-0.16994007326860583,0.027437802752361233,-0.19737787602096707,-0.6510194094320094,-0.06319467769235997
2020-12-14 00:00:00-05:00,204.0122872737172,206.98966090003364,203.80166807637727,205.06536865234372,28798400.0,0.004398249568030996,0.20440343558780605,0.00032691287950381565,-0.020083343304459822,0.00703421826570892,0.1116647531928832,0.007685839058406746,0.12200891259246653,0.01417542398669505,0.22502787958616927,51.60414575352227,3.187992823656373,3.5230016467757683,1.1492015897373788,204.8937443335919,0.0008369249273034126,205.01748809814453,207.58228581434756,202.4526903819415,0.025020282318308665,0.5093341774863398,204.4808357378446,204.58308017738293,-0.10224443953833884,0.0015013542942212167,-0.10374579383256005,0.03733670994535925,0.14150676762947764
2020-12-15 00:00:00-05:00,205.99399444063587,206.23333309866624,203.1889523803943,204.99835205078125,27000600.0,-0.0003268594551316016,-0.08756860844541069,-0.0234858722501593,-0.020403585988915895,0.0056756650048135,0.0900983887658924,0.0066566448867531975,0.10567096161851205,0.014146654873339612,0.22457118406989937,51.37687133288351,3.044380718271924,3.4888144375969223,1.0647398720842056,204.90529220579245,0.0004539541125957372,205.02993392944336,207.591668776326,202.46819908256072,0.02498888623516027,0.4938358416171484,204.56045363214253,204.61384105689393,-0.05338742475140634,-0.009476401514904295,-0.04391102323650205,-0.024656633531406413,0.1456082882865622
2020-12-16 00:00:00-05:00,205.59189586280007,210.72331699112576,205.56317639407263,209.9287109375,35023300.0,0.023766061028287874,1.3814031218948555,-0.0006381352996472911,-0.014870365751866288,0.010359685757285221,0.16445491304732723,0.008430305235293707,0.13382694677371806,0.014431873214465797,0.229098884869745,63.954479975542384,5.724964940344506,3.648539473507464,1.3439800394406776,205.24914466016577,0.022291216177321417,205.2888977050781,208.6527894923724,201.92500591778384,0.03277227190461034,1.1896495972235013,205.38633937142828,205.007535122124,0.3788042493042667,0.06817972864892992,0.3106245206553368,2.758598388894014,1.190628364828829
2020-12-17 00:00:00-05:00,210.49356607819405,211.4700719293488,208.6267273980989,210.0627593994141,32515800.0,0.0006383389946390183,-0.031796180122239205,0.0037969757628351086,-0.02018389407969734,0.010277529433995106,0.16315072184698484,0.008426951697904526,0.13377371101805327,0.014415669777877173,0.22884166328815636,64.22543519530015,2.8433445312498975,3.591025549060495,1.206094904332673,205.51783578661346,0.021636027374842277,205.48946533203124,209.46713155070546,201.51179911335703,0.0387140646090745,1.074871522139326,206.105788606503,205.38199617970105,0.723792426801964,0.19930226827953673,0.5244901585224273,2.2994860885573054,1.2162795834561322
2020-12-18 00:00:00-05:00,209.26817321777344,210.3212692956712,206.80777908388407,209.26817321777344,63354900.0,-0.003789785445589424,-0.3013772975461535,0.0,-0.010994400470929033,0.010922079450003895,0.17338263614639657,0.008409165451955615,0.13349136311682377,0.014423677174347317,0.22896877676641095,61.28465976001702,3.513490211787115,3.585487310683825,2.1548036074778656,205.90872972079362,0.01605329394013413,205.65030364990236,209.96915245640338,201.33145484340133,0.04200187142785261,0.9188465178990777,206.59230931592924,205.6698611454842,0.9224481704450511,0.3439314487126396,0.5785167217324115,1.675386071596308,1.0220014988945343
2020-12-19 00:00:00-05:00,209.26817321777344,210.3212692956712,206.80777908388407,209.26817321777344,63354900.0,0.0,-0.06986688298706635,0.0,-0.01867561769432191,0.01115105199879888,0.17701746267342938,0.008409165451955615,0.13349136311682377,0.014423677174347317,0.22896877676641095,61.28465976001703,3.513490211787115,3.5803446607626315,1.9895496271806414,206.23966758447796,0.014471888327442358,205.81114196777344,210.42256664655838,201.1997172889885,0.044812196606022564,0.8748333205900793,207.00398068544374,205.93640278046857,1.0675779049751668,0.48866073996514503,0.5789171650100218,1.4993332823603172,0.9983596659414767
2020-12-20 00:00:00-05:00,209.26817321777344,210.3212692956712,206.80777908388407,209.26817321777344,63354900.0,0.0,-0.06986688298706635,-0.017970062212323556,-0.01867561769432191,0.011119837457912103,0.17652194719857656,0.008409165451955615,0.13349136311682377,0.014423677174347317,0.22896877676641095,61.28465976001703,3.513490211787115,3.575569342978666,1.8992219188332036,206.5916246020845,0.01279004147899553,206.02750549316406,210.8674133575276,201.18759762880052,0.046983123469639114,0.8347860967014025,207.35231799810984,206.1832005906393,1.1691174074705373,0.6247520734662235,0.5443653340043138,1.3391443868056085,0.97594630590316
2020-12-21 00:00:00-05:00,208.27248885115827,214.4474228830975,208.01399902795885,213.09754943847656,37181900.0,0.01813348454688118,1.0318233764790956,-0.006028428509019856,-0.0007184663673164282,0.008641483077372572,0.13717929108900573,0.009090638033113932,0.1443094049671489,0.014239915779528366,0.22605165505881916,69.64956166075953,6.433423855138642,3.77970180813295,1.104230891849556,206.9325617842565,0.028930354527610138,206.33290100097656,212.10874644431829,200.55705555763484,0.055985695110392364,1.0855981175273786,208.23619975816626,206.69537457936798,1.5408251787982863,0.807966694532636,0.7328584842656503,2.3423924701095142,1.695882597851609
2020-12-22 00:00:00-05:00,213.1932909217768,216.0079156868305,212.3891165912104,214.38998413085935,22612200.0,0.006046672844231761,0.310350677210697,0.01321138101453223,0.0053421670136284405,0.008610960085922255,0.136694753621122,0.008955962109668602,0.142171490961003,0.014255215215415394,0.2262945260741591,71.85947489805991,3.6187990956200906,3.7682087572391745,0.6726498218142227,207.20973599407577,0.03349152790832288,206.7431266784668,213.54855803854036,199.93769531839325,0.0658346564590519,1.061820188008618,209.18293581550364,207.26534565725623,1.9175901582474069,1.0298913872755904,0.8876987709718165,2.2472807520344764,1.8723675764993155
2020-12-23 00:00:00-05:00,213.59539590479997,214.0262025743925,211.38390900722848,211.5945281982422,18699600.0,-0.013124871824629757,-0.8767507062173665,-0.007766606404504106,-0.017514272799282415,0.011327002106899289,0.17981058404856104,0.009455481698636432,0.1501011186054875,0.014361448061154414,0.22798092021951188,61.43909008244481,3.0060751236308647,3.7137706405528665,0.5616248545037645,207.41231597728586,0.01976521915083754,207.0676696777344,214.15706450696538,199.9782748485034,0.06847418373196004,0.8192697423087973,209.55395002823263,207.58602584547742,1.9679241827552119,1.2174979463715148,0.7504262363836971,1.2770789692351894,1.2918319589713878
2020-12-24 00:00:00-05:00,211.97747941450007,214.0740885793448,211.7668602083832,213.25076293945312,10550600.0,0.007796923568364055,0.42712843247434784,0.0,-0.006245698953555978,0.011482145204492596,0.18227340437172174,0.009436416582391654,0.14979846926768617,0.014390872893309255,0.22844802494902106,64.70474275762268,2.4795603811026012,3.6256127648778476,0.323739677165515,207.58984239722298,0.026545839574967485,207.4692810058594,215.0130931177679,199.92546889395086,0.07272220808145057,0.8831936591095103,210.12269047611272,208.00563600058675,2.1170544755259755,1.397409252202407,0.7196452233235684,1.5327746364380406,1.5568656012448798
2020-12-25 00:00:00-05:00,211.97747941450007,214.0740885793448,211.7668602083832,213.25076293945312,10550600.0,0.0,-0.05658135093786363,0.0,0.004826843617859344,0.011482145204492596,0.18227340437172174,0.00944104829221875,0.14987199538177123,0.014373125547671936,0.22816629457109394,64.70474275762268,2.3072283709615817,3.531442451026686,0.33090583535720663,207.77522810966087,0.025676507574075524,207.8708923339844,215.75761774865296,199.9841669193158,0.07588099830732473,0.8410712509061543,210.6039323935497,208.39416392198427,2.2097684715654395,1.5598810960750136,0.649887375490426,1.3642850036246166,1.4964391416932274
2020-12-26 00:00:00-05:00,211.97747941450007,214.0740885793448,211.7668602083832,213.25076293945312,10550600.0,0.0,-0.05658135093786363,0.0,0.0014836367847332887,0.00820842885426872,0.1303047684177713,0.00944104829221875,0.14987199538177123,0.014373125547671936,0.22816629457109394,64.70474275762268,2.3072283709615817,3.443998588164893,0.3383964289179387,207.96900683833158,0.024767818076323406,208.2725036621094,216.40475604410858,200.1402512801102,0.07809242448242273,0.806081208716736,211.01113709291948,208.75391199735233,2.2572250955671507,1.699349895973441,0.5578751995937097,1.224324834866943,1.4411612155544764
2020-12-27 00:00:00-05:00,211.97747941450007,214.0740885793448,211.7668602083832,213.25076293945312,10550600.0,0.0,-0.05658135093786363,-0.009823965266333445,0.0014836367847332887,0.007539510445307041,0.11968601787273768,0.00944104829221875,0.14987199538177123,0.014373125547671936,0.22816629457109394,64.70474275762268,2.3072283709615817,3.3628007155075137,0.34620786943160003,208.17424532464378,0.02380539016524264,208.67746505737304,216.96057415384652,200.39435596089956,0.07938671379006979,0.7760616713371044,211.35569491546312,209.08701206713758,2.2686828483255397,1.8132164864438607,0.455466361881679,1.1042466853484176,1.4154708340516988
2020-12-28 00:00:00-05:00,214.8782558753354,216.3908780288352,213.5092456892616,215.36651611328125,17933500.0,0.00987253879804519,0.5530522998487434,0.003613767842543192,0.011419789668115188,0.004894309435104749,0.07769475362810511,0.009585879858701348,0.15217112522320048,0.013917807549106747,0.220938345421163,69.1882775182917,3.1401150893820784,3.346894599355697,0.5936824716603395,208.4407757025044,0.03215792564120768,209.10588150024415,217.8530664723514,200.3586965281369,0.0836627349680457,0.8578656809591209,211.97274433051206,209.55216051500008,2.420583815511975,1.9346899522574836,0.48589386325449135,1.4314627238364845,1.7594312901099853
2020-12-29 00:00:00-05:00,216.65892343712176,217.4918172885593,214.0453493940068,214.59103393554688,17403200.0,-0.003607253872134299,-0.3036774631327454,0.011142132979707009,0.0077779142491760656,0.005065287350594238,0.08040894389252155,0.009576439845260996,0.1520212696555828,0.01381611504705327,0.21932402699736245,65.88473068335591,3.4464678945525122,3.354006977584041,0.590833143922387,208.9348635557438,0.02635790636761616,209.6970458984375,218.2362846392333,201.15780715764168,0.08144357689169944,0.7865588014144975,212.37555811590204,209.92541039800355,2.4501477178984885,2.0377815053856847,0.4123662125128038,1.1462352056579896,1.5930406197978872
2020-12-30 00:00:00-05:00,215.62499144526328,216.00794208381055,212.025343091358,212.22637939453125,20272300.0,-0.011080516684874689,-0.7721577725735927,-0.0033271472138313163,0.0183289380265772,0.007560090301084523,0.12001271295516644,0.008762785538750803,0.13910490796636663,0.012235566003311198,0.19423358876926763,56.95460878488965,3.9825989924525516,3.3989064072175057,0.6958701002203568,209.38857755854823,0.013371579179172205,210.23125076293945,217.91655047558618,202.54595105029273,0.07311281919083293,0.6298016151737496,212.35260754338347,210.09585254589447,2.256754997488997,2.0815762038063474,0.17517879368264966,0.5192064606949988,1.1250459073575765
2020-12-31 00:00:00-05:00,212.2455483716056,213.49011248709135,210.31168765702225,212.93484497070312,20942100.0,0.0033326944759117876,0.14513991941279364,0.0,0.020743592455614523,0.0078090399847126025,0.12396466666625508,0.008558887390124816,0.13586812520206154,0.012189120208902213,0.19349628464056157,58.75823122154966,3.1784248300691047,3.3831577231354775,0.7314627368632826,209.80086000609936,0.014718046569761572,210.6697219848633,217.88408172157926,203.4553622481473,0.06848976368074698,0.6569871110191503,212.44218253220185,210.30614828106548,2.1360342511363797,2.092467813272354,0.0435664378640257,0.6279484440766018,1.2700044301668298
2021-01-01 00:00:00-05:00,212.2455483716056,213.49011248709135,210.31168765702225,212.93484497070312,20942100.0,0.0,-0.06367532925541088,0.0,0.04791550773097719,0.0078090399847126025,0.12396466666625508,0.00823901689193633,0.13079033846234314,0.012086747226143729,0.19187116392045644,58.75823122154966,3.1784248300691047,3.3685339450593084,0.7445133640790549,210.22785419290784,0.012712765626347947,211.10819320678712,217.6969058828425,204.51948053073176,0.062420245997762046,0.6386197770130729,212.51797675350974,210.50086655437195,2.0171101991377896,2.0773962904454413,-0.060286091307651724,0.5544791080522931,1.2841390576367464
2021-01-02 00:00:00-05:00,212.2455483716056,213.49011248709135,210.31168765702225,212.93484497070312,20942100.0,0.0,-0.06367532925541088,0.0,0.018919996781489035,0.005502486538149824,0.08734926583455095,0.00823901689193633,0.13079033846234314,0.012086747226143729,0.19187116392045644,58.75823122154966,3.1784248300691047,3.3549547225600085,0.7580381449691259,210.67036187644194,0.010634629079015892,211.54666442871093,217.30481314368865,205.7885157137332,0.05443856777914983,0.620540525323821,212.58211032538563,210.68116125187797,1.900949073507661,2.042106847057885,-0.14115777355022407,0.48216210129528414,1.2687727849317472
2021-01-03 00:00:00-05:00,212.2455483716056,213.49011248709135,210.31168765702225,212.93484497070312,20942100.0,0.0,-0.06367532925541088,0.021728378755245137,0.012749341000529713,0.005519940051241806,0.08762633176542571,0.00823901689193633,0.13079033846234314,0.012086747226143729,0.19187116392045644,58.75823122154966,3.1784248300691047,3.3423454445249443,0.7689719006407273,211.05377722755716,0.0088340062116408,211.9401382446289,216.84589708100415,207.03437940825367,0.04629381557459247,0.6013815353802818,212.636377193896,210.84810078660576,1.7882764072902546,1.991340759104359,-0.20306435181410443,0.40552614152112787,1.2279747949660649
2021-01-04 00:00:00-05:00,213.04010180592445,213.49005960243176,205.64932368601973,208.4065093994141,37130100.0,-0.02149568224519891,-1.4319768999070905,-0.0009638435420873392,-0.008788086874570777,0.010089504233544778,0.160165914323357,0.00967505143782162,0.15358668015740343,0.012427891789746794,0.19728666597894864,43.19733760289884,7.840735916412029,3.663659049659736,1.338486112477952,211.17130773245367,-0.013266372250114332,212.11054611206055,216.16369542150764,208.05739680261345,0.038217329442033175,0.04306683151135396,211.98562830243725,210.6672421653323,1.3183861371049375,1.8567498347044749,-0.5383636975995374,-1.8277326739545845,0.18135890403138488
2021-01-05 00:00:00-05:00,207.9948680651304,209.2011442852732,206.5013971335944,208.60757446289065,23823000.0,0.0009643083379584791,-0.003609288410686771,0.026619726517209674,-0.007831791954581835,0.009729938114569736,0.15445797913920126,0.009671837184059546,0.15353565546077283,0.012191140176334606,0.19352835062945695,43.907654452135915,2.6997471516787925,3.5948081998039543,0.8764786184727904,211.13901239018884,-0.012134928148299353,212.04448928833008,216.28604380373324,207.80293477292693,0.04000626971857445,0.09485198021641389,211.46592771173778,210.51467418737369,0.9512535243640912,1.6756505726363984,-0.7243970482723072,-1.620592079134344,0.253823966625793
2021-01-06 00:00:00-05:00,203.12189621753,207.25767454124104,202.90170877961305,203.198486328125,35930700.0,-0.026271586347344316,-1.751184002668293,-0.027669703077752295,-0.0240932193291572,0.01337055605841368,0.2122509973272636,0.009900010118658749,0.1571577885059646,0.011166668559512998,0.17726536788933156,32.23078482647422,5.705865683277608,3.7455980200520727,1.3136839103363303,210.6814193998141,-0.036825732351202956,211.70127563476564,217.45819056403244,205.94436070549884,0.05438715389886292,-0.23848488392754072,210.19401365272043,209.97273434594786,0.22127930677257268,1.3847763194636333,-1.1634970126910607,-2.9539395357101657,-1.0308784751451026
2021-01-07 00:00:00-05:00,204.9121695160989,209.98615175233363,204.59625535727284,208.98092651367188,27694500.0,0.028059720596196925,1.7565696208182326,-0.006056074864023375,0.015633042522994023,0.021623347383797124,0.343259998141718,0.011824625050337259,0.18771010337866204,0.011021381261999528,0.17495900354206778,48.11595286698642,6.787665424208626,3.962888548920398,1.083166980078285,210.7644169700331,-0.00853422599906285,211.68691329956056,217.47075679627815,205.90306980284296,0.05464526272847875,0.266073650901484,210.00738486209758,209.8992670991126,0.10811776298498899,1.1294446081679046,-1.0213268451829156,-0.9357053963940622,0.41776030379287954
2021-01-08 00:00:00-05:00,209.35432615637777,211.17330891527592,207.7746966889817,210.25424194335935,22956200.0,0.006074487260943538,0.3328532636384724,0.0,0.01516138514730625,0.02205299499456724,0.35008044251866277,0.011872635114302234,0.1884722395167398,0.011047374658193733,0.1753716359144268,50.84813051528765,3.398612226294233,3.9225830973042433,0.9748623511533498,210.94082724216432,-0.0032655003412008737,211.73621673583983,217.44962927733124,206.02280419434842,0.053967267665119466,0.3703073879473758,210.0453628745994,209.92556153201974,0.11980134257964892,0.9275159550502535,-0.8077146124706046,-0.5187704482104959,0.7269258636875735
2021-01-09 00:00:00-05:00,209.35432615637777,211.17330891527592,207.7746966889817,210.25424194335935,22956200.0,0.0,-0.06109050116861018,0.0,0.03098309039890279,0.01936356447744826,0.30738705661855487,0.011872635114302234,0.1884722395167398,0.011047374658193733,0.1753716359144268,50.84813051528765,3.398612226294233,3.885156606517814,1.0663311069522268,211.15034173271755,-0.0042619819751346785,211.78552017211913,217.42580828590494,206.14523205833333,0.053264152423658714,0.3642553183571341,210.0774981159471,209.949908229156,0.12758988679109962,0.7675307413984228,-0.6399408546073232,-0.5429787265714634,0.7005442123173304
2021-01-10 00:00:00-05:00,209.35432615637777,211.17330891527592,207.7746966889817,210.25424194335935,22956200.0,0.0,-0.06109050116861018,0.009793646031367453,0.03277692894910489,0.019378334559661616,0.3076215244048379,0.011872635114302234,0.1884722395167398,0.011047374658193733,0.1753716359144268,50.848130515287664,3.398612226294233,3.850403436501844,1.1027661386107699,210.92703322730856,-0.0031998939842100937,211.6433547973633,217.2877317826739,205.9989778120527,0.053338570357805724,0.37694719385159037,210.1046894740105,209.97245146724512,0.132238006765391,0.6404721944718165,-0.5082341877064255,-0.4922112245936392,0.6832774268703617
2021-01-11 00:00:00-05:00,209.15326079150836,209.5744991531238,207.48745852732125,208.21505737304688,23031300.0,-0.009745999118828789,-0.6868897985818886,0.011910970760542705,0.022760375853091652,0.014144564938091197,0.22453800737635815,0.011315519672867891,0.17962830605920435,0.010689375223695551,0.16968857107532315,46.002693684657906,2.766783416038095,3.7730020064687193,1.105261187798375,210.58927029769785,-0.011402695629246623,211.33460845947266,217.02176803881272,205.6474488801326,0.0538213747459227,0.22573733487642175,209.81397684309303,209.84227412693414,-0.02829728384111263,0.5067182988092307,-0.5350155826503433,-1.097050660494313,0.15836806660951508
2021-01-12 00:00:00-05:00,207.26725958443384,207.84167815630275,204.22287913451356,205.7642059326172,23249300.0,-0.01184059343859752,-0.8169869772983568,-0.006517659869318071,0.010721699246322602,0.007482620950240223,0.11878292513578466,0.011423080510969755,0.1813357814297676,0.009866641583427208,0.15662807943094167,40.95171874496716,3.992178238533313,3.7886574516161904,1.103674206452155,210.2783872686592,-0.02193861325676974,211.0430923461914,217.2482712958773,204.8379133965055,0.058804852418547965,0.07463866422084121,209.19093516455828,209.54019500142917,-0.34925983687088547,0.3355226716732075,-0.684782508544093,-1.701445343116633,-0.456453541746165
2021-01-13 00:00:00-05:00,204.8930499925977,207.51619243192,204.8068769704024,207.11410522460935,20087100.0,0.006538992557729596,0.3796699942764365,0.015585408865114392,0.017352456525168813,0.007626541193788843,0.12106758817412965,0.011266598381770215,0.17885170463884045,0.009344508758623764,0.14833947779630025,44.56221490714034,2.7093154615175763,3.711561595180575,0.9324539427049896,210.05807170046648,-0.014214224920434513,210.73625946044922,217.0869804223635,204.38553849853494,0.060271744199826935,0.214823383237731,208.8714228661046,209.36048464759068,-0.4890617814860718,0.17060578104135166,-0.6596675625274235,-1.1407064670490736,-0.1173116862436205
2021-01-14 00:00:00-05:00,206.7024384574888,208.1863410325463,203.66762608051243,203.9356842041016,29480800.0,-0.015465203735642948,-1.0448225419131076,0.0017399301374654286,-0.015801081952970364,0.009095450287081456,0.14438579713061142,0.011497657528683324,0.1825196548841134,0.009525381221842325,0.1512107391364762,38.58054166183795,4.518714952033861,3.7692154063843812,1.310916148999275,209.58188212639396,-0.027686169511371938,210.27050552368163,217.18596388997187,203.3550471573914,0.06577677976344987,0.04198109625968827,208.11207845656568,208.9586475777026,-0.8465691211369233,-0.03282919939430334,-0.81373992174262,-1.8320756149612505,-0.902057008181204
2021-01-15 00:00:00-05:00,204.41437517914176,205.3621469623185,202.98791144832447,203.5814666748047,31746500.0,-0.0017384182125322269,-0.15130392440224,0.0,-0.05210836895883064,0.00883330256066265,0.14022433098542048,0.011487832718892267,0.1823636908637995,0.009504972938473348,0.1508867676815959,37.96885816663514,2.374235513994023,3.669573985499356,1.348132863692563,209.0952245225001,-0.027083790768159352,209.78704071044922,217.16194085850242,202.41214056239602,0.07030844348705154,0.0792774199605498,207.4150612593717,208.56033788119166,-1.14527662181996,-0.2553186838794347,-0.8899579379405252,-1.6828903201578016,-0.9669629816702441
2021-01-16 00:00:00-05:00,204.41437517914176,205.3621469623185,202.98791144832447,203.5814666748047,31746500.0,0.0,-0.03836853227479644,0.0,-0.0547628897064496,0.008997995473962904,0.14283874993314363,0.011487832718892267,0.1823636908637995,0.009504972938473348,0.1508867676815959,37.96885816663514,2.374235513994023,3.577049808963261,1.2900733858386746,208.6504842802204,-0.024899209580373196,209.3035758972168,216.98383748596117,201.62331430847243,0.0733887278879166,0.12747953593156133,206.8252774771306,208.19153260664447,-1.3662551295138599,-0.47750597300631975,-0.88874915650754,-1.4900818562737568,-0.9580655815512886
2021-01-17 00:00:00-05:00,204.41437517914176,205.3621469623185,202.98791144832447,203.5814666748047,31746500.0,0.0,-0.03836853227479644,0.0,-0.05886265415966019,0.008096390926356231,0.12852622144979073,0.011487832718892267,0.1823636908637995,0.009504972938473348,0.1508867676815959,37.96885816663514,2.374235513994023,3.491134502179744,1.2548549464918293,208.0944026335417,-0.022167715128734458,208.71432342529297,216.24285730389664,201.1857895466893,0.07214199538440805,0.15910648518989673,206.32622966138817,207.850046241323,-1.523816579934845,-0.6867680943920249,-0.8370484855428202,-1.3635740592404137,-0.9713333743576361
2021-01-18 00:00:00-05:00,204.41437517914176,205.3621469623185,202.98791144832447,203.5814666748047,31746500.0,0.0,-0.03554188958256029,-0.017510544965526842,-0.05886265415966019,0.006763906098539795,0.10737368056877666,0.011166172401144507,0.17725749161940796,0.009494091067016196,0.15071402332754832,37.96885816663514,2.374235513994023,3.4113560030236214,1.220263371477014,207.60176144976515,-0.01974784267264548,208.16384506225586,215.4904278034561,200.83726232105562,0.07039246165931523,0.18727723760746837,205.90395843268303,207.53385516232166,-1.6298967296386309,-0.8753938214413461,-0.7545029081972847,-1.250891049570124,-0.973155420265286
2021-01-19 00:00:00-05:00,204.63453750092,207.72678864400729,203.56230506672608,207.20982360839844,30480900.0,0.017665668085657848,1.1051532931283745,-0.035214448171446144,-0.042089112490965475,0.00812961359921385,0.1290536150314114,0.012010818276170692,0.19066582920682293,0.00962125657464277,0.15273271317869955,49.089807627718436,4.164483577281203,3.465150829756306,1.1490720518152862,207.40253026387788,-0.000930007333260575,207.91301727294922,214.99333914770347,200.83269539819497,0.0681085000604764,0.4503416880623673,206.10486076740847,207.509852824994,-1.404992057585531,-0.9813134686701832,-0.4236785889153478,-0.19863324775053076,-0.09265086958524664
2021-01-20 00:00:00-05:00,208.4160998078411,216.1610952503709,208.02358090402095,214.7729339599609,37777300.0,0.03584942842342633,2.2585084603193333,-0.0028004474991547568,-0.022611505725267378,0.016003782649140104,0.25405217355573106,0.014316361818364839,0.2272651983036829,0.010466225227757456,0.1661461747094195,63.698990158382756,8.951271641972454,3.857016602057459,1.3803307805619605,207.69954486366615,0.03293426674337568,208.00492172241212,215.4004086073238,200.60943483750043,0.07110876823175517,0.9575771915272354,207.43841048933962,208.04785883499153,-0.6094483456519129,-0.9069404440665292,0.2974920984146163,1.8303087661089417,1.7677494252676555
2021-01-21 00:00:00-05:00,215.11759352034807,216.64936685048048,212.9348260201569,215.37608337402344,30709400.0,0.002804376088505573,0.12283250508723312,-0.004337286812551522,-0.031678996993893205,0.015578392677926045,0.24729931711141112,0.01431172396338242,0.22719157463828135,0.010446508124882058,0.16583317540472162,64.57211346034555,3.7145408303235854,3.8468397612193255,1.1024078263510413,207.92588878529634,0.03459155943415057,208.12698364257812,215.93419654740742,200.31977073774883,0.07502355310387651,0.9642565676005355,208.6595909331371,208.59069028232722,0.06890065080989416,-0.7117722250912445,0.7806728759011387,1.8570262704021403,1.8480696158248435
2021-01-22 00:00:00-05:00,217.39611606767164,220.2586119985924,216.1707031693684,216.31430053710935,30172700.0,0.00434672012754214,0.22545738907506416,0.0,-0.029841044853338605,0.01489914813302578,0.23651664424019106,0.014334894541613222,0.22755939616467497,0.010367600050796852,0.16458054856193455,65.94428990220426,4.882528624568948,3.9208175371728697,1.0654882956855647,208.18756329544956,0.03756911688908712,208.29595642089845,216.66721445068566,199.92469839111124,0.08037849772629883,0.9789210945164663,209.83723856451746,209.16280956045924,0.6744290040582257,-0.43453197926135045,1.1089609833195762,1.9156843780658652,2.0017834177066316
2021-01-23 00:00:00-05:00,217.39611606767164,220.2586119985924,216.1707031693684,216.31430053710935,30172700.0,0.0,-0.055943440824424075,0.0,-0.05432567548123168,0.01489914813302578,0.23651664424019106,0.014334894541613222,0.22755939616467497,0.010367600050796852,0.16458054856193455,65.94428990220426,4.087908829223977,3.9327526294622346,1.0484014437944498,208.44084504593238,0.036398219958769,208.46492919921874,217.35103703405096,199.57882136438653,0.08525278442725721,0.9416653209587575,210.83370963722388,209.6925496328037,1.1411600044201862,-0.11939358252504315,1.2605535869452293,1.7666612838350302,1.9044817928283588
2021-01-24 00:00:00-05:00,217.39611606767164,220.2586119985924,216.1707031693684,216.31430053710935,30172700.0,0.0,-0.055943440824424075,-0.015597055951790062,-0.025909665811863825,0.015347076232505322,0.24362728237895503,0.014334894541613222,0.22755939616467497,0.010367600050796852,0.16458054856193455,65.94428990220426,4.087908829223977,3.9438352151595018,1.0612288683290043,208.86086396219605,0.03445651330682429,208.8603187561035,218.4141153961997,199.30652211600733,0.09148503360518778,0.8901057381587094,211.6768774679755,210.1830496997893,1.4938277681861791,0.20325068761720133,1.2905770805689778,1.5604229526348368,1.8169008362179582
2021-01-25 00:00:00-05:00,219.34910399222,219.98096159958956,214.6580718096666,219.7416229248047,33152100.0,0.015719969766528945,0.9589840856258719,-0.012051731188644665,-0.010476004691396645,0.006504975379232109,0.10326328282827742,0.01373512730674972,0.2180383864768328,0.010523635560871885,0.16705753549405644,71.05862828959923,5.322889789922954,4.042339113356891,1.147198771692665,209.49542388698447,0.046628394299820276,209.41702117919922,220.1353963763516,198.69864598204686,0.10236393524078065,0.9816309167992401,212.9176075382569,210.89109216090156,2.026515377355338,0.5679036255648287,1.4586117517905093,1.9265236671969628,2.453163035227118
2021-01-26 00:00:00-05:00,221.9722376050097,224.19329267545595,220.26814758976505,222.4221954345703,49169600.0,0.012124942107752577,0.7212553226322403,-0.002447437878889902,0.0015949483864614589,0.007172262757595066,0.11385614156524129,0.013886924169418087,0.22044808696735474,0.010407422975104472,0.16521271788711842,74.30836746589036,4.451669750651263,4.071577016020775,1.6633688821982222,210.9532220460533,0.051563978883082416,210.3782066345215,222.14509840982865,198.61131485921433,0.11186417037720198,1.0117744358507297,214.37985182999745,211.7452479589511,2.6346038710463517,0.9812436746611334,1.6533601963852185,2.0470977434029165,2.7991618086431096
2021-01-27 00:00:00-05:00,227.85041013975055,230.1863578583069,220.3256018928292,222.9678955078125,69870600.0,0.0024504377506415526,0.09907032542478308,-0.02523775150247587,-0.028166007201684717,0.007358238137751322,0.1168084092004862,0.012161528318751611,0.19305827696331734,0.010407104661649685,0.1652076648176764,74.92563089249677,9.860755965477694,4.485089798124841,2.2062736005226555,212.36484323620047,0.0475541658024956,211.07755508422852,224.09131204696047,198.06379812149657,0.12330782358682266,0.9568373474944575,215.70108931889206,212.57655518479268,3.1245341340993775,1.4099017665487823,1.7146323675505952,1.8273493899778284,2.682284211275413
2021-01-28 00:00:00-05:00,225.5623882824932,232.29259205216945,225.06455964487364,228.7407989501953,49111200.0,0.02556168541482017,1.5793215116874033,0.03004840983054935,-0.0024214182016223385,0.010362605901831669,0.16450126890490083,0.011928743809226715,0.18936293743569121,0.010842674227015719,0.17212211730943852,80.31403849372626,9.324696544356954,4.830775994284278,1.4892649545642762,213.6577129087777,0.06593964046047468,212.00188293457032,227.2104302799655,196.79333558917514,0.14347558743229613,1.0503127825253207,217.70719849293872,213.7739065748225,3.9332919181162254,1.914579796862271,2.0187121212539543,2.201251130101282,3.3784135602025818
2021-01-29 00:00:00-05:00,225.92614679568288,227.8695757186496,221.4840214563199,222.0680084228516,42503100.0,-0.02960580097257154,-1.9551393074400047,0.0,-0.04543185710084152,0.021167274684111784,0.33602006848291843,0.014021212683933965,0.22257985104740255,0.011522204743582044,0.18290932984012104,63.36399373520229,7.256777493875404,5.004061815683645,1.251779237589514,214.2991579036319,0.034984104979347584,212.59257125854492,228.42038796529272,196.76475455179713,0.1489028201977835,0.7993286231406461,218.37809232830992,214.38828448949133,3.9898078388185922,2.3296254052535357,1.6601824335650566,1.1973144925625843,2.0676705902535986
2021-01-30 00:00:00-05:00,225.92614679568288,227.8695757186496,221.4840214563199,222.0680084228516,42503100.0,0.0,-0.060768109418650275,0.0,-0.04152720515374131,0.020376092444368863,0.32346043979437333,0.014021212683933965,0.22257985104740255,0.011522204743582044,0.18290932984012104,63.36399373520229,6.385554262329691,5.1027398475869346,1.216755824507368,214.90470904060822,0.03225723251682135,213.18325958251953,229.517317218948,196.84920194609106,0.15323958990415792,0.771970046821592,218.94577172747017,214.9571529289995,3.988618798470668,2.6614240838969625,1.3271947145737055,1.087880187286367,1.960924915410782
2021-01-31 00:00:00-05:00,225.92614679568288,227.8695757186496,221.4840214563199,222.0680084228516,42503100.0,0.0,-0.060768109418650275,-0.032088279764079464,-0.042278862444281806,0.019592089576235455,0.31101478009691913,0.014021212683933965,0.22257985104740255,0.011522204743582044,0.18290932984012104,63.36399373520229,6.385554262329691,5.194369448639989,1.1837626898808344,215.54324506471806,0.029381824984485723,213.87590713500975,230.49528295934874,197.25653131067077,0.15541138828552542,0.7464623634012941,219.42611583445193,215.48388296558113,3.9422328688708035,2.917585840891731,1.0246470279790727,0.9858494536051768,1.8660981676573738
2021-02-01 00:00:00-05:00,225.035769101642,232.15848963643907,222.5179218384246,229.43002319335935,33314200.0,0.03261439396774778,2.001612167352792,0.0005844091199231904,-0.010528421618573258,0.0246492887558255,0.39129532825520996,0.01515686874749394,0.24060783216189607,0.012149869369780172,0.19287319688615642,71.61801221111922,10.09048121358748,5.54409171756481,0.9150158768611469,216.49080667826522,0.05639722445649234,215.05919799804687,232.59169195331228,197.52670404278146,0.16304807344649946,0.9098340268070245,220.96517850505307,216.51693038986102,4.448248115192058,3.2237182957517962,1.2245298194402618,1.6393361072280983,2.8111394475293685
2021-02-02 00:00:00-05:00,231.0096936130651,231.97661660777808,228.51099724463657,229.2960205078125,25916300.0,-0.0005842384194160931,-0.10822405588053359,-0.01436196044262561,-0.011106340092057687,0.02201912793811266,0.3495428196645632,0.014738903785490302,0.23397284408469496,0.012108229895568048,0.19221219072522383,71.3031160814064,3.4656193631415135,5.3956294065345745,0.7061702532902777,217.19954983856726,0.05275482166003438,216.16829376220704,234.37792327431276,197.95866425010132,0.1684764143268575,0.8604611158309996,222.2468465054776,217.46352965785744,4.783316847620171,3.5356380061254713,1.2476788414946993,1.4418444633239975,2.585084763606752
2021-02-03 00:00:00-05:00,229.35342703773463,234.63801341662528,229.0566348687711,232.63714599609372,27158100.0,0.014466091617534075,0.8435700728869187,0.004090490528251944,0.002185716989254516,0.01449937615036601,0.23017046075669717,0.014876950722025075,0.23616427126464692,0.01219392314846903,0.19357252894249677,74.33336286884953,5.581378547854172,5.408897202343118,0.7423561150464599,218.30699133149938,0.06159873825496023,217.60336685180664,236.27196161723197,198.93477208638132,0.1715836940899826,0.9026489227815366,223.84535411941857,218.58750123846755,5.25785288095102,3.8800809810905816,1.3777718998604387,1.6105956911261459,2.8109522991845974
2021-02-04 00:00:00-05:00,232.3117119727092,232.86697949222687,230.1193613690897,231.68942260742188,25296100.0,-0.004082147216291515,-0.33282189118891164,-0.0007842239180727573,-0.007219692359677121,0.015249431022910728,0.24207721273113061,0.014268516174017332,0.22650567224611604,0.012183636666846185,0.1934092361090575,72.01055695564783,2.747618123137187,5.218805839542695,0.6976091619856908,219.4183839951772,0.05296330956392819,219.0087646484375,237.46356558016154,200.55396371671347,0.16853025002308464,0.843559868402215,225.0521338868037,219.55801393246418,5.49411995433951,4.202888775740368,1.2912311785991424,1.3742394736088606,2.4955995103700306
2021-02-05 00:00:00-05:00,231.89998106360608,232.9052062302417,230.1671717213841,231.8712615966797,18054800.0,0.0007845315825118909,-0.02172535017791505,0.0,-0.0025534930941407685,0.015143999616609812,0.2404035410424424,0.014209931682764895,0.22557567227888092,0.012183260706236135,0.1934032679193958,72.19012057122617,2.738034508857595,5.041607887350902,0.5074915920739925,220.44096897071702,0.049295857310013194,220.42325439453126,238.22437882933284,202.62212995972968,0.16151766276837284,0.8215529233582384,226.10123045755387,220.4701063520357,5.631124105518154,4.488535841695925,1.1425882638222289,1.2862116934329535,2.3582759810797937
2021-02-06 00:00:00-05:00,231.89998106360608,232.9052062302417,230.1671717213841,231.8712615966797,18054800.0,0.0,-0.07153020693773775,0.0,-0.00936667432440852,0.007149883564670288,0.1135008828911135,0.014209931682764895,0.22557567227888092,0.012183260706236135,0.1934032679193958,72.19012057122617,2.738034508857595,4.877066931744237,0.5174486446951325,221.50368045306033,0.0447126611216395,221.837744140625,238.46097188723027,205.21451639401974,0.14986834464082585,0.801792095043145,226.98892755588093,221.3146363701575,5.674291185723433,4.725686910501427,0.9486042752220065,1.20716838017258,2.2172630348999944
2021-02-07 00:00:00-05:00,231.89998106360608,232.9052062302417,230.1671717213841,231.8712615966797,18054800.0,0.0,-0.07153020693773775,-0.0011136632652236633,-0.011388418919149101,0.007099300163156535,0.1126978962858748,0.014209931682764895,0.22557567227888092,0.012183260706236135,0.1934032679193958,72.19012057122617,2.738034508857595,4.724278901538049,0.5278042340570953,222.60892757187386,0.039946019877689136,223.25223388671876,238.04867555849287,208.45579221494464,0.13255358223454136,0.7912533939292546,227.74005586984998,222.09660860915915,5.643447260690834,4.909238980539309,0.7342082801515257,1.1650135757170175,2.103770182084506
2021-02-08 00:00:00-05:00,232.78077013104104,233.2881669112596,230.5405638250113,232.12977600097656,22211900.0,0.0011142838489481084,-0.0016503915258013761,-0.005332794923429307,-0.010286211029287173,0.002095689424683666,0.03326803825764604,0.014187701470394665,0.22522277859773823,0.012180292775772632,0.19335615348390603,72.50334507970467,2.74760308624829,4.583087771874495,0.6572748419612635,223.61628996095186,0.0366755449761382,224.49823150634765,237.71975609623374,211.27670691646156,0.1177873384674057,0.7886030443291965,228.41539742848482,222.8398061937382,5.575591234746611,5.042509431380769,0.5330818033658415,1.1544121773167866,2.034382870482184
2021-02-09 00:00:00-05:00,231.555331017832,234.3220849716953,231.08623665637043,233.3743133544922,23565000.0,0.005347065029921322,0.26877537573334115,0.003912222903629248,-0.00497997328209554,0.0022331405017407746,0.03545000646163255,0.013944651514229588,0.22136448015667057,0.012163697140300543,0.19309270593805664,74.02038567556795,3.2358483153248585,4.4868563821209495,0.7122925861571007,224.4687225752848,0.03816011561512309,225.4283004760742,238.3836426793981,212.47295827275033,0.11493980281946803,0.8066693551475356,229.17830757094748,223.62014005749776,5.5581675134497175,5.145641047794559,0.4125264656551586,1.226677420590143,2.064358852567825
2021-02-10 00:00:00-05:00,234.55188509696072,235.43264960639692,230.6171569708072,232.46485900878903,22186700.0,-0.0039045900607173082,-0.317356928618757,-0.006830623179384987,-0.008857543501169629,0.0033079885633735128,0.05251269047119286,0.012235369867417155,0.19423047520847475,0.011870669893119929,0.1884410425976221,70.94026456786452,4.81549263558972,4.510330400225862,0.6793819919539898,225.16786036748923,0.031389684756713804,226.2827392578125,238.68909594603033,213.87638256959465,0.10965358408608275,0.749151298255338,229.68393086907696,224.27530442426007,5.408626444816889,5.1982381271990254,0.21038831761786358,0.9966051930213522,1.874905131588434
2021-02-11 00:00:00-05:00,234.34128610793087,234.69550267810723,231.8234385314052,234.06365966796875,15751100.0,0.006854058666182903,0.3614867173139208,-0.0020408606719967137,0.003241720258233549,0.0043111477453012205,0.06843734879594315,0.012251302565696509,0.19448339895264313,0.011837701700407275,0.1879176887630645,73.0624015941509,2.87206414670203,4.393311382117017,0.49320674722336166,225.80546863690202,0.03528181624939726,227.17020721435546,239.10450078355814,215.23591364515278,0.10506917888173253,0.7888085672453354,230.35773529967568,225.00036777564588,5.357367524029797,5.23006400656518,0.12730351746461732,1.155234268981343,1.9517520481997115
2021-02-12 00:00:00-05:00,233.52751965114385,234.839105493822,232.3786969588708,234.54232788085935,16561100.0,0.002042946065953263,0.06100971102739534,0.0,0.0009298881282067128,0.004183077975820189,0.06640430423287007,0.012258000454628281,0.19458972464317875,0.011760317570997186,0.18668925379201048,73.68206873576923,2.460408534951199,4.255246893033744,0.5298616052460493,226.4950526965333,0.03431054538016624,228.08160858154298,239.287005575612,216.87621158747396,0.09825778644544154,0.7882860510313023,231.00151877370394,225.70717963529134,5.294339138412596,5.2429190329346635,0.05142010547793241,1.1531442041252107,1.9091096298504382
2021-02-13 00:00:00-05:00,233.52751965114385,234.839105493822,232.3786969588708,234.54232788085935,16561100.0,0.0,-0.06945227359616699,0.0,0.0026130877466137292,0.004289746749676446,0.06809761852254914,0.012258000454628281,0.19458972464317875,0.011760317570997186,0.18668925379201048,73.68206873576923,2.460408534951199,4.127044153170705,0.5416560097910249,227.2153362191433,0.031239528182042894,228.99300994873047,239.07762757041996,218.90839232704099,0.08807795158417583,0.7751377464324318,231.54625863634323,226.36163506088897,5.184623575454253,5.231259941438582,-0.04663636598432852,1.1005509857297258,1.8251124685532996
2021-02-14 00:00:00-05:00,233.52751965114385,234.839105493822,232.3786969588708,234.54232788085935,16561100.0,0.0,-0.06945227359616699,0.0,0.01434652505862477,0.003918313780181361,0.06220130292646373,0.012258000454628281,0.19458972464317875,0.011760317570997186,0.18668925379201048,73.68206873576923,2.460408534951199,4.007998751869312,0.5567619049540113,227.83578922398553,0.02859415064849422,229.7330451965332,239.10631524346212,220.35977514960427,0.08160140861677283,0.7565424158403434,232.00719236626878,226.96761230681273,5.039580059456057,5.192923965042077,-0.15334390558601996,1.0261696633613728,1.7430257985994133
2021-02-15 00:00:00-05:00,233.52751965114385,234.839105493822,232.3786969588708,234.54232788085935,16561100.0,0.0,-0.06790050700955214,0.00529338398943624,0.01434652505862477,0.002971548846440737,0.04717187553817831,0.011973743385853542,0.19007728356883788,0.011760122391216038,0.1866861554090393,73.68206873576923,2.460408534951199,3.8974565935180188,0.5890492838956051,228.50669864631345,0.025733645986543704,230.33905181884765,239.27934740079868,221.39875623689662,0.07762726738132286,0.7350747815596506,232.39721321466735,227.5287023493347,4.868510865332638,5.128041345100189,-0.25953047976755084,0.9402991262386012,1.6680399645445487
2021-02-16 00:00:00-05:00,234.5806260608858,235.63372209695896,232.56060701574447,233.30734252929688,26728500.0,-0.005279423277009809,-0.40185378341150657,-0.004340519823092026,0.009005471649740526,0.0027363745092129836,0.04343859867188386,0.011920339886748463,0.1892295293022017,0.01179332929165331,0.18721329861124913,68.23488517238899,3.073115081214496,3.8385750569249097,1.0296881175875052,229.4992949323618,0.01632202208319648,230.85602416992188,239.17586475967295,222.5361835801708,0.07207817616773333,0.6473176278398105,232.53723310922572,227.95674977007266,4.580483339153062,5.018529743910764,-0.43804640475770196,0.5892705113592424,1.4874307852918396
2021-02-17 00:00:00-05:00,231.5609109057121,234.4299845061486,231.19627360195776,234.32443237304688,21653500.0,0.004349967226933159,0.22362391660592806,0.0016816358851614588,0.04132024503701448,0.0034140059791765826,0.05419566477233277,0.011928939966429908,0.18936605133475634,0.011465915138255987,0.1820157600575767,70.18950196779471,3.2337109041908434,3.7953704745867625,0.8807615220271731,229.787543672601,0.019361569147954227,231.13520584106445,239.53057586780417,222.73983581432472,0.07264466697048858,0.6899396049146471,232.81218684212126,228.42842996288556,4.383756879235705,4.891575170975752,-0.5078182917400476,0.7597584196585877,1.5230546057179755
2021-02-18 00:00:00-05:00,232.02153115942008,234.06538330037236,231.1195427268476,233.93104553222656,16925600.0,-0.0016802235187053194,-0.18409179106574008,0.011702856720514188,0.04509812810319769,0.0034733122014759033,0.05513712186474907,0.010698052472694619,0.16982631813281746,0.011473243355660292,0.18213209190240792,68.43546944649465,3.2048896461992626,3.753193272559084,0.7262304718507172,230.64190247512246,0.014060310163710114,231.7283576965332,239.0316618952878,224.4250534977786,0.06303332290749554,0.6508007728932452,232.98431894829133,228.8360311161701,4.148287832121241,4.74291770320485,-0.5946298710836091,0.6032030915729817,1.429998258712524
2021-02-19 00:00:00-05:00,233.89262609539767,233.9981782251504,230.46699168209992,231.2250518798828,25262600.0,-0.01163490790913939,-0.8379848921140581,0.0,0.027371344045583612,0.0060084753402371745,0.0953815890535906,0.008643073428731059,0.13720453713415637,0.011575992981398251,0.18376319164445354,57.74552510529448,3.531186543050495,3.7373356490227567,1.1255799136297664,231.4865551205217,-0.0011309468351843376,232.18620986938475,237.91875948961126,226.45366024915825,0.04937889828557282,0.4161666227789264,232.71366247622848,229.01299561718585,3.7006668590426273,4.534467534372405,-0.833800675329778,-0.335333508884295,1.1373871239890256
2021-02-20 00:00:00-05:00,233.89262609539767,233.9981782251504,230.46699168209992,231.2250518798828,25262600.0,0.0,-0.0675192984461151,0.0,0.052316579579889,0.0060084753402371745,0.0953815890535906,0.008643073428731059,0.13720453713415637,0.011575992981398251,0.18376319164445354,57.74552510529448,3.531186543050495,3.722610712881881,1.170537553198144,232.3986815876061,-0.005075703078803755,232.64406204223633,235.90300427874155,229.3851198057311,0.028016552048627505,0.2822897646883097,232.48464546140607,229.1768516366449,3.307793824761177,4.28913279245016,-0.9813389676889832,-0.8708409412467651,1.1013469112467367
2021-02-21 00:00:00-05:00,233.89262609539767,233.9981782251504,230.46699168209992,231.2250518798828,25262600.0,0.0,-0.0675192984461151,0.027546830024676394,0.03696502541061508,0.005938047115266294,0.09426357564227465,0.008643073428731059,0.13720453713415637,0.011575992981398251,0.18376319164445354,57.74552510529448,3.531186543050495,3.708937557893925,1.1927871660622291,232.56216429426325,-0.005782731600704961,232.7338134765625,235.7063468316467,229.76128012147828,0.0255444905979127,0.24621620408411968,232.29086183347943,229.32857017318105,2.9622916602983764,4.023764566019803,-1.061472905721427,-1.015135183663519,1.065270519705337
2021-02-22 00:00:00-05:00,227.8186125255099,228.3079825947503,223.00161978250443,225.0262908935547,36446900.0,-0.027174243016019582,-1.8459441752085952,0.0053157110968486965,0.009165709153822865,0.011712768972894043,0.18593444319738645,0.007837922561472196,0.12442316335822678,0.011933124553065676,0.18943247958822343,39.90937020748756,8.223432097378378,4.031401453571386,1.67911637335299,232.12446766191394,-0.03154376646467918,232.52032699584962,236.84033524197508,228.20031874972415,0.037158112599786415,-0.3673636339717851,231.17323553502945,229.00988281913465,2.1633527158948027,3.6516821959948036,-1.4883294801000009,-3.469454535887141,0.4791108792477897
2021-02-23 00:00:00-05:00,221.01533386346117,225.33335146637452,219.4800328590724,223.83644104003903,30228700.0,-0.005301632574150656,-0.40113998677180585,-0.005457482188622853,0.0038296407929141463,0.011322164427733542,0.17973378827258935,0.007895123607285311,0.12533120180995266,0.011939288652126158,0.18953033162724822,37.5141265785366,5.853318607302128,4.161538393123582,1.3828613881451248,231.51956069499343,-0.0343247043209558,232.08029174804688,237.8871904882449,226.27339300784885,0.050042153053669554,-0.20983248346833713,230.04449792041555,228.62666490957199,1.417833010843566,3.204912358964556,-1.7870793481209901,-2.839329933873353,0.3543867027964891
2021-02-24 00:00:00-05:00,220.70831859965355,225.68843572381107,219.739168585644,225.06472778320312,26339700.0,0.005472428649375123,0.31018179238674,0.024280641735709763,-0.01008662069750521,0.012753989938746739,0.2024633136104627,0.007220963975975592,0.11462924943952563,0.011821678030605718,0.18766332089075127,41.42251592098866,5.949267138167073,4.289233303483831,1.2020832696307135,231.1217934591874,-0.026912549716892196,231.74905700683593,238.35115199545177,225.14696201822008,0.056976240368659656,-0.006227889416825525,229.27837943776748,228.36281771502613,0.9155617227413586,2.7470422317199166,-1.831480508978558,-2.024911557667306,0.44998840330161366
2021-02-25 00:00:00-05:00,222.69458880716616,225.1030780789604,218.6644415045088,219.72955322265625,39542200.0,-0.023990553263613955,-1.6200516687668314,-0.014588342013391653,-0.02086634606368809,0.014594205196689573,0.23167582519852262,0.008718119305394139,0.13839585349358438,0.01219837621887825,0.1936432192437375,32.04630297196648,6.438636574451607,4.442762108552958,1.7202672225973286,230.11247447306675,-0.047253185100182164,231.14197158813477,239.65355947608572,222.6303837001838,0.07364813780439242,-0.1704047773291511,227.8093292508273,227.72331664151724,0.08601260931004617,2.2148363072379427,-2.1288236979278965,-2.681619109316603,-0.05179073037511218
2021-02-26 00:00:00-05:00,222.16686652922508,225.85157243502903,220.2573373661656,222.9824981689453,37819200.0,0.014695798227208592,0.917916194959631,0.0,0.021181361357961892,0.018196809506346688,0.28886539565165614,0.00947751772657791,0.15045092970438842,0.012328958442036249,0.19571614777246957,40.83930228133654,6.122019212372777,4.562709044540088,1.5774892280483686,229.48387520301458,-0.029156445404712523,230.69753341674806,239.9452187211753,221.4498481123208,0.08017151434143502,0.08286668534723826,227.06673985361468,227.3721449028082,-0.3054050491935243,1.7107880359516494,-2.016193085145174,-1.6685332586110457,0.23759847527343042
2021-02-27 00:00:00-05:00,222.16686652922508,225.85157243502903,220.2573373661656,222.9824981689453,37819200.0,0.0,-0.04742460816955939,0.0,0.02491977702737258,0.014430164493846325,0.22907175977082972,0.00947751772657791,0.15045092970438842,0.012328958442036249,0.19571614777246957,40.83930228133654,5.594235068863441,4.636389474848899,1.515039346989006,228.90504609804597,-0.02656059546257918,230.25309524536132,240.09834119237797,220.40784929834467,0.08551673050497238,0.13075594477052255,226.43839497905017,227.04698588548501,-0.6085909064348414,1.2469122474743513,-1.8555031539091926,-1.4769762209179096,0.22511527320738323
2021-02-28 00:00:00-05:00,222.16686652922508,225.85157243502903,220.2573373661656,222.9824981689453,37819200.0,0.0,-0.04742460816955939,-0.01924499470944363,0.0033679546788594195,0.01430505654436415,0.2270857326426273,0.00947751772657791,0.15045092970438842,0.012328958442036249,0.19571614777246957,40.839302281336536,5.594235068863441,4.704807017278509,1.4691127276527087,228.33088084273146,-0.023985661285998702,229.79573135375978,240.11248460118466,219.4789781063349,0.08979064307807115,0.16979760873339278,225.90671854672635,226.7459127212969,-0.8391941745705367,0.8296909630653737,-1.6688851376359104,-1.3208095650664273,0.20948367035505674
2021-03-01 00:00:00-05:00,226.36005175499892,227.8665670087545,223.7212634615181,227.3580017089844,25324000.0,0.019432590371920445,1.234987779242358,0.013126671856457772,0.0230566749762382,0.016945379598388828,0.26899956173354644,0.010547669078108871,0.16743905575249193,0.012501202513788754,0.1984504376444433,51.4034559789696,4.884068839809174,4.717611433173556,0.9803786830739308,228.0531397663732,-0.0030574602704265385,229.4949157714844,239.72278908897428,219.2670424539945,0.08913376824150757,0.3955347804882462,226.12999287938143,226.7912526463108,-0.6612597669293621,0.5315008170664266,-1.1927605839957887,-0.4178608780470156,0.5959199028000931
2021-03-02 00:00:00-05:00,227.4252329760532,227.7035134807684,224.00920288060505,224.41221618652344,22812500.0,-0.013041263704056005,-0.8984962982224752,0.027728966679175127,0.009801344092130737,0.012987813959904119,0.2061751548736759,0.010756563880044407,0.17075515792906507,0.012611593120194569,0.2002028341942077,45.511249584879366,3.6943106001633623,4.6445185165299705,0.8820814221569186,227.70332307404604,-0.014665453349416376,229.0922836303711,239.46091683736358,218.72365042337861,0.09051927059858335,0.27431608629517923,225.86571954201867,226.6150277233636,-0.7493081813449294,0.27533901738415545,-1.0246471987290848,-0.9027356548192823,0.3042331893021286
2021-03-03 00:00:00-05:00,222.77137159897669,224.1339445433861,218.06952053441296,218.35739135742188,34029500.0,-0.027351481180617927,-1.832990377494298,0.003660873387308472,0.0007473644511173383,0.017377701479882008,0.2758624588421214,0.012110550205533087,0.19224902450401626,0.013017036106125028,0.20663904206373246,36.30069610292443,6.3426956521104785,4.765816883357149,1.2708934422540745,226.92236442037745,-0.039224562125931686,228.30697021484374,239.44112462418897,217.17281580549852,0.09753670156340521,0.05319557769600849,224.71059212900377,226.00335095551605,-1.2927588265122836,-0.03828055139513234,-1.2544782751171513,-1.7872176892159641,-0.273159122706514
2021-03-04 00:00:00-05:00,217.57053331073425,223.08800061349675,215.19081513202863,217.56092834472656,44727800.0,-0.0036541886998915528,-0.2741915384828031,-0.021027813914393345,-0.030156746763237874,0.017233568747010233,0.2735744226403445,0.011899096890001248,0.18889230718323238,0.013021860351365204,0.206715624582747,35.288988777067004,7.897185481468114,4.989486068936504,1.5869712230675288,225.9556739745172,-0.03858572260037938,227.4579002380371,239.16515356860373,215.75064690747047,0.10293995784112019,0.07731452400238087,223.61064385449959,225.3779863176798,-1.7673424631802277,-0.3840929337521514,-1.3832495294280762,-1.6907419039904745,-0.3569382216105136
2021-03-05 00:00:00-05:00,220.23813818964663,223.8364869297885,217.30188796036575,222.2340240478516,41872800.0,0.021252047390855323,1.3510552111945493,0.0,-0.003528008618562506,0.020967506152700918,0.33284884135958,0.013029645008678105,0.20683920218649776,0.013285481125935188,0.2109004746424014,44.97839080745238,6.5345989694227455,5.099851276114093,1.4218285149065542,225.44966261413424,-0.014469605093368853,226.8424850463867,238.27244574858486,215.41252434418857,0.10077442679981968,0.298404337573582,223.39885619193834,225.14510022361844,-1.7462440316801064,-0.6565231533377425,-1.089720878342364,-0.8063826497056721,0.06408026389673889
2021-03-06 00:00:00-05:00,220.23813818964663,223.8364869297885,217.30188796036575,222.2340240478516,41872800.0,0.0,-0.04497749557046747,0.0,-0.023320610768927774,0.017883367466819233,0.283889657529521,0.013029645008678105,0.20683920218649776,0.013285481125935188,0.2109004746424014,44.97839080745237,6.5345989694227455,5.202333254207567,1.3632443501744231,224.9853500276642,-0.01238030941301854,226.22706985473633,237.22883644773762,215.22530326173504,0.09726304283625904,0.31852706230720756,223.2196512466942,224.9294649513394,-1.7098137046451996,-0.867181263599234,-0.8426324410459656,-0.7258917507711703,0.04289171772931453
2021-03-07 00:00:00-05:00,220.23813818964663,223.8364869297885,217.30188796036575,222.2340240478516,41872800.0,0.0,-0.04497749557046747,0.018514246184661687,-0.017603348976857225,0.017277727757123676,0.2742754251937622,0.013029645008678105,0.20683920218649776,0.013285481125935188,0.2109004746424014,44.97839080745238,6.5345989694227455,5.297495091008652,1.30929687142123,224.5577857957943,-0.01045637254645741,225.61165466308594,236.0157106070589,215.20759871911298,0.09222977385197335,0.3376772177397315,223.06801629302612,224.72980266219216,-1.6617863691660375,-1.0261022847125947,-0.6356840844534428,-0.6492911290410737,0.012434647492962952
2021-03-08 00:00:00-05:00,222.01336490407493,223.93248466540464,217.94484038075797,218.1943206787109,35267400.0,-0.01834494400433951,-1.239722445579392,-0.02733320998923927,-0.03546106036004404,0.014154751468913433,0.22469971354002694,0.013456903032100589,0.2136217130402952,0.013206357282575534,0.20964442256856974,38.71887958561929,5.987644284646677,5.3467914619827965,1.0882286145924103,223.85073157224627,-0.0259237310849368,224.85600357055665,235.10073382704581,214.6112733140675,0.09112258595554475,0.17487270406040537,222.31821696774685,224.24569288563796,-1.9274759178911154,-1.206377011348299,-0.7210989065428164,-1.3005091837583782,-0.41232768678260845
2021-03-09 00:00:00-05:00,223.46226882126916,225.8611680841504,222.30119513567817,224.32586669921875,33080500.0,0.027713711757283203,1.77653207706857,0.005851575004580667,-0.008356253605322328,0.018498036680801692,0.2936472288021118,0.015061757877348243,0.23909799390558925,0.013637044262300398,0.21648136641616278,50.075634676541384,7.6668474054394835,5.512509743658274,1.003064637563475,223.53072214103062,0.0035445959482428985,224.35607528686523,233.58035903851368,215.1317915352168,0.08222896339984667,0.4983625510413702,222.62708615720408,224.25163168664395,-1.624545529439871,-1.2900107149666136,-0.3345348144732574,-0.006549795834519047,0.18761271042584546
2021-03-10 00:00:00-05:00,227.41562829059083,227.41562829059083,222.6562061675543,223.02084350585935,29746800.0,-0.005834521035608904,-0.4168494595481148,-0.019862677849004196,-0.010178387248166332,0.01685326560070248,0.2675372973526701,0.0150153819884302,0.23836179949214906,0.01321055325226194,0.20971103152236373,48.03521175240669,4.759422123036529,5.458717770756722,0.8847818696277181,223.24637326423743,-0.0010112496878443653,223.81056518554686,231.86715927157732,215.7539710995164,0.07199476109942582,0.45098911082929966,222.68766421084334,224.16046219177102,-1.4727979809276803,-1.326568168158827,-0.14622981276885327,-0.19604355668280135,0.03229118036823773
2021-03-11 00:00:00-05:00,225.4581623997512,229.4979006958795,224.8344397852493,227.5404052734375,29907600.0,0.02006259249018714,1.2716615830290783,0.005853775409934148,-0.002439766936732979,0.018906175438948968,0.3001262307288984,0.015793648960161905,0.25071640465705364,0.012987547634628338,0.2061709270909905,54.89048361123033,6.477057190020162,5.53145630070411,0.8834617227438606,223.13834954935166,0.01934625948651119,223.6263328552246,231.11772619591645,216.13493951453276,0.06699920572897612,0.761237946014154,223.43423975893472,224.41082834596853,-0.9765885870338025,-1.256572251933822,0.2799836649000196,1.0449517840566154,0.4786166886939455
2021-03-12 00:00:00-05:00,224.5465474685344,226.283362726676,223.79809211606155,226.2161865234375,22653700.0,-0.00583670863763824,-0.41739370386461194,0.0,-0.0054419490549846294,0.019442985645080433,0.30864782856888945,0.015654356478741877,0.24850520506502274,0.013004357562015166,0.2064377764155261,52.696926740366514,3.7423131573759463,5.403660361894955,0.6717721910682533,222.9388276442805,0.014487729324432918,223.37588958740236,230.09251471077576,216.65926446402895,0.060137422492460436,0.7114378042442105,223.86223156885822,224.5445585813366,-0.6823270124783676,-1.1417232040427312,0.4593961915643636,0.8457512169768406,0.3138273413245638
2021-03-13 00:00:00-05:00,224.5465474685344,226.283362726676,223.79809211606155,226.2161865234375,22653700.0,0.0,-0.03650387272159735,0.0,0.021801100999986778,0.01563610372045001,0.24821545150993524,0.015654356478741877,0.24850520506502274,0.013004357562015166,0.2064377764155261,52.6969267403665,2.4852706106144353,5.195203951089204,0.674380839400033,222.73775615888513,0.015376575911785949,223.12544631958008,228.92000825953494,217.33088437962522,0.05193994710630516,0.7666931716223486,224.22437848494735,224.66838287334406,-0.4440043883967064,-1.0021794409135263,0.5581750525168199,1.0667726864893936,0.28586960109166115
2021-03-14 00:00:00-05:00,224.5465474685344,226.283362726676,223.79809211606155,226.2161865234375,22653700.0,0.0,-0.03650387272159735,0.004003334644888001,0.02344260254632813,0.010683321427321242,0.16959247003715766,0.015654356478741877,0.24850520506502274,0.013004357562015166,0.2064377764155261,52.6969267403665,2.4852706106144353,5.0016372839124354,0.6885164786903243,222.73074951484173,0.0154075491332476,223.18494110107423,229.08514940593773,217.28473279621073,0.05287281727660521,0.7568761360395223,224.5308104908689,224.7830349955732,-0.25222450470428726,-0.8521884536716785,0.5999639489673912,1.02750454415809,0.2579899264846307
2021-03-15 00:00:00-04:00,225.458121186163,225.67881578579733,222.4354997800782,225.31417846679688,26034900.0,-0.003995342623472018,-0.2917016195605541,-0.012199771228785461,0.019361756311611966,0.010387549675680863,0.16489723903908723,0.01449389925363439,0.2300835177164477,0.012946615132847358,0.20552114376947742,50.96423199144156,3.780686743359297,4.914426531015782,0.7963569626061023,222.78249792351883,0.011236223838665885,223.25882797241212,229.2299724432944,217.28768350152984,0.05349078041044028,0.672106913876182,224.65132864101165,224.82237895640458,-0.17105031539293236,-0.7159608260159293,0.5449105106229969,0.6884276555047294,0.11975397843097929
2021-03-16 00:00:00-04:00,226.72473079014077,230.3518647416,226.39848405501235,228.09690856933597,28092200.0,0.012274799278945186,0.7676177829750733,0.0028266336714963813,0.031951326413093506,0.007062351311041376,0.11211135144231872,0.014675105634380558,0.23296007983304234,0.012909697796784511,0.20493509922774167,55.79336915403283,5.0376862748031215,4.923230798429164,0.856988800378278,222.91852583205988,0.022702555548673637,223.41043701171876,229.7190816006089,217.10179242282862,0.05647582694231263,0.8714325233878559,225.18141786075384,225.0649367055106,0.11648115524323543,-0.5494724297640964,0.6659535850073318,1.4857300935514264,0.42673381556536877
2021-03-17 00:00:00-04:00,226.5999721151421,228.90292372097372,223.79806010683893,227.4539794921875,29562100.0,-0.0028226462547502884,-0.2155798012971618,0.02739211655778706,0.004449139736625751,0.006493177880415839,0.10307600334051484,0.014657444076059458,0.23267971128654139,0.01290622448554871,0.20487996212120654,54.45891934672061,5.104863614134786,4.936204570979566,0.9157705804507402,223.32151142760557,0.018168370031634767,223.79665832519532,230.10226528492876,217.49105136546189,0.056351216384749256,0.7900054816568194,225.53104272712824,225.24190283785705,0.2891398892711834,-0.38174996595704047,0.6708898552282239,1.1600219266272795,0.31488808482457104
2021-03-18 00:00:00-04:00,223.1552350369133,224.7193222683973,221.01542068391,221.3896484375,34833000.0,-0.02702366582496585,-1.786839053978065,0.0016064785453206998,-0.028874354384150203,0.014246521118664037,0.22615651156688854,0.0149234003063973,0.2369016355571542,0.013229206605336385,0.21000714432247852,43.81410448163242,6.438558808277492,5.043515587929417,1.0840659147430536,223.2367490483583,-0.008343211274305547,223.71701583862304,230.10561105850508,217.328420618741,0.05711318109562494,0.3178498307515235,224.89390514410852,224.9565506600528,-0.0626455159442969,-0.31792907595449177,0.25528356001019487,-0.7286006769939066,-0.5863125150322805
2021-03-19 00:00:00-04:00,221.6774643364104,223.06882283713475,220.07500155097284,221.03456115722656,46430700.0,-0.0016051895389850494,-0.1262880867386167,0.0,-0.021702204764792343,0.014142729637668041,0.2245088728853536,0.014559875305084912,0.23113085506419218,0.013228723141835153,0.20999946957732507,43.280647091384616,2.9938212861619036,4.897108852088881,1.4258998534658933,223.0945089138318,-0.009319573128384847,223.6196189880371,230.1138841695519,217.1253538065223,0.058083143249271225,0.3009738008413471,224.30015991535745,224.66603291910275,-0.36587300374529264,-0.32751786151265194,-0.03835514223264069,-0.7961047966346129,-0.7450582486096947
2021-03-20 00:00:00-04:00,221.6774643364104,223.06882283713475,220.07500155097284,221.03456115722656,46430700.0,0.0,-0.02139273024555352,0.0,-0.008564997153145737,0.01429986009343986,0.22700324154155238,0.014559875305084912,0.23113085506419218,0.013228723141835153,0.20999946957732507,43.280647091384616,2.9938212861619036,4.761159740236954,1.4072911311988983,222.95598139229446,-0.008692849774299106,223.52222213745117,230.1144090487265,216.93003522617585,0.058984622184201155,0.31131747220564304,223.79776010641424,224.3970350108156,-0.5992749044013692,-0.3818692700903954,-0.21740563431097382,-0.7547301111774275,-0.8427082071149162
2021-03-21 00:00:00-04:00,221.6774643364104,223.06882283713475,220.07500155097284,221.03456115722656,46430700.0,0.0,-0.02139273024555352,-0.023899360643788725,-0.025921831512029092,0.011650998767709895,0.1849538715892823,0.014559875305084912,0.23113085506419218,0.013228723141835153,0.20999946957732507,43.280647091384616,2.9938212861619036,4.634921279231593,1.3636718079422185,222.66126817830207,-0.007359514333681024,223.20605010986327,229.62799220844354,216.784108011283,0.057542724271312164,0.330932067020912,223.37265257577,224.1479628735127,-0.7753102977427204,-0.46055747562086047,-0.31475282212185995,-0.6762717319163517,-0.8833178626785676
2021-03-22 00:00:00-04:00,220.95780504888268,227.31967558191016,220.8330576088388,226.4464874267578,30127000.0,0.0241895837904587,1.5508512874157891,-0.006692531237144528,-0.002071990107059385,0.01812491162468431,0.2877240521636302,0.014916781375605577,0.23679656328823395,0.013537659195735742,0.2149036773951807,53.95295541612812,6.486617973071361,4.767185328791577,0.8754280958748789,222.76891877951152,0.016240343089604196,223.307763671875,229.87298384992016,216.74254349382983,0.05879974856308176,0.7390417739056996,223.84555024515274,224.31822395153085,-0.47267370637811723,-0.46298072177231187,-0.009692984605805366,0.9561670956227984,0.039838083412371474
2021-03-23 00:00:00-04:00,227.88584162612725,231.3018718634521,227.48282830347063,227.97219848632807,31638400.0,0.006715026647994458,0.40438748190263873,0.009003741254091535,0.004651672594226941,0.010736770548983981,0.17044094853944433,0.014687063555515847,0.23314990594617013,0.013398811523481957,0.2126995389297584,56.44128152597464,4.855384436694294,4.7734852650703425,0.9225512046914859,223.2278055373107,0.020811278658182074,223.78850402832032,230.23445079581907,217.34255726082156,0.05760748788671488,0.8245213316919127,224.48041920533356,224.58888873188621,-0.1084695265526534,-0.3920784827283802,0.2836089561757268,1.2980853267676522,0.2902077865399897
2021-03-24 00:00:00-04:00,228.23125886724557,228.3751869519147,225.80357422770757,225.9379119873047,25620100.0,-0.008963449247740852,-0.621628744379406,0.013428638677947857,0.0009351573114544376,0.012392417625067677,0.1967235310726965,0.01342157361356796,0.21306087590788408,0.012718972792678546,0.20190743364974473,52.377113959051485,2.5716127242071423,4.616208655008686,0.7684705156830962,223.71207227165664,0.009851554774805206,224.2073532104492,230.00557715170714,218.40912926919128,0.05172197841179192,0.6492317987704376,224.70464886409835,224.68881638043572,0.01583248366262069,-0.31049628945018004,0.32632877311280073,0.5969271950817512,-0.12450976299485028
2021-03-25 00:00:00-04:00,225.78437942941397,227.3580566060137,222.20522617954543,222.94407653808597,34061900.0,-0.013339273654394164,-0.9119711339893434,-0.017506779878705192,0.0021133672381097313,0.014779281926442142,0.23461382720086504,0.013773829627085765,0.21865276676545478,0.012840076092573535,0.20382988893657322,47.01194445852987,5.152830426468256,4.654538781541513,1.0337910319836678,223.76629414189824,-0.003687999325121409,224.24285583496095,229.99874591449867,218.48696575542323,0.051336218120357525,0.3871782401220479,224.43379158317336,224.5595763921135,-0.12578480894015343,-0.2735539933481747,0.14776918440802128,-0.4512870395118087,-0.7466316689213142
2021-03-26 00:00:00-04:00,222.18603456103727,227.1373657503884,222.18603456103727,226.91665649414065,25479900.0,0.01766183590243386,1.115614423734089,0.0,0.0030112845438285962,0.016297937020935974,0.25872172944473687,0.013532187785459287,0.2148168214497069,0.013012043145594513,0.20655978127251423,53.777788828045566,4.951331189351123,4.675738239242199,0.7930526077931731,223.99106281098844,0.012892811520990123,224.47698745727538,230.26965501606222,218.68431989848855,0.0516103465607079,0.7105825176489338,224.81577080024525,224.7341749181896,0.0815958820556375,-0.20252401826741226,0.2841199003230498,0.8423300705957352,0.02112306616184726
2021-03-27 00:00:00-04:00,222.18603456103727,227.1373657503884,222.18603456103727,226.91665649414065,25479900.0,0.0,-0.04175643553629249,0.0,-0.02422116448908085,0.012394063733450034,0.19674966223316115,0.013532187785459287,0.2148168214497069,0.013012043145594513,0.20655978127251423,53.777788828045566,4.951331189351123,4.695423449964265,0.8138139389819206,224.22759992200537,0.011850415098129747,224.71111907958985,230.50060111611683,218.92163704306287,0.05152822041241684,0.6904779564592857,225.13898398392146,224.89584022011192,0.24314376380954172,-0.11339046185202148,0.35653422566156323,0.7619118258371423,0.005991964141647009
2021-03-28 00:00:00-04:00,222.18603456103727,227.1373657503884,222.18603456103727,226.91665649414065,25479900.0,0.0,-0.04175643553629249,0.005271126331884313,-0.02422116448908085,0.011894458006350429,0.18881866718822618,0.013532187785459287,0.2148168214497069,0.013012043145594513,0.20655978127251423,53.777788828045566,4.951331189351123,4.713702574206183,0.8267361283483675,224.6839531852367,0.009839309918448415,225.14723587036133,230.12725410070118,220.16721764002148,0.04423788025723151,0.6776520227375327,225.41247206241673,225.04553031448444,0.3669417479322874,-0.017324019895159706,0.3842657678274471,0.7106080909501324,-0.007470987636962921
2021-03-29 00:00:00-04:00,227.02221866806568,227.22373264099477,222.5027008245793,225.7268218994141,25227500.0,-0.0052572825723087675,-0.3794856034168443,0.014621554795765546,-0.029337648370125757,0.011372565109722272,0.18053387429529075,0.012882851092472749,0.204508921008958,0.0128908725841044,0.20463625824096482,51.326181173786736,4.721031816415461,4.714226091506846,0.8291095933180882,224.74665140493542,0.004342286336337307,225.2172836303711,230.18805930541373,220.24650795532847,0.044142044472934135,0.5512533960847692,225.46083357580093,225.09599635781257,0.36483721798836655,0.05910822768154554,0.305728990306821,0.20501358433907663,-0.24132787550648122
2021-03-30 00:00:00-04:00,224.08596063121217,224.3930267427671,221.7542377436791,222.47390747070312,24792000.0,-0.01451569054904018,-0.9946654162887707,-0.016626442689381182,-0.04332571386652628,0.011719570806280324,0.18604241895498283,0.01186084265335916,0.1882850400027349,0.012937802860526223,0.20538125328319481,45.2523847886159,3.972584155734978,4.661251667523141,0.8214853271163055,224.73835337394672,-0.010178478586491294,225.18993682861327,230.21728745319143,220.1625862040351,0.04464986930925212,0.2298746834334791,225.00130648270897,224.90176755136002,0.09953893134894543,0.06719436841502552,0.03234456293391991,-1.080501266266084,-0.9114551872061997
2021-03-31 00:00:00-04:00,223.4910559775948,229.43073293599943,222.99208082780365,226.2353973388672,43623500.0,0.016766213413385862,1.0836647860951407,-0.027150690578017556,-0.05339858884748472,0.011375874511389246,0.18058640941808615,0.012357540675811523,0.19616987666737407,0.013106093532388927,0.20805278487751894,52.284030338804314,6.956825465296305,4.825221224506938,1.4133520598795897,224.70839033297997,0.006749637872096482,225.12468643188475,230.05655575656206,220.19281710720745,0.04381455808196786,0.6126054680144133,225.1911666144256,225.00055494302723,0.1906116713983863,0.09187782901169768,0.09873384238668863,0.4504218720576535,-0.15410084109585057
2021-04-01 00:00:00-04:00,228.8261747651646,233.0194454545164,228.42316149759984,232.5492706298828,30338000.0,0.027526080915461458,1.8003498752163054,0.0,-0.022230404332472253,0.0170065863156971,0.2699711882489324,0.013031747676330174,0.20687258100068096,0.013169513609320123,0.20905954738765012,61.2749547687722,6.784048115649199,4.965137431017101,0.9708318439756937,225.03434679480972,0.03231540488051488,225.44134063720702,231.37897301610369,219.50370825831035,0.05267563049540093,1.0985491808097247,226.32318261680365,225.5597190679795,0.7634635488241486,0.2261949729741879,0.5372685758499607,2.394196723238898,1.1159654810972814
2021-04-02 00:00:00-04:00,228.8261747651646,233.0194454545164,228.42316149759984,232.5492706298828,30338000.0,0.0,-0.051477607562697265,0.0,-0.030212145143882485,0.0170065863156971,0.2699711882489324,0.012939736682636278,0.20541195175749305,0.012602548139543264,0.20005924957770727,61.27495476877219,4.596283956916551,4.938790754295633,0.959040365331851,225.35238528674108,0.030947787209343856,225.75799484252929,232.49173403505097,219.0242556500076,0.05965449150289096,1.0042722619028477,227.28104231112354,226.07746362812048,1.2035786830030588,0.4216717149799621,0.7819069680230968,2.0170890476113894,1.0958107181950298
2021-04-03 00:00:00-04:00,228.8261747651646,233.0194454545164,228.42316149759984,232.5492706298828,30338000.0,0.0,-0.051477607562697265,0.0,-0.04304040700744627,0.016371981312377045,0.25989714613167925,0.012939736682636278,0.20541195175749305,0.012602548139543264,0.20005924957770727,61.27495476877219,4.596283956916551,4.91432598305427,0.9475318821459983,225.66279085566075,0.02961299235886379,226.07464904785155,233.46292562453942,218.68637247116368,0.06536138932697447,0.9381685982398484,228.09153897554802,226.55685673936213,1.534682236185887,0.644273819221147,0.8904084169647399,1.7526743929593966,1.0755280618787804
2021-04-04 00:00:00-04:00,228.8261747651646,233.0194454545164,228.42316149759984,232.5492706298828,30338000.0,0.0,-0.051477607562697265,-0.026980435731677965,-0.05276541414957048,0.012712489679495075,0.20180451741851504,0.012939736682636278,0.20541195175749305,0.012602548139543264,0.20005924957770727,61.27495476877219,4.596283956916551,4.891608695473004,0.9412071296331486,226.0009498927262,0.028158853044001547,226.43640365600587,234.35721671063342,218.5155906013783,0.06996059756063408,0.8858737058757902,228.77734384544567,227.00073924977107,1.7766045956745984,0.8707399745118374,0.905864621162761,1.5434948235031583,1.0761794368554494
2021-04-05 00:00:00-04:00,232.94269441038907,239.8515355755108,232.88512317429945,238.99752807617188,36910600.0,0.027351089836590705,1.7747389171164898,0.0048817429511580634,-0.02649995885466283,0.01502885950316757,0.2385757484058668,0.014056378384179037,0.22313808923256997,0.012403661791496448,0.19690202668112097,69.23743515416157,7.302264945627996,5.063798427626932,1.1296629016439526,226.6449351298587,0.05168502388182116,226.98143463134767,236.68325184821632,217.27961741447902,0.0854855572890873,1.1192702447502156,230.349679880942,227.8893902739489,2.460289606993115,1.1886499010080929,1.271639705985022,2.4770809790008608,2.2714633656043905
2021-04-06 00:00:00-04:00,237.59658162885503,239.3141870764356,236.89610713655097,237.8364715576172,22931900.0,-0.004869865882218418,-0.38226723019110076,-0.008163212321979585,-0.031229248641395757,0.012949098644912645,0.20556056830129407,0.013976677761398932,0.2218728810692912,0.012422269503983447,0.19719741495937132,66.58274514895572,2.4180799398846204,4.874818535645339,0.7090333349462788,227.0047190856434,0.04554285724571788,227.50055923461915,238.35183801612203,216.64928045311626,0.09539562292075128,0.9762531924171307,231.5014939850459,228.6262111097762,2.875282875269704,1.5259764958604152,1.349306379409289,1.9050127696685244,1.9692870739083226
2021-04-07 00:00:00-04:00,237.78848433406324,240.78230588022691,237.1935620118689,239.79396057128903,22719800.0,0.008196713783953586,0.4930585221110954,-0.013227905257142125,-0.023484753911914624,0.012754966219484642,0.20247881158671635,0.013993759429268615,0.2221440441402595,0.012334037031103218,0.1957967678745633,68.75768244775858,3.588743868358023,4.782956059410531,0.71588131452973,227.7706412668829,0.050140209018448914,228.4207748413086,240.1740475642049,216.6675021184123,0.10290896466016879,0.9838305890675274,232.77725807523714,229.453451810629,3.3238062646081517,1.8855424496099626,1.438263814998189,1.9353223562701085,2.228463537349626
2021-04-08 00:00:00-04:00,242.5478688898788,243.8624607735945,241.8090039448112,243.00845336914065,23625200.0,0.013316173260568834,0.8309805986064077,-0.01016240101811694,-0.02027175585405039,0.012542008766590897,0.19909821682554874,0.012415881409348838,0.197096007100843,0.012424664119816629,0.19723542830725216,71.98248674370095,4.068500202305472,4.731923498188741,0.7721524158769535,228.87004180914286,0.05818073965731931,229.51946945190429,242.4179708651988,216.62096803860976,0.11239570607318261,1.0228895778285232,234.3512881204531,230.45752600014836,3.8937621203047286,2.287186383748916,1.6065757365558127,2.0915583113140923,2.6257429937192702
2021-04-09 00:00:00-04:00,242.6438584642189,245.63769470692745,242.2312548181653,245.50335693359372,24326800.0,0.010214390742210122,0.6219305236563193,0.0,0.0010175479266316678,0.01154259223650671,0.18323297125692956,0.01239618001715633,0.19678325719550424,0.01248166982037664,0.19814036574922098,74.20772143453658,3.4064398887621508,4.637246097515414,0.8248790196313462,230.17286797951454,0.062445129653465124,230.74290924072267,244.83896132548486,216.64685715596048,0.1221797205482616,1.0235667264888682,236.06699101478242,231.57203199521837,4.49495901956405,2.7287409109119425,1.7662181086521072,2.094266905955473,2.8174926570398338
2021-04-10 00:00:00-04:00,242.6438584642189,245.63769470692745,242.2312548181653,245.50335693359372,24326800.0,0.0,-0.0606935726572994,0.0,-0.01406533970127044,0.007554664854663152,0.11992658666327172,0.01239618001715633,0.19678325719550424,0.01248166982037664,0.19814036574922098,74.20772143453658,3.4064398887621508,4.549331368318753,0.8569950990200859,231.57714337509762,0.05672514515662206,231.96634902954102,246.7454341520978,217.18726390698424,0.12742438879076082,0.9579785484620986,237.51873961767646,232.60398199065355,4.914757627022908,3.1659442541341356,1.7488133728887725,1.8319141938483945,2.6305000950948774
2021-04-11 00:00:00-04:00,242.6438584642189,245.63769470692745,242.2312548181653,245.50335693359372,24326800.0,0.0,-0.0606935726572994,-0.0002343243328390976,-0.01875418869406198,0.006072815126545192,0.09640295149745892,0.01239618001715633,0.19678325719550424,0.01248166982037664,0.19814036574922098,74.20772143453658,3.4064398887621508,4.467696262636139,0.8658410493964476,232.4551132815625,0.053148941892312514,232.9191925048828,248.6278890111224,217.2104959986432,0.1348853766604938,0.9005476973761767,238.74714228166374,233.55949124568616,5.187651035977581,3.570285610502825,1.6173654254747558,1.6021907895047067,2.466364430424007
2021-04-12 00:00:00-04:00,244.40942924919764,247.24973207374575,244.3230577585204,245.56089782714844,27148700.0,0.00023435179107501235,-0.03140638769396738,-0.00998115940584643,-0.01852420503320873,0.006495285304823305,0.10310945766584897,0.01161987786219812,0.18445984252992653,0.012481926222366905,0.1981444360046324,74.26659500557427,2.926674315225341,4.357623266392511,0.9740609324918336,233.34784298456066,0.049735340400916,233.79862747192382,250.29102948366202,217.30622546018563,0.14108211147406086,0.856596642103831,239.79541236558447,234.44848432579448,5.3469280397899865,3.9256140963602575,1.421313943429729,1.4263865684153239,2.341834224935724
2021-04-13 00:00:00-04:00,246.8563508242673,248.7082941150064,246.44371787607145,248.03659057617188,23837500.0,0.010031305131401363,0.6350741040179589,0.011346577072676167,-0.008629174796547567,0.005502938105372281,0.08735643424197605,0.011682997990970275,0.1854618435106475,0.012522772234561623,0.19879284634652802,76.72792888750004,3.1473962878579584,4.271178482211472,0.858003058396219,234.3196517015439,0.05530207798278661,234.9035614013672,252.12354951319045,217.68357328954394,0.1466132570242337,0.8813309593921127,241.06328593644406,235.45501071471134,5.608275221732725,4.262146321434751,1.3461289002979742,1.5253238375684517,2.5185044011800333
2021-04-14 00:00:00-04:00,247.0673808781464,248.3627627254181,244.8411958977392,245.25379943847656,23070900.0,-0.011282687498139826,-0.8262223515869944,-0.015067555667872767,-0.012174692128005482,0.007546094525374789,0.11979053690356607,0.01182197129518357,0.18766797632159934,0.012603308719426644,0.20007132340904898,68.76604446203926,3.521566827678896,4.217634792602002,0.8471675066100907,235.49420956342388,0.0397938376383887,236.01904754638673,252.86334952001386,219.1747455727596,0.1427368015313813,0.7741209432883757,241.70798032137213,236.1808469164717,5.5271334049004395,4.51514373812789,1.0119896667725499,1.0964837731535033,2.060203714857683
2021-04-15 00:00:00-04:00,247.4991912440341,249.41831037148776,247.30729690134916,249.00570678710935,25627500.0,0.015182224596456738,0.9908366299138045,-0.0047557400927267235,0.00480134672671273,0.010226808396927222,0.16234555034505938,0.011371404839299153,0.1805154555733318,0.012710518911509153,0.2017732324466197,72.85578582498387,4.164510933011201,4.213840231202659,0.9407913587060966,236.53094510193452,0.05009829632475164,237.12350006103514,254.3472499178822,219.89975020418808,0.14527239900232328,0.844936695691461,242.8307074699471,237.13083653651893,5.699870933428173,4.752089177187946,0.9477817562402269,1.3797467827658434,2.389727186847805
2021-04-16 00:00:00-04:00,248.97694169506377,250.4450667772481,247.18256984833135,250.1955718994141,24878600.0,0.0047670846066387535,0.27040034361616494,0.0,0.0006140935538547776,0.010118298339156345,0.16062300657939343,0.011010933293127887,0.17479314717802716,0.012718816429819261,0.201904951466305,74.01770693545373,3.2624969289167325,4.1458871381822355,0.9143081847682679,237.6057731937628,0.050319830243489565,238.28744583129884,255.75155891348322,220.82333274911446,0.14658021971118454,0.8409313147503338,243.96376353601892,238.0985947115482,5.8651688244707145,4.9747051066445,0.8904637178262149,1.3637252590013358,2.384815123342662
2021-04-17 00:00:00-04:00,248.97694169506377,250.4450667772481,247.18256984833135,250.1955718994141,24878600.0,0.0,-0.057946375636498834,0.0,0.013881871581155947,0.010139386884428812,0.16095777685721185,0.011010933293127887,0.17479314717802716,0.012718816429819261,0.201904951466305,74.01770693545373,3.2624969289167325,4.082787837520414,0.9153195327413468,238.68297909480287,0.046014374743768904,239.4513916015625,256.8273619325539,222.07542127057107,0.14513150426709015,0.8091677786387705,244.92250328423353,238.99466709583456,5.92783618839897,5.165331322995394,0.7625048654035762,1.2366711145550802,2.2509381055308535
2021-04-18 00:00:00-04:00,248.97694169506377,250.4450667772481,247.18256984833135,250.1955718994141,24878600.0,0.0,-0.057946375636498834,0.007729618891174184,-0.0015698490579870716,0.009559053433387367,0.15174526892352663,0.011010933293127887,0.17479314717802716,0.012718816429819261,0.201904951466305,74.01770693545373,3.2624969289167325,4.024195629763008,0.9159073865387172,239.81185548598998,0.04150239884180951,240.6748291015625,257.41606875205366,223.93358945107133,0.13911915685563048,0.7843499942840932,245.7337446096459,239.82436374795157,5.909380861694331,5.314141230735181,0.5952396309591492,1.137399977136373,2.1370496535673422
2021-04-19 00:00:00-04:00,249.6678626586408,250.90570297994432,247.3937106548456,248.2764892578125,23209300.0,-0.007699898440664134,-0.5937511426031254,0.0018587685627486916,-0.009228137959657934,0.008403925608536887,0.13340818318125455,0.011133052187531786,0.1767317245278764,0.012765739169820791,0.20264982687157174,68.14194874206865,3.5119923250987313,3.9876096794298452,0.8569485913182693,240.96808907373017,0.029436537490641023,241.96495819091797,256.6511584912466,227.2787578905894,0.12139113374210755,0.7148796468053518,246.12493609397922,240.45044711905237,5.674488974926845,5.386210779573515,0.28827819535333,0.8595185872214095,1.8530898389484294
2021-04-20 00:00:00-04:00,247.39364839202,249.67740478959607,246.45326949789063,247.81585693359372,19722900.0,-0.001857043190178345,-0.19701002783835914,-0.008903166545369379,-0.011066336763525753,0.004496487378807802,0.07137952426599677,0.010366332524849857,0.1645604272113181,0.012746271816538285,0.20234079221875087,66.77180286658421,3.224135291705437,3.9330757945923875,0.7618365208658243,242.47019553674068,0.02157110308839318,243.0439811706543,255.92423448766485,230.16372785364373,0.10599113176941119,0.6852399811359828,246.38507776161222,240.99603303124061,5.389044730371609,5.386777569733135,0.002267160638473875,0.7409599245439314,1.7306610615606668
2021-04-21 00:00:00-04:00,248.4683602197952,250.1379845198546,246.8467021854068,250.04202270507807,24030400.0,0.008943036555275815,0.5627297740515175,0.013259635370693523,-0.003708531336594545,0.005971590498924055,0.09479606035001503,0.01006367049964575,0.15975581651135873,0.012779081766748666,0.20286163403146132,69.91971091226233,3.2912823344478,3.88723340458206,0.9396695648127564,243.4144148867103,0.026505975862245252,243.91861877441406,256.15801343951904,231.67922410930908,0.10035637891525186,0.7501514208101356,246.94768467599158,241.66610634041376,5.281578335577819,5.365737722902073,-0.08415938732425321,1.0006056832405437,1.8644710797271407
2021-04-22 00:00:00-04:00,249.6869831956242,251.19349872251507,245.30180365019515,246.7699432373047,25606200.0,-0.013172495852587934,-0.9799374159605989,-0.015240158713012542,-0.01832268777672863,0.008339913445471175,0.13239202159512342,0.009354984205127608,0.14850577035422943,0.012899854158025624,0.20477883630682986,60.802030468182004,5.891695072319919,4.030409237991908,1.0106385393020507,244.23447001339258,0.010274643624138153,244.62965240478516,255.68282352289663,233.5764812866737,0.09036656847978462,0.5968179543069091,246.92033983927053,242.04416833277605,4.876171506494472,5.267824479620553,-0.3916529731260807,0.38727181722763654,1.4909172128250983
2021-04-23 00:00:00-04:00,247.4512097025957,250.9344153892346,246.8658631774736,250.5889587402344,21462600.0,0.0153574834902866,1.006682060750308,0.0,0.02588769756067899,0.011742957828983998,0.18641367643086368,0.009716282916451727,0.15424120958925985,0.012926790570073633,0.2052064385917782,66.32207226072923,4.164472151929914,4.039985160416052,0.8621981742975955,245.22047350122784,0.021423470794543827,245.53163681030273,255.30405774298342,235.75921587762204,0.07960213241465777,0.7587548144298156,247.4847427471111,242.67711577036556,4.807626976745553,5.175784979045553,-0.3681580023000004,1.0350192577192636,1.77074966682944
2021-04-24 00:00:00-04:00,247.4512097025957,250.9344153892346,246.8658631774736,250.5889587402344,21462600.0,0.0,-0.06377482767801745,0.0,0.034216443001836794,0.010904164807875129,0.17309825001899995,0.009716282916451727,0.15424120958925985,0.012926790570073633,0.2052064385917782,66.32207226072921,4.068552211760988,4.042025664083547,0.8778477257765772,246.2422704128984,0.01734588925700384,246.43362121582032,254.30614716383963,238.56109526780102,0.06389165495502534,0.7639138665182518,247.96231443836086,243.26317821257805,4.699136225782809,5.080455228393005,-0.381319002610196,1.0556554660730058,1.6935528348017161
2021-04-25 00:00:00-04:00,247.4512097025957,250.9344153892346,246.8658631774736,250.5889587402344,21462600.0,0.0,-0.06377482767801745,-0.001529266828030007,0.03556978919966913,0.010777038838219642,0.17108018781368178,0.009716282916451727,0.15424120958925985,0.012926790570073633,0.2052064385917782,66.32207226072921,4.068552211760988,4.043920417489079,0.9064855491988648,247.0039871869278,0.014306183206670611,247.01319274902343,254.26276541634113,239.76362008170574,0.058697858091195855,0.7466190874485011,248.366413561726,243.80582862203408,4.560584939691921,4.9764811706527885,-0.41589623096086736,0.9864763497940037,1.6224209172102553
2021-04-26 00:00:00-04:00,251.0783298286712,251.826785030205,249.6485956152948,250.97276306152344,19763300.0,0.0015304373500582707,0.04431225912258866,-0.0016034195600552748,0.037155877278287175,0.010111235187347137,0.16051088252043666,0.008044749715103853,0.12770644263553507,0.012403080368402373,0.1968927968756404,66.90703335922501,2.1781894149102072,3.9106539173048738,0.8403376351634484,247.61768980151507,0.013368276378205651,247.67000732421874,253.69592190149456,241.64409274694293,0.048660834167032874,0.7740460136756367,248.76739040784867,244.33671265458884,4.430677753259829,4.867320487174197,-0.43664273391436836,1.096184054702547,1.5925310107504853
2021-04-27 00:00:00-04:00,251.00158168291068,252.5464878318268,249.60063289753063,251.37582397460935,31014200.0,0.001604706412958705,0.05064545654886226,0.02910905004022002,0.038821544061442115,0.0065645671556229905,0.10420927295136646,0.00787742237566983,0.125050203469428,0.01237038713341066,0.19637380785958677,67.54458346100702,2.9458549342961646,3.841739704232823,1.2958757164008448,248.23255009222254,0.012504280772459247,248.24910049438478,253.2221712906527,243.27602969811684,0.04006516669235964,0.8143654703821063,249.16868787965802,244.85812830792366,4.310559571734359,4.75596830408623,-0.4454087323518712,1.2574618815284275,1.5631673103931027
2021-04-28 00:00:00-04:00,245.72400771033827,246.1654262072266,242.72059614037644,244.26548767089844,46903100.0,-0.02869342795224847,-2.0398601293189755,0.008118574246442023,0.010720217052337055,0.013205916767358546,0.20963742960629242,0.010312413933162094,0.16370449610342616,0.012944255027111298,0.20548367825240482,49.446935364447704,8.655227834232903,4.1855602849471145,1.868880220266248,248.10773946710262,-0.015729818538183702,248.31195220947265,253.03145462552004,243.59244979342526,0.03801268826613776,0.07130390220637396,248.4143493860027,244.81422900147737,3.600120384525326,4.52479872017405,-0.924678335648724,-1.7147843911745,0.9117922992818523
2021-04-29 00:00:00-04:00,245.12908267315444,245.7432001834214,238.9303216999492,242.29837036132807,40589000.0,-0.008085795911930893,-0.6079234737907234,0.0013085715345080295,0.01904842276035601,0.01291535325846551,0.20502487689868476,0.010076765840495083,0.1599636986026845,0.012593401959309296,0.19991405846763574,45.79148305984864,6.812878483472218,4.373225870556051,1.566537411602697,247.774971958294,-0.022602717421495402,248.15170288085938,253.45436262630471,242.84904313541404,0.04273724245197874,-0.05192420412783996,247.47342953605275,244.62786910220706,2.845560433845691,4.188951062908378,-1.3433906290626876,-2.2076968165113593,0.7144234950316657
2021-04-30 00:00:00-04:00,239.64040697084403,242.8453323495901,239.5060692196905,241.98171997070312,30945100.0,-0.0013077161009601435,-0.13879841397994439,0.0,0.0231670335401839,0.012757299226171248,0.20251584691971522,0.009794558431730278,0.15548379487229474,0.012484936321011718,0.19819221983924806,45.21206696403346,3.3392631298996207,4.299371389080592,1.179268642397324,247.53867762473237,-0.022964369600736913,247.97562103271486,253.8514646818142,242.0997773836155,0.04739049447384318,-0.010045996793198725,246.62855114138358,244.431858055429,2.1966930859545926,3.7904994675176216,-1.593806381563029,-2.0401839871727905,0.6648412274499443
2021-05-01 00:00:00-04:00,239.64040697084403,242.8453323495901,239.5060692196905,241.98171997070312,30945100.0,0.0,-0.04790265236672391,0.0,0.009810534533375659,0.012517861581172648,0.19871489214067561,0.009794558431730278,0.15548379487229474,0.012484936321011718,0.19819221983924806,45.21206696403346,3.3392631298996207,4.2307922277105225,1.1645825053891639,247.3082687202107,-0.02201219476476345,247.7995391845703,254.17698252837943,241.4220958407612,0.05147260051245666,0.04387527256398057,245.91365403820197,244.2503663454493,1.6632876927526752,3.3650571125646325,-1.7017694198119573,-1.8244989097440774,0.641171796357341
2021-05-02 00:00:00-04:00,239.64040697084403,242.8453323495901,239.5060692196905,241.98171997070312,30945100.0,0.0,-0.04790265236672391,0.0012704572534889547,-0.0011090869672075732,0.01225030637779467,0.19446758495995897,0.009794558431730278,0.15548379487229474,0.012484936321011718,0.19819221983924806,45.21206696403346,3.3392631298996207,4.167111577866887,1.156322141451614,247.08894051795434,-0.021105811413645422,247.62058029174804,254.4475539094267,240.7936066740694,0.05514059945772735,0.08701610429232336,245.3087411047406,244.08231846583845,1.226422638902136,2.9373302178321334,-1.7109075789299975,-1.6519355828307096,0.615611774370408
2021-05-03 00:00:00-04:00,243.1523979660195,244.06399130382755,240.9646032387153,241.6746826171875,19626600.0,-0.0012696509055538973,-0.13493915714044327,0.01642534274948515,-0.002376524947339087,0.003389750052253669,0.05381061386958846,0.009792975300327895,0.1554586634403941,0.012270531561006024,0.19478864978994676,44.529695576346136,3.0993880651122367,4.090845612670127,0.7392005947772815,246.8462895362951,-0.021399042974225912,247.30248489379883,254.62286585374386,239.9821039338538,0.05920183910071651,0.11560728141028356,244.74965518357857,243.9039750696421,0.8456801139364813,2.5190001970530034,-1.673320083116522,-1.5375708743588645,0.5628854568920861
2021-05-04 00:00:00-04:00,240.82064814733636,241.0509476976474,235.82133672532257,237.7692413330078,32756100.0,-0.01629190598762672,-1.1695487015639587,0.005355484502083341,-0.018498031194267628,0.0070274184959140925,0.11155681019378559,0.010024615496994743,0.15913583756455352,0.012337050326617022,0.19584460245790095,36.90073974103035,5.853345891864933,4.21673848975547,1.2116014665970047,246.36434963560214,-0.03614894952100404,246.9282569885254,255.3691048236755,238.48740915337527,0.0683668036869702,-0.042541213536441046,243.67574536041383,243.4495503484099,0.22619501200392733,2.060439160043188,-1.8342441480392608,-2.1701648541457637,0.1873153386455773
2021-05-05 00:00:00-04:00,238.98791087136087,239.41011943668963,235.87894714797247,236.50265502929688,21901300.0,-0.005341194890780825,-0.4035569387876859,-0.013054074817671069,-0.00287241058287957,0.006903972934792455,0.10959717266268952,0.009831908703558346,0.15607671205624113,0.011824599196128705,0.18770969295582496,34.81739560445139,3.5311722887171584,4.167769475395591,0.8157192810997329,245.83607181199577,-0.03946432136900412,246.30310440063477,255.8726685024653,236.73354029880423,0.0777055906389613,-0.012063520712672198,242.57219300178042,242.9349655099571,-0.3627725081766755,1.5757968263992155,-1.938569334575891,-2.048254082850691,0.0497875642451331
2021-05-06 00:00:00-04:00,236.48345929785845,239.75556103135267,234.79463968140212,239.6308135986328,26491100.0,0.01314002809883287,0.8909575789257813,-0.010813534942601066,0.014214421999407811,0.010596753756229073,0.16821825086143016,0.009664945843591176,0.1534262588222977,0.011900922988965314,0.18892129560560225,43.32753545931792,4.960921349950553,4.224423180720946,0.9837135147118292,245.3294889758568,-0.02378106259226299,245.7748664855957,255.60260490552554,235.94712806566588,0.07997350225805787,0.18741267703547787,242.11967309360386,242.69021351652566,-0.5705404229217947,1.1465293765350135,-1.7170697994568083,-1.2503492918580872,0.3182589362896671
2021-05-07 00:00:00-04:00,241.9529209858051,244.01598268660447,241.01255677969283,242.2503967285156,27032900.0,0.010872426144418355,0.732035605524449,0.0,0.056317961771776615,0.012105683353153334,0.19217176561762933,0.009960540810446325,0.15811868344890434,0.011693580844420709,0.18562984110099526,49.297385861584466,4.385169087971661,4.235905031238854,0.9998333789799724,244.9516825195139,-0.011150800277225415,245.3776077270508,255.0946471497749,235.6605683043267,0.07920070223794001,0.3390862245952224,242.13978442205183,242.6576344951916,-0.5178500731397548,0.8136534866000599,-1.3315035597398146,-0.6436551016191103,0.5399632115370288
2021-05-08 00:00:00-04:00,241.9529209858051,244.01598268660447,241.01255677969283,242.2503967285156,27032900.0,0.0,-0.02854812320918673,0.0,0.03880172040888774,0.01207986224867603,0.19176186829148556,0.009960540810446325,0.15811868344890434,0.011693580844420709,0.18562984110099526,49.297385861584466,3.0034259069116445,4.147870808072625,0.9958659235987904,244.57687442327733,-0.009603607367334736,244.98034896850587,254.51598232164966,235.44471561536207,0.07784814899067413,0.35685522194022734,242.15680169996935,242.6274687346971,-0.4706670347277395,0.5567893823345,-1.0274564170622396,-0.5725791122390902,0.516289281694873
2021-05-09 00:00:00-04:00,241.9529209858051,244.01598268660447,241.01255677969283,242.2503967285156,27032900.0,0.0,-0.02854812320918673,0.02136085573890556,0.01736837481264919,0.007900556410845402,0.12541744489280388,0.009960540810446325,0.15811868344890434,0.011693580844420709,0.18562984110099526,49.297385861584466,3.0034259069116445,4.066124743703984,0.9889012046253517,244.30478765686433,-0.00848044402028801,244.679044342041,254.15679502160404,235.20129366247798,0.077470881946996,0.37187637153389513,242.17120093513032,242.59953747497994,-0.4283365398496244,0.35976419789767516,-0.7881007377472995,-0.512494513864419,0.4919127962075277
2021-05-10 00:00:00-04:00,240.72472211515404,241.5499439909269,237.126373466444,237.18394470214844,29299900.0,-0.021135910372195303,-1.5020094035920761,0.0038582842127505845,-0.003908981731405747,0.013564123589795548,0.2153237866268623,0.010774494425965115,0.17103979652133197,0.011774478183911868,0.18691404655311747,39.297738088838805,5.124023262071603,4.1416889235873855,1.0533791836463222,243.80526050218984,-0.027916374391851594,244.14744873046874,254.06677487191,234.22812258902746,0.08125684862176795,0.1489930904062145,241.4039307454408,242.19838245477018,-0.7944517093293939,0.12892101645226134,-0.9233727257816553,-1.4040276383751404,-0.025406922685795117
2021-05-11 00:00:00-04:00,234.66028588552803,236.62738584949687,232.76036211665323,236.2723388671875,33641600.0,-0.0038508601242524683,-0.2924419705941122,0.0302510079887921,-0.0077374128064776615,0.011618116649508237,0.1844318841452266,0.010780321498589233,0.17113229843154154,0.011295276294049139,0.1793069523829038,37.81155210110579,4.423582585495211,4.161824185152231,1.1889293465334498,243.0926234506432,-0.028866199979886323,243.4589645385742,253.5653256525945,233.3526034245539,0.0830231175358427,0.14445038177901237,240.61445507186338,241.7594162630974,-1.1449611912340174,-0.12585542508499442,-1.019105766149023,-1.422198472883951,-0.13447370169860445
2021-05-12 00:00:00-04:00,232.37653406692772,234.49716711113675,228.44234870372256,229.3347320556641,36684400.0,-0.029802469628732453,-2.0798898363369887,-0.01658235682512532,-0.02520599689395364,0.013687319498632777,0.21727946105080564,0.012010435323578471,0.19065975002288527,0.01191005846504619,0.18906631679251132,28.86486248309778,7.829990163464942,4.4238360407459965,1.2715730744460412,242.05472039158872,-0.05546472713447186,242.5872039794922,254.3613064701155,230.81310148886888,0.0970710927656239,-0.0627805573453322,238.8791130693712,240.83906928476898,-1.9599562153977956,-0.49267558314755466,-1.467280632250241,-2.2511222293813304,-0.8435520327391297
2021-05-13 00:00:00-04:00,232.0215127667873,235.66784215247608,231.6568754357032,233.20176696777344,29624300.0,0.016721383169837567,1.173538134102106,-0.020632759048379468,-0.00020560956268289576,0.01829969491144309,0.29049865082419546,0.01263855714318966,0.20063087478935274,0.011828444110002313,0.18777072907135714,37.711867437695254,6.333110096811993,4.560212759036425,1.0125298617919622,241.2935029753649,-0.034698433518772075,241.71784439086915,253.57162639180245,229.86406238993584,0.09807949455121884,0.1407864839076172,238.0056752075869,240.27334318721375,-2.26766797962685,-0.8476740624434138,-1.4199939171834364,-1.4368540643695311,-0.4680257339730155
2021-05-14 00:00:00-04:00,235.64867004930943,239.10307614273847,235.5623131913605,238.1147308349609,23901100.0,0.02084858835212227,1.4584439947230075,0.0,0.018338075001339105,0.022386997766964803,0.35538257215648317,0.013079779932993288,0.2076350694369199,0.012077053028267807,0.1917172733000168,46.769644409975506,5.901309174965036,4.656005360174182,0.8135262425020329,240.82467338203085,-0.011380826955003571,241.09413299560546,252.27624409562358,229.91202189558734,0.09276137051598797,0.3667781900038658,238.02245299641368,240.11344597593575,-2.0909929795220705,-1.096337845859145,-0.9946551336629255,-0.5328872399845368,0.013150717057780042
2021-05-15 00:00:00-04:00,235.64867004930943,239.10307614273847,235.5623131913605,238.1147308349609,23901100.0,0.0,-0.04339423500748719,0.0,0.004456142972994348,0.020088657213136157,0.3188975469550928,0.013079779932993288,0.2076350694369199,0.012077053028267807,0.1917172733000168,46.769644409975506,3.5407629513779852,4.576345188117312,0.8101640744021799,240.35971897752447,-0.009428178318457646,240.4704216003418,250.78018135378136,230.16066184690226,0.085746593571281,0.3857543327042615,238.0366495869594,239.9653930025302,-1.9287434155707786,-1.2628189598014719,-0.6659244557693067,-0.4569826691829535,-0.004220643850917936
2021-05-16 00:00:00-04:00,235.64867004930943,239.10307614273847,235.5623131913605,238.1147308349609,23901100.0,0.0,-0.04339423500748719,0.012113645362674008,0.009823218181556737,0.01993983870438794,0.3165351263673052,0.013079779932993288,0.2076350694369199,0.012077053028267807,0.1917172733000168,46.769644409975506,3.5407629513779852,4.502375028350218,0.8045220811792742,239.9163998131597,-0.007566390251796479,239.82751998901367,248.9103736734674,230.74466630455993,0.07574488269627953,0.4057130493589049,238.04866208665197,239.82830691604357,-1.7796448293916,-1.3661841337194975,-0.41346069567210253,-0.3771478025643808,-0.02308715266897774
2021-05-17 00:00:00-04:00,236.57942289581203,236.6177988375516,233.67195847192968,235.2648162841797,24970200.0,-0.012040862349552681,-0.9058349141191344,0.008639199636483852,-0.0022630138340804518,0.01349910714160668,0.2142916825086435,0.01320887098218259,0.2096843263127557,0.012170898671812777,0.19320702670669765,42.311844334120984,4.442772363031224,4.498117695113147,0.8491461592597083,239.11460440564787,-0.016363637292955723,239.0219696044922,246.5101119391858,231.5338272697986,0.06265651937421633,0.24912647540731853,237.62037811704084,239.49027057294253,-1.8698924559016916,-1.4669257981559365,-0.40296665774575513,-1.0034940983707263,-0.35917217951541774
2021-05-18 00:00:00-04:00,236.31072249373372,236.44506023825215,233.07699701786404,233.24972534179688,20168000.0,-0.00860209529934264,-0.6943375169323811,-0.002467947000774684,-0.01080883379754971,0.012783129401078465,0.20292588823446997,0.0132157437089431,0.20979342746777896,0.012134433114479528,0.19262815392995877,39.448740142651104,3.368063220388109,4.417399518347073,0.7185025449340191,238.4735609206431,-0.022395891661571684,238.4711814880371,245.95590671026093,230.98645626581327,0.06277257633832205,0.15119252937058042,236.94796999777253,239.02800796322805,-2.0800379654555172,-1.589548231615853,-0.4904897338396643,-1.3952298825176803,-0.6184596611323692
2021-05-19 00:00:00-04:00,230.1624360776296,233.93259335141164,229.4795838584904,233.8267974853516,25739800.0,0.0024709974018262888,0.14278467052209803,-0.01363194833732051,-0.030544779488895002,0.006305557270683163,0.10009761849541705,0.011941081562891519,0.1895587932032967,0.012130404691427218,0.19256420469652574,40.68653489136522,4.45300949292124,4.419943087959514,0.9419172152992843,237.97066698767696,-0.017721961498382028,238.04760284423827,245.5790782863353,230.51612740214125,0.06327705343057027,0.21978894498582716,236.46778961124625,238.64273311301497,-2.1749435017687233,-1.706627285646427,-0.46831621612229624,-1.1208442200566897,-0.5965702466229511
2021-05-20 00:00:00-04:00,234.63470174976987,238.472175691657,234.53851835238595,237.0583648681641,21800700.0,0.01372571648187712,0.9900853921458543,0.005343264856419561,-0.020816908156810032,0.010118370842638702,0.16062415753649442,0.01233465641134693,0.1958066002311144,0.011721987470721616,0.18608078231366654,47.19619695397308,4.645378206305395,4.436045596412791,0.8113455212374037,237.70268730996077,-0.0027179907452538257,237.80143508911132,245.11003383199238,230.49283634623026,0.06146807936749674,0.44916465884304985,236.55864734307974,238.52537250228528,-1.966725159205538,-1.7586468603582492,-0.20807829884728868,-0.20334136462780067,-0.2632557336408702
2021-05-21 00:00:00-04:00,238.10670075398016,238.83764464564825,235.3848750918042,235.7984313964844,21863100.0,-0.005329040264765657,-0.46461164385028786,0.0,-0.02513032876150434,0.01028064887702584,0.163200241469915,0.012370165945183613,0.19637029660533656,0.011745139888542156,0.1864483155524846,45.117142730974244,3.452769553844064,4.365811593372168,0.8276552097217905,237.37324692949804,-0.006678651438378965,237.49227066040038,244.57597714259427,230.4085641782065,0.059654206534773185,0.38044117382801423,236.44169104360353,238.32337686481856,-1.8816858212150294,-1.7832546525296054,-0.09843116868542401,-0.47823530468794356,-0.4418763223693565
2021-05-22 00:00:00-04:00,238.10670075398016,238.83764464564825,235.3848750918042,235.7984313964844,21863100.0,0.0,-0.05782754592686154,0.0,-0.01660583646647973,0.008600425363880556,0.13652752009320085,0.012370165945183613,0.19637029660533656,0.011745139888542156,0.1864483155524846,45.117142730974244,3.452769553844064,4.300594304834447,0.8421319016809821,237.03228192658173,-0.0052326494404140635,237.18310623168946,243.9755485753304,230.39066388804852,0.05727593715722592,0.3980723894917277,236.34272802096982,238.1363438671642,-1.7936158461943705,-1.7853268912625586,-0.00828895493181192,-0.40771044203309004,-0.4649432913390947
2021-05-23 00:00:00-04:00,238.10670075398016,238.83764464564825,235.3848750918042,235.7984313964844,21863100.0,0.0,-0.05782754592686154,-0.022370306722555244,-0.01806309811149176,0.007058302297058407,0.11204707533799496,0.012370165945183613,0.19637029660533656,0.011745139888542156,0.1864483155524846,45.117142730974244,3.452769553844064,4.2400353940494195,0.83852012594428,236.80582473189526,-0.004272264787533582,236.8892936706543,243.36464932050987,230.41393802079872,0.0546698886177458,0.4157681575224193,236.2589900787413,237.96316516563235,-1.7041750868910412,-1.769096530388255,0.06492144349721385,-0.3369273699103221,-0.4967786182492715
2021-05-24 00:00:00-04:00,238.3183019899604,241.5594948236188,238.04900607225056,241.1940155029297,21411500.0,0.0226243173789354,1.655892308889715,-0.0037343674180130293,0.004405766969519664,0.011577923941816608,0.18379384469080443,0.013420851435347783,0.21304941168404695,0.011696906882733352,0.1856826403223532,55.58257345666524,5.761063427134388,4.3486802535554885,0.8394623974832791,236.9281478610442,0.017686457240617823,237.0605323791504,243.80923150559565,230.31183325270516,0.05693650527749171,0.806242954851991,237.0182247593857,238.20248741283956,-1.1842626534538567,-1.6521297550013756,0.46786710154751887,1.2249718194079628,0.1580575713817514
2021-05-25 00:00:00-04:00,242.1461904587753,243.08872621785105,241.2325067869294,242.0980987548828,17704300.0,0.0037413575759912606,0.22619603685354486,0.0009146055080850868,0.00817064658391975,0.010790599655490118,0.17129545911411662,0.012914418401346953,0.20501003650200225,0.011679465733534827,0.18540577066220237,57.06010253882967,1.8947107149213593,4.173396715081622,0.6998755354279302,237.12748331424635,0.020531410474516225,237.34030456542968,244.44610446261842,230.23450466824093,0.05987857738869487,0.8347824494280689,237.79974383561603,238.49105121595386,-0.6913073803378325,-1.459965280068667,0.7686578997308346,1.3391297977122758,0.25090159352931574
2021-05-26 00:00:00-04:00,241.81915798529013,243.271448088738,241.16515782189023,241.8768768310547,17771600.0,-0.0009141875113161083,-0.13402947154636088,0.008744237867401194,0.007249410724855299,0.009964155628571978,0.15817606690767558,0.012844086474938043,0.20389355178296584,0.011613060295283183,0.18435161701030575,56.564276528027776,2.1062902668477648,4.025746254493489,0.714856329629716,237.1638631864096,0.019485176534411005,237.45260772705078,244.77841904030356,230.126796413798,0.06170335532110666,0.801964445630764,238.4269950656835,238.74185311336873,-0.3148580476852203,-1.2309438335919778,0.9160857859067575,1.207857782523054,0.19231123666716646
2021-05-27 00:00:00-04:00,241.5690844118336,241.86723238709067,239.72247771865463,239.7801818847656,24426200.0,-0.008706228434431858,-0.7306591188745957,-0.0014818693246824166,0.007720225016971449,0.011687716905748503,0.1855367539604153,0.01270152023386124,0.2016303828675108,0.011534668423483243,0.18310718462475675,51.95613935870572,2.154399112400057,3.8920786014868156,0.9877135282204298,237.01506234759063,0.011531893567850568,237.32909698486327,244.39293228165477,230.26526168807177,0.05952776449692575,0.6734953319916482,238.63517765323462,238.81876635569444,-0.18358870245981507,-1.0214728073655452,0.8378841049057302,0.6939813279665926,-0.13595195177741387
2021-05-28 00:00:00-04:00,241.40558245087644,242.44430145913847,240.02062377319373,240.1360321044922,18270200.0,0.0014829683789341667,0.04458325968874421,0.0,0.009623773956949133,0.011599969678871391,0.1841438099171009,0.012463789371159396,0.1978565224174673,0.011339701582842155,0.1800121819793151,52.66102503345422,2.664119574372876,3.8043672424072486,0.752110476286138,236.84112475039558,0.013721003571271097,237.2233787536621,244.03591472072048,230.41084278660372,0.05743562040849832,0.7137715943749912,238.86607833804348,238.91634159634614,-0.05026325830266387,-0.8272308975529691,0.7769676392503052,0.8550863774999632,-0.12434243338871824
2021-05-29 00:00:00-04:00,241.40558245087644,242.44430145913847,240.02062377319373,240.1360321044922,18270200.0,0.0,-0.06908871469352074,0.0,0.016157083292305252,0.0047160890216685954,0.07486559227306205,0.012463789371159396,0.1978565224174673,0.011339701582842155,0.1800121819793151,52.66102503345422,2.423677685944739,3.7057465598027837,0.765924890295142,236.66079754408022,0.014471941299087335,237.11766052246094,243.66207851952072,230.57324252540116,0.05519975174046441,0.7306065706215066,239.06145584057404,239.006689041394,0.05476679918004379,-0.6508313582063665,0.7055981573864103,0.922426282486026,-0.18135886040023397
2021-05-30 00:00:00-04:00,241.40558245087644,242.44430145913847,240.02062377319373,240.1360321044922,18270200.0,0.0,-0.06908871469352074,0.0,-0.0044259949964315926,0.004049374550184829,0.06428182815085859,0.012463789371159396,0.1978565224174673,0.011339701582842155,0.1800121819793151,52.66102503345422,2.423677685944739,3.614170211670066,0.7840516962066818,236.76414590823018,0.014041567051440149,237.26526489257813,243.94768669253128,230.58284309262498,0.05632869862327816,0.7147999107100801,239.2267752657922,239.09034408310498,0.13643118268723242,-0.49337885002764675,0.6298100327148792,0.8591996428403185,-0.23098222610398783
2021-05-31 00:00:00-04:00,241.40558245087644,242.44430145913847,240.02062377319373,240.1360321044922,18270200.0,0.0,-0.065916019694697,0.009215750880187112,-0.0044259949964315926,0.004109820908493186,0.06524138434131908,0.011525119571202566,0.18295560129411217,0.011312981146640111,0.17958800820463242,52.66102503345422,2.423677685944739,3.5291350312611143,0.8107937792783437,236.9375531639671,0.01331944611766265,237.45844955444335,244.242627917693,230.6742711911937,0.057139919644714154,0.6973402235820836,239.36666093328452,239.1678024550596,0.19885847822493474,-0.35493138437713045,0.5537898626020652,0.7893608943283332,-0.2577293821692155
2021-06-01 00:00:00-04:00,241.6268080003857,241.68451217113508,237.5200379764385,237.94320678710935,23213300.0,-0.009173544956063758,-0.7636888453718562,0.00040429717471845983,-0.013517174959587264,0.004316367936590175,0.0685202167636237,0.011685062582907343,0.18549461789159338,0.011214536172185171,0.17802524268324116,46.95143192178275,4.164474194696595,3.5745164000779344,1.0618995785255967,237.62887793190805,0.001321024707725865,237.8888732910156,243.49251915345727,232.28522742857396,0.047111458261324964,0.5048480487014626,239.1476679877191,239.07709166484105,0.07057632287805404,-0.2698298429260936,0.3404061658041476,0.019392194805850322,-0.6683821062362358
2021-06-02 00:00:00-04:00,238.64532119633685,239.7417445032834,236.4428474366505,237.8470458984375,19406700.0,-0.00040421546863723235,-0.09884105124599925,0.006471033571000762,-0.02564903311527522,0.004061114940980096,0.06446820107689252,0.009439027186564019,0.14983991132415642,0.011034038990884778,0.1751599387588273,46.7122514235855,3.2988970666328896,3.55482930483186,0.9090093649506295,237.94594706000967,-0.00041581833063591533,238.12113723754882,243.27371198582236,232.96856248927529,0.04327692037799522,0.4734024878335669,238.94757228167578,238.98597716362596,-0.038404881950185654,-0.223544850730912,0.18513996878072633,-0.10639004866573241,-0.714594050242622
2021-06-03 00:00:00-04:00,235.846550117456,236.9237338024007,233.71140768799265,236.3178253173828,25307700.0,-0.006450186320436543,-0.5664130447466477,-0.020255803583092202,-0.027160723218931815,0.0043169203548755275,0.06852898613204007,0.008940819289596955,0.14193110614465634,0.010524996062150299,0.16707913278230285,42.963926436056965,4.135638210444853,3.5963156552327877,1.1815198359074148,237.84034727563127,-0.006442687749871018,238.03129196166992,243.24662008711053,232.81596383622932,0.0438205252969885,0.3357278197004766,238.54299582563073,238.78833628612648,-0.2453404604957541,-0.2279039726838804,-0.01743648781187368,-0.6570887211980923,-1.019025015831028
2021-06-04 00:00:00-04:00,238.28942031547317,242.0307252885861,238.04897651340795,241.2035980224609,25281100.0,0.020463765454609584,1.5435077786019784,0.0,-0.011041598577778644,0.011627044119540436,0.1845736033384797,0.008897602132259135,0.14124505504053422,0.01082839672769735,0.17189546903419675,55.30411480449415,5.712899971203285,3.7475002492306806,1.176488107772418,238.0229290976002,0.013186656214657764,238.18573532104492,243.59095373697775,232.78051690511208,0.045386583782167055,0.7791619569451911,238.9523192405277,238.967244562892,-0.014925322364319982,-0.18530824261996834,0.17038292025564836,1.116647827780766,-0.12661071643265812
2021-06-05 00:00:00-04:00,238.28942031547317,242.0307252885861,238.04897651340795,241.2035980224609,25281100.0,0.0,-0.06071273950902459,0.0,-0.025074023667467693,0.011627044119540436,0.1845736033384797,0.008897602132259135,0.14124505504053422,0.01082839672769735,0.17189546903419675,55.30411480449415,3.981748775178147,3.764232286798357,1.1727224927247286,238.2043421311187,0.012434540429462933,238.3401786804199,243.91083928021777,232.76951808062205,0.04674545962531412,0.757008957083555,239.29866982236356,239.13290037471194,0.16576944765162693,-0.1150927045656493,0.28086215221727623,1.0280358283342212,-0.1376080084664421
2021-06-06 00:00:00-04:00,238.28942031547317,242.0307252885861,238.04897651340795,241.2035980224609,25281100.0,0.0,-0.06071273950902459,-0.011898768548871064,-0.02753127475962691,0.010289448897032042,0.16333993745672779,0.008897602132259135,0.14124505504053422,0.01082839672769735,0.17189546903419675,55.30411480449415,3.981748775178147,3.779769178825485,1.171877462550688,238.55020021685544,0.011000655990871166,238.637117767334,244.15037628885972,233.12385924580826,0.046206211113403034,0.7327552975347034,239.5917356993016,239.2862853856563,0.3054503136453093,-0.030984100923457582,0.3364344145687669,0.9310211901388139,-0.14213366301798422
2021-06-07 00:00:00-04:00,240.42458368050268,244.377480722502,240.2610836417249,244.10818481445312,23079200.0,0.011970125500113164,0.8755372147007818,0.004909509692258229,-0.01582075369726832,0.010823861641458021,0.17182347677201576,0.00873132522874759,0.13860549102774164,0.010379140912372964,0.16476375405980942,61.490601129865084,4.116397080777119,3.803814028964888,1.0626408922809447,239.0916083095171,0.02055062802891725,239.1800407409668,244.59725235864693,233.76282912328668,0.0452981912779837,0.9548598449987042,240.28657402470952,239.64346312112272,0.6431109035868019,0.10383489997859432,0.5392760036082076,1.8194393799948132,0.3931631085637204
2021-06-08 00:00:00-04:00,245.4065828203416,246.2240976747325,242.857869534934,242.91558837890625,22455000.0,-0.004897497349979667,-0.4477816998105031,-0.004022270259123939,-0.020628985186810556,0.010420946295943024,0.1654273939501497,0.008547039804348176,0.13568005060845256,0.01037936502128204,0.16476731167844946,57.94425801010711,3.366228139798494,3.7725578940244313,1.0417787856631198,239.60515039011935,0.013627935575806653,239.63448028564454,244.67246567941268,234.5964948918764,0.04204724952571813,0.8256369199998431,240.691037771509,239.88584276984741,0.8051950016615876,0.24410692031519302,0.5610880813463947,1.302547679999372,0.1806478605079481
2021-06-09 00:00:00-04:00,244.10819819545324,245.76245296444787,243.531141793228,243.8966064453125,17937600.0,0.004030381345436357,0.256153809605025,-0.01418909538511337,-0.024241220342509195,0.006301944037346884,0.10004026019439718,0.008558708653001096,0.13586528783818505,0.010341673210137932,0.16416897272594394,59.9884674169016,2.846864585541624,3.7064369434185167,0.8397231913282532,239.9152906301656,0.01632378520215125,239.97639236450195,245.20289227604636,234.74989245295754,0.04355845056296903,0.8750324449591491,241.18420218286337,240.18293637543744,1.0012658074259377,0.39553869773734196,0.6057271096885958,1.500129779836593,0.3691075180711661
2021-06-10 00:00:00-04:00,244.5698547989428,247.6186809909333,243.973558759814,247.40708923339844,24563600.0,0.014290723081142254,1.0599150357518183,-0.002520448887209703,-0.004334937460177213,0.008043161597244091,0.12768123204607754,0.00859818385184873,0.13649193719281902,0.010362211958028122,0.1644950152408925,66.30085297025673,3.7220745456208135,3.7075539150043952,1.14268701430708,240.55268453490353,0.027704964800053113,240.55682525634765,246.37466139892544,234.73898911376986,0.04836974495633665,1.0887295387126137,242.14156942140724,240.71805880936049,1.4235106120467549,0.6011330805992245,0.8223775314475303,2.354918154850449,1.0128774290903393
2021-06-11 00:00:00-04:00,248.1283958687472,248.609283510247,246.80114128203925,248.03224182128903,18999700.0,0.002523630565802906,0.127641931429826,0.0,0.001981397034080734,0.007717366827802828,0.12250940041575428,0.008431053501266106,0.13383882512778306,0.010288384423539585,0.16332303946389823,67.29051278259017,1.8081422282077426,3.5718816516617773,0.8897831611029364,241.1288330438486,0.027832707259141103,241.16851577758788,247.4350604879361,234.90197106723966,0.05196818241504961,1.0476483741005445,243.04782671369674,241.2598501435774,1.7879765701193264,0.8385017785032449,0.9494747916160815,2.19059349640218,1.1135292514969988
2021-06-12 00:00:00-04:00,248.1283958687472,248.609283510247,246.80114128203925,248.03224182128903,18999700.0,0.0,-0.07278986145371073,0.0,-0.01153692515969984,0.007070361621101676,0.11223851117238315,0.008431053501266106,0.13383882512778306,0.010288384423539585,0.16332303946389823,67.29051278259017,1.8081422282077426,3.4459002642722036,0.8957892994864217,241.71275968981723,0.025478470399929228,241.78020629882812,248.22544347056285,235.3349691270934,0.05331484549871501,0.9850120605242354,243.81465980717246,241.76150878637088,2.053151020801579,1.0814316269629118,0.971719393838667,1.9400482420969387,1.1135594621796363
2021-06-13 00:00:00-04:00,248.1283958687472,248.609283510247,246.80114128203925,248.03224182128903,18999700.0,0.0,-0.07278986145371073,-0.007695756318285341,-0.005936115029566036,0.005914745468396272,0.09389367346573671,0.008431053501266106,0.13383882512778306,0.010288384423539585,0.16332303946389823,67.29051278259017,1.8081422282077426,3.3289175474104566,0.9009114522827086,242.023757706384,0.02422460915074998,242.1221176147461,249.13678498526627,235.1074502442259,0.057943218402555126,0.9212690277646529,244.46351857857502,242.22600752969817,2.237511048876854,1.3126475113457003,0.9248635375311538,1.685076111058613,1.0969303116074163
2021-06-14 00:00:00-04:00,248.0418879198391,250.0135452445864,246.98392903229885,249.95584106445312,19150500.0,0.0077255214594617915,0.5469157937511615,0.0059222591267464875,0.0017732880816780927,0.006120377136817893,0.09715797500367411,0.007178713810841823,0.11395854886075343,0.010332421412579677,0.16402210499282718,70.60779080104557,3.02961621228755,3.3075388806159634,0.9049590936090763,242.3795584989557,0.030310484176858332,242.5150047302246,250.35559872606478,234.67441073438442,0.06466069185749651,0.9745071826303116,245.3084912687101,242.79858779153187,2.509903477178227,1.5520987045122059,0.9578047726660213,1.8980287305212442,1.4402240207636243
2021-06-15 00:00:00-04:00,249.84035962759825,250.0519513680748,247.83025276859735,248.4842529296875,18038900.0,-0.005904791481516476,-0.5481421965246714,0.0038073964224760726,-0.004124544424208509,0.00492808943168206,0.07823099444949819,0.007348120552922193,0.11664779752052734,0.010284843710040834,0.16326683237960968,65.16318083228423,2.221698599477463,3.2299788605346422,0.8518922819472593,242.66067985849577,0.023436386823432236,242.84537353515626,251.11768229952224,234.57306477079027,0.06812819732938764,0.8408286341306207,245.79706998578354,243.21974817213598,2.5773218136475577,1.7571433263392762,0.8201784873082816,1.3633145365224841,1.185612502194154
2021-06-16 00:00:00-04:00,249.48453909560968,250.6194270515861,244.6949015936173,247.5417633056641,27220000.0,-0.0038001666340203005,-0.3735643009392031,-0.013491589997374764,-0.019989963637971564,0.005201150757573385,0.08256570861536623,0.007417083942277906,0.11774255738734736,0.010194924279162383,0.16183940566678862,61.87249253919751,5.924525457968798,3.422446474637082,1.2770478332293758,243.13739757119578,0.017792414805698105,243.23345260620118,251.62763929270005,234.8392659197023,0.06902164645986579,0.7566246654004225,246.06548434268822,243.53989744128623,2.5255869014019936,1.9108320413518198,0.6147548600501738,1.0264986616016898,1.0315409720431894
2021-06-17 00:00:00-04:00,246.28180801711892,251.74468467468952,246.22410384722616,250.9271697998047,27565500.0,0.013583428464446823,1.0209367371185647,0.005666180429692691,-0.017362901027926814,0.008163493651282203,0.1295914441844841,0.007537144249167866,0.11964845567351293,0.010158821160956085,0.16126628643282162,68.10335787256011,5.5205808274633625,3.5723132141246734,1.2656597588104437,243.7562453291097,0.028577712315553987,243.77300949096679,252.69929351724866,234.8467254646849,0.07323439165739674,0.9007356413807657,246.81343595147536,244.08710280117648,2.7263331502988706,2.07393226314123,0.6524008871576408,1.6029425655230614,1.6511485728026687
2021-06-18 00:00:00-04:00,249.70574877610207,252.2736726264324,248.85938173817627,249.5133819580078,37202200.0,-0.005650188011540608,-0.5185414292756114,0.0,-0.02201521655711458,0.008920988008502426,0.14161629431692072,0.007727687329957032,0.12267323330838625,0.010166771661482575,0.1613924967159711,63.440675299947145,3.4142908882561187,3.5610259051340623,1.6369776666967348,244.372980165305,0.02060170782169883,244.24187698364258,253.34711703651078,235.1366369307744,0.07455920471392377,0.7894764412446588,247.22881226017267,244.48904940538623,2.7397628547864485,2.207098381470274,0.5326644733161747,1.1579057649786346,1.3792857013394788
2021-06-19 00:00:00-04:00,249.70574877610207,252.2736726264324,248.85938173817627,249.5133819580078,37202200.0,0.0,-0.061419563935945824,0.0,-0.02722242085080584,0.008141163700690903,0.12923696720816646,0.007727687329957032,0.12267323330838625,0.010166771661482575,0.1613924967159711,63.440675299947145,3.4142908882561187,3.550544832499923,1.571519996620587,244.94039236716822,0.018327632590099775,244.71074447631835,253.89121231219045,235.53027664044626,0.07503117899884877,0.7615682320090191,247.58028452137808,244.8612221870619,2.7190623343161633,2.3094911720394515,0.40957116227671175,1.0462729280360752,1.3652941594883938
2021-06-20 00:00:00-04:00,249.70574877610207,252.2736726264324,248.85938173817627,249.5133819580078,37202200.0,0.0,-0.061419563935945824,-0.012184387555080334,-0.021092408571945498,0.007540871302812801,0.1197076208159179,0.007727687329957032,0.12267323330838625,0.010166771661482575,0.1613924967159711,63.440675299947145,3.4142908882561187,3.54081240791108,1.5110959468873062,245.4641712163813,0.016228431156081205,245.17961196899415,254.3341368781981,236.0250870597902,0.07467606980601352,0.7367009774945551,247.87768412701342,245.2058266145394,2.67185751247402,2.3819644401263655,0.28989307234765427,0.9468039099782201,1.3700801882690943
2021-06-21 00:00:00-04:00,249.8884629766057,253.44701394017824,248.06109579519787,252.59104919433597,26696100.0,0.012259225731310538,0.9406299365854897,-0.010847107530610245,-0.009017898588196127,0.008443571975555904,0.1340375497463716,0.00803974471869326,0.12762699078064388,0.010235082114827213,0.16247689154494707,69.17811338759113,5.385918144980366,3.6726056748446005,1.0767382889621429,246.19994147456862,0.02530219396194923,245.91200408935546,254.97216764564956,236.85184053306136,0.07368622438619928,0.8685940691622817,248.6028172142938,245.75288013896878,2.849937075325016,2.475558967166096,0.37437810815892014,1.474376276649126,1.8695181238629337
2021-06-22 00:00:00-04:00,252.67761578477896,255.63027309111683,252.36984063503184,255.3609771728516,24694100.0,0.010906366315385147,0.8283202449304102,0.0009048332413090776,0.0018492681529218569,0.007742806187026088,0.12291323772385977,0.0077834543575595015,0.12355850742674672,0.010318212608851273,0.16379654722626869,73.24739237663974,3.260432456084999,3.643164730647486,0.9854831976872725,246.974799483621,0.032840482449885244,246.78770065307617,255.95071359923423,237.6246877069181,0.07425826264363995,0.9678197319021625,249.642534130995,246.4645910303675,3.1779431006274876,2.6160357938583743,0.5619073067691134,1.8712789276086497,2.2873223046236637
2021-06-23 00:00:00-04:00,255.8226063531785,256.6304940947321,254.32223921157143,255.130126953125,19518700.0,-0.0009044241264803487,-0.1352086550560452,-0.005324422610503143,-0.012838722879527809,0.006537268261719508,0.10377591644535196,0.007796317777805253,0.12376270789262654,0.010262316466486645,0.16290922347460068,72.38960245795461,2.3082548831606857,3.547814027255572,0.7880481629624186,247.84058960778705,0.028571840701028823,247.7283157348633,256.20238121141887,239.2542502583077,0.06841418552754491,0.936733185431457,250.48677918055344,247.10648258020137,3.380296600352068,2.7688879551571133,0.6114086451949547,1.7469327417258256,2.1807816778875613
2021-06-24 00:00:00-04:00,255.9860794323836,257.61148179657937,255.3224522256505,256.4958190917969,21446900.0,0.0053386478652174335,0.3698541030902683,0.0063015558851817755,-0.01735460046152959,0.006045796462997482,0.09597404351043153,0.007473866767471659,0.1186439567925613,0.010133979815430327,0.1608719422978613,74.30658353769454,2.481354843454369,3.471638371269772,0.8726517392489634,248.55960047822205,0.030940927776817066,248.49292678833007,257.2432778153359,239.74257576132425,0.07042736499666646,0.9572897863621606,251.4112468592063,247.8019889884677,3.6092578707385883,2.9369619382734085,0.6722959324651798,1.8291591454486402,2.321998376825868
2021-06-25 00:00:00-04:00,256.05338688479475,257.03438688764334,254.63957636098735,254.88961791992188,25611100.0,-0.006281784100426697,-0.5743805559673999,0.0,-0.02170579172892606,0.007860116129322223,0.12477547532564526,0.006754663327359916,0.10722695612497446,0.009991915137003884,0.15861673544264493,68.30037931943951,2.394810526655988,3.3947220966545015,1.041389489777662,249.26728907382056,0.022057896637703252,249.17722778320314,257.66398578114854,240.69046978525773,0.06811824718853775,0.8365472503223066,251.94638086854718,248.32699853894582,3.6193823296013647,3.073446016539,0.5459363130623647,1.3461890012892244,2.009366271584217
2021-06-26 00:00:00-04:00,256.05338688479475,257.03438688764334,254.63957636098735,254.88961791992188,25611100.0,0.0,-0.06297852417835255,0.0,-0.024227417169026544,0.006544394331367531,0.10388903929403592,0.006754663327359916,0.10722695612497446,0.009991915137003884,0.15861673544264493,68.30037931943951,2.394810526655988,3.323299841654608,1.04069127214066,249.97402870524417,0.019285168437978627,249.86152877807618,257.8326122246154,241.89044533153694,0.06380400764792438,0.8153955905472761,252.3991865687587,248.8131184930922,3.5860680756665033,3.175970428364501,0.41009764730200216,1.2615823621891,1.9676038691507505
2021-06-27 00:00:00-04:00,256.05338688479475,257.03438688764334,254.63957636098735,254.88961791992188,25611100.0,0.0,-0.06297852417835255,-0.0137693115450499,-0.045489027531055104,0.004126053188450763,0.06549906379719504,0.006754663327359916,0.10722695612497446,0.009991915137003884,0.15861673544264493,68.30037931943951,2.394810526655988,3.2569791762975635,1.0353652396205657,250.50214464027079,0.017213228673085824,250.4006004333496,258.1895948606404,242.61160600605882,0.062212266374848606,0.7881641223701363,252.78232985355305,249.26322956174624,3.519100291806808,3.244596401052963,0.27450389075384507,1.1526564894805473,1.880684667905217
2021-06-28 00:00:00-04:00,256.0149822485252,258.6213852234761,255.74568632511017,258.4482727050781,19590000.0,0.013864987794544701,1.0602570758264973,-0.009874675183619064,-0.03216257246638499,0.0075300233982327335,0.1195354156693278,0.006896857713873256,0.10948422203223661,0.010136803188697457,0.16091676195900012,74.09468769995917,3.73176730355425,3.2908926139587553,0.7965666715935339,251.16497587901839,0.028180868650536095,251.1772346496582,258.92118266783285,243.43328663148358,0.06166122522191063,0.9694658356664564,253.6540133691723,249.94360312791898,3.710410241253328,3.337759169093036,0.3726510721602918,1.8778633426658318,2.2783009911914043
2021-06-29 00:00:00-04:00,258.59252746788644,261.26626170283777,257.7365626894256,261.0258178710937,19937800.0,0.009923753141813941,0.7338924331598491,0.0018456142561957822,-0.022510177978630308,0.00819879361424387,0.1301518137242023,0.006836632939236672,0.10852818337351676,0.010205826945719813,0.16201248013281913,77.32731477058877,3.5296990134121415,3.3079502139197112,0.8074254076702944,251.82706608823642,0.0352407737207054,252.03369522094727,260.1663845803695,243.90100586152508,0.06453652439045991,1.0528381973503333,254.7881371386987,250.7645079237097,4.0236292149890005,3.474933178272229,0.5486960367167715,2.2113527894013383,2.4699784808765592
2021-06-30 00:00:00-04:00,260.34298777501124,260.98736086236244,259.29465610147,260.5449523925781,21656500.0,-0.0018439132028749453,-0.22866764003205103,-0.002577573718398063,-0.024310923647560823,0.007032134917857607,0.11163168107102911,0.006930121706269754,0.11001227154120227,0.009499055688887773,0.1507928342565023,75.43606962964562,1.731161769623668,3.195322467898565,0.8822211449545171,252.4327632578724,0.031135468410390128,252.69058837890626,261.35477802167975,244.02639873613276,0.06857548354576351,0.9532659335442252,255.67380102391093,251.48898529177401,4.1848157321369115,3.6169096890451655,0.567906043091746,1.8130637341768998,2.254883145660889
2021-07-01 00:00:00-04:00,259.30430829486346,261.4490784729625,259.29471049747946,261.21826171875,16725300.0,0.0025809013809618506,0.132844471407582,-0.021789514007805932,-0.0218249508232653,0.0067170967143826785,0.10663060463175376,0.0064423508404614655,0.10226914909493394,0.009428863201938623,0.14967856307026672,76.30976489060016,2.154367975483069,3.1209685755831726,0.6845098506260544,252.90454207684985,0.03182671681220899,253.3498893737793,262.5139074443769,244.18587130318164,0.0723427832808525,0.9293079893751008,256.5267949769631,252.20967243451295,4.317122542450164,3.7569522597261655,0.5601702827239987,1.717231957500399,2.2041392557372195
2021-07-02 00:00:00-04:00,262.39150416203586,267.373492407976,262.0837290689693,267.036865234375,26458000.0,0.022030411253090333,1.7103511337515513,0.0,-0.008144981024969078,0.009389142793626886,0.14904802113606594,0.00771365982823295,0.12245055362192156,0.009780900490619108,0.15526698177868684,82.2014096029234,6.155230689226016,3.3377015837005186,1.0665583096957518,253.84477512348343,0.04940175619314971,254.30012054443358,264.9613980066873,243.63884308217985,0.08384799377545638,1.097336704491365,258.1437288627188,253.30798301228052,4.835745850438258,3.972710977868584,0.8630348725696737,2.3893468179654573,2.7044221961504378
2021-07-03 00:00:00-04:00,262.39150416203586,267.373492407976,262.0837290689693,267.036865234375,26458000.0,0.0,-0.08310083415391904,0.0,0.0008287756012854697,0.009748572625361784,0.1547537928273559,0.00771365982823295,0.12245055362192156,0.009780900490619108,0.15526698177868684,82.2014096029234,5.289763339006697,3.4771345662223885,1.0507624958250281,254.7571583168746,0.04598506242470545,255.2503517150879,266.9012206902155,243.5994827399603,0.09128973885318967,1.005821220050156,259.5119036891274,254.32493725095418,5.186966438173215,4.21556206992951,0.9714043682437046,2.0232848802006247,2.5115565417663674
2021-07-04 00:00:00-04:00,262.39150416203586,267.373492407976,262.0837290689693,267.036865234375,26458000.0,0.0,-0.08310083415391904,0.0,-0.0010434499881498693,0.009896074884095643,0.1570953185939365,0.00771365982823295,0.12245055362192156,0.009780900490619108,0.15526698177868684,82.2014096029234,5.289763339006697,3.6066080499926962,1.0357333485743008,255.57305397718343,0.04292969529555374,256.10440292358396,268.5950734713845,243.6137323757834,0.09754358304825793,0.937625116640199,260.6695900807039,255.2665615460224,5.403028534681539,4.453055362879916,0.9499731718016227,1.7505004665607948,2.3520524767283515
2021-07-05 00:00:00-04:00,262.39150416203586,267.373492407976,262.0837290689693,267.036865234375,26458000.0,0.0,-0.09353362080202986,-3.622616601117734e-05,-0.0010434499881498693,0.009628820410677525,0.1528527853533333,0.007687018798041223,0.12202764037857432,0.009776274873699302,0.15519355238650645,82.2014096029234,5.289763339006697,3.7268334277794106,1.0189423610902506,256.4033346647605,0.039820459097591535,257.0320335388184,269.8901427234293,244.17392435420751,0.10005063577158355,0.8890475478125043,261.6491708735764,256.13843589330776,5.510734980268637,4.664591286357661,0.8461436939109763,1.5561901912500204,2.2107109773781604
2021-07-06 00:00:00-04:00,267.4023914794495,268.69116688821424,263.8149589636492,267.0465393066406,31565600.0,3.62268221945772e-05,-0.08588680841709524,-0.008109048618699322,-0.0010072603113180367,0.009848261638149707,0.1563363068450502,0.007442639481235265,0.11814823899155573,0.0095074662573265,0.15092634789134365,82.21130289007746,4.876207924565051,3.8089316061212424,1.2055567989208438,257.50550373365667,0.03572798807936734,258.0072723388672,270.79316422179465,245.22138045593977,0.09911264722906284,0.8534859769869958,262.479535247894,256.9464435535546,5.533091694339362,4.838291367954001,0.6948003263853604,1.4139439079479834,2.0880802455160565
2021-07-07 00:00:00-04:00,268.71999662413555,269.9606949040537,266.5560023306056,269.229736328125,23260000.0,0.00814210578283808,0.5859041486091622,0.009047447917869933,0.00941124161271567,0.0036372439470654014,0.057739457649660195,0.007317716959021663,0.11616515542998693,0.009494882644738443,0.15072658923432697,84.32838218289557,3.4046925734480737,3.78005738950173,0.8957128050540383,258.3797300486301,0.04030017793529091,258.9224006652832,272.1856625277159,245.65913880285046,0.1024497056133706,0.8885671477254258,263.51802772177564,257.8563170924117,5.661710629363938,5.002975220235989,0.6587354091279494,1.5542685909017036,2.170756566306238
2021-07-08 00:00:00-04:00,266.31559288844903,268.0756582442465,264.36319007014714,266.81573486328125,24618600.0,-0.00900676496145511,-0.877901493892623,-0.0018706752194556087,-0.012669826538314388,0.006067943514870292,0.09632561705960374,0.007496605875258356,0.11900492893799586,0.009487913905272333,0.15061596392485344,73.86101333413743,4.866546257977859,3.857663737250025,0.971570859346465,259.4404092892126,0.027642018855626473,259.7875183105469,272.7197185814655,246.8553180396283,0.09955982762389379,0.77173320879275,264.02536728200727,258.5199776680317,5.505389613975581,5.103458098983907,0.40193151499167357,1.0869328351710008,1.8456695661770957
2021-07-09 00:00:00-04:00,265.1806538246266,267.42157707974224,264.79594962280595,267.3157958984375,23916700.0,0.0018724271175064356,0.05039360992372409,0.0,-0.016176683328406383,0.006138098490790909,0.0974392927767218,0.007241831266018412,0.11496050739946055,0.009415142894158872,0.1494607599364878,74.56531748843977,2.625627456936286,3.7696611457990437,0.9692806677611755,260.57043466156335,0.02523367994099736,260.67763900756836,273.0717747755618,248.28350323957494,0.09509166812450358,0.7677942623483074,264.53158706915036,259.17151975917284,5.360067309977524,5.154779941182631,0.20528736879489262,1.0711770493932304,1.8060943956360038
2021-07-10 00:00:00-04:00,265.1806538246266,267.42157707974224,264.79594962280595,267.3157958984375,23916700.0,0.0,-0.11046990343448916,0.0,-0.010995296601352123,0.006138098490790909,0.0974392927767218,0.007241831266018412,0.11496050739946055,0.009415142894158872,0.1494607599364878,74.56531748843977,2.625627456936286,3.687944453737418,0.9960969021151863,261.7629868668921,0.020772468805603607,261.56775970458983,273.11398306665865,250.02153634252102,0.08828475936873048,0.7489141260133111,264.9599268890407,259.77479947319245,5.185127415848228,5.16084943611575,0.024277979732477917,0.9956565040532449,1.728812635876757
2021-07-11 00:00:00-04:00,265.1806538246266,267.42157707974224,264.79594962280595,267.3157958984375,23916700.0,0.0,-0.11046990343448916,0.0022353887078601087,-0.010009194204543048,0.006138374494042696,0.09744367419251344,0.007241831266018412,0.11496050739946055,0.009415142894158872,0.1494607599364878,74.56531748843977,2.625627456936286,3.612064668251623,1.0018957796647836,262.5540152966019,0.017813315467690362,262.3039970397949,273.30509967714437,251.30289440244547,0.08388055661752221,0.7277862057948264,265.3223682751017,260.33339180098835,4.988976474113372,5.126474843715275,-0.13749836960190365,0.911144823179306,1.6724739661933794
2021-07-12 00:00:00-04:00,268.48923727475227,269.075906208845,266.00784018519494,266.7195739746094,18931700.0,-0.002232893943675976,-0.3017388304896052,-0.013025662174999342,-0.012217272559283399,0.00424454377620107,0.06738004356453019,0.0070310012059175316,0.11161368395191816,0.008970819493501835,0.1424073446175376,71.6888332978173,3.06806602365009,3.573207622208656,0.8027578808331735,263.0978035663988,0.013578944935460033,262.87192687988284,273.53130515845805,252.21254860130762,0.0810994038434993,0.6804817783069067,265.5373229981029,260.8064423323677,4.730880665735242,5.0473560081192685,-0.3164753423840265,0.7219271132276278,1.5617096142839428
2021-07-13 00:00:00-04:00,266.9118604799698,272.038139069474,266.7868543506358,270.2396240234375,26120100.0,0.013111240063970114,1.0219118858171976,-0.005415889063902557,0.0008190583936531493,0.006080295450402945,0.09652169795738196,0.00717633275075315,0.11392075070364545,0.00905075209663603,0.1436762353547722,77.26510218137655,5.318565094864653,3.6978760131126562,1.092279034407285,263.8130172657321,0.02378114157362801,263.6274017333984,274.11688308242185,253.13792038437498,0.07957808088273963,0.8151834714237172,266.26075392507744,261.5051965317062,4.755557393371248,4.988996285169665,-0.23343889179841693,1.2607338856948673,1.7927308137416857
2021-07-14 00:00:00-04:00,271.5572940522361,272.8172174966731,269.82608069615287,271.711181640625,23113700.0,0.005430608159794201,0.38647691950356783,0.005266582565438327,0.01985499357624465,0.006188407275340983,0.09823791997281034,0.0071504894334599315,0.1135105007599807,0.008082394582798205,0.1283040363838782,79.11690178580915,2.9911368005202235,3.6473946407846256,0.9632018689209177,264.52037812009115,0.026464878909711796,264.38816986083987,274.906839517113,253.86950020456675,0.07956989650338438,0.8480959103710344,267.0992812659309,262.26119542866314,4.8380858372677835,4.958814195589289,-0.12072835832150552,1.392383641484138,1.8342228145802209
2021-07-15 00:00:00-04:00,271.22061234748406,271.71112710257626,269.1335472032558,270.2876892089844,22604200.0,-0.005252762620829113,-0.5589291065583444,0.0009970654269089163,0.006121848296078092,0.0072374991660362235,0.11489173744421532,0.007347967910190343,0.11664537439227984,0.007940058007929776,0.12604451330645466,72.92873204289185,2.577634437369227,3.570983197683526,0.9479086771624552,265.31089571180655,0.01841294922363188,265.15807342529297,274.98047814156035,255.33566870902558,0.07408716309771199,0.7611181239150118,267.5898055648622,262.85575052350174,4.734055041360477,4.913862364743527,-0.1798073233830495,1.0444724956600469,1.6424350544287991
2021-07-16 00:00:00-04:00,271.28801379910107,273.24041682866897,268.7777645604806,270.0184631347656,26186800.0,-0.0009965686873366617,-0.17381357036971304,0.0,-0.0023098737659906776,0.007326789846103958,0.11630918304734567,0.007119311383285269,0.11301556455722439,0.00758804592365866,0.12045649470562933,71.78513219244097,4.4626522681883785,3.63467384557673,1.096821279844022,266.12801331250955,0.014408088162157853,265.91451568603514,274.68067520322217,257.1483561688481,0.0659321624061863,0.734078985254845,267.9634451910012,263.3863218280398,4.577123362961402,4.8465145643871015,-0.26939120142569983,0.9363159410193779,1.5609901871714082
2021-07-17 00:00:00-04:00,271.28801379910107,273.24041682866897,268.7777645604806,270.0184631347656,26186800.0,0.0,-0.08389116659751927,0.0,-0.018836897955417875,0.0070668166609084765,0.11218223667391017,0.007119311383285269,0.11301556455722439,0.00758804592365866,0.12045649470562933,71.78513219244097,4.4626522681883785,3.693815161477562,1.095500494478739,266.94316297734446,0.011389221765499393,266.6709579467773,273.90925218121816,259.4326637123365,0.054286333166324585,0.7312357773507184,268.2796017977342,263.87759155446395,4.40201024327024,4.757613700163729,-0.3556034568934887,0.9249431094028739,1.510370728474388
2021-07-18 00:00:00-04:00,271.28801379910107,273.24041682866897,268.7777645604806,270.0184631347656,26186800.0,0.0,-0.08389116659751927,0.013501455195910728,-0.03079367336237382,0.00380598567278698,0.0604181495020152,0.007119311383285269,0.11301556455722439,0.00758804592365866,0.12045649470562933,71.78513219244097,4.4626522681883785,3.7487320976711915,1.0805899198639917,267.4526727748093,0.009502277474543502,267.24946746826174,273.5031579885395,260.995776947984,0.046800396494862534,0.72138892686849,268.54711892650823,264.3324709307826,4.214647995725613,4.6490205592761065,-0.43437256355049314,0.885555707473964,1.4625202646015576
2021-07-19 00:00:00-04:00,268.2679788683728,269.6529376561164,263.9592442852176,266.42138671875,32935600.0,-0.013411122721329717,-1.3068088797188684,-0.00827011834853908,-0.0437050468267185,0.005725735464041649,0.09089323266478329,0.007468830187002084,0.11856400355627733,0.007630772815846156,0.12113476309176605,56.89669637347799,6.059218849548017,3.913766865662393,1.3235818321157353,267.64189576117377,-0.0045811226247846676,267.51924591064454,273.0683067054495,261.97018511583957,0.041485320249881705,0.40107702614085994,268.22008320223773,264.487205433595,3.732877768642709,4.465792001149428,-0.7329142325067188,-0.3956918954365588,1.1224331308477258
2021-07-20 00:00:00-04:00,267.40239850810826,270.2300203759046,265.7000667105796,268.6430969238281,26259700.0,0.008304505499065563,0.6640646528155724,-0.0073917088104460404,-0.035730423307576475,0.007784060600511126,0.12356813123525122,0.007384826175072778,0.11723048120809745,0.007549685485742112,0.11984754163216502,62.12213223468417,4.5299536653249675,3.9577802084954343,1.0456262182023066,268.0002362709581,0.0023929915200921453,267.92415313720704,272.4105215754487,263.4377846989654,0.03348983946172348,0.580125361583417,268.2851622363286,264.7950492476864,3.4901129886421813,4.270656198647979,-0.7805432100057974,0.32050144633366745,1.2705807116921393
2021-07-21 00:00:00-04:00,268.2391770091446,270.7590240847354,266.6907325661512,270.64361572265625,24364300.0,0.00741916286191564,0.5946817458689814,-0.016565287913404503,-0.026465768143532187,0.008700537746816322,0.13811675490363745,0.007459541856036648,0.11841655587330091,0.0075777880905014096,0.12029365665248247,66.10657285451168,4.0682915185842035,3.965673873501775,0.9556201413566155,268.348989102705,0.008478406607982552,268.39542083740236,271.75431368475296,265.03652799005175,0.025029434830674453,0.8346630850441099,268.64800123422515,265.2282763939805,3.419724840244669,4.1004699269673175,-0.6807450867226486,1.338652340176445,1.3962456481623715
2021-07-22 00:00:00-04:00,272.9903220968104,275.4717190297968,272.5863928711976,275.2024230957031,23384100.0,0.016704026593299837,1.4508010502153899,-0.012186328024402893,-0.0013959454241372349,0.011297848272277929,0.1793477812715289,0.008138216342704284,0.12919017935062282,0.00765894085968443,0.12158191692525747,73.06093932055194,4.828103307140566,4.027275975904546,0.9227370812329915,268.73368003335963,0.02350540009632819,268.80369873046874,273.2698534445632,264.3375440163743,0.03322986056507122,1.2163572216879404,269.6563738282987,265.96710207558954,3.6892717527091463,4.018230292115684,-0.3289585394065373,2.8654288867517774,1.7224247854048627
2021-07-23 00:00:00-04:00,276.38540254707505,278.9052494950487,275.5486626133189,278.5975036621094,22768100.0,0.01226119013762695,1.0316183567001986,0.0,0.012053964191197863,0.011592762893728487,0.18402940574965848,0.007188829672439612,0.1141191331852628,0.007694354273220979,0.12214408743701906,76.8676161138753,3.702826399345554,4.004101006150332,0.9050184019865162,269.26925326291774,0.0334828929784855,269.3817306518555,275.55229833983765,263.21116296387333,0.045812814945174564,1.246752444528126,271.0319322642695,266.9026873782947,4.129244885974856,4.040433210887518,0.08881167508733778,2.987009778112506,1.918003549663212
2021-07-24 00:00:00-04:00,276.38540254707505,278.9052494950487,275.5486626133189,278.5975036621094,22768100.0,0.0,-0.110249259679895,0.0,0.01106468385051218,0.006203845320137887,0.09848299133638044,0.007188829672439612,0.1141191331852628,0.007694354273220979,0.12214408743701906,76.8676161138753,3.356586881729754,3.957849997263148,0.9117044469622633,269.8127398491386,0.031532098089526193,269.9597625732422,277.266719775215,262.6528053712694,0.05413367631030104,1.0910627946838858,272.19586632547566,267.76897006598466,4.426896259491002,4.117725820608215,0.30917043888278695,2.364251178735541,1.8325195284815126
2021-07-25 00:00:00-04:00,276.38540254707505,278.9052494950487,275.5486626133189,278.5975036621094,22768100.0,0.0,-0.110249259679895,0.002145223343305691,0.016707077315031293,0.007410139167402973,0.11763231250396494,0.007188829672439612,0.1141191331852628,0.007694354273220979,0.12214408743701906,76.8676161138753,3.356586881729754,3.9149026318679057,0.9184900167899624,270.3643164829478,0.029552264722181462,270.5377944946289,278.65528744557787,262.4203015436799,0.06001004751378755,0.9964407863476038,273.1807336080347,268.57108366569764,4.609649942337057,4.216110644953984,0.39353929738307336,1.9857631453904094,1.7553494337616686
2021-07-26 00:00:00-04:00,277.9530521274675,278.6166794096968,275.68327658614254,278.0011291503906,23176100.0,-0.0021429256371844193,-0.3077641086796197,0.008759485557678914,0.0145306824126199,0.008515667302151255,0.1351820275755393,0.007233976901792901,0.1148358232327772,0.007278700976763263,0.11554579591271112,74.55624014356953,2.9334028235542746,3.8447955027026466,0.9510428043331024,270.9423407864233,0.0253912219189179,271.0855239868164,279.67569444717225,262.4953535264605,0.06337609130890831,0.9025301474219959,273.9223329222433,269.26960555345266,4.652727368790636,4.303433989721315,0.3492933790693211,1.6101205896879804,1.6438376187082615
2021-07-27 00:00:00-04:00,278.36664329219724,278.5109037300761,272.13435756738795,275.5871276855469,33604100.0,-0.008721343836798661,-0.923423705730821,0.0011182490439396453,0.005721083110064029,0.007592767524577213,0.12053144779655285,0.007591369689420392,0.12050925785135998,0.007405879666576208,0.11756469502458358,65.91608175733593,6.376546162688157,4.025634835558755,1.3503024750515844,271.33596834357184,0.015425826952359471,271.4033935546875,280.17304279856523,262.6337443108098,0.0646244627159435,0.7385348612306312,274.1784551935208,269.73757015583,4.440885037690805,4.330924199315213,0.10996083837559212,0.9541394449225232,1.402910402940878
2021-07-28 00:00:00-04:00,277.94340359284985,279.0590663386957,272.98064007555604,275.279296875,33566900.0,-0.0011176242692034174,-0.2194495021502464,-0.000977497619384593,0.004915090773601749,0.0036465702063264343,0.05788750742566343,0.0074538997298756755,0.1183269898971754,0.007407240091144901,0.11758629109510092,64.88348416489805,6.078426263139647,4.172262794671676,1.324986633451443,271.8168426519099,0.01257796813053599,271.8265716552734,280.480155914458,263.17298739608884,0.06366989221465028,0.6994968279220245,274.3478154522099,270.1480684313241,4.199747020885809,4.304688763629333,-0.10494174274352375,0.7979873116880994,1.3346410674696179
2021-07-29 00:00:00-04:00,275.29857402961915,277.5876041189694,275.1446864474467,275.54864501953125,18168300.0,0.0009779756817446012,-0.021305688325341965,0.00558064538762304,-0.00215909109746526,0.003828911284777018,0.06078208230989281,0.0070893192610453635,0.11253945437679735,0.007279741171628035,0.11556230849427451,65.39431112365432,2.4429176715227072,4.048738143018178,0.7253872770657754,272.1670947342884,0.012272062833054938,272.23821411132815,280.77074276089235,263.70568546176395,0.06268428315559649,0.6939888539590303,274.532558462567,270.54811114156166,3.984447321005348,4.240640475104536,-0.2561931540991882,0.7759554158361207,1.3143730103351459
2021-07-30 00:00:00-04:00,274.26951069995624,275.7025466900229,273.0576642728328,274.0194396972656,20944800.0,-0.005565131278549902,-0.6363662407095902,0.0,-0.0055844768267191425,0.0038380820727491817,0.0609276640556979,0.007255384849326278,0.115175663864299,0.0073449132998530476,0.1165968839564517,60.053161310323304,2.6448824171901038,3.9484627340304583,0.8412326415037503,272.47801450344014,0.005625240295098927,272.57339630126955,280.8134120907995,264.3333805117396,0.06046089531366018,0.5877451835610235,274.4536171140591,270.80524659013236,3.648370523926758,4.122186484868981,-0.4738159609422228,0.3509807342440939,1.1563550696268876
2021-07-31 00:00:00-04:00,274.26951069995624,275.7025466900229,273.0576642728328,274.0194396972656,20944800.0,0.0,-0.11453704910535174,0.0,-0.015922878932264295,0.004111430283083026,0.06526693237090546,0.007255384849326278,0.115175663864299,0.0073449132998530476,0.1165968839564517,60.053161310323304,2.6448824171901038,3.855349854256147,0.8462834387679095,272.7926678241493,0.004476951980018816,272.90857849121096,280.78548108181366,265.03167590060826,0.05772557707163736,0.5705138341675029,274.38682058839856,271.04333496843856,3.3434856199600063,3.966446311887186,-0.62296069192718,0.28205533667001137,1.1262764943841128
2021-08-01 00:00:00-04:00,274.26951069995624,275.7025466900229,273.0576642728328,274.0194396972656,20944800.0,0.0,-0.11453704910535174,0.00031594545284185926,-0.015718673314287113,0.002582019748412039,0.0409882928073349,0.007255384849326278,0.115175663864299,0.0073449132998530476,0.1165968839564517,60.053161310323304,2.6448824171901038,3.768887894465715,0.8428555389357102,273.0757051639909,0.0034440422705679253,273.27357177734376,280.6002699959775,265.94687355871,0.0536217108078299,0.5509006852517089,274.3303004513012,271.2637871705739,3.0665132807272926,3.7864597056552074,-0.7199464249279148,0.2036027410068348,1.0984976675971887
2021-08-02 00:00:00-04:00,275.41400491206474,275.8083363703218,272.8941579188168,273.9328918457031,16267400.0,-0.0003158955525876588,-0.14454624801453292,-0.008010198133105106,-0.016029554302336213,0.0026085882420862354,0.041410054569164,0.007222289040742175,0.1146502841905862,0.007346474334594899,0.11662166461474092,59.70843453568374,2.914178451504995,3.7078372199685212,0.6678689133694692,273.2563971400215,0.002469563626052961,273.458235168457,280.64785136283484,266.2686189740792,0.05258291958147725,0.5330098759386691,274.2691606658246,271.46149862799086,2.8076620378337225,3.5907001720909104,-0.7830381342571879,0.13203950375467646,1.0686333273388393
2021-08-03 00:00:00-04:00,274.5098668548125,276.25067746879176,273.14413327398177,276.1448669433594,17879000.0,0.008042452126221742,0.6453922670928819,0.002128690710686554,-0.008084111504109148,0.004868705179227679,0.07728829866677156,0.006883546564769729,0.10927291409108203,0.007240163470293226,0.11493403196310156,65.20580013688124,3.1065441948099988,3.664887718171484,0.7420076163788667,273.43767334643707,0.009803526775232751,273.67991943359374,280.9159866389682,266.44385222821927,0.05287978175636844,0.6703237020749916,274.55773086236843,271.80841479949964,2.749316062868786,3.4224233502464854,-0.6731072873776993,0.6812948082999641,1.2276181764802994
2021-08-04 00:00:00-04:00,275.2793654804813,276.59699312691515,273.7693710071133,275.55828857421875,16191300.0,-0.0021264282587536857,-0.31110484349247,-0.01039646090052393,-0.00631208765280733,0.003969579194124559,0.06301511614337865,0.0068393450123879155,0.10857123620009038,0.007254019695640371,0.11515399272137325,62.7603634528863,2.8276221198018447,3.6050830325736527,0.6810279541842527,273.65962770772046,0.006890233192847346,273.94344940185545,281.0419334461177,266.8449653575932,0.05182444814622511,0.6137453548035083,274.7116628180377,272.0861832272566,2.62547959078114,3.263034598353417,-0.6375550075722769,0.45498141921403185,1.147009701320431
2021-08-05 00:00:00-04:00,275.9141446379062,278.5590271143416,275.16396096408687,278.4532165527344,13900200.0,0.010450881617331447,0.8676083831170995,0.00020750977093708656,0.010752620277540759,0.00563463543525699,0.0894470645412131,0.007015668008350744,0.11137027698652732,0.00723634204590369,0.11487336873156907,68.94956097023926,3.3950661502547064,3.590081826693728,0.6001692971190346,274.00932338978583,0.015959209299013222,274.3651870727539,281.4840351315309,267.24633901397686,0.051893231315015935,0.7871271760703089,275.28728646952953,272.5578153254401,2.729471144089416,3.156321907500617,-0.4268507634112009,1.1485087042812328,1.3735793979836386
2021-08-06 00:00:00-04:00,277.481777929583,278.4339260044122,276.62578389584934,278.3954467773437,16589300.0,-0.0002074882437625703,-0.13179407841368831,0.0,0.008747081698293524,0.005664871256141545,0.08992704331769164,0.0070041969129742135,0.1111881789927365,0.0068730095936823336,0.10910564486066726,68.70416942157398,1.827432656885037,3.464178314564536,0.7314315897425949,274.4001213717594,0.014351259878110395,274.78403625488284,281.8112132810284,267.75685922873726,0.051146908837363066,0.7569602636324735,275.765464978424,272.99023247002555,2.77523250839846,3.0801040276801857,-0.3048715192817255,1.0278410545298962,1.3318484191224103
2021-08-07 00:00:00-04:00,277.481777929583,278.4339260044122,276.62578389584934,278.3954467773437,16589300.0,0.0,-0.11228375755397091,0.0,-0.0012077526089965263,0.005617858982276482,0.08918074660640395,0.0070041969129742135,0.1111881789927365,0.0068730095936823336,0.10910564486066726,68.70416942157398,1.8081421085628904,3.3458900141358474,0.7472416991975258,274.8078137809258,0.01288682353805597,275.20288543701173,282.0298241297881,268.37594674423536,0.049613859839699334,0.7338208590997042,276.1700775628732,273.39061871501207,2.7794588478611217,3.0199749917163734,-0.24051614385525166,0.9352834363988166,1.3014483027038268
2021-08-08 00:00:00-04:00,277.481777929583,278.4339260044122,276.62578389584934,278.3954467773437,16589300.0,0.0,-0.11228375755397091,0.003918959384279441,-0.011575744980821034,0.005015193180610511,0.07961372359705472,0.0070041969129742135,0.1111881789927365,0.0068730095936823336,0.10910564486066726,68.70416942157398,1.8081421085628904,3.2360508780234936,0.7758027254786423,275.5928347018656,0.010067018365137098,275.8015884399414,281.37015641336467,270.2330204665181,0.04038097100833701,0.732901739709548,276.5124420574071,273.7613467196292,2.7510953377778833,2.966199060928676,-0.21510372315079263,0.9316069588381926,1.271850076321877
2021-08-09 00:00:00-04:00,278.67441927109,280.4056032327832,276.808572666281,277.3086853027344,16117600.0,-0.003911300266943306,-0.48077214494277654,0.006598105654765929,-0.015434218290491852,0.005397758032432623,0.08568675234670824,0.006263689428624361,0.09943298710730593,0.006802610923480726,0.10798810061676861,63.40239365127781,3.5970305665022124,3.261835141486259,0.7720527037963394,276.09616496898076,0.004372457113739237,276.23486785888673,280.69675861044425,271.7729771073292,0.03230505103241966,0.6203321084758525,276.63494101822664,274.02411254059996,2.610828477626683,2.8951249442682774,-0.2842964666415946,0.4813284339034089,1.1360208180691347
2021-08-10 00:00:00-04:00,277.7607428078615,278.193553507934,274.2983746115132,275.490966796875,18616600.0,-0.006576433433819534,-0.7255058707477116,-0.0017771051663436621,-0.021887905233962557,0.0029880279186451004,0.04743347269951725,0.006344993952199425,0.10072365640637117,0.006833383370232371,0.1084765980647956,55.66495525466985,3.8951788964207594,3.307073981124438,0.9042052250459106,276.3914229824244,-0.003268550675250677,276.4772354125977,280.1098848978195,272.8445859273759,0.026278109152825267,0.36424941083154644,276.45894498417255,274.1327684114351,2.326176572737438,2.78133526996211,-0.4551586972246717,-0.5430023566738176,0.9318156085342815
2021-08-11 00:00:00-04:00,276.23145639673766,277.6260422247308,274.93305396223553,275.9814147949219,13955900.0,0.0017786860909868977,0.05852165056056022,-0.009868513612480978,-0.025967496415782332,0.0034110837223690215,0.054149275383653536,0.00618589258738594,0.0981980005390865,0.006828465832658489,0.10839853457589575,57.183250611134774,2.6929882624952484,3.2632107155080674,0.693719398533615,276.4463046998026,-0.0016844971434986041,276.5161849975586,280.10775483699985,272.9246151581173,0.02597728476163501,0.4255520250832849,276.38547880121087,274.26970518058226,2.1157736206286017,2.6482229400954087,-0.532449319466807,-0.29779189966686226,0.9534644903008379
2021-08-12 00:00:00-04:00,275.6736478943844,278.88597374560374,275.3947248502605,278.7320861816406,14561300.0,0.009917530139723116,0.8184596150652164,-0.010380529483390855,-0.01115741387827851,0.00632014218125651,0.10032914677304419,0.0054546694281672045,0.08659019274598394,0.006722518448389162,0.10671667199088913,64.52167253070913,3.491248895343233,3.279499156924865,0.7388837356574971,276.4064847480637,0.00834350097771455,276.52291412353514,280.1313676815454,272.9144605655249,0.026098767036703382,0.8061106402771128,276.746495321277,274.6002519214014,2.1462433998755728,2.547827032051442,-0.401583632175869,1.2244425611084522,1.2015430537355942
2021-08-13 00:00:00-04:00,278.4146456064741,281.7038997648772,278.24150379468085,281.65582275390625,18249000.0,0.010434782959367166,0.8621545124358277,0.0,0.0053670860263170805,0.007775610007073341,0.12343398222324746,0.0052710255125180926,0.0836749359623979,0.006807848302194259,0.10807124142635585,70.3405172900903,3.462395970196326,3.292563215015684,0.9367490358014301,276.5243158358525,0.01821906917414354,276.675830078125,280.86666254416116,272.4849976120888,0.03029417108717306,1.0941531564600464,277.50177646475845,275.12288679788327,2.3788896668751818,2.5140395590161897,-0.13514989214100792,2.3766126258401727,1.4605469835186429
2021-08-14 00:00:00-04:00,278.4146456064741,281.7038997648772,278.24150379468085,281.65582275390625,18249000.0,0.0,-0.11801660328396045,0.0,-0.015094425800128541,0.0071635605188339925,0.11371799780757345,0.0052710255125180926,0.0836749359623979,0.006807848302194259,0.10807124142635585,70.3405172900903,3.462395970196326,3.304694126100016,0.9477415250386259,276.6449123536868,0.01779089937223738,276.82874603271483,281.50937681581075,272.1481152496189,0.033816074740610776,1.0156438250400337,278.1408605092427,275.6068079798109,2.53405252943179,2.5180421530993096,0.01601037633248037,2.0625753001601375,1.427464413461762
2021-08-15 00:00:00-04:00,278.4146456064741,281.7038997648772,278.24150379468085,281.65582275390625,18249000.0,0.0,-0.11801660328396045,-0.0059405761437965054,-0.039655764803276816,0.005302112754870419,0.0841684306356642,0.0052710255125180926,0.0836749359623979,0.006807848302194259,0.10807124142635585,70.3405172900903,3.462395970196326,3.3159585435354666,0.960024241282831,276.80276552661326,0.017230452329520272,277.0114807128906,282.14799181094946,271.87496961483174,0.03708518567418232,0.9520911132432666,278.6816239314986,276.05488314826243,2.626740783236187,2.5397818791266853,0.08695890410950158,1.808364452973072,1.402381636904923
2021-08-16 00:00:00-04:00,281.98291302988906,283.5506115232928,278.93407230117066,283.3390197753906,22507600.0,0.005958291560956046,0.43917121904818157,0.00518635260853384,-0.03391667323940317,0.005106215680210666,0.08105866098297565,0.005362063790266201,0.08512012381865261,0.006787561730524366,0.1077492020848001,73.46928519406397,4.616539222122128,3.408857163434514,1.219655067960618,277.3120456250001,0.021271246562398066,277.3990753173828,283.2088161799727,271.58933445479295,0.041887240294097815,1.01120562848649,279.3981463690205,276.594448824346,2.803697544674492,2.5925650122362467,0.21113253243824515,2.044822513945963,1.544507276558164
2021-08-17 00:00:00-04:00,281.21350772659866,282.2137329544662,279.9535550193779,281.8771057128906,20075300.0,-0.005172949802987536,-0.6011999606248405,0.006156952898182855,-0.03890127014405009,0.006040842318422295,0.09589539890340149,0.005092667512038025,0.08084359048074391,0.006774446167821748,0.10754099898150529,66.87116478606482,3.385464756012709,3.4071862771900996,1.1291268759677584,277.7616592663329,0.014600144400338601,277.72896575927734,283.7763212271415,271.68161029141316,0.04354861187295637,0.8429714009418345,279.7795247296159,276.98575674201595,2.7937679875999493,2.6328056073089874,0.16096238029096188,1.371885603767344,1.3598525363266694
2021-08-18 00:00:00-04:00,281.41455687924235,284.0934094395426,279.7089369385495,280.1522216796875,21813000.0,-0.006138076305591106,-0.7016257500146661,-0.02035227939211659,-0.045691982953491195,0.004852995860686913,0.0770389209660206,0.005313766192594592,0.08435342322448705,0.006813032926574276,0.10815354478686069,60.02185828455489,4.38447250099307,3.476992436033169,1.2144156532849713,278.018739376018,0.007615439530973329,277.95914459228516,284.007522166116,271.9107670184543,0.04351990349303109,0.6812946579997745,279.8368627219346,277.220309700362,2.6165530215725994,2.62955509016171,-0.013002068589110571,0.725178631999097,1.1484473083105233
2021-08-19 00:00:00-04:00,278.1864049812225,286.646955313747,278.1382359268691,285.972412109375,29850500.0,0.020562240709370124,1.8027447027161438,-0.024937760173711743,-0.01933145064107289,0.010914171477671476,0.1732571009773984,0.006839516224884537,0.10857395411421482,0.00705735195368749,0.11203198910467757,70.86553818308461,8.508719386877942,3.836401503950653,1.6216919532286884,278.89119405453073,0.02476189224901855,278.5567932128906,285.28952774337785,271.8240586824034,0.0483401208983738,1.0507137451287372,280.78079339692545,277.8686135825111,2.912179814414344,2.6860800350122367,0.22609977940210735,2.202854980514942,1.79909225770188
2021-08-20 00:00:00-04:00,288.8151504653693,294.7124789833826,287.21554348054167,293.28631591796875,40817600.0,0.025253974302432612,2.2222842046705025,0.0,0.007781083542256484,0.01443127627347826,0.22908940872534259,0.008331137807976393,0.13225271266867994,0.007567336949194242,0.12012774992758912,78.68841602481342,8.740066874007596,4.186663316097578,2.1039295075165008,280.6684856577376,0.043022226320849885,279.52013702392577,288.6175835014477,270.4226905464038,0.06509331724278053,1.2565957616819503,282.7047199386244,279.0106656073598,3.694054331264624,2.887674894262714,0.80637943700191,3.026383046727795,2.5488744273931605
2021-08-21 00:00:00-04:00,288.8151504653693,294.7124789833826,287.21554348054167,293.28631591796875,40817600.0,0.0,-0.1341189913136114,0.0,0.01761996475435268,0.014890288271269701,0.23637599829504904,0.008331137807976393,0.13225271266867994,0.007567336949194242,0.12012774992758912,78.68841602481342,7.496935502840927,4.423111329436388,2.0014229473053486,282.2725927050114,0.03755280289325828,280.4834808349609,291.0845350352912,269.88242663463063,0.07559129092930818,1.1038472608983056,284.33265778160046,280.0681211859234,4.264536595677043,3.1630472345455805,1.101489361131463,2.415389043593222,2.423032748514193
2021-08-22 00:00:00-04:00,288.8151504653693,294.7124789833826,287.21554348054167,293.28631591796875,40817600.0,0.0,-0.1341189913136114,-0.0009521220554151721,0.015480939350981826,0.013994409629860965,0.22215436575467748,0.008331137807976393,0.13225271266867994,0.007567336949194242,0.12012774992758912,78.68841602481342,7.496935502840927,4.642670198965284,1.8877984256629883,283.6259004739666,0.03293851407204458,281.4511520385742,293.0232671811107,269.8790368960377,0.0822317838013362,1.0113656290841384,285.71014364873406,281.0472467216305,4.6628969271035885,3.463017173057182,1.1998797540464063,2.045462516336557,2.3168785061110886
2021-08-23 00:00:00-04:00,292.2167688961312,294.28853895244464,290.8677113762467,293.5658264160156,22830200.0,0.0009525756115361824,-0.04396657400144162,0.006708203106808419,0.016448722597965926,0.012490120156345043,0.19827451067402502,0.008308668006913175,0.1318960156349457,0.0074671454239249885,0.11853725877155699,78.95809527271209,3.4208275761979507,4.555395725910475,1.0439354420979854,284.4505334210119,0.03105025236175245,282.322200012207,294.79975851541735,269.8446415089967,0.08839232977548935,0.9505539445443494,286.91871022831583,281.9745489212146,4.94416130710124,3.759245999865994,1.1849153072352459,1.8022157781773964,2.244785665361854
2021-08-24 00:00:00-04:00,293.92232360780326,294.5294067686128,291.0122120736746,291.6096496582031,18175800.0,-0.006685803231821198,-0.7536240201577746,0.0020197764225682313,0.0096756135105458,0.012320294974274434,0.19557861948533445,0.008507235494372609,0.1350481767766293,0.007472322541240906,0.11861944296111374,72.08328058531428,3.517194694938155,4.481238509412452,0.8273541513939109,285.0743780357011,0.0224110266246746,283.12476806640626,295.83323087301846,270.41630525979406,0.08977287923910254,0.8338280058301853,287.64039321752927,282.68826008691747,4.952133130611799,3.997823426015155,0.9543097045966435,1.33531202332074,1.9659503115460495
2021-08-25 00:00:00-04:00,293.228511364618,293.50796840478165,289.4897037639269,291.0218505859375,20006100.0,-0.0020177394165728155,-0.31158557970668793,0.00976291515366956,-0.005204310035381465,0.0030685150929324386,0.0487111669808849,0.008504252111363986,0.1350008170395905,0.00748087074026136,0.11875514141370737,70.10796195267001,4.0182646408547384,4.448168947372616,0.8981865754866238,285.54807457943934,0.018808814511616107,283.7531997680664,296.72921706728613,270.77718246884666,0.09145988351726814,0.7800801914123596,288.1606174280536,283.30556308684487,4.855054341208756,4.169269609053876,0.6857847321548807,1.1203207656494378,1.8529058530841598
2021-08-26 00:00:00-04:00,290.0389651127222,291.42657543670686,288.0732083264492,288.2080993652344,17666100.0,-0.0097155658264012,-1.0293232181074365,-0.002101988441124081,-0.009242139717375975,0.004556723131209022,0.0723357371913277,0.008709521594626546,0.1382593690663713,0.007614641219661653,0.12087868194123776,61.429879649007816,3.3533671102576363,4.369968816150117,0.7912182703831829,285.91902457403273,0.007942437413255312,284.24383239746095,297.10844787666184,271.37921691826006,0.09051816794541508,0.6540763878322958,288.16792234146607,283.66871392228114,4.499208419184924,4.235257371080086,0.2639510481048388,0.6163055513291821,1.5087376827578045
2021-08-27 00:00:00-04:00,288.11173480081567,289.9233388207245,286.0303192932978,288.815185546875,22605700.0,0.002104200719493387,0.07750976746384461,0.0,-0.00699069861972923,0.005032352027618011,0.07988611184885341,0.00869961127763395,0.13810204766131393,0.007543153463670746,0.11974384899640972,62.50818611510261,3.893019527426702,4.335901009812731,0.9989906551637887,286.33946848081234,0.008571976786382812,284.7648193359375,297.47521443299223,272.05442423888275,0.08926941977379776,0.65933282089225,288.26750129614436,284.04993404262143,4.21756725352293,4.231719347568655,-0.01415209404572515,0.6373312835690004,1.5404868440510802
2021-08-28 00:00:00-04:00,288.11173480081567,289.9233388207245,286.0303192932978,288.815185546875,22605700.0,0.0,-0.12000373592886299,0.0,-0.0047484243692508254,0.004856847593605969,0.07710006533054337,0.00869961127763395,0.13810204766131393,0.007543153463670746,0.11974384899640972,62.50818611510261,3.893019527426702,4.304266618213729,0.9858844730075327,286.7488804236787,0.0071544199425792425,285.2858062744141,297.74872131389805,272.8228912349301,0.08737143429768801,0.6415952552544663,288.3517604116414,284.4029156355291,3.9488447761123098,4.175144433277386,-0.22629965716507616,0.5663810210178639,1.4962296806596336
2021-08-29 00:00:00-04:00,288.11173480081567,289.9233388207245,286.0303192932978,288.815185546875,22605700.0,0.0,-0.12000373592886299,-0.012747320519423289,-0.004715349563396143,0.004592037172198523,0.07289633021280947,0.00869961127763395,0.13810204766131393,0.007543153463670746,0.11974384899640972,62.50818611510261,3.893019527426702,4.274891826014656,0.9721307495796917,287.17647475647766,0.005673907995157601,285.8611312866211,297.8259241587393,273.8963384145029,0.08371052628432794,0.6234477809949295,288.4230565862927,284.72975044377694,3.6933061425157803,4.078776775125065,-0.3854706326092847,0.49379112397971897,1.4577169374344503
2021-08-30 00:00:00-04:00,290.1642080093696,293.15142516677145,290.10639336951124,292.5443420410156,16348100.0,0.012829264733898938,1.0890934946733226,0.005664334197081455,0.008135679064708246,0.008030638491179194,0.12748243390033873,0.008919160128726903,0.14158727762504536,0.007517926830588987,0.11934338861111085,69.12956294771197,4.336239619896446,4.279273811291927,0.7064762229077014,287.8361428050783,0.016093967851469295,286.71380004882815,297.97693403661674,275.45066606103956,0.07856708666182409,0.758833021009468,289.05710050240396,285.3086090806094,3.74849142179454,4.01271970445896,-0.26422828266442,1.0353320840378737,1.843498422085146
2021-08-31 00:00:00-04:00,293.34420103292587,293.4212774277083,290.53042740379,290.8966064453125,26285300.0,-0.005648352179390968,-0.6452967550390415,0.0001656782457117867,0.002457425190085738,0.006776409648932737,0.1075721682778472,0.008873878155764453,0.1408684485890474,0.007508088471030652,0.11918720949490973,63.77044974856663,2.89085002391829,4.180100683622381,1.1064322188037872,288.35365463339105,0.008741772009635048,287.45955963134764,297.65517291241883,277.26394635027646,0.07093598344161209,0.6685551775657259,289.34010141669756,285.72253481132816,3.6175666053694044,3.933689084641049,-0.3161224792716446,0.674220710262904,1.583374284822566
2021-09-01 00:00:00-04:00,291.8505888037755,294.0861866329376,290.5207930363041,290.8484191894531,18983800.0,-0.00016566452258702933,-0.1348344825269863,0.0022580596650620954,0.0022913673146569558,0.006831519225235619,0.10844700568038057,0.008892901589382675,0.14117043623566555,0.007498211065745805,0.11903041054701591,63.61513277766077,3.5653935966334984,4.136193034551747,0.7917195538314705,288.7445612232952,0.00723352037470597,288.0653762817383,297.4880847799736,278.642667783503,0.06542062513628537,0.647677438405107,289.5721503048138,286.10222995044853,3.4699203543652857,3.8409353385858966,-0.37101498422061097,0.5907097536204272,1.520432130004224
2021-09-02 00:00:00-04:00,291.20496087003505,292.3227302959744,289.2584364332611,290.1931457519531,16285600.0,-0.0022555140796722316,-0.3285630733827898,3.3232608382283146e-05,0.003231445747287065,0.007019218100922842,0.1114266329589895,0.008781163147473564,0.13939664346060152,0.007514271030918114,0.11928535459047764,61.424273356332975,3.0642938627132708,4.059628807991856,0.6819832607230432,289.0648186808702,0.0038881933898169663,288.49224243164065,297.4546322755969,279.5298525876844,0.0621326228283586,0.5948911702083275,289.66768806591216,286.40526075056,3.26242731535217,3.7252337339391515,-0.46280641858698157,0.37956468083330996,1.3940139792567487
2021-09-03 00:00:00-04:00,290.03893618886394,291.59037412727884,289.33551492747904,290.1835021972656,14747900.0,-3.323205619135003e-05,-0.11861650666806318,0.0,0.0030976745393074268,0.007020360474851012,0.11144476758289858,0.008568103018462666,0.13601441876660444,0.007049821051414373,0.11191243973730197,61.39076474852194,2.254859199799796,3.9307166931209943,0.6221506190120023,289.38480782923483,0.002752376899386393,288.9186264038086,297.3044378593411,280.53281494827615,0.0580496422810206,0.5754176146318266,289.74704408612035,286.68513048735304,3.061913598767319,3.592569706904785,-0.5306561081374661,0.3016704585273056,1.3470641727451897
2021-09-04 00:00:00-04:00,290.03893618886394,291.59037412727884,289.33551492747904,290.1835021972656,14747900.0,0.0,-0.11547715439571027,0.0,0.013086755007670314,0.0024438096329483135,0.03879427524219166,0.008568103018462666,0.13601441876660444,0.007049821051414373,0.11191243973730197,61.39076474852194,2.254859199799796,3.8110125864551945,0.6267792706692894,289.7095582629109,0.0016332559596463577,289.3450103759766,297.0123606831066,281.6776600688466,0.05299797841453698,0.5546793734276959,289.81419148783505,286.94426913253176,2.869922355303288,3.448040236584486,-0.578117881281198,0.2187174937107834,1.3040024199912301
2021-09-05 00:00:00-04:00,290.03893618886394,291.59037412727884,289.33551492747904,290.1835021972656,14747900.0,0.0,-0.11547715439571027,0.0,0.018362526890869812,0.000988820829464471,0.0156970440357816,0.008568103018462666,0.13601441876660444,0.007049821051414373,0.11191243973730197,61.39076474852194,2.254859199799796,3.699858773122666,0.6372876287666361,290.03445964170334,0.0005136148486517701,289.68723449707034,296.81808720960055,282.5563817845401,0.04923139070943307,0.5347972199259744,289.87100852005517,287.18421232251205,2.686796197543117,3.2957914287762127,-0.6089952312330955,0.13918887970389768,1.260336913643415
2021-09-06 00:00:00-04:00,290.03893618886394,291.59037412727884,289.33551492747904,290.1835021972656,14747900.0,0.0,-0.11192299169273087,0.003198106857472016,0.018362526890869812,0.001005084120641691,0.01595521577950773,0.008508765781278207,0.13507246932815006,0.007049821051414373,0.11191243973730197,61.39076474852194,2.254859199799796,3.596644517885318,0.6447084846974684,290.3972076538218,-0.000736449367169377,290.10255432128906,296.21262186875015,283.992486773828,0.04212350051005877,0.5066241392053185,289.9190844703952,287.4063819428642,2.512702527531019,3.139173648527174,-0.6264711209961553,0.026496556821273914,1.2224577529697664
2021-09-07 00:00:00-04:00,290.05824109463697,290.13531748316177,287.3504808113143,289.2584228515625,17180400.0,-0.00319300379094276,-0.4141379636937524,-0.00010011214881500141,0.015116077203235934,0.0014243119418037402,0.022610251124353192,0.008446094168586129,0.13407758831947048,0.007071009378716944,0.11224879400574223,57.35376380578096,2.8330213859513265,3.542100008461462,0.758728598323505,290.84746395202137,-0.005493499842783533,290.5578643798828,294.5285116580077,286.5872171017579,0.02733119811848259,0.33636905555938046,289.81744422134403,287.5435701583233,2.2738740630207417,2.966113731425888,-0.6922396684051462,-0.6545237777624762,1.0793499363528776
2021-09-08 00:00:00-04:00,288.873035877343,289.6728248620788,286.6470834777918,289.2873840332031,15046800.0,0.00010011716037058381,-0.10709857235822355,0.009958233103222414,0.010842217713651348,0.001439800950900257,0.022856131521098395,0.008282069951785587,0.13147378459959222,0.007017301517803251,0.11139620814518096,57.448103985595544,3.0257413842870164,3.5052172495918583,0.6869591756745559,291.1260692162212,-0.006355912094690709,290.7236129760742,294.12413878457994,287.3230871675685,0.02339353018968974,0.28882251984698315,289.7358965000916,287.67274155646254,2.0631549436290584,2.785521973866522,-0.7223670302374634,-0.8447099206120653,1.0509964202873006
2021-09-09 00:00:00-04:00,289.87511543646343,291.1470962428215,286.1940934395369,286.4349975585937,19927000.0,-0.009908976634948143,-1.0492587380951732,0.00520762102270278,-0.008472545833006051,0.0043180847876014014,0.06854747092850684,0.00740317587501855,0.11752177366423247,0.007039230415178337,0.11174431859906296,46.53043589472824,4.953002803284562,3.608630503427052,0.9553211078886742,290.69063256396606,-0.01485724524462772,290.3810470581055,294.06328701127956,286.6988071049314,0.02536143450462355,-0.035821884191755145,289.2280658937073,287.58105681587966,1.6470090778276472,2.5578193946587473,-0.9108103168311001,-2.1432875367670223,0.6793146572428509
2021-09-10 00:00:00-04:00,287.56250269932383,289.0079277198995,284.6330997569278,284.9510803222656,19633400.0,-0.005194108256950889,-0.6006264135618664,0.0,-0.029886344120285124,0.004157920130976687,0.06600493582700054,0.0047217358184412405,0.0749552323928493,0.007083311647900735,0.11244408647467474,42.052927432096304,4.374827962971722,3.6633588933945282,0.9915986291742647,290.1385131052242,-0.018204643327169878,289.9642852783203,294.11854438835,285.81002616829056,0.02865359163831014,-0.10338135191798267,288.5700681134855,287.3862437422786,1.1838243712068675,2.2830203899683714,-1.099196018761504,-2.4135254076719272,0.47023898223671307
2021-09-11 00:00:00-04:00,287.56250269932383,289.0079277198995,284.6330997569278,284.9510803222656,19633400.0,0.0,-0.10934644163895516,0.0,-0.031157876737096246,0.004157920130976687,0.06600493582700054,0.0047217358184412405,0.0749552323928493,0.007083311647900735,0.11244408647467474,42.0529274320963,4.374827962971722,3.714178112650042,1.0476435171141059,289.5239823597294,-0.01604802491814407,289.54752349853516,293.96274609689,285.1323009001803,0.030497395004500306,-0.02052224705298277,288.0133007609901,287.2058612667221,0.8074394942680101,1.9879042108282992,-1.180464716560289,-2.082088988211918,0.4459463660378248
2021-09-12 00:00:00-04:00,287.56250269932383,289.0079277198995,284.6330997569278,284.9510803222656,19633400.0,0.0,-0.10934644163895516,-0.004309908171454269,-0.013872439835541095,0.004476572177235885,0.07106338024198267,0.0047217358184412405,0.0749552323928493,0.007083311647900735,0.11244408647467474,42.052927432096304,4.374827962971722,3.7613673876730194,1.0566558462963844,289.03407139828215,-0.014328743977383292,289.11678619384764,293.5621798911699,284.6713924965254,0.030751543387326354,0.031458161501948266,287.54218992426325,287.0388404560216,0.5033494682416517,1.6909932623109698,-1.187643794069318,-1.8741673539922092,0.42271028937966626
2021-09-13 00:00:00-04:00,286.7241322672505,287.67813278036044,283.3803812009098,286.1845092773437,23652900.0,0.004319222598194456,0.29213903889684906,-0.00933963962365103,-0.00960392369329055,0.00549008026343201,0.08715232232895044,0.004859777595907603,0.07714657767512918,0.007082969792411598,0.11243865968702327,47.3159690108582,4.297751579450619,3.7996805442285626,1.2544929473257118,288.7311906527141,-0.008898739424440244,288.84552917480465,293.3124724743271,284.3785858752822,0.030929634343200132,0.20214308543546355,287.3333159785833,286.9755566650084,0.35775931357488844,1.4243464725637536,-1.0665871589888651,-1.1914276582581529,0.5581502940499226
2021-09-14 00:00:00-04:00,288.6609260010995,290.4243604785244,287.25405429322365,288.882568359375,21853400.0,0.009383527536408929,0.7714107118693934,-0.016501624790868585,-0.0002667756581469227,0.005459066681764091,0.08665999698279821,0.005207567704139004,0.08266757448410034,0.006996203738275366,0.11106129127810224,56.601416786203636,4.239851201180727,3.8311213054394315,1.1534014904273335,288.61898490809733,0.0009124242171295216,288.7385650634765,293.08696312761214,284.3901669993409,0.03011996726644155,0.5165582007183486,287.5716624987051,287.116816790517,0.45484570818808834,1.2304463196886206,-0.7756006115005323,0.06623280287339435,0.8873598973493318
2021-09-15 00:00:00-04:00,292.2263443776221,294.211391982283,290.8387342879429,293.7295837402344,28356300.0,0.01663929320407646,1.461031395896864,-0.0013107047912424008,0.03574580797038207,0.007061239841862932,0.11209370741610225,0.006384706846157115,0.10135407905389954,0.007247188752139481,0.11504555485503352,67.63671508890651,5.328823622907976,3.9381000424014707,1.4555557409173097,289.00955289466015,0.01606930696415136,289.01463928222654,293.89036263000656,284.1389159344465,0.03374032097397542,0.9835123038876484,288.51903499740195,287.60665137938497,0.9123836180169747,1.1668337793542913,-0.2544501613373167,1.9340492155506008,1.492808959257096
2021-09-16 00:00:00-04:00,292.7082096801,294.20180375871473,289.81735966426726,294.1150817871094,19550800.0,0.0013115645160796793,-0.004341069082161934,0.017841335018899285,0.03534635936462638,0.006798940627880484,0.10792983648039062,0.005946011698038777,0.09439000947414893,0.007199412005264276,0.11428712251093266,68.32653631213057,4.384444094447474,3.9699817604047567,1.0114917314581233,289.27912894492414,0.016442383072642515,289.27963409423825,294.6597242563593,283.8995439321172,0.03719646686478039,0.9493835184134521,289.3799652727415,288.0887573355127,1.291207937228819,1.191708610929197,0.09949932629962199,1.7975340736538035,1.499771555842218
2021-09-17 00:00:00-04:00,293.1032240780458,293.42120456252405,288.63202970257026,288.95965576171875,41372500.0,-0.017684046471053257,-1.836494727478684,0.0,0.004320475711603544,0.01283538393689587,0.20375540327435782,0.007193704981310978,0.11419652631429239,0.007583538711126957,0.12038494492483934,52.2781540508934,5.483052084539111,4.0780582121286395,2.0413706603141457,289.2723947555887,-0.0010822929347890033,289.2868576049804,294.66470961841884,283.909005591542,0.0371800645073331,0.46957876095846124,289.3153022710457,288.1532683300465,1.1620339409992084,1.1857736769431992,-0.023739735943990814,-0.12168495616615525,0.7792026963376482
2021-09-18 00:00:00-04:00,293.1032240780458,293.42120456252405,288.63202970257026,288.95965576171875,41372500.0,0.0,-0.12230975651825253,0.0,0.001034798974335338,0.012852398226527036,0.20402549674894876,0.007193704981310978,0.11419652631429239,0.007583538711126957,0.12038494492483934,52.2781540508934,4.789174859953789,4.1288522584018645,1.951039737123067,289.2662565438006,-0.0010610504821983121,289.29408111572263,294.66965317842676,283.9185090530185,0.03716337397552079,0.4688939753664418,289.2605874234569,288.2130007323926,1.047586691064339,1.1581362797674273,-0.11054958870308829,-0.12442409853423238,0.7569121875786196
2021-09-19 00:00:00-04:00,293.1032240780458,293.42120456252405,288.63202970257026,288.95965576171875,41372500.0,0.0,-0.12230975651825253,0.018926143961198072,0.0017369479228777074,0.012158305204189623,0.1930071116058488,0.007193704981310978,0.11419652631429239,0.007583538711126957,0.12038494492483934,52.2781540508934,4.789174859953789,4.176018158512717,1.8423330711978405,289.11869331205804,-0.0005503797750591079,289.1148468017578,294.2685848770246,283.961108726491,0.03565183962206307,0.4849438370972127,289.214290244728,288.2683085123427,0.9459817323852917,1.1157053702910003,-0.16972363790570855,-0.06022465161114925,0.7327251019798752
2021-09-20 00:00:00-04:00,285.5484866618961,287.8515443910694,278.98626014030367,283.59234619140625,38278700.0,-0.018749272674901,-1.9262568202602042,-0.0016958620793379175,-0.016869913624451116,0.010238083283161073,0.16252453361527128,0.007667956472477804,0.12172503534146618,0.007775413649220168,0.12343086513896265,40.047204049974866,9.97339562141508,4.590116548720029,1.6602309568988887,288.55859710471987,-0.017511935635814803,288.74963378906244,294.38449821794114,283.11476936018374,0.03902941350911,0.04237695842112225,288.3493757749862,287.921940933014,0.42743484197217185,0.9780512646272346,-0.5506164226550627,-1.8304921663155167,-0.09951047791146579
2021-09-21 00:00:00-04:00,284.9317293722103,286.7144255542644,283.3706755438644,284.0740966796875,22364100.0,0.0016973016812416911,0.0403908196582568,-0.012659981329876668,-0.015199828357637335,0.010317744140115312,0.1637891105156345,0.007635773272419713,0.1212141428789785,0.007719541069502412,0.12254391543271777,41.373033232712594,3.3437500103999582,4.501090367411453,0.9629211981004308,288.24910367063495,-0.014696894365750817,288.4109176635742,294.32222237675205,282.49961295039634,0.04099223955227159,0.1331756528961551,287.6916405295556,287.6369154327676,0.05472509678804727,0.7933860310593972,-0.7386609342713499,-1.4672973884153837,-0.03993842820081524
2021-09-22 00:00:00-04:00,285.9339163666204,289.29692832647936,283.7946866969812,287.7165832519531,26626300.0,0.012740801741317774,1.1042194084947345,-0.003271542119003601,0.01499120055026304,0.011325048032812335,0.1797795640840962,0.008214746091789061,0.13040505145448178,0.007820630732951165,0.12414866409034546,50.31902897872736,5.502241629498144,4.572601171846217,1.1214709611116025,288.15256934130826,-0.001515331804748103,288.28708953857415,294.14471311693706,282.42946596021125,0.04063743255196398,0.4513022406622046,287.6954778714629,287.64281675270723,0.05266111875567958,0.6452410485986537,-0.5925799298429741,-0.19479103735118194,0.5006718369908827
2021-09-23 00:00:00-04:00,287.9767902418922,289.9521922582794,286.70480943359127,288.66094970703125,18604600.0,0.0032769053133938422,0.18422734648613429,0.0007014231166206919,0.05657454130003203,0.011481161264222802,0.18225778480416882,0.00824481256080718,0.1308823418534244,0.007563694918058009,0.12006993447566736,52.349182558683886,3.2473828246881453,4.477942718477784,0.7772924614797452,288.1097582576978,0.0019094770175628096,288.21096191406247,294.00403061420576,282.41789321391917,0.04020019683963754,0.5388384650917099,287.8440120000119,287.71823400858307,0.1257779914288335,0.5413484371646897,-0.4155704457358562,0.15535386036683968,0.6234028055375059
2021-09-24 00:00:00-04:00,287.3793723405542,288.8922279642704,286.1266531897196,288.4586181640625,14999000.0,-0.0007011772343981222,-0.20229190731227026,0.0,0.05404913841890591,0.011482285210055655,0.18227562689113386,0.008245214422623376,0.13088872121198683,0.007420680847132339,0.1177996564817537,51.860214097416495,2.765574774550771,4.355630722482997,0.6263234575025817,288.0568286880592,0.0013928842846177441,288.1247177124023,293.8450410522634,282.40439437254116,0.039707272498369854,0.5291854526241099,287.93856679448123,287.77307727935937,0.1654895151218625,0.4661766527561243,-0.3006871376342618,0.11674181049643984,0.5685184228123537
2021-09-25 00:00:00-04:00,287.3793723405542,288.8922279642704,286.1266531897196,288.4586181640625,14999000.0,0.0,-0.13423111754213157,0.0,0.0618259334270741,0.005443907775739509,0.08641935680986515,0.008245214422623376,0.13088872121198683,0.007420680847132339,0.1177996564817537,51.860214097416495,2.765574774550771,4.242055297630695,0.6259952684123221,288.0039545878656,0.001576183020949945,288.03847351074216,293.67956533292215,282.3973816885622,0.039169016231920886,0.5372396573716798,288.0185746974937,287.8238580856337,0.19471661186003075,0.4118846445769056,-0.21716803271687485,0.1489586294867193,0.5434613071405284
2021-09-26 00:00:00-04:00,287.3793723405542,288.8922279642704,286.1266531897196,288.4586181640625,14999000.0,0.0,-0.13423111754213157,0.017608911694262597,0.03545488006870734,0.005626690186318114,0.0893209376244325,0.008245214422623376,0.13088872121198683,0.007420680847132339,0.1177996564817537,51.860214097416495,2.765574774550771,4.136592403124986,0.6256674230794901,287.951135869966,0.0017592897633860454,287.952229309082,293.5073259298167,282.39713268834726,0.03858345972221666,0.545578762130832,288.08627369235046,287.87087735070253,0.21539634164793142,0.3725869839911108,-0.15719064234317937,0.182315048523328,0.5182287824291463
2021-09-27 00:00:00-04:00,285.36539716620223,285.6833776639269,282.28181268174734,283.4670715332031,23571700.0,-0.0174556711265591,-1.809956992966828,0.03756358933493131,0.017537158105988215,0.008240868755868857,0.1308197358909075,0.009055249520038722,0.1437476297379567,0.007753686546707198,0.12308595807920669,40.270275536372495,6.17680548231516,4.2823219087814275,0.9703336830316851,287.68735601035684,-0.014888094247868858,287.662661743164,293.5262735080019,281.7990499783261,0.04076727740267637,0.14223499284857175,287.3756272063278,287.54466951236924,-0.16904230604143322,0.264261125984602,-0.4333034320260352,-1.4310600286057116,-0.31879975040818903
2021-09-28 00:00:00-04:00,279.2560390156346,280.20039373530875,272.4625547192188,273.2045288085937,43186200.0,-0.03687526216973937,-3.5842967479305257,-0.001690432978999401,-0.01930140131630853,0.016273217461423153,0.258329318602797,0.011959091703612092,0.18984469532384018,0.008994588524580127,0.14278466628836636,26.93979831028973,11.00451681398431,4.7624786877244905,1.6804403693714254,286.4236393154405,-0.04838540036101693,286.85851898193357,295.5252029557764,278.1918350080907,0.060424797594305926,-0.2877286292282809,285.195458222061,286.4824368676451,-1.2869786455840995,-0.04598682832913831,-1.2409918172549612,-3.1509145169131214,-2.0061997262730538
2021-09-29 00:00:00-04:00,274.7271290344914,276.3363524670483,272.713173645824,273.6671447753906,26353700.0,0.0016918633730451974,0.07046042209701753,0.0073780194155212975,0.0031439399871580065,0.01668212726064646,0.26482056042721036,0.011982873715686475,0.1902222230615935,0.008996616824980931,0.14281686455903433,28.09529505906397,3.6231788212243146,4.6811001258316205,1.012798671210234,285.77721636424167,-0.04425109780273497,286.2201263427734,296.70782623172147,275.7324264538254,0.07328415386406555,-0.09846208893768763,283.4218715379579,285.53315597192255,-2.11128443396467,-0.4590463494562446,-1.6522380845084252,-2.39384835575075,-1.9254060143677656
2021-09-30 00:00:00-04:00,275.3148971070343,277.3577596425143,271.3737086480666,271.6628112792969,32343600.0,-0.007350934968403848,-0.7972305860386758,-0.024835570999149903,-0.023687447390139615,0.01582422133762147,0.25120172610352964,0.011918148162700771,0.18919473676156565,0.009041705095001356,0.14353261865615538,26.164507568920754,5.984050994447671,4.774168045018482,1.213362154667323,284.951346316585,-0.04891554708835783,285.555712890625,297.90107061100997,273.21035517024,0.0864654928134011,-0.0626771587342417,281.61278534431773,284.50572303172805,-2.892937687410324,-0.9458246170470606,-1.9471130703632635,-2.2507086349369665,-2.218803256439582
2021-10-01 00:00:00-04:00,271.8554890446492,279.42953021502547,271.05570026891905,278.58154296875,30086300.0,0.02514917707420408,2.302669306656854,0.0,-0.013680880726347877,0.022973291623409872,0.3646896985926351,0.013333268021198169,0.2116590680871638,0.009562220132645762,0.1517955387158145,41.18902263613654,8.373829946106412,5.0312867522390485,1.1069757430646836,284.59879503430716,-0.021599607789637904,285.2372360229492,297.9707991093826,272.50367293651584,0.08928401679932756,0.23865551185393102,281.1464403634612,284.06689487891487,-2.9204545154536845,-1.3407505967283855,-1.579703918725299,-1.0453779525842755,-1.1301085531522486
2021-10-02 00:00:00-04:00,271.8554890446492,279.42953021502547,271.05570026891905,278.58154296875,30086300.0,0.0,-0.09573746028550299,0.0,-0.019501254495243314,0.02229751095720127,0.353962013090954,0.013333268021198169,0.2116590680871638,0.009562220132645762,0.1517955387158145,41.18902263613654,8.373829946106412,5.270039837515289,1.0860903771532702,284.259546956872,-0.02038183839321659,284.91875915527345,297.99642232817723,271.84109598236967,0.09179924278539196,0.25770838785426814,280.75184076427485,283.6605725151989,-2.908731750924062,-1.654346827567521,-1.254384923356541,-0.9691664485829276,-1.1473425866086886
2021-10-03 00:00:00-04:00,271.8554890446492,279.42953021502547,271.05570026891905,278.58154296875,30086300.0,0.0,-0.09573746028550299,0.02115797221743687,-0.019501254495243314,0.012383526474485302,0.19658238843283535,0.013333268021198169,0.2116590680871638,0.009562220132645762,0.1517955387158145,41.18902263613654,8.373829946106412,5.491739130986083,1.073623441198952,283.87350693306,-0.018996104005726044,284.5386108398437,297.9002840930224,271.1769375866651,0.09391817309953371,0.2770837619578603,280.41794879573257,283.28434810435084,-2.86639930861827,-1.896757323777671,-0.969641984840599,-0.8916649521685605,-1.169895764657076
2021-10-04 00:00:00-04:00,276.943371186096,277.2806428364156,270.05351921774275,272.8094482421875,31350700.0,-0.02093725024788305,-2.0688872533192475,-0.019566618135355762,-0.03981678429674207,0.0167549628911752,0.2659767902169921,0.013947186301337296,0.2214047186545515,0.00992826164129973,0.15760626752436627,33.98351481988068,8.528023751007254,5.708616603844739,1.1001015685133047,283.0728701730942,-0.03762121142444933,283.7349548339844,297.90552486588723,269.5643848020815,0.09988596604316285,0.11450010242355176,279.24741024903335,282.50842959604245,-3.2610193470090962,-2.169609728423956,-1.09140961858514,-1.5419995903057917,-2.0746515944290516
2021-10-05 00:00:00-04:00,273.7152814419423,279.83425268811834,273.7152814419423,278.2539367675781,24993000.0,0.019760578678298033,1.7840003428175024,-0.014840771853251056,-0.02065430098154497,0.018346619723531844,0.2912435591228271,0.01455177816418774,0.23100231693732476,0.010188950479623817,0.1617445745390214,43.944643417426946,7.02480444593084,5.802630021136603,0.8822146542303098,282.32697014413543,-0.014637828394713627,282.96117248535154,296.5102892248493,269.41205574585376,0.09576661434140187,0.32628994168855696,279.0945681749633,282.19328197911915,-3.0987138041558637,-2.3554305435703378,-0.743283260585526,-0.6948402332457734,-1.1772209222352363
2021-10-06 00:00:00-04:00,275.382351437471,282.9467476472076,275.12218554145016,282.4456481933594,28002600.0,0.014951997933614897,1.3201763287305988,-0.005901106097569775,-0.0038065585825760584,0.01592528835345999,0.25280611524149055,0.014449259017857334,0.22937487594244743,0.010354053143543335,0.16436549807617337,50.17767225286468,7.824562105757423,5.947053741466662,0.973921160750587,281.9319709750769,0.0018186763420436729,282.37770080566406,294.86808000484143,269.8873216064867,0.08846576173359672,0.5027199889855941,279.6101189470242,282.2119757727666,-2.601856825742402,-2.404715800004751,-0.19714102573765135,0.010879955942376474,-0.5031521262386311
2021-10-07 00:00:00-04:00,284.4402643887922,285.8471654194184,283.22612779643686,284.1222839355469,20430500.0,0.0059185864269337115,0.48150413131588804,0.0,0.006726164035226967,0.01588923208449648,0.2522337397161967,0.014534628267666811,0.23073007077009555,0.01029863169830002,0.16348570990769176,52.45496676136966,3.4015172260590134,5.76522970465183,0.7374212831971321,281.488006402382,0.009271632962666443,282.13583221435545,294.271875968446,269.9997884602649,0.08602979393890024,0.5818409920663757,280.3042981760277,282.35348008112067,-2.0491819050929507,-2.333609021022391,0.28442711592944026,0.3273639682655026,-0.243240911689306
2021-10-08 00:00:00-04:00,285.44243361714194,285.8471654194184,283.0719456530571,284.1222839355469,17685700.0,0.0,-0.09468996891173992,0.0,-0.004927416742293689,0.01588923208449648,0.2522337397161967,0.014063619282917703,0.22325303493655663,0.010298493492326647,0.1634835159558803,52.45496676136966,2.7752197663612606,5.551657566202504,0.666856704821351,280.99305547681155,0.01101366783129616,281.8939636230469,293.64406610709307,270.1438611390007,0.08336540685744237,0.5948213139215387,280.8916806005691,282.48450258885595,-1.5928219882868575,-2.1854516144752845,0.592629626188427,0.37928525568615445,-0.26663398819134787
2021-10-09 00:00:00-04:00,285.44243361714194,285.8471654194184,283.0719456530571,284.1222839355469,17685700.0,0.0,-0.09468996891173992,0.0,-0.02609447641531193,0.008928803044406882,0.1417403541658621,0.014063619282917703,0.22325303493655663,0.010298493492326647,0.1634835159558803,52.45496676136966,2.7752197663612606,5.353340580499559,0.6980283502357257,280.45183243719373,0.012918562555219311,281.65209503173827,292.98142085865334,270.3227692048232,0.08044907903588226,0.6090174711870401,281.388696498258,282.60581972564785,-1.217123227389834,-1.9917859370581943,0.7746627096683603,0.43606988474816094,-0.2988993178498004
2021-10-10 00:00:00-04:00,285.44243361714194,285.8471654194184,283.0719456530571,284.1222839355469,17685700.0,0.0,-0.09468996891173992,0.0021069810336187267,-0.030768188115600115,0.0065474355512243135,0.10393731716257583,0.014063619282917703,0.22325303493655663,0.010298493492326647,0.1634835159558803,52.45496676136966,2.7752197663612606,5.169189093775395,0.727596988521825,280.3380786218752,0.013318931768583621,281.6785919189453,293.0294827209572,270.3277011169334,0.08059462896831154,0.6076431823380961,281.80924841168707,282.7181504078626,-0.9089019961755298,-1.7752091488816615,0.8663071527061317,0.43057272935238433,-0.3309994288623961
2021-10-11 00:00:00-04:00,282.26256704142725,287.1288187573514,282.0987392920623,283.52490234375,19298600.0,-0.0021047644620507434,-0.2906197885371769,0.004609470933775839,-0.03280604742949689,0.003022856725757212,0.04798636287199536,0.013457659442319855,0.21363372068027114,0.010289023444836462,0.1633331836125023,51.330561045066204,5.030079465289077,5.159252691740658,0.7989906318797618,280.2924304968598,0.011401015643314034,281.65113220214846,292.98025878065596,270.32200562364096,0.08044793919291818,0.5826970256099121,282.07319517046597,282.7779098105209,-0.7047146400549309,-1.5611102471163154,0.8563956070613845,0.33078810243964735,-0.4587258686071509
2021-10-12 00:00:00-04:00,284.5944873273196,284.69085485665033,281.71328346594987,282.2239990234375,17974100.0,-0.004598879856335804,-0.534900211898454,-0.0115757205820598,-0.0372438439471362,0.002036661480476528,0.03233099869299314,0.013487791673088221,0.2141120550146354,0.010270545592533549,0.16303985680076574,48.873651938655485,2.9775713907004615,5.00341831309493,0.7577257645772554,279.9489400819923,0.00806118171848405,281.37650299072266,292.3471655316063,270.405840449839,0.07797852645318705,0.5386255629300661,282.0963957632308,282.73687938184804,-0.6404836186172247,-1.3769849214164973,0.7365013027992726,0.15450225172026455,-0.6984060864587908
2021-10-13 00:00:00-04:00,284.18014809161934,286.46391451193523,282.81179971016536,285.5292053222656,23416300.0,0.011643240804812001,1.0696765928507794,-0.02127187506636019,-0.03573170682690152,0.006250297255387385,0.09922039294790752,0.013436716764843128,0.21330126598192362,0.010366905867274095,0.16456952874014183,54.794001839089226,4.239915488497729,4.948882397052273,0.9772386767216016,279.8833890373582,0.019773165685573964,281.21991577148435,291.83648380977485,270.60334773319386,0.07550367127566726,0.7029511578147981,282.62452031077464,282.9437183403975,-0.3191980296228394,-1.1654275430577656,0.8462295134349263,0.8118046312591944,-0.10774003602699372
2021-10-14 00:00:00-04:00,288.323743494712,292.23602492950124,286.99394774852544,291.7349548339844,27262900.0,0.021501381930833192,2.0176313032988156,-0.00479893746067428,-0.017778897039497754,0.010995784906223452,0.17455267399094962,0.0142476463969632,0.22617437480610045,0.010635170370518367,0.16882809570716556,63.37056316815843,6.706819607235616,5.074449340636797,1.1093801214613532,280.27909406780776,0.03926804305193981,281.3837326049805,292.55710527951527,270.2103599304457,0.0794173321328457,0.9632093876451174,284.0261256220377,283.5949210436262,0.43120457841149573,-0.8461011187639134,1.277305697175409,1.8528375505804695,0.9970608148727377
2021-10-15 00:00:00-04:00,291.3397657509714,293.3730115553381,289.58597692406954,293.1417236328125,25384800.0,0.004810489333678514,0.38015544873485935,0.0,-0.010409908028607862,0.010621489667885281,0.16861092128559893,0.014275066894790137,0.22660966171455446,0.010575778405670372,0.16788527749398582,64.99199132832301,3.7870346312685683,4.982491147110496,1.0115809698541713,280.6852252034912,0.042493092675283006,281.61788787841795,293.58371636390194,269.65205939293395,0.08497917923913959,0.9815310435200691,285.42852531600306,284.3020916057881,1.1264337102149398,-0.45159415296814276,1.5780278631830824,1.92612417408028,1.2119518494052264
2021-10-16 00:00:00-04:00,291.3397657509714,293.3730115553381,289.58597692406954,293.1417236328125,25384800.0,0.0,-0.09116313112333416,0.0,-0.021077622279844888,0.010242525804793977,0.1625950564598794,0.014275066894790137,0.22660966171455446,0.010575778405670372,0.16788527749398582,64.99199132832302,3.7870346312685683,4.89710139597893,0.9910720821754955,281.0748884575265,0.041163826922164165,281.85204315185547,294.54283234962736,269.1612539540836,0.09005284514424743,0.9447982038398033,286.61517121089685,284.9568791633455,1.658292047551356,-0.02961691286424295,1.687908960415599,1.7791928153592103,1.1708900517291443
2021-10-17 00:00:00-04:00,291.3397657509714,293.3730115553381,289.58597692406954,293.1417236328125,25384800.0,0.0,-0.09116313112333416,-0.010023268246073913,-0.016011418185938098,0.009122735096516295,0.14481893005261764,0.014275066894790137,0.22660966171455446,0.010575778405670372,0.16788527749398582,64.99199132832302,3.7870346312685683,4.817810912785333,0.987576704599611,281.56104841655383,0.039505380103326916,282.3357757568359,295.9869584217996,268.6845930918722,0.09670175611553312,0.895787974609353,287.6192561988839,285.5631639388616,2.0560922600222966,0.38752492171306496,1.6685673383092317,1.5831518984374147,1.132711338032902
2021-10-18 00:00:00-04:00,292.52505628022925,296.9962213698996,291.67706908893643,296.1097106933594,22729300.0,0.01007383940857036,0.8909434193376635,-0.003049851190934705,-0.0060487784690201885,0.00897424766704156,0.14246176518536133,0.01377319751271549,0.2186427322609114,0.01062180459823244,0.16861592064987224,68.64889596370841,5.319152280963181,4.853621010512323,0.920912343097209,282.9620436171309,0.04440133707686376,283.48103485107424,297.73655632002067,269.2255133821278,0.10057478078867262,0.9429398065091783,288.9254799672647,286.34438962437997,2.5810903428847496,0.8262380059474019,1.7548523369373477,1.7717592260367117,1.600594284076457
2021-10-19 00:00:00-04:00,297.13119325509496,298.0466114077476,296.0423017598198,297.0155639648437,17682100.0,0.003054511464918365,0.20524914740142816,0.0026674320475494895,-0.0030081015401501876,0.004171111684933436,0.06621434525405684,0.01049215927303373,0.16655786491516497,0.01059898872745926,0.16825372992980492,69.68957959667173,2.004309647927812,4.650098770327715,0.7292277764019316,283.9795640953491,0.043889955447040566,284.64845581054686,299.3375716855686,269.9593399355251,0.10320882179524879,0.9209616242229597,290.17010827458455,287.13484698293286,3.0352612916516932,1.2680426630882602,1.767218628563433,1.6838464968918423,1.7220509106425097
2021-10-20 00:00:00-04:00,297.9599010679799,298.4320932312607,294.97268352184886,296.22540283203125,16537100.0,-0.002663880764487861,-0.35484494722496,-0.010779932355613586,-0.0023367201986463915,0.004899171218531463,0.07777193204735716,0.010582304921195967,0.167988882716037,0.010571148957773441,0.16781178728692897,67.58220974509199,3.4594097094118297,4.5650495516908665,0.7049849556941141,285.2603524573776,0.03701590164051914,285.87658538818357,300.09400086068047,271.6591699156867,0.09946540709650269,0.8639486186454604,291.1016920526533,287.8082214902735,3.2934705623797527,1.6731282429465586,1.620342319433194,1.4557944745818405,1.558810154049571
2021-10-21 00:00:00-04:00,295.99411129385413,299.70401151928974,295.2135548265935,299.4534912109375,16918100.0,0.010838456799457866,0.9639145575277143,0.005175286835005011,0.0020963105975153606,0.006012855982531721,0.0954511295941552,0.010368631770413136,0.16459692660309913,0.01034785042585112,0.16426703298537532,71.38870172665239,4.4904566926962275,4.559721490334107,0.7420554525050912,286.2276365203513,0.0441666404926626,286.920182800293,301.9252598677809,271.9151057328051,0.10459408551215078,0.9176355894166295,292.3865842308509,288.67083406217455,3.7157501686763226,2.0816526280925114,1.6340975405838112,1.67054235766652,2.0378523338895755
2021-10-22 00:00:00-04:00,299.106587824424,299.77148563337295,296.6011787740469,297.9117126464844,17449300.0,-0.005161941063751959,-0.5969490239299242,0.0,-0.04335200184235133,0.007244308765816462,0.11499983648949366,0.009438614322417731,0.14983335730901842,0.009884423099357248,0.15691035224544939,67.3227287116699,3.170306859326047,4.460477588119246,0.7871703676436091,287.20638706162435,0.03593455755653168,287.8866912841797,303.11873262152244,272.6546499468369,0.10581969780816898,0.8290767514439259,293.23660398710217,289.35534358693826,3.88126040016391,2.441574182506791,1.439686217657119,1.316307005775705,1.7387187385008318
2021-10-23 00:00:00-04:00,299.106587824424,299.77148563337295,296.6011787740469,297.9117126464844,17449300.0,0.0,-0.09270762627556,0.0,-0.04683210359468004,0.006188336391563087,0.09823679472772053,0.009438614322417731,0.14983335730901842,0.009884423099357248,0.15691035224544939,67.3227287116699,3.170306859326047,4.368322536062589,0.8102661355070078,288.2425711553444,0.03245639926421355,288.8531997680664,304.0522588860443,273.65414065008855,0.10523725636539179,0.7979958432987243,293.955851473161,289.98914870246017,3.966702770700806,2.7465999001455943,1.2201028705552117,1.1919833731948977,1.6860380016799073
2021-10-24 00:00:00-04:00,299.106587824424,299.77148563337295,296.6011787740469,297.9117126464844,17449300.0,0.0,-0.09270762627556,0.0033426353332033365,-0.06772819144079878,0.006111441077454684,0.09701611945901835,0.009438614322417731,0.14983335730901842,0.009884423099357248,0.15691035224544939,67.3227287116699,3.170306859326047,4.282749987724264,0.8372904290745771,289.8081966223142,0.027201065551209724,290.1083129882812,303.8000519457244,276.41657403083804,0.09439053170459312,0.7849674421363771,294.5644454998261,290.5760052909064,3.9884402089197124,2.994967961900418,0.9934722470192945,1.13986976854551,1.63353295567805
2021-10-25 00:00:00-04:00,298.1044496970303,298.1430025992538,295.30996713441385,296.9192199707031,17554500.0,-0.0033370611459142643,-0.4172548686225641,-0.006384418244959056,-0.07083405436110068,0.006208042140550147,0.09854961379502868,0.007833628807607072,0.12435500212871854,0.009894263772173364,0.15706656808347935,64.37484360933485,2.833035464839952,4.179198950375385,0.8576443300668962,290.8185555214366,0.02054654612749034,291.0415771484375,303.8469644025972,278.2361898942778,0.08799696166866693,0.729498831453001,294.92671849534565,291.0458730449654,3.8808454503802636,3.1721434595963873,0.7087019907838763,0.9179953258120026,1.4288869571382954
2021-10-26 00:00:00-04:00,299.6846895652335,301.0337465950121,297.37201617029336,298.8270568847656,28107300.0,0.006404885805273053,0.5296322480306538,-0.040412667146853876,-0.06486375344708573,0.004413816662276804,0.07006716732610553,0.006989569709680352,0.11095597933898485,0.009885197900249922,0.15692265182831502,67.33572171909536,4.114526624308951,4.174579498513497,1.3728618102123182,291.940885119817,0.023044003567602327,291.8606475830078,304.4446926238398,279.2766025421758,0.08623324278243424,0.7767953102183609,295.52677055525646,291.6222570330987,3.9045135221577425,3.3186174721086585,0.585896050049084,1.1071812408734454,1.6576651363157349
2021-10-27 00:00:00-04:00,304.502903074563,314.2354384530165,304.502903074563,311.4120483398437,52588700.0,0.04125194854854897,3.804507689119924,-0.003637808011965449,-0.018823538235195003,0.01844609266811135,0.29282264316404727,0.01059159743429918,0.16813639678839246,0.011139013092340933,0.17682635095816,79.46183724765619,15.408381568250888,4.976993932066168,2.381581438150264,294.6211952917268,0.053918443867634364,293.22513580322266,308.0030698380419,278.44720176840343,0.10079582021055924,1.1153401582985045,297.97065944519295,293.088167500265,4.882491944927949,3.6313923666725167,1.2510995782554324,2.461360633194013,3.1804152118485916
2021-10-28 00:00:00-04:00,312.5297505959251,313.0501117800628,309.667808194034,312.5490417480469,26297900.0,0.0036444409265974477,0.23655524026541802,-0.021922777639620583,-0.02635603805057629,0.018076577251249788,0.28695676777232687,0.010589594262610096,0.16810459742365638,0.01105714427192139,0.17552672372439806,80.1777996256151,3.3823035860287973,4.863087478777784,1.168170973475071,296.08073783386016,0.05269030364669045,294.64647369384767,311.1100682297737,278.18287915792166,0.11175151244492747,1.0437016811587878,300.2134874917859,294.52971374084143,5.683773750944454,4.041868643526904,1.64190510741755,2.1748067246351495,3.014306558698799
2021-10-29 00:00:00-04:00,312.33708575518085,319.92074448093985,312.1154433275155,319.5545654296875,34766000.0,0.02216665259576377,1.9705334020073089,0.0,-0.007125712357891056,0.017852566633563296,0.28340070945970836,0.011201437650620883,0.17781731009963084,0.011365661304562642,0.18042427978597617,83.90154621165138,7.805301153424352,5.0732455983953955,1.4878855193508358,298.2796224082627,0.06657687081646778,296.4180877685547,315.5264732202729,277.3097023168365,0.12892860618302202,1.1054011658806153,303.18903794377076,296.3834064585337,6.805631485237029,4.59462121186893,2.2110102733680996,2.4216046635224653,3.4345356015322643
2021-10-30 00:00:00-04:00,312.33708575518085,319.92074448093985,312.1154433275155,319.5545654296875,34766000.0,0.0,-0.12114858891434577,0.0,-0.014326169620974771,0.0170871367767938,0.27124988717725307,0.011201437650620883,0.17781731009963084,0.011365661304562642,0.18042427978597617,83.90154621165138,7.805301153424352,5.268392423754607,1.435421712415246,300.3234387945759,0.06018104172366479,298.18970184326173,318.99307632805755,277.3863273584659,0.13953113978249163,1.0134951447910605,305.7068114031426,298.09978860454515,7.607022798597427,5.197101529214629,2.4099212693827976,2.053980579164239,3.090990744372158
2021-10-31 00:00:00-04:00,312.33708575518085,319.92074448093985,312.1154433275155,319.5545654296875,34766000.0,0.0,-0.12114858891434577,0.006831365454830873,-0.01321178559692493,0.018075365650934472,0.2869375342135905,0.011201437650620883,0.17781731009963084,0.011365661304562642,0.18042427978597617,83.90154621165138,7.805301153424352,5.44960019015959,1.391005556260185,302.3095159039326,0.05396589938424576,299.9911849975586,321.66921691874563,278.3131530763716,0.1445244594194556,0.9512259346986343,307.8372350995341,299.68903133233346,8.148203767200641,5.787321976811832,2.3608817903888095,1.8049037387945386,2.825191092233132
2021-11-01 00:00:00-04:00,319.30397060914856,319.429245467658,314.4955333639382,317.3863830566406,27073200.0,-0.006808137404041094,-0.7816138959193507,-0.011286888803919704,-0.019907157980424528,0.010940414795999208,0.17367370074063213,0.011408231291978162,0.18110005738607587,0.011322076536720424,0.1797323930460102,78.2213563493769,5.059032065749307,5.421702466987426,1.0638474700850369,303.82080655903786,0.04274152018419094,301.7493041992187,323.06053883665714,280.4380695617803,0.1412512595115611,0.8668740719027026,309.30633478524277,300.99994627487473,8.306388510368038,6.291135283523073,2.0152532268449646,1.467496287610811,2.4389157979949756
2021-11-02 00:00:00-04:00,318.292176820312,321.3179468699199,317.9934580456365,321.00958251953125,26487100.0,0.01135106912107777,0.9477984102024843,-0.002604891149647126,-0.00871867590192732,0.011444186445227782,0.18167082774917415,0.011240905761988754,0.17844384694401155,0.011356478297166668,0.1802785040628317,80.58659865476335,3.931563813279297,5.31526399172256,1.034574548593514,305.5464628325091,0.04817027443746575,303.52332305908203,325.05530799954016,281.9913381186239,0.14188026622433125,0.9060531230354179,311.10683443667176,302.4821415522567,8.624692884415083,6.757846803701476,1.8668460807136071,1.624212492141673,2.562147265509681
2021-11-03 00:00:00-04:00,321.7515938792344,322.7152105302098,318.6198397635644,321.84796142578125,21500100.0,0.002608289781925636,0.11361818713169845,-0.00725213388311563,-0.008872516569361277,0.006553103976453321,0.10402730062346374,0.011192213892529163,0.17767088747924614,0.011355043192775987,0.18025572248689273,81.09814159785282,4.095370766645374,5.228128761359904,0.8493435493743824,306.98248990494847,0.046187869126089805,305.0289733886719,327.28921583815537,282.7687309391884,0.14595493799940895,0.8777808816610536,312.75931551191934,303.9166467280733,8.842668783846023,7.174811199730385,1.6678575841156373,1.5111235266442151,2.451062672314597
2021-11-04 00:00:00-04:00,320.77827029949265,324.29546419896866,317.52124223556143,324.1990966796875,23992200.0,0.007278558439835921,0.5543248996448897,0.00113058091805196,0.0014583490056361281,0.006952236759416989,0.11036333712635364,0.010603149890231287,0.16831978634096278,0.011366254658483779,0.1804336989874648,82.49146587934268,6.7742219634072285,5.33856399007757,0.9504061435211438,308.4965222754632,0.04843497272214379,306.58184204101565,329.66827583494666,283.49540824708464,0.15060535640491338,0.8815499352546841,314.51928184542214,305.4190504281929,9.100231417229224,7.559895243230153,1.540336173999071,1.5261997410187351,2.4567661342717595
2021-11-05 00:00:00-04:00,326.1938496188393,326.4636610780947,322.2526614356384,323.8329772949219,22570100.0,-0.0011299422927456167,-0.25311902112983264,0.0,0.0159009787110318,0.007086566992469762,0.11249576346764355,0.01068804320302918,0.16966742590277664,0.011369882955713001,0.1804912964203717,81.48418447310365,4.210999642456272,5.258023679533192,0.8990846665514102,309.9623062523449,0.04283279349263018,308.1164047241211,331.5192318247396,284.71357762350254,0.15190899765024055,0.8357836321062553,315.95215806842214,306.7830450109136,9.169113057508525,7.881738806085828,1.2873742514226976,1.343134528425021,2.27716070099859
2021-11-06 00:00:00-04:00,326.1938496188393,326.4636610780947,322.2526614356384,323.8329772949219,22570100.0,0.0,-0.14356334887044764,0.0,0.010919389170410021,0.005221063019203504,0.08288180596925113,0.01068804320302918,0.16966742590277664,0.011369882955713001,0.1804912964203717,81.48418447310365,4.210999642456272,5.1832362483134125,0.9041535395731669,311.4446178670177,0.0382553979875305,309.6509674072266,332.9441126806016,286.3578221338515,0.15044774746491837,0.8044245360867147,317.164591795576,308.0460029578772,9.11858883769878,8.129108812408418,0.9894800252903622,1.2176981443468604,2.145702446586036
2021-11-07 00:00:00-04:00,326.1938496188393,326.4636610780947,322.2526614356384,323.8329772949219,22570100.0,0.0,-0.14356334887044764,-0.002759680638272366,-0.0019601775737853044,0.003380853362821428,0.05366938330321154,0.01068804320302918,0.16966742590277664,0.011369882955713001,0.1804912964203717,81.48418447310365,4.210999642456272,5.113790776466474,0.9044419443612381,312.7032136174136,0.034368839673089076,311.03713073730466,334.23670071953495,287.8375607550744,0.14917556580615546,0.7757776667286977,318.1904972570138,309.215408464325,8.975088792688837,8.298304808464502,0.6767839842243344,1.1031106669147925,2.030492778386186
2021-11-08 00:00:00-05:00,325.0278447491498,325.36511641707693,322.2719155808302,324.7291259765625,20897000.0,0.0027634955771769273,0.13158514433058788,0.003095621502720025,0.0008017155433495127,0.0033913840565079475,0.053836552882976715,0.010624545460848973,0.1686594304950391,0.01136838657368926,0.1804675420921647,82.15049898558208,3.0932008362467514,4.969462923593637,0.8320369875618493,313.7557443494502,0.03379241573761484,312.4228088378906,335.4056836883907,289.43993398739053,0.1471267410723869,0.7677279761283675,319.1964401369444,310.36457272449076,8.831867412453619,8.405017329262327,0.42685008319129203,1.0709119045134705,1.9816319955600832
2021-11-09 00:00:00-05:00,324.8447590588509,326.39619698658385,322.3586413143152,323.7269897460937,21307400.0,-0.0030908399318900787,-0.44493298378387086,0.015568483683856993,-0.0022868268091271737,0.0021238074300649777,0.0337143977552588,0.010747190723069762,0.17060636367493817,0.011367672242572884,0.1804562024372386,78.73815323996556,4.037555672268638,4.902898119927566,0.8403964899403388,314.7464413244467,0.027741117380081955,313.7978881835937,335.9771636139183,291.61861275326913,0.14136025936126229,0.723837374527673,319.8934477691212,311.35438139275766,8.539066376363564,8.431827138682575,0.10723923768098942,0.8953494981106918,1.8252795747985189
2021-11-10 00:00:00-05:00,322.39716561372114,322.4549802486584,317.91635496264894,318.7643127441406,25500900.0,-0.015448538153266626,-1.6768760427012952,-0.00490361722748045,-0.01568131474826684,0.0071776012110845964,0.11394088688715519,0.011486238923996668,0.18233839015419193,0.011571841894455679,0.18369729518212963,64.45905755740748,5.810634783444755,4.967736453035937,0.989053886990037,315.44687425606736,0.010407182847773928,314.76342926025393,335.97355338410995,293.5533051363979,0.1347686684803461,0.5943154189132424,319.719734688355,311.9032651965638,7.816469491791224,8.308755609304304,-0.49228611751308016,0.37726167565296986,1.4514295422726826
2021-11-11 00:00:00-05:00,319.198052802581,321.6263564591786,318.4849858081496,320.3351135253906,16849800.0,0.0049156794067996895,0.33452923974665993,-0.012740448825266593,-0.020853526725985283,0.008006600903523712,0.1271008490260128,0.01136894742667757,0.18047644535733953,0.011485677548482728,0.18232947859417986,66.52817280975148,3.1413706510290353,4.837281752892587,0.6542811267747829,316.2008444490619,0.012906075237365578,315.88459930419924,335.6665812855793,296.1026173228192,0.1252481572381429,0.6124890879331623,319.81440835559124,312.52784655425467,7.286561801336575,8.10431684771076,-0.8177550463741845,0.449956351732649,1.4895836581352595
2021-11-12 00:00:00-05:00,321.7708793286239,324.96044803422893,321.6456044610585,324.468994140625,23831000.0,0.012822304337249943,1.1260513395799068,0.0,-0.008890084976381885,0.01053153543717563,0.16718294214258372,0.011384127546704903,0.18071742229212612,0.011533536909234643,0.18308922239291642,71.26875511396378,4.625334508838307,4.822142664031567,0.9140374808680576,317.1907304769808,0.02243130713589793,317.21246337890625,335.41717689612454,299.00774986168796,0.11477930799631285,0.6993036241645718,320.53049847636566,313.4123760050969,7.118122471268748,7.907077972422357,-0.7889555011536089,0.7972144966582883,1.6696790212374124
2021-11-13 00:00:00-05:00,321.7708793286239,324.96044803422893,321.6456044610585,324.468994140625,23831000.0,0.0,-0.14938655967973327,0.0,-0.015134427638705983,0.010448176497922899,0.16585966000568253,0.011384127546704903,0.18071742229212612,0.011533536909234643,0.18308922239291642,71.26875511396378,3.3148435731704353,4.714478443255771,0.9029862848845757,318.1566800149311,0.019454290670861848,318.54032745361326,334.5605703882433,302.5200845189832,0.1005853360087537,0.6850367285690804,321.1364208862517,314.2313847558768,6.905036130374924,7.706669604012871,-0.8016334736379465,0.7401469142763207,1.6005443251873952
2021-11-14 00:00:00-05:00,321.7708793286239,324.96044803422893,321.6456044610585,324.468994140625,23831000.0,0.0,-0.14938655967973327,0.0019342848263148582,-0.02041581976579787,0.010322117168945865,0.16385853019620505,0.011384127546704903,0.18071742229212612,0.011533536909234643,0.18308922239291642,71.26875511396376,3.3148435731704353,4.614504523963961,0.8923748588521051,319.13634470178414,0.016435004685007554,319.9178161621094,332.4734286170122,307.36220370720656,0.07849273670048192,0.6812407795662109,321.64912446384756,314.98972619178403,6.659398272063527,7.497215337623002,-0.8378170655594754,0.7249631182648434,1.5384687919258597
2021-11-15 00:00:00-05:00,325.25910770260543,325.5867337696935,321.87680452226203,323.84259033203125,16723000.0,-0.001932416506274309,-0.35074188049524063,-0.010132461815190341,-0.022306956584470128,0.005965451260374994,0.09469860295937434,0.011342504181560156,0.1800566718547103,0.011540690043565189,0.183202774880116,69.40832089839074,3.7099292474314893,4.5498920042116415,0.639847137637727,320.3789670058956,0.010695391617836395,321.16859283447263,328.9565869585829,313.3805987103624,0.04849785625286283,0.6716743396916799,321.9865807512604,315.6454939058764,6.341086845384041,7.26598963917521,-0.9249027937911691,0.6866973587667197,1.4471188282860898
2021-11-16 00:00:00-05:00,323.4668329496531,328.2753000737165,323.3030345857247,327.1575012207031,20886800.0,0.010184144618818608,0.8815128253658615,-0.0006778795829698314,-0.012299115083221124,0.00676460558622576,0.10738478459154994,0.011410129651507514,0.1811301929093578,0.011549431416117464,0.18334153986746013,73.370072810836,4.9722654879918196,4.580061538767368,0.850757214571317,321.62768315769097,0.0169026173704686,321.95586547851565,328.7052428085233,315.206488148508,0.0419273450413844,0.8853418980637726,322.7821069773285,316.49823518845614,6.283871788872375,7.069566069114643,-0.785694280242268,1.541367592255088,1.5695177257363468
2021-11-17 00:00:00-05:00,327.20566384465644,330.3431465844784,326.2982049414864,327.3794250488281,19053400.0,0.0006781094472204886,-0.08585506161113729,-0.0063003533388881205,-0.002089389517982543,0.004794853173569997,0.0761159344220102,0.007662146581647355,0.12163280618377537,0.011396614891924183,0.18091565275203988,73.61641260164134,4.044941642992001,4.541838689069128,0.7877013189265526,322.34773164926463,0.015369607906217763,322.6973846435547,328.24737943544625,317.14738985166315,0.03439751950900976,0.9218058377382452,323.48938668063613,317.3042492521874,6.185137428448741,6.892680340981463,-0.7075429125327224,1.6872233509529762,1.5192651956334937
2021-11-18 00:00:00-05:00,326.472089004235,330.5942790410435,325.44878891319365,329.4551086425781,22463500.0,0.006320284323918697,0.4961565385634683,-0.005362551271265725,0.010631510765895413,0.005033478370740909,0.07990399199161813,0.007706328721543807,0.12233417591111542,0.011411169659222281,0.18114670252000697,75.8652085042035,5.1454901278498255,4.584956648982036,0.952913835183894,322.8923345789526,0.01992008589778884,323.1924118041992,329.30021670996945,317.08460689842894,0.037796709840270414,1.0126798362912957,324.4071900593964,318.20431291073487,6.202877148661514,6.754719702517473,-0.551842553855959,2.0507193451651773,1.5668930922525166
2021-11-19 00:00:00-05:00,330.7776536668813,333.15247904268057,330.3528843201797,331.2313537597656,21963400.0,0.005376981360516243,0.3954552080595437,0.0,0.015388571894725311,0.0047873090674791065,0.07599617545052549,0.006309168452495097,0.10015494422949756,0.01114276269594952,0.17688587407014034,77.62291416061873,3.697370400102443,4.521557631204923,0.9577054905398709,323.54464667223164,0.023206459775873087,323.7762512207031,330.6091958102504,316.9433066311558,0.04220781829294584,1.0455263423668735,325.45706139791474,319.16927889955195,6.2877824983627875,6.661332261686536,-0.3735497633237488,2.1821053694674997,1.5953532420069385
2021-11-20 00:00:00-05:00,330.7776536668813,333.15247904268057,330.3528843201797,331.2313537597656,21963400.0,0.0,-0.1548746723310553,0.0,0.015388571894725311,0.004220431561212627,0.06699727401802011,0.006309168452495097,0.10015494422949756,0.01114276269594952,0.17688587407014034,77.62291416061873,2.799594722500842,4.398560280583203,0.9852051464065876,324.23441988118776,0.02112400833784768,324.360090637207,331.65409581150504,317.066085462909,0.044974738784718714,0.971021267353289,326.3454140689687,320.0627659262344,6.282648142734274,6.585595437896084,-0.3029472951618102,1.8840850694131566,1.5328010928400493
2021-11-21 00:00:00-05:00,330.7776536668813,333.15247904268057,330.3528843201797,331.2313537597656,21963400.0,0.0,-0.1548746723310553,0.009651973064261465,0.040736507510343856,0.0031099747980921503,0.04936931939658085,0.006309168452495097,0.10015494422949756,0.01114276269594952,0.17688587407014034,77.62291416061873,2.799594722500842,4.284348455005891,0.9966269219590852,325.0037247305906,0.018801447865626236,325.0523391723633,332.18579523789185,317.91888310683476,0.04389112278774243,0.9331010474194664,327.0970970983221,320.89006872871823,6.207028369603847,6.509882024237637,-0.30285365463378966,1.73240418967787,1.4736701661418992
2021-11-22 00:00:00-05:00,332.6890561129603,337.5642399354129,327.7945753077866,328.0648803710937,31031100.0,-0.009605690346957102,-1.1335295598080575,0.006366867536932608,0.030787375526778682,0.00632953932071005,0.10047832173722096,0.006523879403703519,0.1035633749134552,0.01092331632185617,0.17340227087834523,66.7922375778312,9.769664627626298,4.676156753050206,1.3937206643540616,325.45462268056116,0.00795652886581434,325.4051040649414,332.3930951182562,318.41711301162655,0.04294948644640945,0.690310511694961,327.24598683259467,321.4215362577831,5.8244505748115785,6.372795734352426,-0.5483451595408475,0.7612420467798446,1.2640957960813206
2021-11-23 00:00:00-05:00,325.381155553639,327.69808997134413,322.0119904551096,325.9893493652344,30427600.0,-0.006346684658326716,-0.7939997330936851,-0.0006807744869259391,0.024266009521572096,0.0058969023986504355,0.09361042351469592,0.0063384328393897875,0.10061950196946232,0.010977499296291115,0.17426239893223702,60.80353757535994,6.05288991598411,4.774494836116913,1.339755390596139,325.6611586032236,0.001006753020151779,325.61217346191404,332.39888825787375,318.82545866595433,0.04168587877905943,0.5277878115303207,327.0526579914623,321.75989278426096,5.292765207201342,6.15678962892221,-0.8640244217208686,0.11115124612128287,1.1191919329524034
2021-11-24 00:00:00-05:00,324.6378523117165,326.4527706824411,322.34990736219254,326.21142578125,21661300.0,0.0006810063191000137,-0.07672438329954244,0.0,0.0038024927494204608,0.004646787129045164,0.07376545883345584,0.0063238590533521285,0.10038815028836445,0.01089529285931731,0.17295741220182867,61.20435577321584,4.102863320248559,4.726521156412031,0.9586866692351083,325.76515965060173,0.0013680272834696006,325.71278991699216,332.47090329600684,318.9546765379775,0.04149737798590579,0.5368916468467517,326.92323765142964,322.0896359692231,4.833601682206563,5.892152039579081,-1.0585503573725177,0.14756658738700765,1.0930141911313094
2021-11-25 00:00:00-05:00,324.6378523117165,326.4527706824411,322.34990736219254,326.21142578125,21661300.0,0.0,-0.16009655798261652,0.024963778712142615,0.022142264417027935,0.004646787129045164,0.07376545883345584,0.006138642402048289,0.0974479271002557,0.01089688733049591,0.17298272364709608,61.20435577321584,4.102863320248559,4.68197416811464,0.9606185551008734,325.8832923519614,0.0010058918951190365,325.8317123413086,332.53402222558464,319.1294024570326,0.04113970267728484,0.528327057872407,326.81372813294047,322.39495373307693,4.418774399863537,5.597476511635972,-1.1787021117724352,0.1133082314896281,1.05700707449777
2021-11-26 00:00:00-05:00,322.77463147147154,326.23067700890783,316.7603067714065,318.26629638671875,24217200.0,-0.024657274124163197,-2.6782611822642153,0.0,-0.0012117871173611405,0.010272966060240142,0.1630782805344144,0.008209352547103851,0.13031943158694873,0.01139708415942795,0.18092310214271987,42.97166869374117,9.470370237501356,5.0240024587851195,1.0700575476500198,325.5779979619281,-0.02297353398150909,325.5533782958984,333.02353970388793,318.0832168879089,0.045892083486228245,0.012254052410033883,325.4987386335217,322.0891272629763,3.409611370545406,5.159903483417859,-1.7502921128724536,-1.9509837903598677,0.6312368828976991
2021-11-27 00:00:00-05:00,322.77463147147154,326.23067700890783,316.7603067714065,318.26629638671875,24217200.0,0.0,-0.14843142845667648,0.0,0.0005768047358623019,0.010779947283887951,0.1711263579573223,0.008209352547103851,0.13031943158694873,0.01139708415942795,0.18092310214271987,42.97166869374117,9.470370237501356,5.341600157264851,1.066177805924839,325.2749174030781,-0.022021247917006395,325.2750442504883,333.40113110277713,317.14895739819946,0.04996440394628668,0.06875012591113137,324.38605521093666,321.8059546054758,2.5801006054608706,4.643942907826461,-2.0638423023655905,-1.7249994963554802,0.6057303701619222
2021-11-28 00:00:00-05:00,322.77463147147154,326.23067700890783,316.7603067714065,318.26629638671875,24217200.0,0.0,-0.14843142845667648,-0.020645886617877474,0.020649535122197582,0.011107122188811465,0.17632009855921524,0.008209352547103851,0.13031943158694873,0.01139708415942795,0.18092310214271987,42.97166869374118,9.470370237501356,5.636512305853173,1.058441974218145,324.9289308164313,-0.020934150129478177,324.95190277099607,333.6623831772616,316.24142236473057,0.053610890300919735,0.11623205193893082,323.44455385336465,321.5437577003827,1.9007961529819681,4.095313556857563,-2.1945174038755946,-1.5350717922442798,0.5802989548210566
2021-11-29 00:00:00-05:00,323.3442142848388,327.2926129313529,323.1511265991085,324.9757080078125,28563500.0,0.02086199257571873,1.9992499967556894,0.018270298988175115,0.04216597569337277,0.016127019788673525,0.25600850249668544,0.009459769375568835,0.15016918336667945,0.011388304211764554,0.1807837247944708,56.606040642489255,9.026316544634142,5.8786411800518135,1.2289155589783525,324.98689780298446,-3.443271264967715e-05,325.014338684082,333.70573088336755,316.3229464847965,0.05348313083339792,0.49777764739044367,323.680116030972,321.7979762416738,1.8821397892982077,3.6526788033456916,-1.770539014047484,-0.008889410438225404,0.9117510411843176
2021-11-30 00:00:00-05:00,323.7110925111013,326.0859180631041,317.6002231832655,319.14483642578125,42885600.0,-0.01810540251898091,-1.9858095003766143,0.0015452608186692363,0.02346692889789881,0.01785414174157881,0.283425713524291,0.01024291795445726,0.162601281642794,0.0105662240861363,0.16773360737338425,46.255917892884504,8.485694879838604,6.064859301465156,1.778593597359996,324.7964149225718,-0.017708506771046687,325.0333648681641,333.6686341604658,316.3980955758624,0.05313466385707343,0.15904199145054868,322.9823807070965,321.60144736642246,1.380933340674062,3.198329710811366,-1.817396370137304,-1.3638320341978065,0.5688416866028275
2021-12-01 00:00:00-05:00,323.5276191928272,327.53393801069564,317.9863505876279,318.6524353027344,33337600.0,-0.0015440681316873095,-0.297707607546132,0.0017907618753945087,0.011925415877230838,0.013830387188318352,0.21955059021614518,0.009674051441390179,0.15357080570618617,0.01057791188573366,0.1679191454400333,45.49933243810478,9.547587423067739,6.313625595865341,1.3369010656077092,324.5364473475796,-0.018465297587495776,324.94923095703126,333.80715676811025,316.0913051459523,0.05451882920289347,0.14456714875500448,322.3162352602716,321.3830020283715,0.9332332319000898,2.745310415029111,-1.8120771831290212,-1.421731404979979,0.5160042414406938
2021-12-02 00:00:00-05:00,318.86477960423474,321.94434201116263,316.4513312891526,318.08282470703125,30766000.0,-0.001789160373001841,-0.3289085323595037,0.02006115901480854,-0.016212904007085083,0.013861340785249962,0.220041963334129,0.009613578296760843,0.15261082429606257,0.01051812601554553,0.166970074173433,44.59071959087186,5.493010722010013,6.255010247732818,1.2168542581098734,324.14697037859287,-0.01906467498566442,324.6299224853516,334.0059982590567,315.2538467116465,0.0577647045098142,0.15086151518306568,321.66494132900385,321.13854444901295,0.526396879990898,2.3015277080214687,-1.7751308280305707,-1.3965539392677384,0.4578155851700976
2021-12-03 00:00:00-05:00,320.4962976310111,321.1817382170732,307.0196094538932,311.82720947265625,41779300.0,-0.01986258531710151,-2.163271735777716,0.0,-0.03570484508119964,0.016428507979232503,0.2607944791493369,0.010014222843861848,0.15897085931064275,0.010483795683835975,0.16642509705265396,36.07126370342488,14.162128763179965,6.819804427407615,1.595808964181166,323.1493149830594,-0.03630890815958761,323.9978332519531,334.9855691129409,313.01009739096537,0.06782598359195366,-0.05382764626282085,320.151444120335,320.4488159322458,-0.2973718119108071,1.7817478040350136,-2.079119615945821,-2.215310585051281,0.057518659326515655
2021-12-04 00:00:00-05:00,320.4962976310111,321.1817382170732,307.0196094538932,311.82720947265625,41779300.0,0.0,-0.12917541045480627,0.0,-0.03029133717333876,0.00983304432568594,0.15609473949863883,0.010014222843861848,0.15897085931064275,0.010483795683835975,0.16642509705265396,36.07126370342488,14.162128763179965,7.344256165677068,1.5429210111287535,322.21778774309564,-0.033321589504685376,323.36574401855466,335.6207577425358,311.11073029457356,0.07579661080784066,0.029232083872768645,318.8707926360767,319.81017841672065,-0.9393857806439314,1.2375210870992248,-2.1769068677431562,-1.8830716645089267,0.024302892825862395
2021-12-05 00:00:00-05:00,320.4962976310111,321.1817382170732,307.0196094538932,311.82720947265625,41779300.0,0.0,-0.12917541045480627,-0.00974904419710132,-0.057015300637020316,0.008551292021439005,0.13574755246211054,0.010014222843861848,0.15897085931064275,0.010483795683835975,0.16642509705265396,36.07126370342488,14.162128763179965,7.831247065498704,1.4746917408466453,321.4036887400842,-0.030710851960683988,322.7649749755859,336.0558297240013,309.47412022717054,0.08235623923829218,0.0885228711782535,317.787164457089,319.218847383827,-1.4316829267380058,0.7036802843317786,-2.1353632110697847,-1.6459085152869843,-0.006766561561229007
2021-12-06 00:00:00-05:00,312.73471501105405,316.11354341449044,308.1781223856923,314.89715576171875,30032600.0,0.00979687726684423,0.8674559639444899,-0.02606574659105787,-0.047731593858039156,0.010788820758480745,0.1712672199995478,0.010333876177346806,0.16404519866756673,0.010117884058788992,0.16061643008244297,42.77294227240077,7.935421028798146,7.838688062877235,1.0432274935251158,320.8555695951888,-0.01892177723567231,322.1519577026367,335.71789712195476,308.58601828331865,0.08422074797285656,0.23260967351118217,317.3425477347243,318.89872207848566,-1.55617434376137,0.2517093587131489,-1.807883702474519,-1.0695613059552718,0.1639268135521254
2021-12-07 00:00:00-05:00,320.1584165809555,324.17436868608456,318.6717241569849,323.3248596191406,31021900.0,0.02641147925146929,2.5316838936753845,-0.0001494862401407726,-0.022245697993624303,0.016842138289711428,0.2673606567668109,0.011748150147661647,0.18649610193455682,0.0103356014142926,0.1640725859550341,56.31258001043128,9.277212924365813,7.941439838697848,1.0556483511098687,320.7744108635663,0.007888192570712407,321.94922943115233,335.3058141866396,308.59264467566504,0.0829732363645464,0.5514963298317387,318.2629034092499,319.22658411853416,-0.9636807092842901,0.00863134511366112,-0.9723120543979512,0.20598531932695507,0.7026231367575988
2021-12-08 00:00:00-05:00,323.70142498514247,323.8848494624371,319.3475536468009,323.3731994628906,24761000.0,0.00014949741432237823,-0.12940753577351713,0.005613953238535974,-0.013052384549834928,0.01150205070185209,0.18258939434613938,0.011745928205437831,0.1864608296952462,0.010212782091509134,0.16212288964936358,56.376334158126504,4.537295815636185,7.698286694193444,0.8393143932537576,320.55298072070053,0.008721250700040567,321.64513397216797,334.5515353175732,308.7387326267627,0.08025242717660412,0.566946062053845,319.0491028021177,319.53374081070876,-0.4846380085910482,-0.09002252562728075,-0.39461548296376747,0.2677842482153797,0.6820504569139091
2021-12-09 00:00:00-05:00,322.832576975175,324.84055346464856,320.62184956942644,321.56793212890625,22214200.0,-0.005598253733173206,-0.7120175345805928,-0.0275587550035723,0.014497193585326862,0.012606320179617374,0.20011912885753605,0.01168330110565517,0.1854666553070973,0.010247216431565625,0.16266951785146422,53.25097063141569,4.21870389522212,7.449745065695493,0.7526665311377652,320.1938510791168,0.004273066162699953,321.161962890625,333.2552271658879,309.06869861536205,0.0753094430387537,0.5167849320514599,319.43661500623904,319.68442164909374,-0.2478066428546981,-0.12157934907276421,-0.1262272937819339,0.06713972820583998,0.5291184169733446
2021-12-10 00:00:00-05:00,323.38282488539363,331.1251576149035,323.1994004295398,330.6810913085937,38095700.0,0.02794562177079878,2.7053895718133916,0.0,0.023577088855673445,0.015137742513427145,0.24030421260874837,0.013247385543569957,0.21029572602046992,0.01075314269338996,0.17070084827460666,64.07736816775522,9.557225485997265,7.600279381431334,1.2564290005331356,320.4529119049509,0.030930644879533786,321.1344497680664,333.1333925098504,309.1355070262824,0.0747284680945941,0.8978117800030392,321.1665344373705,320.4989897720197,0.6675446653508175,0.03624545381195213,0.6312992115388654,1.5912471200121576,1.1816181900488631
2021-12-11 00:00:00-05:00,323.38282488539363,331.1251576149035,323.1994004295398,330.6810913085937,38095700.0,0.0,-0.14236231546317396,0.0,0.05429353506893464,0.01605834339540934,0.25491829855157805,0.013247385543569957,0.21029572602046992,0.01075314269338996,0.17070084827460666,64.07736816775522,7.925757185363693,7.623527795997932,1.2238705467849211,320.69854639326434,0.030187831048415107,321.1069366455078,333.0105427591841,309.2033305318315,0.0741410711212228,0.9021535395095927,322.6303124175587,321.2532195154696,1.377092902089089,0.3044149434673795,1.0726779586217094,1.6086141580383682,1.1721402139484793
2021-12-12 00:00:00-05:00,323.38282488539363,331.1251576149035,323.1994004295398,330.6810913085937,38095700.0,0.0,-0.14236231546317396,0.009251586351476604,0.0578752497450683,0.01333321772361984,0.211658269637861,0.013247385543569957,0.21029572602046992,0.01075314269338996,0.17070084827460666,64.07736816775522,7.925757185363693,7.645115609524058,1.2101379713002922,320.9394999721375,0.029459172575928307,321.2377471923828,333.51493580902735,308.9605585757383,0.07643677446967014,0.8845890297477498,323.8688937854102,321.95158038903435,1.917313396375846,0.6269946340490729,1.2903187623267731,1.5383561189909973,1.159572930474896
2021-12-13 00:00:00-05:00,328.8854954268182,331.88784112335867,327.3408822668036,327.6498107910156,28899400.0,-0.009209052561891537,-1.0787256996706378,0.03368458205901037,0.04817794101208195,0.014684871495839013,0.23311510807758662,0.013233399321015993,0.21007370162051597,0.010838153094585712,0.1720503465571134,58.45352382959166,4.546958856555079,7.423818698597703,0.9202443633862512,321.003614567366,0.020284450058445917,321.3207702636719,333.7547088896788,308.88683163766495,0.07739268529577956,0.7545066658969138,324.45057332473414,322.37367152992186,2.0769017948122723,0.9169760662017128,1.1599257286105595,1.0180266635876574,0.8857428393310145
2021-12-14 00:00:00-05:00,321.68377419361184,323.05462611476247,312.8891511907512,316.97271728515625,44438700.0,-0.033129683185537724,-3.4513634536795537,-0.018855266500141132,0.014021065230751528,0.021919785510067506,0.34796580750909434,0.015037228547059585,0.23870860285896472,0.011693244166259989,0.18562449650088444,43.85372893350918,14.760659600264432,7.94787876300247,1.3655412605875563,320.5550749217192,-0.011301785425715949,320.8588348388672,333.21395572831625,308.50371394941817,0.07701281403489285,0.3427325159954685,323.3001339340299,321.9736008451244,1.326533088905478,0.998887470742466,0.3276456181630121,-0.6290699360181252,-0.06639884902156512
2021-12-15 00:00:00-05:00,317.23327921657545,323.585491540492,313.2655844150515,323.0641784667969,35381100.0,0.019035293602138317,1.7882371443631075,0.030008923165329104,0.0460754065583131,0.018948053174518996,0.30079101917163126,0.015679974507384092,0.24891187866222494,0.011829462293091491,0.18778689222681572,51.32351829938391,10.319907125440523,8.117309360319474,1.0647686005950843,320.50429223063065,0.007923769971387636,320.7014724731445,332.84795440135935,308.5549905449297,0.07574946154468916,0.5972588609449158,323.26383309291714,322.0543843726557,1.2094487202614346,1.0409997206462598,0.1684489996151748,0.38903544377966354,0.45024804955175
2021-12-16 00:00:00-05:00,324.08757603047445,325.10124228323565,311.83690659632845,313.6518249511719,35034800.0,-0.0295674654713284,-3.0158205971042467,0.003397265142007555,-0.007302276964374577,0.021563240709240344,0.34230583426364397,0.016915284440597658,0.26852181591445035,0.01221237111575412,0.1938653813442828,42.020741833198336,13.264335686907202,8.484954097932883,1.0374598124536754,320.2290805285573,-0.02096992605864588,320.4707489013672,332.9818272817031,307.9596705210313,0.07807937806009557,0.2274845643636582,321.7850626095717,321.4319725636569,0.3530900459147688,0.9034177856999617,-0.5503277397851929,-1.0900617425453687,-0.47769851305104316
2021-12-17 00:00:00-05:00,309.7709825901244,313.67112406852533,306.2666502470529,312.5898742675781,47750300.0,-0.0033915074733179154,-0.4295642776700158,0.0,-0.02821115416175579,0.02119770286240157,0.33650310083853946,0.016099753646577585,0.25557566590949743,0.012216435010596034,0.19392989367491895,41.11523905550559,7.404473821472436,8.407776935328565,1.3663850500387091,319.77518421005635,-0.0229863809866329,320.18692779541016,333.15767322977933,307.216182361041,0.08101983128216336,0.20714661056789493,320.37041824926496,320.7770023195029,-0.4065840702379546,0.6414174145123784,-1.048001484750333,-1.171413557728422,-0.6323234127066514
2021-12-18 00:00:00-05:00,309.7709825901244,313.67112406852533,306.2666502470529,312.5898742675781,47750300.0,0.0,-0.09466414253214127,0.0,-0.032537534590534434,0.02181084513948468,0.3462364327393101,0.016099753646577585,0.25557566590949743,0.012216435010596034,0.19392989367491895,41.11523905550559,7.404473821472436,8.336112427195985,1.3218771367905855,319.3508578549664,-0.0216289270509155,319.9031066894531,333.2924695942149,306.51374378469137,0.08370886449539558,0.22690140397665434,319.1734114828516,320.1705483897307,-0.9971369068791205,0.3137065502340786,-1.310843457113199,-1.0923943840933816,-0.685419110126338
2021-12-19 00:00:00-05:00,309.7709825901244,313.67112406852533,306.2666502470529,312.5898742675781,47750300.0,0.0,-0.09466414253214127,0.012159817167955111,-0.032537534590534434,0.017387538429668326,0.2760186155788856,0.016099753646577585,0.25557566590949743,0.012216435010596034,0.19392989367491895,41.11523905550559,7.404473821472436,8.269566812501447,1.2876795593817452,318.69892610245273,-0.01954334525130918,319.28381500244143,332.83013379295465,305.7374962119282,0.08485440322372521,0.2529239921789227,318.16055960357875,319.60901697327495,-1.4484573696962002,-0.038726233751977146,-1.409731135944223,-0.9883040312843094,-0.7492049565761834
2021-12-20 00:00:00-05:00,308.9696409594906,311.62443410133017,306.5755190902784,308.8345031738281,28326500.0,-0.01208648049961363,-1.2791427909040602,-0.022548942148750806,-0.04416036973642523,0.01251001371909223,0.19859031119234571,0.015470511377552596,0.24558675455999668,0.012270444123090576,0.19478726175607017,37.542120461428524,6.014355177299706,8.108480267129893,0.7791748390879419,318.2883196699179,-0.03061127043427741,318.76829833984374,333.0989187013083,304.43767797837916,0.08991245638979124,0.153406659465774,316.7257816913094,318.8109048399826,-2.0851231486731763,-0.44800561673621697,-1.6371175319369593,-1.3863733621369014,-1.2185476124675387
2021-12-21 00:00:00-05:00,312.09752764718075,316.38381472096694,308.7283333654757,315.95904541015625,24740600.0,0.02280705707046921,2.133998971430446,-0.017736973116227572,-0.02210998434559308,0.012913211599534862,0.20499087911714306,0.015965411780994584,0.2534430549075149,0.012580841940516337,0.19971467435050494,46.959701398912955,7.655481355491247,8.076123202012848,0.6886806226423734,318.19121863594546,-0.007064754936487282,318.63362884521484,333.01934903141944,304.24790865901025,0.09029630826062529,0.4070403358177567,316.6078222634397,318.5996559933288,-1.9918337298890947,-0.7567712393667926,-1.235062490522302,-0.37183865672897237,-0.4646709366644753
2021-12-22 00:00:00-05:00,316.9340160008676,322.06017778513547,314.47231054235743,321.6643981933594,24831500.0,0.01789615834210176,1.6388321095314018,-0.0044519758045244995,-0.02701148130807307,0.014341668688415023,0.2276669324113682,0.0164565397993408,0.26123947049815527,0.012750282417764576,0.20240445853946656,53.06316238285753,7.587867242778032,8.041247776353218,0.6969676301528773,318.3169334277995,0.010406699604808793,318.8127075195313,333.258601376272,304.36681366279055,0.09062307440085796,0.5987024652855749,317.3857570218889,318.8266739340718,-1.4409169121828995,-0.893600373930014,-0.5473165382528855,0.39480986114229893,0.1853132521444741
2021-12-23 00:00:00-05:00,321.23000578456225,324.74400105600773,321.2107088019103,323.10284423828125,19617800.0,0.004461915360218167,0.33521777941333397,0.0,-0.01922352403452321,0.014031986801514334,0.22275088486168548,0.016470579885508204,0.26146234995646445,0.012698609564963041,0.20158417743118992,54.485223884807674,3.5332922540974323,7.7192509533349485,0.5683051497783811,318.84565143171955,0.01317596821717273,319.3764892578125,333.5520752191931,305.20090329643193,0.08877037877348282,0.6314356595424225,318.26530890133387,319.14342728993915,-0.8781183886052872,-0.8905039768650688,0.012385588259781533,0.5257426381696895,0.34041755055988515
2021-12-24 00:00:00-05:00,321.23000578456225,324.74400105600773,321.2107088019103,323.10284423828125,19617800.0,0.0,-0.09925325844817803,0.0,-0.021231301010114056,0.014031986801514334,0.22275088486168548,0.015783962542273884,0.2505626375400931,0.012673483735440184,0.2011853172527798,54.485223884807674,3.5332922540974323,7.420253903389412,0.5871525474862743,319.4094384773299,0.01143105307431941,319.9402709960938,333.74367619460486,306.1368657975827,0.08628738830242233,0.6145577195157833,319.0095451070181,319.4367174342608,-0.42717232724271526,-0.7978376469405981,0.37066531969788286,0.458230878063134,0.310054860195427
2021-12-25 00:00:00-05:00,321.23000578456225,324.74400105600773,321.2107088019103,323.10284423828125,19617800.0,0.0,-0.09925325844817803,0.0,-0.013644904548646197,0.010634439533401971,0.16881649402761228,0.015783962542273884,0.2505626375400931,0.012673483735440184,0.2011853172527798,54.485223884807674,3.5332922540974323,7.142613785582842,0.6072929450618405,320.01190335988457,0.009566430421507458,320.504052734375,333.824868118487,307.183237350263,0.083124161897272,0.59754626233338,319.6392834349047,319.7082823827068,-0.06899894780207205,-0.6520699071128929,0.5830709593108209,0.3901850493335208,0.2772074843221817
2021-12-26 00:00:00-05:00,321.23000578456225,324.74400105600773,321.2107088019103,323.10284423828125,19617800.0,0.0,-0.09925325844817803,-0.02266038900712941,-0.004846603490911816,0.007749265774117679,0.12301578048995886,0.015783962542273884,0.2505626375400931,0.012673483735440184,0.2011853172527798,54.485223884807674,3.5332922540974323,6.8848051047624566,0.6172429899117278,320.34894989330195,0.008523274846037456,320.9143371582031,334.0116196349827,307.81705468142354,0.08162478867575763,0.5835481361861963,320.17213894311647,319.9597314090456,0.21240753407084867,-0.47917441887614465,0.6915819529469933,0.33419254474478505,0.2502641893243937
2021-12-27 00:00:00-05:00,323.8462152014172,330.6231984892731,323.8172549933941,330.59423828125,19947000.0,0.022921081411055432,2.114624996010505,0.003516551395184697,0.01822681217035771,0.009941314793562984,0.15781347989265046,0.01636988909600995,0.25986393322650164,0.012947721136681484,0.2055387010360425,62.453763916427114,7.520354250991829,6.9302014723502685,0.6387291381143289,320.5283403252541,0.030447892886240963,321.2778060913086,335.04318610766063,307.5124260749566,0.0856914468124813,0.8384008352429906,321.7755388412908,320.74747265883855,1.028066182452278,-0.1777262986104601,1.2057924810627383,1.3536033409719626,1.5133567801922472
2021-12-28 00:00:00-05:00,331.2699756899296,331.90712970709734,328.53796461701063,329.4357604980469,15661500.0,-0.0035103827855856523,-0.4503054598491257,-0.0020471300289033323,0.014658712658721429,0.010751089667189503,0.1706682574940376,0.015443790573975272,0.24516257495341226,0.012949935817502515,0.20557385800415748,60.68441585208071,3.3691650900867103,6.675841730760014,0.5089161465479635,320.64054786895207,0.026697807839070192,321.58093414306643,335.80012671493006,307.3617415712028,0.08843305720069666,0.7762050768804997,322.95403448079173,321.39104953581693,1.5629849449748008,0.1704159501065921,1.3925689948682087,1.1048203075219984,1.265216014811635
2021-12-29 00:00:00-05:00,329.48402148531875,332.38016007251247,327.9201113620014,330.1115417480469,15042000.0,0.0020492282636428833,0.09199135570499255,0.007750959413901581,0.021508818640195493,0.010604154898114925,0.16833574034651738,0.01544479012594827,0.2451784423490705,0.011911566381800019,0.18909025422888182,61.37189755531963,4.460048710511046,6.517570800742232,0.49454860603673473,320.8408752180816,0.028083436528375024,322.00811462402345,336.73011578534545,307.28611346270145,0.09143869668322738,0.7752148649910771,324.0551894449848,322.03701192190806,2.0181775230767585,0.5399682647006254,1.478209258376133,1.1008594599643082,1.3333269343922023
2021-12-30 00:00:00-05:00,330.072869357275,331.250633386475,327.0898505902694,327.5725402832031,15994500.0,-0.007721075050310439,-0.8613986513497482,0.008920013794533554,0.03133634185889833,0.011871835228734497,0.18845954172700255,0.015496871195686216,0.2460052037003154,0.011955710238198908,0.18979101622453867,57.31663834506949,4.160782796205581,6.349228800418185,0.5456907929583729,320.3850662045108,0.0219416257311385,321.8526870727539,336.25123535698185,307.45413878852594,0.08947291020113934,0.6986260384567626,324.5963203431723,322.44705105978176,2.149269283390538,0.8618284684386079,1.28744081495193,0.7945041538270519,0.8721542387622927
2021-12-31 00:00:00-05:00,326.7906054612649,327.6111544209489,324.2226926014007,324.6764221191406,18000800.0,-0.008880465478511177,-0.9668583280975082,0.0,0.06302557407044196,0.012996682079212124,0.20631593190339087,0.014320043106461308,0.22732363694052876,0.011695528103849509,0.18566075288611564,53.013607715834475,3.3884618195481835,6.137745444641757,0.6359401126482513,319.828667281446,0.014931034431307607,321.5524536132813,335.4163891899376,307.68851803662494,0.08623125353806164,0.612665284997407,324.6086436933213,322.6121896567713,1.9964540365500056,1.0887535820608876,0.9077004544891181,0.45066113998962876,0.36038545815538564
2022-01-01 00:00:00-05:00,326.7906054612649,327.6111544209489,324.2226926014007,324.6764221191406,18000800.0,0.0,-0.10029702885141414,0.0,0.0714922943981049,0.00473676050497633,0.07519374189744059,0.014320043106461308,0.22732363694052876,0.011695528103849509,0.18566075288611564,53.01360771583446,3.3884618195481835,5.941368042849359,0.659344241698996,319.231314715294,0.016770874116164007,321.2522201538086,334.53153308308276,307.9729072245344,0.08267219397217751,0.6289299372478601,324.6190711434474,322.765095765095,1.853975378352402,1.2417979413191906,0.6121774370332114,0.5157197489914394,0.3497727152770363
2022-01-02 00:00:00-05:00,326.7906054612649,327.6111544209489,324.2226926014007,324.6764221191406,18000800.0,0.0,-0.10029702885141414,0.00469019242103208,0.0709464203512693,0.005008069614916653,0.07950064049741085,0.014320043106461308,0.22732363694052876,0.011695528103849509,0.18566075288611564,53.01360771583446,3.3884618195481835,5.759017598327847,0.6727728051902863,318.95983829290424,0.0176070186708497,321.10355072021486,334.1457467132857,308.061354727144,0.08123358314673268,0.6369735357766435,324.6278943704771,322.90667549502433,1.7212188754527915,1.3376821281459108,0.3835367473068807,0.5478941431065735,0.34141819090527975
2022-01-03 00:00:00-05:00,323.7399695838111,326.2982189585862,318.36279955576714,323.1607360839844,28865100.0,-0.004679227739503099,-0.5541564304092373,0.017446123833033678,0.06594692416632197,0.004177278410270715,0.06631223898393333,0.014221972244637773,0.22576681027304765,0.011677861083643541,0.18538029763488037,50.53377442542342,7.935419402819036,5.914474870077218,1.1111596574799187,319.36319653018404,0.011751240574020147,321.41295166015624,334.3355822416954,308.49032107861706,0.0804113867520985,0.567624947289175,324.4021777110167,322.92549479791023,1.4766829131064583,1.3654822851380204,0.11120062796843788,0.2704997891566998,0.08536690544664653
2022-01-04 00:00:00-05:00,323.2379929252775,323.5952080741863,314.82954604404773,317.6195068359375,32674300.0,-0.017295687382892146,-1.7661045060703109,0.039920473394727596,0.047669158294663116,0.007236845635263552,0.11488136296482362,0.01275876099845247,0.20253905183529233,0.011797181247817616,0.18727444651968037,42.67445926298279,8.765662030138571,6.118131095795886,1.2643818046626603,318.99960660696337,-0.004345135425636002,321.1407180786133,334.146018711792,308.1354174454346,0.08099440463974479,0.3646239967074424,323.3586898840814,322.5324586525789,0.8262312315025042,1.2576320744109173,-0.4314008429084131,-0.5415040131702296,-0.8396392736862022
2022-01-05 00:00:00-05:00,314.5785047925629,314.78125567055275,305.0405814422899,305.4267272949219,40054300.0,-0.03914424233977804,-3.8276848306060893,0.007964738134420557,0.006713891708445274,0.0166297730055385,0.2639894623926602,0.014621491096321559,0.23210897542687203,0.012771238635100208,0.20273712817641076,31.182478592211538,12.57892539364758,6.579616402785293,1.535053916573315,318.31687083463055,-0.042203718233414046,320.7294631958008,335.172586754745,306.2863396368566,0.09006421433834329,-0.029758533132620155,320.5999264088261,321.2653674409006,-0.6654410320745114,0.8730174531138316,-1.5384584851883432,-2.119034132530482,-2.678840768665022
2022-01-06 00:00:00-05:00,302.30856806148427,307.66644167118665,300.7060346434731,303.0133056640625,39646100.0,-0.007933187027788597,-0.8434426571355627,-0.0005094521441634248,-0.0034921942493407743,0.015512880802303728,0.24625934832650287,0.013337627776671482,0.21172827705972044,0.012759232267635898,0.20254653300165185,29.48965495670832,6.960407027713529,6.60681573313731,1.5433776551432037,317.6681974701234,-0.04836385575195874,320.250634765625,336.36791501560543,304.1333545156446,0.10065416583343118,-0.034746831792028726,317.8942924480932,319.9133628648386,-2.0190704167453646,0.2945998791419924,-2.313670295887357,-2.138987327168117,-2.798952517984556
2022-01-07 00:00:00-05:00,303.27393271968896,305.54258020265945,299.35449471125537,303.1677551269531,32720000.0,0.0005095819589985591,-0.03681393361927231,0.0,-0.013290609237514683,0.015627545822647096,0.24807959909394314,0.013339226649225213,0.21175365837465202,0.012760785586239822,0.20257119117004885,29.752481940257724,6.188085491404081,6.576906430156366,1.3121399209547984,317.20308754522046,-0.04629559767129575,319.77952880859374,337.32700211001145,302.232055507176,0.10974732101704279,0.026661947384228217,315.628671321764,318.67294747684707,-3.0442761550830824,-0.3731753277030226,-2.6711008273800596,-1.8933522104630875,-2.5673694016216895
2022-01-08 00:00:00-05:00,303.27393271968896,305.54258020265945,299.35449471125537,303.1677551269531,32720000.0,0.0,-0.0855457638905417,0.0,0.030314957404173226,0.0164232870140298,0.26071159889615647,0.013339226649225213,0.21175365837465202,0.012760785586239822,0.20257119117004885,29.752481940257724,6.188085491404081,6.549133505959775,1.3529130840174737,316.70907216213084,-0.04466608604040761,319.3084228515625,338.12841064438663,300.4884350587384,0.11787968275157593,0.0711828322555112,313.7116072917931,317.52441471018824,-3.8128074183951526,-1.0611017458414487,-2.7517056725537037,-1.7152686709779532,-2.3937621832197085
2022-01-09 00:00:00-05:00,303.27393271968896,305.54258020265945,299.35449471125537,303.1677551269531,32720000.0,0.0,-0.0855457638905417,-0.0007318832000516862,0.01237912637545846,0.017042255983969218,0.27053742667850955,0.013339226649225213,0.21175365837465202,0.012760785586239822,0.20257119117004885,29.752481940257724,6.188085491404081,6.52334436206294,1.3407349661589398,316.25830961923384,-0.043179244068350796,319.02508544921875,338.66191592017447,299.38825497826303,0.12310524386071474,0.0962349844156429,312.08947618951004,316.46095844476343,-4.371482255253397,-1.7231778477238384,-2.648304407529559,-1.6150600623374278,-2.255486452516378
2022-01-10 00:00:00-05:00,298.77528825214137,303.82423357931884,294.1414784951119,303.3898010253906,44289500.0,0.0007321511573112176,-0.016290466494219724,-0.002254028929932872,0.013120612331249726,0.00370054267702943,0.05874429383640651,0.013120007426988644,0.20827366110679424,0.012753567167672081,0.20245660232771237,30.219529820574763,9.682755084206917,6.749016556501796,1.7449197205733047,315.15016900746116,-0.03876322784194816,318.3966232299805,339.2155746129553,297.57767184700566,0.13077369459372143,0.13958746219893584,310.75106462579936,315.4927245618469,-4.74165993604754,-2.3268742653885788,-2.4147856706589614,-1.4416501512042577,-2.1061370033652222
2022-01-11 00:00:00-05:00,302.53058247531004,305.6487388904273,299.1614180041006,304.0751953125,29386800.0,0.0022565730769142896,0.12312843063330985,-0.010337195698336021,0.01540937443695567,0.0009273904109414405,0.014721866373702276,0.011984779666468725,0.19025247909227927,0.012757755042589546,0.2025230827810331,31.72840351628048,6.4873208863267,6.730324008632147,1.1474855167380686,314.1989367533814,-0.03329354579704268,317.5171630859375,339.222085839455,295.81224033242,0.13671653237619139,0.19034748646458322,309.72400780836864,314.6469816544879,-4.922973846119248,-2.8460941815347125,-2.0768796645845358,-1.2386100541416658,-1.920657402737687
2022-01-12 00:00:00-05:00,308.602867078053,312.21337685592107,306.1025083336208,307.2513122558594,34372200.0,0.010390995586931068,0.8985229076371715,0.0441929174384279,0.026015497423346412,0.004410146714047288,0.07000890870406684,0.01146802965614426,0.18204932698842768,0.012700792878837065,0.20161883646445788,38.37800251075764,8.13818154342107,6.8308852611170705,1.3045738193688916,313.4142685282891,-0.02005835622696248,316.7245864868164,338.72634118606015,294.72283178757266,0.13893303922687142,0.2847154838226914,309.3435931079826,314.0991542916265,-4.75556118364392,-3.2279875819565538,-1.527573601687366,-0.8611380647092342,-1.4852821611122837
2022-01-13 00:00:00-05:00,309.37515937724777,309.7709684945666,293.4753583562799,294.2476501464844,45366000.0,-0.043244259207883315,-4.09926052595011,-0.017408105065176538,0.007103795570789551,0.021244344944823256,0.33724352094284726,0.014428811755345794,0.22905028571286187,0.013768871836233185,0.2185740642755656,26.84815212035781,16.29561013828669,7.506937038057758,1.6416219149252222,311.49715883719335,-0.05862241782431129,315.2818267822266,339.2215147315031,291.34213883295007,0.1518621494527959,0.06068398468038749,307.0211403446752,312.6286725030975,-5.607532158422316,-3.7038964972497066,-1.9036356611726095,-1.7572640612784496,-2.746494662066808
2022-01-14 00:00:00-05:00,293.7166743042593,300.0592238570092,293.2339846176459,299.460693359375,39846400.0,0.017561407872262923,1.55085793411654,0.0,0.022648759760401926,0.023779174441821774,0.3774826917329014,0.015188797398650693,0.24111468378584708,0.013860182321245728,0.2200235732881809,35.246859900634135,6.825239239363327,7.4582443381510135,1.3909791824736846,310.26263996995976,-0.03607133373468026,314.09971923828124,338.7379800902386,289.4614583863239,0.1568817757093654,0.20292087645984824,305.857994654629,311.65326664059955,-5.795271985970544,-4.122171594993874,-1.6731003909766695,-1.1883164941606077,-2.0603009261464447
2022-01-15 00:00:00-05:00,293.7166743042593,300.0592238570092,293.2339846176459,299.460693359375,39846400.0,0.0,-0.07803541547115939,0.0,0.028514313756605736,0.0237568421374087,0.3771281773908215,0.015188797398650693,0.24111468378584708,0.013860182321245728,0.2200235732881809,35.246859900634135,6.825239239363327,7.413029688237608,1.3435420282573933,309.1123237459084,-0.032230040872010916,312.91761169433596,338.00170507556606,287.83351831310586,0.1603239475426697,0.2317639084968786,304.8737944553592,310.75011306421254,-5.876318608853353,-4.47300099776577,-1.4033176110875827,-1.0729443660124844,-1.956418973213349
2022-01-16 00:00:00-05:00,293.7166743042593,300.0592238570092,293.2339846176459,299.460693359375,39846400.0,0.0,-0.07803541547115939,0.0,0.04786683296883543,0.023662595059156376,0.3756320514057209,0.015188797398650693,0.24111468378584708,0.013860182321245728,0.2200235732881809,35.24685990063415,6.825239239363327,7.37104465617516,1.299931376343907,307.7860415474419,-0.02780113842211636,311.3609344482422,335.6786404135077,287.04322848297664,0.1562026784661252,0.25531735793941623,304.0410096713616,309.9138597527431,-5.8728500813815,-4.752970814488917,-1.1198792668925837,-0.9787305682423344,-1.8636980171212432
2022-01-17 00:00:00-05:00,293.7166743042593,300.0592238570092,293.2339846176459,299.460693359375,39846400.0,0.0,-0.08653585042672193,0.024946166116698976,0.04786683296883543,0.022619390079912937,0.3590716857564663,0.013960157147801442,0.2216106244587803,0.013860837992706258,0.22003398174993885,35.24685990063415,6.825239239363327,7.332058554974315,1.250595538124797,306.7333714536154,-0.024285918838478922,309.86218109130857,333.16299463010495,286.5613675525122,0.15039469132201205,0.2767999019730607,303.3363456233637,309.1395511310121,-5.803205507648443,-4.963017753120822,-0.8401877545276202,-0.8928003921077573,-1.7829533238157504
2022-01-18 00:00:00-05:00,293.5429710843101,299.0745771307378,291.2936202020948,292.172119140625,42333200.0,-0.024640090349345698,-2.357781838407924,-0.0022414897798987976,0.022362800710771014,0.015045892709952578,0.2388461421809652,0.014615457219433805,0.23201319060075257,0.014090289648782383,0.22367641386927492,28.98799785461597,8.167073157280186,7.39170245513902,1.274079424555701,305.27658418444,-0.04485186705137916,307.9652099609375,330.48929893897196,285.44112098290304,0.1462768406917874,0.14941776700238668,301.61877231832693,307.8827043169094,-6.26393199858245,-5.223200602213148,-1.040731396369302,-1.4023289319904522,-2.3491194978535024
2022-01-19 00:00:00-05:00,295.68603516166604,303.04222074165364,292.2203269969151,292.8284912109375,45933900.0,0.002244005678392352,0.11982890547791294,0.005735648667464233,0.023483777158510577,0.011312080845172401,0.17957371636190114,0.014620692444436763,0.23209629722124434,0.014096102939516507,0.2237686969987634,30.190216430705192,10.870101601028637,7.640159536988278,1.3228487821061663,303.93973316169195,-0.03794453847303581,306.2280075073242,327.72050157157014,284.7355134430783,0.1403692251351757,0.18827451443437604,300.2664213787285,306.7675774201707,-6.5011560414421865,-5.478791690058956,-1.0223643513832306,-1.2469019422624958,-2.168355970386375
2022-01-20 00:00:00-05:00,298.36989546394483,300.86056199781444,290.7144419109229,291.15850830078125,35380700.0,-0.005719262461801419,-0.6229710498544879,0.018815994054127927,0.0454438616505457,0.011031602650300615,0.1751212630510588,0.014613427246803232,0.23198096578425997,0.014066226882566835,0.22329442929769916,28.85185905717634,10.146120086891528,7.819156719124225,0.9940502856433237,302.78009772618384,-0.0399149916422738,304.55211181640624,325.19814091106235,283.9060827217501,0.13558289891026729,0.17563729920608068,298.8652039821212,305.6113500779937,-6.7461460958724615,-5.732262571221657,-1.0138835246508044,-1.2974508031756788,-2.199736144407265
2022-01-21 00:00:00-05:00,292.2106800557735,293.58150224513423,285.37577770702404,285.78125,57984400.0,-0.018641162914472896,-1.8286314510513813,0.0,-0.0022917135006536027,0.011780686370710308,0.18701259846328533,0.014875473407112628,0.23614081961744815,0.01418907158431023,0.2252445284818687,25.00760926337304,8.20572453811019,7.846768706194651,1.542481048647911,300.94482376806513,-0.053060072233798175,302.6073532104492,322.58862668023676,282.6260797406617,0.1320607266003315,0.07895318244127582,296.8522879848718,304.14245377592005,-7.290165791048253,-6.0438432151869765,-1.2463225758612761,-1.684187270234896,-2.4993282822383778
2022-01-22 00:00:00-05:00,292.2106800557735,293.58150224513423,285.37577770702404,285.78125,57984400.0,0.0,-0.0683759313951376,0.0,-0.012706794852168746,0.011780686370710308,0.18701259846328533,0.014875473407112628,0.23614081961744815,0.01418907158431023,0.2252445284818687,25.00760926337304,8.20572453811019,7.872408408474333,1.4645918593512512,299.2948979552094,-0.04728668502642991,300.6625946044922,319.1123890751591,282.2128001338253,0.122727567723792,0.09670703573007679,295.1490513718146,302.78236460733336,-7.633313235518756,-6.361737219253333,-1.2715760162654233,-1.6131718570796914,-2.3415654240407227
2022-01-23 00:00:00-05:00,292.2106800557735,293.58150224513423,285.37577770702404,285.78125,57984400.0,0.0,-0.0683759313951376,-0.0011474908690317642,-0.0396743674394513,0.008476604204293232,0.13456192012130663,0.014875473407112628,0.23614081961744815,0.01418907158431023,0.2252445284818687,25.00760926337304,8.20572453811019,7.896216703448323,1.4126415244651287,297.5012490819785,-0.041010384977945444,298.79362030029296,315.09539675665724,282.4918438439287,0.10911729935853852,0.10089103371268243,293.7078511607662,301.5230227845679,-7.815171623801689,-6.652424100163004,-1.1627475236386848,-1.5964358651492692,-2.206332455341249
2022-01-24 00:00:00-05:00,282.0839415201582,286.8239296088177,266.49303682458367,286.10955810546875,85731500.0,0.0011481497407600904,0.035202252157260035,0.027314925559088987,-0.03857113659747324,0.008272835331708712,0.13132718955053876,0.014956968341525576,0.23743451159485723,0.01416495227837371,0.2248616463700476,25.76190108028827,20.330892784234038,8.784407852075875,1.9618349346047395,295.63169549941796,-0.03328143756189738,297.2181228637695,311.86577534834623,282.5704703791928,0.0985650023184522,0.12080733516863729,292.53888299841276,300.3812846601902,-7.842401661777444,-6.890419612485893,-0.9519820492915514,-1.516770659325449,-2.0653511867887038
2022-01-25 00:00:00-05:00,281.4273871708722,284.77725480885573,275.2972516566814,278.5022888183594,72848600.0,-0.026948530054121508,-2.5875455702917782,-0.02770373716571184,-0.06413424016078173,0.013038637983074728,0.20698196122929918,0.015467568450195096,0.24554003703650984,0.0144968044947634,0.23012963698960393,20.59323342652283,10.812306448787353,8.92925775184098,1.6067406325606899,293.8229070022782,-0.05501074425248629,295.8719009399414,312.19614944307114,279.54765243681163,0.11034673080660937,-0.03201873636792025,290.37940697071224,298.76061830153606,-8.381211330823817,-7.188577956153478,-1.192633374670339,-2.128074945471683,-2.462269416836737
2022-01-26 00:00:00-05:00,297.32716040257384,297.8195132718196,282.88509436140055,286.43768310546875,90428900.0,0.028094723808296723,2.5210693132917985,-0.010439004559196774,-0.04588760958809768,0.019466652404528963,0.30902352672792704,0.015277912025924956,0.24252933463752258,0.01499660773317449,0.23806376742940671,35.19851850375311,19.3172244534602,9.67125537338521,1.8887160323823813,292.7449690658001,-0.022019749259069892,295.0431198120117,311.5231071345414,278.563132489482,0.11171239873703909,0.23891252043687897,289.7729879145209,297.8478082870126,-8.074820372491672,-7.365826439421117,-0.7089939330705555,-1.044349918252486,-1.797271106210331
2022-01-27 00:00:00-05:00,292.1817275159188,296.66107253209896,287.615472429576,289.4593505859375,53481300.0,0.010493873150310945,0.8973558027238354,-0.027314654295878094,-0.02888992387462619,0.019964147254962015,0.3169210126446138,0.015511217411302954,0.2462329428129762,0.015077959129668599,0.23935518081299406,39.74337497967215,10.223389426630206,9.710693520045567,1.0933166409664454,292.21677104667486,-0.009526106015078323,294.3576995849609,310.5527292138463,278.16266995607555,0.11003639212916856,0.34876998958103933,289.72473601781576,297.22644104989587,-7.50170503208011,-7.393002157952916,-0.1087028741271947,-0.604920041675842,-1.5209085337113115
2022-01-28 00:00:00-05:00,289.83586478628683,297.80024475160536,284.2559730920568,297.5878601074219,49743700.0,0.027694634806616075,2.447978294763285,0.0,-0.016589189737042376,0.022727719552352255,0.36079136281886587,0.016825543808748726,0.2670972275482299,0.015245065311104838,0.24200790920472565,49.918923415402816,13.544271659548542,9.984520530010064,0.9995166549103933,292.1252073864338,0.01835643671424036,294.0787048339844,309.8206051683999,278.33680449956887,0.10705909728011245,0.6114590741552867,290.9344474162167,297.25321283193483,-6.318765415718133,-7.178154809505959,0.8593893937878265,0.44583629662114677,-0.9246962576738987
2022-01-29 00:00:00-05:00,289.83586478628683,297.80024475160536,284.2559730920568,297.5878601074219,49743700.0,0.0,-0.08444954649337877,0.0,0.02326968748347258,0.02282108234160206,0.36227345115123977,0.016825543808748726,0.2670972275482299,0.015245065311104838,0.24200790920472565,49.918923415402816,13.544271659548542,10.23878846783424,0.9827092388738287,292.03672311166156,0.018653775035569305,293.7997100830078,309.05357480981144,278.5458453562042,0.10383852810810404,0.6241701723549977,291.9580493687098,297.27800151900794,-5.31995215029815,-6.806514277664398,1.4865621273662484,0.4966806894199904,-0.8960204242650198
2022-01-30 00:00:00-05:00,289.83586478628683,297.80024475160536,284.2559730920568,297.5878601074219,49743700.0,0.0,-0.08444954649337877,-0.008746818901936071,0.007582994410708643,0.014033302480017303,0.22277177061043052,0.016825543808748726,0.2670972275482299,0.015245065311104838,0.24200790920472565,49.91892341540281,13.544271659548542,10.474894410099548,0.9774432544435089,291.81400676145074,0.01940218039770478,293.5096130371094,308.20604266901034,278.8131834052084,0.10014274816983831,0.6387495865478785,292.82417409774246,297.30095400703857,-4.476779909296113,-6.340567403990741,1.8637874946946287,0.5549983461915146,-0.868401307913017
2022-01-31 00:00:00-05:00,298.25405611410014,301.56530125918164,295.7633601067022,300.2137756347656,46444500.0,0.008785296859854038,0.7289026485233654,0.007190204498188191,0.016473907599020565,0.011324618579552586,0.17977274672494606,0.016955505610974853,0.26916030719999845,0.015039428370452811,0.23874352397272516,53.11357861664277,5.801941152479458,10.141112034555256,0.8975730480523209,291.84280784133745,0.0278833567038314,293.31654205322263,307.5217871769315,279.11129692951374,0.09685948855302769,0.7427706639863378,293.96103587266913,297.51671857205537,-3.5556826993862387,-5.783590463069841,2.2279077636836027,0.9710826559453519,-0.6659227573704757
2022-02-01 00:00:00-05:00,299.66345745868625,299.875842129487,294.5662548205134,298.0705871582031,40950400.0,-0.007164478222340012,-0.7349455586086159,-0.014993966733075514,0.009217427909217646,0.013450137769359233,0.21351431782368938,0.017003458889987364,0.26992154190490164,0.014904310467831295,0.2365985937646701,50.29371349106284,5.647520814252232,9.82014123310504,0.7863969821854498,291.5791474081748,0.02177819627195544,292.85750579833984,305.6941846314917,280.020826965188,0.08766501509434493,0.703054132132684,294.59327453198205,297.55774587473303,-2.964471342750983,-5.21976663900607,2.2552952962550874,0.8122165285307366,-0.7935279962321783
2022-02-02 00:00:00-05:00,298.9104887522053,304.2104133019044,298.1864540558619,302.6078796386719,36636000.0,0.01510751268472103,1.3035141543699773,0.040531257948910326,0.04156849736526369,0.008671515364511693,0.13765603886744132,0.017190864032124147,0.2728965063079535,0.015043029358766339,0.23880068789003503,55.66072419587831,6.139826143701271,9.557261583861914,0.7094920119693371,291.85316568982404,0.03554009882918275,293.27551727294923,306.8273604439218,279.72367410197666,0.09241714614970728,0.844320777918687,295.82629070224203,297.931829857247,-2.1055391550049762,-4.596921142205852,2.4913819872008753,1.3772831116747477,-0.4713258015557385
2022-02-03 00:00:00-05:00,298.7752738080084,300.4550540690847,289.57520891247447,290.820556640625,43730000.0,-0.039731407677506346,-3.6196659422359034,-0.01532996947397347,-0.01086823392548053,0.021386354179172676,0.3394978476506268,0.01676833622951504,0.26618908538166774,0.015821816806321116,0.25116355535248724,42.74749395386396,13.03267072619741,9.805505094028737,0.8437015403389373,291.5171816799714,-0.0023953775736947347,292.84351043701173,306.1130797687037,279.57394110531976,0.09062566769459722,0.4237747003757209,295.0561777696856,297.40506887823796,-2.3488911085523796,-4.147315135475157,1.7984240269227776,-0.3049011984971167,-1.2371869717485109
2022-02-04 00:00:00-05:00,289.8166003905514,298.10920758842764,289.584918714947,295.3482360839844,35096500.0,0.015448688323023926,1.3029752134565988,0.0,-0.01693361803541138,0.023251780038649392,0.36911056513105267,0.016660178741175945,0.26447213848222006,0.01578343752546377,0.250554303156611,47.7608369941856,8.524288873480657,9.713989649703874,0.6802487051211554,291.34074154298963,0.01356870992063478,292.6378875732422,305.5995956248943,279.67617952159014,0.0885853035581934,0.6045521354107614,295.1011098180392,297.2527108934784,-2.1516010754392028,-3.7481723234679665,1.5965712480287637,0.4182085416430457,-0.9043139930646655
2022-02-05 00:00:00-05:00,289.8166003905514,298.10920758842764,289.584918714947,295.3482360839844,35096500.0,0.0,-0.07315284152349491,0.0,0.011773215759037114,0.02260208150912707,0.3587969207133701,0.016660178741175945,0.26447213848222006,0.01578343752546377,0.250554303156611,47.7608369941856,8.524288873480657,9.629011022830788,0.683394496100612,291.1626695211188,0.014171632166698901,292.43226470947263,305.06453419919444,279.7999952197508,0.08639449892625077,0.6154175572680867,295.13912924356924,297.1116386853678,-1.972509441798536,-3.3930397471340803,1.4205303053355443,0.4616702290723471,-0.8744169684198068
2022-02-06 00:00:00-05:00,289.8166003905514,298.10920758842764,289.584918714947,295.3482360839844,35096500.0,0.0,-0.07315284152349491,0.01658099195829288,0.036944166314428095,0.02252025079217912,0.35749789835346774,0.016660178741175945,0.26447213848222006,0.01578343752546377,0.250554303156611,47.760836994185595,8.524288873480657,9.550102297877208,0.6865695174989006,290.9829428693582,0.014780156714343292,292.2266418457031,304.5061589690538,279.94712472235244,0.08404105146466631,0.6271057406787296,295.17129952671,296.9810162704505,-1.8097167437404664,-3.0763751464553577,1.2666584027148913,0.5084229627149177,-0.8452682778811623
2022-02-07 00:00:00-05:00,295.57022651592763,297.18239363022644,289.5172787684884,290.53094482421875,28533300.0,-0.016445028195319566,-1.525091380043827,-0.011853254553826131,0.02003103984554011,0.02095194379518827,0.3326017965928259,0.0170104888652402,0.2700331393023533,0.015843766491234507,0.2515119957983096,42.78254033015205,7.665114861738061,9.415460338152984,0.5658153218275049,290.9202417668914,-0.0013399500108610127,292.1445831298828,304.4475465018266,279.841619757939,0.08422516851167564,0.4344207465762335,294.4573988032498,296.5032332003592,-2.045834397109388,-2.870266996586164,0.8244325994767756,-0.26231701369506577,-1.1308085489117596
2022-02-08 00:00:00-05:00,290.82058728101566,294.98137075377906,289.5656056597399,294.0159912109375,32421200.0,0.011924064483899686,0.9823985622505249,-0.021367994094676712,0.03226676052550226,0.012523989021329911,0.1988121622376529,0.016376721506255534,0.25997239437669156,0.01553756721424421,0.24665123296704491,47.080065999036286,5.415765094039159,9.129767820716284,0.6516429860223533,290.9330194588717,0.01048572813801132,292.20395812988284,304.53225456620845,279.8756616935572,0.08438144722766394,0.5734908140152871,294.38948994289404,296.31899305299464,-1.9295031101005975,-2.6821142192890504,0.7526111091884529,0.29396325606114854,-0.8687310853683817
2022-02-09 00:00:00-05:00,299.1420946683608,301.1307737737914,296.74797273384456,300.4356994628906,31284700.0,0.02159959485228754,1.8200590114303117,0.029201317755449985,0.05494894447528842,0.014325055284490592,0.22740320280008236,0.017023528170276747,0.27024013185272816,0.01580716215273824,0.25093091993890665,53.942548124357664,7.114782562853918,8.985840302297545,0.6313991968630148,291.2249679874389,0.030657912797708048,292.6678176879883,305.51758138099945,279.81805399497716,0.08781125164031674,0.8022577675544024,295.31967602289353,296.62393426854254,-1.3042582456490095,-2.4065430245610426,1.1022847789120331,1.2090310702176086,-0.40564653578411736
2022-02-10 00:00:00-05:00,293.5140327543915,298.4181483420068,290.2896683057425,291.9114990234375,45386200.0,-0.028783081793316727,-2.5752871261660966,0.024878055836364155,0.006356908948552453,0.02049531488200199,0.3253530373184303,0.018197211182364417,0.2888717720607593,0.01617752144363186,0.25681019141558714,45.50454382600555,10.146031157148116,9.068711077644014,0.9277959373077151,291.57944653245875,0.0011375108280749615,292.97433013916014,305.41848948643053,280.53017079188976,0.08495050976895842,0.45729598576878655,294.79534109990027,296.27486499112734,-1.4795238912270747,-2.2211391978942494,0.7416153066671747,-0.170816056924854,-0.9713297734277249
2022-02-11 00:00:00-05:00,292.69342951887205,293.7553529211515,284.03397373558494,284.8255920410156,39175600.0,-0.024573635597147443,-2.185485108262963,0.0,-0.01692413185813113,0.02262893181051379,0.3592231560339485,0.018545786442747847,0.29440523277374414,0.015985859356078325,0.2537676500990303,39.915061757099274,9.721379185566548,9.11533022820991,0.8165349600836719,291.6540837140689,-0.023974291158745217,292.9265472412109,305.4937317471773,280.35936273524453,0.0858043398546457,0.17769410895697074,293.26153355237955,295.42677069852647,-2.1652371461469215,-2.209958787544784,0.04472164139786239,-1.2892235641721144,-1.428256407265566
2022-02-12 00:00:00-05:00,292.69342951887205,293.7553529211515,284.03397373558494,284.8255920410156,39175600.0,0.0,-0.057134366837788914,0.0,0.012730798277747812,0.02214940821570886,0.3516109549560992,0.018545786442747847,0.29440523277374414,0.015985859356078325,0.2537676500990303,39.915061757099274,9.721379185566548,9.15861943944967,0.8328603056885348,291.73170540422876,-0.024246814739240983,292.8787643432617,305.5670236392188,280.1905050473046,0.08664512993564885,0.18265259582092191,291.9636963967851,294.64149820537756,-2.6778018085924487,-2.303527391754317,-0.3742744168381318,-1.2693896167163123,-1.376041841202604
2022-02-13 00:00:00-05:00,292.69342951887205,293.7553529211515,284.03397373558494,284.8255920410156,39175600.0,0.0,-0.057134366837788914,0.0001356637057472465,0.022579174529255397,0.020598354882029764,0.3269887466094238,0.018545786442747847,0.29440523277374414,0.015985859356078325,0.2537676500990303,39.915061757099274,9.721379185566548,9.198816564172304,0.8762229609396187,291.9681690141022,-0.025077019666329848,292.81456604003904,305.659066328727,279.97006575135106,0.08773129330548156,0.18901187981368098,290.8655264958975,293.91439404505445,-3.0488675491569666,-2.452595423234847,-0.5962721259221198,-1.2439524807452755,-1.330732304593782
2022-02-14 00:00:00-05:00,283.59952937825824,286.48603416022104,281.26332745127445,284.7869567871094,36359500.0,-0.00013565450425899296,-0.06484689521266,-0.018204755551169516,0.02244046646666842,0.014663398275485096,0.2327742312721617,0.01854337619994392,0.2943669713553933,0.015964103310908646,0.2534222835888427,39.881701234000005,5.222706708946589,8.914808717370468,0.8478338782380949,292.8074629169365,-0.02816317931239673,293.12879943847656,304.7480848580089,281.50951401894423,0.07927767890286093,0.14103460969534645,289.9303619253147,293.23828758150296,-3.3079256561882744,-2.6236614698255325,-0.6842641863627419,-1.4358615612186145,-1.2863401272586437
2022-02-15 00:00:00-05:00,289.62349961792046,290.3861281751453,286.7369950149994,290.06756591796875,27058300.0,0.018372501076545845,1.5267580512319434,0.0011685471842795003,0.04139887848067114,0.015275796095330581,0.24249574528065745,0.017903423448623675,0.28420803637044373,0.01567202310945507,0.2487856541332519,46.46736565227452,5.599171388035927,8.677977479560859,0.681283713828763,293.43928276200154,-0.011623901601554146,293.31029357910154,304.5981849052901,282.02240225291297,0.07696894090179206,0.35636255845192844,289.95147023187684,293.00341931013,-3.0519490782531875,-2.709318991511064,-0.3426300867421235,-0.5745497661922853,-0.8892973927697002
2022-02-16 00:00:00-05:00,288.635864710569,291.0543038082839,284.09887060149885,289.72900390625,29982100.0,-0.0011678649644375544,-0.1599829559798867,0.03016545426135875,0.040183375126532805,0.008376471212592081,0.13297235815686181,0.016875008889056256,0.2678824613546833,0.015452119112419218,0.2452947864024562,46.118540847192584,6.955433206785074,8.554938602934017,0.7779136768298631,293.5711010883001,-0.01326100297260308,293.3237762451172,304.59292900316353,282.05462348707084,0.07683763588689949,0.3405038774409875,289.9172446433189,292.7608700209537,-2.843625377634794,-2.7361802687358106,-0.1074451088989834,-0.6379844902360492,-0.8838423139834933
2022-02-17 00:00:00-05:00,286.6914169855192,287.1170646088115,280.53892237568306,281.2451171875,32461600.0,-0.029719424546293973,-2.5843706623052474,0.009724574653259932,0.01046168352900212,0.017249409849198084,0.2738258923416378,0.017937658811463586,0.28475150590715453,0.015456546019124679,0.2453650613677758,38.349605210349054,9.190081530566943,8.600305954907798,0.8615628792458113,292.77496490568524,-0.04099572584045447,292.5066390991211,304.7976533571958,280.2156248410464,0.08403921562894633,0.04187987764220753,288.58307118857755,291.9078512925497,-3.3247801039721594,-2.8539002357830805,-0.4708798681890789,-1.8324804894311728,-1.4163513466970656
2022-02-18 00:00:00-05:00,283.4894271936835,284.2729991216109,276.9693246500047,278.5364685058594,34264000.0,-0.00967759530109946,-0.8654952949939341,0.0,0.027330779831182594,0.01743647681139147,0.2767954883045179,0.01672256170873989,0.2654624373915425,0.015487696263920731,0.24585955617383062,36.25000531715131,7.3036744716062,8.507689420386255,0.92847335448936,291.7895877978073,-0.0475812713611293,291.55406951904297,305.0781376002533,278.03000143783265,0.09277228133718084,0.018724656848274207,287.0374400066209,290.9173784935356,-3.879938486914682,-3.059107886009401,-0.820830600905281,-1.9251013726069017,-1.5376546642965205
2022-02-19 00:00:00-05:00,283.4894271936835,284.2729991216109,276.9693246500047,278.5364685058594,34264000.0,0.0,-0.03929513358670611,0.0,-0.022607680839493827,0.017445001944588052,0.27693082059850904,0.01672256170873989,0.2654624373915425,0.015487696263920731,0.24585955617383062,36.25000531715131,7.3036744716062,8.42168835261625,0.9483635373262453,290.7619922875504,-0.043892003970869106,290.6014999389648,304.9921439327179,276.21085594521173,0.09904039722283307,0.08080293563155268,285.72959823727297,290.000274050004,-4.270675812731042,-3.3014214713537293,-0.9692543413773129,-1.676788257473787,-1.4794407125986155
2022-02-20 00:00:00-05:00,283.4894271936835,284.2729991216109,276.9693246500047,278.5364685058594,34264000.0,0.0,-0.03929513358670611,0.0,-0.03154953106393088,0.012739328659612055,0.20223057301950786,0.01672256170873989,0.2654624373915425,0.015487696263920731,0.24585955617383062,36.25000531715131,7.3036744716062,8.34183021825839,0.9646238884612808,289.5544124865934,-0.0395565580329106,289.5176345825195,304.1237210668925,274.91154809814657,0.10089945992709376,0.12408937916364896,284.6229628939786,289.15110326895626,-4.528140374977681,-3.5467652520785196,-0.9813751228991618,-1.5036424833454047,-1.4300232026110162
2022-02-21 00:00:00-05:00,283.4894271936835,284.2729991216109,276.9693246500047,278.5364685058594,34264000.0,0.0,-0.03670603846282784,0.000730009840550272,-0.03154953106393088,0.012908088661799743,0.20490955500176788,0.016517670066379997,0.26220988340314333,0.01543337224124053,0.24499718904845996,36.25000531715131,7.3036744716062,8.267676236354664,0.9737892006709438,288.5223909079599,-0.03585140019785402,288.54092864990236,303.3499464744917,273.73191082531304,0.10264760631277832,0.1622172968341193,283.68657914196024,288.36483402724537,-4.678254885285128,-3.773063178719841,-0.9051917065652866,-1.3511308126635246,-1.3857487790089993
2022-02-22 00:00:00-05:00,275.70201990685416,282.02866399823324,275.2183321526316,278.3332824707031,41736100.0,-0.000729743512973109,-0.10086546049727431,0.026581365332364326,-0.032255993711654773,0.004258105099935869,0.06759532290483689,0.016507314653812413,0.2620454963248795,0.015113623800387844,0.23992133990887884,36.05085950517866,6.810331845601638,8.163580208443733,1.1776131579953482,287.19443377411244,-0.03183647756657353,287.3271987915039,301.2333687165762,273.42102886643164,0.09679675285570963,0.17662137133154415,282.8629950386899,287.62175613416815,-4.758761095478235,-3.97020276207152,-0.7885583334067148,-1.293514514673821,-1.357483667255831
2022-02-23 00:00:00-05:00,280.71306989618563,282.18349983515145,270.9619359564501,271.1263732910156,37811200.0,-0.026234219150334706,-2.2509769070242474,-0.04860991381849045,-0.06198344795110722,0.011654995962256425,0.18501732508555468,0.016671366630780445,0.26464974072375497,0.015198449080638282,0.24126789948748295,29.797864036886025,11.221563878701375,8.382007613462136,1.075852905044981,286.1044979128122,-0.05524407102115317,286.3424896240234,301.8983825630761,270.78659668497073,0.10865235515328552,0.010921154040340953,281.0573609236631,286.39987592356425,-5.342514999901141,-4.244665209637445,-1.0978497902636963,-1.9563153838386336,-1.774056901102525
2022-02-24 00:00:00-05:00,263.61954581271243,285.53059821327315,262.6618238516017,284.97918701171875,56989700.0,0.04983111528051163,4.046013235175827,-0.009148680677291576,-0.0012207993230093361,0.027691720316542483,0.4395924319987574,0.018732711401399007,0.29737257450027615,0.016557960747047254,0.2628494781303378,48.34442273227258,22.868774361671456,9.416776666905658,1.5725641166794082,285.5684132712421,-0.002067611553327624,285.8240371704102,300.79637545526765,270.8516988855527,0.10476612417262068,0.471786298752484,281.66071878336396,286.29463970787197,-4.633920924508004,-4.322516352611557,-0.3114045718964471,-0.11285480499006373,-0.8248188669695925
2022-02-25 00:00:00-05:00,285.5112545529005,287.92001039879176,282.135093565402,287.6104431152344,32546700.0,0.009190786863813414,0.7072818574191393,0.0,-0.009594130298577697,0.027617182588673295,0.43840918225135533,0.01850694528736698,0.293788648547111,0.01661618862102241,0.2637738169737995,50.992816548831655,5.7849168333897865,9.157358107368811,0.9012586917630587,285.1851993467764,0.008432391196192619,285.43714752197263,299.75900457154626,271.115290472399,0.10035033753601495,0.575873386591526,282.5760609882671,286.39210662693586,-3.8160456386687542,-4.221222209822997,0.405176571154243,0.3034935463661032,-0.6239166199301845
2022-02-26 00:00:00-05:00,285.5112545529005,287.92001039879176,282.135093565402,287.6104431152344,32546700.0,0.0,-0.04622885306566467,0.0,0.004697155481699022,0.027617182588673295,0.43840918225135533,0.01850694528736698,0.293788648547111,0.01661618862102241,0.2637738169737995,50.99281654883167,5.7849168333897865,8.916469444941738,0.9044517292688996,284.79927007222363,0.009774238419723903,285.05025787353514,298.6443658437691,271.4561499033012,0.09538042920322552,0.5941652533327337,283.35058131549283,286.48235377421724,-3.131772458724413,-4.0033322596032805,0.8715598008788676,0.3766610133309354,-0.6018404743112774
2022-02-27 00:00:00-05:00,285.5112545529005,287.92001039879176,282.135093565402,287.6104431152344,32546700.0,0.0,-0.04622885306566467,-0.004953472768094436,0.025702143202070538,0.027571898903052464,0.43769032602774843,0.01850694528736698,0.293788648547111,0.01661618862102241,0.2637738169737995,50.992816548831655,5.7849168333897865,8.69278711554517,0.8994360337343438,284.69971522141304,0.010120383190171976,284.90423278808595,298.311921604693,271.4965439714789,0.09412067125432844,0.6009200901126396,284.0059446692992,286.56591594762597,-2.5599712783267705,-3.7146600633479787,1.1546887850212082,0.40368036045055816,-0.581304910675746
2022-02-28 00:00:00-05:00,284.7083518645938,289.3807932241622,283.4410920061188,289.0422058105469,34627500.0,0.004965781879716572,0.3638392427950568,0.013019042929268032,0.030808223667133428,0.021055788168580142,0.3342502749151152,0.01821629204829107,0.2891746714170095,0.016336134566148415,0.2593280966766885,52.642923898459536,5.9397012180433535,8.496138122866471,0.9540310100371969,284.49077305695306,0.01574660261407311,284.6555435180664,297.52534349428043,271.78574354185236,0.09042367358917937,0.670424649201538,284.780754075645,286.7493448263608,-1.968590750715805,-3.3654462008215438,1.3968554501057389,0.681698596806151,-0.443349369275897
2022-03-01 00:00:00-05:00,286.7301918975132,290.183730717444,282.6188445943482,285.3275146484375,31217800.0,-0.012935023637998023,-1.0972591040480657,-0.017455547739244737,0.017560559065529446,0.008308819935459474,0.13189842742584906,0.01819369010957125,0.2888158767630061,0.01639201748485349,0.2602152105092689,48.11623692754557,7.564886123095789,8.42962012288285,0.8601687752435789,283.83952401258443,0.005215026800645125,283.90013427734374,294.43105296990706,273.3692155847804,0.07418748652140898,0.5677709330384321,284.86487108684383,286.6440240724406,-1.7791529855967383,-3.048187557776583,1.2690345721798448,0.27108373215372805,-0.7366702026984989
2022-03-02 00:00:00-05:00,285.72410373736466,291.63478526029775,284.11828587959104,290.39654541015625,31873000.0,0.017609692230898134,1.397028553270487,0.014429726456069103,0.07629712348799522,0.010994173793383005,0.1745270983674903,0.017960525490614866,0.2851145031852197,0.016574541428657965,0.2631126882909971,53.93699589633067,7.516499380706705,8.364397212727411,0.8948820345124665,283.61861209481157,0.023340268410464476,283.8243865966797,294.1321028551421,273.5166703382173,0.07263446514981724,0.8187980076615406,285.715897905815,286.92198861597507,-1.2060907101600833,-2.6797681882532833,1.4736774780932,1.2751920306461604,-0.2576751815146778
2022-03-03 00:00:00-05:00,293.0084173965025,293.2405780996094,284.4567908872236,286.26580810546875,27314500.0,-0.014326608743133797,-1.2032136603043417,0.02090678529919865,0.07275690289290226,0.013256458698225221,0.21043975788541786,0.017124888637469565,0.27184917938652126,0.016631887579831632,0.26402303021891055,49.10262271895072,8.783787212385846,8.394353641274442,0.7798810698856468,283.65433434507383,0.009122548646930169,283.89639739990236,294.2535686682078,273.53922613159693,0.07296444310785737,0.6143850306317308,285.8004994749925,286.8733826522339,-1.0728831772414082,-2.3583911860509086,1.2855080088095003,0.45754012252692317,-0.6341480275188643
2022-03-04 00:00:00-05:00,284.6889691786735,286.0142690066233,277.8012597369176,280.4034729003906,32356500.0,-0.020691237560400342,-1.7082778745959866,0.0,0.00471397355822778,0.01586388723396145,0.251831402687006,0.016876023554565325,0.2678985686702887,0.016775045069216187,0.26629558491027794,43.18659577374616,8.464548368551164,8.399367550365637,0.9329217000560073,283.43654561540455,-0.010816815796327123,283.67529144287107,294.13721836841574,273.2133645173264,0.0737598743431737,0.3436321260048322,284.9701876942845,286.39413007802324,-1.4239423837387335,-2.171501425588474,0.7475590418497404,-0.6254714959806708,-1.2526546417730942
2022-03-05 00:00:00-05:00,284.6889691786735,286.0142690066233,277.8012597369176,280.4034729003906,32356500.0,0.0,-0.030693124593127192,0.0,0.014951440459954002,0.01522049145171115,0.24161781128047302,0.016876023554565325,0.2678985686702887,0.016775045069216187,0.26629558491027794,43.18659577374616,8.213009269705708,8.386056244604214,0.9421839484107225,283.2144323785383,-0.01002469566112045,283.45418548583984,294.0003291507307,272.908041820949,0.07441162773317164,0.3553635962875538,284.2676161875316,285.9503776944949,-1.6827615069632884,-2.073753441863437,0.3909919349001485,-0.5785456148497845,-1.2591584950699934
2022-03-06 00:00:00-05:00,284.6889691786735,286.0142690066233,277.8012597369176,280.4034729003906,32356500.0,0.0,-0.030693124593127192,0.03925978483137782,0.034955333056241766,0.014856577034123455,0.2358408489957853,0.016876023554565325,0.2678985686702887,0.016775045069216187,0.26629558491027794,43.186595773746156,8.213009269705708,8.373695746397178,0.9477073165588177,282.9975007758052,-0.00925105473403336,283.2350112915039,293.8465270405751,272.6234955424327,0.07493081946814753,0.3665818127178906,283.67313260489453,285.53949585789456,-1.8663632530000314,-2.032275404090756,0.16591215109072444,-0.5336727491284388,-1.2243794929078438
2022-03-07 00:00:00-05:00,279.1169100246889,280.23906938127266,269.4431530078945,269.8107604980469,43157200.0,-0.038508714387862325,-3.083197968277403,0.011093003787670863,-0.004141843875768325,0.01608624480918857,0.25536121976409976,0.01877711702110688,0.2980774918596406,0.01738202257498747,0.2759310541003645,33.95428145790841,10.960319892496102,8.558454613975673,1.2349394358255539,281.9095522300629,-0.04484176876297566,282.2221710205078,293.9010323942774,270.5433096467382,0.0827635995537783,-0.03136218186203447,281.5404599730718,284.3744043497577,-2.8339443766859063,-2.192609198609786,-0.6413351780761203,-2.1254487274481417,-2.339264212798129
2022-03-08 00:00:00-05:00,268.7369507911687,274.695988493688,261.19143233256847,266.8505859375,48159500.0,-0.011031927684364748,-0.8860316650638727,-0.04384738972598701,-0.015067701592600957,0.016172881937625935,0.25673654154099995,0.018225400360443175,0.28931926138991754,0.017315930582272123,0.2748818762420995,31.90183383561937,13.504556161119524,8.911747581628806,1.3431482343734333,280.5713043772227,-0.05141723182476459,281.0782501220703,294.06927578348467,268.08722446065593,0.09243707512603667,-0.047595877161145404,279.28047935221457,283.0763437266275,-3.795864374412929,-2.513260233770415,-1.2826041406425142,-2.1903835086445853,-2.5120357645816886
2022-03-09 00:00:00-05:00,274.192941941818,280.1519791699358,271.6197193077244,279.0878601074219,35204500.0,0.04483774449307739,3.464903013782712,0.010189434178435652,0.04362592454087211,0.03004423569645888,0.47693745590303793,0.021115282090218377,0.33519471164216363,0.017698510388958963,0.2809551423928707,46.341787280057,13.301393232435828,9.225293699543593,0.9780975822129019,280.46837143791464,-0.004946511575105425,280.9703872680664,293.9913676792996,267.94940685683326,0.09268578470378219,0.4277117735688899,279.25084562224646,282.7809004955753,-3.5300548733288224,-2.7166191616820967,-0.8134357116467257,-0.2891529057244404,-1.12544162877532
2022-03-10 00:00:00-05:00,273.7866342304661,277.2498554429739,271.42623538275626,276.2727966308594,30628000.0,-0.010137871858764852,-0.804511207301007,0.01970921149412086,-0.0054325495509074395,0.03030583525407425,0.48109022013824665,0.020233832863554544,0.3212021389596674,0.017713746552639468,0.2811970089930705,44.02889023898079,7.661624724665614,9.11360305848088,0.8552672179493301,280.3813768120598,-0.014871461219868381,280.8572036743164,294.0059907575982,267.70841659103456,0.09363325498696654,0.32567186560934147,278.79268423895616,282.2988187278185,-3.506134488862358,-2.874522227118149,-0.631612261744209,-0.697312537562634,-1.3952550522655005
2022-03-11 00:00:00-05:00,278.5655013687833,280.06495143344847,270.31378773793114,270.93292236328125,27209300.0,-0.019517499880751486,-1.521769391623018,0.0,-0.048642831899070926,0.03107514664796678,0.49330265991229516,0.020559802673951952,0.32637674927902594,0.017856837003366592,0.28346849947874314,39.95523106806766,9.751163695517334,9.159143103983485,0.7673606415649709,280.10799664328755,-0.03386474482308899,280.4770263671875,294.3292176093006,266.62483512507436,0.09877594198377215,0.15550201274689104,277.58349010423694,281.4569004785935,-3.873410374356581,-3.0742998565658355,-0.7991105177907456,-1.3779919490124366,-1.9152967173922053
2022-03-12 00:00:00-05:00,278.5655013687833,280.06495143344847,270.31378773793114,270.93292236328125,27209300.0,0.0,-0.004468399907500893,0.0,-0.05131752283139179,0.025555776099665424,0.4056853687257776,0.020559802673951952,0.32637674927902594,0.017856837003366592,0.28346849947874314,39.95523106806766,9.751163695517334,9.201430289093047,0.7750709574209897,279.829122714904,-0.03283543496310214,280.0968490600586,294.5764439309211,265.61725418919616,0.10338991616258938,0.1835572134957278,276.5603258363976,280.67734654412595,-4.117020707728329,-3.2828440267983345,-0.8341766809299949,-1.2657711460170875,-1.8487050723342702
2022-03-13 00:00:00-05:00,278.5655013687833,280.06495143344847,270.31378773793114,270.93292236328125,27209300.0,0.0,-0.004468399907500893,0.013131210655695558,-0.06776933545962283,0.024738793878040708,0.39271617802189723,0.020559802673951952,0.32637674927902594,0.017856837003366592,0.28346849947874314,39.95523106806766,9.751163695517334,9.240696960980497,0.7829377899494502,279.54458774485664,-0.03178523047866591,279.7166717529297,294.7571836461524,264.676159859707,0.10754104715294042,0.20799699332020605,275.69457145591815,279.9555373455448,-4.260965889626675,-3.478468399364003,-0.782497490262672,-1.168012026719174,-1.8057214657544565
2022-03-14 00:00:00-04:00,271.19411574307355,276.08903470394495,266.821587956301,267.4213562011719,30660700.0,-0.013045743685875619,-1.0125444809447737,-0.03729726677356937,-0.07985199277688793,0.008503287952652419,0.13498551149453925,0.020714498008535715,0.3288324615847693,0.01790981147685142,0.2843094431747958,37.13337264128518,9.26744674764393,9.242607660027884,0.8965364686246448,279.07505487715184,-0.04357804044346141,279.17107543945315,295.1831646381861,263.1589862407202,0.11471166325900883,0.1330984953790091,274.42176910903413,279.02707948299866,-4.605310373964528,-3.703836794284108,-0.9014735796804199,-1.4676060184839637,-2.0794030508641996
2022-03-15 00:00:00-04:00,271.20371896326867,278.4300149062294,269.6365754251253,277.7818603515625,34245100.0,0.03801060307642265,2.887383979298049,-0.024593387511897435,-0.04420339169568932,0.022304682417713585,0.35407585649727025,0.02247761795054809,0.3568211229736295,0.018600147919735875,0.29526819446781905,48.6552302188134,11.008658705057542,9.36875416324429,1.0065945048242617,279.4516832779682,-0.006011274185767018,279.5038497924805,295.0827570098592,263.92494257510174,0.11147543927531164,0.44473330456076376,274.93870622326926,278.9348410288182,-3.996134805548934,-3.7622963965370735,-0.23383840901186037,-0.22106678175694514,-0.9252692495526896
2022-03-16 00:00:00-04:00,279.67793426336954,284.95982608211176,273.96077067732267,284.78570556640625,37826300.0,0.02490085647131824,1.870516773161771,-0.002811447710705739,-0.015944638978422798,0.02084305702070139,0.33087327263468835,0.022273109686417904,0.35357465492595364,0.01883727349023178,0.29903244620197794,54.69952246353289,10.99905540478909,9.485204251926062,1.144081919801782,279.28042554150875,0.019331307426221158,279.49417572021486,295.0590009354929,263.9293505049368,0.11137852998310127,0.6699835935516113,276.4536291991365,279.36823840197286,-2.9146092028363455,-3.592758957796928,0.6781497549605824,0.6799343742064441,-0.13381548588370035
2022-03-17 00:00:00-04:00,283.7215952422282,285.9658841758017,279.92946993729333,285.588623046875,30816600.0,0.0028154072529261807,0.19312298015597373,-0.01734174818674039,-0.029073124898712277,0.020542129873924713,0.3260962022759724,0.01944407493892958,0.3086651205726665,0.018057019225681897,0.2866462937415984,55.34846271995838,6.036414238508371,9.238862108110514,0.9345138862038614,279.16410274729674,0.0224957150990002,279.39308471679686,294.76097384956347,264.02519558403026,0.11000908736409182,0.7015741484257696,277.85901286801936,279.82900763492853,-1.969994766909167,-3.268206119619376,1.2982113527102088,0.8062965937030777,-0.018835686611753808
2022-03-18 00:00:00-04:00,285.7337136336589,291.1800427447232,283.17985751382827,290.6286315917969,43390600.0,0.017493877661341823,1.2976589126834115,0.0,0.0031385608904090923,0.01977439097924293,0.31390872515301477,0.019720590759049198,0.313054673134336,0.018055933296997666,0.28662905515815823,59.290682232071305,8.000185230894942,9.150385188309402,1.2945357860056619,279.49608927170124,0.03830504330946951,279.543994140625,295.30586778915944,263.78212049209054,0.11276846563625627,0.851628166115979,279.82356959475436,280.6289797798818,-0.805410185127414,-2.7756469327209836,1.9702367475935696,1.4065126644639179,0.5820329574465206
2022-03-19 00:00:00-04:00,285.7337136336589,291.1800427447232,283.17985751382827,290.6286315917969,43390600.0,0.0,-0.025088657960558796,0.0,-0.012068481703961353,0.01576136424223929,0.25020390064842696,0.019720590759049198,0.313054673134336,0.018055933296997666,0.28662905515815823,59.290682232071305,8.000185230894942,9.068228048494083,1.273928585531642,279.81750627313534,0.03719910615636222,279.6949035644531,295.835211098298,263.55459603060825,0.11541366916702132,0.8387087886775595,281.48588682506863,281.3696947289125,0.11619209615611226,-2.1972791269455647,2.313471223101677,1.354835154710239,0.5862119920421679
2022-03-20 00:00:00-04:00,285.7337136336589,291.1800427447232,283.17985751382827,290.6286315917969,43390600.0,0.0,-0.025088657960558796,0.004245147822507178,-0.01070209334990313,0.011458878106233437,0.18190405063737872,0.019720590759049198,0.313054673134336,0.018055933296997666,0.28662905515815823,59.290682232071305,8.000185230894942,8.99193927580843,1.2577488606790648,280.03443224150766,0.036452703549075385,279.77422485351565,296.1222089015923,263.426240805439,0.11686554797273489,0.8319799770528364,282.8924629430268,282.055541903941,0.836921039085837,-1.5904390937392845,2.4273601328251218,1.327919908211347,0.5923098357154067
2022-03-21 00:00:00-04:00,289.1389046674614,290.3481241566419,285.27905598306444,289.40008544921875,28351200.0,-0.004236162602572031,-0.3447363956902568,-0.016115146249589873,-0.014884056153838698,0.00837015972153302,0.1328721663423961,0.01971856572019213,0.3130225266390697,0.01806202189450175,0.2867257086471321,57.738703848435044,5.349575608732437,8.73177044244586,0.8252353567674731,280.18039101417327,0.03185795339602023,279.9778533935547,296.7139325394061,263.24177424770335,0.11955287850804446,0.7814946073555011,283.8936356362871,282.59958216655417,1.294053469732944,-1.0135405810448388,2.307594050777783,1.1259784294220054,0.4534664633094326
2022-03-22 00:00:00-04:00,290.0191685986224,295.0495331029309,289.0227729955793,294.14019775390625,27599700.0,0.01624640732341902,1.2015698493618105,0.015259140363382384,0.001251254240837829,0.010171380592564871,0.16146566122869266,0.019785194434875777,0.3140802246944426,0.017916159644621815,0.28441021721400406,61.88428252298714,6.026760107351606,8.538555418510557,0.8083885872450418,280.26777260337917,0.04716262944153423,280.1650360107422,297.4659623466827,262.8641096748017,0.12350524949356748,0.9038847825775778,285.4700298082285,283.4544425804321,2.015587227796402,-0.40771501927659065,2.423302247072993,1.6155391303103093,0.9822453552763729
2022-03-23 00:00:00-04:00,290.7060719110069,293.3373349131294,288.0070855267432,289.7193298339844,25715400.0,-0.015143890610359388,-1.1601442472127115,-0.015159463694499387,-0.03607987881654229,0.011283442515697748,0.17911909697537556,0.019738435972369586,0.3133379571135679,0.01801635133855255,0.2860007110474542,56.33398324776821,6.133112227163053,8.366738047700021,0.7549659191695534,280.38405761536785,0.03222177900233941,280.337712097168,297.9609534328252,262.71447076151077,0.12572865208765643,0.7661717432716112,286.1237682737294,283.9185083029174,2.205259970811994,0.11487997874112632,2.0903799920708677,1.0646869730864459,0.4620621720352386
2022-03-24 00:00:00-04:00,289.380749871962,294.2756680245102,288.58749479820733,294.1789245605469,24484500.0,0.01527554299161861,1.12309755535215,0.001383080030096684,-0.03585806202535069,0.013370539704641271,0.21225073771917485,0.019729498089966692,0.3131960726290543,0.018105988593189824,0.287423658351315,60.21078789304412,5.688173226302865,8.175411989028797,0.7272320629011405,280.88472814541217,0.045190852590796464,281.02648468017577,299.70568900015894,262.3472803601926,0.13293554407330097,0.8520610314835657,287.36302308708594,284.6785391368159,2.684483950270021,0.6288007730469053,2.055683177223116,1.4082441259342635,0.9535960426846779
2022-03-25 00:00:00-04:00,295.2720634104139,295.533244193088,289.52585001590114,293.7726135253906,22566500.0,-0.001382124455900713,-0.12905501429719712,0.0,-0.032434703466215575,0.013447362079169786,0.21347025510794235,0.019093122783863346,0.3030939278263419,0.01794673911863812,0.2848956513148259,59.69080900263321,6.007394177186882,8.020553573897232,0.6801528818149788,281.3464813203724,0.04229847042547501,281.69494171142577,301.21806787632374,262.1718155465278,0.1386118333988253,0.8093170558842202,288.3491139237482,285.35217427671034,2.996939647037834,1.1024285478450913,1.894511099192743,1.237268223536881,0.8863232278619435
2022-03-26 00:00:00-04:00,295.2720634104139,295.533244193088,289.52585001590114,293.7726135253906,22566500.0,0.0,-0.025152765227239453,0.0,-0.015017332768381686,0.013072490587491783,0.20751935466441546,0.019093122783863346,0.3030939278263419,0.01794673911863812,0.2848956513148259,59.690809002633216,6.007394177186882,7.876756474132207,0.6903377795697461,281.8220634711428,0.040679591983869244,282.36339874267577,302.6027025123913,262.1240949729602,0.14335642551292627,0.7818578868257978,289.183498477847,285.9759105173533,3.207587960493697,1.5234604303748125,1.6841275301188847,1.127431547303192,0.8572825579480192
2022-03-27 00:00:00-04:00,295.2720634104139,295.533244193088,289.52585001590114,293.7726135253906,22566500.0,0.0,-0.025152765227239453,-0.02259426945368037,-0.018550932506713247,0.010773545939441388,0.1710247397645499,0.019093122783863346,0.3030939278263419,0.01794673911863812,0.2848956513148259,59.690809002633216,6.007394177186882,7.743230595778969,0.7127868428895118,283.0666431727551,0.036443051052851824,283.56149139404295,303.50685184216303,263.61613094592286,0.14067749714578553,0.7559773777442591,289.8895161774691,286.55344407350424,3.3360721039648524,1.8859827650928205,1.450089338872032,1.0239095109770375,0.8382459417275794
2022-03-28 00:00:00-04:00,294.4014214022609,300.6603430987499,294.4014214022609,300.5636291503906,29578200.0,0.02285343111199165,1.6761581990251786,-0.014932832708385635,0.004136805034596236,0.01103931161219586,0.17524363902730652,0.017144693979300976,0.2721635794412205,0.018167578715166683,0.28840137122712844,65.84770068174353,6.887729573359252,7.682123379891847,0.9625039903392301,285.17934525486606,0.051184782200732776,285.2471435546875,304.9428418782483,265.5514452311267,0.13809567435534897,0.8888281934482339,291.5316874040724,287.591235560681,3.940451843391372,2.296876580752531,1.6435752626388411,1.555312773792937,1.5540282015848244
2022-03-29 00:00:00-04:00,303.6688707174927,305.5165616109736,298.9674100649689,305.11993408203125,30393400.0,0.015045449991119474,1.0874092096938826,0.004938669931304984,0.019358718243967843,0.01099841402011098,0.17459440988003883,0.016856776557223018,0.26759303205957397,0.017902164071056197,0.28418804437134204,69.24219795223092,6.549151546004737,7.601196820328482,0.9968345270887111,286.524888496513,0.060943398016463306,286.54874725341796,307.901573350802,265.19592115603393,0.1490345101980154,0.9348648451477924,293.62218689298913,288.8896576733736,4.732529219615515,2.784007108525128,1.9485221110903868,1.739459380591168,1.9996129667474531
2022-03-30 00:00:00-04:00,303.5237389507756,305.642293606047,301.4148379753387,303.6204528808594,28163600.0,-0.004926514704966188,-0.40264236092280403,0.01800123543106613,-0.0035242605783403214,0.011784311997157047,0.18707015349883466,0.014515682107152959,0.23042930979598056,0.017590117976462347,0.2792344661880365,66.88604248517406,4.227455630708334,7.360215306784187,0.9274502872307968,287.83466835032357,0.051991835137437686,287.91613006591797,309.98865822986295,265.843601901973,0.15332609644962586,0.8557436352169684,295.1603816603538,289.980827688743,5.179553971610801,3.263116481142262,1.9164374904685388,1.4229745408678718,1.7964365954023707
2022-03-31 00:00:00-04:00,303.6591822316137,304.8587480003614,297.8452751937795,298.2515563964844,33422100.0,-0.01784113171410352,-1.3574296508047818,-0.0035874740296324426,-0.008266620637265687,0.016166559268992155,0.2566361722880364,0.014981013213843377,0.23781621210961243,0.01770338224546608,0.2810324807173169,59.127955431910365,7.013472806581888,7.335447985341165,1.0894720809353224,289.15166500445406,0.030510792640871462,289.2820617675781,310.28461638986585,268.2795071452904,0.14520468012401064,0.7135334198675981,295.63594700437386,290.5934742596868,5.042472744687075,3.618987733851225,1.4234850108358499,0.8541336794703922,1.2209399052272139
2022-04-01 00:00:00-04:00,299.27699192361627,300.012206844516,295.57195627521304,299.32537841796875,27110500.0,0.0035939244463448687,0.24771406946340616,0.0,0.033121897988590554,0.01607802368948396,0.2552307135346784,0.014011911869201324,0.22243220519076543,0.017362827133781115,0.2756263359179354,60.12418780193191,4.440250569302975,7.128648169909867,0.8838729417771256,290.40936544102505,0.029787026492934583,290.7016845703125,310.27142701848027,271.1319421221448,0.13463797072310654,0.7203323286061856,296.2035518372346,291.24028197511507,4.963269862119546,3.887844159504889,1.0754257026146568,0.8813293144247425,1.3398496826362725
2022-04-02 00:00:00-04:00,299.27699192361627,300.012206844516,295.57195627521304,299.32537841796875,27110500.0,0.0,-0.021317430589812673,0.0,0.026711493925123397,0.012025492302071445,0.190898772146416,0.014011911869201324,0.22243220519076543,0.017362827133781115,0.2756263359179354,60.12418780193191,4.440250569302975,6.9366197698665175,0.8840153185192576,291.66747106545114,0.02558388932135365,292.1213073730469,309.66756473919213,274.5750500069016,0.12012993864729084,0.7052879681003033,296.68383284965523,291.83917800791903,4.844654841736201,4.079206295951152,0.7654485457850493,0.8211518724012132,1.3337726913680346
2022-04-03 00:00:00-04:00,299.27699192361627,300.012206844516,295.57195627521304,299.32537841796875,27110500.0,0.0,-0.021317430589812673,-0.01762060178549696,0.04192319148673995,0.008395929043989014,0.13328124165443525,0.014011911869201324,0.22243220519076543,0.017362827133781115,0.2756263359179354,60.1241878019319,4.440250569302975,6.75830768411198,0.8891619843853441,293.2270221753329,0.020373669198608065,293.71650848388674,307.1196163006508,280.31340066712266,0.09126560768373951,0.7092376637852101,297.09022447554963,292.3937113716264,4.696513103923223,4.202667657545566,0.4938454463776569,0.8369506551408402,1.3517462521938504
2022-04-04 00:00:00-04:00,299.9734775453708,304.8296921264754,299.605870116793,304.6942749023437,24289600.0,0.017777692682010106,1.299232882049549,0.013156432684892971,0.060611809836870645,0.012696217600233957,0.20154620616828195,0.013665152872544075,0.21692757677058927,0.017472061077586632,0.27736037101815264,65.39186608294335,5.504313708506629,6.668736685854455,0.8098647080221271,294.57313366544713,0.03321736596508237,295.06212921142577,307.05941059243366,283.0648478304179,0.08132037420777427,0.9014303484690264,298.2600783873641,293.30486422575365,4.955214161610456,4.353176958358545,0.6020372032519115,1.6057213938761032,1.849580894934522
2022-04-05 00:00:00-04:00,303.0496520148443,304.5974584115524,299.76058187305927,300.7376403808594,23156700.0,-0.013070638502049989,-0.9999607515642267,0.037996321825520596,0.04683914114449195,0.011022964569960492,0.174984137776749,0.01218871936981772,0.19348992151736163,0.01752816014616055,0.2782509161235263,59.1866223308509,4.933693029284427,6.544804996099453,0.7914469171381221,295.4497481416242,0.01758307417900371,295.85972595214844,307.076005900489,284.64344600380787,0.07582160709602402,0.7174479618544389,298.64124177097875,293.85544023724293,4.785801533735821,4.439701873434,0.34609966030182093,0.8697918474177556,1.4119288314693628
2022-04-06 00:00:00-04:00,295.23337365440614,296.98432119939486,287.03001760705087,289.72900390625,40110400.0,-0.03729224121672546,-2.7518729754713926,-0.006204886447521374,0.049919457633476716,0.020403678100219445,0.32389834850517285,0.014191683288360851,0.22528598799836497,0.018042229189865273,0.28641150920168323,46.083545724660084,13.70762277380851,7.056434837364385,1.3494562193128776,295.57494421289243,-0.020177269889534607,296.0667449951172,306.61793854853653,285.5155514416978,0.07127577636990852,0.19966710131986498,297.27012825332815,293.549778286799,3.72034996652917,4.2958314920530345,-0.5754815255238643,-1.2013315947205385,0.2868561509640845
2022-04-07 00:00:00-04:00,286.9816333071018,293.7435789334034,286.6817492492974,291.5379638671875,31411200.0,0.006224216758507998,0.4402156398982478,0.014815941626855622,0.06846073731283986,0.0210793733681077,0.33462467835054577,0.014235082769041875,0.22597493339583302,0.01735420851876127,0.2754895196460055,48.116191395578234,7.061829684105987,7.056820183560214,1.0785179854287177,295.72570619464915,-0.014364312187380884,296.1122116088867,306.5721798338171,285.6522433839563,0.0706486785404595,0.28134504602046045,296.38825680930654,293.4007549964574,2.987501812849132,4.034165556212255,-1.0466637433631227,-0.8746198159181572,0.4834270292408523
2022-04-08 00:00:00-04:00,290.63841169479065,291.2962202077955,286.6141244921044,287.2816162109375,24361900.0,-0.014707257751309018,-1.0905430463227395,0.0,0.03250857851403732,0.021185629781979184,0.3363114466284028,0.014101192782928401,0.22384949575804416,0.01733819939805681,0.2752353827334486,43.92052719075139,4.923839375083105,6.904464411526135,0.8647258587351886,295.75312795164916,-0.02948852715480209,295.9448608398437,306.8709434160666,285.01877826362085,0.07383863700296349,0.10355211630200363,294.98723517878824,292.94748545678925,2.0397497219989873,3.635282389369601,-1.5955326673706138,-1.5857915347919818,0.04527315564022995
2022-04-09 00:00:00-04:00,290.63841169479065,291.2962202077955,286.6141244921044,287.2816162109375,24361900.0,0.0,-0.013732101137252655,0.0,0.06125202487080794,0.016763268429511303,0.26610863655064315,0.014101192782928401,0.22384949575804416,0.01733819939805681,0.2752353827334486,43.9205271907514,4.682095715691105,6.745723790395061,0.8949493673025112,295.7824665744379,-0.029590652112102427,295.77751007080076,307.14024668225505,284.41477345934646,0.07683299929554738,0.12615106948360896,293.80175533758046,292.527791438578,1.2739638990024673,3.1630186912961746,-1.8890547922937073,-1.4953957220655654,0.05726737218630536
2022-04-10 00:00:00-04:00,290.63841169479065,291.2962202077955,286.6141244921044,287.2816162109375,24361900.0,0.0,-0.013732101137252655,0.04105061838356594,0.06125202487080794,0.017511997798041204,0.27799434680116647,0.014101192782928401,0.22384949575804416,0.01733819939805681,0.2752353827334486,43.9205271907514,4.682095715691105,6.598321785059065,0.901555487504198,295.73408260926635,-0.029422232128221527,295.67158660888674,307.3205327347863,284.0226404829872,0.07879652055514376,0.1398828569008705,292.7986570104046,292.1391858661602,0.659471144244435,2.662309181885827,-2.002838037641392,-1.4404685723965203,0.08173160430210966
2022-04-11 00:00:00-04:00,282.2705132557711,283.06373875112814,275.7020251620772,275.9535522460937,34569300.0,-0.04023041321876095,-2.897740673531286,0.011345253242139863,0.019404826365319927,0.01870113852368478,0.29687137060463714,0.01654692031926191,0.2626742167726111,0.017940840432290862,0.284802012572005,34.0507242506642,11.579591048860323,6.954126732473441,1.2630105600708499,294.5652931118646,-0.0674451939983475,294.7622543334961,309.3764742746883,280.14803439230394,0.09915937150255028,-0.1435068776537134,290.20710243127985,290.94025004245157,-0.7331476111717166,1.9832178232743183,-2.716365434446035,-2.5740275106148554,-1.0917588564164424
2022-04-12 00:00:00-04:00,279.8036586261084,281.2547217643662,271.3391236529376,272.85791015625,30966700.0,-0.011281378519167929,-0.8080544045086873,-0.01933114736836905,0.007969160973804845,0.016470174380959064,0.26145591277130925,0.016091172601035028,0.2554394460345303,0.017913226784256255,0.28436365949905995,31.938522070723607,9.915598111428608,7.165660402398809,1.1206371195145535,293.57447099026626,-0.0759243549954373,293.9191833496094,311.41888018292536,276.41948651629343,0.11907828971136274,-0.1017610874624666,287.5379959274291,289.6008174582885,-2.0628215308593667,1.1740099524475813,-3.236831483306948,-2.4070443498498646,-1.376084768257902
2022-04-13 00:00:00-04:00,273.50609081671024,279.1652139791266,272.1227213893597,278.2365417480469,21907200.0,0.01952043743122156,1.3959393915319107,0.027838457669898897,0.025310066931745645,0.02192095901458105,0.3479844363157258,0.016614687870583067,0.2637499932991446,0.017872440457372362,0.28371619663210057,39.01676305359387,7.04249258976688,7.156862701496529,0.7965022139301718,292.93673179875447,-0.052833427120507905,293.1220642089844,311.97220396887246,274.27192444909633,0.1286163142358923,0.10516148287099186,286.1070029767549,288.7590192575298,-2.6520162807748875,0.4088047058030876,-3.060820986577975,-1.5793540685160308,-0.7993003763627726
2022-04-14 00:00:00-04:00,278.69118355991185,278.9040073349883,270.20731168273284,270.7006530761719,28221600.0,-0.027458012340365153,-1.946670099586617,0.0,-0.01917309424279734,0.02331255096127009,0.37007527362024256,0.01701471145597041,0.2701001708521165,0.017840228985883375,0.2832048553745607,33.72475884639621,8.696695652255471,7.266850769407882,1.0156400418756821,291.77359721849314,-0.07784593019209153,291.9684661865234,313.31023446239504,270.6266979106518,0.146192282712048,0.001732639127276566,283.73679529974214,287.4213625033551,-3.6845672036129713,-0.40986967608012426,-3.274697527532847,-1.993069443490892,-1.5253061769345728
2022-04-15 00:00:00-04:00,278.69118355991185,278.9040073349883,270.20731168273284,270.7006530761719,28221600.0,0.0,0.007917820123677203,0.0,-0.022803659452161784,0.02331255096127009,0.37007527362024256,0.017027852518272137,0.270308778748998,0.017587740721659573,0.27919672843796944,33.72475884639621,8.696695652255471,7.368982546754139,1.0054092009676603,290.63389583179367,-0.07363573943803091,290.8148681640625,314.14741492129565,267.4823214068293,0.1604632315021126,0.06896657494846452,281.7312349576544,286.18279143467487,-4.4515564770204605,-1.2182070362681916,-3.233349440752269,-1.724133700206141,-1.4732009381757207
2022-04-16 00:00:00-04:00,278.69118355991185,278.9040073349883,270.20731168273284,270.7006530761719,28221600.0,0.0,0.007917820123677203,0.0,-0.003490130638082678,0.017236485911480713,0.27362073119067865,0.017027852518272137,0.270308778748998,0.017587740721659573,0.27919672843796944,33.72475884639621,8.696695652255471,7.4638191971470915,0.9953824210334743,289.51692655254686,-0.0695095237582612,289.66127014160156,314.60395973353866,264.71858054966447,0.17221970738265288,0.1199163487253026,280.03422236050324,285.03596637108205,-5.001744010578818,-1.9749144311303168,-3.0268295794485014,-1.5203346050987907,-1.4183736684678312
2022-04-17 00:00:00-04:00,278.69118355991185,278.9040073349883,270.20731168273284,270.7006530761719,28221600.0,0.0,0.007917820123677203,-0.00245991062047346,0.021165101723151336,0.016751036535855152,0.26591446125857776,0.017027852518272137,0.270308778748998,0.017587740721659573,0.27919672843796944,33.72475884639621,8.696695652255471,7.551881801083405,0.9977694646821301,288.00061698309355,-0.0639080981531791,288.1681213378906,313.92491126505996,262.4113314107213,0.17876224342642186,0.16091527105842224,278.59828862445227,283.9740913121998,-5.375802687747523,-2.6550920824537583,-2.720710605293765,-1.3563389157663115,-1.367096619170037
2022-04-18 00:00:00-04:00,269.81073402373755,273.2449056189471,269.25932284261444,271.3681945800781,20778000.0,0.0024629411715471217,0.18146054952753835,-0.01675439794376532,0.0236832710736663,0.012600176629231043,0.2000216030186007,0.01597514692614171,0.2535975955457334,0.017592387990881607,0.2792705015497918,34.77875866768173,3.985582776332649,7.297146156458352,0.7473046966039321,286.44345755196895,-0.05555279974950144,286.480534362793,311.9823306574553,260.97873806813067,0.17803510700219072,0.20370048430906093,277.48596646377933,283.0403211838945,-5.554354720115157,-3.234944609986038,-2.3194101101291187,-1.1851980627637562,-1.2698981902017312
2022-04-19 00:00:00-04:00,270.2654313652648,276.8339207213191,269.3270757429713,275.9922790527344,22297700.0,0.016896340544462728,1.1994264940689554,-0.003701535090497532,0.04112672249218874,0.0073586011798605225,0.11681417231530453,0.016095148859772354,0.25550256718513475,0.017567451706080085,0.2788746503005516,41.69581224781554,7.506844978347772,7.312124643736167,0.8105123020651112,285.1406822270406,-0.03314731559051411,285.09912567138673,309.6677559093133,260.53049543346015,0.17235149480075979,0.3146651536845933,277.25616840054164,282.51824398899373,-5.262075588452092,-3.6403708056792494,-1.6217047827728424,-0.7413393852616263,-0.8219000738805281
2022-04-20 00:00:00-04:00,279.95849984253823,280.2487302430821,276.05997725645005,277.0176696777344,22906700.0,0.003708402723939456,0.262278176460393,0.0197642254812902,0.020090947554850302,0.007051259474158694,0.11193527399047189,0.016201107745417144,0.2571846123488166,0.01757649787666557,0.27901825380667156,43.13599559819612,4.256451190347718,7.093862254208422,0.848872450861789,283.9839882979056,-0.02514756054469538,284.03743133544924,308.0416553524949,260.0332073184036,0.16902155398452806,0.35378070016489477,277.2194762893405,282.11079404001157,-4.891317750671078,-3.890560194677615,-1.000757555993463,-0.5848771993404209,-0.7207066703130806
2022-04-21 00:00:00-04:00,279.1652405373938,283.73125459736195,270.9232109682988,271.64874267578125,29454600.0,-0.019571449087625543,-1.378616988866686,0.02474158372061197,0.03919004363451606,0.013094861022874759,0.207874474316877,0.016277284705066,0.2583938840939999,0.01735143367580346,0.2754454703796438,37.86237663052307,12.80804362906315,7.502018066698046,1.0868029957870362,282.54638081981835,-0.040116652249863986,282.65359954833986,306.13224217495923,259.1749569217205,0.16613015128154435,0.26564111802439483,276.3624403487929,281.33582727229077,-4.973386923497856,-4.107125540441663,-0.8662613830561927,-0.9374355279024202,-1.2082075373081465
2022-04-22 00:00:00-04:00,272.4904155001635,273.9608456492988,264.46120795557385,265.0899963378906,29405800.0,-0.02444046736112936,-1.705493685694318,0.0,-0.03244789162219297,0.01730571110287064,0.27471964703595025,0.016728044055774414,0.26554946695266834,0.017574922698450277,0.2789932486277019,32.616435239635294,9.499637693724935,7.644705182914252,1.0804272724684088,280.7676906802019,-0.059141025911547684,280.94183044433595,304.29428105750907,257.58937983116283,0.1662440269306925,0.16059591841073623,274.6282181932695,280.1324323882611,-5.504214194991619,-4.386543271351654,-1.117670923639965,-1.357616326357055,-1.7604030838302511
2022-04-23 00:00:00-04:00,272.4904155001635,273.9608456492988,264.46120795557385,265.0899963378906,29405800.0,0.0,0.01695220212686154,0.0,-0.053861520079033,0.01710290536369705,0.27150020573409056,0.016728044055774414,0.26554946695266834,0.017574922698450277,0.2789932486277019,32.616435239635294,9.499637693724935,7.777200362257872,1.0758905720450218,279.0039379352905,-0.052487614733167,279.23006134033204,301.91821382443584,256.54190885622825,0.16250508541378683,0.18838218509972335,273.16079944628814,279.01817786601146,-5.857378419723318,-4.680710301025987,-1.1766681186973313,-1.2464712596011063,-1.7005570388959874
2022-04-24 00:00:00-04:00,272.4904155001635,273.9608456492988,264.46120795557385,265.0899963378906,29405800.0,0.0,0.01695220212686154,-0.023831563285417245,-0.012575287637566768,0.012934988125908561,0.20533657075636494,0.016728044055774414,0.26554946695266834,0.017574922698450277,0.2789932486277019,32.616435239635294,9.499637693724935,7.900231600219805,1.0659141492130466,277.1314189726123,-0.045423904338409614,277.2498474121094,297.3452177709769,257.15447705324186,0.14496217434520262,0.19744645515197098,271.9191374296116,277.98646071578025,-6.06732328616863,-4.958032898054515,-1.1092903881141147,-1.2102141793921168,-1.6698188421464581
2022-04-25 00:00:00-04:00,264.37414191731386,271.9389982729353,261.93633599555227,271.5617370605469,35678900.0,0.02412012885801125,1.7024418328437083,0.038857204364945996,0.011531079293789492,0.01925501257878031,0.3056638486492392,0.017224598484612073,0.2734320241393413,0.01785283195408847,0.28340492129247236,42.444281769302805,10.002662277383024,8.05040522001718,1.264603376183963,275.8104874202164,-0.01564561490016633,275.7910522460937,292.68876361984974,258.8933408723377,0.12253995360718123,0.3748553844955761,271.8641527574478,277.510555259837,-5.646402502389208,-5.095706818921454,-0.5506956834677537,-0.5005784620176955,-1.0661480464399387
2022-04-26 00:00:00-04:00,268.4467917071966,269.2787207469881,261.1914730124075,261.404296875,46518400.0,-0.03812126702704389,-2.6151628778311227,-0.04590032790960885,-0.026304024226179168,0.024170212315768727,0.3836902255389278,0.01858977384423564,0.2951035111246841,0.018474597731073277,0.2932751470102682,34.05022012250356,10.370264048139347,8.216109422025905,1.6302848084962769,273.65790791407795,-0.04687608882319736,274.37481689453125,291.10095696671306,257.64867682234944,0.12192183132179567,0.11226798401912051,270.25494416014817,276.31749908318244,-6.06255492303427,-5.289076439744017,-0.773478483290253,-1.5509280639235203,-1.862520507810067
2022-04-27 00:00:00-04:00,272.896616257244,281.4772316465628,270.05253011513526,273.9800720214844,63477700.0,0.0469871349091342,3.1891284351056792,-0.02213175731976036,-0.004394280216346025,0.03172218177654171,0.503574024150687,0.020634345626773725,0.32756008196997893,0.019152017783221856,0.3040288569569495,47.81160345290255,20.072934771562814,9.063025518421398,2.106288118336005,272.7600422389528,0.0044529873049887845,273.4969223022461,288.1439705002831,258.8498741042091,0.10710941881715434,0.5164930746695782,270.8280407541999,276.14435633787144,-5.316315583671553,-5.294524268529525,-0.021791315142028367,0.06597229867831265,-0.7693279203694301
2022-04-28 00:00:00-04:00,275.8858196802896,281.48693206044686,272.2774984573496,280.18096923828125,33646600.0,0.0223803392088829,1.5205651333121732,0.04363656411576766,0.02785840115493099,0.032134855743666084,0.5101250202880562,0.02127349440151039,0.3377062542223281,0.018297051406676874,0.2904566864869893,53.01743291804416,9.209433603097239,9.073483238755387,1.0995092719402042,272.58997823455616,0.027093171332665707,273.14188995361326,286.68467857467016,259.59910133255636,0.0991630293204519,0.7598829340702894,272.26695282867394,276.4433647008648,-4.17641187219084,-5.070901789261788,0.8944899170709473,1.0395317362811565,-0.23310658464821035
2022-04-29 00:00:00-04:00,279.1942245202134,280.4228102800614,267.47932156887543,268.4660339355469,37073900.0,-0.04271131019002139,-2.837828027249438,0.0,-0.04296879037108847,0.040422481766661425,0.6416870047837738,0.02293018280712712,0.3640053673494439,0.01901847041759141,0.3019088582507136,44.072900171152526,12.943488711185978,9.349912201071858,1.1868558734862136,271.7723488702082,-0.012315580061256812,272.20111083984375,284.1255598622339,260.2766618174536,0.08761499161850367,0.34338576577904595,271.68219607588514,275.8524513108412,-4.170255234956073,-4.890772478400645,0.7205172434445721,-0.6264569368838165,-1.1865115880114676
2022-04-30 00:00:00-04:00,279.1942245202134,280.4228102800614,267.47932156887543,268.4660339355469,37073900.0,0.0,0.023507148843745433,0.0,0.0006125088293404968,0.03860008979961989,0.6127574291673316,0.02293018280712712,0.3640053673494439,0.01901847041759141,0.3019088582507136,44.072900171152526,12.943488711185978,9.606596237508581,1.1631877718434007,270.98732958992156,-0.009391488440507873,271.26033172607424,280.9311467652727,261.5895166868758,0.07130283280022139,0.35552935408229186,271.1874019004485,275.30530928304165,-4.11790738259316,-4.736199459239149,0.6182920766459894,-0.5778825836708329,-1.1500882778913013
2022-05-01 00:00:00-04:00,279.1942245202134,280.4228102800614,267.47932156887543,268.4660339355469,37073900.0,0.0,0.023507148843745433,-0.02443153262291453,0.010155414355029535,0.033131617200005556,0.5259481178676291,0.02293018280712712,0.3640053673494439,0.01901847041759141,0.3019088582507136,44.072900171152526,12.943488711185978,9.844945699914112,1.1586354104488108,270.57300067485414,-0.007848168754983384,270.8859558105469,280.36969021271267,261.4022214083811,0.0700201261729387,0.3724172476589304,270.76872990584826,274.79869629433836,-4.029966388490095,-4.594952845089338,0.5649864565992431,-0.5103310093642774,-1.1120560223949072
2022-05-02 00:00:00-04:00,268.64986271938767,275.6439987559044,267.2084825593842,275.1893310546875,35151100.0,0.024734934424415034,1.6649559764326767,0.009546317873610377,0.03545312106174836,0.02707892909362852,0.42986467291015645,0.02205371959104903,0.3500919451312129,0.019281330641631882,0.3060816349450045,50.106535824834005,8.435516196520211,9.744272163957406,1.091407738413121,270.71507016814786,0.0162588457531825,271.0025268554688,280.64431577969117,261.3607379312464,0.07115645035564233,0.717117602974097,271.4488223902851,274.8276322025124,-3.3788098122273027,-4.3517242385169315,0.9729144262896288,0.8684704118963897,-0.541052731199688
2022-05-03 00:00:00-04:00,274.6959996581533,274.8604665193033,271.0103005471974,272.5871276855469,25978600.0,-0.00950103971286966,-0.6148954978160811,-0.028277861769284374,0.025661827228200096,0.024368735515402185,0.3868416836331695,0.022012099506757168,0.349431246775722,0.019251243761658435,0.305604020532191,47.95032153430874,4.179030507490097,9.34675490278117,0.8015441818733263,270.53589942421485,0.007525037145915047,270.7200561523438,279.78315239617655,261.656959908511,0.0669554843674578,0.6030040663241109,271.6239462818638,274.6616689049594,-3.03772262309559,-4.088923915432663,1.0512012923370735,0.412016265296443,-0.7413559804081099
2022-05-04 00:00:00-04:00,273.37070203873003,281.3902550491014,267.7018944721031,280.5196228027344,33599300.0,0.028685381406958876,1.906067439168407,0.045538012514061865,0.09600149566389815,0.016875702060311783,0.2678934651072319,0.02250480053970479,0.35725263319902634,0.01947070087516068,0.3090877942068171,54.39320605226208,13.68836057699832,9.65686959379668,1.028143725859348,271.0420206103805,0.033785879567571814,271.21100463867185,281.2778774712028,261.1441318061409,0.07423646283042856,0.9623391155782677,272.9925119004593,275.09559141590574,-2.1030795154464386,-3.6917550354354187,1.5886755199889802,1.8493564623130745,-0.09067828237207987
2022-05-05 00:00:00-04:00,276.22450731739383,277.0080793908521,265.3898860340184,268.3016967773437,43260400.0,-0.044531597440874426,-2.8786766614875683,0.009537063989789152,0.02912838425493991,0.029613873548659835,0.4701056686024066,0.023830493696229044,0.3782973596406867,0.02017458345283186,0.3202615837230714,45.12754577680546,15.129736768715986,10.047788677719488,1.2940005859740427,270.8791300456794,-0.009606473977966126,271.09105682373047,281.2403635143231,260.9417501331378,0.07487747334425687,0.36258371475894896,272.27084803536457,274.59233996119747,-2.321491925832902,-3.4177024135149154,1.0962104876820136,-0.5496651409642042,-1.0660848247598222
2022-05-06 00:00:00-04:00,265.84443636998407,270.13958558945643,262.4199191226848,265.7670593261719,37780300.0,-0.009491873292201504,-0.5956605987156771,0.0,0.05442324099489726,0.0299068458824138,0.4747564602192178,0.02391192914818003,0.37959010736328547,0.020047474272011173,0.3182437880322433,43.47308962629841,7.719666466771628,9.881494234080357,1.114152544497183,270.6017757097029,-0.01819155615368215,270.8443771362305,281.2697060274405,260.41904824502046,0.07698390493789908,0.2564912405622289,271.2702651570272,273.9386154697141,-2.6683503126868686,-3.2678319933493065,0.5994816806624379,-0.9740350377510857,-1.2588205149666307
2022-05-07 00:00:00-04:00,265.84443636998407,270.13958558945643,262.4199191226848,265.7670593261719,37780300.0,0.0,0.021456812590468603,0.0,0.07589565313647628,0.026189342817644776,0.4157429285742221,0.02391192914818003,0.37959010736328547,0.020047474272011173,0.3182437880322433,43.47308962629842,7.719666466771628,9.727077964986877,1.0986674328391066,270.3321310233299,-0.017176965831402713,270.59769744873046,281.26794160320446,259.92745329425645,0.07886426422010241,0.27363975684974795,270.42361810612636,273.33331501463687,-2.9096969085105115,-3.196204976381548,0.28650806787103633,-0.9054409726010071,-1.2551039699259432
2022-05-08 00:00:00-04:00,265.84443636998407,270.13958558945643,262.4199191226848,265.7670593261719,37780300.0,0.0,0.021456812590468603,0.03836263434773546,0.05212146063053558,0.026304021467992007,0.41756339571126594,0.02391192914818003,0.37959010736328547,0.020047474272011173,0.3182437880322433,43.47308962629842,7.719666466771628,9.583691429400075,1.0721617594891806,270.0568602083994,-0.01614120611148707,270.31764068603513,281.19475124504595,259.4405301270243,0.080476512974928,0.29081846529115835,269.7072244476718,272.77285163030615,-3.06562718263433,-3.1700894176321044,0.1044622349977744,-0.8367261388353666,-1.2215405026317268
2022-05-09 00:00:00-04:00,261.24944034580705,263.47439231628505,254.7293385440412,255.94821166992188,47726000.0,-0.037645082448658156,-2.388830099997709,-0.01825604275846404,0.013250502115229601,0.021270204120500836,0.33765402263055927,0.02519903905460913,0.40002234369779954,0.020021587156844465,0.3178328428188913,36.92348665479367,11.037720782130663,9.68755066888083,1.3072423543674196,268.9534371829374,-0.05081194132267451,269.31543731689453,281.5943925684446,257.03648206534444,0.09118641971571684,-0.044314454003942495,267.5904532510949,271.526582003611,-3.9361287525160833,-3.3232972846089006,-0.6128314679071827,-2.177257816015774,-1.915010184799468
2022-05-10 00:00:00-04:00,262.82625738724875,264.819048596667,256.4222361684426,260.70770263671875,39336400.0,0.018424740631796103,1.2105625394374941,0.03435038737877183,0.03209242556706893,0.020505125573966866,0.32550877722520144,0.025260859516170808,0.4010037131011641,0.020123363066414785,0.3194484852959741,41.52253204603205,8.870836926745142,9.629213973013995,1.0537363650001073,268.2715767328854,-0.029012852400093818,268.49993896484375,280.79147209323776,256.20840583644974,0.09155706459958197,0.1830242311219674,266.5315685411909,270.72518353198933,-4.193614990798437,-3.4973608258468083,-0.696254164951629,-1.2679030755121332,-1.5117675520497524
2022-05-11 00:00:00-04:00,257.01233937048545,262.5070256300987,250.84047838986655,252.04969787597656,48975900.0,-0.033773584621059775,-2.1122979133397455,0.020364130177288997,-0.0036331860386924486,0.024164059417912026,0.3835925513135005,0.026094871063705404,0.41424323597316015,0.019707909191449765,0.3128533594897207,36.33284238113039,11.666547240232177,9.774737777815295,1.2785283110827377,267.1047316733247,-0.05973041794621036,267.51998672485354,281.72990043094387,253.31007301876323,0.10623440797868557,-0.04434844464419509,264.3035884388502,269.34181422413656,-5.038225785286329,-3.8055338177347124,-1.2326919675516166,-2.17739377857678,-2.0742189336636665
2022-05-12 00:00:00-04:00,249.28301874671405,251.40157365565184,241.8632497249368,247.0193634033203,51033800.0,-0.020159553960169885,-1.237965179860944,-0.02209711735207176,-0.04298793828600156,0.023629428659371503,0.37510555113143623,0.02611216672279146,0.4145177960493761,0.019817930122038425,0.31459988761781765,33.69760174575744,10.18644815103977,9.804145661617044,1.2956731724352157,265.87873508415817,-0.07634774626977422,266.616455078125,283.5197163040846,249.71319385216538,0.1267983344914444,-0.07968374897703001,261.64447689492255,267.68829934852056,-6.043822453598011,-4.253191544907372,-1.7906309086906393,-2.3187349959081214,-2.3101014887820313
2022-05-13 00:00:00-04:00,248.9541244948476,254.4584941959466,247.0193732332159,252.6011199951172,34925100.0,0.022344915874072734,1.445923518200059,0.0,0.025319677159143072,0.02866478306897339,0.45503932431671057,0.02632310798247739,0.41786638473560606,0.01991506486025767,0.31614185378377857,38.98583150158853,7.439130792626287,9.635216028117704,0.880527674710183,265.3234072944297,-0.05036512624947373,265.9920112609863,284.01814480405733,247.96587771791533,0.13553890928990417,0.12857006373903124,260.25319121802943,266.5707305075277,-6.3175392894982565,-4.666061093825549,-1.6514781956727074,-1.4857197450438742,-1.8555710414032476
2022-05-14 00:00:00-04:00,248.9541244948476,254.4584941959466,247.0193732332159,252.6011199951172,34925100.0,0.0,0.03476004272109749,0.0,0.029127067622010783,0.02424445047184795,0.3848687197315935,0.02632310798247739,0.41786638473560606,0.01991506486025767,0.31614185378377857,38.98583150158853,7.439120962730698,9.478352094875776,0.8744436469941821,264.775753606859,-0.04819706900736281,265.36756744384763,284.3643861043363,246.37074878335898,0.1431736277607355,0.16398459455521133,259.07594949142754,265.5359445436454,-6.4599950522178915,-5.024847885504018,-1.4351471667138735,-1.3440616217791552,-1.776638673857721
2022-05-15 00:00:00-04:00,248.9541244948476,254.4584941959466,247.0193732332159,252.6011199951172,34925100.0,0.0,0.03476004272109749,-0.0014533829894290973,0.031490477269903616,0.02148717487647501,0.34109832660304734,0.02632310798247739,0.41786638473560606,0.01991506486025767,0.31614185378377857,38.98583150158852,7.439120962730698,9.332692728293985,0.8752696129690402,263.93956122878865,-0.04488674172897822,264.4195365905762,283.99833828251485,244.8407348986375,0.14808891918038752,0.19818335204025622,258.07982187661054,264.5778093919026,-6.4979875152920386,-5.319475811461622,-1.1785117038304165,-1.2072665918389753,-1.699001369519757
2022-05-16 00:00:00-04:00,251.4790134674996,257.1478512045174,247.43538956782544,252.96878051757807,32550900.0,0.0014544401749404766,0.12624506349669265,-0.019938474227525926,0.03299180999476947,0.015043010384109198,0.23880038667669098,0.02564158792887002,0.40704758928351503,0.019858631332370463,0.31524599930140507,39.38357360232685,9.712461636691955,9.35981907889384,0.8303010963497606,263.6345234880721,-0.04216228954684347,263.9977607727051,284.2034674018956,243.79205414351458,0.15307483343835684,0.22708254015739754,257.29350782137476,263.71788132713783,-6.4243735057630715,-5.5404553503219125,-0.883918155441159,-1.09166983937041,-1.6056052424787148
2022-05-17 00:00:00-04:00,257.4283458213499,259.57592116021584,253.8974302497728,258.1152038574219,28828800.0,0.020139927887705276,1.2961161828183918,0.04770159963690568,0.054007103462791584,0.011411564555194776,0.18115297129922875,0.024833547425268086,0.39422034395272637,0.019416847587808768,0.3082328997731183,44.807276396947394,6.6071406426377735,9.163199190589838,0.7693571223938543,262.5459205913373,-0.01716565575254858,263.20451736450195,283.0016914995261,243.40734322947785,0.15043187201538616,0.37146363737649946,257.41992259615125,263.30286818123295,-5.8829455850817,-5.60895339727387,-0.2739921878078295,-0.514145450494001,-1.2332104276860782
2022-05-18 00:00:00-04:00,255.01236815888072,255.5941513427868,245.0930699203447,246.36328125,31356000.0,-0.046598812183773215,-2.845710192069898,0.0037133691546979986,-0.025206242359926634,0.024769623247647983,0.3932055790922437,0.024256791761712963,0.385064631634637,0.019950924784222394,0.3167111124288446,36.726193372566314,13.022133937077172,9.438837386767505,0.8393662672252984,261.0725829486657,-0.05970573871249608,261.5136329650879,280.9796844249324,242.0475815052434,0.1488721734246506,0.11085195561255057,255.71890085058953,262.0480839641046,-6.329183113515057,-5.752999340522107,-0.57618377299295,-1.5565921775497982,-1.88138306827183
2022-05-19 00:00:00-04:00,246.1887405470746,249.8442599742027,244.23010107031448,245.4518280029297,32692300.0,-0.0037064916200834903,-0.1916622516264473,0.002296518789806745,-0.02495964894032554,0.024637653613856836,0.39111062610250186,0.023435360287601865,0.3720248112371621,0.01994086915424851,0.3165514842517227,36.18117165737055,5.614158903888239,9.165646066561843,0.8803001264888015,260.0159975950389,-0.059336162662171746,260.36292266845703,280.7954407294209,239.9304046074932,0.1569541304234195,0.13511363060985454,254.1393511817188,260.81873167068426,-6.67938048896545,-5.938275570210776,-0.7411049187546732,-1.459545477560583,-1.846261666456328
2022-05-20 00:00:00-04:00,249.42729026419417,250.68782539404745,238.9553115969885,244.88943481445312,39199300.0,-0.0022938858208688103,-0.10487687107498267,0.0,-0.03794002022180931,0.024525097292124355,0.38932384988774793,0.021905402826660557,0.347737489488211,0.0197775711601168,0.31395920895931356,35.82786714549924,11.732513797058942,9.34899376159735,1.0525012857794738,258.79938845939364,-0.0568009545020991,259.18409271240233,280.3552878199336,238.01289760487106,0.1633680129515001,0.16240314197321487,252.7162871252164,259.63878375540787,-6.9224966301914606,-6.135119782206914,-0.7873768479845467,-1.3503874321071414,-1.793755295298766
2022-05-21 00:00:00-04:00,249.42729026419417,250.68782539404745,238.9553115969885,244.88943481445312,39199300.0,0.0,0.03725242612779559,0.0,-0.05016934001721274,0.024419998208676148,0.38765545366079923,0.021905402826660557,0.347737489488211,0.0197775711601168,0.31395920895931356,35.82786714549924,11.732513797058942,9.519245192701751,1.049506676199856,257.5897023924828,-0.051861231121107305,258.00526275634763,279.62120544043904,236.38932007225623,0.16756202918624066,0.1966167949837481,251.5121560004836,258.5462393894112,-7.034083388927598,-6.314912503551051,-0.7191708853765473,-1.2135328200650084,-1.7186039153798147
2022-05-22 00:00:00-04:00,249.42729026419417,250.68782539404745,238.9553115969885,244.88943481445312,39199300.0,0.0,0.03725242612779559,-0.031037859384191124,-0.07568423182969675,0.020230634810800723,0.32115137144606976,0.021905402826660557,0.347737489488211,0.0197775711601168,0.31395920895931356,35.82786714549924,11.732513797058942,9.677335807298693,1.0438497974509107,256.10313799659906,-0.04579088187549736,256.4902679443359,277.26606965685494,235.71446623181694,0.16200070185140752,0.22080901400564407,250.49327581801737,257.53462423571057,-7.0413484176932,-6.460199686379481,-0.5811487313137196,-1.1167639439774228,-1.6466919088650052
2022-05-23 00:00:00-04:00,247.7304758561138,253.55793981579865,245.73302803213775,252.73374938964844,33175400.0,0.03152973842656625,1.9690667213869515,0.003967278363758098,-0.04607648800099795,0.014855762712411059,0.23582792203935612,0.022401478113321965,0.35561244052863794,0.020241186095542957,0.32131886789871084,45.15728423161632,8.668505001345522,9.605276464016324,0.8750525717597102,255.39095561895056,-0.010513855928301096,255.49759902954102,274.8859075327577,236.10929052632434,0.1517690074338035,0.4287238069418475,250.83796405980675,257.179003876743,-6.341039816936274,-6.436367712490839,0.09532789555456578,-0.28510477223261005,-1.1606114749447143
2022-05-24 00:00:00-04:00,250.05760735374932,253.39310349464947,245.8009223450929,251.73504638671875,29043900.0,-0.003959429467273197,-0.210012868630434,-0.011046704322847822,-0.049846013354455376,0.014893655409088104,0.2364294499508345,0.02236671059560895,0.3550605232952079,0.02010460493733555,0.31915070922834704,44.27475272803156,7.592181149556552,9.461483941554913,0.7707081084243882,254.12985016293172,-0.009513191788695316,254.05837020874023,269.4971010206119,238.61963939686854,0.12153687988462553,0.42475664449583683,250.9759767254855,256.77574776637084,-5.799771040885332,-6.309048378169739,0.5092773372844066,-0.3009734220166527,-1.1775621924424284
2022-05-25 00:00:00-04:00,250.30000184980992,256.5443843282188,249.32066725672647,254.5469512939453,28547900.0,0.01110817225898002,0.719300588661004,-0.012711598083752551,-0.03923270108022747,0.014439425161850282,0.22921876831790655,0.021398600988035716,0.33969225971426126,0.02010976192332971,0.31923257384307824,47.392216148328636,7.223717071492359,9.30164345083616,0.7726283773854119,253.31633524645338,0.004834534616251783,253.37063293457032,267.28836226924574,239.4529035998949,0.10986063517684377,0.5422597081423419,251.52535742832546,256.6106517313764,-5.085294303050915,-6.064297563145974,0.9790032600950589,0.16903883256936794,-0.9846098609365151
2022-05-26 00:00:00-04:00,254.3045527743794,258.9975529486111,253.4900680754524,257.8243103027344,25002100.0,0.012793081707866942,0.8192101420559389,-0.026862569179380236,-0.02195884288490868,0.013847306231370435,0.21981917169816723,0.019637408052419758,0.3117341886035996,0.020077663518333243,0.31872302746046327,50.84392852847835,5.507484873158688,9.0306321238592,0.6885703615737303,252.82379645318676,0.01939504402698128,252.97349548339844,265.8133974622253,240.13359350457162,0.10151183588851076,0.6888961001156777,252.49442710131143,256.7005523662918,-4.206125264980358,-5.692663103512851,1.4865378385324934,0.7555844004627135,-0.7695410811431326
2022-05-27 00:00:00-04:00,260.32590258710013,265.0382834774228,259.4338312366583,264.9413146972656,26910800.0,0.027229962350227177,1.690483854170808,0.0,0.003009746583289008,0.014138075814116077,0.22443499572676914,0.020541455912001575,0.32608550346212195,0.020414796153261645,0.3240748421256502,57.38312118283757,7.2139731746884195,8.900870770347002,0.7523984959746759,252.59605904285996,0.046596189305212476,252.9322082519531,265.60309466343335,240.26132184047287,0.10019195656457007,0.9738858062223598,254.4093328853044,257.3109792056232,-2.901646320318804,-5.134459746874042,2.2328134265552384,1.8955432248894377,-0.33263102706366526
2022-05-28 00:00:00-04:00,260.32590258710013,265.0382834774228,259.4338312366583,264.9413146972656,26910800.0,0.0,0.021111492365959196,0.0,-0.004880233347046237,0.012238942631001776,0.19428719107210357,0.020541455912001575,0.32608550346212195,0.020414796153261645,0.3240748421256502,57.38312118283757,5.604452240764488,8.665412303948251,0.764007596127667,252.36129390342631,0.047482291722655,252.89092102050782,265.38993247159027,240.39190956942537,0.09884903262358608,0.9820538697768056,256.0296377794523,257.87618924204116,-1.8465514625888773,-4.47687809001701,2.6303266274281327,1.9282154791072235,-0.30393841428288026
2022-05-29 00:00:00-04:00,260.32590258710013,265.0382834774228,259.4338312366583,264.9413146972656,26910800.0,0.0,0.021111492365959196,0.0,0.011924879564626067,0.011243276031715849,0.17848147380943977,0.020541455912001575,0.32608550346212195,0.020414796153261645,0.3240748421256502,57.38312118283757,5.604452240764488,8.446772299435125,0.7872694906304258,252.60608207141175,0.04655835817810707,253.340576171875,266.90439244129067,239.77675990245933,0.10707969859682885,0.9276354933953402,257.4006649975774,258.3995318683541,-0.9988668707766806,-3.781275846168944,2.7824089753922636,1.7105419735813612,-0.2745428346226814
2022-05-30 00:00:00-04:00,260.32590258710013,265.0382834774228,259.4338312366583,264.9413146972656,26910800.0,0.0,0.016592470974650775,0.0050390891760647705,0.011924879564626067,0.012090957137916218,0.19193799419800564,0.018662193512338054,0.29625313771565703,0.020174180795629486,0.3202551917381448,57.38312118283757,5.604452240764488,8.243749438101508,0.8018433207185566,252.6258406062642,0.04648378115385159,253.55225677490233,267.7189165932091,239.38559695659555,0.11174548393693529,0.9019669445173616,258.5607649513756,258.88410837419934,-0.3233434228237684,-3.089689361499909,2.7663459386761406,1.6078677780694444,-0.24641213565917613
2022-05-31 00:00:00-04:00,264.25290403889915,266.4248628217989,260.76223485872504,263.6129455566406,37827700.0,-0.00502643545721172,-0.29066737262913267,-0.002019167826038948,0.006851266246973742,0.012924169041978299,0.20516482312340686,0.018306123187208135,0.290600696538395,0.020058772557926992,0.3184231427608906,55.528632360136534,5.662627963073874,8.059383618456677,1.1461633462369136,253.29823977938213,0.039128221702003814,254.13041915893555,268.9668751842542,239.2939631336169,0.1167625353503218,0.8195684461815876,259.33802350603173,259.23439260993575,0.10363089609597864,-2.4510253099807318,2.5546562060767104,1.2782737847263501,-0.3050973752015124
2022-06-01 00:00:00-04:00,266.84186825760014,269.25623459703166,261.8385798988137,264.14630126953125,25292200.0,0.002021209093631237,0.1452369239095996,-0.007866304347701525,0.013655912051836916,0.002624121877238669,0.0416566433825849,0.016533180972132626,0.26245611139852826,0.02006331509314088,0.31849525327187683,56.141513908794195,7.417654698217973,8.013545838439626,0.7974415985531903,254.23592660855502,0.03751850627226395,254.98676605224608,270.07008699446567,239.9034451100265,0.11830669627088847,0.8036312511141627,260.0777585465701,259.5982376958317,0.47952085073842454,-1.8649160778369007,2.344436928575325,1.2145250044566496,-0.23831474695924817
2022-06-02 00:00:00-04:00,256.4183173881909,266.30851221318625,253.6548697199132,266.2406311035156,44008200.0,0.007897406935399975,0.505468557069642,0.01688752798891291,0.007632747553501407,0.004661885073645851,0.07400513127378573,0.015748235287840057,0.2499954849585389,0.020001862391012412,0.3175197218685277,58.55676622978416,12.653642493273054,8.34498131378487,1.3679533030460664,255.1457587916645,0.04167234830335643,255.66874160766602,271.51213683713814,239.82534637819387,0.12393689685995689,0.8336371195292667,261.0258927861002,260.0902668371416,0.9356259489586023,-1.3048076724778002,2.2404336214364022,1.334548478117064,-0.05353422505534888
2022-06-03 00:00:00-04:00,262.1003534639654,265.14500204030634,260.25806469793486,261.81915283203125,28059000.0,-0.01674651900271092,-1.0043242333952693,0.0,-0.0014424414867261204,0.009274429991788206,0.14722701186090245,0.015728156941226177,0.2496767510872728,0.020077377515293048,0.3187184873029519,52.04105187598478,5.982566405580769,8.176237391770293,0.8815952730230715,255.5795350347659,0.023831785145482974,256.12964324951173,272.13280884615074,240.12647765287272,0.12496144837908772,0.6777620042785295,261.14793279316655,260.21833246639267,0.9296003267738797,-0.8579260726274642,1.787526399401344,0.7110480171141177,-0.35221805046205074
2022-06-04 00:00:00-04:00,262.1003534639654,265.14500204030634,260.25806469793486,261.81915283203125,28059000.0,0.0,0.023602067042533714,0.0,0.019751293218211563,0.009274429991788206,0.14722701186090245,0.015728156941226177,0.2496767510872728,0.020077377515293048,0.3187184873029519,52.04105187598477,4.886937342371482,7.941287388241807,0.8912082161781019,256.0227710980241,0.022138875904643106,256.5905448913574,272.69646178221694,240.4846280004979,0.1255378829152017,0.6623194747652392,261.25119741453034,260.3369117527363,0.9142856617940538,-0.5034837257431607,1.4177693875372146,0.6492778990609593,-0.32196479528184785
2022-06-05 00:00:00-04:00,262.1003534639654,265.14500204030634,260.25806469793486,261.81915283203125,28059000.0,0.0,0.023602067042533714,0.004725528546345226,0.0673149545066003,0.009186623011314222,0.14583311925864445,0.015728156941226177,0.2496767510872728,0.020077377515293048,0.3187184873029519,52.04105187598477,4.886937342371482,7.723119527822498,0.8976113920734187,256.44192323939546,0.02053795352429973,257.0330635070801,273.20618847976846,240.85993853439174,0.12584470458403,0.6479642719954691,261.33857517106895,260.44670738823964,0.8918677828293085,-0.22441342402866685,1.1162812068579753,0.5918570879818769,-0.29300806854223493
2022-06-06 00:00:00-04:00,263.79720697367605,265.85281527967646,259.10420716791305,260.5877380371094,22400300.0,-0.004714398286790093,-0.26943148427373886,-0.013761583388849807,0.062295048928248775,0.009058790255778907,0.1438038371753171,0.015790589190448196,0.250667832318664,0.019917095762366506,0.3161740933552811,50.1018215688878,6.748608111763417,7.653511569532563,0.7240336018201444,256.5140489864003,0.015632696616480587,257.1566902160645,273.4022815278379,240.91109890429107,0.1263478021755823,0.6055993517009864,261.2230617658444,260.4571541029708,0.7659076628736443,-0.026349206648204615,0.7922568695218489,0.42239740680394605,-0.37377139990891395
2022-06-07 00:00:00-04:00,258.54186576604843,264.83474789857866,257.86311369538305,264.223876953125,22860700.0,0.013857151771987678,0.8679975174207567,0.007728986276611893,0.07711789668307545,0.010990093893337232,0.1744623319621196,0.015474388292070795,0.24564829867001314,0.019975051144708707,0.3170941065281719,55.38815215883626,6.971634203195606,7.604806043365638,0.7492010078181942,257.3244124481101,0.026112191617863996,258.0497200012207,273.7516393167076,242.3478006857338,0.1216968521834678,0.6966051674273566,261.68472564081065,260.7361706103896,0.9485550304210619,0.1686316407656487,0.7799233896554132,0.7864206697094287,-0.0010806435289715329
2022-06-08 00:00:00-04:00,263.4578629247985,264.7086925044536,261.4216362950806,262.1973571777344,17372300.0,-0.007699270678267415,-0.4669685794702686,0.02122434958731123,0.11619771511405941,0.008262993508602491,0.13117095545221946,0.011221076755628643,0.17812907122656532,0.019474730225039635,0.309151758153167,52.076774120298545,3.28705620937302,7.296395340937594,0.5839931099953475,258.1190965456049,0.015554163764377484,258.8869964599609,273.5091797326317,244.26481318729014,0.11296189822289684,0.6131965266760332,261.7635920311066,260.84440665241516,0.9191853786914521,0.3187423883508094,0.6004429903406427,0.45278610670413316,-0.16329014433333258
2022-06-09 00:00:00-04:00,259.6472278413425,264.4274912567582,256.59290269880853,256.748046875,26439700.0,-0.021002250193475062,-1.2849022503757306,0.046642413306761776,0.08303020913461734,0.012630423708933303,0.20050176052326946,0.012316591039860342,0.19551982134934134,0.01960033008818275,0.3111455941686495,44.39138352783126,7.834588557949644,7.334837713581312,0.9082854851996568,258.9475958326443,-0.00856695497557253,259.4799270629883,272.596418865216,246.36343526076055,0.10109831577872849,0.39586086625982253,260.99196969939794,260.5409725948289,0.45099710456906905,0.34519333159446136,0.10580377297460769,-0.4165565349607118,-0.6928967845754437
2022-06-10 00:00:00-04:00,252.6658293283701,252.6658293283701,244.86033026242535,245.30636596679688,31422800.0,-0.0455873389836683,-2.7587175045301193,0.0,0.004885538019874458,0.02204553202565653,0.3499619715599831,0.016129443902169714,0.25604698410544974,0.020296556976365687,0.3221978533819001,33.284410521316076,11.88771661257465,7.660043349223693,1.0940844448599414,259.1607255795525,-0.05647778262155192,259.50077362060546,272.5205955549014,246.4809516863095,0.10034514928522821,-0.04510759538187771,258.5787998943824,259.41248321497466,-0.8336833205922289,0.1094180011571233,-0.9431013217493522,-2.1804303815275126,-1.822050138579193
2022-06-11 00:00:00-04:00,252.6658293283701,252.6658293283701,244.86033026242535,245.30636596679688,31422800.0,0.0,0.030888378068863628,0.0,0.03273872883776341,0.02258429290809386,0.3585145354263364,0.016129443902169714,0.25604698410544974,0.020296556976365687,0.3221978533819001,33.28441052131606,7.805499065944758,7.670433043275198,1.1090996304154235,259.37970530031276,-0.057370461129495384,259.52162017822263,272.44390749863567,246.5993328578096,0.0995854396372745,-0.0500285614672201,256.53688698244616,258.36758564103553,-1.8306986585893696,-0.2786053307921753,-1.5520933277971944,-2.200114245868878,-1.7436842614741468
2022-06-12 00:00:00-04:00,252.6658293283701,252.6658293283701,244.86033026242535,245.30636596679688,31422800.0,0.0,0.030888378068863628,0.044291247411260004,0.021562790973131296,0.01920163937047469,0.30481657523413724,0.016129443902169714,0.25604698410544974,0.020296556976365687,0.3221978533819001,33.284410521316076,7.805499065944758,7.680080616323024,1.1125407075015101,258.98716163027075,-0.05577024309807606,259.1502510070801,273.2657231585978,245.03477885556242,0.1089365886906437,0.009620192237255496,254.8091145185001,257.4000878873882,-2.5909733688881147,-0.7410789384113632,-1.8498944304767515,-1.9615192310509777,-1.6846174815778714
2022-06-13 00:00:00-04:00,237.66570001230667,241.45695191998857,234.1944273628666,234.9022521972656,46135800.0,-0.04333842317097162,-2.5884781221078987,-0.009121049137884696,-0.0217644804497511,0.022252445550916114,0.35324662194437834,0.01707701185495949,0.2710891590259478,0.020393273895766402,0.3237331868797395,25.919163357989532,11.11193860393027,7.925213329723541,1.5854894235238426,257.4397651252683,-0.09594421814685804,258.3086112976074,275.87193534754016,240.7452872476746,0.1359871354013621,-0.16634194739552674,251.74652031523328,255.73358153997174,-3.9870612247384543,-1.3902753956767815,-2.5967858290616728,-2.6653677895821075,-2.5501980352132776
2022-06-14 00:00:00-04:00,236.45365859510807,238.27656531045733,234.1750252009215,237.0645294189453,28651500.0,0.009162900587033593,0.5947614407555665,-0.028876742551273482,-0.012759814204213349,0.026305704365381093,0.4175901108791073,0.017297411369740466,0.2745878928570864,0.02041484959244361,0.32407569044636464,29.414990095721663,4.101540109535819,7.6520938139958465,0.9844538311030236,256.5787183949107,-0.08231593745296041,257.4344902038574,277.36655031154044,237.5024300961744,0.15485151264618194,-0.010984832347066365,249.48775248503514,254.35068879026608,-4.862936305230932,-2.0848075775876116,-2.77812872764332,-2.0439393293882646,-2.2044582056325512
2022-06-15 00:00:00-04:00,240.76852264492,247.5462332180589,238.9359248223612,244.11373901367188,33111700.0,0.029301880076682142,1.805087182649347,0.027717774576369703,0.016596171725308695,0.02653312725577507,0.4212003373416631,0.01844925018066773,0.2928727671219617,0.02061912534257844,0.3273184674487922,39.4471083408867,10.481703799113575,7.854208812932827,1.122071635732775,255.82662152959227,-0.04798125072044554,256.7489616394043,277.5487835513701,235.94913972743848,0.16202458447468615,0.1962660863345285,248.66098118174847,253.59239621422205,-4.931415032473581,-2.6541290685648056,-2.277285963908775,-1.2149356546618868,-1.4861469861536762
2022-06-16 00:00:00-04:00,238.50925737974995,239.90552503927643,235.63916478659823,237.52993774414065,33169200.0,-0.027340590990586812,-1.6009313088905235,-0.010821650774353375,-0.0345629514953959,0.028985920693873835,0.46013722606938573,0.0189138517020379,0.30024808762768807,0.02061679922045546,0.3272815414048528,34.513246851958144,8.474574227073646,7.8985206282286,1.1122260465345544,254.39787780912985,-0.07101395396802059,255.37839279174804,277.47717514207505,233.27961044142106,0.1730669702220874,0.09616654970713137,246.94851296057803,252.4025844756975,-5.454071515119466,-3.2141175578757375,-2.2399539572437286,-1.6153338011714737,-1.9890488479338415
2022-06-17 00:00:00-04:00,237.2681232751404,242.8919722994284,236.61847386718773,240.12852478027344,43084800.0,0.010880630730037432,0.6935892262584198,0.0,-0.021649150876676404,0.029981866876202908,0.4759473815752672,0.017876251986123113,0.2837767027752373,0.02067993855835441,0.3282838473210082,37.8190310766852,6.273498432240672,7.782447614229462,1.4065725127652313,252.93118894910378,-0.05331588231987542,254.13775329589845,276.75594408080696,231.51956251098994,0.17799945495365754,0.19031058565098932,245.89928400976194,251.49339486862903,-5.594110858867083,-3.6901162180740066,-1.9039946407930763,-1.2387576573960435,-1.6824273290172933
2022-06-18 00:00:00-04:00,237.2681232751404,242.8919722994284,236.61847386718773,240.12852478027344,43084800.0,0.0,0.04009512711615287,0.0,-0.04330526403714552,0.020685819658639235,0.3283772068937426,0.017876251986123113,0.2837767027752373,0.02067993855835441,0.3282838473210082,37.8190310766852,6.273498432240672,7.6746655298016915,1.370392358337398,251.53995304862545,-0.0475221687169148,252.89711380004883,275.7410923953333,230.05313520476437,0.180658278396533,0.22052615601707984,245.01147489753293,250.65155263986196,-5.6400777423290265,-4.080108522925011,-1.5599692194040156,-1.1178953759316805,-1.6236135363474427
2022-06-19 00:00:00-04:00,237.2681232751404,242.8919722994284,236.61847386718773,240.12852478027344,43084800.0,0.0,0.04009512711615287,0.0,-0.07489738791383582,0.020564005178426735,0.3264434619693694,0.017876251986123113,0.2837767027752373,0.02067993855835441,0.3282838473210082,37.8190310766852,6.273498432240672,7.57458216569019,1.3360267957023058,250.21849366753182,-0.04201903500007372,251.6564743041992,274.4413507007261,228.8715979076723,0.1810791990114653,0.24702628789149417,244.26025180256994,249.87206909470723,-5.611817292137289,-4.386450276767467,-1.2253670153698222,-1.0118948484340229,-1.5721124746177004
2022-06-20 00:00:00-04:00,237.2681232751404,242.8919722994284,236.61847386718773,240.12852478027344,43084800.0,0.0,0.039593954828320295,-0.024001031502183356,-0.07489738791383582,0.014245262216279217,0.22613652711107768,0.017876251986123113,0.2837767027752373,0.020673880517009982,0.3281876788960312,37.8190310766852,6.273498432240672,7.481647613300939,1.3252249755546608,248.77068119974848,-0.0359897118736016,250.48225326538085,273.09257148926145,227.87193504150028,0.1805342927822149,0.2710397442754252,243.6246014914474,249.15032507141586,-5.5257235799684565,-4.614304937407665,-0.9114186425607915,-0.9158410228982983,-1.5145997845407437
2022-06-21 00:00:00-04:00,242.6592661630262,247.01290422725697,241.9320446589224,246.03358459472656,29928300.0,0.024293749436594292,1.4853840235219757,0.002409716302391951,-0.05214796127293897,0.010736933719061764,0.17044353878412763,0.018960195069687623,0.3009837657819985,0.02080319896746551,0.33024054565505645,46.13069847240779,6.88437944698353,7.438985601421123,0.9140333777039845,248.05175157705827,-0.008202810952236817,249.5766174316406,271.3167416175731,227.8364932457081,0.17421603361450427,0.4185139696854481,243.99521427656728,248.91945540647592,-4.924241129908637,-4.676292175907859,-0.247948954000778,-0.32594412125820904,-0.964230322345153
2022-06-22 00:00:00-04:00,244.23979365415195,249.3594472421385,242.76595376071091,245.442138671875,25939900.0,-0.002406817591842455,-0.10814420292850617,-0.022135324132313672,-0.04439577695461283,0.011182256877449365,0.17751282476503616,0.018922802953646668,0.3003901843417655,0.02079123241528732,0.3300505825283703,45.47503775620955,6.593493481427572,7.37859330713587,0.8147030279807913,246.68843322642147,-0.005077752994210191,248.53669281005858,268.864441264254,228.20894435586317,0.16357945560763285,0.42388349980922474,244.21781802969156,248.66187638909807,-4.444058359406512,-4.629845412607589,0.1857870532010777,-0.3044660007630999,-0.9832415972130866
2022-06-23 00:00:00-04:00,247.8080051297893,251.49258222219643,245.9269231515667,250.99806213378903,25861400.0,0.022383986754536515,1.375340623803101,-0.033022157109388495,0.009279260363768138,0.013276285709025691,0.21075450192433687,0.01961052748327709,0.3113074727972913,0.020888459892265093,0.33159402087648293,52.329380603254506,6.050443550321432,7.283725467363411,0.815050321747807,246.19504904650995,0.019135658046311697,247.9956382751465,267.38940961001464,228.60186694027834,0.15640413250616225,0.5774069108787643,245.26093250724503,248.8349271850011,-3.573994677756076,-4.418675265637287,0.8446805878812107,0.30962764351505695,-0.48018399819315183
2022-06-24 00:00:00-04:00,253.8584834422403,259.8411054436494,253.7712204115489,259.5696105957031,33923200.0,0.03357969703787891,2.022224067565516,0.0,0.02858697337319538,0.015909700482521855,0.2525586654616629,0.02085733806831278,0.3310999772373356,0.0211274078550337,0.33538720219111046,60.56568619908938,8.843043309860349,7.39510531325605,1.0593376079652674,246.21895558850122,0.05143381375255225,247.88316116333007,266.9629189674722,228.8034033591879,0.15394154015625536,0.806252562331687,247.46226759777704,249.6300889191272,-2.1678213213501465,-3.968504476779859,1.8006831554297125,1.2250102493267458,0.28982399974482925
2022-06-25 00:00:00-04:00,253.8584834422403,259.8411054436494,253.7712204115489,259.5696105957031,33923200.0,0.0,0.028654923137992408,0.0,0.04232368124975272,0.015909700482521855,0.2525586654616629,0.02085733806831278,0.3310999772373356,0.0211274078550337,0.33538720219111046,60.56568619908938,6.069885032100473,7.300446721744938,1.0497260819946874,246.24242831534707,0.05134338434214483,247.77068405151368,266.5283335192801,229.01303458374727,0.1514113708776503,0.8145097301360965,249.32493575130414,250.36634978405874,-1.0414140327546022,-3.383086387974808,2.3416723552202057,1.258038920544388,0.292833200239851
2022-06-26 00:00:00-04:00,253.8584834422403,259.8411054436494,253.7712204115489,259.5696105957031,33923200.0,0.0,0.028654923137992408,0.010608110741352261,0.031281602074887616,0.016284686853438226,0.25851138955656294,0.02085733806831278,0.3310999772373356,0.0211274078550337,0.33538720219111046,60.56568619908938,6.069885032100473,7.212549458198905,1.031339016614332,246.44119989815047,0.050577610635634165,247.71977767944335,266.335960113242,229.10359524564473,0.150300332159094,0.8182669958891732,250.90103957351937,251.0480728071435,-0.14703323362414267,-2.735875757104675,2.5888425234805323,1.2730679835566923,0.3207444000380003
2022-06-27 00:00:00-04:00,260.0641156254748,260.1513786610391,255.2838530472185,256.844970703125,24615100.0,-0.010552239512723776,-0.593003058710663,0.032790053658771745,0.02045648665769151,0.018217771684562366,0.28919815991463754,0.020956233812662223,0.3326698985089631,0.02093079983352318,0.33226614660704684,56.67792588322834,4.867525613820561,7.045047755029023,0.7463620870825002,246.21313120854333,0.04139399523952724,247.35083236694337,264.8486946240538,229.85297010983297,0.1414821376558171,0.7712942357379569,251.81549051653562,251.47747265129027,0.33801786524534805,-2.1210970326346703,2.4591148978800184,1.0851769429518296,0.11406218165745421
2022-06-28 00:00:00-04:00,255.96261499134835,258.8036202038124,248.5352550148448,248.69039916992188,27295500.0,-0.03226393004185026,-1.8609227627895357,-0.01452367863052062,-0.011941988555551397,0.023784682616784524,0.37757013129967704,0.021757040703088242,0.3453823137904883,0.02077515795395522,0.3297954083655059,46.961778475178605,10.268365188967579,7.275284714596063,0.8153687396129765,245.8993798071179,0.011222867356841422,246.67548446655275,262.7449741350801,230.6059947980254,0.1302885019423667,0.5626937987743136,251.3347072324412,251.2710227637815,0.06368446865968735,-1.6841407323757989,1.7478252010354862,0.25077519509725416,-0.6313546436028349
2022-06-29 00:00:00-04:00,249.76660859939216,254.01358628013196,247.9921866203894,252.35552978515625,20069800.0,0.01463017970036022,0.8987560005129773,0.01335493082467143,0.0026197383123134355,0.017374284832272605,0.27580822124276927,0.0220536210988369,0.3500903816158167,0.01995885381957541,0.3168369819629289,51.02549317850234,6.0213996597425705,7.185721496392242,0.6052819595527684,245.66223800921435,0.026523261771359868,246.45585861206055,262.05900982896077,230.85270739516034,0.1266202500096434,0.6890538356990861,251.49175685593582,251.35135661721668,0.14040023871913831,-1.3192325381568115,1.4596327768759498,0.7562153427963451,-0.25948998470182644
2022-06-30 00:00:00-04:00,249.2430741608317,251.64776426602208,245.2191205112344,249.02975463867188,31730900.0,-0.013266539836715776,-0.7378239108300351,-0.01059371419214572,-0.022902828175534795,0.01731106390598082,0.27480462015103,0.02178013711450337,0.34574895795518307,0.01978104913432932,0.3140144200883093,47.47120510066707,7.136409273921856,7.182199194787215,0.9565228531788109,245.84014806671132,0.012808134419874814,246.64202804565429,262.2762515297602,231.00780456154834,0.126776637444872,0.5763621741573867,251.11298728404904,251.17938610028745,-0.06639881623840438,-1.06866579377313,1.0022669775347257,0.30544869662954477,-0.5563292692531984
2022-07-01 00:00:00-04:00,248.60306405754403,251.88038351472105,246.87711172457043,251.69615173339844,22837700.0,0.010650227057452355,0.6657668581219589,0.0,-0.02490548856759256,0.019144353897779586,0.3039071965472091,0.019410802958366436,0.3081369442554866,0.019136020008162936,0.30377490015093195,50.45119780814279,5.00327179015062,7.026561523027458,0.6974638345072918,246.0699778841368,0.02235303881491602,246.96151733398438,262.7412924556031,231.18174221236566,0.12779136840399766,0.6500222393197311,251.20270489164128,251.21766503607347,-0.014960144432194511,-0.857924663904943,0.8429645194727485,0.6000889572789267,-0.2663657061044848
2022-07-02 00:00:00-04:00,248.60306405754403,251.88038351472105,246.87711172457043,251.69615173339844,22837700.0,0.0,0.03934585154552194,0.0,-0.032861688652361054,0.019120791982458443,0.3035331627370964,0.019410802958366436,0.3081369442554866,0.019136020008162936,0.30377490015093195,50.45119780814279,5.00327179015062,6.882040827821969,0.7067286632864677,246.30591363509302,0.021415655587833,247.28100662231446,263.17799049687204,231.38402274775692,0.12857424103613327,0.6388673834585128,251.27861979037314,251.2531084951346,0.025511295238544562,-0.6812374720762456,0.7067487673147902,0.5554695338340533,-0.23810253041087615
2022-07-03 00:00:00-04:00,248.60306405754403,251.88038351472105,246.87711172457043,251.69615173339844,22837700.0,0.0,0.03934585154552194,0.0,-0.03018793888790705,0.01089270368181971,0.17291631028327556,0.019410802958366436,0.3081369442554866,0.019136020008162936,0.30377490015093195,50.45119780814279,5.00327179015062,6.747843039416873,0.7331581366919039,247.34800462388552,0.017275381763160867,248.1207015991211,263.00658434696754,233.23481885127467,0.11998904284816166,0.6200953344468133,251.3428554739155,251.28592651278376,0.05692896113174584,-0.5336041854346474,0.5905331465663932,0.4803813377872534,-0.20170093357808247
2022-07-04 00:00:00-04:00,248.60306405754403,251.88038351472105,246.87711172457043,251.69615173339844,22837700.0,0.0,0.03856875561417022,-0.01244090942209708,-0.03018793888790705,0.008486156331088006,0.134713555433251,0.016525421090558906,0.262332927097444,0.01885061509162041,0.299244237558172,50.45119780814279,5.00327179015062,6.6232308073264266,0.7400644283836162,247.98629130763405,0.01473944039356608,248.85228271484374,262.8627361912935,234.841829238394,0.1126005622580856,0.6014909697011221,251.3972087446052,251.31631356616265,0.08089517844254601,-0.4107043126592087,0.4915994911017547,0.40596387880449103,-0.1748381184911151
2022-07-05 00:00:00-04:00,248.3801092623351,254.99298457519544,247.0032381844436,254.86692810058597,22941000.0,0.012518945437213682,0.7728523712280199,-0.012621603369780576,-0.017970600073586085,0.006379443949469572,0.10127053315903314,0.016601127620299715,0.2635347309993514,0.018902368494537945,0.3000657973598987,54.573210520103956,7.989746390751833,6.720839063285385,0.7558680596569385,248.4575770336667,0.025147833477985625,249.38994216918945,263.4599284434972,235.31995589488173,0.11283523426748668,0.6946336629125814,251.93101172244837,251.579322050194,0.3516896722543663,-0.2582255156764937,0.60991518793086,0.7785346516503254,0.2137971448145725
2022-07-06 00:00:00-04:00,255.73959933597524,259.8508160325724,254.4305945207555,258.1248779296875,23824400.0,0.012701932442481424,0.7989966922334909,-0.008159414283935185,0.006427007758719627,0.006907324851720574,0.10965038269433243,0.015678075386871153,0.24888173105870307,0.01860146435669624,0.29528909225670197,58.40240845192306,5.420221511816919,6.627937809609065,0.7972480946294577,249.44939988417448,0.03360961607069968,250.4196891784668,263.8342394883024,237.0051388686312,0.10713654628231274,0.7871951937729599,252.88391421586977,252.0641780412676,0.8197361746021556,-0.042633177620763824,0.8623693522229194,1.1487807750918404,0.6193261254441425
2022-07-07 00:00:00-04:00,257.067970916459,260.8883105802799,256.97100212276746,260.24835205078125,20859900.0,0.008192884493873114,0.5297725275307962,0.002764599161342529,0.058067599530484904,0.006361810586848979,0.10099061220540168,0.014118542738770593,0.22412491776854251,0.01779456816069123,0.2824800122458623,60.726143377906325,3.9173084575124335,6.4343214273164495,0.725005691287204,250.53874371260653,0.03730900988099291,251.4256805419922,264.60634769856733,238.24501338541708,0.10484742153754449,0.8346822814043934,254.01690465201,252.67041315308342,1.3464914989265822,0.23519175768870537,1.1112997412378767,1.3387291256175766,0.8944931541772112
2022-07-08 00:00:00-04:00,256.74802329518,259.95749231914675,255.29358006652836,259.5308532714844,19658800.0,-0.0027607846857944816,-0.11536313974363492,0.0,0.059116796476645916,0.007156943530920132,0.11361295638088309,0.014116848590954014,0.22409802400570142,0.01775978239821911,0.28192780538586026,59.516343549312744,4.954771984252886,6.328639324240481,0.7122560075360271,251.67149605457524,0.030282939842561942,252.39579696655272,264.91494454065577,239.87664939244968,0.09920250435677477,0.784965739987407,254.86520443962144,253.1785939025946,1.6866105370268372,0.5254755135563318,1.1611350234705053,1.1398629599496275,0.797502634815245
2022-07-09 00:00:00-04:00,256.74802329518,259.95749231914675,255.29358006652836,259.5308532714844,19658800.0,0.0,0.04921733147097017,0.0,0.053447786353041815,0.007156943530920132,0.11361295638088309,0.014116848590954014,0.22409802400570142,0.01775978239821911,0.28192780538586026,59.516343549312744,4.663912252618388,6.209730247696046,0.7438217594388078,252.90465100183067,0.025531462583842816,253.36591339111328,264.84645583156714,241.8853709506594,0.09062420660139636,0.7684951478707038,255.58299656760033,253.64913163362348,1.9338649339768494,0.8071533976404355,1.126711536336414,1.0739805914828127,0.8015213333478369
2022-07-10 00:00:00-04:00,256.74802329518,259.95749231914675,255.29358006652836,259.5308532714844,19658800.0,0.0,0.04921733147097017,0.011908895314759915,0.042614597646698726,0.006525253846628223,0.10358519351847531,0.014116848590954014,0.22409802400570142,0.01775978239821911,0.28192780538586026,59.516343549312744,4.663912252618388,6.099314676619072,0.7783151180905965,254.25217650985329,0.020339303381819065,254.33602981567384,264.28346078688924,244.38859884445847,0.07822274318290359,0.7611138227971948,256.19035913742863,254.0848147179095,2.105544419519134,1.0668316020161752,1.038712817502959,1.0444552911887832,0.7824465710560669
2022-07-11 00:00:00-04:00,257.5818628153171,258.4351408209991,254.2172499828831,256.4765014648437,19455200.0,-0.011838542420305189,-0.654935667290577,0.0427327362592973,0.030344334825110675,0.0071883216688575806,0.1141110688784037,0.014503089631707261,0.23022941044546055,0.017174292809096294,0.27263344629764213,53.81599828839116,5.313603288601286,6.043192434617802,0.7865614398029958,254.83687244012762,0.006392901553754323,254.8581756591797,264.03729802864814,245.67905328971125,0.07203317959666815,0.5881525346609862,256.23438103395404,254.26197669916388,1.9724043347901556,1.2479461485709713,0.7244581862191843,0.35261013864394464,0.3998367287344142
2022-07-12 00:00:00-04:00,257.8048865798043,257.8630619352438,244.3852139665222,245.96571350097656,35868500.0,-0.041844897985003224,-2.4043479149655247,0.003758956757799803,-0.011880706343438407,0.017759352443620965,0.28192098006820987,0.01669455677989248,0.2650178729282567,0.017800464206116848,0.28257360906535184,39.71810213587842,13.477847968721619,6.57423925848236,1.421608601349336,254.68924267638758,-0.035466443884571666,254.88435440063478,263.95272383172136,245.8159849695482,0.07115673657106979,0.008255537699814752,254.65458602888057,253.64743868448335,1.0071473443972252,1.1997863877362223,-0.19263904333899706,-1.9669778492007401,-0.8415341124603297
2022-07-13 00:00:00-04:00,242.5914416607407,245.84939515245568,240.5746118996446,245.0446014404297,29497400.0,-0.0037519095344639257,-0.15739614069994695,-0.005352582588117771,-0.006017590728071398,0.017645534241180292,0.2801141721182273,0.016706775685581564,0.2652118420427367,0.017301732164025824,0.27465648333995835,38.75983476564315,5.391101601331968,6.489729425828761,1.1607334514500118,254.31731730453316,-0.037840931037028666,254.5866813659668,264.5398673217226,244.63349541021094,0.07819093993725616,0.020651981789861353,253.1761268614266,253.01019148122012,0.16593538020649135,0.9930161862302761,-0.8270808060237848,-1.9173920728405565,-0.929286501523875
2022-07-14 00:00:00-04:00,242.959889571624,247.39108538558796,238.47050360298064,246.36328125,25102800.0,0.005366958981803599,0.38068001340889335,-0.010283555432630154,-0.020999530196117,0.018653445931579717,0.296114274176097,0.01595880929767181,0.2533382437340699,0.01713070754881632,0.2719415517404692,40.956100158031845,8.920581782607314,6.66336173702723,1.005249741657608,253.5607747055301,-0.029214960196224833,253.92636489868164,264.2336177840218,243.61911201334146,0.08118300665197047,0.13311836175871455,252.12799676736097,252.51782776038903,-0.3898309930280561,0.7164467503786096,-1.1062777434066657,-1.467526552965143,-0.7573116699141004
2022-07-15 00:00:00-04:00,247.95346694603757,252.46223474835,247.03232258587656,248.923095703125,29774100.0,0.010336796508356599,0.6704214105387944,0.0,-0.021161220751178766,0.020570438831449617,0.3265455930448908,0.01415263675487671,0.2246661434954158,0.016943379237307012,0.26896780698581757,45.07403943887454,6.098953498349999,6.6230468628359995,1.202301705078894,252.8704213533086,-0.015857611118942995,253.39403915405273,263.5730320871741,243.21504622093138,0.08034121849987932,0.28038380219423414,251.63493506517082,252.2515513117028,-0.6166162465319758,0.4498341509964926,-1.0664503975284685,-0.8784647912230611,-0.4474323302885272
2022-07-16 00:00:00-04:00,247.95346694603757,252.46223474835,247.03232258587656,248.923095703125,29774100.0,0.0,0.0614992112070011,0.0,-0.030660009908841768,0.020748536161451756,0.3293728005109923,0.01415263675487671,0.2246661434954158,0.016943379237307012,0.26896780698581757,45.07403943887454,5.4299121624734425,6.537822955667246,1.2124587105116933,252.16840383606188,-0.013037392628313446,252.86171340942383,262.79136862283815,242.93205819600948,0.07853822612786479,0.3016739946328655,251.21772900947147,252.00499904440073,-0.7872700349292643,0.2024133138113412,-0.9896833487406055,-0.7933040214685402,-0.4302373957248785
2022-07-17 00:00:00-04:00,247.95346694603757,252.46223474835,247.03232258587656,248.923095703125,29774100.0,0.0,0.0614992112070011,0.009714872051846069,-0.013980704793568388,0.0055036604085960126,0.08736790045018308,0.01415263675487671,0.2246661434954158,0.016943379237307012,0.26896780698581757,45.07403943887454,5.4299121624734425,6.458686470439117,1.1998551667567006,251.74176175295702,-0.01132344124947596,252.46561965942382,262.35819333035045,242.57304598849717,0.07836768970184314,0.32095033738743034,250.86470850080278,251.77670990800993,-0.9120014072071569,-0.020469630392358412,-0.8915317768147986,-0.7161986504502804,-0.4365597370801551
2022-07-18 00:00:00-04:00,251.86106474959865,252.91795652335915,245.60696234722732,246.52810668945312,20975000.0,-0.009667986098476546,-0.5049117409500605,-0.02034454548475295,-0.023467592189924447,0.007447104530251087,0.11821911944728121,0.01412719450311666,0.2242622602697123,0.016983414153241325,0.26960334157374694,41.67736266405047,7.310994176131828,6.5195655922743105,0.8561671793465128,251.68855908038523,-0.020932511348219753,252.35750503540038,262.46864855759554,242.24636151320522,0.08013348777383725,0.21173397286117882,250.19753899136438,251.38792448441313,-1.1903854930487512,-0.254452802923637,-0.9359326901251142,-1.1530641085552844,-0.7225591169161886
2022-07-19 00:00:00-04:00,249.7569780806795,251.8319979560773,245.9754316061992,251.64776611328125,25012600.0,0.020554346160469503,1.265143493336685,-0.010447015825359007,-0.003187903145720483,0.011540320493578076,0.18319690845593856,0.013127170814273937,0.2083873763546046,0.016991580036762294,0.26973297095593657,50.29942881127915,5.856566349878079,6.472208503531723,1.0107791767996748,251.65945056118323,-4.6431756905502566e-05,252.32211685180664,262.4382424859325,242.2059912176808,0.08018421659063074,0.4666695154392635,250.42065085627468,251.40717201247745,-0.9865211562027696,-0.40086647357946353,-0.585654682623306,-0.13332193824294333,-0.13155548552042637
2022-07-20 00:00:00-04:00,252.0064740262088,256.82552948195536,251.04655115531952,254.3044891357422,22788300.0,0.01050196896110783,0.6694192170521751,-0.009704140619512969,0.013290466444026983,0.011562334643841645,0.18354637225746942,0.012935489466794013,0.2053445292961948,0.015980503369482216,0.2536826264476781,54.092150994582354,5.778978326635837,6.422692062324875,0.9378391380948716,251.95518320008296,0.009238161479741802,252.58585357666016,262.61523147093857,242.55647568238174,0.07941361523031203,0.5856800679562829,251.01816443773123,251.62178809568223,-0.6036236579510046,-0.44141791045377177,-0.16220574749723282,0.3427202718251311,0.16732252666478145
2022-07-21 00:00:00-04:00,251.89986485024775,256.8449774641106,249.2236799929457,256.7964782714844,22404700.0,0.009751532640550363,0.6238792556689677,0.017206867854182795,0.05136966126288822,0.011482559005925668,0.18227997326582615,0.01269553767128086,0.20153541263076744,0.016013234173429085,0.2542022118524059,57.37772200506784,7.621297471164922,6.5083067343848775,0.922874579644669,252.19076228663894,0.017935277056160732,252.84086990356445,263.03304568393787,242.648694123191,0.08062126810638494,0.6940512238582588,251.90713579677018,252.00509847907497,-0.09796268230479654,-0.37272686482397677,0.2747641825191802,0.7762048954330312,0.4452410399585876
2022-07-22 00:00:00-04:00,257.1843540830661,257.2716171311826,251.2017604777432,252.4525604248047,21881300.0,-0.017060506267555703,-0.9424837034209814,0.0,-0.031182267296385957,0.015594470707721377,0.24755454792187315,0.013125647250281628,0.20836319052602373,0.01616536834450859,0.25661726694795384,50.581938643945584,6.069856653439416,6.476988871460202,0.9030940276343562,252.22589388172767,0.0008978579686242904,252.87869033813476,263.05858715037584,242.69879352589368,0.08051209691594902,0.4790700278603187,251.99104727800625,252.0382438083883,-0.047196530382052515,-0.30762079793559194,0.2604242675535394,-0.08371988855872513,-0.07855081293366316
2022-07-23 00:00:00-04:00,257.1843540830661,257.2716171311826,251.2017604777432,252.4525604248047,21881300.0,0.0,0.05842775296725828,0.0,-0.05806592768948615,0.014196289264078241,0.22535910559612307,0.013125647250281628,0.20836319052602373,0.01616536834450859,0.25661726694795384,50.581938643945584,6.069856653439416,6.447907998744432,0.9048799409795281,252.26116442576873,0.0007581463967483528,252.91651077270507,263.08352143110756,242.74950011430255,0.08039815690435134,0.47718354177602174,252.06204930059062,252.06893392812287,-0.0068846275322584916,-0.24747356385492525,0.24058893632266676,-0.09126583289591586,-0.08000869465671478
2022-07-24 00:00:00-04:00,257.1843540830661,257.2716171311826,251.2017604777432,252.4525604248047,21881300.0,0.0,0.05842775296725828,0.005911352871535991,-0.07259384779753575,0.011117616326852282,0.17648668783609514,0.013125647250281628,0.20836319052602373,0.01616536834450859,0.25661726694795384,50.581938643945584,6.069856653439416,6.420904331222646,0.9066729317856169,252.29657474473092,0.0006178811568054224,252.9543312072754,263.1078462143364,242.8008162002144,0.08027943193224889,0.4752907844169349,252.12212793508508,252.0973507056549,0.024777229430185344,-0.19302340519790312,0.21780063462808846,-0.09883686233226056,-0.07581023962890952
2022-07-25 00:00:00-04:00,253.07310152958124,253.5579159003276,249.01035473546935,250.968994140625,21056000.0,-0.00589394937693532,-0.2863928799156423,0.02751092278673517,-0.07804385589740681,0.009823803578977148,0.15594804719231886,0.013191704084897605,0.20941181026676373,0.015686601185001727,0.24901707390819408,48.14936397310508,4.5475611648582515,6.28709410505376,0.8758964981195431,252.11578794886913,-0.004569464097232447,252.75943450927736,262.90801190688666,242.61085711166805,0.08030226382894369,0.41178860353993413,251.94472273593738,252.0137687378749,-0.0690460019375223,-0.16822792454582697,0.09918192260830466,-0.3528455858402634,-0.24172305441322448
2022-07-26 00:00:00-04:00,251.96770218262552,251.98711369487128,241.9902440697429,244.2494659423828,39348000.0,-0.027139297781127107,-1.5182059540622876,-0.06266265071670252,-0.10272861956334689,0.011837062251278193,0.18790753782283473,0.014096838171826949,0.2237803684498591,0.016046045487694068,0.25472307531881183,39.000666817444994,9.996869625128397,6.552078070773377,1.585618694729716,251.20368444592393,-0.028471785912447308,252.0656639099121,262.5610256844601,241.5703021353641,0.08327482301039643,0.1276356101185513,250.76083707539053,251.43863519746807,-0.6777981220775473,-0.27014196405217106,-0.40765615802537625,-1.489457559525794,-1.0227983285419546
2022-07-27 00:00:00-04:00,253.22820087200705,261.8481834714514,250.98836124274183,260.5779724121094,45994000.0,0.06471203028722916,3.7266513952393256,-0.027748935104725758,-0.03334426185708983,0.034489918552733874,0.5475104833764396,0.020103090208707545,0.31912666365682635,0.017975566537840028,0.28535327240771424,59.2586584593001,17.598717529068608,7.341123746365894,1.764097505183192,251.66871928649712,0.03419035401627152,252.0821449279785,262.6325005472808,241.53178930867617,0.08370569539795551,0.9026322804032979,252.2711655887319,252.11562313929338,0.15554244943851359,-0.18500508135403415,0.34054753079254774,1.610529121613187,0.992181269561852
2022-07-28 00:00:00-04:00,261.5573746966984,269.40166831465785,259.7344677770861,268.0151062011719,33459300.0,0.02814121065732076,1.636469831320907,-0.01542349994030201,0.005785403745985018,0.03547946023103524,0.5632189705327529,0.020941071921377636,0.33242921094649663,0.018248560494565687,0.28968691712123196,64.96567204162537,9.667200537571773,7.507272088594886,1.2502410108555773,252.40180059367668,0.058255319369109965,252.5063575744629,264.8479806793786,240.16473446954714,0.09775296925960572,1.1283107373669419,254.69331029833805,253.29336262535847,1.3999476729795788,0.1319854695126884,1.2679622034668903,2.5132429494677635,1.884116122667549
2022-07-29 00:00:00-04:00,269.265942145244,273.43533434326656,268.22843217911804,272.2135925292969,32152800.0,0.015543679442668995,0.9209954441415711,0.0,-0.006124440255954933,0.03484438278461738,0.5531374286138273,0.021139222228357287,0.3355747495533722,0.0180317669578443,0.2862454264171664,67.71511466705837,5.420228142094686,7.358197520987729,1.174017726671579,253.30890309816078,0.06944799947527044,253.1404945373535,268.04007676474623,238.24091230996078,0.11771788827878851,1.1400547914987065,257.38873833387015,254.69486113676132,2.693877197108833,0.6443638150319174,2.0495133820769156,2.5602191659948277,2.3155565827912348
2022-07-30 00:00:00-04:00,269.265942145244,273.43533434326656,268.22843217911804,272.2135925292969,32152800.0,0.0,0.04393789595023961,0.0,-0.010259139842931142,0.03404835462069089,0.5405008732637102,0.021139222228357287,0.3355747495533722,0.0180317669578443,0.2862454264171664,67.71511466705837,5.2069021641485165,7.204533566927785,1.1478354743449874,254.17554627035557,0.06626431138628748,253.77463150024414,270.75382715177625,236.79543584871203,0.13381318338366516,1.0429868825202242,259.6694851331666,255.9925449436158,3.676940189550777,1.2508790899356894,2.4260610996150875,2.171947530080898,2.230206283432363
2022-07-31 00:00:00-04:00,269.265942145244,273.43533434326656,268.22843217911804,272.2135925292969,32152800.0,0.0,0.04393789595023961,0.009819935212269648,-0.007670397625144876,0.026791799593741332,0.4253066334055254,0.021139222228357287,0.3355747495533722,0.0180317669578443,0.2862454264171664,67.71511466705837,5.2069021641485165,7.061845609586409,1.1223965460425265,255.1097040719462,0.06283260251050792,254.5614860534668,273.422219612838,235.70075249409564,0.14818214531800586,0.9679591708419903,261.5993478094943,257.1941040240366,4.405243785457685,1.8817520290400886,2.5234917564175965,1.8718366833679605,2.1558007760307483
2022-08-01 00:00:00-04:00,269.38223547656554,272.7371422807074,267.46236011948673,269.56646728515625,21539600.0,-0.009772032990998951,-0.5074056981258541,0.011607226091475686,-0.0173202491132618,0.014991747406442912,0.23798661213447309,0.021074964303355783,0.3345546866174581,0.01807749613565024,0.28697135460997014,63.7739038213885,5.274782161220685,6.934198220417429,0.7711962517877209,256.2543003664872,0.049383616043708445,255.74152374267578,275.27889366435573,236.20415382099583,0.15278997040260253,0.8538076925886375,262.8250584980577,258.1105753767122,4.714483121345495,2.44829824750117,2.266184873844325,1.41523077035455,1.833336456272946
2022-08-02 00:00:00-04:00,267.61760482879976,269.4502178480251,264.1075525724459,266.47344970703125,22754200.0,-0.011540379018167953,-0.605695202107397,-0.027082202164468105,-0.028595560073749193,0.01076595667128368,0.17090426386748023,0.018812056385624186,0.2986321370765172,0.018126866701433122,0.28775508804485855,59.42195696489583,5.458914712710339,6.828820827009779,0.8246380280763695,257.2748245202542,0.03451985628170575,256.81296615600587,276.23030633203973,237.39562597997198,0.15121775560380737,0.7487591880104408,263.38634945328437,258.7300475493284,4.656301903955978,2.889898978792132,1.7664029251638458,0.9950367520417615,1.4656398011120433
2022-08-03 00:00:00-04:00,268.3544501034442,274.8897381119249,268.20898212498906,273.8910217285156,23518900.0,0.02745568357620922,1.5795382240292493,-0.004160178350739452,0.007669748668114984,0.01561201124285219,0.24783299528478786,0.01940774711873249,0.30808843430517907,0.01844910641344177,0.29287048488800227,65.50190374212477,8.416288404893635,6.9422113682871975,0.8548050139275766,258.48277459491845,0.05625685367981879,258.18935317993163,278.37523915786153,238.00346720200176,0.15636497577700179,0.8889269107571326,265.002452880243,259.8530826737126,5.1493702065304205,3.3417932243397894,1.8075769821906311,1.5557076430285321,2.181012564196266
2022-08-04 00:00:00-04:00,273.2413979951584,275.1806556944589,271.6609278264368,275.03521728515625,18098700.0,0.004168855968013599,0.27188409710950473,0.002615575775436252,0.0047825637605487525,0.01564128273607419,0.24829766583420143,0.01940929993367985,0.308113084478276,0.01843120970287887,0.29258638341538906,66.33972148376034,3.5197278680220734,6.697748261125404,0.6720648615168442,259.5674547782567,0.056239206962585345,259.4949592590332,280.5178036283623,238.47211488970407,0.16202892286893075,0.8696040781426143,266.5459550963835,260.97768523752325,5.568269858860276,3.7870885512438868,1.7811813076163894,1.478416312570457,2.197526971368196
2022-08-05 00:00:00-04:00,270.6719043348699,275.0352344302973,270.2161775634962,274.3177185058594,16774600.0,-0.00261216111003251,-0.11388001266237785,0.0,-0.021613904840956932,0.015770481812983475,0.2503486375969279,0.019445021341953528,0.30868014425491497,0.018303275034477557,0.2905554835154687,65.26926567612199,4.819056866801077,6.563556018673666,0.6383025276051022,260.6411908196249,0.04985652316127125,260.7646903991699,282.1632416527423,239.3661391455976,0.1641215397745465,0.8166809740081553,267.7416110055337,261.9658358499926,5.775775155541112,4.184825872103332,1.59094928343778,1.2667238960326228,2.0335636780945494
2022-08-06 00:00:00-04:00,270.6719043348699,275.0352344302973,270.2161775634962,274.3177185058594,16774600.0,0.0,0.03320376446055949,0.0,-0.014319212634654854,0.014578610200804453,0.231428262313668,0.019445021341953528,0.30868014425491497,0.018303275034477557,0.2905554835154687,65.26926567612199,4.819056866801077,6.438948936397053,0.654489809614031,261.76938651720025,0.04574378956272596,262.03442153930666,283.48807951409657,240.58076356451676,0.16374686843630376,0.7862751186997284,268.7533198517377,262.88079012079754,5.87252973094013,4.522366643870692,1.350163087069438,1.145100474798913,1.9667176450764727
2022-08-07 00:00:00-04:00,270.6719043348699,275.0352344302973,270.2161775634962,274.3177185058594,16774600.0,0.0,0.03320376446055949,0.009239604560688397,-0.030830981259529877,0.012345785575470586,0.19598327023454168,0.019445021341953528,0.30868014425491497,0.018303275034477557,0.2905554835154687,65.26926567612199,4.819056866801077,6.323242359997341,0.6598971991367434,262.81222419821694,0.041942220758870455,263.423902130127,284.2391435109387,242.60866074931525,0.1580360871773081,0.7616788385114465,269.609381183141,263.7279700011725,5.881411181968531,4.79417555149026,1.087235630478271,1.0467153540457843,1.8962939156674503
2022-08-08 00:00:00-04:00,275.4230317107007,277.23626231037696,270.83670670939483,271.80633544921875,18739200.0,-0.009197180535060506,-0.4791289240576075,-0.007013468039369641,-0.03970373897253132,0.0049273591117596875,0.0782194009801455,0.019427981059418835,0.3084096381557725,0.01833351080515692,0.29103546149496456,60.9684937874437,6.399555600982126,6.328693305781969,0.7463928448380589,263.70401964807337,0.02980914991460575,264.4318305969238,284.7934157552045,244.07024543864318,0.1540025277011225,0.6810886724920789,269.94737414715297,264.3263674417685,5.6210067053844455,4.959541782269097,0.6614649231153482,0.7243546899683175,1.6008023063943615
2022-08-09 00:00:00-04:00,271.14691905074545,274.48241375789496,269.1785448532172,273.7261047363281,23405200.0,0.007038178009173668,0.43233985468937186,-0.02372396426025636,-0.03292116245385068,0.005839406319565487,0.09269770155497546,0.01909573009733549,0.3031353176445656,0.0182744286560062,0.2900975614535084,62.97681081697768,5.303868904677756,6.255491562845954,0.9310983186469294,264.59665748431917,0.033352490296104834,265.4029113769531,285.5825402000497,245.2232825538565,0.1520678783695434,0.7062276128153728,270.5287173147184,265.0226442784026,5.506073036315797,5.068848033078437,0.43722500323736035,0.8249104512614909,1.7003586006663687
2022-08-10 00:00:00-04:00,279.4178543656592,281.0080296985738,278.2252006729384,280.3777770996094,24687800.0,0.024009909052236607,1.3808063007753846,0.007455842067253027,-0.014686686908263913,0.012400679305740887,0.19685468118753294,0.01954769121215177,0.310309977917018,0.018478787005228987,0.2933416496758075,68.94007276736542,7.281924962245682,6.328808234231649,0.9776823813380274,265.71414585632334,0.05229954882649814,266.58197631835935,287.39014663789277,245.77380599882596,0.15611085645703016,0.8314996121571385,272.04395728162467,266.1600615244179,5.883895757206744,5.2318575779040986,0.6520381793026457,1.325998448628556,2.1686191404730697
2022-08-11 00:00:00-04:00,282.01648958955855,282.3655416886504,277.8083049364427,278.30279541015625,20065900.0,-0.007428184664528199,-0.3883746046066131,-0.01675163890432496,-0.01943922801784692,0.013455247660389002,0.2135954348290378,0.019682447052895048,0.3124491605709388,0.018295572698788638,0.2904332127269854,65.4012082572824,4.5572367522077,6.202267414087081,0.7975134118529859,266.7927841714674,0.04135787145697061,267.87448806762694,288.1929020467148,247.55607408853908,0.15170100091023458,0.7566220806718074,273.00685545524493,267.0595232937319,5.947332161513032,5.3749524946258855,0.5723796668871461,1.0264883226872277,1.8921229496957988
2022-08-12 00:00:00-04:00,279.7184319349008,283.04425048828125,278.22519580433124,283.04425048828125,22619700.0,0.016893534495227867,0.9732474420816077,0.0,-9.745897289881178e-05,0.014620428045099037,0.23209210001187772,0.019270873909747997,0.30591563947245703,0.01738485361867036,0.2759759955255786,69.28157836298713,4.819054683950014,6.103466504791577,0.8976962000198433,268.1448747171848,0.05263974005970254,269.4040725708008,289.438114710189,249.37003043141257,0.14872857673020629,0.8404250081580644,274.55107007571206,268.2435771599948,6.307492915717262,5.5614605788441605,0.7460323368731014,1.361700032632256,2.193698960725014
2022-08-13 00:00:00-04:00,279.7184319349008,283.04425048828125,278.22519580433124,283.04425048828125,22619700.0,0.0,0.021647848610326793,0.0,0.0038654277411356297,0.012632432503036289,0.20053364914105926,0.019270873909747997,0.30591563947245703,0.01738485361867036,0.2759759955255786,69.28157836298713,4.819054683950014,6.011722803302894,0.89638279778176,269.4930088269748,0.047876760039919995,270.9336570739746,290.1738651133405,251.69344903460865,0.14202892506716264,0.8147209580459861,275.8577132161073,269.33992333246044,6.517789883646856,5.7527264398047,0.7650634438421555,1.2588838321839444,2.097195675832895
2022-08-14 00:00:00-04:00,279.7184319349008,283.04425048828125,278.22519580433124,283.04425048828125,22619700.0,0.0,0.021647848610326793,-0.005316073602025129,0.01796833592669489,0.013161749279565095,0.2089362924738767,0.019270873909747997,0.30591563947245703,0.01738485361867036,0.2759759955255786,69.28157836298713,4.819054683950014,5.926532223349118,0.8936140709342243,270.86893729076195,0.043015582109566255,272.53741989135744,290.0394151397607,255.03542464295418,0.12843737388708049,0.80016093730463,276.96333433490327,270.35505867733605,6.608275657567219,5.923836283357204,0.6844393742100152,1.200643749218519,1.993749654912593
2022-08-15 00:00:00-04:00,282.16199190447594,285.2454045080501,281.29900803496633,284.5569763183594,18085700.0,0.005330254200359958,0.3230404848108949,0.0025964991131925963,0.023408852712679673,0.009016638304593488,0.14313469569464057,0.019095466133751193,0.30313112735257025,0.016377582022005937,0.2599860546407405,70.59567140946679,3.94639647308378,5.785093955473022,0.7458177470948874,273.5390567985484,0.038719555086515346,274.55279541015625,286.8478167166506,262.2577741036619,0.08956398559429504,0.9068386975026563,278.1315869477427,271.4070525766711,6.72453437107157,6.083975900900078,0.6405584701714924,1.6273547900106236,2.027202309900392
2022-08-16 00:00:00-04:00,283.1219039219732,285.1096607169614,281.5996091944976,283.8200378417969,18102900.0,-0.0025931340330632587,-0.11752684904387131,0.002643143405488102,0.020758454291328388,0.0078015213452164445,0.12384531196442879,0.01766437062335427,0.2804131904152224,0.016373711029073746,0.25992460453298766,69.04606345832309,3.5100515224638116,5.622590924543793,0.7920783848214838,275.25038891784277,0.030193953144107756,275.71489868164065,286.78046672511033,264.64933063817097,0.08026819077518728,0.866232403448075,279.0067332391356,272.3265329666804,6.680200272455181,6.203220775211099,0.4769794972440824,1.464929613792301,1.888191536998023
2022-08-17 00:00:00-04:00,281.536556451653,285.0443616245307,281.2742116606303,283.07183837890625,18253400.0,-0.002639656444963579,-0.11953091853914766,0.00396327297054766,0.04885700151238881,0.0032442965441633344,0.051501611011214775,0.011847024164994174,0.18806567830048335,0.016032630910246082,0.25451012550358953,67.4277841024765,3.770149963900451,5.49027371306927,0.8261460698160278,276.12131403948877,0.02455392376444685,276.46773529052734,287.3752390318243,265.56023154923037,0.07890616045908416,0.8027321028263811,279.6321340298695,273.1224815157342,6.509652514135325,6.264507122995944,0.24514539113938127,1.2109284113055236,1.761598507227345
2022-08-18 00:00:00-04:00,281.9737992817374,283.64510179006146,280.8952114970056,281.9543762207031,17186200.0,-0.0039554398938211706,-0.19440465683944516,0.01404860432069377,0.049667265551560646,0.0037004205445797978,0.05874235504387408,0.01057071700470313,0.16780493024451643,0.015598976655028424,0.2476260776178444,64.97825430570852,2.7498902930558415,5.294532040211168,0.8051133896209696,276.6504274118507,0.018811372534614137,276.9547744750977,287.93213044649383,265.97741850370153,0.07927183051601934,0.7277234043713704,279.9894020592285,273.77669593832445,6.212706120904045,6.254146922577565,-0.041440801673520156,0.910893617485482,1.6186102949715007
2022-08-19 00:00:00-04:00,280.7203261035374,281.06042243303864,277.4748955705993,278.0481872558594,20570000.0,-0.01395083727535174,-0.7539612503131041,0.0,0.037564598085459755,0.006872851268968038,0.10910313153374473,0.010697704820981863,0.16982079933296854,0.01570285894856377,0.2492751579037496,57.16108671250553,4.479480650103824,5.236314083774929,0.9905056875828532,277.06311865625963,0.003542798136257167,277.24650421142576,288.00119234527625,266.49181607757527,0.07758213698268356,0.5372713292313104,279.6907536279409,274.0931027025863,5.597650925354628,6.1228477231329785,-0.5251967977783503,0.14908531692524102,1.2773633891423906
2022-08-20 00:00:00-04:00,280.7203261035374,281.06042243303864,277.4748955705993,278.0481872558594,20570000.0,0.0,0.03910739430688868,0.0,0.026178867282751428,0.00540555745001148,0.08581056426241704,0.010697704820981863,0.16982079933296854,0.01570285894856377,0.2492751579037496,57.16108671250553,3.5855268624393375,5.118400710822387,1.018920617811644,277.4994878927547,0.0019733966566009738,277.5382339477539,288.031451065094,267.0450168304138,0.07561637161181514,0.5242991878659776,279.4380511091591,274.3860719287547,5.05197918040443,5.90867401458727,-0.8566948341828393,0.0971967514639106,1.2355007668278084
2022-08-21 00:00:00-04:00,280.7203261035374,281.06042243303864,277.4748955705993,278.0481872558594,20570000.0,0.0,0.03910739430688868,0.030243028170009456,0.06736535837598878,0.005762206043892912,0.09147218517152388,0.010697704820981863,0.16982079933296854,0.01570285894856377,0.2492751579037496,57.16108671250553,3.5855268624393375,5.008909721652169,1.0213733673294587,277.95173443395964,0.0003468924679986347,277.9623199462891,287.7616232078884,268.16301668468975,0.07050814127247795,0.5043812966737533,279.22422590095914,274.65733973076243,4.56688617019671,5.640316445709158,-1.0734302755124476,0.017525186695013135,1.1962694477198157
2022-08-22 00:00:00-04:00,274.0934077691384,274.46265350884744,269.3710240123007,269.8860168457031,25061100.0,-0.02979472408941746,-1.641851965985469,0.004738855662529851,0.036032595408016066,0.012677932055219734,0.20125593214011248,0.012454719496318144,0.19771254261795268,0.01621442197222159,0.25739596914695867,43.50258870135703,8.677163243558653,5.270927830359776,1.237286098002483,278.09748545188006,-0.030425691194188566,278.13294830322263,287.17990635708907,269.0859902493562,0.06505491786613768,0.044215226354731144,277.7875783539967,274.3039084059432,3.483669948053489,5.208987146178025,-1.7253171981245359,-1.8231390945810697,0.5312042737889384
2022-08-23 00:00:00-04:00,268.61309814453125,270.96456356636963,267.60253558165664,268.61309814453125,17527400.0,-0.004727662633537925,-0.23180210887349065,0.0023566201507307927,0.031146142670924304,0.012597336516764045,0.1999765176309019,0.012224140812359759,0.19405221948563403,0.015977147149046255,0.2536293480999661,41.824135887202594,3.362027984712995,5.134577841385005,0.8783321941216679,277.9288455843475,-0.034680912822813284,277.8690521240234,287.7100637295531,268.02804051849375,0.07083200903666853,0.029725481967156308,276.3761198602328,273.88236690509785,2.493752955134937,4.665940307969407,-2.17218735283447,-1.8810980721313764,0.4181377611326601
2022-08-24 00:00:00-04:00,267.6123215763872,269.3807990421432,267.3207976827984,267.9815673828125,18137000.0,-0.0023538476763882684,-0.09202587426044327,-0.010973515117726262,0.03981450770735351,0.012685086161804603,0.20136950006137094,0.010537334760205451,0.16727500354164035,0.015976945313913863,0.25362614406656925,40.97936719681604,2.060001359344824,4.914965235524993,0.9087932271178848,277.6080524628488,-0.035922191119528796,277.51636962890626,288.25008635913014,266.7826528986824,0.077355557400646,0.05584805870431742,275.08465024832196,273.4452706441878,1.6393796041341488,4.060628167202355,-2.4212485630682066,-1.7766077651827312,0.3569581546308454
2022-08-25 00:00:00-04:00,269.4779119694947,271.12006518473976,266.7474741827684,270.95489501953125,16583400.0,0.011034168261695216,0.6660760463912665,0.04013578178850663,0.060386995003480326,0.015031694591758247,0.2386207540420014,0.010809947238527549,0.1716025924732399,0.015799455697183412,0.2508085837495796,46.46219189247914,4.37259100197133,4.876224218842588,0.8313450063729232,277.4698460424249,-0.024044411607415356,277.34822845458984,288.39374534907085,266.30271156010883,0.07965089199255146,0.21059147814743379,274.4493032900465,273.2607983756947,1.1885049143517676,3.486203516632238,-2.2976986022804704,-1.157634087410264,0.5759409165101466
2022-08-26 00:00:00-04:00,271.1783719738918,272.40270697945806,260.3926709090645,260.4995422363281,27549300.0,-0.03935126404316857,-2.193878252425895,0.0,0.025318285568601828,0.02083181321581407,0.33069478276555647,0.013715365804516497,0.21772468235417985,0.016059489591331442,0.25493649384775985,34.370914323327895,12.01003607039354,5.3857822082390845,1.3447597700133893,276.45784757107134,-0.0612603968427156,276.6573196411133,289.9923821963792,263.3222570858474,0.09640129943111185,-0.10583808054221022,272.30318620485906,272.31552014314906,-0.012333938289998514,2.7864960256477906,-2.798829963937789,-2.4233523221688373,-0.25462070534663744
2022-08-27 00:00:00-04:00,271.1783719738918,272.40270697945806,260.3926709090645,260.4995422363281,27549300.0,0.0,0.041084316507561745,0.0,0.029531562209895723,0.019023367086559235,0.3019865904607625,0.013715365804516497,0.21772468235417985,0.016059489591331442,0.25493649384775985,34.370914323327895,12.01003607039354,5.858943198392974,1.3103024973192812,275.49771071555585,-0.05757464427949444,275.9664108276367,291.11977717828654,260.8130444769869,0.10982036766868945,-0.01034431008279904,270.4872409789312,271.4402625204216,-0.9530215414903864,2.038592512220155,-2.9916140537105416,-2.041377240331199,-0.2733606412358309
2022-08-28 00:00:00-04:00,271.1783719738918,272.40270697945806,260.3926709090645,260.4995422363281,27549300.0,0.0,0.041084316507561745,0.010782965089229934,0.04698117051479489,0.01928518923544137,0.3061428882227864,0.013715365804516497,0.21772468235417985,0.016059489591331442,0.25493649384775985,34.370914323327895,12.01003607039354,6.298306974964443,1.2834132672432468,274.69639413885346,-0.054498567562340644,275.4010711669922,291.9841446493401,258.8179976846443,0.12042853291803357,0.05070063017792727,268.95067194160765,270.6298387956739,-1.6791668540662386,1.2950406389628766,-2.974207493029115,-1.7971974792882894,-0.2861384456545208
2022-08-29 00:00:00-04:00,258.32299172518486,259.82909469537367,256.379617748924,257.7205505371094,20338500.0,-0.010725243490434435,-0.5684710025683626,0.008594143002985222,0.03581204539034699,0.019238274661382195,0.3053981424478358,0.013756879869190103,0.21838369770040675,0.016061347623092245,0.25496598918756275,31.637663383111715,4.119924487404148,6.142708225852994,0.9543074039586971,273.93966410373037,-0.06293294629713896,274.6007934570313,292.9725593121241,256.22902760193847,0.13380708499640634,0.040592802753292315,267.22296095630026,269.6735952209654,-2.4506342646651547,0.5459056582372703,-2.996539922902425,-1.8376287889868337,-0.5271091434287243
2022-08-30 00:00:00-04:00,259.11978995833886,259.48900611595445,253.2799414950682,255.5245361328125,22767100.0,-0.008557423587296551,-0.439659723232279,0.005736812660974477,0.026985981007507487,0.016195637934630813,0.25709778179446136,0.013634712961645952,0.21644435816558488,0.015561912528348635,0.24703770284730528,29.632328888121563,6.2090646208862665,6.147447968355371,1.0730957547694506,272.5770267656901,-0.06673523760557512,273.3581314086914,293.37325375565536,253.34300906172746,0.1464388291200294,0.054496970672176626,265.4232032911483,268.6255167699911,-3.202313478842825,-0.20373816917874876,-2.9985753096640764,-1.7820121173112942,-0.7143144619523714
2022-08-31 00:00:00-04:00,257.8760274343257,259.5473006086871,253.93095092893435,254.06700134277344,24791800.0,-0.005720419816458477,-0.2732277035595052,0.004109237785569597,0.02112796119127025,0.0048977719018542054,0.07774971858375647,0.012119063119796632,0.1923841628284588,0.015473366846358047,0.24563208372201104,28.348008416215677,5.616349679752773,6.1095123763123285,1.1556561391814268,271.23968253236876,-0.06759115154205671,272.14634170532224,293.7709068964856,250.5217765141589,0.158918654248002,0.0819721644637569,263.6760952990906,267.54710821982684,-3.8710129207362343,-0.9371931194902459,-2.9338198012459884,-1.6721113421449727,-0.8393005546581642
2022-09-01 00:00:00-04:00,251.5405724888761,253.50339892265927,248.1785442591348,253.0272521972656,23263400.0,-0.004100817926235037,-0.178814848888505,0.01694907562371717,0.02823294906659779,0.00413499703031674,0.06564104288525223,0.012103247285376715,0.19213309424054634,0.01538844898664753,0.24428405449003965,27.434527598345028,5.888457083638627,6.093722712549921,1.0827861237453897,269.63226676963745,-0.06562539974716329,270.6454917907715,293.2306653254643,248.06031825607863,0.16689857558871007,0.10996005706038327,262.0378117449637,266.47156332926676,-4.4337515843030815,-1.636504812452813,-2.7972467718502685,-1.560159771758467,-0.9280854230901561
2022-09-02 00:00:00-04:00,254.2904786042123,257.2443854879001,247.26517150345208,248.8101501464844,22855400.0,-0.016807042679700224,-0.8992923619477842,0.0,-0.007865572233415774,0.004967743967023716,0.07886049068271724,0.011329569012137027,0.1798513324059498,0.015477785394229946,0.24570222599496153,24.049561911197316,9.979213984448023,6.371257803399786,1.063212716276034,267.81971304905255,-0.07640187866683279,268.9337867736816,292.7195943431943,245.14797920416893,0.17688969359234408,0.07698227044873258,260.00278688365916,265.16331050091253,-5.160523617253375,-2.3413085734129258,-2.8192150438404493,-1.6920709182050704,-1.2647968092552264
2022-09-03 00:00:00-04:00,254.2904786042123,257.2443854879001,247.26517150345208,248.8101501464844,22855400.0,0.0,0.059124812194947494,0.0,-0.009515646758500584,0.006277725290637334,0.09965579950924239,0.011329569012137027,0.1798513324059498,0.015477785394229946,0.24570222599496153,24.049561911197316,9.979213984448023,6.628968959188946,1.0626301530616278,266.00914562360043,-0.06912497527528638,267.2220817565918,291.65087810235343,242.79328541083024,0.18283516231277164,0.12315106832306322,258.28084277024766,263.95196528947343,-5.671122519225776,-3.007271362575496,-2.6638511566502796,-1.5073957267077467,-1.245987423787232
2022-09-04 00:00:00-04:00,254.2904786042123,257.2443854879001,247.26517150345208,248.8101501464844,22855400.0,0.0,0.059124812194947494,0.0,-0.03176283886325082,0.006895714802092501,0.10946607887018243,0.011329569012137027,0.1798513324059498,0.015477785394229946,0.24570222599496153,24.049561911197316,9.979213984448023,6.86827217527888,1.0509768901790906,264.3340947648336,-0.06239273039789425,265.434740447998,289.7538808797752,241.11560001622087,0.18324007167058512,0.15819946744929517,256.82381313582255,262.83034935295575,-6.006536217133203,-3.6071243334870378,-2.399411883646165,-1.3672021302028197,-1.2200047832485166
2022-09-05 00:00:00-04:00,254.2904786042123,257.2443854879001,247.26517150345208,248.8101501464844,22855400.0,0.0,0.06455247647338738,0.011095809724749328,-0.03176283886325082,0.007277802969954998,0.11553154049656925,0.011117500337081735,0.17648484655557017,0.015477785394229946,0.24570222599496153,24.049561911197316,9.979213984448023,7.090482304505247,1.0396171110112424,262.7248701433327,-0.05592504963586144,263.6842460632324,287.4653577165912,239.90313440987362,0.18037567286182124,0.187270802695062,255.59094190669362,261.79181607840235,-6.200874171708733,-4.125874301131377,-2.074999870577356,-1.2509167892197528,-1.190835727675512
2022-09-06 00:00:00-04:00,248.94618474623337,250.53000941495105,244.80678924426493,246.07969665527344,21328200.0,-0.011034702832817496,-0.5650063571117248,-0.018753298921619477,-0.042388315900218854,0.007893174133532828,0.12530025487353358,0.011125864288579076,0.1766176201694088,0.015450464881797247,0.2452685263054349,21.716113065573523,5.723220170686119,6.992820723518166,0.963412529846627,261.084236317112,-0.06097430981011832,261.83463897705076,285.0133112794005,238.65596667470103,0.17704817355645064,0.16014139817274656,254.12767340647514,260.6279553803928,-6.500281973917652,-4.6007558356886324,-1.8995261382290192,-1.3594344073090132,-1.3683440492247425
2022-09-07 00:00:00-04:00,247.48868117824057,251.5017384910645,246.05058853926616,250.7826995849609,24126700.0,0.01893137184950862,1.1424211130979014,-0.0016631562003138756,-0.03210189772937022,0.010813071145621802,0.17165218296098148,0.0124460800007394,0.19757539487742629,0.015556259007323932,0.24694795598332586,33.65641246031933,5.451149951798328,6.882701382681035,1.0730033370832064,259.73396958686277,-0.03569333138496391,260.2760551452637,281.89816567291473,238.65394461761264,0.16614751991368124,0.2804711166340037,253.61306204931913,259.89867717332373,-6.285615124004607,-4.937727693351827,-1.3478874306527802,-0.8781155334639853,-0.9823043975905869
2022-09-08 00:00:00-04:00,250.21910163068787,253.05641075595744,247.57609726538703,251.2004852294922,20319900.0,0.001664540779981713,0.1551181426391181,-0.022460922307296682,0.02591369691307488,0.010777857581240028,0.17109318495619946,0.012546999388073847,0.19917744048553798,0.015519403242836594,0.24636288886004987,34.61055537918867,5.48031349057041,6.782530818958848,0.9042037672375816,258.50998892088893,-0.029098286512937714,258.9336700439453,279.20123156095315,238.66610852693745,0.15654635809679066,0.3092226139793955,253.24189638473035,259.25436665896586,-6.012470274235511,-5.152676209528565,-0.8597940647069464,-0.7631095440824193,-0.9328391627589642
2022-09-09 00:00:00-04:00,253.12444856663964,257.7205384807604,252.92040261166707,256.9723205566406,22084700.0,0.022717010742446163,1.3451098219953854,0.0,0.04852919284497115,0.014058965783079354,0.22317916291676654,0.013800870160564645,0.2190820219268766,0.015790755575891647,0.25067047360569494,46.136010810938664,6.520053251268223,6.763782421266661,0.979433827669193,257.5434923895903,-0.002222697883228994,257.8798767089844,276.0454847723302,239.71426864563858,0.14088426204612758,0.47501993467053216,253.81580779579346,259.0853262069418,-5.2695184111483115,-5.176044649852514,-0.09347376129579743,-0.09992026131787139,-0.4893144211261479
2022-09-10 00:00:00-04:00,253.12444856663964,257.7205384807604,252.92040261166707,256.9723205566406,22084700.0,0.0,0.052792783853096326,0.0,0.07775705649967457,0.014058965783079354,0.22317916291676654,0.013800870160564645,0.2190820219268766,0.015790755575891647,0.25067047360569494,46.13601081093866,4.800135869093339,6.62352195325428,0.976155147349052,256.58346660305693,0.0015132133793296304,256.8260833740234,272.313277081804,241.33888966624286,0.1206045235306269,0.5047212292096442,254.3014251436161,258.92880726988244,-4.627382126266355,-5.066312145135283,0.4389300188689287,0.018884916838578857,-0.5102305738945044
2022-09-11 00:00:00-04:00,253.12444856663964,257.7205384807604,252.92040261166707,256.9723205566406,22084700.0,0.0,0.052792783853096326,-0.008212999483286576,0.0805752395227255,0.011202993427878396,0.17784200729794356,0.013800870160564645,0.2190820219268766,0.015790755575891647,0.25067047360569494,46.136010810938664,4.800135869093339,6.493280090099927,0.9826187356370424,255.8609220843347,0.004324973483130268,256.18039855957034,270.3999099725445,241.96088714659618,0.11101170497763634,0.5278463153223297,254.71233213023524,258.7838823281608,-4.071550197925575,-4.867359755693341,0.7958095577677664,0.11138526128931886,-0.5340982300562803
2022-09-12 00:00:00-04:00,258.254948403488,259.8776786073918,257.65250725767163,259.1003112792969,18747700.0,0.008246911973361925,0.5187899023455675,0.05817692976599398,0.08952349542770177,0.009668525018814789,0.15348307646754014,0.012661440426709065,0.2009941356535903,0.01575382579506697,0.2500842315094896,50.179604122012165,2.905358050751147,6.236999944432157,0.8318865975058534,255.49976935658313,0.01389632418786462,255.7047592163086,268.7621476352629,242.64737079735423,0.10212863037022081,0.6300241654012243,255.38740584547548,258.8073215097264,-3.4199156642509365,-4.57787093740486,1.1579552731539238,0.5200966616048948,-0.38809339438410195
2022-09-13 00:00:00-04:00,251.51142329243044,253.02725242179903,244.46669355719365,244.8553771972656,33353300.0,-0.056547549857303314,-3.1008199013041575,-0.0009118084770111112,0.029623179999435312,0.030210905040605703,0.4795832497177823,0.017395925128383404,0.2761517502936111,0.016478381271130164,0.261586193113889,32.559141742362996,14.633617722103224,6.836758357122948,1.431645375105485,254.25196173392433,-0.03837605955081174,254.54844970703124,267.1149142799747,241.98198513408775,0.09873534556903929,0.11432778274664743,253.7670937457509,257.77384415324786,-4.006750407496952,-4.4636468314232784,0.45689642392632646,-1.5426888690134117,-1.5179367096876242
2022-09-14 00:00:00-04:00,246.35174947948744,247.031927263813,242.78566075681428,245.07884216308597,23913000.0,0.0009122244272243556,0.10065865515142543,0.027875107201736027,0.0314900954650108,0.026539295202478764,0.42129825046013036,0.017429791734706008,0.2766893660020871,0.016472056984843275,0.2614857981814785,32.95686234246175,4.246266506998722,6.651723224971218,1.0105368315805754,253.20320547190485,-0.03314999873964063,253.254647064209,263.88850228453225,242.62079184388574,0.08397757232566949,0.11557663087712718,252.43043965611014,256.83347363545806,-4.403033979347924,-4.451524261008208,0.048490281660283685,-1.5376934764914896,-1.484611300293258
2022-09-15 00:00:00-04:00,242.69821481070736,244.28205420352305,237.1110157424026,238.43251037597656,31530900.0,-0.027493668603443256,-1.4899506607429458,0.0026148592635557577,0.012084981154297791,0.026930028202311853,0.42750094453963794,0.017764579819974584,0.28200396209525597,0.01681612144620599,0.2669476521799253,27.720666098701642,7.967826420683366,6.745730596093514,1.321344489358724,251.80616917090939,-0.05608991313241776,252.15129547119142,264.1160173010734,240.18657364130948,0.09490113312742378,-0.07330146451679867,250.27691207455112,255.4704393199409,-5.193527245389788,-4.599924857884524,-0.5936023875052641,-2.293205858067194,-1.9547672038098065
2022-09-16 00:00:00-04:00,237.3442485350908,238.354811263805,235.2065402152561,237.8106689453125,39791800.0,-0.0026114464670988096,-0.09250419335142812,0.0,0.02423114776851998,0.026590135288164958,0.42210531180028366,0.016051532613759665,0.254810180744704,0.01676033108296516,0.2660620076197901,27.28389019646434,3.2259701607204647,6.494319136424011,1.6258230637840085,250.17918882092985,-0.05200994526642388,251.01685180664063,263.9148752925779,238.11882832070336,0.10276619591956859,-0.0119459921796097,248.3590285162067,254.16230818107954,-5.803279664872832,-4.840595819282186,-0.9626838455906466,-2.0477839687184365,-1.954908415073432
2022-09-17 00:00:00-04:00,237.3442485350908,238.354811263805,235.2065402152561,237.8106689453125,39791800.0,0.0,0.05408749004967209,0.0,0.015603113806528013,0.02495443040197571,0.3961393017173839,0.016051532613759665,0.254810180744704,0.01676033108296516,0.2660620076197901,27.28389019646434,3.1482710485489065,6.255315701575789,1.5861528226383477,248.63160542903344,-0.045502317165632925,249.88240814208984,263.2512477656227,236.513568518557,0.10700104679582689,0.04851207970481739,246.7362039668384,252.9510756450968,-6.214871678258419,-5.115450991077433,-1.0994206871809862,-1.8059516811807304,-1.8900081277805416
2022-09-18 00:00:00-04:00,237.3442485350908,238.354811263805,235.2065402152561,237.8106689453125,39791800.0,0.0,0.05408749004967209,0.0008997408669237927,0.028665175265981446,0.012176911005151914,0.1933024695395851,0.016051532613759665,0.254810180744704,0.01676033108296516,0.2660620076197901,27.28389019646434,3.1482710485489065,6.033383940645297,1.5269503759738954,247.45077619231958,-0.0405368997520626,248.8869140625,262.7540895268776,235.01973859812242,0.11143354415889686,0.1006308153509527,245.3630447327575,251.82956403770538,-6.466519304947894,-5.385664653851525,-1.0808546510963692,-1.5974767385961903,-1.822224126828115
2022-09-19 00:00:00-04:00,235.60493213001268,238.19933446520724,234.0308040411177,237.59689331054688,26826900.0,-0.0008993363427363995,0.003967380323899071,0.008538000582797522,0.027740475159888422,0.011950680632250337,0.18971117370534324,0.015999203745124046,0.25397948570790874,0.016721229782183912,0.2654412937129522,27.100546636533508,4.168530424089539,5.900180118034172,1.0214850789019918,246.5975391504637,-0.03788200137849731,247.99053192138672,262.3597582561424,233.62130558663102,0.11588528177608616,0.13833687462698888,244.16825220626353,250.77529213198994,-6.607039925726411,-5.629939708226503,-0.9771002174999088,-1.4466525014920446,-1.768014024465804
2022-09-20 00:00:00-04:00,235.21623357137693,236.6154501254237,232.8550269095676,235.58546447753903,26660300.0,-0.008501758002490077,-0.4202793739861476,0.014647373684055554,0.019039911799054288,0.0035723983640975903,0.05671006593273719,0.015998393146192606,0.2539666178487951,0.016528338714963505,0.26237924294900594,25.37287875026236,4.741866400979262,5.817443423958822,1.0115430714822051,245.6892728057813,-0.04288808034336753,247.066455078125,262.1496525497254,231.98325760652457,0.12209830320211569,0.11941124810561297,242.8478233249213,249.65011971314172,-6.802296388220412,-5.864411044225284,-0.937885343995128,-1.5223550075775485,-1.8422694621178848
2022-09-21 00:00:00-04:00,237.35395148181905,240.64796931692135,232.13598300454865,232.1845703125,28625600.0,-0.014541137041546894,-0.7534132362688557,-0.008423912884107931,0.00631700605167862,0.006517040599377718,0.10345481226038858,0.016164369834896324,0.25660141609925924,0.01654724052292202,0.2626792998481323,22.733935982452394,8.511986312372699,6.009910773131241,1.07517301941318,244.64269303981754,-0.053656118107030144,246.02432098388672,262.21305677418866,229.8355851935848,0.13160272712519513,0.07254998627880499,241.20732286147188,248.3563753130942,-7.14905245162231,-6.121339325704691,-1.0277131259176198,-1.7098000548847812,-1.9897145981911855
2022-09-22 00:00:00-04:00,231.13514258494143,236.9555520614077,230.8436483959942,234.15708923339844,31061200.0,0.0084595945658048,0.5311206385450064,0.012861383823939088,0.019330706069818238,0.008777181966370253,0.1393334441698595,0.016402303829079663,0.26037850116160366,0.016533936789631432,0.26246810962935857,27.44725484026253,6.111903665413507,6.017195979722832,1.1489479912126999,243.86416041811705,-0.04145538030259248,245.29166793823242,262.2572167847964,228.32611909166843,0.13832959748829407,0.1718473771307123,240.12267153407595,247.30457634422783,-7.181904810151877,-6.333452422594128,-0.8484523875577494,-1.3126104914771515,-1.7925416650550456
2022-09-23 00:00:00-04:00,232.75787437724335,234.30286782239327,228.54075677381343,231.18374633789065,34176000.0,-0.012779378612195658,-0.6673205080028639,0.0,-0.013066777005849128,0.009482382560755294,0.150528156552806,0.01626423174028379,0.258186674701885,0.016477506685642053,0.26157230949967814,24.974177348865126,5.76211104857984,5.998975627498333,1.2382384377094617,242.87430805087092,-0.05056826830677674,244.41034774780275,262.40631809019294,226.41437740541258,0.14726029816838607,0.13251213582086338,238.74745227312434,246.11044078820285,-7.362988515078513,-6.539359641091005,-0.8236288739875075,-1.4699514567165453,-1.9097799350284168
2022-09-24 00:00:00-04:00,232.75787437724335,234.30286782239327,228.54075677381343,231.18374633789065,34176000.0,0.0,0.05830659877750469,0.0,0.0017684344046118294,0.009602845569470974,0.15244044753227176,0.01626423174028379,0.258186674701885,0.016477506685642053,0.26157230949967814,24.974177348865126,5.76211104857984,5.982056729004156,1.2133549997106494,241.92423950757697,-0.046458686390471245,243.52902755737304,262.3263466485736,224.7317084661725,0.1543743616910068,0.17162122535703767,237.58380520616532,245.00475971780935,-7.420954511644027,-6.71567861520161,-0.7052758964424166,-1.3135150985718491,-1.8576573009279271
2022-09-25 00:00:00-04:00,232.75787437724335,234.30286782239327,228.54075677381343,231.18374633789065,34176000.0,0.0,0.05830659877750469,0.001979309604588586,0.021554385992592406,0.00968471805908145,0.15374013301263398,0.01626423174028379,0.258186674701885,0.016477506685642053,0.26157230949967814,24.974177348865126,5.76211104857984,5.966346323259562,1.1894519666886627,241.01160357018804,-0.04251102159203404,242.64770736694337,262.0457128577619,223.24970187612485,0.15988616337086536,0.20450670728805487,236.5991807648923,243.9809809489265,-7.3818001840341765,-6.848902928968124,-0.5328972550660529,-1.181973170847781,-1.7769115744073019
2022-09-26 00:00:00-04:00,230.3383971861503,234.6138138859922,230.1926352458672,230.72706604003903,27694200.0,-0.0019773533522606875,-0.05352420553611201,0.004399157445903246,0.0195364077884288,0.007596979602576056,0.12059831246187933,0.0162486787437013,0.2579397785352904,0.016467651945182515,0.26141587034473196,24.54984235618707,4.421178640124992,5.855977203035665,0.9533005219122601,240.33534933502122,-0.04164350312206033,241.88007583618165,261.91100143522146,221.84915023714186,0.16562691680819688,0.22160523134594307,235.69577849953026,242.9992094741941,-7.303430974663826,-6.939808538107264,-0.3636224365565619,-1.1135790746162266,-1.724028967292161
2022-09-27 00:00:00-04:00,233.18542153198845,234.9538988327844,227.86058139335248,229.7165069580078,27018700.0,-0.004389509437842018,-0.19574173223910665,-0.019330484178304297,0.015070950856846732,0.005319175808605577,0.08443929821640757,0.016160979202219636,0.2565475914741611,0.016138826093095176,0.25619592176909994,23.594492561576672,7.093317439431928,5.944358648492541,0.9254418323944887,239.41231643571592,-0.04220771770432895,240.82676620483397,261.10061184701794,220.55292056264997,0.16836870719710756,0.22599526890673066,234.77589057006526,242.01530558410622,-7.239415014040958,-6.999729833294003,-0.23968518074695488,-1.096018924373078,-1.7051037678935628
2022-09-28 00:00:00-04:00,230.10517219200625,235.46888802626256,228.0840616627681,234.24456787109372,29029700.0,0.01951976116844561,1.159693083414713,0.015031626319614633,0.0013708024109162498,0.009612479496825284,0.15259338138784195,0.016201865028505263,0.25719663384515606,0.014040019451678513,0.22287839922990468,35.67367830575873,7.384826363494454,6.047249199564106,0.9797087167303107,238.75497571329717,-0.019255122469629925,239.97897033691407,259.84018889900875,220.1177517748194,0.16552465854996282,0.3556382014554607,234.69414861637733,241.43969538314235,-6.745546766765017,-6.948893219988206,0.20334645322318945,-0.5774471941781576,-1.3910701461483013
2022-09-29 00:00:00-04:00,232.12627894023527,233.15626466417,227.77312585488747,230.775634765625,27484200.0,-0.014919770943901949,-0.7946214061409841,0.019751023199029216,-0.04572486137117282,0.01251173441957254,0.1986176264656561,0.01635388026204298,0.25960980086576124,0.013605724299430435,0.2159841774192086,31.55758589951394,6.471442016206254,6.077548686467116,0.9191755773441792,237.7154921552872,-0.03007188084093146,238.66913604736328,257.2239602450837,220.1143118496429,0.15548574486847966,0.2872924799064369,234.0913003316462,240.64976496702997,-6.558464635383757,-6.870807503067317,0.3123428676835598,-0.8508300803742526,-1.5253518159653887
2022-09-30 00:00:00-04:00,231.5432539781558,233.7295494002438,226.14067744074515,226.3058624267578,35694800.0,-0.019558502597257457,-1.0575243737940485,0.0,-0.0654092727711314,0.015152384788839368,0.24053665152496154,0.015474023245562525,0.24564250373634602,0.013578827094313434,0.21555719752499491,27.202297034687888,7.588871959498647,6.185500348826512,1.1672050652961619,236.35429725787841,-0.044402008517886726,237.13581314086915,254.34143962889064,219.93018665284765,0.14511200362469578,0.18527880337135316,232.89354065397106,239.58725366775056,-6.693713013779501,-6.835388605209754,0.14167559143025343,-1.2588847865145876,-1.6976325841581343
2022-10-01 00:00:00-04:00,231.5432539781558,233.7295494002438,226.14067744074515,226.3058624267578,35694800.0,0.0,0.0525539272479135,0.0,-0.056282747498934804,0.015252493799762153,0.24212583280635155,0.015474023245562525,0.24564250373634602,0.013578827094313434,0.21555719752499491,27.202297034687888,7.588871959498647,6.285741178160237,1.1417975246893706,235.0523629234297,-0.03864902306497976,235.602490234375,250.70173205443274,220.50324841431728,0.1281755706829512,0.19214918476013731,231.88005169593825,238.6034469091585,-6.723395213220243,-6.812989926811852,0.08959471359160887,-1.2314032609594516,-1.6262106095313391
2022-10-02 00:00:00-04:00,231.5432539781558,233.7295494002438,226.14067744074515,226.3058624267578,35694800.0,0.0,0.0525539272479135,-0.032566325408727725,-0.005720639937765504,0.015341155810903312,0.2435332985996616,0.015474023245562525,0.24564250373634602,0.013578827094313434,0.21555719752499491,27.202297034687888,7.588871959498647,6.378821948255838,1.111665813850135,233.86415803425297,-0.03339858511151623,233.96276779174804,244.85404525560458,223.0714903278915,0.09310265532121713,0.1484845147688049,231.02248411606433,237.69251472527696,-6.670030609212631,-6.784398063292008,0.11436745407937643,-1.4060619409247808,-1.5616069694529822
2022-10-03 00:00:00-04:00,228.7448115784085,234.7692672584992,228.01604641968547,233.9239044189453,28880400.0,0.0331084098221254,1.910437211702024,-0.03270652231248339,0.027749380837197135,0.020621142575603584,0.3273504900303182,0.017447818536738987,0.2769755326127655,0.014286672278124562,0.22679389146358922,43.73263633640392,8.4634048317414,6.527720725647664,0.9057492799659533,233.29200725821997,0.0027012936634028227,233.41619415283202,243.02783576321147,223.80455254245257,0.08235625334621054,0.5264112149981239,231.46885647035373,237.41335840628943,-5.944501935935705,-6.616418837820747,0.6719169018850426,0.10564485999249608,-1.1204281308874682
2022-10-04 00:00:00-04:00,238.15073348619765,243.2715274872376,238.0438473364952,241.83343505859372,34888400.0,0.03325333661848104,1.8996082652134194,-0.0012839989383189865,0.06250006284980958,0.023164506762538364,0.3677251448229027,0.014978159116551214,0.23777090471969656,0.014917614356039464,0.23680978644268424,55.125978025860434,9.347623068292279,6.729142321550851,1.0756599124726005,233.3168854109329,0.03521659296448127,233.25392379760743,242.11695537009876,224.3908922251161,0.07599470506812755,0.9840054551771529,233.06340702239066,237.7407714916453,-4.677364469254627,-6.228607964107524,1.5512434948528968,1.9360218207086088,-0.677877227852455
2022-10-05 00:00:00-04:00,239.0252418124359,243.48528067614083,237.188754349336,242.14434814453125,20347100.0,0.0012848239712591023,0.11019963694715339,0.00976526409507339,0.08702265604931925,0.017947076866104392,0.2849010128896361,0.014980249828878134,0.2378040937489766,0.01445434265726979,0.2294555762162903,55.50735611673571,6.2965263268048375,6.698241179068994,0.6383358862564892,233.34561149486882,0.03633674177028751,233.43951568603515,242.8947989237294,223.9842324483409,0.08100842061728022,0.9603157959242073,234.46047488733535,238.06696235482204,-3.606487467486687,-5.7041838647833565,2.0976963972966693,1.8412631836968314,-0.6367614874148715
2022-10-06 00:00:00-04:00,240.9103348181627,243.25210389130189,239.11272288342423,239.8026123046875,20239900.0,-0.009717892054307259,-0.5067475311737589,0.053577602218427556,0.09484949855143565,0.020167381092852724,0.32014724980292597,0.013842036821513783,0.2197355224099466,0.014465321968623712,0.22962986738074567,51.927683742741124,4.13938100787766,6.515465452555327,0.6550631876943313,233.2695803844472,0.027243372611552602,233.53911285400392,243.22735788647518,223.85086782153266,0.08296892896504088,0.8232525307571572,235.28234218231262,238.19552901777504,-2.913186835462426,-5.145984458919171,2.2327976234567446,1.2930101230286295,-0.7349859820753044
2022-10-07 00:00:00-04:00,234.0793483497187,234.48746986052475,226.56821340371295,227.60792541503903,37769600.0,-0.0521916128861467,-2.8553428291615663,0.0,0.0376079604526085,0.03540981879168843,0.5621134469560155,0.017971064967349598,0.2852818121915528,0.015778499452756854,0.25047591368258026,38.13534646018554,13.234398900974554,6.995389270299558,1.2264242843022524,232.62902662816435,-0.022060309209222088,233.02897567749022,242.84381868303342,223.21413267194703,0.08423710379370881,0.2238340817377565,234.10166267965513,237.41126208423904,-3.3095994045839063,-4.778707448052118,1.4691080434682116,-1.1046636730489738,-1.3396074552641228
2022-10-08 00:00:00-04:00,234.0793483497187,234.48746986052475,226.56821340371295,227.60792541503903,37769600.0,0.0,0.059411873146485876,0.0,0.0,0.030724578728693004,0.4877375667200805,0.017971064967349598,0.2852818121915528,0.015778499452756854,0.25047591368258026,38.13534646018554,7.919256456811809,7.061379783621861,1.230464098704008,231.98425293213822,-0.019227483002268172,232.51883850097656,242.34781100148373,222.68986600046938,0.08454345087798894,0.25018176693015887,233.1026261774065,236.68508899763162,-3.5824628202251176,-4.539458522486718,0.9569957022616,-0.9992729322793648,-1.2937681589024792
2022-10-09 00:00:00-04:00,234.0793483497187,234.48746986052475,226.56821340371295,227.60792541503903,37769600.0,0.0,0.059411873146485876,0.021766452607243636,0.02485116774806162,0.02283080301780002,0.3624277621020109,0.017971064967349598,0.2852818121915528,0.015778499452756854,0.25047591368258026,38.13534646018553,7.919256456811809,7.122656688849714,1.208915598905275,231.47875332902112,-0.017006560324837973,232.01939010620117,241.77679247495595,222.2619877374464,0.08410850803709613,0.27394266811787127,232.25728759858075,236.01270651003216,-3.7554189114514145,-4.382650600279657,0.6272316888282425,-0.9042293275285139,-1.2548193769809521
2022-10-10 00:00:00-04:00,226.45166042593948,227.91890247197844,220.31059141185503,222.75924682617188,29743600.0,-0.021532945713076117,-1.134182590177004,0.01703583351899307,0.0030190021730962524,0.021734426139798806,0.3450233187276552,0.018460225260504837,0.29304699111317006,0.015932898511878988,0.2529269227611774,33.69143660917317,7.6083110601234125,7.157346286797836,0.9473476679562922,230.89137384745925,-0.03650634995921496,231.37807922363282,241.81123037364463,220.944928073621,0.09018271035025667,0.0869497013157337,230.79605055667167,235.03096875567212,-4.234918199000447,-4.353104120023815,0.11818592102336822,-1.6522011947370638,-1.4636548272498546
2022-10-11 00:00:00-04:00,221.17534309367792,222.5745744479787,217.7647277876426,219.0279235839844,30474000.0,-0.016892350977651224,-0.8722417983298806,-0.0015061353521239607,-0.013782042759887703,0.021393333471195833,0.3396086404767502,0.018673226972349244,0.29642828846339814,0.015971091097754173,0.2535332112660907,30.724261624998306,4.994519038529262,7.002858626207224,0.9677625263066969,230.25854387079934,-0.051274833377620246,230.72024688720703,242.51017660134414,218.9303171730699,0.10220108441458887,0.004139397489259669,228.98556948395057,233.84555800221378,-4.859988518263208,-4.454480999671694,-0.4055075185915138,-1.9834424100429622,-1.612634383632582
2022-10-12 00:00:00-04:00,219.0182105557888,221.40856673598395,217.6189939430992,219.3583068847656,21903900.0,0.0015072707141225248,0.1552184017131265,-0.036244865002966864,-0.049593739847793694,0.010939641324538793,0.17366142226184933,0.01852529868515673,0.29407999970469934,0.015592182483141525,0.24751822348278021,31.301177935535378,3.7895727928847407,6.773338209541332,0.7058655198233137,229.67872348942728,-0.04704821418084368,229.98030776977538,242.68416710887962,217.27644843067114,0.1104778010108726,0.08193803152740402,227.50445216099902,232.77242828981022,-5.267976128811199,-4.617180025499596,-0.6507961033116034,-1.6722478738903828,-1.5506216981662404
2022-10-13 00:00:00-04:00,213.62535270758943,229.41526348823243,212.92573701301367,227.60792541503903,42551800.0,0.036918025976604804,2.1131202533770304,0.02485116774806162,-0.01786171302176709,0.022990388098340944,0.36496109671841587,0.020335389423186984,0.32281429936443584,0.016409709432088245,0.26049606146481874,43.870770418645925,16.489526475218753,7.4673516570897185,1.352996044045074,229.45686084662614,-0.008123335021026211,229.80151672363277,242.53467946712328,217.06835398014226,0.11081878766539083,0.41386306164526354,227.52037112315904,232.38987252130863,-4.869501398149595,-4.667644300029596,-0.20185709811999875,-0.3445477534189462,-1.0782236559740987
2022-10-14 00:00:00-04:00,228.87113093564267,230.5230105633838,221.874988067134,222.08876037597656,30198600.0,-0.0245473998504989,-1.3036374575754042,0.0,-0.03349118191070166,0.025476909404329083,0.40443339875026485,0.020822386406165093,0.33054513680162884,0.01642217719365288,0.2606939810438528,38.76110717676826,8.64802249624978,7.551685288458295,0.966318557200311,229.0064389547484,-0.031148260574109313,229.34676742553705,242.514302639783,216.1792322112911,0.11482642953335818,0.22439765941510256,226.68473870051557,231.62682717720998,-4.942088476694408,-4.722533135362559,-0.21955534133184962,-1.1024093623395905,-1.3549587799176874
2022-10-15 00:00:00-04:00,228.87113093564267,230.5230105633838,221.874988067134,222.08876037597656,30198600.0,0.0,0.06298029955944558,0.0,-0.03214053756504365,0.02372404624657234,0.3766075587637545,0.020822386406165093,0.33054513680162884,0.01642217719365288,0.2606939810438528,38.76110717676826,8.64802249624978,7.629995089014829,0.9725072027641095,228.55024774089662,-0.02909416646741301,228.89201812744136,242.41581515351908,215.36822110136364,0.11816748470930082,0.2484708718140997,225.97766511212495,230.92030371045195,-4.942638598326994,-4.766554227955446,-0.176084370371548,-1.0061165127436003,-1.3299459499536503
2022-10-16 00:00:00-04:00,228.87113093564267,230.5230105633838,221.874988067134,222.08876037597656,30198600.0,0.0,0.06298029955944558,-0.037763597064714105,-0.0560052119832809,0.021961717500537034,0.34863145722165617,0.020822386406165093,0.33054513680162884,0.01642217719365288,0.2606939810438528,38.76110717676826,8.64802249624978,7.702711332388755,0.9686012701132402,228.1406369206724,-0.02724981009597487,228.46010284423824,242.2855413161365,214.63466437233998,0.12103153504508658,0.26957900896914994,225.3793720757944,230.26611531530563,-4.886743239511219,-4.790592030266601,-0.09615120924461795,-0.9216839641234001,-1.3079241739805507
2022-10-17 00:00:00-04:00,229.14320282236488,232.1942989747583,228.4824480465505,230.8047790527344,28142300.0,0.03849511740885742,2.176251610136348,-0.004067147873295318,-0.018957519028505954,0.027064389761632886,0.42963386817001975,0.022612057173700194,0.35895527947910866,0.017232751047933197,0.27356144206991373,50.201310704664685,10.105538598781749,7.874341851416826,0.9010231411793314,228.19249935097466,0.01131813523307891,228.5145164489746,242.36931076174926,214.65972213619995,0.1212596427401873,0.5826523495064841,226.21405007224672,230.30601633289294,-4.091966260646217,-4.6508668763425245,0.5589006156963077,0.3306093980259364,-0.7690117517236003
2022-10-18 00:00:00-04:00,236.35313103627703,237.02358255454533,228.70594491704173,231.7473297119141,26329600.0,0.004075441213672869,0.27744696320627843,0.008541978243405302,-0.014951179814395976,0.022561534048041343,0.35815324972340273,0.022605044090870142,0.3588439502405554,0.017257770054852215,0.2739586064920589,51.26165864874761,8.317637637503594,7.90600583613731,0.8466460505918091,228.06051240996152,0.015908780077577022,228.38965454101563,242.07094086293318,214.70836821909808,0.11980653282577285,0.6227105073270571,227.06532386296476,230.4127802868945,-3.347456423929742,-4.390184785859969,1.0427283619302266,0.4908420293082286,-0.6882696386624618
2022-10-19 00:00:00-04:00,230.3286576759404,232.82590014122383,227.6565186844232,229.78451538085935,19985700.0,-0.00850570198155851,-0.4124547872148807,0.0013974464799277886,-0.04355929142961534,0.018294448338313653,0.2904153640577806,0.02224542376258485,0.3531351545102776,0.017270423018585182,0.27415946606437097,48.925383819844505,5.169381456800636,7.71053266618469,0.6504960244969817,227.99514357654456,0.0077871731319622,228.34009857177733,241.9921444759396,214.68805266761507,0.11957642122039136,0.5529011116437001,227.48366101956393,230.3662421457067,-2.8825811261427816,-4.088664053916531,1.2060829277737497,0.21160444657480063,-0.795634540094721
2022-10-20 00:00:00-04:00,229.0946209946649,234.47775981300623,228.22009390223283,229.4638519287109,21811000.0,-0.001396470960314136,-0.024574276378149507,-0.024657169087543118,-0.05788725928365046,0.01843458501128966,0.2926399647753076,0.02201428909742038,0.3494660054499294,0.017271890780408274,0.27418276606097763,48.53620249134171,6.257665910773397,7.606756469369598,0.7263168217886389,228.14887950047978,0.0057306299758258265,228.49799804687495,242.1240045864859,214.871991507264,0.11926587240222265,0.5354415609235255,227.7883057748173,230.29939842592924,-2.5110926511119374,-3.7731497733556125,1.2620571222436752,0.14176624369410176,-0.8009856565346306
2022-10-21 00:00:00-04:00,228.09377738574145,236.11990546004,227.86056720320727,235.2648162841797,26299700.0,0.024966248339950238,1.4316203245434111,0.0,0.046688423691469305,0.01956874888172521,0.3106442580583093,0.022207123822492972,0.35252716181000693,0.017576965116015798,0.27902567100141223,55.44151843896839,8.259338256832734,7.653369454188393,0.8897104991096028,228.57671187114445,0.02842798391475833,228.94594573974604,242.85462901998108,215.037262459511,0.12150189631264066,0.7271555983093344,228.93853816087307,230.66720715617,-1.7286689952969425,-3.364253617743879,1.6355846224469364,0.9086223932373366,-0.36416183312873585
2022-10-22 00:00:00-04:00,228.09377738574145,236.11990546004,227.86056720320727,235.2648162841797,26299700.0,0.0,0.042216636817938455,0.0,0.06778369601432832,0.012658551016743161,0.20094826769235735,0.022207123822492972,0.35252716181000693,0.017576965116015798,0.27902567100141223,55.44151843896837,8.259338256832734,7.69665294009156,0.9040777983288808,229.01836176040914,0.026550738110476205,229.39389343261715,243.5199382669968,215.2678485982375,0.12315972864839214,0.7078049064828825,229.91181171830485,231.00777079528183,-1.0959590769769818,-2.9105947095905,1.814635632613518,0.8312196259315305,-0.33589730670531553
2022-10-23 00:00:00-04:00,228.09377738574145,236.11990546004,227.86056720320727,235.2648162841797,26299700.0,0.0,0.042216636817938455,-0.020748429390182843,0.026497720320171725,0.012769351784589097,0.20270717535312943,0.022207123822492972,0.35252716181000693,0.017576965116015798,0.27902567100141223,55.44151843896837,8.259338256832734,7.736844748430215,0.9081058870448413,229.057389775352,0.02638484838859057,229.46093902587887,243.6898662777469,215.23201177401086,0.1240204743541406,0.7039464098580891,230.7353508822856,231.32310749816315,-0.5877566158775664,-2.446027090847913,1.8582704749703467,0.8157856394323572,-0.30670311551542495
2022-10-24 00:00:00-04:00,236.8584254528165,240.82291032041493,234.4680836583969,240.24961853027344,24911200.0,0.020966702546936583,1.2009043411953835,-0.013603996153901066,0.048247203403444905,0.012924460280382834,0.20516944638975065,0.02149934572499555,0.3412915328336273,0.017475839362771514,0.2774203494360415,61.05051565116282,6.354826662018041,7.638129170829346,0.8752383425168618,228.76415174746262,0.047806389259109495,229.38174819946283,243.3357160157791,215.42778038314657,0.1216658947440086,0.8894186396969789,232.1990843665914,231.98433053757873,0.2147538290126647,-1.9138709068757975,2.1286247358884625,1.5576745587879162,0.13571709315328473
2022-10-25 00:00:00-04:00,240.25930485991768,243.93228026742983,238.86979966752605,243.56304931640625,34775500.0,0.013697378391122375,0.7993209963044778,0.08360709512355524,0.06270422762884209,0.01161226843356415,0.18433904659521788,0.020442303543173803,0.3245115084031945,0.01758070112882611,0.2790849783661585,64.27011011320108,5.062480599903779,7.4541542729060914,1.1916106335028462,229.17943770471396,0.059054982486308596,229.4526832580566,243.69134443846744,215.21402207764575,0.12410978140009084,0.995494831977683,233.94738666656292,232.8420134100845,1.1053732564784298,-1.310022074204952,2.4153953306833817,1.9819793279107334,0.4494848588633705
2022-10-26 00:00:00-04:00,224.62486794587923,231.55300056663893,223.54629485034351,224.7706298828125,82543200.0,-0.08029537894043728,-4.242484073312373,0.02015429983304884,-0.0034892092122480456,0.0407986690904046,0.6476587934137702,0.026964701767498656,0.42805137032295154,0.020187099786193662,0.3204602743554816,42.70777199060751,20.016754466062736,8.351482858131567,2.5556139513031066,228.28322864200064,-0.015627481050435647,228.70108413696283,242.20753531106035,215.1946329628653,0.1181144481677129,0.3544971508989681,232.53557793060133,232.24413314880508,0.2914447817962582,-0.9897287030047099,1.2811734848009682,-0.5820113964041281,-1.1426733768237258
2022-10-27 00:00:00-04:00,224.49856315131885,227.07354265696637,219.3874947506803,220.3300323486328,40424600.0,-0.019953890201495884,-1.018557963901198,-0.03866511152798369,-0.006223410570217802,0.04065846474442791,0.6454331184206614,0.02717356457952731,0.43136696467549623,0.020222297061343424,0.3210190137767219,39.34840578325483,7.686047906286063,8.303951790142602,1.2464600415799134,227.82688431943203,-0.0340255565293831,228.33718948364253,242.350312554454,214.32406641283106,0.12274061095786008,0.21429790866219658,230.65780168722154,231.36160716360712,-0.7038054763855826,-0.9325440576808846,0.228738581295302,-1.142808365351213,-1.4984944258708157
2022-10-28 00:00:00-04:00,219.83442354607308,229.9010992303716,219.64980068466605,229.19175720214844,40647700.0,0.03943245155737816,2.1381831298683007,0.0,0.07164918043009338,0.04714565598453331,0.748414086792475,0.02639910540939867,0.41907280648709316,0.02039114324660603,0.3236993638728827,48.11884946053255,10.251298545705566,8.443047986968528,1.2478024081339831,227.92473250395355,0.0055282297830517736,228.416381072998,242.43005274474228,214.40270940125373,0.12270286050338697,0.5276649884239053,230.43225638182565,231.20087753683242,-0.7686211550067696,-0.8997594771460616,0.131138322139292,0.11065995369562114,-0.6809517150318832
2022-10-29 00:00:00-04:00,219.83442354607308,229.9010992303716,219.64980068466605,229.19175720214844,40647700.0,0.0,0.041149388442687056,0.0,0.10090993966229611,0.04512203927682017,0.7162901674473294,0.02639910540939867,0.41907280648709316,0.02039114324660603,0.3236993638728827,48.11884946053256,10.251298545705566,8.572208741164031,1.2423143685530285,228.02171998375758,0.005105058020733618,228.4955726623535,242.50790859309424,214.48323673161278,0.12264864275026173,0.5248418444731836,230.24141035418302,231.0520538083373,-0.810643454154274,-0.8819362725477041,0.07129281839343016,0.09936737789273445,-0.6555492883565066
2022-10-30 00:00:00-04:00,219.83442354607308,229.9010992303716,219.64980068466605,229.19175720214844,40647700.0,0.0,0.041149388442687056,0.016111666059853702,0.06540478159654195,0.04376267470391901,0.6947109238415214,0.02639910540939867,0.41907280648709316,0.02039114324660603,0.3236993638728827,48.11884946053256,10.251298545705566,8.692143727202712,1.2219528663255226,228.3284794015219,0.0037666180108961436,228.81719818115235,242.56800126543882,215.06639509686588,0.12019029333101175,0.5136195325720324,230.07992525387,230.9142540597307,-0.8343288058607072,-0.8724147792103049,0.038085973349597624,0.05447813028812988,-0.6300301305496986
2022-10-31 00:00:00-04:00,227.1414870091096,228.26864718595425,224.6053840245905,225.55764770507807,28357300.0,-0.015983250656125273,-0.8044329564116693,0.01735522600692674,0.048511514219525376,0.023484552540751547,0.372805714046752,0.026196297523105348,0.4158533311007644,0.020438003241570874,0.324443243231571,44.800685801613525,4.586373177557931,8.398874402228087,0.8551992606466386,228.63737540985224,-0.013653838546857821,229.14368438720697,242.2088223163505,216.07854645806344,0.11403445802212085,0.3627631525370362,229.38419024636352,230.51746840383052,-1.1332781574670037,-0.9245874548616446,-0.20869070260535905,-0.5489473898518544,-0.950478349435565
2022-11-01 00:00:00-04:00,227.95777880152,229.06550140142764,220.89361007725955,221.70982360839844,30592300.0,-0.017206344188604873,-0.8646253515790496,0.03666533938077232,0.03062478809381619,0.022905491512469775,0.3636134051981746,0.026206865008100273,0.41602108472444427,0.020510887707657313,0.3256002482617976,41.534830804063255,8.171891324168087,8.3826613252238,0.9106714543526391,228.62445319152786,-0.031187745633421256,229.26126022338866,241.99370431777487,216.52881612900245,0.11107366401091848,0.20345691058955115,228.20351845590736,229.86505027083555,-1.6615318149281961,-1.071976326874955,-0.5895554880532412,-1.186172357641795,-1.2830108132520948
2022-11-02 00:00:00-04:00,222.96325992629187,224.75116008206984,213.80995721146996,213.86827087402344,38407000.0,-0.03600915718212233,-1.8536027061471179,0.027304419922627332,-0.0340985734074819,0.0149205271892893,0.23685602623702223,0.027392374920922776,0.4348404711612255,0.02094388331621294,0.3324738404559252,35.80630033853021,10.94120287059988,8.565414292750663,1.1503963426460015,227.84046078331582,-0.06533082187550174,228.57427749633788,243.04616370595892,214.10239128671685,0.1266274260440604,-0.008088800910339151,225.99809575100215,228.68010364884947,-2.6820078978473134,-1.3939826410694267,-1.2880252567778867,-2.032355203641359,-1.9568773577005278
2022-11-03 00:00:00-04:00,213.8585776839984,214.16952462545237,207.92156981485337,208.18392944335935,36633900.0,-0.026938303696149236,-1.3728265054038107,-0.03225073803643308,-0.06387889353412546,0.013466509312443498,0.21377420801316543,0.026477592653982123,0.4203187528686443,0.021164399515113484,0.33597442659003773,32.325791645917874,6.247954810598998,8.399881472596974,1.086812637487336,227.0299591560387,-0.09052586221746188,227.87903594970703,244.79278448343214,210.96528741598192,0.14844497180914862,-0.08222180810707612,223.25745478059557,227.16186852251687,-3.904413741921303,-1.896068861239802,-2.008344880681501,-2.3288872324283036,-2.357585044609607
2022-11-04 00:00:00-04:00,211.3904909481693,215.31609955402047,207.3871307832787,215.12176513671875,36789100.0,0.03278225215596272,1.802543295696594,0.0,-0.013896925788753012,0.026672851451801698,0.4234183901906125,0.02722489071000642,0.4321817417375381,0.02156462077163105,0.34232774207492134,39.99263151075376,7.928968770741761,8.366244851035887,1.08085057000177,226.605607759196,-0.05338298807272616,227.53068618774415,245.2159428556012,209.8454295198871,0.15545381560766083,0.1491732835978964,222.00581021999915,226.27000901245776,-4.264198792458615,-2.3696948474835646,-1.89450394497505,-1.4033068656084149,-1.6507092396902148
2022-11-05 00:00:00-04:00,211.3904909481693,215.31609955402047,207.3871307832787,215.12176513671875,36789100.0,0.0,0.061212842426171185,0.0,-0.08885502505932719,0.027130486259502935,0.4306831175453985,0.02722489071000642,0.4321817417375381,0.02156462077163105,0.34232774207492134,39.99263151075376,7.928968770741761,8.335010845300593,1.0704868375491392,226.18939414654818,-0.05144820656708305,227.18233642578124,245.5790710053889,208.7856018461736,0.1619556772682257,0.1722089119437709,220.94672636103292,225.44421316981044,-4.4974868087775235,-2.7952532397423564,-1.702233569035167,-1.3111643522249168,-1.5878701625813973
2022-11-06 00:00:00-04:00,211.3904909481693,215.31609955402047,207.3871307832787,215.12176513671875,36789100.0,0.0,0.061212842426171185,-0.028437369472859353,-0.10408310074681881,0.026995461192382792,0.42853966105524033,0.02722489071000642,0.4321817417375381,0.02156462077163105,0.34232774207492134,39.99263151075376,7.928968770741761,8.306007839974962,1.0571872097621084,225.4177411684044,-0.047861154472873244,226.39818572998047,245.4693913503752,207.32698010958575,0.16847489796707538,0.20436004892100976,220.0505784803692,224.67958738958143,-4.629008909212217,-3.1620043736363286,-1.4670045355758887,-1.182559804315962,-1.5393560177695995
2022-11-07 00:00:00-05:00,215.7048100241946,221.94303900351989,215.01490570624847,221.41831970214844,33498000.0,0.02884954438142112,1.580983690085505,-0.00436905487566408,-0.07785986090563846,0.02445361314997084,0.38818907431081,0.02659004138077405,0.422103821066668,0.021917870003754857,0.34793539978906607,46.821688861138185,6.928133297271415,8.207588229781852,0.9527992067686346,224.99019584119387,-0.016131800403192974,225.88173522949214,244.9023777558558,206.86109270312846,0.16841239958635001,0.3826691705825091,220.26100020679678,224.43801200532715,-4.177011798530373,-3.3650058586151377,-0.8120059399152351,-0.4693233176699636,-0.935224921769815
2022-11-08 00:00:00-05:00,222.22476863616475,225.09124173650707,219.4457437895728,222.38995361328125,28192500.0,0.0043786270871036224,0.2839225804699699,0.0194199401087074,-0.07381330038993195,0.016237837272738618,0.25776767551921004,0.02659357406323996,0.4221599006622625,0.021899725996314505,0.34764737260022643,47.80873705912354,5.6454979469342845,8.024581781007026,0.7926410967223163,224.75244545877732,-0.010623195009987974,225.5120071411133,244.50067339403665,206.52334088818992,0.1684049243643269,0.4177916582911297,220.58853150010208,224.28630397628672,-3.697772476184639,-3.431559182129038,-0.2662132940556008,-0.32883336683548153,-0.8275584367072067
2022-11-09 00:00:00-05:00,220.9324523344401,222.1567873542891,217.97853059362552,218.15342712402344,27852900.0,-0.019233779364935776,-0.9574498181882545,-0.07601446667279776,-0.07054426415887227,0.01719184583438269,0.27291209193562993,0.02682756401479191,0.42587437598882955,0.021850243958550175,0.34686186960249166,43.975980005293984,4.411423019655729,7.766499012339077,0.7764979518339822,224.35299867437524,-0.028418400902898756,224.9464859008789,244.1124656621113,205.78050613964652,0.17040479369549028,0.32278341985427744,220.21390005762842,223.83201680204502,-3.6181167444165965,-3.46887069458655,-0.14924604983004652,-0.70886632058289,-1.2352834439418636
2022-11-10 00:00:00-05:00,228.764240055821,236.4405754721372,228.3464218051101,236.10047912597656,46268000.0,0.07905886403531018,4.083512766009422,-0.016713120421350203,0.004174118324748122,0.037881160033009384,0.6013447729318929,0.03219665217521854,0.5111060082268504,0.024128614865656497,0.3830298864898995,58.97898618603294,18.28714834811376,8.517973964894411,1.2549531020000646,224.7009328432348,0.04828260546078473,224.98826904296874,244.25235568562653,205.72418240031095,0.17124525402681054,0.7884177767971956,222.6579891450666,224.7407917890029,-2.0828026439363043,-3.1916570844565006,1.1088544405201963,1.1536711071887824,0.6852739411585821
2022-11-11 00:00:00-05:00,236.11018052503232,240.96861451794143,235.0801800640539,240.113525390625,34620200.0,0.016854360538735163,0.894135266284151,0.0,0.019383541690702666,0.036537116285410016,0.5800087398878577,0.03194693874231209,0.5071419303718342,0.02404689863607437,0.3817326815605865,61.464040716274134,5.888434453887527,8.330149714108206,0.9285454601778468,225.04391880661234,0.06276034038272897,225.230704498291,245.15022346160515,205.31118553497686,0.17688102523752744,0.8735738026541641,225.3434562597679,225.8795127965305,-0.5360565367626009,-2.660536974917721,2.12448043815512,1.4942952106166565,1.2606505866557496
2022-11-12 00:00:00-05:00,236.11018052503232,240.96861451794143,235.0801800640539,240.113525390625,34620200.0,0.0,0.03150456345245475,0.0,0.0195943051256513,0.037447970167535934,0.5944680970047953,0.03194693874231209,0.5071419303718342,0.02404689863607437,0.3817326815605865,61.46404071627413,5.888434453887527,8.155741481235301,0.9182989234055059,225.37933504198656,0.061363433503666,225.47313995361327,246.01515763290882,204.93112227431772,0.18221254809793908,0.8563521769277777,227.61577458759206,226.93388409979676,0.6818904877953003,-1.9920514823751168,2.673941970170417,1.4254087077111097,1.2893092522897738
2022-11-13 00:00:00-05:00,236.11018052503232,240.96861451794143,235.0801800640539,240.113525390625,34620200.0,0.0,0.03150456345245475,0.02301804912958083,0.021538606153492346,0.03784297906107217,0.6007386687925292,0.03194693874231209,0.5071419303718342,0.02404689863607437,0.3817326815605865,61.46404071627413,5.888434453887527,7.993790979281889,0.9066247383517595,225.5622092702333,0.060601817813965786,225.46633529663086,245.98782323719016,204.94484735607156,0.18203593821277628,0.8568744658384392,229.53850548036638,227.9101538250433,1.6283516553230868,-1.267970854835476,2.896322510158563,1.4274978633537574,1.3209234571521684
2022-11-14 00:00:00-05:00,235.13848204241356,237.00411882377543,232.43719406272425,234.7109375,31123300.0,-0.022757130146771363,-1.1420932411860796,-0.0017358304492061105,-0.0014461553022914186,0.03867136406266906,0.6138888730167765,0.03200338646182742,0.50803801013932,0.024169941347948247,0.38368592405813,55.781988152836206,7.676331327900755,7.971115289897523,0.8189652450319973,225.11323444743917,0.040891588414199195,225.02372970581055,244.2422957679532,205.8051636436679,0.17081368340368766,0.7520273303134623,230.33426425261771,228.4139155787438,1.9203486738739173,-0.6303069490935973,2.550655622967515,1.0081093212538497,0.6690906284628638
2022-11-15 00:00:00-05:00,238.7045911196065,240.0066479183107,233.2339895014383,235.1190643310547,31390100.0,0.0017373387485675525,0.1152658808893838,-0.0018200593786599217,0.000290178848195044,0.01415542850609816,0.22471046117214172,0.03183265349029478,0.5053277082396734,0.023124463171842868,0.36708947252740864,56.11205912620226,6.772658416872417,7.885511227538587,0.8855866089800566,225.59617761805282,0.04050240136883735,225.54115142822266,245.28117384570174,205.80112901074358,0.17504586007898648,0.7426013684348992,231.070387341608,228.91059326410016,2.159794077507854,-0.07228674377330707,2.232080821281161,0.9704054737395972,0.7288275955099471
2022-11-16 00:00:00-05:00,236.58066349562552,237.56484236253215,234.2712807664748,235.5477752685547,24093300.0,0.0018217176991975298,0.1298103914276647,0.00020675577574946757,-0.0013222880221368527,0.01061261945833155,0.1684701110742617,0.026246109115186524,0.4166440656110943,0.023125734275823068,0.36710965067754137,56.47955758634282,3.2935615960573443,7.5575148252899265,0.6957554048660977,226.24974674387033,0.0394740664142695,226.30203857421876,246.3667920520209,206.2372850964166,0.17732720044606806,0.730397465500002,231.75921625344597,229.40223637554124,2.3569798779047346,0.4135665805623013,1.9434132973424334,0.921589862000008,0.7903491681355012
2022-11-17 00:00:00-05:00,231.6988319904281,237.02893923380267,231.5526741520921,235.49908447265625,23123500.0,-0.00020673440471973586,0.02222473520034281,0.0019069359431165278,-0.013671936036712684,0.010594307403336164,0.16817941621318774,0.02576082520105289,0.4089404222987486,0.02286857877063192,0.3630274335874996,56.42177140064644,5.476265081710579,7.408854129319973,0.6850845130636686,226.38942580201373,0.03868235280422178,226.61740493774414,247.06795705093512,206.16685282455316,0.18048527313080046,0.7171501161864295,232.33458059486293,229.8538547531053,2.480725841757618,0.8269984328013646,1.6537274089562533,0.868600464745718,0.7927007487854253
2022-11-18 00:00:00-05:00,237.2822848010197,237.50641331153855,232.9168638897255,235.0508575439453,27613500.0,-0.001905120048933819,-0.0699626867648857,0.0,-0.02568865563657241,0.010453152488132045,0.16593865140140068,0.02439453190338741,0.38725118859716534,0.02286754884150251,0.363011083969433,55.85522910927923,4.589549421813047,7.207475221640907,0.8342179978526367,226.57864046666884,0.036044187057230774,226.91035995483398,247.68153694136308,206.13918296830488,0.18307826042551392,0.6959565795041551,232.75246935626024,230.23881792279715,2.5136514334630817,1.1643290329337082,1.3493224005293736,0.7838263180166208,0.7454003884888646
2022-11-19 00:00:00-05:00,237.2822848010197,237.50641331153855,232.9168638897255,235.0508575439453,27613500.0,0.0,0.02940514891912819,0.0,-0.02568865563657241,0.00154841403502316,0.02458031077940003,0.02439453190338741,0.38725118859716534,0.02286754884150251,0.363011083969433,55.85522910927923,4.589549421813047,7.0204805216532025,0.8509723615419107,226.77545547395655,0.03520685759864365,227.20331497192382,248.27309874137686,206.13353120247078,0.18547074255546575,0.6862274112038791,233.106067538981,230.59526530214146,2.510802236839538,1.4336236737148742,1.077178563124664,0.744909644815516,0.7471905376582754
2022-11-20 00:00:00-05:00,237.2822848010197,237.50641331153855,232.9168638897255,235.0508575439453,27613500.0,0.0,0.02940514891912819,-0.0034291245468645037,-0.025334432247225758,0.0013204204844714637,0.020961025367681504,0.02439453190338741,0.38725118859716534,0.02286754884150251,0.363011083969433,55.85522910927923,4.589549421813047,6.846842585950334,0.851948774780823,227.18123922194502,0.033480491857082385,227.6779754638672,249.01765752852853,206.33829339920587,0.1874549527347494,0.6727505137550213,233.40526600128322,230.9253091719047,2.479956829378523,1.642890304847604,0.8370665245309188,0.6910020550200847,0.7386117488212653
2022-11-21 00:00:00-05:00,235.25549585436693,238.4126392167858,235.02164329544348,235.85964965820312,26394700.0,0.0034350174700117937,0.20531551866032202,-0.012161800393555633,-0.021980682197240586,0.0019443131474025514,0.030865014353162527,0.02407650301935383,0.38220263657583586,0.022871885650762525,0.3630799286821461,56.83210524560486,3.3909959213423235,6.599996395621191,0.8196531425725135,227.7967969213008,0.03418496020233491,228.3854667663574,249.8300083250128,206.940925207702,0.1877925234235116,0.6742677238261827,233.7828634869632,231.29081587459348,2.4920476123697313,1.8127217663520294,0.6793258460177019,0.6970708953047308,0.8345927424832043
2022-11-22 00:00:00-05:00,237.36026810624583,239.03628090244808,234.55393320096024,238.7634429931641,19665700.0,0.012236360225837989,0.6749338316435126,-0.010299585552383639,-0.009939767269171007,0.005640376075146531,0.08953819437429772,0.023749439630676092,0.3770106662394637,0.022898474735477122,0.36350201731660803,60.23446723549594,4.482347701487839,6.448735774611666,0.6289961543523689,228.9972039416159,0.04090341020852089,229.63022537231444,250.40642459356374,208.85402615106514,0.1809535237581507,0.7198000106657731,234.5491064879172,231.84434380930242,2.7047626786147703,1.9911299488045777,0.7136327298101925,0.8792000426630927,1.169723128974779
2022-11-23 00:00:00-05:00,238.8413679629361,241.93029414801865,238.0228543407825,241.24819946289065,19508500.0,0.010352993318726142,0.5806478653470284,0.0,0.024073540544924166,0.005771887687587014,0.09162587650050547,0.021979179533207046,0.34890865839663937,0.022854519742829572,0.36280425344005746,62.927110934931996,3.907439807236159,6.267214634084844,0.6415382052879506,230.6438739638223,0.04395608142434876,231.283438873291,250.03786893063833,212.52900881594368,0.16217702528733122,0.7656641806530348,235.57973617637464,232.54092570956823,3.03881046680641,2.2006660524049444,0.8381444144014658,1.0626567226121388,1.4318600162021167
2022-11-24 00:00:00-05:00,238.8413679629361,241.93029414801865,238.0228543407825,241.24819946289065,19508500.0,0.0,0.03530866906580581,0.00036356282968053044,0.030166752685249154,0.005771887687587014,0.09162587650050547,0.020727272779656844,0.32903525478942297,0.022832484607367007,0.3624544565088201,62.927110934931996,3.907439807236159,6.098659289309938,0.6602997503969803,231.9603761400001,0.038499036857347485,232.58976058959962,250.20959570022248,214.96992547897676,0.1515099810581321,0.7457014727700525,236.45180745122326,233.18590895055507,3.265898500668186,2.413712542057593,0.8521859586105931,0.9828058910802094,1.388271573686302
2022-11-25 00:00:00-05:00,240.9851181755742,242.33956874564888,240.4199497182592,241.1605224609375,9200800.0,-0.0003634967567290653,0.019913141354285,0.0,-0.02998344771933703,0.005855517987549889,0.09295346635513448,0.01991337914513848,0.31611509388585846,0.02276974484656786,0.36145849368247873,62.75321904772048,1.9196190273896718,5.800156413458491,0.3266691519767091,233.21035581430112,0.032966285549178645,233.89169845581054,249.8462691525708,217.93712775905027,0.13642699422078539,0.7277975428885393,237.17622514502546,233.77662106243525,3.3996040825902014,2.6108908501641146,0.7887132324260868,0.9111901715541568,1.336053528461148
2022-11-26 00:00:00-05:00,240.9851181755742,242.33956874564888,240.4199497182592,241.1605224609375,9200800.0,0.0,0.03911742594892308,0.0,-0.02826950868717948,0.006289820548623184,0.09984780577728475,0.01991337914513848,0.31611509388585846,0.02276974484656786,0.36145849368247873,62.75321904772048,1.9196190273896718,5.522975171596433,0.34349177940710635,234.58907701334724,0.02724925862878195,235.1936363220215,248.77170773398643,221.61556491005655,0.11546291493511475,0.7197250978389322,237.78919396285806,234.32357672158358,3.4656172412744866,2.781836128386189,0.6837811128882976,0.8789003913557288,1.2944295494770133
2022-11-27 00:00:00-05:00,240.9851181755742,242.33956874564888,240.4199497182592,241.1605224609375,9200800.0,0.0,0.03911742594892308,0.023701360781450465,-0.029527016571735953,0.004673290923891342,0.07418619353323062,0.01991337914513848,0.31611509388585846,0.02276974484656786,0.36145849368247873,62.753219047720485,1.9196190273896718,5.265592589867379,0.3598106856437265,235.56997758358727,0.023181840959296172,236.18074645996094,248.3383584506662,224.0231344692557,0.1029517619275227,0.7048007456062795,238.30785988563952,234.8300171467209,3.4778427389186106,2.9210374504926735,0.5568052884259371,0.8192029824251188,1.2658238174510787
2022-11-28 00:00:00-05:00,239.78655028531924,240.3419649067529,234.6415865199682,235.5770263671875,24778200.0,-0.0234248442202767,-1.1911297240256007,0.0059499751717857485,-0.05199600136562699,0.010436455616596044,0.16567359678285837,0.020107205041344233,0.3191919845998863,0.02296943204134458,0.3646284296267786,51.4457457590664,6.5189359409693,5.355117114946088,0.9755000982263742,236.3017591146523,-0.003076415211792247,236.84010009765626,247.136439053279,226.54376114203353,0.0869475984124077,0.43866393987646407,237.8877316520315,234.88535116305178,3.0023804889797248,2.937306058190084,0.06507443078964092,-0.2453442404941436,0.6127109806593946
2022-11-29 00:00:00-05:00,235.2262668897324,236.5807174931827,232.11786260072927,234.1836395263672,17956300.0,-0.005932343971747787,-0.2652829371794176,-0.058046465085514365,-0.05760323869734907,0.010091882119690237,0.16020366209567846,0.020196311342598496,0.3206065032800918,0.0229753669367124,0.36472264316998126,49.06949994163691,4.462854892453436,5.291384099053755,0.7209720834765403,237.24019983447738,-0.013051980549503966,237.64161071777343,243.2345758655131,232.04864557003376,0.04707058777161682,0.1908642285386189,237.31787132500622,234.83337252329738,2.4844988017088383,2.846744606893835,-0.3622458051849966,-1.2365430858455257,0.4380145369313395
2022-11-30 00:00:00-05:00,234.41748501766983,248.799996078178,233.72563656132385,248.61485290527344,47594200.0,0.059799331615455927,3.1278054694089947,0.001766917304790061,0.019744136786167044,0.031521941858632635,0.5003953139986745,0.023105691609858137,0.36679148321901767,0.02405381816563063,0.38184252568695903,66.38646848295389,15.074359516854145,5.990168057468069,1.9059033741403868,238.4297328090681,0.0409674642411089,238.26732940673827,245.6485639476262,230.88609486585034,0.06195758822047877,1.2009344738482193,239.05586849120118,235.85422292196228,3.201645569238906,2.9177247993628495,0.2839207698760564,2.8037378953928758,1.9824960075553713
2022-12-01 00:00:00-05:00,247.3773100588765,249.5697666639808,244.5027588170049,248.1763458251953,26041500.0,-0.0017653581427458944,-0.05654469825562417,-0.001294091207179826,0.039042068066469815,0.03161692972113148,0.5019031995691239,0.0160083039238764,0.2541239465670985,0.023970832116741277,0.3805251630010646,65.65595789554891,5.067007846975912,5.924228042432915,1.0610537278264667,238.82805972258288,0.037667917429959105,238.67047042846679,247.25837102362368,230.0825698333099,0.07196450050766395,1.053445821327352,240.4590188502772,236.7669727666462,3.6920460836309985,3.0725890562164793,0.6194570274145192,2.2137832853094066,1.8411443369925573
2022-12-02 00:00:00-05:00,243.4309166132504,249.5113204955553,243.304236576186,248.4979248046875,21528500.0,0.0012949292663007993,0.10157592006723785,0.0,0.04358130176795871,0.03156346261897724,0.5010544356353833,0.015660958933719268,0.2486100157884988,0.02382373584395331,0.3781900820615757,65.95185190299472,6.207083919369296,5.944432033642657,0.9012088258477835,239.1706404987886,0.037534656730956156,239.0896903991699,248.72846863818762,229.4509121601522,0.08062897419730128,0.9880408165960868,241.69577361249418,237.63593217687148,4.059841435622701,3.270039532097724,0.7898019035249773,1.9521632663843478,1.7987502565114744
2022-12-03 00:00:00-05:00,243.4309166132504,249.5113204955553,243.304236576186,248.4979248046875,21528500.0,0.0,0.034436166242430476,0.0,0.03080040909058135,0.02759396492076716,0.43804061319954024,0.015660958933719268,0.2486100157884988,0.02382373584395331,0.3781900820615757,65.95185190299472,6.207083919369296,5.96319288262313,0.9265992321129247,239.5325248255966,0.03607836961269379,239.50891036987304,250.0246173894977,228.99320335024836,0.08781057041581701,0.9274089425484632,242.74225841129316,238.44052422337637,4.301734187916793,3.4763784632615375,0.8253557246552554,1.709635770193853,1.7573146757846796
2022-12-04 00:00:00-05:00,243.4309166132504,249.5113204955553,243.304236576186,248.4979248046875,21528500.0,0.0,0.034436166242430476,0.01926453251633098,0.03911659303984916,0.026817763016278667,0.4257187899608327,0.015660958933719268,0.2486100157884988,0.02382373584395331,0.3781900820615757,65.95185190299472,6.207083919369296,5.980613670962142,0.9461353085338957,240.2863991686242,0.03304464470887365,240.19825973510743,251.1866098625407,229.20990960767415,0.09149400282542695,0.8776574723833793,243.62774554873846,239.18551685902906,4.442228689709395,3.6695485085511095,0.772680181158286,1.5106298895335175,1.7194198106223932
2022-12-05 00:00:00-05:00,245.56491592032452,247.32863821310556,241.7159389367775,243.80120849609372,23435300.0,-0.019081320664470536,-0.9473892345144848,0.020724642514130975,0.019476848149035497,0.008550379340343382,0.13573306409887856,0.015392958673728026,0.24435564355307393,0.023612821163286633,0.37484191530419597,56.994521396231946,6.781985867910009,6.0378545421727035,1.0482588770421721,240.83338730986793,0.012173119257829039,240.6323669433594,251.46066578862357,229.8040680980952,0.08999868955960506,0.6463222246641376,243.6544321560239,239.52741994325606,4.1270122127678235,3.7610412493944527,0.36597096337337076,0.5852888986565505,1.2272092869616724
2022-12-06 00:00:00-05:00,244.4053403751184,245.41873605992336,237.5453785123422,238.85110473632807,22463700.0,-0.020512808894903214,-1.0136637378520625,0.0030689270558867943,-0.0012224593324425825,0.011103864420170355,0.17626838308529508,0.01614553638285236,0.25630244431663607,0.023386219574839606,0.3712447266058577,49.38205452151856,7.873357547581151,6.168961899701879,1.0084747760093469,241.01928790335532,-0.00907755134488805,240.79753341674805,251.3976475046468,230.1974193288493,0.0880417165200206,0.4081883145653095,242.9154587068399,239.47732252052066,3.438136186319241,3.6964602367794104,-0.2583240504601694,-0.3672467417387622,0.7073544431805161
2022-12-07 00:00:00-05:00,238.56857303778347,239.86456060711456,236.0155832416036,238.12033081054688,20481500.0,-0.0030642275118331823,-0.10893715015316861,-0.012247146107088214,-0.032236171410700676,0.010372011999854698,0.1646505860819594,0.016164512195013792,0.2566036759960638,0.02338819379434658,0.3712760663689511,48.35524631995402,3.8489773655109616,6.0032487186882415,0.9249723104436764,241.1734494304717,-0.012821746927413506,240.92859573364257,251.31554903474444,230.5416424325407,0.08622432940741592,0.3648176784044179,242.17774672279484,239.37680461607818,2.8009421067166613,3.517356610766861,-0.7164145040501997,-0.5407292863823284,0.6152432571380064
2022-12-08 00:00:00-05:00,238.57825833331165,242.3785254696705,236.8437826963573,241.07278442382807,22611800.0,0.012322760408137332,0.6834864333784546,0.008067695623641402,-0.03705442358559785,0.013802738463787777,0.219111680321089,0.016366427878836628,0.25980898810725644,0.023409365146300452,0.37161215116208496,52.639916137424834,5.534742773313212,5.969784008304312,1.0328446781901215,241.5543747373574,-0.0019976967316337295,241.2296920776367,251.2415965566578,231.21778759861562,0.08300723176149388,0.4921639457239415,242.00775252295378,239.5024327499856,2.5053197729681926,3.3149492432071277,-0.8096294702389351,-0.031344217104233976,0.8843777202180341
2022-12-09 00:00:00-05:00,238.4418604923953,241.95953631031932,237.91567738898425,239.14344787597656,20609700.0,-0.0080353257509424,-0.37079572214661544,0.0,-0.04587505542263326,0.013381077721199503,0.21241802354592462,0.016477262466005626,0.26156843263313856,0.022460771247529945,0.3565536898540453,49.73607880735725,4.043858921335072,5.832217930663652,0.9566973269181225,241.85586270578565,-0.0113422084272022,241.43432159423827,251.07489978779495,231.7937434006816,0.07986087586800457,0.38118587535585663,241.56709026957267,239.47584127783676,2.0912489917359096,3.0702091929128845,-0.9789602011769749,-0.47525649857657387,0.6671461683944053
2022-12-10 00:00:00-05:00,238.4418604923953,241.95953631031932,237.91567738898425,239.14344787597656,20609700.0,0.0,0.04622864065987264,0.0,-0.014416957619785453,0.011959974455156865,0.18985870857018175,0.016477262466005626,0.26156843263313856,0.022460771247529945,0.3565536898540453,49.73607880735725,4.043858921335072,5.704478001425897,0.9725061295674479,242.16731446037684,-0.012644572164772435,241.63895111083986,250.87424470471657,232.40365751696314,0.07643878233555555,0.36489312930355094,241.19422220901944,239.45121954436564,1.743002664653801,2.804767887261068,-1.0617652226072671,-0.5404274827857958,0.6414343078530645
2022-12-11 00:00:00-05:00,238.4418604923953,241.95953631031932,237.91567738898425,239.14344787597656,20609700.0,0.0,0.04622864065987264,-0.028078039742711947,0.0029834468266312086,0.007508447361144112,0.119192906698839,0.016477262466005626,0.26156843263313856,0.022460771247529945,0.3565536898540453,49.73607880735725,4.043858921335072,5.585862352847981,0.9859633327289575,242.41648297407986,-0.013686492886063675,241.80314102172852,250.71698148960692,232.88930055385012,0.07372807838817445,0.35081104180984984,240.87871846547438,239.4284216430035,1.4502968224708752,2.5338736743030297,-1.0835768518321545,-0.5967558327606001,0.6159730784861666
2022-12-12 00:00:00-05:00,241.12151949404333,246.0813403319802,240.8486816199145,246.05210876464844,30665100.0,0.028479765546079883,1.517914627131523,-0.017164918600680923,0.031958827806628065,0.014254613706862462,0.22628497742190387,0.0175474498927242,0.2785571313570916,0.022542926484010902,0.35785786380182716,59.68293683049262,6.937892456003624,5.682435931644812,1.4294031439774615,242.84375592692174,0.013039322661507924,242.16757431030274,251.15383694661048,233.181311673995,0.07421524258068626,0.716137376101761,241.67462466534732,239.91906513349574,1.7555595318515884,2.378210845812742,-0.6226513139611534,0.8645495044070429,1.2795947903422165
2022-12-13 00:00:00-05:00,254.99733220148903,257.1703110963209,246.59779176063924,250.34933471679688,42196900.0,0.017313943612674645,0.9328913397144487,-0.0011662571850045156,0.04998167783893992,0.014918922928549794,0.2368305593872932,0.01772937938853102,0.2814451725694049,0.02250277102634712,0.35722041567326507,64.40179237156674,11.118202331672478,6.070704960218217,1.868152739346984,243.613737268188,0.026904794679116655,242.62263107299805,252.30746209774523,232.93780004825086,0.07983452311860637,0.8989075092820491,243.0091954424934,240.69167769522176,2.317517747271637,2.366072226104521,-0.048554478832883774,1.5956300371281982,1.6478738551502923
2022-12-14 00:00:00-05:00,250.5539526406465,255.8743058257112,247.8060664813451,250.6416473388672,35410900.0,0.0011669377921420716,0.09072546474109992,0.03297062715070531,0.0697441589682033,0.012953483705010824,0.2056301789723172,0.017632684644326137,0.27991019109188614,0.022502961722943474,0.357223442887884,64.70442248990639,8.068239344366077,6.21338598765735,1.5144111310024282,244.2445748625133,0.02552278340121604,243.09230346679686,253.38828621293342,232.7963207206603,0.0847084222684397,0.8666159927717013,244.1834188111663,241.42871248363994,2.7547063275263497,2.443799046388887,0.3109072811374629,1.4664639710868055,1.6122661405644916
2022-12-15 00:00:00-05:00,247.23115056709423,247.69887047650548,241.0143133441221,242.6416015625,35560400.0,-0.03243875522278328,-1.6429570981740356,0.017654934894571817,0.029817893948527185,0.02303436131806304,0.36565914994080473,0.01915516234485332,0.3040787753253045,0.02246943453749766,0.3566912153187866,51.740313857908355,9.6273339947451,6.457239416735048,1.4396573362590381,244.18662764179524,-0.006367523414558696,243.166357421875,253.4250755417881,232.90763930196192,0.08437613022359827,0.47442390690331926,243.94621615752533,241.51855611911105,2.427660038414274,2.4405712447939645,-0.012911206379690565,-0.10230437238672316,0.7899213476511628
2022-12-16 00:00:00-05:00,242.1933801579508,243.45038209121776,237.2822689508212,238.43209838867188,86102000.0,-0.017500896909343214,-0.868030509119561,0.0,0.0010635977921857886,0.024844570691875647,0.3943953328852014,0.019544780188173325,0.3102637668439729,0.022357394217149915,0.3549126303720737,46.46489760234508,6.168113140396571,6.436587539853728,3.01629039230482,243.3675295911557,-0.02069952508843205,243.02993621826172,253.47189391694565,232.5879785195778,0.08593145240597971,0.2798383233170275,243.0978903469325,241.28992962056,1.8079607263724995,2.3140491411096713,-0.5060884147371718,-0.8806467067318886,0.35610508731357854
2022-12-17 00:00:00-05:00,242.1933801579508,243.45038209121776,237.2822689508212,238.43209838867188,86102000.0,0.0,0.038302079032767694,0.0,0.027289035065747314,0.019116470445233985,0.3034645604604319,0.019544780188173325,0.3102637668439729,0.022357394217149915,0.3549126303720737,46.46489760234508,6.168113140396571,6.417410797035361,2.6582305055275093,242.74289965672918,-0.0180797858056435,242.89351501464844,253.50817193971872,232.27885808957816,0.08740173177888366,0.2898464049535435,242.38007619950778,241.0782384181979,1.301837781309871,2.1116068691497114,-0.8097690878398405,-0.8406143801858255,0.3448921612387021
2022-12-18 00:00:00-05:00,242.1933801579508,243.45038209121776,237.2822689508212,238.43209838867188,86102000.0,0.0,0.038302079032767694,0.01763353085918351,0.024965430286263857,0.014867417765266814,0.23601294026759798,0.019544780188173325,0.3102637668439729,0.022357394217149915,0.3549126303720737,46.46489760234508,6.168113140396571,6.399603821561162,2.4283559960526735,242.46987647275833,-0.01693470850348517,243.03626861572266,253.307871095582,232.76466613586334,0.08452732210187355,0.27587867929669707,241.77269499784072,240.88222804564043,0.8904669522002848,1.8673788857598261,-0.9769119335595413,-0.8964852828132118,0.3309317569777909
2022-12-19 00:00:00-05:00,238.59777136210013,238.9388261528124,232.60506192023936,234.3005523681641,29696400.0,-0.01747986398379075,-0.8776454360451384,-0.005583132335992613,0.007204852439256726,0.013738828618790984,0.21809714298394778,0.019237398725756468,0.3053842374008548,0.02195707250733714,0.3485577202405651,41.302622911613604,6.3337642325730314,6.394900993776296,0.8238949625755138,242.33974443818443,-0.03431145163238066,243.0421142578125,253.292615105948,232.791613409677,0.08435164316635292,0.07360318197337386,240.62313459327507,240.39469651397553,0.2284380792995364,1.5395907244677682,-1.3111526451682318,-1.7055872721065046,-0.0913833106105424
2022-12-20 00:00:00-05:00,233.2773983167744,236.69764045155708,232.32246573736623,235.61602783203125,25150800.0,0.005598776274625195,0.32245123684480026,-0.010759750415201608,0.012859782643560358,0.010845657302258402,0.17216947216084452,0.019231925050491833,0.3052973454998083,0.02196220408939577,0.34863918158032187,43.456656408831044,4.375174714190848,6.250634830948764,0.7202045602245821,241.67001040997025,-0.025694273151293554,242.39217300415038,252.80207231287784,231.98227369542292,0.0858930317733421,0.17453358715784414,239.8528104761606,240.0407210560537,-0.18791057989309934,1.194090463595595,-1.3820010434886942,-1.3018656513686233,0.04019968023138725
2022-12-21 00:00:00-05:00,235.50885613255664,239.3383404733785,233.96926235474095,238.17877197265625,23690600.0,0.010818055136369752,0.5974175350477592,0.026197573592128487,0.023876437567795783,0.010650073355950331,0.16906467326663793,0.013879137291197096,0.220324474107781,0.02197270351095164,0.348805854730403,47.498786441038746,5.36907811863756,6.187666494355106,0.6806822165140989,241.307777881944,-0.013137215728221834,241.89229431152344,252.09071561418642,231.69387300886046,0.08432200233322719,0.3179364124770208,239.5952660910061,239.90279890172798,-0.3075328107218809,0.8937658087320998,-1.2012986194539805,-0.7282543500919159,0.2925908420825607
2022-12-22 00:00:00-05:00,235.08983601075408,235.8011771653982,227.88883383804284,232.09835815429688,28651700.0,-0.025860295063887404,-1.3197718383257915,-0.0022618802500260493,0.005190768061590356,0.01563412936641772,0.2481841096113186,0.014819234968743003,0.23524806208515617,0.022222754814695846,0.3527752961186909,40.16270247261066,10.289938134613408,6.480685897230699,0.8148864232334367,240.71242190544532,-0.03711385043672691,241.07231597900392,251.66403645939494,230.4805954986129,0.08787172792842377,0.07636921020900336,238.4418956392047,239.32469217969606,-0.8827965404913698,0.538453338887406,-1.4212498793787758,-1.6945231591639882,-0.3123148956851734
2022-12-23 00:00:00-05:00,230.07153767696204,232.7609459126413,227.95703674860303,232.62452697753903,21207000.0,0.0022644421650511648,0.14979462158809037,0.0,0.01790810886241423,0.015860270254382695,0.2517739849162305,0.014835405306720308,0.23550475824257905,0.02199729177572517,0.34919618133297126,41.011734481696664,4.803909164038259,6.360916130574096,0.6034267022362242,240.229939210318,-0.032693939592678085,240.27864608764648,250.90635379357155,229.6509383817214,0.08846152480856251,0.13989792898424463,237.5469158451023,238.82838364620295,-1.2814678011006606,0.17446911088979272,-1.4559369119904533,-1.4404082840630232,-0.2471987915063277
2022-12-24 00:00:00-05:00,230.07153767696204,232.7609459126413,227.95703674860303,232.62452697753903,21207000.0,0.0,0.031440316063270496,0.0,-0.009460147213145254,0.01424738135511607,0.2261701673972133,0.014835405306720308,0.23550475824257905,0.02199729177572517,0.34919618133297126,41.011734481696664,4.803909164038259,6.249701347250108,0.6037028359828184,239.74701493793276,-0.030617957843634587,239.48497619628907,249.89685778403214,229.073094608546,0.08695227360909001,0.17054709751856004,236.78962525009257,238.36883870778342,-1.5792134576908552,-0.17626740282633688,-1.4029460548645183,-1.3178116099257593,-0.23021985609639298
2022-12-25 00:00:00-05:00,230.07153767696204,232.7609459126413,227.95703674860303,232.62452697753903,21207000.0,0.0,0.031440316063270496,0.0,-0.0045451844577404366,0.013768246556043449,0.21856413826027493,0.014835405306720308,0.23550475824257905,0.02199729177572517,0.34919618133297126,41.011734481696664,4.803909164038259,6.14643047702069,0.6056236728689761,239.39567232580958,-0.029107615762822534,238.92614212036133,249.5599963324168,228.29228790830587,0.08901373552249098,0.2037003227071593,236.14884090046894,237.94333413517273,-1.7944932347037934,-0.4999125692018282,-1.2945806655019652,-1.1851987091713636,-0.24555263084762
2022-12-26 00:00:00-05:00,230.07153767696204,232.7609459126413,227.95703674860303,232.62452697753903,21207000.0,0.0,0.03195272020360476,0.007469543524591504,-0.0045451844577404366,0.011858854332369849,0.18825347638554918,0.014388026301090965,0.2284028366984594,0.02183018030136107,0.3465433689186147,41.011734481696664,4.803909164038259,6.050536097521945,0.6067123725037163,239.2077641797212,-0.028299841326782437,238.61481323242188,249.61616025459074,227.61346621025302,0.09221009268567947,0.2277476002342351,235.60663875847973,237.54934841979247,-1.9427096613127333,-0.7884719876240093,-1.154237673688724,-1.0890095990630606,-0.2715829530501979
2022-12-27 00:00:00-05:00,232.59530118818017,232.8194148295831,229.7987055148439,230.8998107910156,16688600.0,-0.0074417846295063,-0.3524771798847308,0.010361172111768013,-0.011925648829342106,0.003713047326387,0.05894279899099967,0.013829665912503453,0.21953914031754773,0.02177063145441145,0.3455980602792787,38.597169953519625,3.0207093147392072,5.83411989875175,0.48004972915473815,239.04038587186153,-0.03525587592713041,238.2537872314453,249.78462211036305,226.72295235252756,0.09679455687070714,0.18111691314411005,234.88251137886988,237.0567900769201,-2.174278698050216,-1.0656333297092506,-1.1086453683409654,-1.2755323474235596,-0.4544990223621583
2022-12-28 00:00:00-05:00,230.83159608110225,233.5892213133109,228.1811582207656,228.53195190429688,17457100.0,-0.01030786308116859,-0.4993912526374968,-0.026886764961667753,-0.022058271394701623,0.004965435554950153,0.07882384577709661,0.013957436349387543,0.22156743312295601,0.019296216471112994,0.3063179401622001,35.50644255485361,5.408063092545291,5.8036872697370026,0.5059064097340276,238.70798119398194,-0.04452781856055959,237.62674560546876,249.8549652522444,225.3985259586931,0.10291955659804501,0.12812273724695436,233.90550222893557,236.42532058265172,-2.519818353716147,-1.3564703345106301,-1.1633480192055168,-1.4875090510121818,-0.6992615197383671
2022-12-29 00:00:00-05:00,229.6232871191542,235.732937144972,229.6232871191542,234.84620666503903,19770700.0,0.02725482634407275,1.4529428017494612,0.004961903089085062,0.005968732961113332,0.014886135114990949,0.23631006898303167,0.01505823161423187,0.23904201621400945,0.019414721201099286,0.30819914443057167,47.564596429249015,7.200985240675124,5.903494267661154,0.5736518860060299,238.5841951220652,-0.015916750413421266,237.41188354492186,249.6788450495157,225.14492204032803,0.10333906897522882,0.3954232929270214,234.0502259883361,236.30834918134707,-2.2581231930109595,-1.5368009062106962,-0.7213222868002633,-0.41830682829191473,-0.052557240310312885
2022-12-30 00:00:00-05:00,232.1178507416716,233.82309496882053,230.60748859534408,233.68667602539065,21938500.0,-0.004949633418491535,-0.23296515680880356,0.0,0.04679168518130816,0.015205311829703331,0.2413768422515011,0.01500362612425201,0.2381751809337762,0.018793426523413564,0.2983363971823049,45.868600558380784,4.238718069694954,5.78458168209214,0.6353263886696822,238.41192960265806,-0.020220466385315005,237.13904495239257,249.48631973985852,224.79177016492662,0.10413531681334684,0.36019712906582,233.99429522480605,236.11415116979475,-2.1198559449887,-1.653411913966297,-0.46644403102240295,-0.5592114837367198,-0.18935376084033112
2022-12-31 00:00:00-05:00,232.1178507416716,233.82309496882053,230.60748859534408,233.68667602539065,21938500.0,0.0,0.026198390667982,0.0,0.07876400298914521,0.015205311829703331,0.2413768422515011,0.01500362612425201,0.2381751809337762,0.018793426523413564,0.2983363971823049,45.868600558380784,3.2156063734764473,5.601083445762448,0.6341063273050574,238.24032571012,-0.019486133151359407,236.86620635986327,249.26802776168932,224.46438495803721,0.10471583593469103,0.3718119608622787,233.94696919412678,235.9343381961352,-1.9873690020084211,-1.720203331574722,-0.2671656704336991,-0.5127521565508856,-0.21420342887422789
2023-01-01 00:00:00-05:00,232.1178507416716,233.82309496882053,230.60748859534408,233.68667602539065,21938500.0,0.0,0.026198390667982,0.0,0.0661985616415135,0.014532629550807316,0.23069834212358684,0.01500362612425201,0.2381751809337762,0.018793426523413564,0.2983363971823049,45.868600558380784,3.2156063734764473,5.4306922263134485,0.6422055678404551,237.74349077620693,-0.017360060144702,236.2479347229004,247.93380555016236,224.56206389563843,0.09892887183093084,0.3904121594629224,233.9069240912443,235.767844702006,-1.8609206107616956,-1.748346787412117,-0.11257382334957855,-0.43835136214831005,-0.26212369431526217
2023-01-02 00:00:00-05:00,232.1178507416716,233.82309496882053,230.60748859534408,233.68667602539065,21938500.0,0.0,0.03131422224449239,0.0010018587460216555,0.0661985616415135,0.012921107767269034,0.20511622689395348,0.01339747667367464,0.2126783488459917,0.018677476680707183,0.2964957504921561,45.868600558380784,3.2156063734764473,5.2724718082536635,0.6618296103626555,236.80689867968744,-0.013352163278482175,235.41480178833007,245.0664866186567,225.76311695800342,0.08199726403783923,0.4104754354644148,233.87303977342066,235.61368405929375,-1.7406442858730884,-1.7468062871043115,0.006162001231223124,-0.3580982581423409,-0.3397304541265292
2023-01-03 00:00:00-05:00,236.86327747897744,239.46499095764852,231.32853465622568,233.45278930664065,25740000.0,-0.001001357220492031,-0.029258745957005235,0.045743997411402004,0.0651314503822853,0.0021458523564901175,0.03406435011320862,0.012619753058675414,0.20033236920181113,0.01853990744077335,0.29431190651065353,45.429122308630994,8.13645630142284,5.477042129194319,0.7880062630272452,235.9248525994483,-0.010589135816923452,234.55535888671875,241.03944744158008,228.07127033185742,0.055288342893865805,0.41497883081412695,233.8083858554545,235.45361778131945,-1.6452319258649482,-1.726491414856439,0.08125948899149082,-0.340084676743492,-0.4322117055257336
2023-01-04 00:00:00-05:00,226.33952554962815,226.91443295403656,220.1811648940216,223.2408599853516,50623400.0,-0.04472859133938137,-2.3294620857341424,0.030543152243609484,0.00871815831723799,0.01989600437544353,0.3158392779676593,0.01545753761296837,0.24538080243204774,0.018849237703904582,0.299222372206042,31.31931520814493,13.271624412619047,6.0337980065818,1.5148603897945006,234.60675955022722,-0.050913168698693556,233.58532180786133,240.74540556111828,226.4252380546044,0.06130593907049144,-0.22237016905034862,232.18261264466946,234.54896905569223,-2.366356411022764,-1.8544644140897042,-0.5118919969330598,-2.8894806762013983,-1.8701747546076815
2023-01-05 00:00:00-05:00,221.3894046220388,221.7304593927792,216.0885291034545,216.6244659423828,39585600.0,-0.030085995526089745,-1.5390651216663984,-0.011647998369258006,-0.028577741350861774,0.020959516041377965,0.3327220022745304,0.015259884646522273,0.24224315886138434,0.018927636755304022,0.3004669185641997,25.740922524694767,7.152330881897086,6.113693211961463,1.2731745370881844,232.9323614742717,-0.07528187299132871,232.49494018554688,242.58837780088038,222.40150257021338,0.08682715939777653,-0.2861778537697777,229.78905161354842,233.22122808433596,-3.432176470787539,-2.1700068254292715,-1.2621696453582674,-3.1447114150791116,-2.809178052907169
2023-01-06 00:00:00-05:00,217.2968110330553,219.98621912634763,213.74016514069572,219.1774444580078,43613600.0,0.011716367731640549,0.668991496873185,0.0,-0.04597703745054782,0.023570844603803445,0.3741755580804762,0.015432475744353852,0.2449829576015802,0.01853243397058986,0.2941932688494365,30.858298974730232,6.246053985651912,6.123147552939352,1.5055980599030814,231.0795347468748,-0.05430344494753568,231.53220748901367,242.84114018353816,220.22327479448919,0.09768777153874889,-0.04623912639376389,228.15649666654218,232.18094781571907,-4.024451149176883,-2.540895690178794,-1.4835554589980893,-2.1849565055750553,-2.421303430767922
2023-01-07 00:00:00-05:00,217.2968110330553,219.98621912634763,213.74016514069572,219.1774444580078,43613600.0,0.0,0.043006109440677,0.0,-0.056937015083610154,0.023570844603803445,0.3741755580804762,0.015432475744353852,0.2449829576015802,0.01853243397058986,0.2941932688494365,30.858298974730232,6.246053985651912,6.131926583847393,1.6247538250369133,228.93343587435092,-0.04451184035140193,230.56947479248046,242.65671377022935,218.48223581473158,0.10484682752240092,0.028757958891853834,226.77510401907534,231.21772534477748,-4.4426213257021345,-2.9212408172834623,-1.5213805084186722,-1.8849681644325866,-2.3753842715582247
2023-01-08 00:00:00-05:00,217.2968110330553,219.98621912634763,213.74016514069572,219.1774444580078,43613600.0,0.0,0.043006109440677,-0.009642463602462792,-0.05977511600612928,0.023700264931283545,0.3762300420871295,0.015432475744353852,0.2449829576015802,0.01853243397058986,0.2941932688494365,30.858298974730232,6.246053985651912,6.140078541119144,1.5836993739620426,227.8715299137043,-0.039666880308763676,229.81331939697264,242.7780763993633,216.848562394582,0.11282859528255386,0.08981587788326405,225.60623331737264,230.32585268649825,-4.71961936912561,-3.280916527651892,-1.438702841473718,-1.6407364884669444,-2.3913918057864367
2023-01-09 00:00:00-05:00,220.6585688285959,225.3260735512424,220.6195983653601,221.3114318847656,27369800.0,0.009689253175398517,0.5656255692078147,-0.007559695110544329,-0.05062076125156356,0.016742552418989688,0.2657797800786576,0.015385528273288701,0.24423768960284947,0.018210723405775155,0.28908627195758546,35.498794860191765,6.148629093234575,6.140689294841676,0.9898656474508242,227.19462451369512,-0.02658332006994033,229.09808959960938,242.29125355874191,215.90492564047685,0.11517480553582957,0.20489801616337353,224.9454946354331,229.65811781229584,-4.712623176862735,-3.5672578574940608,-1.1453653193686741,-1.1804079353465047,-1.9967639794031438
2023-01-10 00:00:00-05:00,221.93508808498305,225.39430067277647,221.516092367223,222.99722290039065,27033900.0,0.00758841443674474,0.4494096805536499,-0.029350525744947675,-0.04338907431396155,0.005491086333333045,0.08716829319350856,0.015445300470936448,0.2451865438245999,0.018227675270226278,0.2893553744631647,38.9827573630873,4.08286878801087,5.993702115782332,0.9718418617559365,226.52292957685182,-0.015810540735011966,228.3390121459961,241.07124056929413,215.60678372269805,0.11152039507955187,0.29022567503459257,224.64576052234966,229.16471818919177,-4.5189576668421125,-3.7575978193636717,-0.7613598474784409,-0.8390972998616304,-1.698424762939532
2023-01-11 00:00:00-05:00,225.374783789448,229.91560850427535,225.19939440138356,229.7402191162109,28669300.0,0.029789870453043488,1.6384478310606612,-0.011488169638782963,-0.014463046590313278,0.012204829110502831,0.1937456557225929,0.016768823232559786,0.26619681631533254,0.018436679475000224,0.29267321335595686,50.49991803391009,6.918385603884701,6.059750936361072,1.0306002647201136,226.401591014814,0.014532188200395693,228.2211051940918,240.85000647177134,215.59220391641225,0.11067251003748521,0.5601443422795622,225.42952338294373,229.20734788748948,-3.777824504545748,-3.761643156400087,-0.01618134814566119,0.24057736911824862,-0.8124905468369581
2023-01-12 00:00:00-05:00,229.24330435430056,233.76463742036097,227.58678421952712,232.41018676757807,27269500.0,0.011554668449943082,0.6562600459425141,-0.003009450023924609,-0.0076553545067628015,0.011012490476925211,0.17481786670446717,0.016047586880031283,0.25474754416359413,0.01555234048140346,0.24688575131277668,54.18728723168301,6.177853200833852,6.068186812394843,0.969713758506265,226.45827710204412,0.02560950424899472,228.21038818359375,240.82391003809695,215.59686632909055,0.11054292449084929,0.6664800137673259,226.5034715959644,229.44459521194048,-2.9411236159760676,-3.5975392483152833,0.6564156323392156,0.6659200550693036,-0.4567299102993504
2023-01-13 00:00:00-05:00,230.93876092864625,233.24814377999735,228.9119548290973,233.1117248535156,21333300.0,0.003013987524522122,0.191371329949142,0.0,0.014503070660757844,0.010267575699955046,0.16299271121766598,0.016053558358746462,0.2548423384494322,0.015403874963757504,0.24452893428501865,55.13301796082393,4.336188950900038,5.944472679430929,0.7584499155630611,226.4781372670194,0.028456687842126568,228.23474807739257,240.88598930002473,215.5835068547604,0.11086165738743893,0.6927469680760836,227.52012594328,229.71623444464976,-2.196108501369764,-3.3172530989261797,1.1211445975564156,0.7709878723043337,-0.3637337393870846
2023-01-14 00:00:00-05:00,230.93876092864625,233.24814377999735,228.9119548290973,233.1117248535156,21333300.0,0.0,0.0281702974771559,0.0,0.03147491255505863,0.011703823798529864,0.18579244295657607,0.016053558358746462,0.2548423384494322,0.015403874963757504,0.24452893428501865,55.13301796082393,4.336188950900038,5.8295952702501515,0.758279671633584,226.49798851625098,0.028371530181163555,228.2591079711914,240.9477595261252,215.57045641625763,0.11117761449006644,0.691218777713118,228.3803719294701,229.9677522527139,-1.5873803232437922,-2.9712785437897025,1.3838982205459103,0.7648751108524725,-0.3591169410763256
2023-01-15 00:00:00-05:00,230.93876092864625,233.24814377999735,228.9119548290973,233.1117248535156,21333300.0,0.0,0.0281702974771559,0.0,-0.0041213308646504965,0.01261442717715703,0.20024782345375208,0.016053558358746462,0.2548423384494322,0.015403874963757504,0.24452893428501865,55.13301796082393,4.336188950900038,5.722923390296573,0.7581095041138758,226.51783085574132,0.028286410741106185,228.28346786499023,241.0092234418476,215.55771228813285,0.1114908205651016,0.6897041381694408,229.10827237932327,230.20063911203255,-1.09236673270928,-2.595496181573618,1.503129448864338,0.758816552677763,-0.35358619068577896
2023-01-16 00:00:00-05:00,230.93876092864625,233.24814377999735,228.9119548290973,233.1117248535156,21333300.0,0.0,0.020245677397649584,-0.004659928304184713,-0.0041213308646504965,0.005003632090931841,0.07943019698800667,0.016053558358746462,0.2548423384494322,0.015137324782116827,0.2402975813297767,55.13301796082393,4.336188950900038,5.623870930339677,0.7519041856397942,226.63685584444934,0.02777581871154262,228.39406356811523,241.25330352526413,215.53482361096633,0.11260572850496894,0.6834346859192737,229.72418814458362,230.41627509288313,-0.6920869482995045,-2.2148143349187954,1.522727386619291,0.7337387436770954,-0.34818128003548393
2023-01-17 00:00:00-05:00,231.8839578305264,234.74877019615067,231.0264589269251,234.20309448242188,29831300.0,0.004670819618418946,0.2787534431600839,0.01925271523761074,0.0005411190153497003,0.002184572300298945,0.034679010165787935,0.015986511814104074,0.2537780075490925,0.015147602603018177,0.2404607366785245,56.9908305087816,3.722311269225571,5.4880452402600985,1.0289821953825444,226.96907507615182,0.030887804545268297,228.6776206970215,241.7971359509984,215.55810544304458,0.11474245021430551,0.7105822386892474,230.41325065809718,230.69678023284897,-0.28352957475178187,-1.8285573828853927,1.5450278081336108,0.84232895475699,-0.20800549740072533
2023-01-18 00:00:00-05:00,235.39191965313583,236.1812017430098,229.4966437948657,229.7792205810547,30028700.0,-0.019069726670126505,-1.027688311266408,0.016729216879793896,-0.027908271707792864,0.009273690289259045,0.1472152694472845,0.016396602182614198,0.26028799032993627,0.015333239672607754,0.24340763380001737,48.26642700548188,6.684557948144118,5.5735104336803865,1.0177848916967969,226.84815681144116,0.012756000138748823,228.42427139282228,241.23427023774394,215.6142725479006,0.1121596997272873,0.5528863899456775,230.3157075693214,230.62881285123458,-0.313105281913181,-1.5254669626909505,1.2123616807777695,0.21154555978270995,-0.753768044657395
2023-01-19 00:00:00-05:00,227.80113628343997,229.4966415899329,224.78041202749904,225.9984436035156,28623000.0,-0.016590824858435035,-0.892944519003488,-0.03451004283907788,-0.041769960880288726,0.01082420671333351,0.17182895461821768,0.0155572888145146,0.24696430366567498,0.015468368392282984,0.24555273572347666,42.30577922101055,4.998808553555648,5.532460299385762,0.9592736827288509,226.55600079176557,-0.0024670841947395596,228.03985977172852,240.64472622118166,215.43499332227537,0.11054967725441342,0.41902269744787796,229.65151311304356,230.2858225365887,-0.6343094235451474,-1.34723545486179,0.7129260313166426,-0.3239092102084884,-1.1965341982093127
2023-01-20 00:00:00-05:00,228.85351141709936,234.58313656009625,228.5124566372356,234.0764312744141,35389800.0,0.03511957886531269,1.9392411955779112,0.0,-0.0016208559811697887,0.021741091239670392,0.34512912390799694,0.017492234852268092,0.2776806197630282,0.016110086708298915,0.25573969817907655,55.07222557418351,8.584692956580653,5.750476917756825,1.159911919612635,226.7357901416589,0.031360018147873946,228.0593475341797,240.70212115339802,215.41657391496136,0.11087266324239163,0.737965335829782,230.33226975325442,230.56660836902023,-0.2343386157658074,-1.1246560870425937,0.8903174712767863,0.9518613433191279,-0.18673296262872352
2023-01-21 00:00:00-05:00,228.85351141709936,234.58313656009625,228.5124566372356,234.0764312744141,35389800.0,0.0,0.01654664418865767,0.0,-0.031371012063699744,0.021741091239670392,0.34512912390799694,0.017492234852268092,0.2776806197630282,0.016110086708298915,0.25573969817907655,55.07222557418351,6.0706799228606485,5.773348560978527,1.134894830026171,226.9078240642703,0.030625070499899407,228.07883529663087,240.759276664249,215.39839392901274,0.11119349457503515,0.7364900323225025,230.9082946026636,230.82659525090128,0.08169935176232457,-0.8833849992816101,0.9650843510439346,0.9459601292900102,-0.17719974222359527
2023-01-22 00:00:00-05:00,228.85351141709936,234.58313656009625,228.5124566372356,234.0764312744141,35389800.0,0.0,0.01654664418865767,-0.009728721097514992,-0.031995556139454595,0.021634672600648667,0.3434397803857163,0.017492234852268092,0.2776806197630282,0.016110086708298915,0.25573969817907655,55.07222557418351,6.0706799228606485,5.794586515398678,1.1109340986966463,227.07259377439226,0.02992115635858718,228.09832305908202,240.81619488108683,215.3804512370772,0.11151219045753902,0.7350278528907873,231.39570024447139,231.06732384523553,0.32837639923585016,-0.641032719578118,0.9694091188139682,0.9401114115631499,-0.1629874443272393
2023-01-23 00:00:00-05:00,234.93392297440505,238.89982582882288,233.52099453170572,236.3760681152344,31934000.0,0.009776354296457028,0.5496433747226226,0.0022310126807489894,-0.022485591086331302,0.018999878692226742,0.3016137237601625,0.01761964784135408,0.27970323826055365,0.016152069262536217,0.2564061505665676,58.34918691576202,5.378831297117159,5.764889714092855,0.9927999155619537,227.27913575908178,0.038484997354799155,228.2444869995117,241.28457683576386,215.20439716325956,0.11426422611714646,0.8117916064165626,232.16191068612724,231.46056416153175,0.7013465245954933,-0.3725568707433958,1.073903395338889,1.247166425666249,0.13562734838562696
2023-01-24 00:00:00-05:00,236.29812619619068,237.7110398533446,234.2908125340693,235.84988403320312,40234400.0,-0.0022285276673361864,-0.10260117798804114,0.005943247066872326,-0.02466158346165015,0.015571020841980478,0.2471822928437035,0.01762706593487714,0.27982099684453904,0.01607846695112117,0.2552377500950252,57.31899506143019,3.4202273192753125,5.597413828748745,1.2713839236974993,228.14696683955646,0.032660254319066134,228.87493820190429,242.11415534623114,215.63572105757743,0.11568953113291724,0.7634198742743515,232.72929120106198,231.78569896684076,0.943592234221228,-0.10932704975047103,1.052919283971699,1.0536794970974066,0.08097251208368789
2023-01-25 00:00:00-05:00,228.4832200942032,237.07765762154605,224.9947760426561,234.4564514160156,66526600.0,-0.005925655639743726,-0.31830295134402176,-0.02979845508668677,-0.008652502247338378,0.0058122832413561734,0.09226713603658107,0.014386252124463332,0.2283746725176277,0.016036972352255284,0.25457904375891605,54.57122760067924,12.082881578889953,6.0606615251874025,2.0163733763886764,229.47432187161598,0.021249701231549414,229.76653747558595,241.88651115287126,217.64656379830063,0.10549816183371032,0.6934787180775509,232.9950081572087,231.98353248159444,1.011475675614264,0.11483349532247597,0.896642180291788,0.7739148723102043,-0.08132395799629145
2023-01-26 00:00:00-05:00,237.41871476554945,241.95954016253597,235.81091899256552,241.657470703125,33454500.0,0.030251450806474154,1.67483317400589,-0.0006447712008758044,0.0007666919155360219,0.01455697046327194,0.23108474212998156,0.013590850510782758,0.21574806334431806,0.01649706059728507,0.2618827182238738,64.13875051924433,7.503088746520376,6.163692040996901,1.0298369351742513,230.79286691753506,0.04495869196171902,230.8905387878418,243.04518435667438,218.7358932190092,0.10528491667647864,0.9429142690467334,234.32769470273428,232.7001204980041,1.6275742047301662,0.41738163720401406,1.2101925675261522,1.7716570761869344,0.8309572561848935
2023-01-27 00:00:00-05:00,242.62215978962465,243.4406734697651,240.5173975819349,241.8133850097656,26498900.0,0.0006449791552200764,0.03840810792126075,0.0,-0.018160169778096202,0.014489058165551554,0.23000666782559484,0.01354037869581129,0.21494684812052262,0.016497164945071394,0.2618843746936287,64.31399450610499,2.923275887830215,5.932233744342138,0.8377905376641209,232.05533055054963,0.04035365725855867,232.0223358154297,243.79416564116448,220.25050598969491,0.101471522423592,0.9158677681923062,235.4793393653545,233.37517712850496,2.1041622368495325,0.7547377571331177,1.3494244797164148,1.6634710727692235,0.8325562897275898
2023-01-28 00:00:00-05:00,242.62215978962465,243.4406734697651,240.5173975819349,241.8133850097656,26498900.0,0.0,0.002771503167293357,0.0,-0.062131554434011416,0.014596267054903382,0.23170855618295708,0.01354037869581129,0.21494684812052262,0.016497164945071394,0.2618843746936287,64.31399450610499,2.923275887830215,5.717308183162715,0.8610872181081486,233.3880055562363,0.03484248588302523,233.15413284301758,244.04584879672893,222.26241688930622,0.09342931923102332,0.8975155156243941,236.45380792603314,234.0002295641539,2.453578361879238,1.0945058780823418,1.3590724837968962,1.5900620624975783,0.811989267814303
2023-01-29 00:00:00-05:00,242.62215978962465,243.4406734697651,240.5173975819349,241.8133850097656,26498900.0,0.0,0.002771503167293357,0.02245467209249452,-0.039442572389957076,0.01436986216635754,0.22811448999874753,0.01354037869581129,0.21494684812052262,0.016497164945071394,0.2618843746936287,64.31399450610499,2.923275887830215,5.517734447781822,0.8623073862947636,234.2890674483548,0.031116216172677597,234.1792304992676,244.20243085991848,224.1560301386167,0.08560281233550503,0.8808241996472601,237.27835824660735,234.5789818193844,2.699376427222944,1.4154799879104623,1.2838964393124819,1.5232967985890424,0.8414857319559333
2023-01-30 00:00:00-05:00,238.2567461611768,239.31888113372324,236.00582589486663,236.50279235839844,25867400.0,-0.02220627748030736,-1.2162315426011119,-0.020580177187790705,-0.06053788610088351,0.018665350810456525,0.29630325826947523,0.014690450066089048,0.233203665134904,0.016469897885557635,0.26145152354288426,53.24501182079576,5.8075591148989645,5.538436209718761,0.8433582529937825,234.88004144093966,0.006861445064883812,234.85450897216796,243.4194093947793,226.28960854955662,0.07293792620882872,0.5962231494180017,237.15904041765214,234.72148630375582,2.4375541138963115,1.6198948131076323,0.8176593007886792,0.384892597672007,0.19277394506392226
2023-01-31 00:00:00-05:00,237.2238408317301,241.60875476528724,236.736628172446,241.4723358154297,26541100.0,0.020794900167659485,1.1587305560769188,-0.019544938793469635,-0.040797325092279846,0.015213851890619683,0.24151241151569716,0.01516447064523208,0.24072850854733965,0.016656169922670903,0.26440850046132686,60.155772058112696,5.105962406888807,5.507545223802336,0.8683354986293366,235.4073057713939,0.025116873216779616,235.4411148071289,244.13722113144826,226.74500848280957,0.07387075389481663,0.8467770967469654,237.82262432500252,235.2215492305465,2.6010750944560357,1.816130869377313,0.7849442250787226,1.387108386987863,0.8759840753128315
2023-02-01 00:00:00-05:00,241.65746031930016,248.6538264287376,239.19216564343,246.28598022460935,31259900.0,0.019738466923839428,1.0966417729557838,-0.044784682086056016,-0.015655798685528355,0.017663360851601088,0.28039716078558324,0.014444338171435697,0.22929675992721785,0.015041709548711464,0.23877973655493678,65.47845178323762,9.4616607853076,5.7899820496241405,1.0160861316151042,236.09281865147202,0.041387502300542285,236.13490447998046,245.9543637711032,226.31544518885772,0.08316821532799049,1.0168856779011213,239.12467907878818,236.0411367115882,3.083542367199982,2.069613168941847,1.0139291982581349,2.0675427116044873,1.5365007623803058
2023-02-02 00:00:00-05:00,252.20076959193375,257.9206414880855,250.67091469575905,257.8329467773437,39940400.0,0.04581850013031162,2.499577385714745,0.02419207315409988,-0.011062972664872328,0.025453670297980322,0.40406448937372363,0.017111048043524296,0.27162946676906163,0.016115602083328292,0.2558272520433665,74.33530750158057,11.634661263476147,6.207459136327855,1.2601337766578804,237.56291685308366,0.07861691136689594,237.37096557617187,251.05239319075022,223.68953796159352,0.11527465106247807,1.2478013909662613,242.0028741093352,237.65534486460712,4.3475292447280935,2.5251963840990967,1.8223328606289968,2.991205563865045,2.921476562409044
2023-02-03 00:00:00-05:00,252.90233575146596,257.44316094972766,250.52473578092375,251.7427673339844,29077300.0,-0.023904080467543647,-1.2943871990335458,0.0,-0.03141752419957067,0.03025730454154731,0.4803198189604763,0.01823417289722559,0.28945852109407816,0.016408283096219493,0.2604734190848501,64.88054433346332,7.308210996419945,6.2860842691915755,0.9063271593153478,238.35348702830606,0.05318635545113766,238.30251770019532,253.24214152064337,223.36289387974728,0.1253836842734776,0.9498188774804772,243.5013192208197,238.69885764011653,4.802461580703181,2.980649423419914,1.8218121572832668,1.79927550992191,2.0671430016200754
2023-02-04 00:00:00-05:00,252.90233575146596,257.44316094972766,250.52473578092375,251.7427673339844,29077300.0,0.0,0.011074319037050672,0.0,-0.019990904531078324,0.02604241613491012,0.4134105397933686,0.01823417289722559,0.28945852109407816,0.016408283096219493,0.2604734190848501,64.88054433346332,6.918425168803907,6.3312514763067425,0.8955192623044854,239.12520219969053,0.050120864515461064,239.23406982421875,255.10528774686983,223.36285190156767,0.13268359255278922,0.8940686080528669,244.76923431515274,239.66507317299562,5.104161142157125,3.405351767167356,1.6988093749897688,1.5762744322114688,1.9742291915509134
2023-02-05 00:00:00-05:00,252.90233575146596,257.44316094972766,250.52473578092375,251.7427673339844,29077300.0,0.0,0.011074319037050672,0.006153630921557962,-0.018053931697245895,0.02604493473544475,0.41345052133736787,0.01823417289722559,0.28945852109407816,0.016408283096219493,0.2604734190848501,64.88054433346332,6.918425168803907,6.373192454342254,0.8849660947077735,239.87872895261575,0.04712762359376453,240.16562194824218,256.6971390270917,223.63410486939264,0.13766763906294804,0.8501537496686884,245.84208554881917,240.55971718492071,5.282368363898456,3.780755086513576,1.5016132773848803,1.400614998674751,1.8878755756123422
2023-02-06 00:00:00-05:00,250.855987609966,251.6939788803608,248.26401340480552,250.2031097412109,22518000.0,-0.006134774651610309,-0.3225644715681305,-0.04032776776524638,-0.02405950927854994,0.0257806906321406,0.4092557762408196,0.018344574911319838,0.29121109873528234,0.016243070406952633,0.2578507489494563,62.37548754966827,3.478753929178879,6.166446845402013,0.6930470618288588,240.4970421028564,0.0387927538086703,240.96562271118165,257.8274882720054,224.1037571503579,0.13995245770832765,0.7739165188071276,246.51301234764867,241.27404255946072,5.238969788187944,4.07239802684845,1.166571761339494,1.0956660752285083,1.655416241462377
2023-02-07 00:00:00-05:00,253.8670453451465,261.89630103268723,253.42854202536165,260.7172546386719,50841400.0,0.04116347757442207,2.227826475273616,0.003111893366898766,0.016951890385338286,0.02386797521832513,0.37889236035804524,0.02011685851544319,0.31934522875040816,0.016810346532406435,0.26685597826538654,70.69621508393604,11.693191291476325,6.561214305835893,1.5162083548116148,242.50984894020434,0.06983582933051818,242.5125244140625,260.6793837552003,224.34566507292467,0.14982202989335083,1.0010423068390748,248.69828039242145,242.71428049125413,5.983999901167323,4.454718401712225,1.5292814994550978,2.004169227356297,2.646793526487551
2023-02-08 00:00:00-05:00,266.2129795710124,269.6819309436082,259.4017271241036,259.908447265625,54686000.0,-0.0031070614484168717,-0.16450506851259988,0.011797260382033548,-0.016917344655965283,0.019608180295518602,0.3112702123467553,0.01944811262613723,0.3087292168700064,0.016810530474071186,0.26685889824879055,69.42430103806636,10.280203819504607,6.826856413955087,1.5698540709747084,244.55385960212178,0.05907690890789294,244.20802459716796,262.2143044750636,226.2017447192723,0.14746673380285363,0.9359707495086405,250.42292144983736,243.98792247454088,6.43499897529648,4.850774516429077,1.5842244588674035,1.7438829980345614,2.396610809537095
2023-02-09 00:00:00-05:00,266.79763305844943,266.9730522112078,256.0789548463012,256.87799072265625,42375100.0,-0.01172821520454274,-0.626114778334948,0.0019764845477332482,-0.03141405356590932,0.02119974832321774,0.3365355715223562,0.01919465006259492,0.3047056234112192,0.016831322468928517,0.2671889609347112,64.72552420543246,10.8940973649066,7.117373624737339,1.2043735353928664,245.82293289987726,0.043036220392718726,245.34810256958008,263.5398146740987,227.15639046506146,0.14829307350652524,0.8168994783677419,251.41600903027103,244.94274234477166,6.473266685499368,5.175272950243135,1.2979937352562327,1.2675979134709672,1.9867256545459704
2023-02-10 00:00:00-05:00,254.8414221498629,257.3359482905629,253.99367698119252,256.37127685546875,25818500.0,-0.001974533872046924,-0.10235727022317063,0.0,-0.025536027601700928,0.021311882746167597,0.3383156503015665,0.018063964749741097,0.2867565505179124,0.01679608384542612,0.2666295651287217,63.946183527192225,3.342271309370375,6.847723459353984,0.7439249681285123,246.81419237094565,0.03727829654611028,246.4628448486328,264.47783357715474,228.44785612011088,0.14618827222891126,0.7750052235988518,252.17835792645528,245.78930045667516,6.389057469780113,5.418029854150531,0.9710276156295814,1.1000208943954075,1.8743332054578543
2023-02-11 00:00:00-05:00,254.8414221498629,257.3359482905629,253.99367698119252,256.37127685546875,25818500.0,0.0,0.004516367617344689,0.0,0.001116380258564753,0.020778085288407515,0.3298418783592964,0.018063964749741097,0.2867565505179124,0.01679608384542612,0.2666295651287217,63.946183527192225,3.342271309370375,6.597334020069441,0.7543265272493647,247.83317142243988,0.033303674022118694,247.57758712768555,265.11830616923964,230.03686808613148,0.1416987639717778,0.7506650299497666,252.82342237707272,246.5731505602895,6.250271816783226,5.584478246677071,0.665793570106155,1.0026601197990683,1.8363391446991457
2023-02-12 00:00:00-05:00,254.8414221498629,257.3359482905629,253.99367698119252,256.37127685546875,25818500.0,0.0,0.004516367617344689,-0.030296405305221263,0.016983204798701523,0.004862861831340486,0.07719553839477028,0.018063964749741097,0.2867565505179124,0.01679608384542612,0.2666295651287217,63.946183527192225,3.342271309370375,6.364829540733794,0.7611261843356024,248.6973919946103,0.029932701334497182,248.57734756469728,265.70430046026934,231.45039466912522,0.13779978798039452,0.7275340318354728,253.3692461429798,247.2989376932657,6.0703084497140765,5.681644287284472,0.38866416242960433,0.910136127341892,1.8015463828320883
2023-02-13 00:00:00-05:00,260.7951951195851,267.5771867135627,260.3177065131593,264.3810729980469,44630900.0,0.030764826661101353,1.6531713259353449,-0.0031228791198725236,0.04875676481203972,0.01604448095984684,0.2546982392091939,0.01893963942710281,0.30065745507208724,0.016858505668294214,0.2676204808468755,70.8707655392299,11.205909858093946,6.710620991973805,1.3072419391545775,250.47952923323487,0.052581463594085276,250.00390701293946,267.41773951232267,232.5900745135563,0.13930848287488484,0.9128087824899156,255.06337335145165,248.56428104917543,6.49909230227621,5.84513389028282,0.6539584119933908,1.6512351299596648,2.395215870462051
2023-02-14 00:00:00-05:00,265.696502095269,267.9376679050751,262.39318676983703,265.20928955078125,37047900.0,0.0031277654825364104,0.16776734224051953,0.008057146582301389,0.052042165323353595,0.013751397853013667,0.21829667339149025,0.018868667185973118,0.29953080567197876,0.01673327006277835,0.2656324272419621,71.48070706260218,5.5444811352380725,6.627325287921252,1.1340961850729483,252.94631689127837,0.04623885038218019,251.54154891967772,268.6023741660863,234.48072367326913,0.13565015656205925,0.9005591884830041,256.62428353596385,249.79724464188698,6.827038894076878,6.041514891041632,0.7855240030352464,1.6022367539320137,2.314506594772341
2023-02-15 00:00:00-05:00,262.112672647368,264.46692310846817,260.02216525434795,263.08953857421875,28922400.0,-0.008024861080184647,-0.43319430585739405,0.027350839656667958,0.04363345757745796,0.01488982848863095,0.2363686994719334,0.01893814017062021,0.3006336551132605,0.016771070416757503,0.2662324892585564,67.58034303673534,5.187124296433296,6.5244537885292555,0.8915459054096502,253.98055536187422,0.034623129683185185,252.61315231323243,269.75212137348393,235.47418325298094,0.13569340236884983,0.8056305844347147,257.61893815723386,250.7818590072449,6.837079149988966,6.2006277428311,0.6364514071578666,1.2225223377388585,2.0242758979661915
2023-02-16 00:00:00-05:00,257.91212263576193,260.569199060256,255.8411717100615,256.0853881835937,29603600.0,-0.026983488632972324,-1.4512069106352916,0.015849130883303086,0.037519263220157306,0.02090762748121227,0.3318982969180046,0.019310763948508725,0.30654887420655474,0.01661015769714599,0.2636780790252816,56.59211784713444,7.248366864157248,6.576161865359826,0.9081983000043103,254.5707008896482,0.005914774383220842,253.32675247192384,269.7457541822653,236.9077507615824,0.1296270650464455,0.5840074128846804,257.38300739205846,251.17471302030776,6.208294371750696,6.202161068615019,0.006133303135677615,0.3360296515387219,1.402798253287307
2023-02-17 00:00:00-05:00,253.38922926241392,254.07301742221924,250.0776399550148,252.0899810791016,30000100.0,-0.015724844904984367,-0.8610011080486063,0.0,0.026042626713800754,0.02201882205925376,0.34953796398821135,0.019726395915873416,0.31314682714200764,0.01657997909829909,0.26319900862048995,51.452789744864226,6.00774822857889,6.535560891304046,0.915445885504039,254.97293578370636,-0.011436212943743085,253.84058227539063,269.3611203381656,238.32004421261564,0.12228571116289687,0.44360372078569416,256.56869565160355,251.2425106542925,5.32618499731106,6.026965854354228,-0.700780857043168,-0.22558511685722338,1.0487201557223405
2023-02-18 00:00:00-05:00,253.38922926241392,254.07301742221924,250.0776399550148,252.0899810791016,30000100.0,0.0,-0.005886443431833201,0.0,0.01291345995970894,0.012209682036446916,0.19382269353366727,0.019726395915873416,0.31314682714200764,0.01657997909829909,0.26319900862048995,51.452789744864226,3.9953774672044347,6.354119218154073,0.9105816366345197,255.3708961036806,-0.013014856879811921,254.35441207885742,268.84465883491475,239.86416532280006,0.11393745158676422,0.4218636149584817,255.8796626404494,251.30528624131537,4.5743763991340245,5.736447963310187,-1.1620715641761628,-0.31254554016607505,1.0182286017859319
2023-02-19 00:00:00-05:00,253.38922926241392,254.07301742221924,250.0776399550148,252.0899810791016,30000100.0,0.0,-0.005886443431833201,0.0,0.035470558353523085,0.011456509003786572,0.18186644230194968,0.019726395915873416,0.31314682714200764,0.01657997909829909,0.26319900862048995,51.45278974486423,3.9953774672044347,6.185637664514814,0.9049061434476567,255.9585417146468,-0.015345951548670706,255.13377151489257,267.02488930567125,243.2426537241139,0.09321476902233286,0.3720141163620724,255.29663470793434,251.3634117848551,3.9332229230792564,5.375802955264001,-1.442580032184745,-0.5119435345517105,0.9914486548609192
2023-02-20 00:00:00-05:00,253.38922926241392,254.07301742221924,250.0776399550148,252.0899810791016,30000100.0,0.0,-0.015411589645435908,0.02133203807342099,0.035470558353523085,0.012354948961586999,0.19612873447952944,0.018944646053543648,0.30073693280290636,0.016413128383763215,0.26055033564007785,51.452789744864226,3.9953774672044347,6.029190507564072,0.9002099582694061,256.3612682516816,-0.016943502293491678,255.66465377807617,265.807183892106,245.52212366404632,0.07934245085622077,0.32377805839443136,254.8033033804216,251.41723173257705,3.3860716478445454,4.977856693780111,-1.5917850459355654,-0.7048877664222741,0.9603726790034944
2023-02-21 00:00:00-05:00,248.5928319386973,249.5794760448662,245.7696900625751,246.82470703125,28397400.0,-0.021107695004555976,-1.1670374888122206,0.004612200993190818,0.013843216263706104,0.010264968782874891,0.16295132769197004,0.01918619370711448,0.304571382929624,0.016639993036954535,0.2641517003617687,44.3187351120813,6.3202910165264825,6.049983401061388,0.8557933094040858,256.42777754534245,-0.038906439430622414,255.69159011840821,265.73158892137656,245.65159131543987,0.07853210031912992,0.058422104366351785,253.57582701901057,251.0770447176639,2.4987823013466652,4.482041815293422,-1.9832595139467566,-1.7663115825345939,0.5314185552974786
2023-02-22 00:00:00-05:00,248.2118440405047,248.45606050673507,244.5485970470492,245.6915283203125,22491100.0,-0.004601597385668826,-0.25518375504984764,-0.012795927198601564,0.005396430831555943,0.009144888515776554,0.145170604680932,0.018730159750475168,0.29733206829761344,0.01660269178607513,0.2635595613612575,42.938858946847965,3.9074634596858573,5.896946262391707,0.6961016500113897,255.96725086738485,-0.04182367465953365,255.08451919555665,266.0086846951284,244.1603536959849,0.08565134045784184,0.07008199502230303,252.36285798844165,250.67811757711937,1.6847404113222808,3.922581534499194,-2.237841123176913,-1.719672019910787,0.4265876214950799
2023-02-23 00:00:00-05:00,249.6478466517071,250.89823380940385,244.68536609831472,248.87612915039065,29219100.0,0.012878500230327885,0.7025420117892119,0.022269521815527327,0.021449738975340527,0.012243767900421858,0.1943637898494701,0.015848735898415497,0.2515908826916955,0.01632598844844573,0.25916703205140396,47.852749215003975,6.212867711089132,5.919512080155809,0.9041354796846383,255.83673260183858,-0.027968144133428626,254.94118728637696,266.1221723862731,243.7602021864808,0.08771423102644058,0.22877800650845015,251.82643816720304,250.54463695291724,1.2818012142857924,3.3944254704565138,-2.1126242561707214,-1.084887973966199,0.6537539115969475
2023-02-24 00:00:00-05:00,244.1773996603897,245.1933336076266,242.36042854419725,243.4545135498047,24990900.0,-0.02202517698956644,-1.2192716043647962,0.0,0.011978680690950094,0.01478754509240594,0.2347450008939586,0.01572181710415046,0.24957610929374274,0.016583018777684373,0.2632472620348029,41.32768899205746,6.5157006061934055,5.962096974872781,0.7782211793721205,255.54027597805012,-0.04964279467249633,254.52677459716796,266.7707639527964,242.28278524153953,0.09620983391634648,0.04784912311797,250.53844976452638,250.01944262676076,0.5190071377656125,2.8193418039183338,-2.3003346661527213,-1.8086035075281182,0.21708225798537334
2023-02-25 00:00:00-05:00,244.1773996603897,245.1933336076266,242.36042854419725,243.4545135498047,24990900.0,0.0,-0.0030143387915240803,0.0,-0.007526546351736552,0.01478754509240594,0.2347450008939586,0.01572181710415046,0.24957610929374274,0.016583018777684373,0.2632472620348029,41.32768899205745,2.832905063429365,5.738583266912537,0.783204365729164,255.24002275082225,-0.048409491486410834,254.11236190795898,267.2793626741366,240.94536114178135,0.10363132802603915,0.09528185091583857,249.44861342379997,249.53315158402327,-0.0845381602233033,2.238565811090006,-2.3231039713133095,-1.618872596336646,0.20165334256636622
2023-02-26 00:00:00-05:00,244.1773996603897,245.1933336076266,242.36042854419725,243.4545135498047,24990900.0,0.0,-0.0030143387915240803,-0.0037576766843281373,-0.023776900072909113,0.01259301274230437,0.1999078798392293,0.01572181710415046,0.24957610929374274,0.016583018777684373,0.2632472620348029,41.32768899205745,2.832905063429365,5.531034823806595,0.7801811772069802,254.95732375404592,-0.047248293065176805,253.77493209838866,267.68847998436496,239.86138421241236,0.1096526577383302,0.12912340428331376,248.5264442124161,249.08288210000708,-0.5564378875909881,1.6795650713538075,-2.2360029589447956,-1.483506382866745,0.1835394405506286
2023-02-27 00:00:00-05:00,246.61958212194187,246.971254457074,243.62059652709385,244.37278747558597,21190000.0,0.0037647544876545087,0.20403805320284718,0.002966900970951647,-0.020094732897869116,0.012838852640414492,0.20381046723565036,0.01572727733311744,0.24966278774143133,0.01658715672182456,0.263312949861607,42.97266028658383,3.516740907269309,5.387156686911075,0.6936259895995381,254.1109473871204,-0.039849608510552054,252.95770874023438,267.072909736961,238.84250774350778,0.11160127174635098,0.19589801566979775,247.88742009905764,248.7339862019018,-0.8465661028441787,1.1743388365142104,-2.020904939358389,-1.216407937320809,0.24415035286952405
2023-02-28 00:00:00-05:00,243.30800820629165,245.6720220057633,242.97586245641224,243.64990234375,22491000.0,-0.002962508406324143,-0.16201880386250828,0.012790862363146305,-0.022993414684468028,0.010222226941381472,0.16227282199295887,0.012388470164115484,0.19666086707275865,0.016560916584536876,0.2628964005958186,41.9749666287647,2.6961595493510515,5.194942605656787,0.7771635345097617,253.1566899410718,-0.03901822863819282,252.14478149414063,266.4459794624576,237.84358352582365,0.1134363985926817,0.20300113426825256,247.2354942905488,248.35738739759427,-1.12189310704548,0.7150924478022723,-1.8369855548477525,-1.1879954629269887,0.17406477141709004
2023-03-01 00:00:00-05:00,244.95888751265775,245.1249529268237,240.10386280126264,240.57276916503903,27565300.0,-0.012709750213783157,-0.6992104027494468,-0.01927434580871712,-0.041265848109294456,0.0062475965773593906,0.09917752101330754,0.012559973105315337,0.19938339186194431,0.01658976456787446,0.26335434813424047,37.93727802018438,5.021090125561074,5.182524571364237,0.9775149192189256,252.26204205783523,-0.04858934339645506,251.32952041625975,266.3362237468914,236.32281708562812,0.11941854904889063,0.14160178907301807,246.21045965585498,247.78074900999758,-1.5702893541426022,0.2580160874132974,-1.8283054415558997,-1.4335928437079286,-0.08039594061491954
2023-03-02 00:00:00-05:00,240.8462754123101,245.58406578455748,239.92801913938823,245.30078125,24808200.0,0.01946251786484143,1.0833022391319593,-0.0163735903075668,-0.011961535166318482,0.011745866699041013,0.18645985331146606,0.013378366462109862,0.2123749836421783,0.01641761444332075,0.260621549627813,46.45931398833006,5.656046645169255,5.216347576636024,0.8813219723008222,251.76683420920972,-0.02635969166612558,250.77599563598633,265.8163206069262,235.73567066504648,0.11995027620404003,0.31798217802589823,246.0705091318773,247.59704769444218,-1.5265385625648946,-0.09889484258234102,-1.4276437199825536,-0.7280712878964075,0.2826772576848698
2023-03-03 00:00:00-05:00,246.35581882878407,249.7064617806796,245.5743231113751,249.38409423828125,30760100.0,0.016509118967581272,0.9283224625126525,0.0,0.006267392577762987,0.01341651684595594,0.21298060221064857,0.013987811737613614,0.22204962746229534,0.01652097027222667,0.26226227254681705,52.522726180769006,4.405680530679604,5.158442787639137,1.083257354134906,251.42845275411705,-0.008197629933376804,250.42663650512696,265.24265354131603,235.6106194689379,0.11832620717154214,0.46481705358804465,246.58029145593943,247.72942151250433,-1.1491300565648999,-0.3089418853788528,-0.840188171186047,-0.1407317856478214,0.5892371665369187
2023-03-04 00:00:00-05:00,246.35581882878407,249.7064617806796,245.5743231113751,249.38409423828125,30760100.0,0.0,0.008847250887211224,0.0,0.011770826575250304,0.01359450133434462,0.21580601837166963,0.013987811737613614,0.22204962746229534,0.01652097027222667,0.26226227254681705,52.522726180769006,4.13213866930451,5.085135350615236,1.073912972135261,251.0959091833755,-0.006864170509040797,250.07727737426757,264.6302681923345,235.52428655620065,0.11638794992386933,0.4761841691288034,247.01164573014586,247.85198986256188,-0.8403441324160212,-0.4152223347862865,-0.42512179762973473,-0.09526332348478628,0.5686896848442626
2023-03-05 00:00:00-05:00,246.35581882878407,249.7064617806796,245.5743231113751,249.38409423828125,30760100.0,0.0,0.008847250887211224,-0.0061508253224351606,0.026951995271290885,0.013272671993706525,0.21069713597207587,0.013987811737613614,0.22204962746229534,0.01652097027222667,0.26226227254681705,52.522726180769006,4.13213866930451,5.017064159093041,1.1005611197636307,249.94099566160068,-0.0022331072277100533,249.3274284362793,262.2289729242621,236.4258839482965,0.1034907757152764,0.5021960859823692,247.37663780832054,247.96547907557812,-0.5888412672575782,-0.4499461212805449,-0.13889514597703334,0.008784343929479207,0.5434278025380902
2023-03-06 00:00:00-05:00,250.4976821695696,254.1023192446913,250.058095554362,250.9275054931641,24109800.0,0.006169819575450946,0.34892848939729154,0.010702151247270253,0.03330769037914183,0.009140935601502835,0.1451078541121987,0.012064904671473373,0.1915244241145199,0.016533036797696056,0.26245382270030077,54.93220184725249,4.7182250064100515,4.995718505329971,0.8830598883291735,248.94864627896953,0.007886178959557968,248.61333923339845,259.1840540393574,238.04262442743948,0.08503739050007428,0.609461200223711,247.92292514445032,248.18488843984375,-0.26196329539342855,-0.4123495561031217,0.15038626070969313,0.4378448008948435,0.6464972749800194
2023-03-07 00:00:00-05:00,250.370733142572,251.72859113392445,247.52806453283253,248.27047729492188,21473200.0,-0.010645288568827826,-0.5961910296948132,0.0017739367246645266,0.022366172965967213,0.00993702803976926,0.1577454297858307,0.012118656689614996,0.19237771094934328,0.016597608275032136,0.2634788631252166,50.20819454914977,4.200526601091923,4.938919083598682,0.7973678528175067,248.16225684315341,0.0004358973847700164,247.87238616943358,255.9554032294062,239.78936910946098,0.0652191814093196,0.5246251568278666,247.9763947060613,248.1912283550347,-0.2148336489733822,-0.37284637467717385,0.15801272570379166,0.09850062731146612,0.393928794063137
2023-03-08 00:00:00-05:00,248.16297184644705,248.65140472789284,245.00769960592783,247.83084106445312,17340200.0,-0.0017723651572126803,-0.09542745428335635,0.005469156645719231,-0.0008666375900977519,0.006056464196275564,0.09614338852627095,0.012069423718254256,0.19159616175819158,0.015538236995262338,0.24666186541108595,49.45042770265053,3.643705121965013,4.846403800624849,0.6588989181300938,247.70570666579485,0.000504918589312021,247.45965881347655,254.5601922147172,240.3591254122359,0.05738740152868878,0.5261376314990447,247.9540018381216,248.1645330001768,-0.21053116205519018,-0.34038333215277716,0.12985217009758698,0.10455052599617898,0.3264293450561512
2023-03-09 00:00:00-05:00,249.90181841749688,253.5552870035151,245.7599020211808,246.4827880859375,26653400.0,-0.005454255116353089,-0.30405371673013154,0.015004552708272278,-0.032478217203138704,0.006262811684652727,0.09941905335372354,0.010759869217896994,0.17080762854080703,0.015028103986160057,0.23856375494518783,47.102920162106635,7.795384982334298,5.057045313604095,1.0192660690794506,247.39188999383236,-0.0036882977304601963,247.17929916381837,253.94493743435464,240.4136608932821,0.054742757936637215,0.44852584116755756,247.72766126086253,248.03995930282574,-0.3122980419632029,-0.3347662741148623,0.02246823215165944,-0.20589663532976954,0.16900019690823284
2023-03-10 00:00:00-05:00,245.27149758216976,246.94192996221227,241.8720083458769,242.83909606933597,28333900.0,-0.01489309791056034,-0.8279654620010449,0.0,-0.0634793928667513,0.0081336121834681,0.12911709058860993,0.01070752970690577,0.16997676456185398,0.015125653092844265,0.24011229900660536,41.38429201261236,5.069921616335364,5.057965049513471,1.0869939680714056,246.8740916992832,-0.016615922622258344,246.71675491333008,253.33203965624674,240.10147017041342,0.0536265544287056,0.2069167092054404,246.97557430831998,247.6547101744191,-0.6791358660991307,-0.403640192511716,-0.27549567358741467,-1.1723331631782408,-0.22572558742523696
2023-03-11 00:00:00-05:00,245.27149758216976,246.94192996221227,241.8720083458769,242.83909606933597,28333900.0,0.0,0.007979221384156838,0.0,-0.09996389608723832,0.006190871863229074,0.09827704409262725,0.01070752970690577,0.16997676456185398,0.015125653092844265,0.24011229900660536,41.384292012612356,5.069921616335364,5.058819090000749,1.090479229095354,246.35297294065188,-0.014469980032838803,246.25421066284179,252.57469029321868,239.9337310324649,0.05133296696421212,0.22983738630432277,246.33919304078395,247.29799801848702,-0.9588049777030676,-0.5146731495499863,-0.4441318281530813,-1.0806504547827083,-0.27058370762612627
2023-03-12 00:00:00-05:00,245.27149758216976,246.94192996221227,241.8720083458769,242.83909606933597,28333900.0,0.0,0.007979221384156838,-0.020990924542612865,-0.11036762207644224,0.006261752070891596,0.09940223250673715,0.01070752970690577,0.16997676456185398,0.015125653092844265,0.24011229900660536,41.384292012612356,5.069921616335364,5.059612127596078,1.093986911802351,245.8285016756927,-0.012310231979710543,245.79166641235352,251.65112652333437,239.93220630137267,0.04767826506494079,0.24805099044156578,245.8007165836381,246.96770898521658,-1.166992401578483,-0.6451369999556857,-0.5218554016227972,-1.007796038233735,-0.3004022112476131
2023-03-13 00:00:00-04:00,241.6766365464032,251.9435074958377,240.0452721548656,248.0458068847656,33339700.0,0.02121436636447441,1.1906195997187716,-0.026342881155820397,-0.09129302247997362,0.013242472031954913,0.21021772644168532,0.011826198887791945,0.18773508727371688,0.015293496538669352,0.2427767311076773,51.82325437223174,11.898235340972121,5.548085214265796,1.2750974928657577,245.91576794669894,0.008587280570544826,245.85272140502929,251.782529565045,239.92291324501358,0.04823870263568624,0.6849204409785241,246.14611509150387,247.04756808888686,-0.9014529973829895,-0.6964001994411465,-0.20505279794184295,0.7396817639140946,0.23553649804925172
2023-03-14 00:00:00-04:00,250.8102898262924,255.03035716432163,249.94087987551168,254.7568359375,33620300.0,0.02669607135901444,1.4891183407140565,-0.017518058149040394,-0.06670740660865804,0.017077067854002204,0.27109004798319186,0.01230677839025639,0.19536405036601331,0.015596405629176522,0.2475852638477337,61.37216853768824,6.984550279556032,5.650689861786527,1.2590342484593164,246.48177173019442,0.032482206716273214,246.30598678588868,253.4462469927996,239.16572657897777,0.05797877916071822,1.0917745927124562,247.47084137550328,247.61862496656192,-0.1477835910586407,-0.5866768777646454,0.4388932867060047,2.3670983708498214,0.9392028334822244
2023-03-15 00:00:00-04:00,253.96557655248083,260.3152041308793,253.21337082147616,259.2992553710937,46028000.0,0.017673315203092115,0.9838373040096203,-0.03895750178116053,-0.024942314535796206,0.01239788194544341,0.19681027446948554,0.01270743317542922,0.2017242479049452,0.015321902815856901,0.24322766677834584,66.24849202939957,7.101833309403133,5.754342965187713,1.6710905474175755,247.4257305246168,0.045790817368465686,246.82714309692383,255.9918128891113,237.66247330473638,0.0742598214863969,1.1804452619123211,249.29059737482487,248.4838568483791,0.8067405264457648,-0.30799339692256333,1.1147339233683282,2.721781047649283,1.394742744423671
2023-03-16 00:00:00-04:00,259.0746169472976,270.16205172863715,257.1892727698562,269.8103942871094,54768800.0,0.03973664807722466,2.186054395513858,-0.011559231839673334,0.008839206073519623,0.014453368667998194,0.2294401146159366,0.014950727207323043,0.23733543666086393,0.016003912422465134,0.25405423364340013,74.3253711180181,12.972778958780964,6.2699455361586605,1.886459645257217,249.70803755819824,0.07450549406009876,248.14493713378906,261.7644405765985,234.52543369097964,0.1097705526465476,1.2953835190944079,252.447489207484,250.06360036235913,2.3838888451248863,0.2303830514869266,2.15350579363796,3.1815340763776336,2.409251684688716
2023-03-17 00:00:00-04:00,271.82275116350945,276.77543928091814,269.92762867957384,272.9656677246094,69527400.0,0.011626559097168794,0.6304043730227235,0.0,0.026222159349250873,0.010652880103532441,0.1691092290032091,0.013798159959140861,0.21903899881305525,0.01604624404132096,0.2547262272599239,76.16896482447557,6.96504499380876,6.319595497419382,2.2242070467740755,252.5445014402317,0.07481221523059911,249.6204948425293,266.98109654362696,232.25989314143163,0.13909596415189734,1.172360707423062,255.60413205627253,251.76004979659987,3.8440822596726605,0.9531228931240735,2.890959366548587,2.68944282969225,2.57052768859742
2023-03-18 00:00:00-04:00,271.82275116350945,276.77543928091814,269.92762867957384,272.9656677246094,69527400.0,0.0,-0.011049710471761847,0.0,0.006374747816717985,0.01505206358296957,0.23894410175321593,0.013798159959140861,0.21903899881305525,0.01604624404132096,0.2547262272599239,76.16896482447557,6.8478106013442925,6.357325147699733,2.0762979176369036,255.00371725695655,0.06580296568934943,251.09605255126954,271.06991544529996,231.12218965723912,0.15909340422587565,1.0474558248789223,258.275137543709,253.33083630978575,4.944301233923227,1.7513585612839044,3.1929426726393224,2.189823299515688,2.4167848266966634
2023-03-19 00:00:00-04:00,271.82275116350945,276.77543928091814,269.92762867957384,272.9656677246094,69527400.0,0.0,-0.011049710471761847,0.026448270365605486,-0.004063008815582303,0.016380749851010967,0.2600363423672002,0.013798159959140861,0.21903899881305525,0.01604624404132096,0.2547262272599239,76.16896482447557,6.8478106013442925,6.392359822960059,1.9365288879610831,257.0566276069276,0.05828220175195135,252.52569656372071,274.46934366895516,230.58204945848627,0.17379337947651063,0.9657377842175766,260.5352191100014,254.78526826643935,5.749950843562033,2.55107701773953,3.1988738258225027,1.8629511368703058,2.305797764269592
2023-03-20 00:00:00-04:00,270.57233358465885,271.0607665452562,263.607274796688,265.9322204589844,43466600.0,-0.02610456201861946,-1.443380367142733,-0.00566154663513041,-0.029725101655946107,0.023811900407233556,0.37800220032826587,0.015424093383491934,0.2448498917481388,0.016444092510978142,0.26104187592112704,63.47861073854333,9.358392927921386,6.604219330457298,1.1763026432886983,257.98665120674843,0.029878174365341386,253.63981246948242,275.94566444752496,231.33396049143988,0.1758860469172311,0.7755422209741724,261.3655270098449,255.61096842885007,5.754558580994853,3.1917733303905953,2.562785250604258,1.1021688838966899,1.5930850746464058
2023-03-21 00:00:00-04:00,268.52093921101067,268.6381583648071,263.2849217859486,267.4463806152344,34558700.0,0.005677633938360322,0.2970733110663667,0.005472243132074395,-0.02420056766323775,0.014434085205808954,0.22913399914372232,0.015343380387352668,0.2435686126560063,0.01644712924799538,0.2610900826267953,64.83683627368683,5.353236578858514,6.514863419628813,0.9264680788776768,259.0682881966184,0.03132625088940431,254.98349304199218,277.2125946780264,232.75439140595796,0.1743571818774433,0.7803281881855132,262.3010429491356,256.4876656278415,5.81337732129407,3.7160941285712905,2.097283192722779,1.1213127527420523,1.6842424910368112
2023-03-22 00:00:00-04:00,267.0751210074597,274.5383905110529,265.8833434620223,265.9908142089844,34873300.0,-0.005457324809339119,-0.32135011648319356,-0.019340267944631617,-0.014798392251664905,0.01234369444155653,0.19595007451277333,0.015016260656391115,0.23837574791360655,0.016252706148685174,0.258003711607388,62.43311291373503,8.6550470490306,6.667733678871797,0.9224566926801113,259.83929907092266,0.023126795398387603,256.0179946899414,278.2755015076836,233.76048787219923,0.1738745500658876,0.7240327185049608,262.86870006603544,257.191602559778,5.677097506257439,4.10829480410852,1.5688027021489193,0.8961308740198426,1.4924075899100935
2023-03-23 00:00:00-04:00,271.51012405626466,274.5579410451168,268.83352089762093,271.2366027832031,36610900.0,0.01952973783741943,1.0618204442317105,-0.010371640042583063,0.008828846171745175,0.01670928459783099,0.2652516697899763,0.015019553128423123,0.2384280142867785,0.016211786344036538,0.25735412984660216,67.15861134898742,8.567126836132445,6.8034046186761294,0.9609828505132246,260.80901047165327,0.03844463543839817,257.1106201171875,280.12939820393177,234.09184203044327,0.1790573884210042,0.8068360669011855,264.15606971483044,258.23197294669836,5.924096768132074,4.471455196913231,1.4526415712188427,1.2273442676047421,1.9402478947290307
2023-03-24 00:00:00-04:00,270.82627422927686,274.1378637154936,268.9116255422268,274.0792541503906,28172000.0,0.010425800313868179,0.5569525207464544,0.0,0.0002137182861108311,0.01753752390478175,0.27839956118341747,0.014839732720276014,0.2355734538031102,0.015710915078316807,0.24940304499888682,69.40454455765686,5.226238173266836,6.690749872575466,0.7419943323242804,261.76413310305657,0.04493270052674838,258.34537811279296,282.2513231101244,234.43943311546153,0.18506965498638933,0.8290787299844031,265.6827134741474,259.40584562845333,6.276867845694085,4.832537726669402,1.4443301190246824,1.316314919937614,2.117785065266294
2023-03-25 00:00:00-04:00,270.82627422927686,274.1378637154936,268.9116255422268,274.0792541503906,28172000.0,0.0,-0.021184933151872656,0.0,-0.012251299791045778,0.00961781604080054,0.15267809639715646,0.014839732720276014,0.2355734538031102,0.015710915078316807,0.24940304499888682,69.40454455765686,5.226238173266836,6.586141894053422,0.7445318979009232,262.7257886315599,0.041424023697178236,259.58013610839845,284.0808565268333,235.07941568996355,0.18877192057718614,0.795891667558533,266.97448896280025,260.49276477822644,6.481724184573807,5.162375018250284,1.3193491663235228,1.1835666702341305,2.0271256370913404
2023-03-26 00:00:00-04:00,270.82627422927686,274.1378637154936,268.9116255422268,274.0792541503906,28172000.0,0.0,-0.021184933151872656,0.015160326654275913,-0.02681236513197316,0.009998223278013942,0.15871687407673138,0.014839732720276014,0.2355734538031102,0.015710915078316807,0.24940304499888682,69.40454455765686,5.226238173266836,6.489005913997238,0.7405567318978015,263.5200550177532,0.03852607949247951,260.73772354125975,285.7004807017032,235.7749663808163,0.19147790984294064,0.7672287064161357,268.0675297608911,261.49917139838675,6.568358362504341,5.4435716871010955,1.1247866754032456,1.0689148256645433,1.9520496197288262
2023-03-27 00:00:00-04:00,274.0108578776161,274.94864070172,269.14605544409125,269.9861755371094,26840200.0,-0.015046557314663821,-0.8536560174780359,0.004178046600616714,-0.0413458748181984,0.01296197628921875,0.20576499456713188,0.015430558151240906,0.2449525167546242,0.01583636336467386,0.2513944748074867,61.80356775104002,5.8025852576287775,6.439975867113777,0.700605586008875,264.1739432979953,0.02152788833558319,261.82350845336913,286.388929044277,237.25808786246128,0.18764870072988862,0.6661414070549517,268.36270603415545,262.12783837162544,6.234867662530007,5.601830882186878,0.6330367803431294,0.6645656282198082,1.5034373395055494
2023-03-28 00:00:00-04:00,269.40989660765126,269.75180568788846,265.7563973042853,268.86285400390625,21878600.0,-0.004169342798756078,-0.2461431193814649,-0.01882280092347688,-0.04533451171624836,0.009179140042569768,0.14571433081244667,0.015196966789681106,0.241244368848023,0.01584682406853147,0.2515605333331623,59.86581189994064,4.22977823282406,6.282104607521654,0.5677308928684492,264.6747350882064,0.015577157101958852,262.8751091003418,286.70819021638147,239.04202798430208,0.18132626704449523,0.6256183553106509,268.43965187565556,262.6267284184611,5.812923457194472,5.644049397188397,0.1688740600060754,0.5024734212426036,1.3488519929736524
2023-03-29 00:00:00-04:00,272.5065307325749,274.63612126718954,271.96926635776106,274.02069091796875,25087000.0,0.019002204661808707,1.0373324501402805,-0.012462354644081075,-0.023395795791615104,0.012296919891349312,0.1952075515475621,0.015489823161700438,0.2458933196293656,0.015954566372074173,0.2532708893782937,65.25288069025729,5.773267263283287,6.2457590829331995,0.6523118366243181,265.60994754280887,0.03069382588221316,264.2520042419434,287.2653817691329,241.2386267147539,0.17417750600006002,0.712239308734322,269.29827326678065,263.47072564064683,5.827547626133821,5.680749042977482,0.14679858315633965,0.8489572349372896,1.7582591112439894
2023-03-30 00:00:00-04:00,277.65458775561683,277.8792478188559,274.9682067021936,277.4787292480469,25053400.0,0.012540661054068872,0.6781434476342993,-0.014741669959015935,-0.010899183746953423,0.013525378477943436,0.21470872704398186,0.015392576386301877,0.24434957492832032,0.015609550414816913,0.24779393085078405,68.32283058279685,3.8585569008871516,6.075244641358482,0.6542284383623529,266.84059230664064,0.03833856732094397,265.9839859008789,287.3682508901957,244.59972091156206,0.1607936276079858,0.7687663885784837,270.55680495620624,264.5083555374913,6.048449418714938,5.754289118124973,0.2941603005899651,1.0750655543139327,1.9807294218566391
2023-03-31 00:00:00-04:00,277.1661775421266,282.5779932614733,276.45305469008514,281.63043212890625,32766000.0,0.014851408194240433,0.7996792825270224,0.0,0.013926947988987193,0.014447887328123785,0.22935310104298193,0.014764324408115401,0.23437638395852556,0.015689222993576838,0.24905869382904386,71.57043982308002,6.124938571388157,6.078794207789174,0.8507074169868352,268.35250221807854,0.047146644666405266,267.9235527038574,287.4225362939468,248.42456911376806,0.14555632301309532,0.8514767670253218,272.2604399058524,265.77665750722576,6.4837823986266585,5.90018777422531,0.5835946244013481,1.4059070681012895,2.2474234726194378
2023-04-01 00:00:00-04:00,277.1661775421266,282.5779932614733,276.45305469008514,281.63043212890625,32766000.0,0.0,-0.024073326923083296,0.0,-0.011317104882409112,0.009996383657802614,0.15868767101121548,0.014764324408115401,0.23437638395852556,0.015689222993576838,0.24905869382904386,71.57043982308002,6.124938571388157,6.08209023376053,0.8458408244043897,269.84711393882617,0.04183964815523448,269.8631195068359,286.3389992052922,253.38723980837963,0.12210545648894379,0.8571072633885781,273.70197717093765,266.9510111829058,6.750965988031851,6.070343416986619,0.680622571045232,1.4284290535543154,2.133188352068278
2023-04-02 00:00:00-04:00,277.1661775421266,282.5779932614733,276.45305469008514,281.63043212890625,32766000.0,0.0,-0.024073326923083296,0.003725168083934527,-0.011317104882409112,0.00878109555671777,0.13939557049061696,0.014764324408115401,0.23437638395852556,0.015689222993576838,0.24905869382904386,71.57043982308002,6.124938571388157,6.085150829305361,0.8464676264754283,271.2846844850368,0.036735190745061465,271.54235076904297,285.27274402355926,257.8119575145267,0.10112892678162387,0.8673631618870438,274.9217394721636,268.0383756974244,6.883363774739223,6.23294748853714,0.6504162862020832,1.469452647548173,2.0226993704643874
2023-04-03 00:00:00-04:00,279.89160882011697,281.60112415662576,277.3810860970175,280.585205078125,24883300.0,-0.003718246828542213,-0.23082187354224395,0.00017416154162885888,-0.014986445936250314,0.008360141908341214,0.13271313848807878,0.014570137003233074,0.23129375447216768,0.015391254066033165,0.24432858374481276,69.33527243142424,4.249346031888763,5.954021915204176,0.6501655899509435,272.3129737423926,0.02948206529075223,272.8337692260742,284.640565156336,261.0269732958124,0.08654937373590653,0.8282616172006174,275.79304187308077,268.96777046636515,6.825271406715615,6.351412272172835,0.4738591345427796,1.3130464688024714,1.8456342310166776
2023-04-04 00:00:00-04:00,280.585207618267,283.7307170583828,279.0612991751383,280.5363464355469,25824300.0,-0.0001741463772682018,-0.04034142767833069,0.009988016533601929,-0.015157967542883899,0.007252585916197324,0.11513123217832594,0.013809756699404933,0.2192230913576017,0.015219694149210601,0.24160515449565617,69.22643863065544,4.6694178832445346,5.862264484349915,0.6930453263929415,273.40169262127654,0.025432190534033068,273.8956237792969,284.3157255233475,263.4755220352463,0.07608812145496019,0.818649607238313,276.5227810365371,269.82470201963787,6.698079016899214,6.420745621118112,0.2773333957811026,1.274598428953253,1.757724047153797
2023-04-05 00:00:00-04:00,279.2371315346284,280.5070453166388,276.3749215198196,277.7620544433594,22064800.0,-0.009938465964564656,-0.5827645628449757,-0.02489730933916401,-0.01745037111819947,0.004311909643340493,0.06844944355236096,0.01381628656773355,0.2193267498037508,0.01513278859201572,0.24022557154433324,63.16365235091959,4.1614249157272525,5.740775943734011,0.6193303845286415,273.81276108286613,0.014218260908271668,274.2932067871094,284.66367815442896,263.92273541978983,0.07561595483017944,0.6672463831866575,276.7134384837405,270.4126540510246,6.300784432715886,6.396753383437668,-0.09596895072178135,0.6689855327466298,1.4765116068179738
2023-04-06 00:00:00-04:00,276.65823572723315,285.32303313576494,275.50554090112394,284.8541564941406,29770300.0,0.02521248977574348,1.4292469216887052,0.0,0.031008567087014827,0.013438658134390111,0.21333208426806877,0.012164624051141089,0.19310742019148633,0.014371988634706893,0.22814824663728697,70.31973748231201,9.817492234641009,6.031969964513082,0.8849933455235455,274.3888806722493,0.03673906658303091,274.88763122558595,286.2528709669403,263.5223914842316,0.0826900773285611,0.9384652455807769,277.96585663918665,271.4823949727369,6.4834616664497275,6.414095040040079,0.06936662640964819,1.7538609823231053,1.9312422800407827
2023-04-07 00:00:00-04:00,276.65823572723315,285.32303313576494,275.50554090112394,284.8541564941406,29770300.0,0.0,-0.01032538842921081,0.0,0.028607973686257893,0.013438658134390111,0.21333208426806877,0.01199588875772915,0.1904288304488813,0.0139989887230801,0.22222705660600556,70.31973748231201,9.817492234641009,6.3023644123793625,0.9405754703106411,275.0373667965253,0.0344625116882128,275.4820556640625,287.6399820563919,263.3241292717331,0.08826655778375206,0.8854317145722778,279.02559507841033,272.47289582617424,6.552699252236096,6.441815882479283,0.11088336975681301,1.541726858289112,1.8393901845361746
2023-04-08 00:00:00-04:00,276.65823572723315,285.32303313576494,275.50554090112394,284.8541564941406,29770300.0,0.0,-0.01032538842921081,0.0,0.006072585831861765,0.013123183814128917,0.2083240846894392,0.01199588875772915,0.1904288304488813,0.0139989887230801,0.22222705660600556,70.31973748231202,9.817492234641009,6.553444971112337,1.0036071509238689,275.7727681584568,0.03188083490672397,276.07648010253905,288.8626513718797,263.2903088331984,0.09262774767768443,0.8432488196309853,279.92229683467656,273.3900262460236,6.5322705886529775,6.459906823714022,0.07236376493895591,1.372995278523943,1.7605101485160857
2023-04-09 00:00:00-04:00,276.65823572723315,285.32303313576494,275.50554090112394,284.8541564941406,29770300.0,0.0,-0.01032538842921081,0.007637080988790679,0.01908164421705294,0.013112814207330535,0.20815947228474693,0.01199588875772915,0.1904288304488813,0.0139989887230801,0.22222705660600556,70.31973748231202,9.817492234641009,6.786591204221528,1.0273242372746538,276.97726660929663,0.027652360709035383,277.0225769042969,289.44326381356854,264.60188999502526,0.08967274110342723,0.8152635456899614,280.6810444745941,274.23922107921743,6.441823395376673,6.456290138046553,-0.014466742669879906,1.2610541827598458,1.6874594708157904
2023-04-10 00:00:00-04:00,282.5193319399248,282.90032388757146,278.12343611581,282.6951904296875,23103000.0,-0.007608066118085763,-0.4470623443957476,0.02319434897660755,0.011357822617079183,0.012565519928413869,0.1994714449488554,0.01039969221346525,0.1650899958506634,0.014013954296924015,0.22246462772571582,65.13835894634693,6.730720378330602,6.782600430943605,0.8133226781948694,277.78956171877377,0.017353067462723137,277.7850173950195,289.58731556078845,265.98271922925056,0.08497433213963218,0.7080176659537937,280.99091308307004,274.86558917925225,6.125323903817787,6.3900968912008,-0.26477298738301336,0.8320706638151746,1.4772574840748978
2023-04-11 00:00:00-04:00,279.139356536894,279.3640463661856,275.12445306738846,276.2868957519531,27276600.0,-0.02292944837495333,-1.3195687364891935,-0.0023283932620845604,-0.011568209276533903,0.009964114543629691,0.15817541470443608,0.011798660823236924,0.1872979340513131,0.013434901793433394,0.21327245420400254,52.72091145381772,7.570737362299042,6.838895926040421,0.9732652319562661,278.45051124347634,-0.00783104636806837,278.299821472168,288.7576397449608,267.8420031993752,0.07515504837532676,0.4037597676825327,280.267218109052,274.97087114760046,5.2963469614515475,6.1713469052509495,-0.874999943799402,-0.3849609292698703,1.0026718969965527
2023-04-12 00:00:00-04:00,278.20164520430563,280.3702886729116,275.43709804068334,276.93170166015625,27403400.0,0.002331108184766624,0.13145155348250584,-0.021908626445540036,-0.0183862372192497,0.010367691001862718,0.16458199236534507,0.011689329852216582,0.18556235869181087,0.013426073242391966,0.2131323053010466,53.67778825199973,4.933190632228275,6.702774119339553,0.9941198215594934,278.8540722444102,-0.006941677578730318,278.58457641601564,288.5302108498878,268.6389419821435,0.07140118496021942,0.4169045088652093,279.7540617322988,275.1161178522342,4.637943880064597,5.864666300213679,-1.2267224201490823,-0.33238196453916263,1.0154744047470534
2023-04-13 00:00:00-04:00,277.0293845422131,283.1934057090152,276.6191175771534,283.1347961425781,24222700.0,0.022152184319245854,1.2625709203645479,0.012930536591884811,0.005097659918970487,0.016374254849772937,0.2599332374189549,0.01189899636496609,0.188890711397771,0.013585332292660587,0.21566046434732922,61.70696149193843,6.574288131861806,6.693596548805428,0.8850730003352453,279.28926416292256,0.01358198297082167,279.037353515625,288.94381859436396,269.13088843688604,0.07100458023935664,0.7068064942633759,280.2741747184956,275.7100940218893,4.564080696606311,5.604549179492206,-1.0404684828858954,0.8272259770535012,1.3863343421708179
2023-04-14 00:00:00-04:00,280.36053721344047,281.80630960092736,277.12711319357106,279.5204467773437,20987900.0,-0.01284765094290808,-0.7395804927238119,0.0,-0.008008322946077007,0.01712747487958703,0.27189023470735935,0.012160289394239018,0.19303860964639633,0.013699351223466907,0.21747045876133123,55.65379346283375,6.007682949007062,6.644602720248402,0.7770757848732377,279.5699658738197,-0.00017715733159025447,279.30941314697264,288.93750844001016,269.6813178539351,0.06894214687974883,0.5109592616165555,280.158216573703,275.9923423741452,4.165874199557777,5.31681418350532,-1.1509399839475432,0.0438370464662217,1.1147458744376872
2023-04-15 00:00:00-04:00,280.36053721344047,281.80630960092736,277.12711319357106,279.5204467773437,20987900.0,0.0,-0.004267162726806896,0.0,0.00010504059458638082,0.017040136872569913,0.2705037868279315,0.012160289394239018,0.19303860964639633,0.013699351223466907,0.21747045876133123,55.653793462833754,4.679196407356301,6.504216555041824,0.7875498389001117,279.8582346327258,-0.0012084549065248143,279.5814727783203,288.8894849842194,270.2734605724212,0.06658532923087798,0.49672185641645805,280.06009814349386,276.2536834410488,3.8064147024450676,5.01473428729327,-1.2083195848482022,-0.013112574334167822,1.0878880098877994
2023-04-16 00:00:00-04:00,280.36053721344047,281.80630960092736,277.12711319357106,279.5204467773437,20987900.0,0.0,-0.004267162726806896,-0.009210155823985322,0.0013299208355463943,0.012591046812378475,0.19987667166915593,0.012160289394239018,0.19303860964639633,0.013699351223466907,0.21747045876133123,55.653793462833754,4.679196407356301,6.373857973064286,0.7962932048412187,280.34743784782654,-0.0029586067138108146,280.05818634033204,288.2006618715853,271.9157108090788,0.058148455773818004,0.4669793565283466,279.9770748563938,276.495665910404,3.4814089459898128,4.708069219032579,-1.226660273042766,-0.13208257388661393,1.0594793496844117
2023-04-17 00:00:00-04:00,283.2226679530425,284.8540468047271,279.5398949610126,282.1188049316406,23836200.0,0.009252831544602064,0.5211229867476512,0.0014910018800295965,0.010638054801921593,0.012966506255499551,0.20583690555249093,0.011711230127229823,0.18591001477978464,0.013214429032096964,0.2097725576198432,59.24357169247546,5.3336000273833974,6.299553834087081,0.9010133480098946,280.9021356505964,0.004312613196199524,280.7209838867187,286.96259692126637,274.4793708521711,0.04446844655593229,0.611975945735893,280.3065717910472,276.9121947267919,3.394377064255309,4.445330788077126,-1.0509537238218165,0.4479037829435734,1.1879755886743137
2023-04-18 00:00:00-04:00,284.82477404987856,285.01038094044696,280.37026829939435,281.69879150390625,20161800.0,-0.0014898914403678244,-0.091820844847073,-0.00027758316150006124,0.009133434953205732,0.007869656059591744,0.12492691702375354,0.011654045141175776,0.1850022312688304,0.013215416204481875,0.20978822849563294,58.420336284469,4.64011264105261,6.181022320298904,0.7692812517408395,281.26212564623654,0.001550116190909019,281.1048889160156,286.49813524795553,275.7116425840757,0.03837177185168929,0.5550598425639687,280.52075943917936,277.26675745102256,3.2540019881568014,4.207065028093061,-0.9530630399362598,0.2202393702558744,1.1221963924098346
2023-04-19 00:00:00-04:00,279.3738962456723,282.36310380411163,277.957458440505,281.7770080566406,17150300.0,0.000277621694836647,0.01481880118836293,0.008178862512999041,0.023707682927951446,0.00432959625985388,0.06873020988533252,0.011004090953119558,0.17468452839774043,0.013165702113301718,0.20899904176412323,58.53588772379765,4.405645363606652,6.054209680535172,0.6643935635917146,281.46282968020785,0.00111498939746576,281.31980285644534,286.44030249595295,276.1993032169377,0.036403406994569475,0.5446445886518269,280.7140284572503,277.6008500884758,3.113178368774527,3.9882876962293548,-0.8751093274548278,0.1785783546073072,1.0898875860337882
2023-04-20 00:00:00-04:00,278.6509985011603,282.34355041766946,278.48491818075087,279.4910888671875,23244400.0,-0.008145596877280352,-0.46903822975411463,0.0012247515923247132,0.0388131821264992,0.006210078178169884,0.09858193489023946,0.010875422910103478,0.172641986536729,0.012724364359223514,0.20199302211527498,53.82776654145924,3.858632236918595,5.897382720276846,0.9173953823569402,281.3615493113217,-0.006692379537807166,281.21283569335935,286.39502317054786,276.03064821617085,0.036855981089279136,0.33387837339436127,280.5258839049329,277.7408677757878,2.785016129145106,3.7476333828125052,-0.9626172536673994,-0.6644865064225554,0.913590516180182
2023-04-21 00:00:00-04:00,278.41655103724565,279.6473817610795,276.511650666874,279.1492004394531,21676400.0,-0.001224002195913767,-0.06730065118817612,0.0,-0.03253551088513251,0.006233125294542418,0.0989477965203928,0.010356610961137155,0.16440610217168722,0.012539623701509127,0.19906035509114633,53.13935222947494,3.1357310942054823,5.700121889843177,0.8746512969323007,281.2470228393703,-0.007515057885226422,281.0887741088867,286.3471097796361,275.83043843813726,0.03741405673292727,0.3155715238737186,280.31408644870527,277.8451887138371,2.4688977348681647,3.491886253223637,-1.0229885183554726,-0.7377139045051221,0.8627280208993003
2023-04-22 00:00:00-04:00,278.41655103724565,279.6473817610795,276.511650666874,279.1492004394531,21676400.0,0.0,0.0031656503530632235,0.0,-0.06255940247540637,0.0034550901085548705,0.05484785510733209,0.010356610961137155,0.16440610217168722,0.012539623701509127,0.19906035509114633,53.13935222947494,3.1357310942054823,5.516951118726199,0.8946681428941419,281.1272543726818,-0.007086009668359159,280.96471252441404,286.2859445483266,275.6434805005015,0.037878294224938845,0.3294086710744462,280.13487321651263,277.9417821749938,2.1930910415188123,3.2321272108826724,-1.0390361693638601,-0.6823653157022157,0.8337775991284427
2023-04-23 00:00:00-04:00,278.41655103724565,279.6473817610795,276.511650666874,279.1492004394531,21676400.0,0.0,0.0031656503530632235,0.014160747691735587,-0.06997352516329569,0.003584452299113591,0.05690141621896962,0.010356610961137155,0.16440610217168722,0.012539623701509127,0.19906035509114633,53.13935222947494,3.1357310942054823,5.346863974117577,0.9006285503455199,281.066200244004,-0.006867294627865726,280.89291229248045,286.2741198748422,275.5117047101187,0.03831501149988831,0.3379813614008526,279.9832312508112,278.03122056495374,1.9520106858574309,2.976103905877624,-1.0240932200201933,-0.6480745543965899,0.8055706250162273
2023-04-24 00:00:00-04:00,275.5640385012809,278.3578898725083,272.27200590077194,275.2514343261719,26611000.0,-0.014061420900306269,-0.8010501312785967,0.023055223464130803,-0.08295950424676146,0.00624039157823063,0.09906314519796071,0.010759355362951757,0.1707994713464367,0.012693097993409707,0.20149668394521036,44.95304451125637,6.877194538681181,5.456173300157834,1.1038512424496778,280.77364786513283,-0.020062433289329034,280.62866668701173,286.57315101407886,274.6841823599446,0.04236548173959063,0.04771246209232952,279.2552624931743,277.82531047319213,1.4299520199821814,2.666873528698536,-1.2369215087163545,-1.8091501516306812,0.5302131610153465
2023-04-25 00:00:00-04:00,273.0438405005658,275.0854869775857,268.9996007243737,269.0484619140625,45772200.0,-0.022793467393390877,-1.2942925602625468,-0.06754225932562974,-0.1036256159779132,0.010353302791148097,0.16435358660117258,0.011766643720634724,0.18678967830419552,0.012742980345396959,0.2022885417342259,35.56349080629293,6.251833601798182,5.513006178846431,1.8096939502707985,279.8440599414288,-0.04012510590309389,280.1929870605469,288.00576455958077,272.380209561513,0.055767116664812225,-0.21322427573692784,277.68498548100325,277.1751735428862,0.509811938117025,2.235461210582234,-1.7256492724652088,-2.8528971029477073,0.1001497613207635
2023-04-26 00:00:00-04:00,289.83614418187,292.6397447358396,285.957985102446,288.5368957519531,64599200.0,0.06993144680273952,3.8815297306234267,-0.03103358513731358,-0.033348573830906725,0.03670443168376641,0.582664789495234,0.019461485748536404,0.3089415086067302,0.01536903245950475,0.24397582667717366,62.24542103492008,23.5912828217771,6.804311653341479,2.389533565409483,280.6067932644937,0.02748384211590288,280.3771240234375,288.8020715825371,271.95217646433787,0.0600972535719095,0.9842624640258103,279.35451013807244,278.0167825954097,1.3377275426627193,2.055914476998331,-0.7181869343356118,1.9370498561032348,1.3560660809938951
2023-04-27 00:00:00-04:00,289.1229976897944,298.13948055653924,288.419653058881,297.77801513671875,46462600.0,0.031525327276458986,1.7294037102575919,-0.007908898662450814,-0.0018993146387361604,0.03796985151390764,0.6027527065430938,0.0198851528108324,0.31566701471987735,0.01574604890272536,0.24996077717083667,68.83533854258806,9.71982749765823,7.01256278507839,1.6671878579826325,281.8113181305312,0.05361946213140263,281.02331695556643,292.37000353156617,269.6766303795667,0.08075263432887175,1.2383079663358063,282.1888955224796,279.48057759846967,2.7083179240099184,2.186395166400649,0.5219227576092695,2.953231865343232,1.8998907444472937
2023-04-28 00:00:00-04:00,296.9770711765529,301.783235671016,296.2932529851972,300.1518859863281,36469600.0,0.00794033988817881,0.4222024036381436,0.0,0.009395692267524902,0.03745695303199042,0.5946106955572407,0.01991843162133049,0.3161952994589133,0.015432053503365042,0.24497625473368181,70.27086061296535,5.489982685818745,6.9038070637027005,1.2930735244635387,282.83651111427633,0.05768870921850714,281.78820343017577,295.9383416286444,267.6380652317071,0.10043101894416182,1.1488870390728656,284.95243251691784,281.0117856271999,3.940646889717925,2.5372455110641043,1.4034013786538209,2.5955481562914673,1.9745922451370834
2023-04-29 00:00:00-04:00,296.9770711765529,301.783235671016,296.2932529851972,300.1518859863281,36469600.0,0.0,-0.01678176865142637,0.0,0.006057492115000729,0.03523778634216121,0.5593825164827216,0.01991843162133049,0.3161952994589133,0.015432053503365042,0.24497625473368181,70.27086061296535,5.489982685818745,6.80281960813956,1.277896475934934,283.8376383301109,0.05435330716849246,282.55308990478517,298.88645385308854,266.2197259564818,0.11561270806705667,1.0387376457551794,287.2908099737502,282.42957083898716,4.861239134763025,3.0020442358038886,1.8591948989591365,2.1549505830207165,1.902436977362781
2023-04-30 00:00:00-04:00,296.9770711765529,301.783235671016,296.2932529851972,300.1518859863281,36469600.0,0.0,-0.01678176865142637,0.0055637699292852005,-0.010912331273240428,0.02980669723599782,0.47316664974387923,0.01991843162133049,0.3161952994589133,0.015432053503365042,0.24497625473368181,70.27086061296535,5.489982685818745,6.709045542259502,1.2486550789610953,284.901365906272,0.05080934284301237,283.42592468261716,301.55795400466684,265.2938953605675,0.12794898238299182,0.9612269538790992,289.26943705260834,283.74233492397536,5.527102128632976,3.507055814369706,2.0200463142632694,1.844907815516394,1.847127930359087
2023-05-01 00:00:00-04:00,299.8685344351108,301.460830664017,298.0906312953761,298.4911499023437,21294100.0,-0.005548349332698789,-0.3306073080697692,0.0004909904279370991,-0.01638493917067463,0.014642425925736726,0.23244130554110456,0.019871230817182093,0.3154460099221597,0.0154723086907412,0.24561528602234753,67.55202218674006,3.370199368640897,6.4705565298581735,0.7366166712444107,285.80830522891245,0.042489851634062346,284.53613739013673,303.5264598372974,265.54581494297605,0.13348267549666235,0.8674243170708624,290.68816210641376,284.8348397371878,5.853322369225964,3.9763091253409577,1.8770132438850062,1.4696972682834486,1.6836332274141368
2023-05-02 00:00:00-04:00,300.640306719622,302.02743982366337,296.8793664443899,298.3446655273437,26404400.0,-0.0004908699315769435,-0.05044553285088407,0.0033181007831930565,-0.016867647745027137,0.004830923287060502,0.07668852972235671,0.019015297298886978,0.30185848655287917,0.015459622678922813,0.24541390182794348,67.30466265930124,5.148073379273455,6.376093447673552,0.9149758316835903,286.80328685118525,0.03868471606743262,285.6067855834961,305.1969329569492,266.016638210043,0.13718264664777,0.8251093445348169,291.86608570963375,285.8355675734956,6.0305181361381415,4.387150927500395,1.6433672086377467,1.300437378139269,1.6172409515324238
2023-05-03 00:00:00-04:00,299.5266454015473,301.4705991840016,297.05517563669,297.3580017089844,22360800.0,-0.0033126080337664014,-0.2070882747869937,-0.0033071274011731155,-0.013769515948998556,0.0024752358892774756,0.03929315159550006,0.019074771444100615,0.3028026093389197,0.01534843404798248,0.2436488370314283,65.5632045014998,4.415423547311605,6.236045597647698,0.7773631332732023,287.3679893576913,0.03359590895109,286.3179458618164,306.55231616188985,266.0835755617429,0.1413419633140218,0.7728045321758273,292.71099586338,286.68908121316144,6.021914650218548,4.7141036720440255,1.3078109781745226,1.091218128703309,1.5039243027914877
2023-05-04 00:00:00-04:00,299.155451236147,300.640306719622,296.3811552164781,298.3446655273437,22519900.0,0.0033126080337663906,0.16300582396865163,-0.016867647745027137,-0.005179070470058722,0.0033792544929956048,0.05364400203158418,0.018584913074301858,0.2950263487941336,0.015209454697897855,0.2414426082452445,66.49675841644844,4.259151503143926,6.094838876611715,0.7808148907469731,288.0820586480308,0.03439849296843659,287.25915679931643,307.90917121692183,266.609142381711,0.14377271483834242,0.7684140675121318,293.5777142732206,287.5524578290268,6.025256444193758,4.976334226473972,1.0489222177197863,1.0736562700485275,1.5213022084489323
2023-05-05 00:00:00-04:00,298.6474372845863,304.7528490194279,297.2309698374708,303.46337890625,28197100.0,0.01701152674367614,0.9200443312801323,0.0,-0.005315181798103086,0.008920280453052341,0.14160506222236244,0.018494664183502905,0.2935936920672128,0.015216724908410795,0.24155801925922246,70.90364217128739,7.521879181957104,6.196770326993528,0.9655881387555885,289.1323274382861,0.04722497824817025,288.45630340576173,309.97513571958643,266.937471091937,0.14919994508530388,0.8486963251915631,295.0985857552251,288.73104457548783,6.367541179737259,5.25457561712663,1.1129655626106292,1.3947853007662536,1.7928166920848563
2023-05-06 00:00:00-04:00,298.6474372845863,304.7528490194279,297.2309698374708,303.46337890625,28197100.0,0.0,-0.03397326976769844,0.0,0.001741280476311946,0.008015505584656543,0.1272422064567036,0.018494664183502905,0.2935936920672128,0.015216724908410795,0.24155801925922246,70.90364217128739,7.521879181957104,6.291420959490926,0.953814559717723,290.1569840195327,0.043848437115135794,289.65345001220703,311.73576141945705,267.571138604957,0.15247400924324836,0.8126921054448341,296.3854770092289,289.82232859998874,6.563148409240171,5.516290175549338,1.0468582336908323,1.2507684217793353,1.7382196058077666
2023-05-07 00:00:00-04:00,298.6474372845863,304.7528490194279,297.2309698374708,303.46337890625,28197100.0,0.0,-0.03397326976769844,0.006479843657830164,0.005437349951143089,0.007960219495896214,0.12636456700577595,0.018494664183502905,0.2935936920672128,0.015216724908410795,0.24155801925922246,70.90364217128739,7.521879181957104,6.379310832524225,0.9468309800036937,291.1086157779569,0.04071253398951274,290.7206787109375,313.32668156450046,268.1146758573745,0.1555169928317349,0.7818432846765769,297.474384993386,290.83277677082293,6.641608222563093,5.741353784952089,0.9002544376110038,1.1273731387063073,1.6908702346463265
2023-05-08 00:00:00-04:00,302.95541576842186,303.02380353381574,299.0088693228521,301.5096435546875,21318600.0,-0.006458939725131251,-0.3973398842301991,0.005374449491622801,-0.0010357820012554253,0.008712556882760134,0.13830755277172468,0.01858544977902633,0.2950348687175041,0.015258961421215599,0.24222850311399108,66.71995246051395,4.454509583397908,6.241825029015202,0.7144700408936958,291.7980883588873,0.03220976643169534,291.7112213134766,314.38874463734595,269.0336979896072,0.15547926625352415,0.7160381912361992,298.09519400281704,291.62365579184996,6.471538210967083,5.887390670155088,0.5841475408119949,0.8641527649447961,1.5286772622207292
2023-05-09 00:00:00-04:00,300.8747236518984,302.8675386103428,299.22381775082977,299.8978576660156,21340800.0,-0.0053600586767319075,-0.3364978696535296,-0.017002159842769204,-0.006375964195349915,0.009413390773594559,0.14943294588480677,0.018652985618019428,0.29610696692486316,0.015197611756411121,0.24125460737745216,63.39655067215161,3.643720859513053,6.056246159765049,0.7102268330878084,292.37170663482334,0.025095714553499283,292.6172637939453,315.0704758098834,270.1640517780072,0.15346471171809717,0.6621281148305704,298.37252687407835,292.2365596343808,6.13596723969755,5.937105984063581,0.19886125563396906,0.6485124593222813,1.40652772873824
2023-05-10 00:00:00-04:00,301.4803236876646,305.7590007361898,300.5523190484158,305.0849609375,30078000.0,0.017148356032469933,0.9203730883340522,0.007094169072743295,0.009209557717522188,0.009471454949692853,0.15035468610503444,0.01889249275478402,0.2999090248514886,0.015288485662411772,0.24269718591310888,68.78530564486617,5.861143070174194,6.0423102247942735,0.9897482834968407,293.49346001177247,0.0379943373482188,293.89695739746094,316.11639723209385,271.67751756282803,0.151205647254005,0.7517616020769478,299.4052090376817,293.18829306424146,6.216915973440223,5.99306798193891,0.22384799150131318,1.0070464083077901,1.7610086354837766
2023-05-11 00:00:00-04:00,302.92613418082834,303.9225267081971,299.1749725458381,302.9358825683594,31680200.0,-0.007069123835662737,-0.4361201726061221,0.003689644768431366,-0.005228795504059636,0.010172037658718021,0.16147609183050957,0.018859936942277365,0.2993922173497551,0.015304743463684127,0.242955270507297,64.5455138699285,5.909988391661898,6.032858665284818,1.0255898925646336,294.48095592792487,0.027909954307002903,295.08629150390624,316.514296675696,273.65828633211646,0.14523212896527335,0.6831619649501303,299.94838958086285,293.91033673121314,6.038052849649716,6.002064955481071,0.03598789416864534,0.7326478598005203,1.6079864593628277
2023-05-12 00:00:00-04:00,303.36570066728314,303.4633932219653,299.50709815578426,301.822265625,19774700.0,-0.0036828547259439856,-0.249751898012156,0.0,-0.018165421666868187,0.010273378378013068,0.16308482587614417,0.018900509060437568,0.3000362797586452,0.015154554336058798,0.24057109201936286,62.39918611242091,3.956295066181042,5.884532693920264,0.642147256098056,295.25626829799086,0.02175451606730395,296.2199447631836,316.46417075386603,275.9757187725012,0.13668374698312025,0.6383683640064804,300.2366782030378,294.4964055381603,5.740272664877523,5.949706497360362,-0.20943383248283887,0.553473456025922,1.5162579524332365
2023-05-13 00:00:00-04:00,303.36570066728314,303.4633932219653,299.50709815578426,301.822265625,19774700.0,0.0,-0.0430234881331864,0.0,-0.032098347872245525,0.009824936170811453,0.15596602653030192,0.018900509060437568,0.3000362797586452,0.015154554336058798,0.24057109201936286,62.39918611242091,3.956295066181042,5.7468014347960334,0.6441361628413953,296.03638337954203,0.019169832396151505,297.3535980224609,316.0532099032956,278.6539861416262,0.12577357062565098,0.6194855709042559,300.48061472949354,295.03906184088913,5.441552888604406,5.848075775609171,-0.40652288700476547,0.4779422836170242,1.4922194086193588
2023-05-14 00:00:00-04:00,303.36570066728314,303.4633932219653,299.50709815578426,301.822265625,19774700.0,0.0,-0.0430234881331864,-0.0015833154650065628,-0.03155100588788773,0.009346380534767568,0.14836919132141918,0.018900509060437568,0.3000362797586452,0.015154554336058798,0.24057109201936286,62.39918611242091,3.956295066181042,5.618908122752106,0.6513888545758496,297.13580999201906,0.015527203148105842,298.68213958740233,314.28997464840654,283.0743045263981,0.10451133825788697,0.6005945419503822,300.68702255957146,295.5415213804529,5.1455011791185825,5.707560856311054,-0.5620596771924715,0.40237816780152924,1.4589409527524229
2023-05-15 00:00:00-04:00,301.94924591720934,302.73072668738115,300.47416891606105,302.3009033203125,16336500.0,0.0015845702335752707,0.0455696630452768,-0.007313920138533936,-0.030015213975353894,0.0035085081755247033,0.055695840631651915,0.01846801402091097,0.29317063385150666,0.01498429202520225,0.23786826162632127,63.058615453160186,2.2565577713201037,5.378740240506963,0.5655514711037004,299.5072025711687,0.009241456834760567,300.34476165771486,307.40504051262354,293.28448280280617,0.047014496380362175,0.6385314732461048,300.93531190737775,296.042216338961,4.893095568416754,5.544667798732195,-0.6515722303154403,0.5541258929844182,1.4459730935840651
2023-05-16 00:00:00-04:00,302.66238059902645,306.4526254606031,302.66238059902645,304.5281982421875,26730300.0,0.007340797987581603,0.3648123325379032,-0.00936296236290457,-0.022868552604251247,0.0040144989507569845,0.0637281951733963,0.01738308539322583,0.27594792581684985,0.014689036803637482,0.23318123028899937,66.04300672691646,4.1517221402905875,5.291096090491508,0.9902854568599004,301.0685346825479,0.01136073302771178,301.1443267822266,305.77977736066015,296.508876203793,0.03078557466424199,0.8649991950841175,301.48806365119464,296.6708075910518,4.8172560601428245,5.39918545101432,-0.5819293908714958,1.4599967803364746,1.5672332014670003
2023-05-17 00:00:00-04:00,305.73234911232737,307.8273965281547,304.2148790483357,307.40643310546875,24315000.0,0.009407070432369987,0.4837648770197748,-0.014190706370345363,-0.022354989267163283,0.004406684996743863,0.06995395564550243,0.009436916847578821,0.14980641073133516,0.014590925182192085,0.2316237565825804,69.47489361133341,3.612517479818962,5.171197618300612,0.9393420317603073,301.6615237365058,0.01868831862406709,301.62574768066406,306.76203263113536,296.48946273019277,0.03405733754473215,1.0627302107016343,302.39858202877525,297.4660391106383,4.93254291813696,5.305856944438848,-0.37331402630188837,2.2509208428065333,1.7267833973137419
2023-05-18 00:00:00-04:00,307.92533659511486,312.3406428632518,307.1323477805687,311.83154296875,27276000.0,0.014292357255141238,0.7549188829985297,0.0005654933878400659,0.010340617446988665,0.00583710472604599,0.09266116489054498,0.007353095124346389,0.11672676639373264,0.01388429151472063,0.2204062948696505,73.85059830210527,5.208295082683094,5.173847437185075,1.0727829506329483,302.31530409971765,0.030517242670302962,302.20973052978513,309.02267532157686,295.3967857379934,0.04508752765735485,1.2061419645259188,303.8498067887714,298.53015050753544,5.31965628123595,5.308616811798268,0.01103946943768186,2.8245678581036846,1.981331820529375
2023-05-19 00:00:00-04:00,310.0888957303577,312.05669811668946,309.7266699904712,311.6553039550781,27546700.0,-0.0005653335567070315,-0.07501471731244606,0.0,0.014306214307465703,0.005998341535765121,0.09522071989478256,0.007254452618655563,0.11516086516118346,0.013837050350587625,0.21965636463800378,73.39931888314248,2.3300281262182807,4.970717486401733,1.1027804405364998,302.9882312140996,0.027809803430227546,302.78490142822267,310.7167789044558,294.85302395198954,0.052392820373927625,1.0591615953117344,305.05065250666473,299.5023840962423,5.548268410422452,5.356547131523106,0.19172127889934565,2.2366463812469406,1.8917738829182127
2023-05-20 00:00:00-04:00,310.0888957303577,312.05669811668946,309.7266699904712,311.6553039550781,27546700.0,0.0,-0.043150944935298086,0.0,-0.02325735537164786,0.006348770692573461,0.10078361030114812,0.007254452618655563,0.11516086516118346,0.013837050350587625,0.21965636463800378,73.39931888314248,2.3300281262182807,4.782096817817201,1.122834921047708,303.6856331980108,0.025572068422798494,303.36007232666014,312.11377314809766,294.6063715052226,0.05771162140290813,0.9738128362865245,306.0667527294976,300.40260038208197,5.664152347415609,5.418068174701607,0.24608417271400196,1.8952513451460948,1.8198312542417485
2023-05-21 00:00:00-04:00,310.0888957303577,312.05669811668946,309.7266699904712,311.6553039550781,27546700.0,0.0,-0.043150944935298086,-0.008842300721886076,-0.043708149500462756,0.0068199484933521605,0.10826332600607676,0.007254452618655563,0.11516086516118346,0.013837050350587625,0.21965636463800378,73.39931888314248,2.3300281262182807,4.606949054131564,1.108706501702501,304.3500311570018,0.023440232543352753,304.0182800292969,313.1997176582392,294.83684240035456,0.060400562940212316,0.9158947778345371,306.9265298411254,301.23613398008166,5.690395861043726,5.472533711970031,0.21786214907369494,1.6635791113381435,1.7587423651750327
2023-05-22 00:00:00-04:00,311.90982815472574,315.8160338813464,311.33222095812204,314.4356384277344,24115700.0,0.008881625850951666,0.4572715993297585,0.018777940332521448,-0.03517689344891384,0.00673134735409304,0.10685682652393695,0.007207772502197668,0.11441984128526872,0.013381227873307462,0.21242040713674357,76.25795381195854,4.483812923224377,4.598153616209623,0.9751059029697714,305.16233883894853,0.029491884683157808,304.8228286743164,314.7042814705286,294.94137587810417,0.06483407321680565,0.9864067031268317,308.08177731598835,302.21387505027815,5.8679022657102,5.551607422718065,0.31629484299213484,1.9456268125073224,1.889310624652065
2023-05-23 00:00:00-04:00,313.30984092975706,315.94335728832465,308.6302150731237,308.6400146484375,30797200.0,-0.018603811290119503,-1.1211502218506937,0.004492722790243597,-0.052960347535425334,0.010051592720645118,0.1595640877136047,0.008541215996448439,0.13558760052413588,0.013640075364978192,0.21652948367946526,61.43679075917671,7.313142215200969,4.792081373280434,1.2243856990675337,305.7221365328304,0.00945398515137696,305.3869293212891,314.7485288901693,296.0253297524088,0.061309759325234074,0.6737462333874172,308.16765998251896,302.6898853908826,5.477774591636376,5.536840856501727,-0.05906626486535149,0.6949849335496671,1.396555084399272
2023-05-24 00:00:00-04:00,308.1211084957931,309.8539301457172,306.0456005180939,307.25958251953125,23384900.0,-0.004482660637593982,-0.3089033402143007,-0.03703375681747234,-0.05719610408533171,0.010058874045508242,0.1596796751624221,0.008578705067875102,0.136182721083402,0.013631715178994003,0.2163967698412948,58.51938748870402,3.808329627623266,4.721813391447779,0.9281035194066145,306.1231713021358,0.003698537920532425,305.8326751708984,314.6133646202319,297.05198572156496,0.057421525966294094,0.5812525802709683,308.0279557574439,303.0283814744862,4.999574282957724,5.429387541792926,-0.4298132588352024,0.32501032108387423,1.2491594965654746
2023-05-25 00:00:00-04:00,316.4524252321356,320.03557419335544,313.2804700336066,319.076171875,43301700.0,0.03773692160679302,2.093053871720729,-0.020937750840802405,-0.015971574717400294,0.020966657192275064,0.33283536453062146,0.011664399174493538,0.18516659645218206,0.014184898291475753,0.22517827951193908,71.14901125556696,12.775991673824194,5.297111840188951,1.6685519021611908,307.3483053678538,0.03675569516278593,306.6133148193359,317.11460380462245,296.1120258340494,0.068498584227982,1.0933965379452908,309.727681313991,304.2171066893391,5.510574624651895,5.44562495836472,0.06494966628717513,2.37358615178116,2.0411767952565443
2023-05-26 00:00:00-04:00,317.2160130284429,326.39905065575283,317.0789683726066,325.8997802734375,36630600.0,0.021160054040755653,1.1363330548537398,0.0,0.013703157889740858,0.021894206818911233,0.3475597583751222,0.01194185417296126,0.18957105800792645,0.014344252846292795,0.22770795464592689,75.74210224425057,9.320082283146235,5.584466871828758,1.3889253314142236,308.8443148164237,0.0523334671864579,307.7351348876953,321.1961282999653,294.2741414754253,0.08748428038405459,1.174714147366891,312.21569653852123,305.8232306585316,6.392465879989629,5.6349931426897015,0.7574727372999277,2.6988565894675656,2.4049126063056194
2023-05-27 00:00:00-04:00,317.2160130284429,326.39905065575283,317.0789683726066,325.8997802734375,36630600.0,0.0,-0.07136935703242162,0.0,0.0009321277002765083,0.02225725019483246,0.35332289330202354,0.01194185417296126,0.18957105800792645,0.014344252846292795,0.22770795464592689,75.74210224425059,9.320082283146235,5.85129654406572,1.3670677176332986,310.2932386571502,0.04788754875254304,308.85695495605466,324.39792945522834,293.315980456881,0.10063541875807783,1.0483190683534362,314.3209401900468,307.31038248185797,7.0105577081888555,5.910106055789532,1.1004516523993235,2.1932762734137423,2.286409092064945
2023-05-28 00:00:00-04:00,317.2160130284429,326.39905065575283,317.0789683726066,325.8997802734375,36630600.0,0.0,-0.07136935703242162,0.0,-0.007483731281610173,0.01802591086572499,0.2861524638367521,0.01194185417296126,0.18957105800792645,0.014344252846292795,0.22770795464592689,75.74210224425059,9.320082283146235,6.099066954000042,1.3290922571938253,311.6700782775304,0.0436628155562671,310.0764617919922,326.9597137943762,293.19320978960815,0.10889734683382571,0.9686099123323796,316.10230020287617,308.68737491086387,7.414925292012299,6.211069903034086,1.203855388978213,1.8744396493295181,2.1686238669632236
2023-05-29 00:00:00-04:00,317.2160130284429,326.39905065575283,317.0789683726066,325.8997802734375,36630600.0,0.0,-0.0715744664974268,0.005072380359540052,-0.007483731281610173,0.017161383913304767,0.2724285239298532,0.0117570745831209,0.18663777295545778,0.014167351694090698,0.2248997359137217,75.74210224425059,9.320082283146235,6.329139477510484,1.2932202722637745,313.03365862005256,0.03947876749898377,311.3765579223633,328.950032959498,293.8030828852286,0.11287603122336756,0.9132142994025091,317.6096048291164,309.9623679006841,7.647236928432278,6.498303308113725,1.1489336203185534,1.6528571976100355,2.0583840335025756
2023-05-30 00:00:00-04:00,328.1906400290104,328.6899104115325,323.57952206493354,324.2550354003906,29503100.0,-0.005059559175953541,-0.36126214469024004,0.008587219884714559,-0.012492743693402919,0.010265254978376841,0.16295587090471705,0.011745668250206384,0.18645670303387968,0.014175046976647903,0.22502189473721013,72.02462325604947,5.110388346598938,6.242085825302516,1.0426464746702402,314.04111387257234,0.031499654323659525,312.33506164550784,330.5433580192997,294.12676527171595,0.11659463575983553,0.8273225981767248,318.6319787631586,311.0210840117735,7.6108947513851035,6.720821596768001,0.8900731546171023,1.309290392706901,1.85664859518652
2023-05-31 00:00:00-04:00,325.3123928059222,328.8857420420062,320.45652421282057,321.4942932128906,45950600.0,-0.00855055943675657,-0.5625041953154245,-0.012598392428854854,-0.02247412458115383,0.003926325890895519,0.062328491241022,0.011614503367007324,0.18437452506374238,0.014097365603972034,0.22378874117559525,66.15530278631729,8.429217829185632,6.398309539865597,1.5839638081922434,315.2377648262456,0.019460775879160005,313.2629821777344,331.3455471755048,295.18041717996397,0.11544654827751724,0.7276035240622987,319.0723348323482,311.79687728593035,7.27545754641784,6.83174878669797,0.4437087597198701,0.9104140962491934,1.6081616729322752
2023-06-01 00:00:00-04:00,319.08592941453026,326.52634626965755,317.90134604784606,325.5962829589844,26773900.0,0.01267842507368343,0.6495160594608945,-0.008408021632018814,-0.0032965800037685344,0.008051087776122944,0.12780705623504027,0.011600870678314721,0.18415811283985165,0.014098953094758952,0.22381394181057998,70.05940084005434,8.62500022181149,6.557358874290304,0.9119225445370275,316.16185944101363,0.028975832992415348,314.4516830444336,332.49322057477696,296.41014551409023,0.11474918725618016,0.8088594831734023,320.07601915952296,312.8190554839344,7.256963675588565,6.9167917644760895,0.3401719111124759,1.235437932693611,1.7878782966936333
2023-06-02 00:00:00-04:00,327.23127088245394,330.41302594713,325.5669562825361,328.35711669921875,25873800.0,0.00844356843835143,0.40318357931100857,0.0,0.037169826198288236,0.008936748054493609,0.14186647729098237,0.011530440503351398,0.18304006847336532,0.01403164492668306,0.2227454577669871,72.36959116854702,4.84606966459387,6.435123930740559,0.8722055891503717,317.1716402486694,0.03406497341367341,315.7784255981445,333.81210810660633,297.7447430896827,0.11421731851568132,0.8487554772901216,321.35003416563,313.9700229813629,7.3800111842671186,7.009435648434296,0.3705755358328222,1.395021909160487,1.870837693596661
2023-06-03 00:00:00-04:00,327.23127088245394,330.41302594713,325.5669562825361,328.35711669921875,25873800.0,0.0,-0.07961811979989745,0.0,0.03117511786830285,0.008936748054493609,0.14186647729098237,0.011530440503351398,0.18304006847336532,0.01403164492668306,0.2227454577669871,72.36959116854702,4.84606966459387,6.321620054587225,0.8633305249459872,318.16087115476125,0.03105230563282552,317.1051681518555,334.7150293271933,299.49530697651767,0.11106637761832247,0.8194786272114783,322.4280468631052,315.03573362713,7.392313235975166,7.0860111659424705,0.3063020700326957,1.2779145088459136,1.7887341821327025
2023-06-04 00:00:00-04:00,327.23127088245394,330.41302594713,325.5669562825361,328.35711669921875,25873800.0,0.0,-0.07961811979989745,-0.0016072299645344401,0.026347378273223754,0.008269525168681284,0.13127464234152084,0.011530440503351398,0.18304006847336532,0.01403164492668306,0.2227454577669871,72.36959116854702,4.84606966459387,6.216223598159129,0.8498087554232219,319.0196069822016,0.028437056004394414,318.4079788208008,335.2446744995375,301.5712831420641,0.10575548854705273,0.7954599307446907,323.3402114532765,316.0225027435811,7.31770870969541,7.1323506746930585,0.18535803500235115,1.1818397229787616,1.7171394384415717
2023-06-05 00:00:00-04:00,328.18082951193753,331.4506903935802,327.6325911531441,328.8857116699219,21307100.0,0.0016085229442099852,0.011544132303919454,0.0067728987268538265,0.027999610050025714,0.005729057093245054,0.09094596189370197,0.011530189498083909,0.18303608388827206,0.014009991142606643,0.22240171460132896,72.87016851696558,3.8180992404360836,6.044929001178912,0.7061069998778808,320.00977893194505,0.026987894040483396,319.6258544921875,335.74366536793565,303.50804361643935,0.10085423722280333,0.7872554234913913,324.1933653327604,316.9753330344211,7.218032298339267,7.149486999422301,0.06854529891696615,1.149021693965565,1.674492690714916
2023-06-06 00:00:00-04:00,328.2885336264792,328.32770204884184,325.1949154251328,326.6731872558594,20396200.0,-0.006750065687534028,-0.46579828429799064,0.03185085877143323,0.02108391212160643,0.005414423009034877,0.08595130064887387,0.011735073952803408,0.18628852377641728,0.014054820849874168,0.22311336414199515,67.36854604530754,3.6907962447890554,5.87677666143678,0.6803378907230487,320.7475469756025,0.018139353064246848,320.58919219970704,335.9155604621869,305.2628239372272,0.09561375514451194,0.6984813020266006,324.57487639785256,317.6936926063795,6.881183791473063,7.095826357832453,-0.21464256635939005,0.7939252081064012,1.4853908330263799
2023-06-07 00:00:00-04:00,324.68587095816133,327.4662318852109,315.72801239577234,316.58953857421875,40717100.0,-0.03135413992147963,-1.8520854362232468,-0.005779871510492085,-0.025523217360894135,0.013827923311453697,0.2195114773834754,0.013860401956998959,0.2200270598976733,0.01460661486651547,0.23187282259979305,49.15412722008594,11.738219489438563,6.295451149151193,1.328385462800111,320.8680805753674,-0.013514476885172324,320.8270919799805,335.72274526696515,305.9314386929958,0.09285782690642692,0.35775872584707763,323.34636288652433,317.611903418812,5.734459467712327,6.823552979808428,-1.0890935120961007,-0.5689650966116883,0.8704483455607483
2023-06-08 00:00:00-04:00,317.1377341007984,319.78104998315,316.5601268268705,318.4300231933594,23277700.0,0.005796639610691003,0.257534643779509,-0.004681784414134471,-0.0270123214343162,0.014801584416476903,0.2349678682543619,0.0135866184179143,0.21568088095278645,0.014312465450757428,0.22720334538544873,51.71994084609935,3.2209231562795253,6.075842006803216,0.7647548534534985,321.1917359545514,-0.008672903181353105,321.1658279418945,335.48005873119865,306.8515971525904,0.08913918944012855,0.4044375912054111,322.5900029337297,317.67250488359326,4.91749805013643,6.442341993874029,-1.524843943737599,-0.38224963517835575,0.9453183270665158
2023-06-09 00:00:00-04:00,318.16563610626434,323.0606428090371,317.59782847451265,319.9278564453125,22529000.0,0.004692778294190063,0.189664472616522,0.0,-0.03127407458196341,0.015423933193302245,0.24484734880771244,0.013604822705053629,0.21596986505218171,0.014315323475922868,0.22724871512841985,53.76477610209722,5.462814334524467,6.032054315926163,0.7463088288808166,321.5796868382548,-0.005163133999319857,321.57945556640624,335.1977286261192,307.96118250669326,0.08469616341458604,0.4393609191910069,322.1804419355117,317.83956796223913,4.340873973272551,6.022048389753734,-1.6811744164811833,-0.24255632323597234,0.9988033200940045
2023-06-10 00:00:00-04:00,318.16563610626434,323.0606428090371,317.59782847451265,319.9278564453125,22529000.0,0.0,-0.07850975960200654,0.0,-0.06121803858308117,0.01526231777866266,0.24228178363668687,0.013604822705053629,0.21596986505218171,0.014315323475922868,0.22724871512841985,53.76477610209722,5.462814334524467,5.991394317254613,0.7525633552520598,321.9741402553304,-0.006396078893391606,321.99308319091796,334.82183136448896,309.16433501734696,0.07968337733493801,0.41950786165324727,321.8338903216349,317.99425599802237,3.839634323612529,5.585565576525494,-1.745931252912965,-0.3219685533870115,0.968772108095455
2023-06-11 00:00:00-04:00,318.16563610626434,323.0606428090371,317.59782847451265,319.9278564453125,22529000.0,0.0,-0.07850975960200654,-0.015247725400229006,-0.04539480262008866,0.0154243149292309,0.24485340867771477,0.013604822705053629,0.21596986505218171,0.014315323475922868,0.22724871512841985,53.764776102097215,5.462814334524467,5.95363860420246,0.7545630398752186,322.2013825308356,-0.007106371138743642,322.2676940917969,334.6423853334855,309.8930028501083,0.07679759075176616,0.40545874637252305,321.54065434066223,318.13748566078465,3.403168679877581,5.149086197195912,-1.7459175173183308,-0.3781650145099084,0.9395520415429122
2023-06-12 00:00:00-04:00,321.6802081643752,325.1263115846336,318.33204071834683,324.8815612792969,24260300.0,0.01536516730919325,0.8078558418737074,-0.007299145514334859,-0.030613869089169854,0.006285293350667467,0.09977593873772403,0.013857941391865233,0.2199879996371022,0.014363208206009564,0.22800886165286097,60.64916224237633,6.794270866286752,6.01368376577991,0.8215428492284331,323.01863840751884,0.0057341600564905755,323.0797714233398,333.6956575689499,312.46388527772973,0.06571681104540475,0.5848629041063207,322.05464002352915,318.6370468177115,3.4175932058176386,4.802787598920258,-1.3851943931026192,0.33945161642528326,1.1961745544634212
2023-06-13 00:00:00-04:00,327.44656828941845,329.90387113011326,323.4522561033348,327.2703552246094,22951300.0,0.007325914617550519,0.35421303665712894,-0.009041346854263832,-0.023486152418912498,0.006360117912067839,0.10096374182627324,0.013106668101958993,0.20806190588667875,0.014010648226594206,0.22241214548625843,63.47360220971413,6.451615026778484,6.044964570136951,0.7777863252236898,323.808421914264,0.010578206229432001,324.08031005859374,331.79321104943796,316.3674090677495,0.0475987016270734,0.7067993074073202,322.8570577467722,319.2765511441484,3.5805066026238137,4.558331399660969,-0.9778247970371554,0.8271972296292784,1.2989856006694807
2023-06-14 00:00:00-04:00,327.3193130414061,331.9206314111561,325.82144214687054,330.2563171386719,26003800.0,0.009082467878013882,0.4538132524991331,-0.030910666490314043,-0.01457659763986563,0.006525659367818754,0.10359163096780438,0.013064472596448962,0.20739207300253354,0.014033674991174288,0.22277768404172238,66.69184767212687,6.099189264285542,6.048837762576136,0.9078399551452951,324.4588016053636,0.017554593909172543,324.63931732177736,332.44517045814433,316.8334641854104,0.04808938856059717,0.8597941005785308,323.995405345526,320.0898671437427,3.9055382017833153,4.427772760085438,-0.5222345583021228,1.439176402314126,1.4336743821410973
2023-06-15 00:00:00-04:00,330.3933852343611,342.49382753852854,330.11926605235976,340.7903747558594,38899100.0,0.031398479896276574,1.7253496997945612,0.016855070307390863,0.02972931452805705,0.011831864674106731,0.1878250288431402,0.012282212673250898,0.19497408169816619,0.014285469529534054,0.2267747984216279,75.0452248440733,12.374561486168773,6.500675171404183,1.3526818842842547,325.4715970618116,0.04495073461221449,325.38384704589845,336.02245874124293,314.74523535055397,0.06539114828182484,1.224085442309306,326.57924679326965,321.6232380779736,4.956008715296036,4.5334199511275575,0.4225887641684789,2.8963417692372224,1.9863531301558237
2023-06-16 00:00:00-04:00,343.9427835453764,344.0896277819588,334.769545086919,335.1415405273437,46552000.0,-0.016714599838946617,-1.0675296808629489,0.0,0.026292229502411724,0.017362549091889747,0.2756219221397437,0.012283850579890369,0.19500008265999885,0.014362506608551916,0.22799772413850047,65.55139752765102,9.320082695039844,6.702061423092444,1.5913532553313172,326.21420339887834,0.026637512957714014,325.84593505859374,337.3467923966455,314.34507772054195,0.07059076760300047,0.9041266314118371,327.89652275235795,322.624593814964,5.271928937393966,4.681121748380839,0.5908071890131268,1.6165065256473474,1.5924482255803365
2023-06-17 00:00:00-04:00,343.9427835453764,344.0896277819588,334.769545086919,335.1415405273437,46552000.0,0.0,-0.0898145031733641,0.0,0.007712517714473899,0.017378556306409346,0.275876028792554,0.012283850579890369,0.19500008265999885,0.014362506608551916,0.22799772413850047,65.55139752765102,9.320082695039844,6.889062942517259,1.5648172923201866,326.932043676962,0.024495611130342397,326.3080230712891,338.5375476802663,314.07849846231187,0.07495693482415791,0.8611553898656972,329.0111408715865,323.551775052918,5.459365818668516,4.8367705624383746,0.6225952562301416,1.4446215594627916,1.541749018331017
2023-06-18 00:00:00-04:00,343.9427835453764,344.0896277819588,334.769545086919,335.1415405273437,46552000.0,0.0,-0.0898145031733641,0.0,0.021819574457632163,0.0175696168960181,0.2789090216252548,0.012283850579890369,0.19500008265999885,0.014362506608551916,0.22799772413850047,65.55139752765102,9.320082695039844,7.062707210554587,1.5391517935224828,327.62633650463783,0.022423970513714055,326.7701110839844,339.61747333303754,313.9227488349312,0.07863241963247498,0.8258034326842572,329.95427928016454,324.41027619917173,5.544003080992809,4.978217066149262,0.565786014843547,1.3032137307370262,1.4950998475650281
2023-06-19 00:00:00-04:00,343.9427835453764,344.0896277819588,334.769545086919,335.1415405273437,46552000.0,0.0,-0.09515821063606113,0.012660844791553494,0.021819574457632163,0.01747941017930367,0.2774770343911706,0.012283850579890369,0.19500008265999885,0.014343590468010689,0.22769743971667708,65.55139752765102,9.320082695039844,7.223948316589248,1.4969607856535898,328.3487564464401,0.02026840382190509,327.314436340332,340.627187095188,314.001685585476,0.08134533205259406,0.7939702068769167,330.75231947203827,325.2051846679252,5.547134804113057,5.092000613742021,0.45513419037103553,1.175880827507668,1.4563444076945258
2023-06-20 00:00:00-04:00,332.18496735769014,334.8967905185413,328.8074005290605,330.951416015625,26375400.0,-0.012581366435180142,-0.8355968256439742,0.013460957615739622,0.00904422217288725,0.008155027608252301,0.12945704991780876,0.012585485387830086,0.1997883867914142,0.014463832983947392,0.2296062304817885,58.20483530150557,6.334139998283206,7.1603905795673874,0.8757088361250729,328.98558696550197,0.005939932434161945,327.78729248046875,340.8999302309962,314.6746547299413,0.08000699265246071,0.6206516795230228,330.78294970951316,325.63083143442145,5.152118275091709,5.104024146011959,0.0480941290797503,0.4826067180920902,1.1744515401557718
2023-06-21 00:00:00-04:00,329.306655264913,330.63811253956635,325.09696171811146,326.5556640625,25117800.0,-0.013371163835145519,-0.8771866146167614,-0.018103724508316654,0.015094207529677384,0.007112876320380852,0.11291341110052752,0.01280984562396721,0.20334999512487753,0.014600113208552748,0.23176961197931928,51.66335892006449,5.854454297513541,7.067109416563541,0.8362534296218784,329.0350450495333,-0.007592521765473928,327.8352615356445,340.9211429746553,314.74938009663373,0.07983205575699186,0.45110770798633915,330.13259807151115,325.6993375550199,4.433260516491259,4.96987142010782,-0.5366109036165607,-0.19556916805464364,0.878829193429013
2023-06-22 00:00:00-04:00,327.1039241601426,332.9779322220441,326.3403043071654,332.5765380859375,23556800.0,0.018269601978682423,0.9902749285260531,0.013999088524923264,0.015362836356989096,0.01283600096131134,0.20376519823329495,0.013124542439771033,0.20834565220288245,0.014673214468045797,0.23293005849818452,58.537022127743874,6.637627914878692,7.036432166443196,0.7873193615296123,329.20377156746855,0.010141324273444177,328.04623260498045,341.3024810747871,314.78998413517377,0.08081939161160433,0.6708743424384199,330.50858884296133,326.20875981656934,4.29982902639199,4.835862941364654,-0.5360339149726645,0.6834973697536811,1.2421762757471086
2023-06-23 00:00:00-04:00,327.3389018615229,330.8633129640672,326.4480368570244,327.98504638671875,23146900.0,-0.013902006277979247,-0.9153865948959791,0.0,-0.002471495841579241,0.013882912686284953,0.22038440664680192,0.01339479143417277,0.21263572199039613,0.014814991639190624,0.23518070131679725,52.415613126867356,6.1285012289130805,6.971579956619617,0.7771610951750298,329.1931894610595,-0.0036835309647509024,328.02762908935546,341.2830848448693,314.77217333384164,0.0808191419260175,0.49839376693558823,330.12035154200095,326.3403365995434,3.7800149424575693,4.624693341583238,-0.8446783991256686,-0.006424932257647107,0.9280491454107425
2023-06-24 00:00:00-04:00,327.3389018615229,330.8633129640672,326.4480368570244,327.98504638671875,23146900.0,0.0,-0.09167297352982053,0.0,-8.950189312317836e-05,0.013882912686284953,0.22038440664680192,0.01339479143417277,0.21263572199039613,0.014814991639190624,0.23518070131679725,52.415613126867356,4.415276107042757,6.788986824506984,0.7807351496260908,329.1825100234156,-0.00365097021918784,328.00902557373047,341.2635786265772,314.7544725208837,0.08081822156974375,0.4990954358507559,329.79184305657293,326.462166954149,3.329676102423946,4.36568989375138,-1.0360137913274343,-0.003618256596976477,0.9378853698997938
2023-06-25 00:00:00-04:00,327.3389018615229,330.8633129640672,326.4480368570244,327.98504638671875,23146900.0,0.0,-0.09167297352982053,0.01953742465109909,-0.016209626512747155,0.013130301876655736,0.20843708042901463,0.01339479143417277,0.21263572199039613,0.014814991639190624,0.23518070131679725,52.415613126867356,4.415276107042757,6.619436058973825,0.7783201903457886,329.1465416720773,-0.0035413056118085333,327.9639923095703,341.2121224702939,314.7158621488467,0.08079015057371579,0.5007946056120005,329.5138743381338,326.57497283804304,2.938901500090765,4.080332215019258,-1.141430714928493,0.003178422448002117,0.9153646337811446
2023-06-26 00:00:00-04:00,326.7123419071995,329.0521396707675,321.59215393137123,321.6998596191406,21520600.0,-0.019349019187555168,-1.232674941165947,-0.017843880995201844,-0.03506202940620784,0.01463335290179886,0.232297275751231,0.014030373879971584,0.22272528052596724,0.014925236524553544,0.23693078461671993,44.46566960744392,7.459985739396245,6.6794753218611405,0.7222700664322264,328.9622705530726,-0.02257511378006165,327.7153259277344,341.24908882981333,314.18156302565546,0.08259462912676417,0.2777607620246646,328.31171822751946,326.21385334034653,2.097864887172932,3.6838387494499925,-1.5859738622770605,-0.8889569519013404,0.4009197111123639
2023-06-27 00:00:00-04:00,324.89140968264053,329.0913343051698,322.38516833897705,327.5445251464844,24354100.0,0.018005002607139213,0.9901364613945033,-0.003811290136051082,-0.01753096893440209,0.014537384551189837,0.23077382541456384,0.014557723046992313,0.23109668902617073,0.014694490672243599,0.2332678077690894,51.788517567746545,7.391474686029198,6.730332419301716,0.8404448534956103,329.7719534909968,-0.006800383378462114,328.26307525634763,340.7469043670291,315.77924614566615,0.07605990470254746,0.47122076473922375,328.1936885227448,326.31242162228267,1.8812669004621512,3.323324379652424,-1.442057479190273,-0.11511694104310499,0.8355448181256613
2023-06-28 00:00:00-04:00,327.6326542510409,330.88294648753094,326.8004969786541,328.79766845703125,20259500.0,0.0038185716093946695,0.14277527112110455,0.0023878956225573678,-0.006331270192175609,0.01334092825688345,0.2117806705588082,0.012653481619569537,0.20086779350704684,0.011951002458490314,0.18971628253852138,53.21303927837642,4.082449508876834,6.541197925699939,0.7028028162760106,330.19564984501085,-0.004251798361405634,328.7814575195313,340.3753844470987,317.1875305919638,0.07052664718404147,0.5006991133203295,328.28660851263504,326.4965139804122,1.790094532222838,3.016678410166507,-1.226583877943669,0.00279645328131778,0.9056961229512217
2023-06-29 00:00:00-04:00,327.6815474089493,329.05214338180554,325.6354380857654,328.014404296875,16997000.0,-0.0023850491303222276,-0.2265334511211924,-0.01612156753043803,-0.008698394955495403,0.013405530655595155,0.21280620184534466,0.012650285067586305,0.2008170498174437,0.01135174045981003,0.18020329322644407,52.17532932086335,3.4167052960401634,6.318019880724242,0.5953390038290557,330.53583840975267,-0.007686961547565467,329.1857849121094,340.01871160481824,318.35285821940056,0.06581649141138439,0.44593424988176084,328.24473094097965,326.6089503001502,1.6357806408294664,2.7404988562990993,-1.104718215469633,-0.21626300047295632,0.8143791556911921
2023-06-30 00:00:00-04:00,330.6577377615813,335.53317570907825,330.1192989180002,333.38916015625,26832800.0,0.01625293380035175,0.8878523662709619,0.0,0.007068054115558553,0.015244485896128613,0.24199871127712763,0.013045530498191064,0.20709137651473267,0.011475033191362337,0.18216050466333958,58.19922477488057,7.51877141220325,6.403787847258457,0.9328180367254864,331.08432865275074,0.006913336661633058,329.8588500976563,339.91471738242757,319.802982812885,0.06097072903633908,0.6755348374545507,329.0361815894828,327.1111880672687,1.9249935222140948,2.5773977894820987,-0.6524042672680039,0.7021393498182037,1.2173346056391747
2023-07-01 00:00:00-04:00,330.6577377615813,335.53317570907825,330.1192989180002,333.38916015625,26832800.0,0.0,-0.08259742868877502,0.0,-0.002138946482311277,0.009405209686678618,0.14930307515620406,0.013045530498191064,0.20709137651473267,0.011475033191362337,0.18216050466333958,58.19922477488057,5.413876791078053,6.333079914674142,0.9258915477648764,331.6246734451602,0.005292573730540036,330.53191528320315,339.5360118577681,321.5278187086382,0.05448246392092045,0.6586636065809253,329.70587059975463,327.57622303682285,2.1296475629317797,2.487847744172035,-0.3582001812402553,0.6346544263236993,1.1838424786052497
2023-07-02 00:00:00-04:00,330.6577377615813,335.53317570907825,330.1192989180002,333.38916015625,26832800.0,0.0,-0.08259742868877502,0.007544806685425787,0.009845267004314096,0.007447577768374363,0.11822663186959181,0.013045530498191064,0.20709137651473267,0.011475033191362337,0.18216050466333958,58.19922477488057,5.413876791078053,6.267422548702993,0.9218002945811665,331.98699289498705,0.004205797394869678,330.9572952270508,339.6353828505088,322.2792076035928,0.05244234074069563,0.6401152554985479,330.27253053152316,328.0068109715952,2.265719559927959,2.4434221073232196,-0.1777025473952607,0.5604610219941916,1.1542009681824192
2023-07-03 00:00:00-04:00,332.0674526684901,333.7415365226296,329.5024740479347,330.89263916015625,12508700.0,-0.007516486986699513,-0.5258016763952919,0.0,0.002283233761539716,0.008920143532863125,0.14160288868174167,0.01282382630017661,0.20357193147934105,0.011497650329093936,0.18251954059417502,54.236043227170924,4.23906247469489,6.122539686273843,0.43756610304790694,332.15238982390747,-0.003807128097344844,331.13840942382814,339.6419483723374,322.63487047531885,0.0513594237727071,0.48554894231918755,330.3679318590052,328.22057602259974,2.1473558364054384,2.3842088531396635,-0.2368530167342251,-0.057804230723250055,0.9160842556501638
2023-07-04 00:00:00-04:00,332.0674526684901,333.7415365226296,329.5024740479347,330.89263916015625,12508700.0,0.0,-0.07284203105309449,-0.00047318249938255175,0.002283233761539716,0.00873771041455191,0.13870685271002064,0.012738871554159141,0.2022233166953998,0.01149635217761182,0.18249893307826043,54.236043227170924,4.23906247469489,5.98800559973249,0.4481438967277438,332.2124839828941,-0.003988740354236336,331.1702255249023,339.6646249246194,322.67582612518527,0.051299294109266584,0.4836606243900353,330.44865605918227,328.4185066253817,2.0301494338005455,2.3133969692718397,-0.2832475354712942,-0.06535750243985881,0.8870132906834084
2023-07-05 00:00:00-04:00,328.05354428027886,334.47579046215725,327.7011181507027,331.0492858886719,18172400.0,0.0004732944855494679,-0.06696201643573176,-0.009142381748923234,0.01904579571462084,0.00342053622147225,0.05429932915502476,0.012587306117279689,0.19981728997538448,0.011479910508858628,0.18223792967830132,54.46170552274351,6.7746723114545375,6.044196079141208,0.676159556301453,331.5523939654341,-0.0015197376892436265,330.683171081543,337.8717338552961,323.49460830778986,0.04347704027539095,0.5254650907734751,330.5410606483345,328.6133791634032,1.9276814849313268,2.2362538724037373,-0.30857238747241045,0.10186036309390033,0.8723664030399954
2023-07-06 00:00:00-04:00,330.21715360852994,335.78767385230776,328.45496307477555,334.1037902832031,28161200.0,0.009184429796689235,0.47594857132357093,0.01200990202431318,0.02646843204763427,0.005919424709176077,0.09396795411030444,0.01060393819179943,0.16833230024040738,0.011516960395961182,0.1828260784025596,58.73463062439507,7.332710777532213,6.136232843311994,1.084943904895774,331.3689484622481,0.008185605492942246,330.63128356933595,337.6983017956417,323.5642653430302,0.042748636184777526,0.7456840072197182,331.08917289985277,329.0200762833884,2.0690966164643783,2.2028224212158656,-0.13372580475148732,0.9827360288788717,1.111881061228476
2023-07-07 00:00:00-04:00,332.19476390626494,334.61289857162126,329.9234734763044,330.13885498046875,21214800.0,-0.01193835542640992,-0.8544208405268316,0.0,5.9164213046525305e-05,0.008130236167154416,0.1290634979910813,0.010295494455188615,0.163435907717241,0.011477587138250195,0.18220104731330122,51.923870127911506,4.689425095316835,6.0328894327409115,0.8592638856064551,330.96043907129115,-0.002488601624522517,330.3811492919922,337.1226432909557,323.6396552930287,0.040810403459220046,0.48202962788658643,330.94297014302447,329.1029487794684,1.8400213635560476,2.130262209683902,-0.2902408461278543,-0.07188148845365425,0.7292227357738047
2023-07-08 00:00:00-04:00,332.19476390626494,334.61289857162126,329.9234734763044,330.13885498046875,21214800.0,0.0,-0.09243574341674173,0.0,-0.015875727677697404,0.007517676385767317,0.11933941292281915,0.010295494455188615,0.163435907717241,0.011477587138250195,0.18220104731330122,51.923870127911506,4.689425095316835,5.936927694353478,0.9057388693719262,330.50773960640976,-0.0011173620444125867,330.1310150146484,336.4891479753206,323.7728820539763,0.03851884658816459,0.5006165305026505,330.8192601180159,329.1796825721351,1.6395775458807975,2.032125276923281,-0.3925477310424834,0.002466122010602009,0.7061884722080153
2023-07-09 00:00:00-04:00,332.19476390626494,334.61289857162126,329.9234734763044,330.13885498046875,21214800.0,0.0,-0.09243574341674173,0.016243280110932012,-0.02323013344144209,0.007517676385767317,0.11933941292281915,0.010295494455188615,0.163435907717241,0.011477587138250195,0.18220104731330122,51.923870127911506,4.689425095316835,5.84782036585086,0.9575286996150215,330.00326974891266,0.000410691530277809,329.88088073730466,335.78656332558455,323.9751981490248,0.03580494010492705,0.5218411876449344,330.7145824045471,329.25073238015983,1.463850024387284,1.9184702264160818,-0.4546202020287977,0.0873647505797373,0.680555150776682
2023-07-10 00:00:00-04:00,327.57388310031735,328.1906587789502,320.71107354380314,324.8620300292969,32791400.0,-0.016112769421053764,-1.1207856285689821,-0.0019250655213283174,-0.03884248420128811,0.01018956553251729,0.16175433820101712,0.010826180094878856,0.17186028107908266,0.011646552466586798,0.1848832887471274,43.53294174090164,9.427781436665612,6.103531870909056,1.4589137985152103,329.5726078285523,-0.014500241221883045,329.57641143798827,335.86516410523905,323.2876587707375,0.038162638156123266,0.12517357112468866,329.8141897314317,328.925643317133,0.8885464142987303,1.7124854639926115,-0.8239390496938812,-1.499305715501249,0.13357879220911836
2023-07-11 00:00:00-04:00,324.10822129809816,325.8704119772488,320.13347775646093,325.4886169433594,26698200.0,0.0019269208414166483,0.025812160613167573,-0.014027372692942408,-0.03698862420509841,0.008206154483716794,0.13026866390455366,0.01054174307993582,0.16734498344787763,0.011616658144609092,0.18440873109773198,44.676210139343844,5.736934220787873,6.077346324471829,1.18366144468304,329.49888731579256,-0.012320769955316254,329.52305908203124,335.93658373360904,323.10953443045344,0.03892610531987823,0.18547387296006232,329.14871699480517,328.67104877092754,0.47766822387762886,1.465522015969615,-0.9878537920919861,-1.258104508159754,0.16401784325575855
2023-07-12 00:00:00-04:00,329.5319168444775,334.47586255833005,328.62145260340657,330.11932373046875,29995300.0,0.014126686116723651,0.8022261281947968,-0.015933949171180628,-0.024672191091344553,0.010757519729776833,0.17077033157316154,0.010608779800967427,0.1684091584032307,0.011556247753632124,0.18344974587095655,52.35390722471027,8.987245614970675,6.285196273793176,1.3111249335046222,329.3811092443115,0.002236205011615618,329.4001983642578,335.65972701730686,323.1406697112087,0.0380056155650954,0.5574424534234433,329.29804110798415,328.7783283975602,0.5197127104239598,1.276360154860484,-0.7566474444365241,0.22976981369377328,0.6319762498932507
2023-07-13 00:00:00-04:00,332.4296895084344,336.52190790090776,331.9010204242932,335.464599609375,20567200.0,0.016062259356618036,0.9211676115697403,-0.007473045803849443,-0.046816241673031334,0.012939029876568788,0.20540073155901467,0.01043357965736724,0.16562794234545733,0.011654657109341559,0.1850119459622921,59.364189456060764,6.402584170439013,6.293581123553593,0.9041105705881409,329.72714212332585,0.01710301919406703,329.7741760253906,336.55014271228197,322.99820933849924,0.04109458641400506,0.9198975472380173,330.2467424158904,329.27360774658354,0.9731346693068872,1.2157150577497646,-0.24258038844287744,1.6795901889520757,1.2137946608402348
2023-07-14 00:00:00-04:00,340.29107663490123,344.0504382444472,337.07995339278386,337.99041748046875,28352700.0,0.00750110890930768,0.37403092416633515,0.0,-0.027712118853786993,0.012909985431905434,0.20493966529373142,0.010001884323305576,0.15877499136901263,0.011657773780834723,0.18506142158842728,62.19477708502753,8.585838635072207,6.4573138029477795,1.232252741175292,330.32389176976415,0.022682671798373175,330.2744445800781,337.91630241180883,322.6325867483474,0.04627580460514779,1.0048492834001816,331.43807704121014,329.9192973565009,1.5187796847092159,1.276327983141655,0.2424517015675609,2.0193971336007293,1.50062204937856
2023-07-15 00:00:00-04:00,340.29107663490123,344.0504382444472,337.07995339278386,337.99041748046875,28352700.0,0.0,-0.11748080416255921,0.0,-0.0046991433881282685,0.007135091973780285,0.11326607366517377,0.010001884323305576,0.15877499136901263,0.011657773780834723,0.18506142158842728,62.19477708502753,6.970484851663343,6.493968877856034,1.218468678989863,330.90729085270067,0.020956590073082145,330.77471313476565,339.06776639761847,322.4816598719128,0.0501432118813389,0.9350450984093215,332.4461294164807,330.5171581064245,1.9289713100561698,1.406856648524558,0.5221146615316119,1.7401803936372886,1.4909046373828594
2023-07-16 00:00:00-04:00,340.29107663490123,344.0504382444472,337.07995339278386,337.99041748046875,28352700.0,0.0,-0.11748080416255921,-0.001417276673883583,0.004276071527377301,0.0075782259018118536,0.12030060669157411,0.010001884323305576,0.15877499136901263,0.011657773780834723,0.18506142158842728,62.19477708502753,6.970484851663343,6.528005733127984,1.2008396182583088,331.7521931681819,0.018456808210094645,331.58924102783203,339.30967581379304,323.868806241871,0.04656625626350155,0.9145606193239757,333.2990968109404,331.0707328748722,2.228363936068206,1.5711581060332875,0.6572058300349184,1.6582424772959046,1.4718397278590678
2023-07-17 00:00:00-04:00,338.4211553009667,339.7036445876305,335.0142499676755,338.4701232910156,20363900.0,0.0014182819604271052,-0.017525392880366447,-0.03827639466102828,0.0057014287031698085,0.006918413196345231,0.10982640470830177,0.008798893386280301,0.139678102276012,0.01165784136276771,0.1850624944183541,62.809287396396456,4.68939461995501,6.396676367901344,0.8698350619916433,332.2632242571119,0.01833810019493814,332.1355209350586,340.1898452723452,324.08119659777196,0.048500228548945035,0.8932423187027414,334.0946393463366,331.6188358686606,2.4758034776759814,1.7520871803618265,0.7237162973141549,1.572969274810965,1.4958997666563207
2023-07-18 00:00:00-04:00,338.5680009815039,359.0780898369436,334.98488257273925,351.941162109375,64738600.0,0.039028182136036635,2.4245786116914037,0.01241961043239903,0.045728131367533065,0.01674576967478243,0.26583085243104765,0.011455647416936322,0.18185276503471778,0.012550424085007875,0.19923180586395722,75.06611571753916,24.093207264204352,7.660714289065845,2.5253816289531863,334.8848809752234,0.0484634449460928,333.2926956176758,345.10244864114065,321.48294259421095,0.07086715777901094,1.2895366844101852,336.84025823295786,333.12419336797274,3.7160648649851282,2.144882717286487,1.5711821476986412,3.158146737640748,3.0239244407642185
2023-07-19 00:00:00-04:00,354.15376240808007,354.84884504828324,345.03926161088305,347.6238098144531,39732900.0,-0.012343119742636875,-0.9267321194804844,0.023668890574393586,0.0288893605874756,0.019491046256999843,0.3094107671308675,0.011959404099093412,0.18984965444836582,0.012650435758749157,0.20081944196549378,67.39953697852258,9.809583437400192,7.814204942518298,1.4841231332621394,336.04828448601864,0.033299000245734046,334.2731658935547,347.4183295138737,321.12800227323567,0.07864923039921747,1.0078158137287017,338.4992661685725,334.19823903067504,4.301027137897449,2.5761116014086793,1.72491553648877,2.0312632549148066,2.3736563310230863
2023-07-20 00:00:00-04:00,346.1455024073654,350.4531022216543,338.11767966688456,339.586181640625,33778400.0,-0.0233931252802968,-1.7011312190625811,0.009017589863288489,-0.011710205064030865,0.023560370366250173,0.3740092847140424,0.013214537605407998,0.2097742811677233,0.01294504249646678,0.20549617894088296,55.94420084148317,12.335422554769764,8.137149057679117,1.2455506697272234,336.4001678466628,0.009382047816462364,334.58301696777346,347.93102543578243,321.2350084997645,0.07978891809260379,0.6874124025633701,338.6664839335036,334.5973458906713,4.069138042832321,2.8747168896934077,1.1944211531389137,0.7496496102534796,1.3557630133443066
2023-07-21 00:00:00-04:00,341.8183323536975,342.944177986763,332.6940321481153,336.5513000488281,69405400.0,-0.008977174186108734,-0.7075452284431136,0.0,0.017763707737582735,0.02398827690302511,0.3808020903981547,0.01296516018241637,0.20581553730474322,0.01300837940181862,0.2065016211431234,52.327758235296,10.250145838647711,8.288077399176874,2.373006180276998,336.5562187435132,-1.4614992378245715e-05,334.74112396240236,348.10449263288535,321.37775529191936,0.07984300531884427,0.5677290334144596,338.3410710281689,334.74208323572,3.598987792448952,3.019571070244517,0.5794167222044351,0.27091613365783856,0.9474053395775778
2023-07-22 00:00:00-04:00,341.8183323536975,342.944177986763,332.6940321481153,336.5513000488281,69405400.0,0.0,-0.09188657908071864,0.0,0.03945917384013087,0.023963071529213734,0.38040196749331084,0.01296516018241637,0.20581553730474322,0.01300837940181862,0.2065016211431234,52.327758235296,10.250145838647711,8.428225144853362,2.2120178439220934,336.69109618158427,-0.00041537837689488633,334.89923095703125,348.27007260637464,321.52838930768786,0.0798499394049604,0.5617787995372006,338.0657216467319,334.8760992959502,3.18962235078169,3.053581326351952,0.13604102442973787,0.24711519814880203,0.9390539364101028
2023-07-23 00:00:00-04:00,341.8183323536975,342.944177986763,332.6940321481153,336.5513000488281,69405400.0,0.0,-0.09188657908071864,-0.003882812006033687,0.015958716459679945,0.009750930728086292,0.15479122654760588,0.01296516018241637,0.20581553730474322,0.01300837940181862,0.2065016211431234,52.327758235296,10.250145838647711,8.558362337267244,2.028131857470827,336.78289349818823,-0.0006881371408356004,335.18216400146486,348.4349906136556,321.9293373892741,0.07907835222480887,0.5516544918087081,337.83273370859285,335.0001882406078,2.832545467985028,3.0093741546785675,-0.17682868669353935,0.2066179672348322,0.9446479140270442
2023-07-24 00:00:00-04:00,338.58764053266464,339.6351792022214,335.1219672074144,337.8631591796875,26678100.0,0.003890369690292065,0.1685785200967951,-0.01672467740316763,0.019918869692100882,0.010962910916632295,0.17403081558458525,0.012853197075856417,0.20403817808891206,0.012976123069189325,0.20598956773705882,53.93541440815332,4.513211994807023,8.269423027091515,0.7637629915875592,336.92961465934485,0.0027630846837792054,335.5306900024414,348.6747182007892,322.38666180409365,0.07834769569515164,0.5887273346514609,337.83741455029974,335.21226016202115,2.625154388278588,2.932530201398572,-0.30737581311998374,0.35490933860584306,1.1056325677315981
2023-07-25 00:00:00-04:00,339.8211637778006,344.5008191812914,337.82402242034016,343.60992431640625,41637700.0,0.016866114025916888,1.0568034986963488,0.039109670760321125,0.037266822682473943,0.00938669282054281,0.14900912901907032,0.013307003542828821,0.21124213241868306,0.012874719812570037,0.20437984094217862,60.25804431910628,6.67679676095122,8.155664008081494,1.1533004940298723,337.46282736025574,0.0178897538200616,336.1587219238281,349.59816567374014,322.7192781739161,0.07995891746017125,0.7772139431971248,338.7254929758546,335.83430935864226,2.8911836172123344,2.9242608845613245,-0.03307726734899008,1.1088557727884996,1.8672255315460717
2023-07-26 00:00:00-04:00,334.2701938774004,337.43237871487065,326.1150966195682,330.67724609375,58383700.0,-0.03836426069517167,-2.6921874792336724,0.021316800685274417,0.0055070921465893985,0.020672509011494474,0.32816590692093645,0.015938611418445756,0.25301761234141146,0.013810916949731519,0.21924150976053805,45.21689464055581,17.49482769683806,8.822747128706963,1.552171579859258,337.0619511140942,-0.019307965987275938,335.98739471435545,349.62307046378845,322.35171896492244,0.08116778167243788,0.30528472815781604,337.4873011478385,335.45230467235393,2.0349964754845473,2.746408002745969,-0.7114115272614217,-0.7788610873687349,-0.02102716283591971
2023-07-27 00:00:00-04:00,333.3304552195366,334.1625826274432,322.1404449068157,323.775390625,39635300.0,-0.021092775760623562,-1.5087568555786584,-0.022608350546016953,-0.016709267239561676,0.021890499709734293,0.3475009098413313,0.01642321968090868,0.2607105300159956,0.013276852670577563,0.210763502159952,39.54395485257951,12.02213772062754,9.051275028129862,1.0285471242808204,336.56922703914023,-0.03951454244080639,335.66922149658205,350.1502675140628,321.1881754791013,0.08628164329703501,0.08933108639995892,335.3777764520172,334.58734807625365,0.790428375763554,2.3552120773494862,-1.5647837015859323,-1.6426756544001626,-1.0170234571328305
2023-07-28 00:00:00-04:00,326.66345076606325,332.8703168260489,326.1739500054011,331.2647399902344,28484900.0,0.0228678378146821,1.4454620482285119,0.0,0.03319096306523783,0.02592838936656766,0.4116004209623375,0.01706056865530471,0.2708281313236794,0.013321937904452708,0.21147920805976092,47.274204116110546,9.094926201048906,9.054392969052651,0.73228345343364,336.5503591685153,-0.01595587619266913,335.7255157470703,350.1245611689858,321.3264703251548,0.08577867779798716,0.34510168465589514,334.7450016117429,334.3412289587707,0.40377265297217946,1.964924192474025,-1.5611515395018456,-0.6195932613764201,0.05670332895120906
2023-07-29 00:00:00-04:00,326.66345076606325,332.8703168260489,326.1739500054011,331.2647399902344,28484900.0,0.0,-0.09151284555891971,0.0,0.035847879972039864,0.025721224131450428,0.40831177480782693,0.01706056865530471,0.2708281313236794,0.013321937904452708,0.21147920805976092,47.274204116110546,6.696366820647825,8.885962529880878,0.7255036900594566,336.53184066997466,-0.015899973778964686,335.7818099975586,350.09745310883824,321.4661668862789,0.08526753198086426,0.3422330742596854,334.20957674689544,334.1133408870273,0.09623585986815897,1.591186525952852,-1.494950666084693,-0.631067702961259,0.04000355856276567
2023-07-30 00:00:00-04:00,326.66345076606325,332.8703168260489,326.1739500054011,331.2647399902344,28484900.0,0.0,-0.09151284555891971,0.007293514667298329,0.03230831763218722,0.023301855091676028,0.36990548195423373,0.01706056865530471,0.2708281313236794,0.013321937904452708,0.21147920805976092,47.274204116110546,6.696366820647825,8.72956283636423,0.7295044947853114,336.82973436079556,-0.016799235471681155,336.1019454956055,349.6554757887092,322.54841520250176,0.08065130520514018,0.3215518244780709,333.75652493817836,333.9023334131908,-0.14580847501241578,1.2437875257597986,-1.3895960007722143,-0.7137927020877178,0.01636303313126459
2023-07-31 00:00:00-04:00,329.8451512620621,330.6087711275723,326.35987893485446,328.8661499023437,25446000.0,-0.007267045612900499,-0.5767237558463466,-0.0012488691825520704,0.024833678168920903,0.015926556210182442,0.25282624184300456,0.0167449312929211,0.265817543531595,0.013355636956789225,0.21201416393116676,44.97392492998735,4.904861055379911,8.456369852008208,0.6527242181180349,336.9581784242519,-0.024605841994717714,336.2708221435547,349.34317126312743,323.198473023982,0.07774893483914645,0.21678111663479485,333.00415954805,333.52928278275766,-0.525123234707678,0.8900053736663033,-1.4151286083739811,-1.13287553346082,-0.3518572880267289
2023-08-01 00:00:00-04:00,328.1515284723082,331.4311896055557,326.69282573876103,329.2773742675781,18311900.0,0.0012496496695546234,-0.0017385323141424042,0.026992511926083873,0.02611516177220774,0.011407476762011549,0.18108807959418544,0.0167428662483846,0.2657847619658558,0.013339635458411266,0.21176014801929186,45.463870822477794,4.738363866794657,8.190797995921526,0.47687071933471065,337.0421408641754,-0.023581233341248183,336.22872467041014,349.3896070289826,323.0678423118377,0.07828529446122409,0.23590864907685313,332.4308079664389,333.2143265964481,-0.783518630009155,0.5553005729312116,-1.3388192029403667,-1.0563654036925887,-0.29266685151388183
2023-08-02 00:00:00-04:00,326.6242386250664,326.6242386250664,319.5068793964864,320.6229553222656,27761300.0,-0.02663463970862674,-1.8553351132482976,0.0025715642139567674,-0.00790640063585113,0.011731842589736328,0.18623722747798976,0.017438635999171333,0.27682976434791434,0.0137210511117732,0.21781493380894923,37.829782380453764,9.770494871091728,8.303633487005113,0.7162387667234953,336.49599267433655,-0.04950686495954902,335.4866424560547,350.3876091908408,320.5856757212686,0.08883195244793073,0.0012509121609533401,330.6142152519507,332.28163242799013,-1.6674171760394074,0.1107570231370878,-1.7781741991764952,-1.994996351356188,-1.543568245780738
2023-08-03 00:00:00-04:00,319.1544231849884,322.9529530019484,319.1054850707821,319.8005676269531,18253700.0,-0.0025682634003285757,-0.24634970670127412,-0.00341706770684147,0.0018708070446287195,0.011426697822114933,0.18139320446399693,0.016974100873431364,0.2694554978401419,0.013627190051905907,0.2163249356757384,37.19071206705864,3.8474679311663067,7.9853359473023415,0.47715991341237685,336.04229347615785,-0.05078704509414966,334.57714996337893,350.97949169628777,318.1748082304701,0.09804818849526425,0.04955875883323389,328.95057715579725,331.3571091093948,-2.4065319535975505,-0.39270077220983984,-2.013831181387711,-1.8017649646670628,-1.6089272855046421
2023-08-04 00:00:00-04:00,324.91100665492644,328.10256094885904,320.3684255770162,320.8970947265625,23741500.0,0.0034229192165037806,0.15296924478525464,0.0,0.0172235693637508,0.01204027915599059,0.19113350617527458,0.01687970226267616,0.2679569663511323,0.013589950561760602,0.2157337770964865,38.67821234900221,8.301993321905911,8.007954331202596,0.6243765504875431,335.49684755828036,-0.04549668124654841,333.7224838256836,351.12671380175857,316.3182538496086,0.10430361045236558,0.13154390867186552,327.7115798589919,330.582293229185,-2.870713370193073,-0.8883032918064866,-1.9824100783865863,-1.4738243653125374,-1.4079463208704064
2023-08-05 00:00:00-04:00,324.91100665492644,328.10256094885904,320.3684255770162,320.8970947265625,23741500.0,0.0,-0.07574187371659492,0.0,0.015018675004722759,0.012338259096644662,0.19586379108721336,0.01687970226267616,0.2679569663511323,0.013589950561760602,0.2157337770964865,38.67821234900221,7.734135371842854,7.9883958341054715,0.6281855448662571,334.94474668056023,-0.043776189267053914,332.8678176879883,351.05095367922024,314.68468169675634,0.10925139064225071,0.17082897671781785,326.66319753092586,329.8648711178796,-3.2016735869537456,-1.3509773508359384,-1.8506962361178072,-1.3166840931287291,-1.3754755828174459
2023-08-06 00:00:00-04:00,324.91100665492644,328.10256094885904,320.3684255770162,320.8970947265625,23741500.0,0.0,-0.07574187371659492,-0.0070581396369994165,0.021089878561538322,0.012194208372886638,0.19357705673975778,0.01687970226267616,0.2679569663511323,0.013589950561760602,0.2157337770964865,38.67821234900221,7.734135371842854,7.970234372515285,0.6253910093210037,334.410928907534,-0.042112672264878866,331.9891662597656,350.72245988235056,313.2558726371807,0.11285484905207438,0.20394764111767094,325.77610479179305,329.20059138518945,-3.4244865933964093,-1.7656791993480327,-1.6588073940483765,-1.1842094355293162,-1.409970797165196
2023-08-07 00:00:00-04:00,321.4746782634423,324.15713248319014,320.6425211153688,323.1781311035156,17741500.0,0.0070831661344355834,0.3914432072898529,0.012452033560947484,0.028348103068438713,0.0037377062444855537,0.05933424718033177,0.016989875913573194,0.26970591883896594,0.013620241785769767,0.2162146353703025,42.23273961943037,3.514611367821317,7.651975586465715,0.49817769147296637,332.5377686607734,-0.028961234243476176,330.55101470947267,347.127053102108,313.97497631683734,0.100293374728886,0.2776041708122253,325.37641653205804,328.7544832161766,-3.3780666841185507,-2.0881566963021365,-1.2899099878164142,-0.8895833167510999,-1.114746274743996
2023-08-08 00:00:00-04:00,320.094294531756,321.84671543145896,316.21745729083267,319.2033996582031,22327600.0,-0.012375144615568866,-0.9125570420385387,0.011854662723077336,0.015700565538480316,0.007320060556443871,0.1162023588857014,0.01423184257767488,0.22592349695248906,0.013681653297367506,0.21718951289424757,38.08956429771103,6.9606738126829555,7.602596888338375,0.642659011879676,331.24664705578834,-0.037729069961287685,329.12999420166017,344.3617894150306,313.8981989882897,0.09255792836697724,0.1741488969486836,324.42672162838807,328.04699554521557,-3.6202739168275,-2.3945801404072093,-1.2256937764202909,-1.303404412205265,-1.6837634227156673
2023-08-09 00:00:00-04:00,319.6146411443904,320.2411866081632,314.3084395325247,315.46368408203125,22373300.0,-0.011784946641806088,-0.8801936049873821,-0.0021675612180390713,-0.0055854754166740905,0.00842431213458362,0.1337318092493517,0.01421726877436704,0.22569214499723556,0.013179730402654556,0.20922173395380683,34.64567956877514,5.932747075638531,7.483321901716958,0.654720822655208,330.31780474060565,-0.04708662647429118,327.92386932373046,343.4861547928663,312.36158385459464,0.09491401465364228,0.09966724468552209,323.0477927751024,327.11489839979447,-4.06710562469209,-2.7290852372641856,-1.3380203874279042,-1.6013310212579115,-2.168598979535066
2023-08-10 00:00:00-04:00,319.1740674354457,321.3670511745829,314.4357036246536,316.1489562988281,20113700.0,0.002169913779017438,0.08362023236718669,0.005981371285397552,0.0033245709882634422,0.008695762509137327,0.1380409503555384,0.013611225703158985,0.21607150949597365,0.013161660316515812,0.20893488022925102,35.791312862802414,6.931347549929285,7.443895162303553,0.6343476929413653,329.18617673148754,-0.04123758808280379,326.9037521362305,342.7568985757874,311.0506056966736,0.09698968785742428,0.1607993284359342,321.98643331721405,326.30260639231545,-4.316173075101403,-3.046502804831629,-1.2696702702697742,-1.3568026862562648,-2.029868522301783
2023-08-11 00:00:00-04:00,313.53494463144494,315.6397913083232,312.50697541012306,314.2691955566406,24355500.0,-0.0059635538971457664,-0.47658059727569085,0.0,-0.00021300625514131255,0.008592974111020387,0.13640923512105765,0.013565353971620338,0.21534331833281858,0.01316736186760964,0.2090253895469406,34.02914801533839,3.6419808887050635,7.172329857046518,0.8268660248217674,327.7017359309881,-0.04274214770097162,325.7896469116211,341.9175105243004,309.6617832989418,0.09900783383122287,0.14284012961507742,320.7991659694335,325.4112426267099,-4.612076657276418,-3.3596175753205872,-1.252459081955831,-1.4286394815396903,-2.184291531966173
2023-08-12 00:00:00-04:00,313.53494463144494,315.6397913083232,312.50697541012306,314.2691955566406,24355500.0,0.0,-0.06440290201946733,0.0,0.010892796000552929,0.006633616150641836,0.10530539176595928,0.013565353971620338,0.21534331833281858,0.01316736186760964,0.2090253895469406,34.02914801533839,3.1328158982001355,6.883793145700348,0.8953339190595051,325.9714595714507,-0.03723643354253268,324.67554168701173,340.7516497491118,308.5994336249117,0.09902875947210996,0.17634124844854682,319.7945551366961,324.5859058067048,-4.791350670008683,-3.6459641942582066,-1.1453864757504761,-1.294635006205814,-2.077008477495209
2023-08-13 00:00:00-04:00,313.53494463144494,315.6397913083232,312.50697541012306,314.2691955566406,24355500.0,0.0,-0.06440290201946733,-0.009350779630859507,0.012170452781849361,0.005714433374258992,0.09071381755162189,0.013565353971620338,0.21534331833281858,0.01316736186760964,0.2090253895469406,34.02914801533839,3.1328158982001355,6.615866199450332,0.8991725419645233,324.859723307813,-0.033698904954442624,323.4958435058594,338.9479151993263,308.0437718123925,0.09553180978158086,0.20144301255346314,318.94449981668754,323.8217050474408,-4.877205230753248,-3.892212401557215,-0.9849928291960328,-1.1942279497861474,-1.9728529762239322
2023-08-14 00:00:00-04:00,314.64124818370647,317.2551649738709,313.35872896949473,317.235595703125,18836100.0,0.009394772631387419,0.5789498197674156,0.0067731100152421675,0.02172437223005086,0.00552855579246905,0.08776310241731235,0.013762213816972393,0.2184683714964356,0.013074075027407386,0.20754450686831952,39.8646712504578,3.8964360043761417,6.421621185516462,0.7259594650374674,323.07851113901836,-0.018418221394553937,322.1771270751953,334.60777818574985,309.74647596464075,0.07716656500977034,0.30123602021640794,318.68159149152405,323.33384509601,-4.6522536044859635,-4.044220642142965,-0.6080329623429988,-0.7950559191343699,-1.5451235671146748
2023-08-15 00:00:00-04:00,316.21745534246327,318.2635647035866,314.161546406682,315.10137939453125,16966300.0,-0.0067502755544925725,-0.5463852060159935,0.0024344265486180294,0.014850676946052133,0.00646507386473638,0.10262986592253419,0.013001581301101356,0.20639370463981066,0.013060565360214374,0.20733004755019174,37.30773457894409,4.102018296904589,6.2559352649013285,0.7106119129052983,321.8660092808613,-0.021468106230852824,321.39833374023436,333.5349157973897,309.261751683079,0.07552361529642883,0.24057958344249708,318.13078963044825,322.72403282182637,-4.5932431913781215,-4.1540251519899964,-0.4392180393881251,-1.0376816662300097,-1.729462895671281
2023-08-16 00:00:00-04:00,314.72857479436016,318.2800883607637,313.7475006460735,314.3361511230469,20698900.0,-0.0024314681326991637,-0.24595705550550842,0.01110816836503914,-0.004598006174484803,0.005910391989351392,0.0938245641283926,0.010367827769623753,0.1645841634862435,0.01300330286087544,0.20642103355398683,36.40607439358028,4.532587714690237,6.132839011314822,0.9027467638951886,321.3611012974253,-0.022348527680573767,320.9263717651367,333.4031124487502,308.4496310815232,0.07775453674928502,0.23589975101649813,317.5469990908481,322.1027082515464,-4.5557091606983136,-4.234361953731661,-0.321347206966653,-1.0564009959340075,-1.7406533449687782
2023-08-17 00:00:00-04:00,314.47354784052,315.77836341676965,310.22547958022847,310.8828125,21257200.0,-0.01104692577414662,-0.8390585386502829,0.0012638894909049458,-0.017304286515914757,0.007718482932099908,0.12252711802219798,0.0096712165499482,0.15352580319969011,0.012394278389078332,0.19675306978562113,32.57941238980173,5.552883836541184,6.091413641688133,0.9419421763635756,320.24257877629157,-0.03010705609944765,319.907275390625,332.1559969363976,307.65855384485235,0.07657669886260794,0.1316161300221748,316.521739615333,321.271604862543,-4.749865247209982,-4.337462612427325,-0.4124026347826568,-1.4735354799113032,-2.0356664558008615
2023-08-18 00:00:00-04:00,308.538028861624,312.3544220351469,305.65366819423417,310.4903869628906,24755000.0,-0.0012630914549310115,-0.16013124815787494,0.0,-0.03217113444643116,0.007650205129724956,0.12144324151129715,0.007836430701192358,0.12439948081047894,0.01223941790861857,0.19429473587037008,32.16565907584295,6.700753840912739,6.1349379416327485,1.1060760683653754,319.0018329349594,-0.027412913022283186,318.8685577392578,330.5733044236877,307.16381105482793,0.07341424170144105,0.14210371218404214,315.5938392072649,320.47299612923536,-4.879156921970434,-4.445801474335947,-0.4333554476344874,-1.4315851512638327,-1.9737679208195384
2023-08-19 00:00:00-04:00,308.538028861624,312.3544220351469,305.65366819423417,310.4903869628906,24755000.0,0.0,-0.0721598247308735,0.0,-0.010907275616363288,0.004547776076515634,0.07219370710121652,0.007836430701192358,0.12439948081047894,0.01223941790861857,0.19429473587037008,32.16565907584295,6.700753840912739,6.175353363009891,1.1153701886847711,317.74023565046707,-0.023349671976939296,317.8298400878906,328.54829367794304,307.11138649783817,0.06744774868897409,0.15762537182548583,314.8086927081304,319.733543598395,-4.924850890264565,-4.5416113575216706,-0.3832395327428948,-1.3694985126980572,-1.877534240796423
2023-08-20 00:00:00-04:00,308.538028861624,312.3544220351469,305.65366819423417,310.4903869628906,24755000.0,0.0,-0.0721598247308735,-0.01677631051245365,-0.020124993390707946,0.004638958078843039,0.07364117651443587,0.007836430701192358,0.12439948081047894,0.01223941790861857,0.19429473587037008,32.16565907584295,6.700753840912739,6.21288196857438,1.117109189469706,316.69650228483613,-0.019988107788622936,316.91105194091796,326.76139449059235,307.06070939124356,0.062164714605856056,0.1740892539701795,314.1443379780935,319.04886532909836,-4.904527351004845,-4.6141945562183055,-0.29033279478653906,-1.303642984119282,-1.7966861106154546
2023-08-21 00:00:00-04:00,311.91289216820854,316.6612873829202,311.03975175794454,315.78814697265625,24040000.0,0.016918626749269996,1.1147936646846437,-0.0017986008824093513,-0.0034058199716482385,0.010070030335383914,0.15985677577381313,0.008896481528775126,0.1412272660117122,0.012450248459370618,0.1976415671067583,44.12948266326645,6.170900420029568,6.209883286535465,1.0710015200737049,316.1346797214413,-0.0010973583147660987,316.23659057617186,324.18545285389297,308.28772829845076,0.05027161634419698,0.4717919629345887,314.39723166956475,318.80733063602855,-4.410098966463806,-4.573375438267406,0.1632764718035995,-0.11283214826164552,-1.1977146421736253
2023-08-22 00:00:00-04:00,319.3396208763862,319.9086306831472,315.37607311272194,316.3571472167969,16084600.0,0.0018002203070667862,0.0611600267933786,-0.01388386965684052,-0.0016101150435769984,0.0075851078360066725,0.12040985401008572,0.008907132511931601,0.14139634512761445,0.012364988482548736,0.1962881069340113,45.24644257755529,4.53255757042524,6.090074306813307,0.7357182602403345,315.85789900281316,0.0015781158047982673,316.02330017089844,323.70088801785215,308.3457123239447,0.04858874546783002,0.5217416623914567,314.6987571383697,318.6258355679373,-3.9270784295676435,-4.444116036527454,0.5170376069598106,0.08696664956582686,-1.1064608264514268
2023-08-23 00:00:00-04:00,317.6914401510816,322.96962389693414,317.33823788637403,320.8112487792969,21166400.0,0.013981152062236001,0.910819866583094,0.02197068054785256,0.01019463774431828,0.008232486695274929,0.13068667480407264,0.007579881828131306,0.12032689370695841,0.012393633180192683,0.19674282741209043,53.14337224819398,6.612476680137263,6.127388762050733,0.961755864209872,315.93259041715845,0.015207254672964141,316.07383422851564,323.8685161615159,308.27915229551536,0.04932190576310005,0.8038876115473351,315.63914046774306,318.78771802803806,-3.1485775602949957,-4.185008341280962,1.0364307809859667,1.2155504461893427,-0.633012346285844
2023-08-24 00:00:00-04:00,326.5505786182069,326.67812306443534,313.90451683464374,313.9143371582031,23281400.0,-0.02173280306065334,-1.6035187750057827,-0.00931936667524147,-0.025699417987167794,0.015274260933192656,0.24247137533722277,0.008939779060015024,0.14191459301197515,0.012452446025376424,0.19767645238560436,42.840091240236895,12.773606229791596,6.60211858117508,1.0589638652585902,315.5576712038177,-0.005234976078159699,315.72469635009764,323.2298904276863,308.219502272509,0.047542648163743165,0.37939291288279603,315.37378611242923,318.4267268524947,-3.0529407400654804,-3.958594821037866,0.9056540809723854,-0.4824283484688173,-1.2980709207861216
2023-08-25 00:00:00-04:00,315.3859085389872,319.20227141780845,312.7664273820528,316.8673400878906,21684100.0,0.009363063670295402,0.581874670403423,0.0,-0.01767076601670392,0.01551024770326268,0.24621754917506275,0.009173802654324603,0.14562960240076284,0.012406029873701822,0.19693961882071845,47.5306642663966,6.435844035755622,6.590241827930834,0.9909467533093671,315.33290653198475,0.004842510924225471,315.52320861816406,322.6505863717364,308.39583086459174,0.04517815209085072,0.5942935477955318,315.60356364711555,318.3112167217833,-2.7076530746677463,-3.7084064717638423,1.000753397096096,0.37717419118212725,-0.9849549094460649
2023-08-26 00:00:00-04:00,315.3859085389872,319.20227141780845,312.7664273820528,316.8673400878906,21684100.0,0.0,-0.07974790936153203,0.0,-0.014583966235595547,0.013751065853160957,0.21829140305721675,0.009173802654324603,0.14562960240076284,0.012406029873701822,0.19693961882071845,47.5306642663966,6.435844035755622,6.579213414204034,0.9956272769577216,315.10601860507614,0.00555854535947421,315.3217208862305,322.0246468958496,308.61879487661133,0.04251483843726449,0.6152943654339968,315.79799079185017,318.2042628970505,-2.406272105200344,-3.447979598451143,1.041707493250799,0.46117746173598884,-0.9594195408866991
2023-08-27 00:00:00-04:00,315.3859085389872,319.20227141780845,312.7664273820528,316.8673400878906,21684100.0,0.0,-0.07974790936153203,-0.0022242391715366905,-0.017282230400461618,0.013738040007536452,0.2180846241683842,0.009173802654324603,0.14562960240076284,0.012406029873701822,0.19693961882071845,47.530664266396606,6.435844035755622,6.568972744314863,0.9866964500432622,314.8670841069083,0.006312597506664817,315.00618133544924,320.66467721578,309.3476854551185,0.03592625297917586,0.6644570210708182,315.9625060681641,318.1052315778535,-2.1427255096893987,-3.186928780698794,1.0442032710093954,0.6578280842832716,-0.9329332123462466
2023-08-28 00:00:00-04:00,319.49659681490056,319.9773135458313,315.63116244372804,317.5736999511719,14808500.0,0.0022267164655607875,0.07232252606068278,-0.01434179943663716,-0.015091558464420896,0.01166580230389822,0.18518887044095422,0.009030481819054035,0.14335445467384297,0.012174271252745946,0.19326056476925127,48.786223941800436,4.346151102103249,6.410199769871176,0.6855625168109457,314.7357478598167,0.008936357424407427,314.92469635009763,320.37168389741777,309.4777088027775,0.03459231753145704,0.7431622596950425,316.21038205016526,318.06585886476597,-1.8554768146007063,-2.920638387479177,1.0651615728784707,0.9726490387801714,-0.8407514223622616
2023-08-29 00:00:00-04:00,315.7881368695037,322.7537689845137,315.7881368695037,322.1945495605469,19284600.0,0.014445637050048105,0.934795232481896,-0.0011557361020037016,-0.0007606683811439696,0.006436867788080294,0.10218210833677722,0.00921128280016472,0.14622458127073515,0.01209641051565451,0.19202456388581055,56.17444267359858,6.96563211501001,6.449873508809665,0.8992134924455873,315.033130182217,0.022227003492447633,315.26123962402346,321.6061667944395,308.9163124536074,0.04025186970642456,1.0463663924190316,317.1310232056086,318.3716878051942,-1.2406645995856138,-2.5846436299004645,1.3439790303148507,2.185465569676133,-0.36842845024933474
2023-08-30 00:00:00-04:00,322.44962819676334,323.5680370692741,320.2716425608164,322.5673522949219,15222100.0,0.0011564044800010673,-0.0033396895690857866,0.0031423271081849613,0.00039552484320037884,0.006152215962315424,0.09766340068949123,0.008774782293914882,0.13929535055058995,0.012086573878011835,0.19186841210417308,56.71695880059903,3.296394508457695,6.224625008784525,0.7179729542657252,315.25066977237356,0.02268265052397091,315.5821594238281,322.71632377790183,308.44799506975437,0.04521272284275437,0.9895592899471896,317.9673815270414,318.6824777673963,-0.7150962403548533,-2.210734151991342,1.4956379116364888,1.958237159788754,-0.3149758022943157
2023-08-31 00:00:00-04:00,322.96966464024024,324.64729327421776,320.59545171132726,321.5569152832031,26411000.0,-0.003137400316719698,-0.3162727358009898,-0.0027381979513346755,-0.01735834930614444,0.006738843557662831,0.10697582506647364,0.008817554292193035,0.13997433497371758,0.0120890349816112,0.1919074809126212,54.739089391218975,4.051841562890502,6.069426191220666,1.2397045287165436,315.69766595071667,0.018221500002032518,315.94654541015626,323.5287367392739,308.36435408103864,0.04799667183747525,0.8699702124042663,318.51961748952783,318.89539906486345,-0.3757815753356226,-1.8437436366601985,1.4679620613245759,1.4798808496170615,-0.39708902598417356
2023-09-01 00:00:00-04:00,325.0396597293619,325.7067829359754,320.5953952258838,322.4398193359375,14942000.0,0.0027419536728510597,0.10323326702660042,0.0,-0.01267734523411157,0.006548845109543051,0.10395969320719477,0.00868696839890435,0.1379013481834671,0.011908867817823361,0.1890474158538064,56.177140554326805,5.111387710091606,6.000994871140019,0.717206991880182,316.022939545036,0.019901015340217574,316.3550765991211,324.4217314137319,308.2884217845103,0.05099747348029879,0.8771540295610122,319.12272546589855,319.1579487145726,-0.03522324867407178,-1.4820395590629734,1.4468163103889016,1.508616118244046,-0.29565634933241397
2023-09-02 00:00:00-04:00,325.0396597293619,325.7067829359754,320.5953952258838,322.4398193359375,14942000.0,0.0,-0.09247304885494635,0.0,-0.0037889313045115225,0.006729175027223108,0.10682234190395185,0.00868696839890435,0.1379013481834671,0.011908867817823361,0.1890474158538064,56.1771405543268,5.111387710091606,5.937451502493705,0.7337847420703907,316.36325009368284,0.01884559188368643,316.76360778808595,325.20438736443737,308.32282821173453,0.05329387195260307,0.8362373994313645,319.6330475997507,319.40105024208117,0.23199735766951335,-1.139232175716476,1.3712295333859894,1.3449495977254626,-0.2821419913790547
2023-09-03 00:00:00-04:00,325.0396597293619,325.7067829359754,320.5953952258838,322.4398193359375,14942000.0,0.0,-0.09247304885494635,0.0,-0.016782898435872995,0.002155403132078678,0.034215963975419324,0.00868696839890435,0.1379013481834671,0.011908867817823361,0.1890474158538064,56.1771405543268,5.111387710091606,5.878446945893555,0.7408687382596824,316.5476107534729,0.018273824227415726,317.02381896972656,325.838454133465,308.2091838059881,0.05560866178689354,0.8072163660551275,320.0648586360871,319.6261442490335,0.4387143870536079,-0.8236428631624593,1.2623572502160672,1.2288654642205077,-0.26841176721973065
2023-09-04 00:00:00-04:00,325.0396597293619,325.7067829359754,320.5953952258838,322.4398193359375,14942000.0,0.0,-0.09247304885494635,-0.01466029414219594,-0.016782898435872995,0.0020814847514320552,0.033042546060373885,0.008484599668189438,0.1346888441758224,0.01187535010109964,0.18851533859601236,56.1771405543268,5.111387710091606,5.82365700047913,0.7446055713360243,316.82811749524893,0.017403873542187896,317.3907409667969,326.47524678239137,308.30623515120243,0.057244932778582995,0.7778950485382128,320.4302372052948,319.8345646258412,0.5956725794536055,-0.5397797746392463,1.1354523540928518,1.1115801941528511,-0.2505619946003323
2023-09-05 00:00:00-04:00,322.77333851429205,328.5126272691879,322.4397769548283,327.2372131347656,18553900.0,0.01476881822369954,0.9543579552969119,0.0020124520470410356,-0.0021541852835709197,0.006409190182584053,0.10174273997060437,0.00882304178092642,0.1400614461567824,0.012028375566980786,0.19094454255790022,64.43557050398121,6.0728503143595844,5.841456522899163,0.9295657510740365,317.44112688245974,0.029935734259757235,318.0357940673828,327.99687404559893,308.0747140891667,0.0626412508530762,0.9618685467592567,321.47746427136724,320.3829089598356,1.0945553115316216,-0.21291275740507273,1.3074680689366942,1.847474187037026,0.238354030978239
2023-09-06 00:00:00-04:00,327.0705236753987,328.13007064456224,323.9310742393436,326.5799865722656,17535800.0,-0.0020104297781118803,-0.24466307441217622,0.009002542265889257,-0.014972975062683913,0.006884847937167698,0.10929357273745068,0.008813419600392504,0.139908698776205,0.012030282199414299,0.19097480940946435,62.692531889063,4.198996405218622,5.7241379430648385,0.8868253152675678,318.19887307901826,0.0256632795573736,318.8206527709961,328.88181111849013,308.7594944235021,0.06311484692129278,0.8856083729763664,322.26246770227465,320.84195174594157,1.4205159563330767,0.11377298534255717,1.3067429709905196,1.5424334919054643,0.17835436301254912
2023-09-07 00:00:00-04:00,325.02005529596454,326.77615642313435,322.8028181923794,323.6661682128906,18381000.0,-0.008962260957880887,-0.7349287713556341,-0.0130433876310736,-0.00560620239465115,0.008654476071865381,0.13738554848228976,0.008671854845270582,0.1376614279574188,0.01201882109623399,0.19079287003687104,55.52160355275412,3.973338230754962,5.59908082075699,0.9447966536074568,318.9475706506952,0.014578593704275559,319.4794418334961,328.95221101156875,310.0066726554234,0.05930127537288997,0.7209874589304822,322.4784216269848,321.0511529657156,1.4272686612692382,0.3764721205278934,1.0507965407413449,0.8839498357219263,-0.10589754673614499
2023-09-08 00:00:00-04:00,323.84278154918144,329.7979091740935,323.2247000080773,327.94366455078125,19530100.0,0.013129199614250462,0.845302930721256,0.0,-0.005326371704548194,0.010217197317558898,0.16219297919002246,0.008971353749946575,0.1424158256756723,0.012049068212475473,0.191273028121582,62.33295086707634,6.57320916601617,5.668661416846931,1.017524728772175,319.9506380465659,0.024373169444100125,320.35210571289065,329.5498463318288,311.1543650939525,0.05742269493418877,0.9126860689167281,323.31922823064576,321.56170937942414,1.7575188512216187,0.6526814666666385,1.1048373845549802,1.6507442756669128,0.32258426159530984
2023-09-09 00:00:00-04:00,323.84278154918144,329.7979091740935,323.2247000080773,327.94366455078125,19530100.0,0.0,-0.09645421813223659,0.0,-0.013079337486471942,0.010217197317558898,0.16219297919002246,0.008971353749946575,0.1424158256756723,0.012049068212475473,0.191273028121582,62.33295086707634,6.57320916601617,5.73327197035902,1.0315653144409425,320.98138762706577,0.021230100399263506,321.22476959228516,329.7717293878722,312.6778097966981,0.05321482404009678,0.8930575970396624,324.03067997220506,322.0344467995247,1.9962331726803768,0.9213918078693861,1.0748413648109907,1.5722303881586508,0.31817357755809317
2023-09-10 00:00:00-04:00,323.84278154918144,329.7979091740935,323.2247000080773,327.94366455078125,19530100.0,0.0,-0.09645421813223659,-0.010859864286213994,0.01226457510409662,0.0079970264125533,0.12694885869378633,0.008971353749946575,0.1424158256756723,0.012049068212475473,0.191273028121582,62.33295086707634,6.57320916601617,5.793267484334531,1.043999851392487,321.67850512209867,0.019104377080327573,321.8325454711914,330.4798916643489,313.1851992780339,0.0537381710758743,0.85335228537661,324.6326775996783,322.4721666329511,2.1605109667272018,1.1692156396409492,0.9912953270862526,1.4134091415064403,0.32236453236351376
2023-09-11 00:00:00-04:00,330.85742559530763,332.01511580762883,329.08168383895804,331.544189453125,16583300.0,0.010919263045467188,0.6830506208558724,0.018597301795936882,0.023378324825150676,0.009033404854848293,0.14340085642855266,0.008579707743293278,0.13619863806221527,0.01195077137140218,0.18971261414472299,67.55625284919,4.071451256847581,5.670280610942606,0.885295855792756,322.3436728766502,0.027750498633834757,322.59189758300784,331.8597544529552,313.32404071306047,0.0574587082898609,0.9829752981590881,325.6959871155932,323.1441683233343,2.551818792258871,1.4457362701645335,1.1060825220943373,1.9319011926363496,0.6984519993355475
2023-09-12 00:00:00-04:00,329.4643042616368,330.4159473154807,325.20644635330586,325.4909362792969,17565500.0,-0.018426486530965933,-1.4094870516584634,-0.012765649826789294,0.004693732273572948,0.012498202578014466,0.19840281514039573,0.009702663694269894,0.15402501113960027,0.012179637035509281,0.19334574392993717,53.99886873591746,6.337743099819136,5.717956503005215,0.9468310093556531,322.58008862823937,0.008942945337684525,322.8258819580078,332.14062752352737,313.51113639248825,0.05770755125966753,0.6430556692366514,325.6644408330861,323.3180029867389,2.3464378463471576,1.6258765854010584,0.7205612609460992,0.572222676946607,0.1035673250487219
2023-09-13 00:00:00-04:00,325.0396659724569,330.4748250083912,324.90233116375424,329.69976806640625,16544400.0,0.012847830880033266,0.8235626503230635,-0.007794482090783705,0.021272633498220284,0.012431090581535787,0.19733744522436597,0.009631819099188527,0.15290038805769007,0.012156757342185083,0.19298254005828164,60.008351196725684,5.572493844636938,5.707566313121767,0.9082826357456903,323.457225704208,0.018934021090791085,323.61515350341796,332.411169247147,314.81913775968894,0.054360963314013126,0.8458733328965575,326.28526040744305,323.79072632597354,2.49453408146951,1.7996080846147489,0.6949259968547612,1.3834933315862277,0.5624520542061057
2023-09-14 00:00:00-04:00,332.7312602833099,334.4088885367708,330.2001023910707,332.289794921875,20267000.0,0.00782501784339547,0.45118334780240094,0.025679787193857884,0.030579570819317725,0.012751437529963395,0.20242279537715327,0.008141923845244257,0.12924903412885827,0.012024574029216905,0.19088419501676313,63.194787701974676,4.709120470364553,5.636248752924823,1.1169972961026622,324.3443019430549,0.02391133612962191,324.3862762451172,333.3930667099935,315.3794857802409,0.055531267038377845,0.9387533332533432,327.2090349481249,324.420286962707,2.788747985417899,1.9974360647753788,0.7913119206425203,1.7550133330133684,0.8549276153764226
2023-09-15 00:00:00-04:00,330.54351516502703,331.0144115945299,323.4110869464427,323.9703063964844,37679800.0,-0.025355599784182174,-1.9680006784993178,0.0,0.029460553953332358,0.018015623208977007,0.28598915234877953,0.010029353995152385,0.1592110588908319,0.012394190205494076,0.19675166991461918,49.5403930724499,8.878707975432292,5.867852983103928,1.989013387640866,324.73503089332456,-0.002360477123185159,324.7414245605469,333.0315179157556,316.45133120533814,0.051056580579008214,0.453491587427179,326.7107690171033,324.3869550689127,2.3238139481906046,2.062711641458424,0.2611023067321807,-0.18603365029128405,-0.0051194277536719054
2023-09-16 00:00:00-04:00,330.54351516502703,331.0144115945299,323.4110869464427,323.9703063964844,37679800.0,0.0,-0.11342076588058608,0.0,0.033455449359523604,0.016597681588468666,0.26348002693994155,0.010029353995152385,0.1592110588908319,0.012394190205494076,0.19675166991461918,49.5403930724499,7.603324648087209,5.991815244888448,1.9084419119974676,325.0941043421326,-0.00346883008553532,325.09657287597656,332.53074203498016,317.66240371697296,0.04573514321136641,0.4242506825306662,326.289159383162,324.35609220428836,1.933067178873614,2.0367827489414623,-0.10371557006784826,-0.3029972698773346,0.04962088223794986
2023-09-17 00:00:00-04:00,330.54351516502703,331.0144115945299,323.4110869464427,323.9703063964844,37679800.0,0.0,-0.11342076588058608,0.0035251463146996898,0.041670718370827364,0.014703898050241705,0.23341714526512242,0.010029353995152385,0.1592110588908319,0.012394190205494076,0.19675166991461918,49.5403930724499,7.603324648087209,6.106923059402646,1.8039561331841838,325.25932765252725,-0.003978825313901855,325.41640319824216,331.98821970738084,318.8445866891035,0.0403901981863843,0.3899773905930827,325.932412769827,324.32751547778435,1.604897292042665,1.950405657561703,-0.3455083655190381,-0.44009043762766975,0.10383876943265753
2023-09-18 00:00:00-04:00,321.59611231194907,324.14691123207,320.18336306203616,322.832275390625,16834200.0,-0.0035189475498602495,-0.3671341630284739,0.0012475643343683451,0.038011575690167554,0.012529004331631993,0.1988917778204957,0.010074081480956005,0.15992108571606517,0.01239636601802492,0.19678620986775586,47.77671625746562,3.963548170033846,5.95382485301916,0.810708701915911,325.30326147514694,-0.007654086263624237,325.4482894897461,331.9602009892602,318.936377990232,0.04001810247473597,0.2991362367780708,325.45546855764206,324.21675695280953,1.238711604832531,1.8080668470158687,-0.5693552421833377,-0.8034550528877185,-0.006046311560188822
2023-09-19 00:00:00-04:00,319.9969783891352,323.15603844559445,318.36839165791633,322.4300231933594,16505900.0,-0.001246786772622606,-0.19836652415128,0.024566090577440303,0.03671820303527018,0.010901662211075854,0.17305852252642348,0.009579766575432306,0.1520740798598566,0.011302056186391702,0.17941457983722908,47.13792490016753,4.7876467876781135,5.870526419780514,0.7924485998717652,325.28938873813394,-0.008868173988437228,325.441423034668,331.966401734281,318.91644433505496,0.040099251280117154,0.2692406381734847,324.9900154246755,324.0844063039614,0.9056091207141321,1.6275753017555217,-0.7219661810413895,-0.9230374473060591,-0.029050511220622098
2023-09-20 00:00:00-04:00,323.27370381191565,323.35217655843377,314.4440377985017,314.6990966796875,21436500.0,-0.0242691966966005,-1.8708996261066577,0.0038805716167076287,0.010171699781303722,0.010420243921770081,0.16541624410581615,0.01094093323928912,0.1736819307727161,0.01158481178742081,0.1839031858500308,36.92074585643838,8.908138759932058,6.0874987297913385,1.0416049165559618,324.9773410786469,-0.03266054624052815,325.09853210449216,333.0482370263937,317.14882718259065,0.04890643381524924,-0.1540768196410737,323.4067971562158,323.3891981836448,0.017598972571022387,1.3055800359186218,-1.2879810633475994,-2.6163072785642973,-1.0600135060318778
2023-09-21 00:00:00-04:00,313.21772575271143,319.1924634099481,309.0383405191742,313.48260498046875,35560400.0,-0.003873061621118644,-0.3713452811882247,0.007949320908216206,0.0236752221756944,0.010016795742811113,0.1590117028152523,0.010948702548953172,0.1738052647400945,0.011248127297122467,0.17855848526029908,35.61268616042379,10.15412289077392,6.377971884147238,1.6454631352846074,324.11935515731795,-0.0339309103850018,324.6506713867187,334.0990242318019,315.2023185416356,0.05820627325195593,-0.09100599804873677,321.879998359947,322.65537646489105,-0.7753781049440249,0.8893884077460924,-1.6647665126901172,-2.3640239921949524,-1.2036693546742987
2023-09-22 00:00:00-04:00,315.23871105160333,315.36625546450654,310.16654519847,311.0102844238281,21447900.0,-0.007917891508482712,-0.6644114672576269,0.0,0.01349139308730063,0.009317650272064987,0.1479131125401437,0.011003243970682445,0.1746710829683798,0.011237206371151148,0.17838512093505912,33.04992633219656,5.199710266036561,6.293810339996475,0.9777277342873001,323.5357007325716,-0.04027331871660725,324.0791946411133,335.305850803979,312.8525384782476,0.0692834118851607,-0.08204820864261766,320.2077346774672,321.79277705444196,-1.5850423769747408,0.39450225080192575,-1.9795446277766666,-2.328192834570473,-1.5334904802458411
2023-09-23 00:00:00-04:00,315.23871105160333,315.36625546450654,310.16654519847,311.0102844238281,21447900.0,0.0,-0.08388238868585114,0.0,0.010744582210841402,0.009872695859515866,0.15672418808433636,0.011003243970682445,0.1746710829683798,0.011237206371151148,0.17838512093505912,33.04992633219656,5.199710266036561,6.215660334713625,0.9634409123802824,322.96910334022635,-0.0384515223943572,323.5077178955078,336.1589648929771,310.85647089803854,0.0782129531855905,0.006078986752070991,318.7927423307535,320.9940738966187,-2.201331565865189,-0.12466451253149718,-2.0766670533336917,-1.9756840529917206,-1.5733797807938914
2023-09-24 00:00:00-04:00,315.23871105160333,315.36625546450654,310.16654519847,311.0102844238281,21447900.0,0.0,-0.08388238868585114,-0.0016692422042029476,0.003990471967441733,0.010082418354017759,0.16005342947306506,0.011003243970682445,0.1746710829683798,0.011237206371151148,0.17838512093505912,33.04992633219656,5.199710266036561,6.143092472665263,0.9495656031449858,322.4188260229987,-0.03668220046261759,322.93624114990234,336.76809198268984,309.10439031711485,0.08566304471455682,0.06889512219852312,317.59544111430347,320.2545339356713,-2.6590928213678353,-0.6315501742987648,-2.0275426470690707,-1.7244195112059069,-1.5225928981318753
2023-09-25 00:00:00-04:00,310.59827150671464,311.6578483890655,309.0383671510389,311.5303039550781,17836000.0,0.0016706369412898044,0.03812080738520977,0.017299997030282954,0.00566917740182693,0.0038729988413501617,0.06148195057352299,0.011022313690151567,0.17497380538010215,0.01122429266490169,0.1781801222036179,34.29212068832689,2.6194812380265944,5.891405955905357,0.7909124005539402,321.79001706932485,-0.03293327481786859,322.150895690918,336.7185755366446,307.5832158451914,0.09044010145918278,0.135474150711948,316.6623430898073,319.6082946778496,-2.9459515880423055,-1.094430457047473,-1.8515211309948325,-1.4581033971522108,-1.3869045396455288
2023-09-26 00:00:00-04:00,309.1658848784398,309.9016904509528,304.15258067558153,306.23248291015625,26297600.0,-0.01715205589835097,-1.331036116813004,-0.002078062183146767,-0.011433028273281076,0.007908405484313367,0.12554204507131494,0.010846065205738008,0.17217594742784026,0.011154907398548998,0.17707866524709068,28.49214747129176,7.377723279496593,5.997571479019017,1.1439080683762766,320.7175124356093,-0.04730076113350371,321.1335205078125,337.1671045414362,305.0999364741888,0.09985618448220285,0.035317943685966594,315.0577492160148,318.61749380616857,-3.5597445901537412,-1.5874932836687268,-1.9722513064850145,-1.8587282252561343,-2.1214706138035115
2023-09-27 00:00:00-04:00,306.3894315511619,308.3515797645924,303.828842503838,306.87017822265625,19410100.0,0.0020802243502964553,0.06840991778071145,-0.002710245883876694,-0.027998661791349466,0.008145443193891308,0.12930490205664044,0.010904303566163178,0.1731004527385351,0.010135526019027155,0.16089648751902222,30.026295046078573,4.522737260754354,5.892226177714399,0.8424261139465508,320.0166284056453,-0.042840429327904106,320.2937210083008,337.48633567325396,303.1011063433476,0.10735530256934135,0.10961310867368564,313.7981229093443,317.74732228146394,-3.949199372119665,-2.0598345013589148,-1.8893648707607502,-1.5615475653052557,-1.9469145388738016
2023-09-28 00:00:00-04:00,305.1042614505791,309.50930504825243,303.59342871178666,307.7041320800781,19683600.0,0.0027139252497466854,0.10966289576098016,-0.00668231159708621,0.0007976326707006542,0.008453301539585555,0.13419200178709684,0.010880834440458061,0.17272789191791202,0.009820259323526176,0.15589178388128191,32.07856155289225,5.915876336465772,5.893915474768068,0.8540119288158522,319.1550279613365,-0.03721398150830921,319.2817443847656,336.95436772549283,301.6091210440384,0.11070237275720966,0.17244216997466266,312.8605858586879,317.00338226654645,-4.142796407858555,-2.476426882658843,-1.6663695251997117,-1.3102313201013511,-1.7607472937664481
2023-09-29 00:00:00-04:00,311.7362875557097,313.4237361635249,309.01872314440465,309.7741394042969,24147300.0,0.006704738204780628,0.4169122365358065,0.0,-0.010064097719154952,0.009360264104947386,0.14858958616545223,0.010505997207115756,0.16677753530860465,0.00939360626670076,0.14911887657448852,37.01644254293566,5.719604083446768,5.881464661102261,1.0372885724411225,318.29983270867814,-0.027522288725509422,318.3732681274414,336.0390946925183,300.7074415623645,0.11097556443090217,0.25661685878474755,312.38574794262775,316.4678827952687,-4.082134852640934,-2.797568476655261,-1.2845663759856727,-0.9735325648610089,-1.39698448532416
2023-09-30 00:00:00-04:00,311.7362875557097,313.4237361635249,309.01872314440465,309.7741394042969,24147300.0,0.0,-0.08288433627073867,0.0,-0.011303888004100204,0.009279649746149329,0.1473098728925687,0.010505997207115756,0.16677753530860465,0.00939360626670076,0.14911887657448852,37.01644254293566,4.405013019120247,5.776003829532117,1.0271028081110638,317.46143281563565,-0.024815801041757783,317.4647918701172,334.92592301437094,300.0036607258635,0.1100035757754045,0.2797779421537863,311.9839620136538,315.972049951493,-3.9880879378391683,-3.0356723688920426,-0.9524155689471256,-0.880888231384855,-1.3559809250166313
2023-10-01 00:00:00-04:00,311.7362875557097,313.4237361635249,309.01872314440465,309.7741394042969,24147300.0,0.0,-0.08288433627073867,-0.018800458919343344,-0.03517075859971297,0.00274778792184871,0.04361978098055203,0.010505997207115756,0.16677753530860465,0.00939360626670076,0.14911887657448852,37.01644254293566,4.405013019120247,5.678075914502697,1.0108417045827018,316.5840874564661,-0.021983591223156646,316.3762893676758,332.8268703784878,299.92570835686377,0.10399376668644104,0.29933383632348015,311.643989304522,315.5129454665155,-3.8689561619934807,-3.2023291275123302,-0.6666270344811505,-0.8026646547060804,-1.3093641260893498
2023-10-02 00:00:00-04:00,310.29410713051254,315.79794825806266,309.21491966040423,315.7096252441406,20570000.0,0.018979434310247494,1.3256190036369695,0.02683523753741146,-0.016683965895805453,0.007925393366598707,0.12581171934228685,0.01115609365055059,0.17709749641382147,0.009691393143418051,0.15384609669144417,50.02727815259359,6.583028597658426,5.742715391870964,0.8557093849521196,316.2212514086267,-0.0016205592847871834,315.887223815918,331.76860400597155,300.00584362586443,0.10055094978648692,0.49440859139281246,312.26947175677105,315.5275143389322,-3.2580425821611243,-3.2134718184420894,-0.0445707637190349,-0.022365634428750145,-0.3902904686746147
2023-10-03 00:00:00-04:00,314.7580581543042,315.3074873135017,305.32012806899473,307.4588928222656,21033500.0,-0.026481487245845096,-2.030256531255628,-0.017462861601101998,-0.04238187573070229,0.016630652916583714,0.2640034305474691,0.01185383903026538,0.18817386093283947,0.010219202496510366,0.16222481041906103,38.21086255963888,10.389497175145891,6.074628376390602,0.8668964542292603,315.38191330495687,-0.025769365166065775,314.7751800537109,329.6681609691797,299.88219913824213,0.09462614500245901,0.254371295008975,311.52938268992403,314.92983867103095,-3.4004559811069157,-3.250868650975055,-0.14958733013186087,-0.9825148199641017,-1.5843708134997443
2023-10-04 00:00:00-04:00,308.086742575961,313.9830083427308,308.0573115463436,312.9234313964844,20720100.0,0.01761713605602172,1.2116372672308997,-0.001252394505632859,-0.03292700179194563,0.01838061883478499,0.29178327828186534,0.012207315424951539,0.1937851247408672,0.00995228927259807,0.15798769434642243,47.11965496539765,6.524115520465159,6.106734600967356,0.8531830223162695,314.5715332888572,-0.005266789658472829,313.8068618774414,326.2162693437231,301.3974544111597,0.07908945898785519,0.4644048080717211,311.7438517217025,314.78121590995346,-3.0373641882509332,-3.2081677584302306,0.17080357017929737,-0.14238076771311564,-0.7437139890680122
2023-10-05 00:00:00-04:00,313.05094717371253,313.92411753909374,308.94024408682094,313.3158264160156,16965600.0,0.0012531794070377567,0.016531127191539995,-0.0241397435531856,-0.027497887900090112,0.01835466259804844,0.2913712357976092,0.01201242593561519,0.19069135000932108,0.009950418509047194,0.1579579968957179,47.702751181252054,4.983873452272803,6.02653023320346,0.7297052658426787,313.76411659831024,-0.0014307932906631436,313.27413787841795,324.7241503725963,301.8241253842396,0.07309899611708197,0.5018204581706297,311.98569398236606,314.67266854003213,-2.686974557666076,-3.1039291182774003,0.4169545606113241,0.0072818326825189435,-0.6648758318280785
2023-10-06 00:00:00-04:00,310.55896016931973,322.95974979851115,310.3136916713373,321.0662841796875,25673600.0,0.024435882690327974,1.72040668393507,0.0,-0.015522640349806771,0.02070112940657831,0.32862024160783393,0.012249344617157841,0.19445231748316408,0.010419216413991047,0.1653999329254951,57.63859672887382,12.64605812717383,6.499353654201344,1.133511040469765,313.3290227264691,0.024098642038938595,313.1289367675781,324.07017781925447,302.1876957159018,0.06988329577344393,0.8627261009341014,313.38270785887704,315.14626969852515,-1.763561839648105,-2.835855662551541,1.0722938229034362,1.4509044037364027,0.4966464459667034
2023-10-07 00:00:00-04:00,310.55896016931973,322.95974979851115,310.3136916713373,321.0662841796875,25673600.0,0.0,-0.08302232631913782,0.0,-0.011776919162155175,0.019708508896067248,0.31286287950538844,0.012249344617157841,0.19445231748316408,0.010419216413991047,0.1653999329254951,57.63859672887382,12.64605812717383,6.938403973699379,1.1643717730006578,312.8702373066406,0.025527585040539192,312.9837356567383,323.38283087117514,302.58464044230146,0.06645134573920443,0.888617872818799,314.5647965236171,315.5847892897224,-1.0199927661053039,-2.472683083262294,1.45269031715699,1.554471491275199,0.4911827066544478
2023-10-08 00:00:00-04:00,310.55896016931973,322.95974979851115,310.3136916713373,321.0662841796875,25673600.0,0.0,-0.08302232631913782,-0.007761954163915896,-0.0014342512408394015,0.011553797477431111,0.18341084894212875,0.012249344617157841,0.19445231748316408,0.010419216413991047,0.1653999329254951,57.63859672887382,12.64605812717383,7.346093556090411,1.1414910264131195,312.96520539647287,0.02523179537182669,312.8954360961914,322.9672679011801,302.82360429120274,0.06437825959143972,0.9056287000071319,315.56502539378175,315.99082594823835,-0.42580055445660037,-2.063306577501155,1.6375060230445548,1.6225148000285305,0.4768008000632608
2023-10-09 00:00:00-04:00,318.6038277713841,324.04877728616253,317.063534182084,323.577880859375,19891200.0,0.0077922349238255945,0.4859402735637115,0.004354539520541323,0.006377202476392174,0.010430751369694392,0.16558304467054627,0.012354902239321992,0.19612799278656604,0.010427361818932064,0.16552923722030619,60.663414688747125,6.985243104078506,7.320318523803846,0.8777898153398748,313.0862825858925,0.03242371896873289,312.9528289794922,323.26367076152286,302.64198719746156,0.0658939036637136,1.0152368790295927,316.7977723884884,316.5528300157299,0.24494237275848718,-1.6016567874492267,1.8465991602077139,2.0609475161183743,0.8283374368936434
2023-10-10 00:00:00-04:00,324.69629510828605,324.8336598616772,321.4685826836827,322.1749572753906,20557100.0,-0.004345085947359509,-0.40894373572287496,-0.012123144308789358,0.0020138933775482037,0.011415103688394624,0.18120915329704992,0.012390361332905745,0.19669088844659632,0.010321953692813305,0.16385593509305277,58.165028065565096,3.365077177994465,7.037801284817462,0.9089393710278035,313.4229022364715,0.027165534878733622,313.32662200927734,324.4166146679031,302.2366293506516,0.0707887034144031,0.8989333238751549,317.625031601858,316.96928388681584,0.6557477150421391,-1.1501758869509537,1.8059236019930929,1.5957332955006154,0.6004610364294624
2023-10-11 00:00:00-04:00,324.9415409038971,326.5210857572993,322.91074029238723,326.128662109375,20063200.0,0.012197228991131265,0.8277131202431007,0.0038047814415789194,-0.0006613266781725358,0.006697420765890105,0.10631825863262975,0.011334955287736934,0.17993683688033105,0.010317033007433349,0.16377782163428065,62.81314604079972,4.346128481908693,6.84553894175255,0.9185723468664556,314.00160013211433,0.03718490088796172,313.9589248657227,326.44103386044503,301.4768158710003,0.07951428041143176,0.9874872206611035,318.9332824491683,317.64775634774617,1.2855261014221355,-0.6630354892763359,1.9485615906984715,1.9499488826444138,1.1472258624998268
2023-10-12 00:00:00-04:00,324.313686937738,327.3157714229003,322.4986937835042,324.8925170898437,19313100.0,-0.003797561568235121,-0.3601582403941342,0.010465924265345983,-0.0027103484951914725,0.007326717446520815,0.11630803373959354,0.011333111450314735,0.17990756686866802,0.010329099937244754,0.16396937820649493,60.548044653126226,4.817077639396075,6.700648848727088,0.888572246213247,314.63305874968853,0.031578007496300936,314.6530364990234,327.9613449669632,301.3447280310836,0.08459037049833851,0.8847025568834519,319.850087778503,318.18440529160523,1.665682486897765,-0.19729189404151576,1.862974380939281,1.5388102275338076,0.9353133012857879
2023-10-13 00:00:00-04:00,326.0894240178062,327.5119635418574,320.1833385954494,321.5274353027344,21072400.0,-0.01041153563569781,-0.8744448364699039,0.0,-0.007209544453093741,0.009364569317965803,0.14865792930337957,0.011451396543905132,0.18178528451734516,0.01038855855217932,0.16491325445699823,54.75904106840666,7.328624946408013,6.745504284275726,0.970353705907639,315.14645867831337,0.01984582316719877,315.17889404296875,328.71041510673047,301.64737297920703,0.08586565483611949,0.734583430415943,320.10814124376935,318.4320371442815,1.6761040994878726,0.17738730466436195,1.4987167948235107,0.9383337216637726,0.4320293239146734
2023-10-14 00:00:00-04:00,326.0894240178062,327.5119635418574,320.1833385954494,321.5274353027344,21072400.0,0.0,-0.0745907800305368,0.0,-0.010835377465175156,0.008402254784745131,0.13338165967582896,0.011451396543905132,0.18178528451734516,0.01038855855217932,0.16491325445699823,54.75904106840666,7.328624946408013,6.787155760142318,0.9711933625318759,315.66074710697336,0.018246306696152476,315.7047515869141,329.3709291432799,302.03857403054826,0.08657568495673085,0.7130326381244781,320.3264941759178,318.6613258967595,1.6651682791583085,0.4749434995631513,1.190224779595157,0.8521305524979141,0.4166826771765617
2023-10-15 00:00:00-04:00,326.0894240178062,327.5119635418574,320.1833385954494,321.5274353027344,21072400.0,0.0,-0.0745907800305368,-0.014760620689500348,0.003244797169229763,0.008227764284404518,0.130611708855562,0.011451396543905132,0.18178528451734516,0.01038855855217932,0.16491325445699823,54.75904106840666,7.328624946408013,6.825832130589868,0.9640037970195684,316.11203382631084,0.01684273527490637,316.20460815429686,329.9589295316867,302.45028677690703,0.08699633732521822,0.69349653837475,320.51125434927417,318.87363029720206,1.6376240520721126,0.7074796100649436,0.930144442007169,0.7739861534990016,0.40000066134715
2023-10-16 00:00:00-04:00,324.7845483540111,329.7782415554048,324.3430830008452,326.344482421875,22158000.0,0.014870642655051976,1.059670654083397,0.0017466024156789217,0.0182751707217903,0.009271866487598462,0.14718631749347683,0.011812977620771792,0.18752520616640184,0.010487782689770202,0.1664883888097202,61.36354610816479,8.25080625267043,6.927615996452765,1.0233569043800026,317.23556284694746,0.02791197665524547,317.2102081298828,330.8349579445553,303.5854583152103,0.08590360250382482,0.8352088814928365,321.4086740527512,319.4270267508815,1.9816473018697138,0.9623131484258978,1.019334153443816,1.3408355259713456,1.0698374631791283
2023-10-17 00:00:00-04:00,323.3522278123477,327.1489800095309,321.2134933356926,325.7754821777344,18338500.0,-0.001745078879429837,-0.20555408496685248,0.0059072845610306235,0.016499749803246866,0.009098189350280369,0.14442927841090908,0.011000704201252022,0.17463076537857772,0.010451258307346455,0.16590858221361948,60.24476776622451,5.935486673838284,6.856749616266017,0.8490561233111823,318.06385952314304,0.023671586956270953,318.15547332763674,331.37696906939846,304.933977585875,0.08311342629737636,0.7881674282142263,322.080490687364,319.8972827084262,2.183207978937787,1.2064921145282756,0.9767158644095115,1.1526697128569037,0.9545484080619725
2023-10-18 00:00:00-04:00,326.197296197931,329.23863169332765,322.086593597573,323.8623352050781,23153600.0,-0.005889904966142192,-0.5285587124624107,-0.003652163446801082,0.002398618598201452,0.00788037661058183,0.12509710049477768,0.011168274248034458,0.17729085740439643,0.010476111306510745,0.16630311134435632,56.513903309690726,7.1520380957546195,6.877841650515203,1.0634483715234895,318.84047482378014,0.0155061575101594,318.96338348388673,331.45018597408335,306.4765809936901,0.078296150196359,0.6961651801987562,322.35462061316616,320.1909903007708,2.1636303123953553,1.3979197541016917,0.7657105582936636,0.7846607207950249,0.646421856085059
2023-10-19 00:00:00-04:00,325.86374730098373,330.50423844384994,324.6472250314816,325.0494689941406,25052100.0,0.003658848878211424,0.2133553515379351,0.0142344098379934,0.002390026186201988,0.007882280909451549,0.12512733030216497,0.011170801705707415,0.17733097955110777,0.010378649096323411,0.16475594672206198,58.24199160563431,6.6419032387718175,6.860988906819247,1.1482608171539912,319.69867825133826,0.01646146587890231,319.7271499633789,331.70566202648627,307.74863790027155,0.07492958958586633,0.7221611082712827,322.7692126717776,320.55087761139083,2.218335060386778,1.5620028153587089,0.6563322450280691,0.8886444330851289,0.7957125919980259
2023-10-20 00:00:00-04:00,325.441930986154,325.6381577998448,319.29060660305254,320.4875183105469,25027700.0,-0.014134051862785935,-1.1729462844865908,0.0,-0.0410953338002884,0.010838957072302846,0.17206310930770843,0.01170194576263358,0.18576263006096716,0.010543434330440917,0.16737183121732482,50.01645870130329,6.347551196792267,6.824314784674463,1.1448325705751448,320.2919455534866,0.0006102351757449215,320.26281890869143,331.28747534084414,309.2381624765387,0.06884755757611624,0.5101907666346919,322.4181827700498,320.5461843298468,1.8719984402029581,1.6240019403275587,0.2479964998753994,0.04076306653876741,0.0959592314909882
2023-10-21 00:00:00-04:00,325.441930986154,325.6381577998448,319.29060660305254,320.4875183105469,25027700.0,0.0,-0.06917339070579524,0.0,-0.003720725494037347,0.006806230685455784,0.10804556255671613,0.01170194576263358,0.18576263006096716,0.010543434330440917,0.16737183121732482,50.01645870130329,6.347551196792267,6.790260242682878,1.1425319794553597,320.88282846245454,-0.0012334650472241376,320.7984878540039,330.6567331614037,310.9402425466041,0.06146067192116126,0.48422794656856427,322.1211574685878,320.54183869878756,1.5793187698002384,1.6150653062220948,-0.03574653642185632,-0.06308821372574297,0.08574386241544635
2023-10-22 00:00:00-04:00,325.441930986154,325.6381577998448,319.29060660305254,320.4875183105469,25027700.0,0.0,-0.06917339070579524,-0.008046905395682757,-0.009520519249948012,0.006969329702990954,0.11063467919357828,0.01170194576263358,0.18576263006096716,0.010543434330440917,0.16737183121732482,50.01645870130329,6.347551196792267,6.7586381679764065,1.1310239735398315,321.1009176207129,-0.0019139569409740423,321.0373825073242,330.60363369911767,311.4711313155307,0.059595870842706136,0.47126020497721044,321.8698283673507,320.5378149663253,1.3320134010253923,1.5584549251827544,-0.22644152415736207,-0.11495918009115835,0.08657023116188373
2023-10-23 00:00:00-04:00,319.3102300618242,326.432838535165,318.2506830695963,323.0873718261719,24374700.0,0.00807945648017488,0.5747236714682107,-0.0036607039923959306,-0.0014855680800642812,0.008325987838176842,0.1321709594325853,0.01112071677206139,0.17653590587795642,0.010378994428560313,0.1647614287013732,54.582151884281835,8.182155465568712,6.860317974947285,1.0932606547130879,321.8529977096458,0.0038205582271726045,321.81880645751954,328.9610031583393,314.6766097566998,0.04438644701618777,0.5888077871410861,322.05714274563087,320.72667103001766,1.3304717156132142,1.5128582832688464,-0.18238656765563221,0.35523114856434385,0.4602253949681821
2023-10-24 00:00:00-04:00,325.02986091343166,325.5596493490343,321.3999044443215,324.2744445800781,31153600.0,0.003667420766346969,0.2264130028483355,-0.029764779370118344,0.002183127696606446,0.008327053704982938,0.1321878795435832,0.00915417027014484,0.14531794796366526,0.010385829272208897,0.16486992848063817,56.53441509571573,4.159744904712795,6.667419898501965,1.365362541849114,322.42375036519485,0.0057071849040705265,322.38635711669923,328.24005250797,316.53266172542845,0.03631478356357259,0.661273122119958,322.3982661047766,320.9894690707629,1.4087970340137304,1.4920460334178232,-0.0832489994040928,0.6450924884798308,0.621641837506422
2023-10-25 00:00:00-04:00,338.4901517493969,339.647841861584,331.23020990044404,334.2225036621094,55053800.0,0.030216741387265295,2.2871834923417613,0.0389763546092361,0.009961095694705158,0.012645058267846673,0.20073407694386086,0.010505257123562546,0.16676578684641744,0.010916333154453254,0.17329141653247535,68.6832414177733,15.373397281505902,7.289275425859389,2.2269603381671823,324.05004245671415,0.03043619473235509,323.4316909790039,329.89987532384055,316.9635066341673,0.03999722058934863,1.3341454191638387,324.2173795751355,321.96969385530707,2.2476857198284392,1.6431739706999464,0.6045117491284928,3.3365816766553467,2.022200421418525
2023-10-26 00:00:00-04:00,334.0949997460641,335.1643669777935,320.75238530520863,321.6844177246094,37828500.0,-0.03823595402293543,-3.0311074844197927,-0.005821453787429931,-0.03022685667591518,0.024753727676408502,0.39295324472156185,0.013858240955819634,0.21999275506745283,0.011636371649539618,0.18472167328682568,49.79308987615343,14.411981672584886,7.798040157768353,1.4934712819114822,324.02460897324994,-0.007274804496884204,323.46259765625,329.8889644199011,317.03623089259895,0.03973483679544604,0.36164966947588395,323.827693136593,321.9485622900702,1.8791308465227985,1.690365345864517,0.18876550065828157,-0.5534013220964655,0.16545390137772747
2023-10-27 00:00:00-04:00,324.1763153652428,330.3472799837888,322.1847360926127,323.56805419921875,29856500.0,0.005838464499706435,0.3765696501453043,0.0,-0.0469845578585939,0.024847297311195272,0.39443861662503943,0.012861200463640634,0.2041652279312504,0.011600944327402309,0.1841592819828719,51.931993908399285,8.662862259179406,7.8598131650120004,1.169083094118306,324.14662081465644,-0.0017880832422395888,323.5876861572266,329.91427601944633,317.26109629500684,0.03910278501231811,0.4984484565591117,323.78774868468923,322.0685246537108,1.7192240309784097,1.6961370828872957,0.023086948091114,-0.006206173763553282,0.4285951671371859
2023-10-28 00:00:00-04:00,324.1763153652428,330.3472799837888,322.1847360926127,323.56805419921875,29856500.0,0.0,-0.07694435392047018,0.0,-0.05314066695464159,0.024607596610593013,0.39063348596775027,0.012861200463640634,0.2041652279312504,0.011600944327402309,0.1841592819828719,51.931993908399285,8.162543891176085,7.881436788309435,1.1595867332542706,324.2666504727921,-0.002159039696617338,323.7127746582031,329.92739640512815,317.49815291127805,0.03839590052315264,0.4883564547547919,323.75394953307836,322.17960091634103,1.5743486167373248,1.6717793896573014,-0.0974307729199766,-0.046574180980832346,0.4247436449661006
2023-10-29 00:00:00-04:00,324.1763153652428,330.3472799837888,322.1847360926127,323.56805419921875,29856500.0,0.0,-0.07694435392047018,-0.022234759867562848,-0.06516433610456795,0.024536585822688972,0.3895062246565692,0.012861200463640634,0.2041652279312504,0.011600944327402309,0.1841592819828719,51.931993908399285,8.162543891176085,7.901515867085625,1.1375724877885223,324.2530155569055,-0.002116900444272596,323.7122833251953,329.9269515302279,317.4976151201627,0.03839624583407879,0.4883960719045503,323.72535025094606,322.28244930766533,1.4429009432807334,1.626003700381988,-0.18310275710125468,-0.04641571238179864,0.42191741572106406
2023-10-30 00:00:00-04:00,327.09993377177346,333.02562998161824,325.54981985866505,330.9261169433594,22828100.0,0.022485678526094437,1.6536441692005475,-0.0023661608908445153,-0.0439058114105082,0.022260013404581752,0.35336675789692523,0.013660076450327728,0.21684699106618277,0.011930411538800608,0.18938941182193098,60.20363458368597,9.457575782399488,8.012663003893758,0.8660342535001812,324.62300396264965,0.019046888891481945,324.14984130859375,331.09779615465783,317.20188646252967,0.04286878449802824,0.9876453420393407,324.8331605113174,322.92272098438343,1.910439526933942,1.6828908656923791,0.22754866124156292,1.9505813681573594,1.4550918043899952
2023-10-31 00:00:00-04:00,332.4370138355085,332.5841689842252,328.3557413843758,331.71099853515625,20265300.0,0.0023689646731985758,0.09293975583167693,-0.023000880867204754,-0.04163817313650553,0.009445793085701898,0.14994731664324384,0.013605478171717261,0.21598027026288968,0.011801560182976654,0.18734395996030892,60.97507601306123,4.228427599849397,7.742360475033447,0.7685141767245474,324.83808617781267,0.020719579355808298,324.4289581298828,332.12036285304663,316.737553406719,0.0474150320458424,0.9733881954841411,325.8912894380618,323.5737045066629,2.3175849313988692,1.8098296788336772,0.507755252565192,1.8935527819365656,1.5159477878427263
2023-11-01 00:00:00-04:00,333.3591205612894,340.8447194713481,333.22175583926975,339.520263671875,28158800.0,0.023269528543859747,1.6992851689626196,-0.006459611065918414,-0.029338656583203004,0.012139826088770067,0.19271376474275717,0.014244792321143292,0.22612906775704608,0.01214635258653651,0.1928173696828905,67.68675056519045,9.133720936191878,7.8417433651161925,1.0502414240925804,325.6071173372463,0.040978839331000584,325.16034545898435,335.3978736760026,314.92281724196613,0.06296910653460713,1.2013371738023453,327.98805470480227,324.7549311114934,3.2331235933088465,2.0944884617287114,1.138635131580135,2.8053486952093767,2.4462633164803758
2023-11-02 00:00:00-04:00,340.66811499876366,342.2280190147686,338.2448611006927,341.7276916503906,24348100.0,0.006480564636833736,0.40415418451710106,-0.012698474557202633,-0.03386688770285462,0.01116188785602415,0.17718947657419096,0.014215197184175814,0.22565925952244903,0.012156338519482711,0.1929758914539982,69.29431599420141,3.983157914075946,7.5661301186133185,0.9025996713687685,326.49398431599445,0.044578498338323815,326.1703582763672,338.6410361355412,313.69968041719324,0.07646726652338807,1.1237565250945345,330.10184500412356,326.0121726328932,4.089672371230336,2.4935252436290365,1.596147127601299,2.4950261003781335,2.544834199775663
2023-11-03 00:00:00-04:00,343.0129367253001,347.68285894520625,340.7564483684525,346.1229248046875,23637700.0,0.01277978930080234,0.885339817366144,0.0,-0.02863448781463318,0.009352467099585614,0.14846581254250252,0.014069764244514862,0.22335058317776937,0.012245450258572757,0.1943904964571706,72.25414237694397,6.926410576753767,7.520435865623351,0.8721178846205642,327.5429891120333,0.05368016493891183,327.40013275146487,342.5138132179588,312.28645228497095,0.09232543884132738,1.1193988318970316,332.5666265119026,327.5018579789521,5.064768532950495,3.0077739014933282,2.056994631457167,2.4775953275881273,2.8325556122390094
2023-11-04 00:00:00-04:00,343.0129367253001,347.68285894520625,340.7564483684525,346.1229248046875,23637700.0,0.0,-0.10859458089907315,0.0,-0.021874789517880466,0.009343746434077144,0.14832737626928819,0.014069764244514862,0.22335058317776937,0.012245450258572757,0.1943904964571706,72.25414237694397,6.926410576753767,7.478005487846953,0.8680101446622372,328.5821121271956,0.05067798582653816,328.6299072265625,345.6179421097102,311.64187234341483,0.10338702905354184,1.0148628931612989,334.65221086463873,328.8811962623399,5.771014602298806,3.560422041654424,2.2105925606443817,2.0594515726451985,2.6319350314308125
2023-11-05 00:00:00-04:00,343.0129367253001,347.68285894520625,340.7564483684525,346.1229248046875,23637700.0,0.0,-0.10859458089907315,-0.010462175232754056,-0.045635379264598375,0.009811135388687277,0.1557469459059094,0.014069764244514862,0.22335058317776937,0.012245450258572757,0.1943904964571706,72.25414237694397,6.926410576753767,7.438605851340297,0.8656582939159249,329.43211796260283,0.048222194041331025,329.61882934570315,348.2681779837072,310.9694807076991,0.11315705886719628,0.9424845011839171,336.4169360861847,330.1583613395509,6.258574746633826,4.100052582650305,2.1585221639835215,1.7699380047356688,2.461333220966003
2023-11-06 00:00:00-05:00,346.7607140780306,350.77330426538856,346.66260066264067,349.78240966796875,23828300.0,0.010517288528382851,0.706633503148004,-0.011094575194566358,-0.035545082917995185,0.0058862656329695985,0.09344157009422255,0.013925338789137168,0.22105790015026958,0.012301427986488414,0.19527911533931022,74.78198719132885,4.6503794607010605,7.239446823437494,0.8639536658650142,330.4327696382301,0.055319076931588086,330.81917572021484,351.4156674886103,310.22268395181936,0.12451812518760788,0.9603510675748249,338.47316279107457,331.61199454906335,6.861168242011217,4.652275714522487,2.2088925274887306,1.8414042702992972,2.627849898605114
2023-11-07 00:00:00-05:00,352.5980160280282,355.60010029773895,350.86152569633424,353.7066345214844,25833900.0,0.011156579024571752,0.7512790554989417,-0.007351430422585681,-0.024724819087972305,0.006344185014136459,0.1007108149127272,0.013976009679310402,0.22186227559492144,0.012245892085396132,0.19439751024055388,77.18267454521808,5.817690629770198,7.137892809604116,0.9321423101118925,331.791954695569,0.06195722015665003,332.31139068603517,355.00350630209016,309.6192750699802,0.13657139810470295,0.9714246171985782,340.81677382652225,333.24863454702046,7.568139279501793,5.235448427518348,2.332690851983445,1.8856984687943112,2.773369097566996
2023-11-08 00:00:00-05:00,354.8348894957631,356.9834442680157,353.7262709217689,356.3261413574219,26767800.0,0.007378585354126193,0.45271294178543303,0.006958964686264002,-0.009490607797610573,0.005493567405731345,0.08720767899681245,0.013809412731783105,0.2192176310408832,0.012262882881121944,0.19466723076095946,78.64415130773807,3.2768097465313417,6.862101162241776,0.9628590739750211,333.2769004278102,0.06468579835822817,333.8752243041992,358.67330894722465,309.07713966117376,0.14854701899312844,0.9526744177304248,343.20283036973757,334.95807949593905,8.244750873798523,5.837308916774383,2.4074419570241403,1.8106976709216998,2.770970354723552
2023-11-09 00:00:00-05:00,355.4431318616368,357.8860267120237,353.53984572631765,353.8636169433594,24847300.0,-0.006934862842825918,-0.6545510277653448,-0.02429197151048401,-0.025872989509953426,0.007742430173201551,0.1229072686894443,0.014035204134141178,0.22280195843377912,0.012237929420505209,0.1942711068541055,73.85505992117761,4.346180985706042,6.682392578203509,0.8940672462003411,334.7730752034739,0.05394886850699079,335.54402923583984,361.0312633152973,310.0567951563824,0.1519158850032377,0.8593875202465577,344.842951381064,336.35848967722944,8.48446170383454,6.3667394741864145,2.117722229648126,1.4375500809862318,2.397093410645906
2023-11-10 00:00:00-05:00,354.6484666487655,363.0955302142946,354.23643229337705,362.6736755371094,28042100.0,0.024591888461462957,1.7961310782355921,0.0,-0.0020256607771459434,0.01124749260135151,0.17854840977729025,0.014071356449721992,0.22337585865185489,0.012497347638035256,0.19838924338897046,78.82353480194904,9.231913270935252,6.864501199112919,1.003581343230968,336.8128805734935,0.07130596100011061,337.653337097168,364.82116375011344,310.48551044422254,0.16092141654224046,0.960477364633596,347.58613971276327,338.30776270388725,9.27837700887602,6.949066981124336,2.329310027751685,1.8419094585343851,2.8562937599008484
2023-11-11 00:00:00-05:00,354.6484666487655,363.0955302142946,354.23643229337705,362.6736755371094,28042100.0,0.0,-0.11552609435199783,0.0,-0.0192700731613642,0.011935149294718046,0.18946462136551137,0.014071356449721992,0.22337585865185489,0.012497347638035256,0.19838924338897046,78.82353480194904,8.859097920917577,7.006972393527538,0.9981970437212448,338.8307984839109,0.0657419566443246,339.7626449584961,367.853848795915,311.6714411210772,0.16535781230953392,0.9077972363023945,349.90729907035495,340.1126451359778,9.794653934377152,7.5181843717748995,2.2764695626022524,1.6311889452095771,2.635841745390689
2023-11-12 00:00:00-05:00,354.6484666487655,363.0955302142946,354.23643229337705,362.6736755371094,28042100.0,0.0,-0.11552609435199783,0.00815416055521001,-0.0025112451643066747,0.012061721054870765,0.19147388576771823,0.014071356449721992,0.22337585865185489,0.012497347638035256,0.19838924338897046,78.82353480194904,8.859097920917577,7.139267074055398,0.9917237584223012,340.69163661228185,0.06061106831719382,341.741960144043,370.4576134875275,313.0263068005585,0.16805459494280992,0.8644652472762859,351.87135698831713,341.78383257309866,10.087524415218468,8.032052380463613,2.055472034754855,1.4578609891051444,2.459531469431373
2023-11-13 00:00:00-05:00,361.2511581241037,361.49642668428953,358.97505869997684,359.74029541015625,19986500.0,-0.008121095014237367,-0.7417924833258428,-0.00969548226600192,-0.010579141699562311,0.013234601339686436,0.21009278307535545,0.014385816687243631,0.22836776016605823,0.012498517415784269,0.1984078130350491,73.05052385479263,3.6986168371325334,6.893506342846622,0.7210718468823154,342.30102079740317,0.048477401156491996,343.5152526855469,372.06891847140236,314.96158689969144,0.16624394732185835,0.7841148811906088,353.0819628993693,343.1139409313992,9.96802196797006,8.419246297964904,1.5487756700051563,1.1364595247624347,2.1443635854619982
2023-11-14 00:00:00-05:00,363.9883137818956,364.9105258370756,360.3975789598127,363.2622985839844,27683900.0,0.009742789480030841,0.6400191803718279,-0.0004059383217280832,-0.0008923108172648186,0.012532006256049617,0.19893943189327756,0.014416261591742547,0.2288510580420177,0.012283612508194854,0.19499630338899562,75.38187419816477,5.170230426919375,6.770415205994676,1.0506514981249955,344.24612778666506,0.0523483193038346,344.9672424316406,374.4689153349516,315.46556952832964,0.1710404309426979,0.8100681139727928,354.64816838931006,344.60641186862773,10.041756520682327,8.74374834250839,1.2980081781739372,1.2402724558911724,2.228329295058566
2023-11-15 00:00:00-05:00,364.9925415414589,366.8112186363993,360.89314538692616,363.4098205566406,26860100.0,0.00040602073699306043,-0.0865358748409823,-0.01727941461665916,-0.020585996242302063,0.0063288359540402146,0.1004671561374877,0.013273481515679815,0.21070998673500888,0.012201935516073925,0.1936997213350691,75.47756549693848,5.918073249473139,6.70953363767171,1.0410548489681541,346.89761863532567,0.0454368621519995,347.0535125732422,375.5052987309545,318.60172641552987,0.16396195472424646,0.7874390362125787,355.9961148765917,345.9992569566287,9.99685791996302,8.994370257999316,1.0024876619637038,1.1497561448503144,2.1114509750913424
2023-11-16 00:00:00-05:00,364.6779510555463,369.97668823321743,363.9111612043172,369.79974365234375,27182300.0,0.017430446053223896,1.2271057792923104,0.017088117266982117,0.008309635717545838,0.009863257900444176,0.15657436512881018,0.009418359408686969,0.14951182052166642,0.01234088951777088,0.19590554772807342,79.24146314773564,6.5668676765768055,6.699343211879217,1.0590311191663737,349.4671911966565,0.05498260289439877,349.36509704589844,377.2901865447375,321.4400075470594,0.15986193088527292,0.8658832786783882,358.1197500728613,347.76225597112614,10.357494101735142,9.266995026746482,1.09049907498866,1.463533114713551,2.3296863823928056
2023-11-17 00:00:00-05:00,367.2830363259732,368.03017560302834,360.7849886688486,363.5867309570313,40157000.0,-0.01694375762667127,-1.4372114964786038,0.0,-0.021172447761058977,0.013699323988109899,0.21747002641344218,0.01073507854269597,0.17041408877231531,0.012086348175326278,0.19186482918511574,68.26932811199552,9.014754983495152,6.864729766994641,1.5337539886407408,352.02667384815106,0.03179449667608033,351.36603088378905,377.1619636056569,325.5700981619212,0.14683225158097102,0.736872614861537,358.9608240550413,348.9344393034154,10.026384751625926,9.418872971722372,0.6075117799035539,0.9474904594461487,1.8811973485843212
2023-11-18 00:00:00-05:00,367.2830363259732,368.03017560302834,360.7849886688486,363.5867309570313,40157000.0,0.0,-0.12412374387697267,0.0,-0.021172447761058977,0.012878037559516642,0.20443250854218117,0.01073507854269597,0.17041408877231531,0.012086348175326278,0.19186482918511574,68.26932811199552,7.245186934179742,6.891905278936434,1.504165794227782,354.4874047169609,0.02502656303248253,353.3669647216797,376.11194203540913,330.6219874079503,0.1287329013997893,0.7246598467518077,359.67250203996286,350.0197942407203,9.652707799242592,9.465639937226417,0.18706786201617476,0.8986393870072308,1.7938938902669566
2023-11-19 00:00:00-05:00,367.2830363259732,368.03017560302834,360.7849886688486,363.5867309570313,40157000.0,0.0,-0.12412374387697267,-0.02010921076829475,-0.020083017339021625,0.012154390554800082,0.19294496847332038,0.01073507854269597,0.17041408877231531,0.012086348175326278,0.19186482918511574,68.26932811199552,7.245186934179742,6.917139682882385,1.4568833174579479,356.12590609249986,0.020520069158995704,354.9999954223633,375.5444409735032,334.45554987122347,0.11574335671017114,0.7089794906680158,360.27469110412727,351.0247525160026,9.249938588124678,9.42249966740607,-0.17256107928139208,0.8359179626720629,1.7153207462766742
2023-11-20 00:00:00-05:00,364.9335496074717,372.4539941361591,364.7172740131472,371.0482177734375,52465100.0,0.020314153086852964,1.4510349660393076,0.011713771355417624,2.6730967941590578e-05,0.01514134394818253,0.24036138361310302,0.010573052459735754,0.1678420044438034,0.012287501773846963,0.19505804356718454,73.72614771773222,8.867263179127804,7.056434218328487,1.798374387824619,358.3156853891992,0.03431503447353253,356.9668563842774,375.56312017436494,338.3705925941898,0.10419042248599433,0.8786072715495132,361.9321567455596,352.50797216470147,9.424184580858139,9.422836650096484,0.0013479307616552916,1.5144290861980505,1.9980181051603898
2023-11-21 00:00:00-05:00,369.3081424451064,369.8488163422202,364.8351774750595,366.7521667480469,28423100.0,-0.011645696230982687,-1.0206207558569458,-0.012650641261317763,-0.011551726109074067,0.014332496801694664,0.22752133322347626,0.0112008669695005,0.17780825081769608,0.012403974173644255,0.19690698559398367,66.62207760506872,6.213040298378019,6.996191795474882,0.9738327273524643,359.633141260346,0.019410997761307103,358.328451538086,375.4775791967368,341.1793238794351,0.0957173653671099,0.7456018573548717,362.67369674594227,353.56309768939377,9.110599056548494,9.360389131386887,-0.24979007483839233,0.9824074294194873,1.7046880041813595
2023-11-22 00:00:00-05:00,371.5987172360064,373.35841268345206,368.6200303058122,371.4512634277344,23345300.0,0.012731341956233731,0.8827915298722411,0.0,-0.002007265216137921,0.012437683129378088,0.1974420986769481,0.010548231390895698,0.1674479821912498,0.012007593509337505,0.19061463762036224,70.02445453095771,6.606245935405184,6.968338519755618,0.8012334959003593,360.8547299870763,0.028527385646433798,359.81463012695315,376.03280173836936,343.59645851553694,0.09014737174913628,0.8587529340418999,364.0240916200641,354.88814700334495,9.135944616719144,9.315500228453338,-0.17955561173419454,1.4350117361676007,1.8518334306503512
2023-11-23 00:00:00-05:00,371.5987172360064,373.35841268345206,368.6200303058122,371.4512634277344,23345300.0,0.0,-0.10088669093944357,0.0011129952559523204,-0.012673074221273506,0.012437683129378088,0.1974420986769481,0.01057540123066828,0.1678792900264481,0.011983643480670277,0.1902344427018841,70.02445453095771,4.73838237763988,6.809055938175923,0.8016357348101509,361.8773307825757,0.025774397849157582,361.0810470581055,376.74367695462115,345.4184171615899,0.08675409592459268,0.8310496525215044,365.16673343662876,356.1150445162627,9.051688920366075,9.262737966835886,-0.21104904646981026,1.3241986100860188,1.7720155428603035
2023-11-24 00:00:00-05:00,370.93998703818727,371.5691631806728,368.787101802592,371.0382995605469,10176600.0,-0.0011123763359265292,-0.18556569400724435,0.0,-0.0037483833074072326,0.012542882476870278,0.1991120865462517,0.010430375258986841,0.16557707409816064,0.011916936714785714,0.18917550562210836,69.30442365393597,2.782061378080755,6.521413469597697,0.35771348930235747,362.69568121294975,0.022484520755614763,362.3268157958985,376.90598654442846,347.7476450473685,0.0804752511431146,0.7987647210842488,366.07005130184695,357.2204708158393,8.849580486007653,9.180106470670239,-0.33052598466258587,1.1950588843369945,1.6804822363187113
2023-11-25 00:00:00-05:00,370.93998703818727,371.5691631806728,368.787101802592,371.0382995605469,10176600.0,0.0,-0.0969917125567409,0.0,-0.003906237838835258,0.008645035380472618,0.1372356821525112,0.010430375258986841,0.16557707409816064,0.011916936714785714,0.18917550562210836,69.30442365393597,2.782061378080755,6.254316891632201,0.36638144410438234,363.55369145350613,0.020172063412066676,363.57258453369144,376.4844975544211,350.66067151296176,0.07102797939118628,0.7891018168597269,366.8343971878008,358.2440136858176,8.590383501983183,9.062161876932828,-0.47177837494964514,1.1564072674389099,1.6195525883194928
2023-11-26 00:00:00-05:00,370.93998703818727,371.5691631806728,368.787101802592,371.0382995605469,10176600.0,0.0,-0.0969917125567409,-0.0031167914979391975,0.007796671171207414,0.005837901521567959,0.09267381362732638,0.010430375258986841,0.16557707409816064,0.011916936714785714,0.18917550562210836,69.30442365393597,2.782061378080755,6.006298640664241,0.3756119805627831,364.2998405534293,0.018161087454040502,364.63537902832036,376.196524938466,353.07423311817473,0.06341209095482586,0.7769154797452887,367.4811513989925,359.19173856542716,8.289412833565336,8.90761206825933,-0.6181992346939928,1.107661918981153,1.5628181426830063
2023-11-27 00:00:00-05:00,370.39936783626126,374.1940157538783,369.8292031236525,372.1983642578125,22179200.0,0.003121658808786501,0.14369935553351756,-0.010687261172743434,0.010947584005899236,0.0015948896215762785,0.025318087843732486,0.010298886843489587,0.16348976021201064,0.011916118476077545,0.18916251648529894,70.37325583192603,4.364812630225799,5.889049639918638,0.8241792747481016,365.13379804284875,0.018980648206369598,365.55996551513675,376.3746683311449,354.7452626991286,0.05916787305069568,0.8069154490703827,368.20687645419554,360.1551923204187,8.05168413377686,8.736426481362836,-0.684742347585976,1.2276617962815315,1.560993373547937
2023-11-28 00:00:00-05:00,371.9427759977799,376.51402381152496,371.7559911838167,376.2191162109375,20453100.0,0.010744780128911962,0.7542091706670262,0.010162301842488786,0.021868560192895847,0.004845080295512991,0.07691326526440026,0.010282875290277103,0.163235584684586,0.01167776169776793,0.18537871993301616,73.78094877036696,4.758032627708246,5.808262710475039,0.7690605516129682,366.0033077097304,0.027153879377780833,366.55461425781255,377.45238803623846,355.65684047938663,0.059460573429099293,0.9434163412465745,369.4395287244635,361.3451126086053,8.094416115858223,8.608024408261914,-0.5136082924036902,1.773665364986295,1.6832033763767489
2023-11-29 00:00:00-05:00,377.2611808001932,377.792014506202,371.0482003824139,372.434326171875,28963400.0,-0.010111012836679895,-0.9183449571442597,-0.00015844845697932097,0.02630429042127158,0.007493446958519668,0.11895478268937829,0.010608374540508876,0.1684027250928935,0.011798136378153813,0.18728960874371575,66.07648125358463,6.743814123788127,5.875087811425974,1.0806948470041104,366.91354948402926,0.014823490478420487,367.4831497192383,376.89068349294973,358.0756159455269,0.0511998102819075,0.7631495443828401,369.90026679329605,362.16653583551414,7.7337309577819155,8.433165718165915,-0.6994347603839994,1.052598177531363,1.4566816863050076
2023-11-30 00:00:00-05:00,372.0804464632099,373.6533572420955,369.11159949363696,372.4933471679688,30554400.0,0.0001584610112621476,-0.08865814737917209,0.011748802627427057,0.017153725698888733,0.00748981044064514,0.11889705475777283,0.010417340999524132,0.16537016164378732,0.011803784457117224,0.18737926921765038,66.13586775903417,4.541757748458565,5.7798499497854445,1.1347403944874042,367.4509088007745,0.013536989064452975,367.9741333007813,377.34972057627095,358.5985460252917,0.050957860496275965,0.7410096420840728,370.2992022355534,362.93148482310335,7.367717412450077,8.220076057022748,-0.8523586445726714,0.9640385683362933,1.4124113282784514
2023-12-01 00:00:00-05:00,370.37971321362784,371.7559987121957,365.0219950218624,368.1678161621094,33040500.0,-0.011680321306299844,-1.0343587302746502,0.0,0.01548267005247217,0.009378421375864912,0.14887782390546464,0.009530686245761753,0.15129495378041652,0.011938048470320132,0.1895106443514127,58.10734752686247,7.471352146106426,5.900671535236944,1.2157856187322351,367.7409609631773,0.0011594038919037662,368.2488403320313,377.28637791116233,359.2113027529003,0.049083861722319815,0.4955173536368453,369.9712966857928,363.3193612185853,6.651935467207522,7.906447939059703,-1.2545124718521805,-0.017930585452618948,1.1718811158942215
2023-12-02 00:00:00-05:00,370.37971321362784,371.7559987121957,365.0219950218624,368.1678161621094,33040500.0,0.0,-0.0942583456248987,0.0,0.00959693107085724,0.009088836318048398,0.1442808036271681,0.009530686245761753,0.15129495378041652,0.011938048470320132,0.1895106443514127,58.10734752686247,6.7340036903333385,5.9601952606009725,1.204706817483663,368.02572694648825,0.0003859360035928909,368.5235473632813,377.17323223083196,359.87386249573063,0.046942372770682236,0.47943675367258476,369.6938381436877,363.6785060292167,6.0153321144709935,7.528224774141961,-1.5128926596709675,-0.08225298530966103,1.1393610254986186
2023-12-03 00:00:00-05:00,370.37971321362784,371.7559987121957,365.0219950218624,368.1678161621094,33040500.0,0.0,-0.0942583456248987,0.01454721750816157,0.0007480648239894805,0.0060226936728384325,0.09560729808631618,0.009530686245761753,0.15129495378041652,0.011938048470320132,0.1895106443514127,58.10734752686247,6.7340036903333385,6.015467291296142,1.1767031264607288,368.3289646583439,-0.00043770391968099093,368.94492340087896,376.5511653525073,361.3386814492506,0.041232397949890004,0.44891647914229027,369.4590655311372,364.0110475205421,5.448018010595092,7.112183421432588,-1.6641654108374961,-0.20433408343083903,1.105029284839489
2023-12-04 00:00:00-05:00,362.84946292716745,363.2623336149724,356.7544451480774,362.8887939453125,32063300.0,-0.014442421840540539,-1.2571736810009542,-0.00907307047981687,-0.013601291734912313,0.007249306431780655,0.11507917197715584,0.009915795295551021,0.1574083704207133,0.011947411649107523,0.18965928020672757,49.03406456872922,11.413371014031952,6.401031842920128,1.1330650796906974,368.2685983147457,-0.01482493937314565,368.92624816894534,376.59283126654793,361.25966507134274,0.041561602817112527,0.10624869340288008,368.4482545179334,363.9279176260806,4.520336891852764,6.593814115516624,-2.0734772236638594,-1.5750052263884853,0.8259619844529469
2023-12-05 00:00:00-05:00,360.2442730291583,366.7619704390207,359.42831207085,366.2114562988281,23065000.0,0.009114481457236713,0.634773207271411,0.010086626589852932,-0.004569682304716549,0.009620694277603105,0.15272378698992012,0.009887149218416146,0.15695362804389457,0.011397671619427898,0.1809324277811102,53.91202664175545,7.333658368170688,6.467648023295168,0.820582259413571,368.4163480833414,-0.006020815970088304,369.06632995605474,376.4038330595244,361.7288268525851,0.039762516967306906,0.3054601397117879,368.10413171499414,364.0970686388767,4.007063076117447,6.076463907636789,-2.069400831519342,-0.7781594411528462,0.9542927749259414
2023-12-06 00:00:00-05:00,367.2142547508921,367.8434010010659,361.7975548433351,362.5545043945313,21182100.0,-0.010036096076070608,-0.8992499421220286,-0.005796001404249185,-0.00673295756433312,0.009289373257081837,0.1474642288433557,0.010145249310465142,0.1610508399854417,0.011349268190950331,0.18016404717498297,48.419224333632364,6.045846157730807,6.437519318611999,0.7617246498140109,368.1254793276128,-0.015365896342634288,368.70406799316413,376.58444098617235,360.8236950001559,0.04274633060546718,0.1098177329874513,367.2503428964614,363.982804620777,3.2675382756843874,5.514678781246309,-2.247140505561922,-1.560729068050196,0.7497786066565137
2023-12-07 00:00:00-05:00,361.99418225567007,365.1596540368225,360.1165237456572,364.6681213378906,23118900.0,0.005812863406749123,0.3819979191121363,-0.008764751530575654,-0.009161823080984788,0.010098575950992174,0.16030992337333735,0.009432540437480739,0.1497369373748066,0.011356782940349117,0.18028334012342792,51.495212320187285,5.043130291165255,6.337920102365803,0.8576476447418819,368.31529150365196,-0.010001340814712946,368.75813751220704,376.50437027703134,361.01190474738274,0.04201253871756457,0.2359996595448815,366.85307804129667,364.0335688220447,2.8195092192519837,4.975644868847445,-2.156135649595461,-1.0560013618204709,0.8244834651623653
2023-12-08 00:00:00-05:00,362.9477904343663,368.11869450448506,361.9942157102804,367.8926086425781,20154400.0,0.008803387889665521,0.6265874722702007,0.0,-0.0003737267832497615,0.011220045990257683,0.17811270833357562,0.00886725246150201,0.14076326895335797,0.01103394636205598,0.17515846832175588,55.823418540833586,6.124478794204663,6.322674294640008,0.7764819332066961,368.6646626933217,-0.0020985853822729486,368.9734313964844,376.34475913599516,361.6021036569736,0.03995587276629593,0.42668737627056086,367.0130058261092,364.3194236235657,2.693582202543496,4.519232335586655,-1.8256501330431592,-0.29325049491775723,0.9515409175847692
2023-12-09 00:00:00-05:00,362.9477904343663,368.11869450448506,361.9942157102804,367.8926086425781,20154400.0,0.0,-0.0858016977377519,0.0,0.02268213721144363,0.008024609044334621,0.12738671939897458,0.00886725246150201,0.14076326895335797,0.01103394636205598,0.17515846832175588,55.823418540833586,6.124478794204663,6.30851747318034,0.8076001220552322,369.04203659160174,-0.003124357277154029,369.18872528076173,376.1369981009728,362.24045246055067,0.03764076389346406,0.4067310199440158,367.14832933633517,364.5841039953444,2.564225340990788,4.128230936667482,-1.5640055956766936,-0.3730759202239361,0.9208817205560392
2023-12-10 00:00:00-05:00,362.9477904343663,368.11869450448506,361.9942157102804,367.8926086425781,20154400.0,0.0,-0.0858016977377519,0.007891500150032815,0.009440932854298811,0.007207924101311267,0.11442224784659008,0.00886725246150201,0.14076326895335797,0.01103394636205598,0.17515846832175588,55.823418540833586,6.124478794204663,6.295371853253506,0.8634992232345832,368.76693282941164,-0.0023765744847648153,369.03094482421875,375.9446560628718,362.1172335855657,0.03746954739498205,0.4176754609538479,367.26283384498794,364.829178413658,2.433655431329953,3.789315835599976,-1.355660404270023,-0.32929815618460784,0.8905165343349835
2023-12-11 00:00:00-05:00,362.239894272933,365.3070530541023,359.90019417682373,365.0121154785156,27708800.0,-0.007860525115665182,-0.7200300505913213,-0.008227158087737774,0.0015373010924641939,0.006402126739794651,0.10163061129248023,0.007795757937756433,0.12375382070736764,0.011081229151506779,0.17590905933483733,50.768883864713885,7.992414465754393,6.416589182717856,1.1889808328075087,368.6665761300013,-0.010011888637435629,368.9439422607422,376.02027695802616,361.8676075634582,0.0383599451663199,0.22218479266281363,366.91656948091526,364.84272930735114,2.073840173564122,3.4462207031928056,-1.3723805296286837,-1.1112608293487434,0.7192924530944016
2023-12-12 00:00:00-05:00,364.56981930802976,368.0793700797655,364.1864093914376,368.0400390625,24838300.0,0.00826118792727935,0.5805231624695262,2.6866536004588326e-05,0.009845459330560802,0.006902749624920947,0.10957775322051125,0.007616845170694644,0.1209136685792481,0.011080228183102845,0.17589316945403508,55.34596112262807,3.8929606883278893,6.236330004547145,1.062404950701079,368.49426253566486,-0.0012341686364393727,368.7733810424805,375.759118309479,361.78764377548197,0.03788634226933965,0.44751148290067544,367.08941095500523,365.07956706699184,2.0098438880133926,3.158945340156923,-1.1491014521435305,-0.2099540683972981,0.8444198242118633
2023-12-13 00:00:00-05:00,369.6522031111794,371.2447940969898,364.4911102888957,368.0301513671875,30955500.0,-2.686617510574539e-05,-0.0925534809702491,0.02306448381003512,0.004615465228148707,0.005701049422476815,0.09050135390377237,0.0070524766134056295,0.11195459547702186,0.01100757601228793,0.17473985199692357,55.32787158889756,6.753683808094081,6.27328384765764,1.302850505001615,368.31875857845677,-0.000784194474819862,368.6023254394531,375.4786560157082,361.725994863198,0.03731029405773302,0.4583953922865911,367.23414024918713,365.29812886700637,1.9360113821807658,2.914358548561692,-0.9783471663809262,-0.16641843085363625,0.8164231579364101
2023-12-14 00:00:00-05:00,366.98812028305656,367.4305116870984,357.9635876470979,359.73309326171875,43277500.0,-0.022802519010333352,-1.9209542514488023,-0.012947526778212648,-0.019637956469545914,0.011719440671458869,0.18604035312873593,0.008572775609350262,0.13608859384740601,0.01141946836008952,0.18127844031220475,42.71227298739485,10.066563720089619,6.54423240997421,1.7028416828415804,367.5333093286604,-0.021683343048082296,368.03706512451174,375.8633037915946,360.2108264574289,0.04252962219680316,-0.03052125139752472,366.08013302034584,364.8859040073554,1.1942290129904336,2.5703326414474406,-1.376103628457007,-2.122085005590095,0.3586103852013167
2023-12-15 00:00:00-05:00,360.6375447439286,366.09354566450713,360.0771902707865,364.4518432617188,78502300.0,0.013032076603382618,0.9740086226258541,0.0,0.0002969306915185932,0.014161270302494039,0.22480319681498193,0.00914358180419182,0.14514986127760107,0.011403140979099849,0.18101925117424672,49.732323413449386,6.360452402788383,6.531105266603794,2.7228288287444604,367.0519358678665,-0.0071342556066606114,367.70774230957034,375.5565087937989,359.85897582534176,0.04269024326183896,0.2925853027737557,365.829626903634,364.8537513595305,0.9758755441034737,2.2514412219786473,-1.2755656778751736,-0.8296587889049742,0.5845781492196219
2023-12-16 00:00:00-05:00,360.6375447439286,366.09354566450713,360.0771902707865,364.4518432617188,78502300.0,0.0,-0.07901210081394802,0.0,-0.007522639847477697,0.013761957602763341,0.21846430422195853,0.00914358180419182,0.14514986127760107,0.011403140979099849,0.18101925117424672,49.732323413449386,6.01635539372063,6.494337418540712,2.434373085119315,366.67255555341285,-0.006093294169730162,367.37841949462893,375.191419315679,359.56541967357884,0.04253379842941107,0.3127111032931789,365.61766018949317,364.8239803893223,0.793679800170878,1.9598889376170934,-1.1662091374462153,-0.7491555868272856,0.5592937117460045
2023-12-17 00:00:00-05:00,360.6375447439286,366.09354566450713,360.0771902707865,364.4518432617188,78502300.0,0.0,-0.07901210081394802,-0.005152277030877395,-0.010278064409888543,0.0129479068242129,0.20554164873422065,0.00914358180419182,0.14514986127760107,0.011403140979099849,0.18101925117424672,49.73232341344938,6.01635539372063,6.460195845339278,2.2388548578661145,366.2491975963168,-0.004931664821646298,366.99109344482423,374.5623221015282,359.41986478812026,0.041261103018252254,0.33230923947482177,365.4383037390663,364.7964146761665,0.6418890628998497,1.6962889626736448,-1.0543998997737951,-0.6707630421007108,0.5338421982112276
2023-12-18 00:00:00-05:00,363.1935335888459,366.6834038503824,362.4365540104277,366.3393249511719,21802900.0,0.005165595777791078,0.33453105711817277,-0.001634334004942617,-0.005152333629224404,0.013343840817554695,0.21182690602609522,0.009198717285714171,0.1460251099127447,0.011291319173671396,0.1792441350443391,52.63215071960804,4.2468498399546775,6.302099702097522,0.6206156171948575,365.9617730765339,0.0010306070053720865,366.4971038818359,372.698538779427,360.29566898424486,0.0338416584027933,0.48727883681199813,365.5769223870826,364.91070432616687,0.6662180609157531,1.4902747823220666,-0.8240567214063135,-0.05088465275200736,0.614441304708054
2023-12-19 00:00:00-05:00,365.1989808015048,366.9390258789063,363.5769287808174,366.9390258789063,20603700.0,0.0016356709856765162,0.04152449361208376,0.007123404981718151,-0.00352375862282428,0.005489114639171443,0.08713699351903009,0.008836958693005059,0.1402823702870506,0.011282059898316371,0.1790971486048787,53.549035400398566,3.3620970980888956,6.092099516096906,0.5935424954844136,365.7207515014551,0.003320100320572788,366.2223388671875,371.7684953459468,360.6761823884282,0.03028846626841438,0.56461114237072,365.7864767704401,365.0609503671105,0.7255264033296385,1.337325106523581,-0.6117987031939425,0.2584445694828806,0.6247361928794707
2023-12-20 00:00:00-05:00,368.64948928220537,369.6620453460696,364.2551861699306,364.3436584472656,26316700.0,-0.007098153379793011,-0.6664405753486436,-0.007817249357738754,-0.010571855992896673,0.004464441521158757,0.07087081204666186,0.008708393437621538,0.13824146012912078,0.011296513819622026,0.17932659749234545,49.11785663644396,5.406859176138994,6.043153777528484,0.7627760355686024,365.3683390692957,-0.0028124014190256193,365.81485443115236,370.5608736874889,361.06883517481583,0.025947657394703973,0.3450073730819253,365.56450472072095,365.00781763230714,0.5566870884138098,1.1811975029016268,-0.6245104144878171,-0.6199705076722962,0.4443009591478267
2023-12-21 00:00:00-05:00,366.25084900799567,368.0695260278655,363.77353495979867,367.2142639160156,17708000.0,0.007847964226738873,0.5578097244648775,-0.002776309740695204,-0.0029894052145024164,0.005699328219282764,0.09047403065012875,0.008920640366391046,0.14161077566948893,0.011319521793272547,0.1796918377510503,53.68312401647535,4.295991068066826,5.918356441138366,0.5249211565932771,365.2796934303545,0.005268233496789193,365.76717681884764,370.43213632376313,361.10221731393216,0.02550780824833764,0.6551017855185215,365.81831382768934,365.171258097767,0.6470557299223287,1.0743691483057674,-0.4273134183834386,0.6204071420740835,0.5987233006168016
2023-12-22 00:00:00-05:00,367.3518499751321,368.8264479888416,366.3982753929024,368.2366027832031,17107500.0,0.0027801708366380538,0.13835514489325307,0.0,0.0013633252721649836,0.005650564887825391,0.08969993676131742,0.0085806645210357,0.13621382643801375,0.011131242309710463,0.1767029936081646,55.223946755851756,2.428172595939202,5.669057595052712,0.5193858510884408,365.21162649543885,0.008214762641467258,365.77061614990237,370.44312326175384,361.0981090380509,0.025548838017849733,0.763882598171543,366.1903582823837,365.39832066705856,0.7920376153251709,1.017902841709648,-0.22586522638447715,1.0555303926861732,0.6424836240657416
2023-12-23 00:00:00-05:00,367.3518499751321,368.8264479888416,366.3982753929024,368.2366027832031,17107500.0,0.0,-0.08974555632943826,0.0,-0.001865260818041281,0.005409304480744754,0.085870046531268,0.0085806645210357,0.13621382643801375,0.011131242309710463,0.1767029936081646,55.223946755851756,2.428172595939202,5.437565809401747,0.532259283930421,365.14018536342655,0.008408771415913716,365.77405548095703,370.4540873852808,361.0940235766333,0.02558974226955475,0.7630908669630022,366.50516512866363,365.60856378677295,0.8966013418906869,0.9936425417458559,-0.09704119985516901,1.0523634678520153,0.6205542410422492
2023-12-24 00:00:00-05:00,367.3518499751321,368.8264479888416,366.3982753929024,368.2366027832031,17107500.0,0.0,-0.08974555632943826,0.0,-0.0038826394782839335,0.005413213455306308,0.0859320995786949,0.0085806645210357,0.13621382643801375,0.011131242309710463,0.1767029936081646,55.223946755851756,2.428172595939202,5.22260915129728,0.5449376463280615,365.3395243977255,0.007867437304116336,366.04144592285155,370.6377206292557,361.4451712164474,0.02511341137786272,0.7387973957793466,366.77154015243894,365.80323334206406,0.9683068103748838,0.9885753954716615,-0.020268585096777758,0.9551895831173882,0.5952325373710012
2023-12-25 00:00:00-05:00,367.3518499751321,368.8264479888416,366.3982753929024,368.2366027832031,17107500.0,0.0,-0.08680956756887517,-0.0002136887399374343,,0.0034179102314126518,0.05425764285516661,0.007917648048017284,0.12568876622153835,0.011108984078063515,0.17634965513479325,55.223946755851756,2.428172595939202,5.023006540200274,0.5501577794303861,365.3868793860568,0.007738837952576002,366.1427032470703,370.8428044730557,361.4426020210849,0.025673603129618094,0.7227504723256066,366.9969344033257,365.9834829302966,1.0134514730291357,0.9935506109831564,0.019900862045979295,0.8910018893024281,0.5769746813241775
2023-12-26 00:00:00-05:00,368.6495462723812,370.5566956584925,367.1749480872917,368.3153076171875,12673100.0,0.0002137115746293257,-0.06982058163973379,0.0015773510742660424,,0.001222942776616708,0.019413614727543757,0.007679138785915651,0.12190254906409971,0.011109526923332561,0.17635827253628697,55.37765990867667,3.381747571200833,4.905773756700314,0.41320598920612617,365.5451893959018,0.007521051023393429,366.4307434082031,370.905649248885,361.9558375675212,0.024424292563775835,0.7105702640546739,367.19976105161214,366.1562106848811,1.04355036673104,1.0035505621327332,0.039999804598306765,0.8422810562186911,0.5657011242917528
2023-12-27 00:00:00-05:00,367.36169037934906,368.7084850989653,366.49658807749455,367.7352600097656,14905400.0,-0.0015761083626835608,-0.21618585305724564,-0.003224190469856447,,0.0007346028189476736,0.011661458228055309,0.00732502791283235,0.11628121322376547,0.010514245367464476,0.16690847079494361,53.90882823764965,2.2118970214707474,4.713353989898202,0.49258579950098313,365.63263421034725,0.00571777043996961,366.5841003417969,371.0146706000553,362.1535300835385,0.02417218997838373,0.6299110047767569,367.2821455067127,366.27317730153925,1.0089682051734599,1.0046340907408786,0.004334114432581249,0.5196440191070244,0.5002026600147336
2023-12-28 00:00:00-05:00,369.0132159290277,370.08475350322914,367.8237153192477,368.92474365234375,14327000.0,0.0032293993712897468,0.17491221500924833,-0.002021148629588909,,0.0017508334285539922,0.027793619034314623,0.007255802788583581,0.11518229844432673,0.009201527439479409,0.14606971972079671,56.45925469464211,2.3494934934635126,4.544506811581439,0.4780745411875883,365.63533311628254,0.00891621012864615,366.63570709228514,371.15363460652287,362.1177795780474,0.024645321919507027,0.7533281635047232,367.5348529137329,366.4695896238211,1.0652632899117975,1.0167599305750623,0.04850335933673522,1.0133126540188915,0.6064529971955597
2023-12-29 00:00:00-05:00,369.6325745030526,370.77293391810167,367.15526060187455,369.6719055175781,18730800.0,0.002023193906817763,0.07469991346619853,,,0.0018725249227760658,0.029725411616615387,0.007017235156942238,0.11139515469917079,0.009189574445471577,0.14587997182339252,58.030241135142454,3.617673316227126,4.478304419056131,0.6265120689568668,365.6856964417505,0.010783099868643033,366.7246719360352,371.4136474130834,362.03569645898693,0.025572184452679014,0.8142726589176211,367.86363023740137,366.70679820854383,1.1568320288575364,1.0447743502315572,0.11205767862597926,1.257090635670484,0.6805952204611029
