datetime,open,high,low,close,volume,returns,returns_norm,returns_fwd_1,returns_fwd_5
2020-01-02 05:00:00+00:00,296.4802539792737,297.71735029463804,295.5547178974124,297.6990051269531,59151200.0,,,0.00763009866717046,0.006630967989860848
2020-01-03 05:00:00+00:00,294.2992783946291,296.57186973652915,294.2442988268179,295.4447326660156,77709700.0,-0.007601136692855512,,0.0,-0.006287676843156564
2020-01-04 05:00:00+00:00,294.2992783946291,296.57186973652915,294.2442988268179,295.4447326660156,77709700.0,0.0,,0.0,-0.012980237752166501
2020-01-05 05:00:00+00:00,294.2992783946291,296.57186973652915,294.2442988268179,295.4447326660156,77709700.0,0.0,,-0.003800447537606777,-0.010131873244224932
2020-01-06 05:00:00+00:00,293.68527154806566,296.65430772190325,293.5661398420069,296.57183837890625,55653900.0,0.003807687587791735,,0.0028195983341625652,-0.006355579754044549
2020-01-07 05:00:00+00:00,296.00370133060426,296.4802282058735,295.28893898289255,295.73797607421875,40496400.0,-0.0028156307230763305,,-0.005301368555354458,-0.00914938051016212
2020-01-08 05:00:00+00:00,295.9304301191349,298.5328990962051,295.6830220422805,297.31414794921875,68296000.0,0.0053154706720607015,,-0.006734907833032544,-0.010672368561884693
2020-01-09 05:00:00+00:00,298.88109951100057,299.4034333774434,298.29461349284884,299.3301086425781,48473300.0,0.006757689671463141,,0.002885823178914615,-0.002443332414947874
2020-01-10 05:00:00+00:00,299.91665066701944,300.0724168186088,298.0014540976122,298.4687805175781,53029300.0,-0.002881667184927254,,0.0,-0.007556502019545608
2020-01-11 05:00:00+00:00,299.91665066701944,300.0724168186088,298.0014540976122,298.4687805175781,53029300.0,0.0,,0.0,-0.01574381185802154
2020-01-12 05:00:00+00:00,299.91665066701944,300.0724168186088,298.0014540976122,298.4687805175781,53029300.0,0.0,,-0.006830271198151494,-0.018797717763957666
2020-01-13 05:00:00+00:00,299.0918985059818,300.5305679585822,298.6612065390366,300.52142333984375,47086800.0,0.006853704264225458,,0.001526879351715582,-0.012049749623605166
2020-01-14 05:00:00+00:00,300.0815801434285,301.13539265854723,299.50426661844074,300.0632629394531,62832800.0,-0.0015257148566498004,,-0.002254662043217559,-0.013555930704634456
2020-01-15 05:00:00+00:00,299.9715910397463,301.5019023922084,299.8891216822957,300.7413330078125,72056600.0,0.0022572076206797895,,-0.008249648322686931,-0.011326806782740784
2020-01-16 05:00:00+00:00,302.1250165187214,303.24298095703125,301.8959256745201,303.24298095703125,54050300.0,0.008283864984974236,,-0.003102755098447485,-0.0011469554514862423
2020-01-17 05:00:00+00:00,303.9577072786301,304.39754374969027,303.1787929075441,304.1867980957031,95846000.0,0.0031075786231092657,,0.0,0.0018411391784829423
2020-01-18 05:00:00+00:00,303.9577072786301,304.39754374969027,303.1787929075441,304.1867980957031,95846000.0,0.0,,0.0,0.0006932252069336009
2020-01-19 05:00:00+00:00,303.9577072786301,304.39754374969027,303.1787929075441,304.1867980957031,95846000.0,0.0,,0.0,0.009671995145921208
2020-01-20 05:00:00+00:00,303.9577072786301,304.39754374969027,303.1787929075441,304.1867980957031,95846000.0,0.0,,0.001961886901547638,0.009671995145921208
2020-01-21 05:00:00+00:00,303.22464675250427,304.39759079860585,303.1513499843944,303.5911865234375,77742400.0,-0.001959964914843446,,-0.00012051129353651824,0.007695011502100391
2020-01-22 05:00:00+00:00,304.45249838050813,305.10313638265757,303.47201101725864,303.6277770996094,48914900.0,0.0001205185556059508,,-0.001145804386203042,0.024234537358151176
2020-01-23 05:00:00+00:00,302.9772414486863,304.388448943037,301.85927695982,303.97607421875,51963000.0,0.001146461321909968,,0.008972549941197894,0.014775475548911343
2020-01-24 05:00:00+00:00,304.63595531865434,304.71842469709,299.9808119910327,301.27288818359375,87578400.0,-0.00893253578950842,,0.0,0.006582786382204109
2020-01-25 05:00:00+00:00,304.63595531865434,304.71842469709,299.9808119910327,301.27288818359375,87578400.0,0.0,,0.0,0.003326735015845017
2020-01-26 05:00:00+00:00,304.63595531865434,304.71842469709,299.9808119910327,301.27288818359375,87578400.0,0.0,,0.0162907366213898,0.02188202652516158
2020-01-27 05:00:00+00:00,296.0129115356498,297.92810796760887,295.6738615021962,296.443603515625,84062500.0,-0.0161594663127916,,-0.010370472399351405,0.005501663748662899
2020-01-28 05:00:00+00:00,297.873118472315,300.4297804795818,296.53523558628365,299.5500793457031,63834000.0,0.010424620434036339,,0.0008267101189094461,0.016038462581544177
2020-01-29 05:00:00+00:00,300.9154515361215,301.1445424118308,299.10104173303364,299.3026428222656,53888900.0,-0.0008263685823206291,,-0.003234757647765707,0.0077131411815754
2020-01-30 05:00:00+00:00,297.231623057657,300.484729951174,296.48022631294674,300.2739562988281,75491800.0,0.0032400007861934197,,0.01849376764491728,-0.004193884391734404
2020-01-31 05:00:00+00:00,299.650819083877,299.80661315994996,293.9052308771685,294.82159423828125,113845600.0,-0.018324837515208334,,0.0,-0.033437489588459934
2020-02-01 05:00:00+00:00,299.650819083877,299.80661315994996,293.9052308771685,294.82159423828125,113845600.0,0.0,0.05271816402160712,0.0,-0.03667897785033947
2020-02-02 05:00:00+00:00,299.650819083877,299.80661315994996,293.9052308771685,294.82159423828125,113845600.0,0.0,0.051887330571301814,-0.007373967645043389,-0.03151717461306913
2020-02-03 05:00:00+00:00,296.3061594017483,298.88113873930445,296.18702766585056,297.0117492675781,69083000.0,0.007401289742160822,1.2262579003581515,-0.01501242407509662,-0.024322560743996524
2020-02-04 05:00:00+00:00,300.63138329314756,302.40913073891045,300.3106504717624,301.53857421875,62573200.0,0.015126251163806037,2.247959380871619,-0.011416100520674544,-0.009452034621002858
2020-02-05 05:00:00+00:00,304.4800703613793,305.23149509436865,303.013911228474,305.0207214355469,65951100.0,0.01148176442506196,1.599750824604646,-0.0033536250650767485,-0.005437945193266014
2020-02-06 05:00:00+00:00,305.98293646706554,306.23951712579645,304.9657584507148,306.0470886230469,50359700.0,0.0033592610698408615,0.38657010629914174,0.005358341735086203,-0.003817826290592463
2020-02-07 05:00:00+00:00,304.98406488979606,306.056194377022,303.86610045474913,304.4159240722656,64139400.0,-0.005344036899390646,-0.8995832590527245,0.0,-0.01547033294235478
2020-02-08 05:00:00+00:00,304.98406488979606,306.056194377022,303.86610045474913,304.4159240722656,64139400.0,0.0,-0.09223986913587075,0.0,-0.014418881072933765
2020-02-09 05:00:00+00:00,304.98406488979606,306.056194377022,303.86610045474913,304.4159240722656,64139400.0,0.0,-0.09104088131347768,-0.007409970259418142,-0.015994975361158237
2020-02-10 05:00:00+00:00,303.52703981198624,306.75262870808007,303.4903774480562,306.6884765625,42070000.0,0.007437560468623328,1.0335933955457473,-0.0017301108524547804,-0.008649094635762022
2020-02-11 05:00:00+00:00,308.04472268441083,308.8327817820095,306.6884947902929,307.2200012207031,54864500.0,0.0017316092227162552,0.1481386609677935,-0.006401500062575005,-0.006930975138612627
2020-02-12 05:00:00+00:00,308.65866182227705,309.41008649783373,308.292122067066,309.1993408203125,43992700.0,0.006422077528876213,0.8647681359951755,0.0010679737793615196,-0.000532886348027839
2020-02-13 05:00:00+00:00,307.7698289420879,309.8408193824816,307.4949310806172,308.8694763183594,54501900.0,-0.0010674039010720314,-0.30928907944984263,-0.0015991522746907627,0.000979910548052576
2020-02-14 05:00:00+00:00,309.28172745186663,309.48332845809404,308.0812939946161,309.36419677734375,64582200.0,0.0016004322834910207,0.11373252579673768,0.0,-0.0021875156873341073
2020-02-15 05:00:00+00:00,309.28172745186663,309.48332845809404,308.0812939946161,309.36419677734375,64582200.0,0.0,-0.1422414710973603,0.0,0.001928792137288582
2020-02-16 05:00:00+00:00,309.28172745186663,309.48332845809404,308.0812939946161,309.36419677734375,64582200.0,0.0,-0.14065611843028078,0.0,0.01235417615174339
2020-02-17 05:00:00+00:00,309.28172745186663,309.48332845809404,308.0812939946161,309.36419677734375,64582200.0,0.0,-0.13912261578444343,0.002583193742893286,0.01235417615174339
2020-02-18 05:00:00+00:00,308.3655070547574,309.4284921282204,307.1742176610438,308.5671081542969,57226200.0,-0.0025798630326168883,-0.5607519403581314,-0.004758417515874358,0.00974580710092754
2020-02-19 05:00:00+00:00,309.53843070084963,310.7205194664191,309.25436025654744,310.04241943359375,48814700.0,0.0047697748273783334,0.662092469121547,0.004125332053204422,0.04937667801863621
2020-02-20 05:00:00+00:00,309.4925531618124,310.31730256037446,305.77212014655726,308.7686462402344,74163400.0,-0.004116846200896685,-0.8231621145392918,0.010405314325997006,0.07772284040671229
2020-02-21 05:00:00+00:00,307.4124520475645,307.7240122691576,304.7641482162331,305.5888977050781,113788200.0,-0.01035155166620017,-1.7966389648928598,0.0,0.07056188602083457
2020-02-22 05:00:00+00:00,307.4124520475645,307.7240122691576,304.7641482162331,305.5888977050781,113788200.0,0.0,-0.08559113494160825,0.0,0.12090355675539044
2020-02-23 05:00:00+00:00,307.4124520475645,307.7240122691576,304.7641482162331,305.5888977050781,113788200.0,0.0,-0.08477435650521863,0.03430318631549678,0.12563291676394917
2020-02-24 05:00:00+00:00,296.11367067972515,305.66216126608373,294.37255791706946,295.4538879394531,161088400.0,-0.033727950046104085,-4.462507903357577,0.031249147854126358,0.08830073392096627
2020-02-25 05:00:00+00:00,296.8467259201348,297.46067366293727,285.6212756357742,286.5009765625,218913200.0,-0.030770832343140733,-3.5196863848617337,0.003691652802031875,0.05532279583993427
2020-02-26 05:00:00+00:00,287.9030518374297,291.5043533570455,284.71412504182155,285.44720458984375,194773800.0,-0.00368485537584829,-0.34480136059305483,0.04702359703993442,0.007796970403189496
2020-02-27 05:00:00+00:00,279.9123611957851,285.50218362591784,272.6272888183594,272.6272888183594,284353500.0,-0.04595146939940867,-4.292173574988201,0.004219239005939457,-0.009092748362639735
2020-02-28 05:00:00+00:00,264.55413666270186,272.97551892461485,261.6584248326628,271.4818420410156,384975800.0,-0.00421036297501673,-0.2529030965467727,0.0,-0.05305889526197172
2020-02-29 05:00:00+00:00,264.55413666270186,272.97551892461485,261.6584248326628,271.4818420410156,384975800.0,0.0,0.15636485602990288,0.0,-0.020498484599242972
2020-03-01 05:00:00+00:00,264.55413666270186,272.97551892461485,261.6584248326628,271.4818420410156,384975800.0,0.0,0.15502443371146868,-0.04150899525695528,-0.004034057964280802
2020-03-02 05:00:00+00:00,273.2687603709201,283.30295220755625,269.8323971344277,283.2388000488281,238703600.0,0.04239510126343257,3.761247949398274,0.02947647731787706,0.03909784975261288
2020-03-03 05:00:00+00:00,283.614502212992,287.59151643262715,272.6822924096113,275.12896728515625,300139100.0,-0.029050398577637436,-2.321840663192854,-0.04033755529374394,0.00934588856250751
2020-03-04 05:00:00+00:00,280.5172001831721,286.91342770951513,277.9605380964338,286.6934814453125,176613400.0,0.04117367645074646,3.207602703371856,0.0343848318547082,0.0517717913525928
2020-03-05 05:00:00+00:00,279.4725227329303,282.67062208363757,274.9181954685185,277.16326904296875,186366800.0,-0.033806884654451634,-2.40584564758849,0.01680898536254527,0.01680898536254527
2020-03-06 05:00:00+00:00,268.6319273661624,273.79105782578944,265.9561618762661,272.5814514160156,228667200.0,-0.016669277756643834,-1.1234693659079091,0.0,0.0
2020-03-07 05:00:00+00:00,268.6319273661624,273.79105782578944,265.9561618762661,272.5814514160156,228667200.0,0.0,0.10040800186749455,0.0,0.0
2020-03-08 05:00:00+00:00,268.6319273661624,273.79105782578944,265.9561618762661,272.5814514160156,228667200.0,0.0,0.09964849669539298,0.0,0.0
2020-03-09 05:00:00+00:00,268.6319273661624,273.79105782578944,265.9561618762661,272.5814514160156,228667200.0,0.0,0.09890596812523247,0.0,0.0
2020-03-10 05:00:00+00:00,268.6319273661624,273.79105782578944,265.9561618762661,272.5814514160156,228667200.0,0.0,0.09817979306364777,0.0,0.0
2020-03-11 05:00:00+00:00,268.6319273661624,273.79105782578944,265.9561618762661,272.5814514160156,228667200.0,0.0,0.0974693799681533,0.0,0.0
2020-03-12 05:00:00+00:00,268.6319273661624,273.79105782578944,265.9561618762661,272.5814514160156,228667200.0,0.0,0.09677416682256802,0.0,0.0
2020-03-13 05:00:00+00:00,268.6319273661624,273.79105782578944,265.9561618762661,272.5814514160156,228667200.0,0.0,0.09609361926897693,0.0,0.0
2020-03-14 05:00:00+00:00,268.6319273661624,273.79105782578944,265.9561618762661,272.5814514160156,228667200.0,0.0,0.09542722888212439,0.0,0.0
2020-03-15 05:00:00+00:00,268.6319273661624,273.79105782578944,265.9561618762661,272.5814514160156,228667200.0,0.0,0.09477451157358233,0.0,0.0
2020-03-16 05:00:00+00:00,268.6319273661624,273.79105782578944,265.9561618762661,272.5814514160156,228667200.0,0.0,0.09413500611431498,0.0,0.0
2020-03-17 05:00:00+00:00,268.6319273661624,273.79105782578944,265.9561618762661,272.5814514160156,228667200.0,0.0,0.09350827276539864,0.0,0.0
2020-03-18 05:00:00+00:00,268.6319273661624,273.79105782578944,265.9561618762661,272.5814514160156,228667200.0,0.0,0.09289389200766276,0.0,0.0
2020-03-19 05:00:00+00:00,268.6319273661624,273.79105782578944,265.9561618762661,272.5814514160156,228667200.0,0.0,0.09229146336191733,0.0,0.0
2020-03-20 05:00:00+00:00,268.6319273661624,273.79105782578944,265.9561618762661,272.5814514160156,228667200.0,0.0,0.09170060429223038,0.0,0.0
2020-03-21 05:00:00+00:00,268.6319273661624,273.79105782578944,265.9561618762661,272.5814514160156,228667200.0,0.0,0.0911209491854345,0.0,0.0
2020-03-22 05:00:00+00:00,268.6319273661624,273.79105782578944,265.9561618762661,272.5814514160156,228667200.0,0.0,0.0905521484006793,0.0,0.0
2020-03-23 05:00:00+00:00,268.6319273661624,273.79105782578944,265.9561618762661,272.5814514160156,228667200.0,0.0,0.089993867383418,0.0,0.0
2020-03-24 05:00:00+00:00,268.6319273661624,273.79105782578944,265.9561618762661,272.5814514160156,228667200.0,0.0,0.08944578583872898,0.0,0.0
2020-03-25 05:00:00+00:00,268.6319273661624,273.79105782578944,265.9561618762661,272.5814514160156,228667200.0,0.0,0.08890759695933333,0.0,0.0
2020-03-26 05:00:00+00:00,268.6319273661624,273.79105782578944,265.9561618762661,272.5814514160156,228667200.0,0.0,0.08837900670408223,0.0,0.0
2020-03-27 05:00:00+00:00,268.6319273661624,273.79105782578944,265.9561618762661,272.5814514160156,228667200.0,0.0,0.08785973312306118,0.0,0.0
2020-03-28 05:00:00+00:00,268.6319273661624,273.79105782578944,265.9561618762661,272.5814514160156,228667200.0,0.0,0.08734950572579289,0.0,0.0
2020-03-29 05:00:00+00:00,268.6319273661624,273.79105782578944,265.9561618762661,272.5814514160156,228667200.0,0.0,0.08684806488932349,0.0,0.0
2020-03-30 05:00:00+00:00,268.6319273661624,273.79105782578944,265.9561618762661,272.5814514160156,228667200.0,0.0,0.08635516130325119,0.0,0.0
2020-03-31 05:00:00+00:00,268.6319273661624,273.79105782578944,265.9561618762661,272.5814514160156,228667200.0,0.0,0.08587055544900238,0.0,0.0
2020-04-01 05:00:00+00:00,268.6319273661624,273.79105782578944,265.9561618762661,272.5814514160156,228667200.0,0.0,0.08539401711088623,0.0,0.0
2020-04-02 05:00:00+00:00,268.6319273661624,273.79105782578944,265.9561618762661,272.5814514160156,228667200.0,0.0,0.08492532491666034,0.0,0.0
2020-04-03 05:00:00+00:00,268.6319273661624,273.79105782578944,265.9561618762661,272.5814514160156,228667200.0,0.0,0.08446426590552593,0.0,0.0
2020-04-04 05:00:00+00:00,268.6319273661624,273.79105782578944,265.9561618762661,272.5814514160156,228667200.0,0.0,0.08401063512163788,0.0,0.0
2020-04-05 05:00:00+00:00,268.6319273661624,273.79105782578944,265.9561618762661,272.5814514160156,228667200.0,0.0,0.08356423523136752,0.0,0.0
2020-04-06 05:00:00+00:00,268.6319273661624,273.79105782578944,265.9561618762661,272.5814514160156,228667200.0,0.0,0.08312487616269557,0.0,0.0
2020-04-07 05:00:00+00:00,268.6319273661624,273.79105782578944,265.9561618762661,272.5814514160156,228667200.0,0.0,0.08269237476523848,0.0,0.0
2020-04-08 05:00:00+00:00,268.6319273661624,273.79105782578944,265.9561618762661,272.5814514160156,228667200.0,0.0,0.08226655448952745,0.0,0.0
2020-04-09 05:00:00+00:00,268.6319273661624,273.79105782578944,265.9561618762661,272.5814514160156,228667200.0,0.0,0.08184724508426484,0.0,0.0
2020-04-10 05:00:00+00:00,268.6319273661624,273.79105782578944,265.9561618762661,272.5814514160156,228667200.0,0.0,0.08143428231037916,0.0,0.0
2020-04-11 05:00:00+00:00,268.6319273661624,273.79105782578944,265.9561618762661,272.5814514160156,228667200.0,0.0,0.08102750767078791,0.0,0.0
2020-04-12 05:00:00+00:00,268.6319273661624,273.79105782578944,265.9561618762661,272.5814514160156,228667200.0,0.0,0.08062676815485902,0.0,0.0
2020-04-13 05:00:00+00:00,268.6319273661624,273.79105782578944,265.9561618762661,272.5814514160156,228667200.0,0.0,0.08023191599663483,0.0,0.0
2020-04-14 05:00:00+00:00,268.6319273661624,273.79105782578944,265.9561618762661,272.5814514160156,228667200.0,0.0,0.0798428084459517,0.0,0.0
2020-04-15 05:00:00+00:00,268.6319273661624,273.79105782578944,265.9561618762661,272.5814514160156,228667200.0,0.0,0.07945930755164972,0.0,0.0
2020-04-16 05:00:00+00:00,268.6319273661624,273.79105782578944,265.9561618762661,272.5814514160156,228667200.0,0.0,0.07908127995612553,0.0,0.0
2020-04-17 05:00:00+00:00,268.6319273661624,273.79105782578944,265.9561618762661,272.5814514160156,228667200.0,0.0,0.0787085967005328,0.0,0.0
2020-04-18 05:00:00+00:00,268.6319273661624,273.79105782578944,265.9561618762661,272.5814514160156,228667200.0,0.0,0.07834113303998504,0.0,0.0
2020-04-19 05:00:00+00:00,268.6319273661624,273.79105782578944,265.9561618762661,272.5814514160156,228667200.0,0.0,0.07797876826815882,0.0,0.0
2020-04-20 05:00:00+00:00,268.6319273661624,273.79105782578944,265.9561618762661,272.5814514160156,228667200.0,0.0,0.07762138555073786,0.0,0.0
2020-04-21 05:00:00+00:00,268.6319273661624,273.79105782578944,265.9561618762661,272.5814514160156,228667200.0,0.0,0.07726887176717587,0.0,0.0
2020-04-22 05:00:00+00:00,268.6319273661624,273.79105782578944,265.9561618762661,272.5814514160156,228667200.0,0.0,0.07692111736029185,0.0,0.0
2020-04-23 05:00:00+00:00,268.6319273661624,273.79105782578944,265.9561618762661,272.5814514160156,228667200.0,0.0,0.07657801619324339,0.0,0.0
2020-04-24 05:00:00+00:00,268.6319273661624,273.79105782578944,265.9561618762661,272.5814514160156,228667200.0,0.0,0.07623946541345442,0.0,0.0
2020-04-25 05:00:00+00:00,268.6319273661624,273.79105782578944,265.9561618762661,272.5814514160156,228667200.0,0.0,0.07590536532310099,0.0,0.0
2020-04-26 05:00:00+00:00,268.6319273661624,273.79105782578944,265.9561618762661,272.5814514160156,228667200.0,0.0,0.07557561925578506,0.0,0.0
2020-04-27 05:00:00+00:00,268.6319273661624,273.79105782578944,265.9561618762661,272.5814514160156,228667200.0,0.0,0.07525013345904973,0.0,0.0
2020-04-28 05:00:00+00:00,268.6319273661624,273.79105782578944,265.9561618762661,272.5814514160156,228667200.0,0.0,0.07492881698241176,0.0,0.0
2020-04-29 05:00:00+00:00,268.6319273661624,273.79105782578944,265.9561618762661,272.5814514160156,228667200.0,0.0,0.07461158157060782,0.0,0.0
2020-04-30 05:00:00+00:00,268.6319273661624,273.79105782578944,265.9561618762661,272.5814514160156,228667200.0,0.0,0.07429834156176997,0.0,0.0
2020-05-01 05:00:00+00:00,268.6319273661624,273.79105782578944,265.9561618762661,272.5814514160156,228667200.0,0.0,0.07398901379026354,0.0,0.0
2020-05-02 05:00:00+00:00,268.6319273661624,273.79105782578944,265.9561618762661,272.5814514160156,228667200.0,0.0,0.0736835174939374,0.0,0.0
2020-05-03 05:00:00+00:00,268.6319273661624,273.79105782578944,265.9561618762661,272.5814514160156,228667200.0,0.0,0.07338177422555141,0.0,0.0
2020-05-04 05:00:00+00:00,268.6319273661624,273.79105782578944,265.9561618762661,272.5814514160156,228667200.0,0.0,0.07308370776816102,0.0,0.0
2020-05-05 05:00:00+00:00,268.6319273661624,273.79105782578944,265.9561618762661,272.5814514160156,228667200.0,0.0,0.07278924405425126,0.0,0.0
2020-05-06 05:00:00+00:00,268.6319273661624,273.79105782578944,265.9561618762661,272.5814514160156,228667200.0,0.0,0.07249831108842575,0.0,0.0
2020-05-07 05:00:00+00:00,268.6319273661624,273.79105782578944,265.9561618762661,272.5814514160156,228667200.0,0.0,0.07221083887346716,0.0,0.0
2020-05-08 05:00:00+00:00,268.6319273661624,273.79105782578944,265.9561618762661,272.5814514160156,228667200.0,0.0,0.07192675933959716,0.0,0.0
2020-05-09 05:00:00+00:00,268.6319273661624,273.79105782578944,265.9561618762661,272.5814514160156,228667200.0,0.0,0.07164600627677305,0.0,0.0
2020-05-10 05:00:00+00:00,268.6319273661624,273.79105782578944,265.9561618762661,272.5814514160156,228667200.0,0.0,0.07136851526986851,0.0,0.0
2020-05-11 05:00:00+00:00,268.6319273661624,273.79105782578944,265.9561618762661,272.5814514160156,228667200.0,0.0,0.07109422363659437,0.0,0.0
2020-05-12 05:00:00+00:00,268.6319273661624,273.79105782578944,265.9561618762661,272.5814514160156,228667200.0,0.0,0.07082307036802336,0.0,0.0
2020-05-13 05:00:00+00:00,268.6319273661624,273.79105782578944,265.9561618762661,272.5814514160156,228667200.0,0.0,0.07055499607159109,0.0,0.0
2020-05-14 05:00:00+00:00,268.6319273661624,273.79105782578944,265.9561618762661,272.5814514160156,228667200.0,0.0,0.07028994291645192,0.0,0.0
2020-05-15 05:00:00+00:00,268.6319273661624,273.79105782578944,265.9561618762661,272.5814514160156,228667200.0,0.0,0.07002785458107594,0.0,0.0
2020-05-16 05:00:00+00:00,268.6319273661624,273.79105782578944,265.9561618762661,272.5814514160156,228667200.0,0.0,0.069768676202979,0.0,0.0
2020-05-17 05:00:00+00:00,268.6319273661624,273.79105782578944,265.9561618762661,272.5814514160156,228667200.0,0.0,0.0695123543304842,0.0,0.0
2020-05-18 05:00:00+00:00,268.6319273661624,273.79105782578944,265.9561618762661,272.5814514160156,228667200.0,0.0,0.06925883687641816,0.0,0.0
2020-05-19 05:00:00+00:00,268.6319273661624,273.79105782578944,265.9561618762661,272.5814514160156,228667200.0,0.0,0.06900807307365149,0.0,0.0
2020-05-20 05:00:00+00:00,268.6319273661624,273.79105782578944,265.9561618762661,272.5814514160156,228667200.0,0.0,0.06876001343239674,0.0,0.0
2020-05-21 05:00:00+00:00,268.6319273661624,273.79105782578944,265.9561618762661,272.5814514160156,228667200.0,0.0,0.06851460969918283,0.0,0.0
2020-05-22 05:00:00+00:00,268.6319273661624,273.79105782578944,265.9561618762661,272.5814514160156,228667200.0,0.0,0.06827181481742839,0.0,0.0
2020-05-23 05:00:00+00:00,268.6319273661624,273.79105782578944,265.9561618762661,272.5814514160156,228667200.0,0.0,0.06803158288954113,0.0,0.0
2020-05-24 05:00:00+00:00,268.6319273661624,273.79105782578944,265.9561618762661,272.5814514160156,228667200.0,0.0,0.06779386914047347,0.0,0.0
2020-05-25 05:00:00+00:00,268.6319273661624,273.79105782578944,265.9561618762661,272.5814514160156,228667200.0,0.0,0.06755862988266945,0.0,0.0
2020-05-26 05:00:00+00:00,268.6319273661624,273.79105782578944,265.9561618762661,272.5814514160156,228667200.0,0.0,0.06732582248234005,0.0,0.0
2020-05-27 05:00:00+00:00,268.6319273661624,273.79105782578944,265.9561618762661,272.5814514160156,228667200.0,0.0,0.06709540532700788,0.0,0.0
2020-05-28 05:00:00+00:00,268.6319273661624,273.79105782578944,265.9561618762661,272.5814514160156,228667200.0,0.0,0.06686733779426553,0.0,0.0
2020-05-29 05:00:00+00:00,268.6319273661624,273.79105782578944,265.9561618762661,272.5814514160156,228667200.0,0.0,0.06664158022169384,0.0,0.0
2020-05-30 05:00:00+00:00,268.6319273661624,273.79105782578944,265.9561618762661,272.5814514160156,228667200.0,0.0,0.06641809387788984,0.0,0.0
2020-05-31 05:00:00+00:00,268.6319273661624,273.79105782578944,265.9561618762661,272.5814514160156,228667200.0,0.0,0.0661968409345563,0.0,0.0
2020-06-01 05:00:00+00:00,268.6319273661624,273.79105782578944,265.9561618762661,272.5814514160156,228667200.0,0.0,0.06597778443960686,0.0,0.0
2020-06-02 05:00:00+00:00,268.6319273661624,273.79105782578944,265.9561618762661,272.5814514160156,228667200.0,0.0,0.06576088829124405,0.0,0.0
2020-06-03 05:00:00+00:00,268.6319273661624,273.79105782578944,265.9561618762661,272.5814514160156,228667200.0,0.0,0.06554611721296802,0.0,0.0
2020-06-04 05:00:00+00:00,268.6319273661624,273.79105782578944,265.9561618762661,272.5814514160156,228667200.0,0.0,0.06533343672947761,0.0,0.0
2020-06-05 05:00:00+00:00,268.6319273661624,273.79105782578944,265.9561618762661,272.5814514160156,228667200.0,0.0,0.06512281314342566,0.0,0.0
2020-06-06 05:00:00+00:00,268.6319273661624,273.79105782578944,265.9561618762661,272.5814514160156,228667200.0,0.0,0.06491421351299319,0.0,0.0
2020-06-07 05:00:00+00:00,268.6319273661624,273.79105782578944,265.9561618762661,272.5814514160156,228667200.0,0.0,0.0647076056302491,0.0,0.0
2020-06-08 05:00:00+00:00,268.6319273661624,273.79105782578944,265.9561618762661,272.5814514160156,228667200.0,0.0,0.0645029580002621,0.0,0.0
2020-06-09 05:00:00+00:00,268.6319273661624,273.79105782578944,265.9561618762661,272.5814514160156,228667200.0,0.0,0.0643002398209351,0.0,0.0
2020-06-10 05:00:00+00:00,268.6319273661624,273.79105782578944,265.9561618762661,272.5814514160156,228667200.0,0.0,0.06409942096353209,0.0,0.0
2020-06-11 05:00:00+00:00,268.6319273661624,273.79105782578944,265.9561618762661,272.5814514160156,228667200.0,0.0,0.06390047195386991,0.0,0.0
2020-06-12 05:00:00+00:00,268.6319273661624,273.79105782578944,265.9561618762661,272.5814514160156,228667200.0,0.0,0.06370336395414805,0.0,0.0
2020-06-13 05:00:00+00:00,268.6319273661624,273.79105782578944,265.9561618762661,272.5814514160156,228667200.0,0.0,0.0635080687453913,0.0,0.0
2020-06-14 05:00:00+00:00,268.6319273661624,273.79105782578944,265.9561618762661,272.5814514160156,228667200.0,0.0,0.06331455871048067,0.0,0.0
2020-06-15 05:00:00+00:00,268.6319273661624,273.79105782578944,265.9561618762661,272.5814514160156,228667200.0,0.0,0.06312280681774964,0.0,0.0
2020-06-16 05:00:00+00:00,268.6319273661624,273.79105782578944,265.9561618762661,272.5814514160156,228667200.0,0.0,0.06293278660512351,0.0,0.0
2020-06-17 05:00:00+00:00,268.6319273661624,273.79105782578944,265.9561618762661,272.5814514160156,228667200.0,0.0,0.06274447216478089,0.0,0.0
2020-06-18 05:00:00+00:00,268.6319273661624,273.79105782578944,265.9561618762661,272.5814514160156,228667200.0,0.0,0.06255783812831694,0.0,0.0
2020-06-19 05:00:00+00:00,268.6319273661624,273.79105782578944,265.9561618762661,272.5814514160156,228667200.0,0.0,0.06237285965238901,0.0,0.0
2020-06-20 05:00:00+00:00,268.6319273661624,273.79105782578944,265.9561618762661,272.5814514160156,228667200.0,0.0,0.06218951240482667,0.0,0.0
2020-06-21 05:00:00+00:00,268.6319273661624,273.79105782578944,265.9561618762661,272.5814514160156,228667200.0,0.0,0.06200777255118803,0.0,0.0
2020-06-22 05:00:00+00:00,268.6319273661624,273.79105782578944,265.9561618762661,272.5814514160156,228667200.0,0.0,0.061827616741745695,0.0,0.0
2020-06-23 05:00:00+00:00,268.6319273661624,273.79105782578944,265.9561618762661,272.5814514160156,228667200.0,0.0,0.061649022098886314,0.0,0.0
2020-06-24 05:00:00+00:00,268.6319273661624,273.79105782578944,265.9561618762661,272.5814514160156,228667200.0,0.0,0.06147196620490796,0.0,0.0
2020-06-25 05:00:00+00:00,268.6319273661624,273.79105782578944,265.9561618762661,272.5814514160156,228667200.0,0.0,0.061296427090201014,0.0,0.0
2020-06-26 05:00:00+00:00,268.6319273661624,273.79105782578944,265.9561618762661,272.5814514160156,228667200.0,0.0,0.06112238322179807,0.0,0.0
2020-06-27 05:00:00+00:00,268.6319273661624,273.79105782578944,265.9561618762661,272.5814514160156,228667200.0,0.0,0.060949813492279334,0.0,0.0
2020-06-28 05:00:00+00:00,268.6319273661624,273.79105782578944,265.9561618762661,272.5814514160156,228667200.0,0.0,0.0607786972090208,0.0,0.0
2020-06-29 05:00:00+00:00,268.6319273661624,273.79105782578944,265.9561618762661,272.5814514160156,228667200.0,0.0,0.060609014083772485,0.0,0.0
2020-06-30 05:00:00+00:00,268.6319273661624,273.79105782578944,265.9561618762661,272.5814514160156,228667200.0,0.0,0.060440744222554924,0.0,0.0
2020-07-01 05:00:00+00:00,268.6319273661624,273.79105782578944,265.9561618762661,272.5814514160156,228667200.0,0.0,0.06027386811586251,0.0,0.0
2020-07-02 05:00:00+00:00,268.6319273661624,273.79105782578944,265.9561618762661,272.5814514160156,228667200.0,0.0,0.06010836662916269,0.0,0.0
2020-07-03 05:00:00+00:00,268.6319273661624,273.79105782578944,265.9561618762661,272.5814514160156,228667200.0,0.0,0.05994422099368067,0.0,0.0
2020-07-04 05:00:00+00:00,268.6319273661624,273.79105782578944,265.9561618762661,272.5814514160156,228667200.0,0.0,0.05978141279745916,0.0,0.0
2020-07-05 05:00:00+00:00,268.6319273661624,273.79105782578944,265.9561618762661,272.5814514160156,228667200.0,0.0,0.059619923976684024,0.0,0.0
2020-07-06 05:00:00+00:00,268.6319273661624,273.79105782578944,265.9561618762661,272.5814514160156,228667200.0,0.0,0.0594597368072661,0.0,0.0
2020-07-07 05:00:00+00:00,268.6319273661624,273.79105782578944,265.9561618762661,272.5814514160156,228667200.0,0.0,0.05930083389667056,0.0,0.0
2020-07-08 05:00:00+00:00,268.6319273661624,273.79105782578944,265.9561618762661,272.5814514160156,228667200.0,0.0,0.05914319817598518,0.0,0.0
2020-07-09 05:00:00+00:00,268.6319273661624,273.79105782578944,265.9561618762661,272.5814514160156,228667200.0,0.0,0.05898681289221919,0.0,0.0
2020-07-10 05:00:00+00:00,268.6319273661624,273.79105782578944,265.9561618762661,272.5814514160156,228667200.0,0.0,0.05883166160082509,0.0,0.0
2020-07-11 05:00:00+00:00,268.6319273661624,273.79105782578944,265.9561618762661,272.5814514160156,228667200.0,0.0,0.058677728158435555,0.0,0.0
2020-07-12 05:00:00+00:00,268.6319273661624,273.79105782578944,265.9561618762661,272.5814514160156,228667200.0,0.0,0.05852499671580831,0.0,0.0
2020-07-13 05:00:00+00:00,268.6319273661624,273.79105782578944,265.9561618762661,272.5814514160156,228667200.0,0.0,0.05837345171097206,0.0,0.0
2020-07-14 05:00:00+00:00,268.6319273661624,273.79105782578944,265.9561618762661,272.5814514160156,228667200.0,0.0,0.058223077862566384,0.0,0.0
2020-07-15 05:00:00+00:00,268.6319273661624,273.79105782578944,265.9561618762661,272.5814514160156,228667200.0,0.0,0.058073860163369705,0.0,0.0
2020-07-16 05:00:00+00:00,268.6319273661624,273.79105782578944,265.9561618762661,272.5814514160156,228667200.0,0.0,0.057925783874008444,0.0,0.0
2020-07-17 05:00:00+00:00,268.6319273661624,273.79105782578944,265.9561618762661,272.5814514160156,228667200.0,0.0,0.05777883451684197,0.0,0.0
2020-07-18 05:00:00+00:00,268.6319273661624,273.79105782578944,265.9561618762661,272.5814514160156,228667200.0,0.0,0.05763299787001719,0.0,0.0
2020-07-19 05:00:00+00:00,268.6319273661624,273.79105782578944,265.9561618762661,272.5814514160156,228667200.0,0.0,0.0574882599616874,0.0,0.0
2020-07-20 05:00:00+00:00,268.6319273661624,273.79105782578944,265.9561618762661,272.5814514160156,228667200.0,0.0,0.05734460706439003,0.0,0.0
2020-07-21 05:00:00+00:00,268.6319273661624,273.79105782578944,265.9561618762661,272.5814514160156,228667200.0,0.0,0.05720202568957816,0.0,0.0
2020-07-22 05:00:00+00:00,268.6319273661624,273.79105782578944,265.9561618762661,272.5814514160156,228667200.0,0.0,0.05706050258230091,0.0,0.0
2020-07-23 05:00:00+00:00,268.6319273661624,273.79105782578944,265.9561618762661,272.5814514160156,228667200.0,0.0,0.056920024716027695,0.0,0.0
2020-07-24 05:00:00+00:00,268.6319273661624,273.79105782578944,265.9561618762661,272.5814514160156,228667200.0,0.0,0.05678057928761224,0.0,0.0
2020-07-25 05:00:00+00:00,268.6319273661624,273.79105782578944,265.9561618762661,272.5814514160156,228667200.0,0.0,0.056642153712391334,0.0,0.0
2020-07-26 05:00:00+00:00,268.6319273661624,273.79105782578944,265.9561618762661,272.5814514160156,228667200.0,0.0,0.056504735619414624,0.0,0.0
2020-07-27 05:00:00+00:00,268.6319273661624,273.79105782578944,265.9561618762661,272.5814514160156,228667200.0,0.0,0.05636831284680091,0.0,0.0
2020-07-28 05:00:00+00:00,268.6319273661624,273.79105782578944,265.9561618762661,272.5814514160156,228667200.0,0.0,0.0562328734372173,0.0,0.0
2020-07-29 05:00:00+00:00,268.6319273661624,273.79105782578944,265.9561618762661,272.5814514160156,228667200.0,0.0,0.0560984056334772,0.0,0.0
2020-07-30 05:00:00+00:00,268.6319273661624,273.79105782578944,265.9561618762661,272.5814514160156,228667200.0,0.0,0.055964897874253516,0.0,0.0
2020-07-31 05:00:00+00:00,268.6319273661624,273.79105782578944,265.9561618762661,272.5814514160156,228667200.0,0.0,0.05583233878990366,0.0,0.0
2020-08-01 05:00:00+00:00,268.6319273661624,273.79105782578944,265.9561618762661,272.5814514160156,228667200.0,0.0,0.055700717198402645,0.0,0.0
2020-08-02 05:00:00+00:00,268.6319273661624,273.79105782578944,265.9561618762661,272.5814514160156,228667200.0,0.0,0.05557002210138135,0.0,0.0
2020-08-03 05:00:00+00:00,268.6319273661624,273.79105782578944,265.9561618762661,272.5814514160156,228667200.0,0.0,0.055440242680266295,0.0,0.0
2020-08-04 05:00:00+00:00,268.6319273661624,273.79105782578944,265.9561618762661,272.5814514160156,228667200.0,0.0,0.05531136829251842,0.0,0.0
2020-08-05 05:00:00+00:00,268.6319273661624,273.79105782578944,265.9561618762661,272.5814514160156,228667200.0,0.0,0.05518338846796731,0.0,0.0
2020-08-06 05:00:00+00:00,268.6319273661624,273.79105782578944,265.9561618762661,272.5814514160156,228667200.0,0.0,0.05505629290523849,0.0,0.0
2020-08-07 05:00:00+00:00,268.6319273661624,273.79105782578944,265.9561618762661,272.5814514160156,228667200.0,0.0,0.05493007146827067,0.0,0.0
2020-08-08 05:00:00+00:00,268.6319273661624,273.79105782578944,265.9561618762661,272.5814514160156,228667200.0,0.0,0.054804714182920544,0.0,0.0
2020-08-09 05:00:00+00:00,268.6319273661624,273.79105782578944,265.9561618762661,272.5814514160156,228667200.0,0.0,0.054680211233652326,0.0,0.0
2020-08-10 05:00:00+00:00,268.6319273661624,273.79105782578944,265.9561618762661,272.5814514160156,228667200.0,0.0,0.05455655296030967,0.0,0.0
2020-08-11 05:00:00+00:00,268.6319273661624,273.79105782578944,265.9561618762661,272.5814514160156,228667200.0,0.0,0.054433729854967576,0.0,0.0
2020-08-12 05:00:00+00:00,268.6319273661624,273.79105782578944,265.9561618762661,272.5814514160156,228667200.0,0.0,0.054311732558861764,0.0,0.0
2020-08-13 05:00:00+00:00,268.6319273661624,273.79105782578944,265.9561618762661,272.5814514160156,228667200.0,0.0,0.05419055185939361,0.0,0.0
2020-08-14 05:00:00+00:00,268.6319273661624,273.79105782578944,265.9561618762661,272.5814514160156,228667200.0,0.0,0.05407017868720809,0.0,0.0
2020-08-15 05:00:00+00:00,268.6319273661624,273.79105782578944,265.9561618762661,272.5814514160156,228667200.0,0.0,0.0539506041133429,0.0,0.0
2020-08-16 05:00:00+00:00,268.6319273661624,273.79105782578944,265.9561618762661,272.5814514160156,228667200.0,0.0,0.053831819346446506,0.0,0.0
2020-08-17 05:00:00+00:00,268.6319273661624,273.79105782578944,265.9561618762661,272.5814514160156,228667200.0,0.0,0.05371381573006349,0.0,0.0
2020-08-18 05:00:00+00:00,268.6319273661624,273.79105782578944,265.9561618762661,272.5814514160156,228667200.0,0.0,0.05359658473998478,0.0,0.0
2020-08-19 05:00:00+00:00,268.6319273661624,273.79105782578944,265.9561618762661,272.5814514160156,228667200.0,0.0,0.05348011798166148,0.0,0.0
2020-08-20 05:00:00+00:00,268.6319273661624,273.79105782578944,265.9561618762661,272.5814514160156,228667200.0,0.0,0.05336440718768005,0.0,0.0
2020-08-21 05:00:00+00:00,268.6319273661624,273.79105782578944,265.9561618762661,272.5814514160156,228667200.0,0.0,0.05324944421529743,0.0,0.0
2020-08-22 05:00:00+00:00,268.6319273661624,273.79105782578944,265.9561618762661,272.5814514160156,228667200.0,0.0,0.0531352210440343,0.0,0.0
2020-08-23 05:00:00+00:00,268.6319273661624,273.79105782578944,265.9561618762661,272.5814514160156,228667200.0,0.0,0.05302172977332483,0.0,0.0
2020-08-24 05:00:00+00:00,268.6319273661624,273.79105782578944,265.9561618762661,272.5814514160156,228667200.0,0.0,0.05290896262022148,0.0,0.0
2020-08-25 05:00:00+00:00,268.6319273661624,273.79105782578944,265.9561618762661,272.5814514160156,228667200.0,0.0,0.052796911917153265,0.0,0.0
2020-08-26 05:00:00+00:00,268.6319273661624,273.79105782578944,265.9561618762661,272.5814514160156,228667200.0,0.0,0.05268557010973592,0.0,0.0
2020-08-27 05:00:00+00:00,268.6319273661624,273.79105782578944,265.9561618762661,272.5814514160156,228667200.0,0.0,0.05257492975463281,0.0,0.0
2020-08-28 05:00:00+00:00,268.6319273661624,273.79105782578944,265.9561618762661,272.5814514160156,228667200.0,0.0,0.052464983517464876,0.0,0.0
2020-08-29 05:00:00+00:00,268.6319273661624,273.79105782578944,265.9561618762661,272.5814514160156,228667200.0,0.0,0.05235572417076863,0.0,0.0
2020-08-30 05:00:00+00:00,268.6319273661624,273.79105782578944,265.9561618762661,272.5814514160156,228667200.0,0.0,0.052247144592000555,0.0,0.0
2020-08-31 05:00:00+00:00,268.6319273661624,273.79105782578944,265.9561618762661,272.5814514160156,228667200.0,0.0,0.05213923776158698,0.0,0.0
2020-09-01 05:00:00+00:00,268.6319273661624,273.79105782578944,265.9561618762661,272.5814514160156,228667200.0,0.0,0.052031996761018,0.0,0.0
2020-09-02 05:00:00+00:00,268.6319273661624,273.79105782578944,265.9561618762661,272.5814514160156,228667200.0,0.0,0.0519254147709844,0.0,0.0
2020-09-03 05:00:00+00:00,268.6319273661624,273.79105782578944,265.9561618762661,272.5814514160156,228667200.0,0.0,0.05181948506955626,0.0,0.0
2020-09-04 05:00:00+00:00,268.6319273661624,273.79105782578944,265.9561618762661,272.5814514160156,228667200.0,0.0,0.0517142010304025,0.0,0.0
2020-09-05 05:00:00+00:00,268.6319273661624,273.79105782578944,265.9561618762661,272.5814514160156,228667200.0,0.0,0.051609556121049775,0.0,0.0
2020-09-06 05:00:00+00:00,268.6319273661624,273.79105782578944,265.9561618762661,272.5814514160156,228667200.0,0.0,0.05150554390118015,0.0,0.0
2020-09-07 05:00:00+00:00,268.6319273661624,273.79105782578944,265.9561618762661,272.5814514160156,228667200.0,0.0,0.05140215802096638,0.0,0.0
2020-09-08 05:00:00+00:00,268.6319273661624,273.79105782578944,265.9561618762661,272.5814514160156,228667200.0,0.0,0.05129939221944359,0.0,0.0
2020-09-09 05:00:00+00:00,268.6319273661624,273.79105782578944,265.9561618762661,272.5814514160156,228667200.0,0.0,0.05119724032291689,0.0,0.0
2020-09-10 05:00:00+00:00,268.6319273661624,273.79105782578944,265.9561618762661,272.5814514160156,228667200.0,0.0,0.05109569624340357,0.0,0.0
2020-09-11 05:00:00+00:00,268.6319273661624,273.79105782578944,265.9561618762661,272.5814514160156,228667200.0,0.0,0.04679443127851793,0.0,0.0
2020-09-12 05:00:00+00:00,268.6319273661624,273.79105782578944,265.9561618762661,272.5814514160156,228667200.0,0.0,0.04679443127851793,0.0,0.0
2020-09-13 05:00:00+00:00,268.6319273661624,273.79105782578944,265.9561618762661,272.5814514160156,228667200.0,0.0,0.04679443127851793,0.0,0.0
2020-09-14 05:00:00+00:00,268.6319273661624,273.79105782578944,265.9561618762661,272.5814514160156,228667200.0,0.0,0.0490422027359771,0.0,0.0
2020-09-15 05:00:00+00:00,268.6319273661624,273.79105782578944,265.9561618762661,272.5814514160156,228667200.0,0.0,0.04741751466995029,0.0,0.0
2020-09-16 05:00:00+00:00,268.6319273661624,273.79105782578944,265.9561618762661,272.5814514160156,228667200.0,0.0,0.0505776000179003,0.0,0.0
2020-09-17 05:00:00+00:00,268.6319273661624,273.79105782578944,265.9561618762661,272.5814514160156,228667200.0,0.0,0.0546313937169105,0.0,0.0
2020-09-18 05:00:00+00:00,268.6319273661624,273.79105782578944,265.9561618762661,272.5814514160156,228667200.0,0.0,0.052963767446328615,0.0,0.0
2020-09-19 05:00:00+00:00,268.6319273661624,273.79105782578944,265.9561618762661,272.5814514160156,228667200.0,0.0,0.052963767446328615,0.0,0.0
2020-09-20 05:00:00+00:00,268.6319273661624,273.79105782578944,265.9561618762661,272.5814514160156,228667200.0,0.0,0.052963767446328615,0.0,0.0
2020-09-21 05:00:00+00:00,268.6319273661624,273.79105782578944,265.9561618762661,272.5814514160156,228667200.0,0.0,0.057093084206021466,0.0,0.0
2020-09-22 05:00:00+00:00,268.6319273661624,273.79105782578944,265.9561618762661,272.5814514160156,228667200.0,0.0,0.05620323025218005,0.0,0.0
2020-09-23 05:00:00+00:00,268.6319273661624,273.79105782578944,265.9561618762661,272.5814514160156,228667200.0,0.0,0.057540982588633716,0.0,0.0
2020-09-24 05:00:00+00:00,268.6319273661624,273.79105782578944,265.9561618762661,272.5814514160156,228667200.0,0.0,0.06259413062192785,0.0,0.0
2020-09-25 05:00:00+00:00,268.6319273661624,273.79105782578944,265.9561618762661,272.5814514160156,228667200.0,0.0,0.06445357098045403,0.0,0.0
2020-09-26 05:00:00+00:00,268.6319273661624,273.79105782578944,265.9561618762661,272.5814514160156,228667200.0,0.0,0.06445357098045403,0.0,0.0
2020-09-27 05:00:00+00:00,268.6319273661624,273.79105782578944,265.9561618762661,272.5814514160156,228667200.0,0.0,0.06445357098045403,0.0,0.0
2020-09-28 05:00:00+00:00,268.6319273661624,273.79105782578944,265.9561618762661,272.5814514160156,228667200.0,0.0,0.06445357098045403,0.0,0.0
2020-09-29 05:00:00+00:00,268.6319273661624,273.79105782578944,265.9561618762661,272.5814514160156,228667200.0,0.0,0.06330799711704337,0.0,0.0
2020-09-30 05:00:00+00:00,268.6319273661624,273.79105782578944,265.9561618762661,272.5814514160156,228667200.0,0.0,0.06337913643577345,0.0,0.0
2020-10-01 05:00:00+00:00,268.6319273661624,273.79105782578944,265.9561618762661,272.5814514160156,228667200.0,0.0,0.06405920997021021,0.0,0.0
2020-10-02 05:00:00+00:00,268.6319273661624,273.79105782578944,265.9561618762661,272.5814514160156,228667200.0,0.0,0.05899694976281942,0.0,0.0
2020-10-03 05:00:00+00:00,268.6319273661624,273.79105782578944,265.9561618762661,272.5814514160156,228667200.0,0.0,0.05899694976281942,0.0,0.0
2020-10-04 05:00:00+00:00,268.6319273661624,273.79105782578944,265.9561618762661,272.5814514160156,228667200.0,0.0,0.05899694976281942,0.0,0.0
2020-10-05 05:00:00+00:00,268.6319273661624,273.79105782578944,265.9561618762661,272.5814514160156,228667200.0,0.0,0.05002220598566791,0.0,0.0
2020-10-06 05:00:00+00:00,268.6319273661624,273.79105782578944,265.9561618762661,272.5814514160156,228667200.0,0.0,0.0565316844483695,0.0,0.0
2020-10-07 05:00:00+00:00,268.6319273661624,273.79105782578944,265.9561618762661,272.5814514160156,228667200.0,0.0,0.05603668859705754,0.0,0.0
2020-10-08 05:00:00+00:00,268.6319273661624,273.79105782578944,265.9561618762661,272.5814514160156,228667200.0,0.0,0.058012243115398335,0.0,0.0
2020-10-09 05:00:00+00:00,268.6319273661624,273.79105782578944,265.9561618762661,272.5814514160156,228667200.0,0.0,0.047731825930612745,0.0,0.0
2020-10-10 05:00:00+00:00,268.6319273661624,273.79105782578944,265.9561618762661,272.5814514160156,228667200.0,0.0,0.047731825930612745,0.0,0.0
2020-10-11 05:00:00+00:00,268.6319273661624,273.79105782578944,265.9561618762661,272.5814514160156,228667200.0,0.0,0.047731825930612745,0.0,0.0
2020-10-12 05:00:00+00:00,268.6319273661624,273.79105782578944,265.9561618762661,272.5814514160156,228667200.0,0.0,0.0523825005878884,0.0,0.0
2020-10-13 05:00:00+00:00,268.6319273661624,273.79105782578944,265.9561618762661,272.5814514160156,228667200.0,0.0,0.06232245427117087,0.0,0.0
2020-10-14 05:00:00+00:00,268.6319273661624,273.79105782578944,265.9561618762661,272.5814514160156,228667200.0,0.0,0.06988861859082991,0.0,0.0
2020-10-15 05:00:00+00:00,268.6319273661624,273.79105782578944,265.9561618762661,272.5814514160156,228667200.0,0.0,0.07202702156823898,0.0,0.0
2020-10-16 05:00:00+00:00,268.6319273661624,273.79105782578944,265.9561618762661,272.5814514160156,228667200.0,0.0,0.06878313013358354,0.0,0.0
2020-10-17 05:00:00+00:00,268.6319273661624,273.79105782578944,265.9561618762661,272.5814514160156,228667200.0,0.0,0.06878313013358354,0.0,0.0
2020-10-18 05:00:00+00:00,268.6319273661624,273.79105782578944,265.9561618762661,272.5814514160156,228667200.0,0.0,0.06878313013358354,0.0,0.0
2020-10-19 05:00:00+00:00,268.6319273661624,273.79105782578944,265.9561618762661,272.5814514160156,228667200.0,0.0,0.07363909265108104,0.0,0.0
2020-10-20 05:00:00+00:00,268.6319273661624,273.79105782578944,265.9561618762661,272.5814514160156,228667200.0,0.0,0.07473776552362997,0.0,0.0
2020-10-21 05:00:00+00:00,268.6319273661624,273.79105782578944,265.9561618762661,272.5814514160156,228667200.0,0.0,0.07893538111226289,0.0,0.0
2020-10-22 05:00:00+00:00,268.6319273661624,273.79105782578944,265.9561618762661,272.5814514160156,228667200.0,0.0,0.07826723695074501,0.0,0.0
2020-10-23 05:00:00+00:00,268.6319273661624,273.79105782578944,265.9561618762661,272.5814514160156,228667200.0,0.0,0.07928583879154386,0.0,0.0
2020-10-24 05:00:00+00:00,268.6319273661624,273.79105782578944,265.9561618762661,272.5814514160156,228667200.0,0.0,0.07928583879154386,0.0,0.0
2020-10-25 05:00:00+00:00,268.6319273661624,273.79105782578944,265.9561618762661,272.5814514160156,228667200.0,0.0,0.07928583879154386,0.0,0.0
2020-10-26 05:00:00+00:00,268.6319273661624,273.79105782578944,265.9561618762661,272.5814514160156,228667200.0,0.0,0.07928583879154386,0.0,0.0
2020-10-27 05:00:00+00:00,268.6319273661624,273.79105782578944,265.9561618762661,272.5814514160156,228667200.0,0.0,0.07768568585234154,0.0,0.0
2020-10-28 05:00:00+00:00,268.6319273661624,273.79105782578944,265.9561618762661,272.5814514160156,228667200.0,0.0,0.08078441106502988,0.0,-0.11189730324266722
2020-10-29 05:00:00+00:00,268.6319273661624,273.79105782578944,265.9561618762661,272.5814514160156,228667200.0,0.0,0.07825163848075459,0.0,-0.12730547970675654
2020-10-30 05:00:00+00:00,268.6319273661624,273.79105782578944,265.9561618762661,272.5814514160156,228667200.0,0.0,0.07210421436379309,0.0,-0.14638296831248832
2020-10-31 05:00:00+00:00,268.6319273661624,273.79105782578944,265.9561618762661,272.5814514160156,228667200.0,0.0,0.07210421436379309,0.0,-0.16271269885804118
2020-11-01 05:00:00+00:00,268.6319273661624,273.79105782578944,265.9561618762661,272.5814514160156,228667200.0,0.0,0.07210421436379309,-0.11189730324266722,-0.1625214586349153
2020-11-02 05:00:00+00:00,306.92559814453125,308.93332384063365,304.1742157069411,306.92559814453125,86068300.0,0.11866789317535419,12.401604179626775,-0.017349543606103413,-0.057002591678967485
2020-11-03 05:00:00+00:00,310.1695753283749,314.40815753311387,307.00923292891446,312.3446350097656,93294200.0,0.017501810684108686,1.822128196340598,-0.021860442757588694,-0.0403531569286415
2020-11-04 05:00:00+00:00,316.83410692059766,323.4150814791971,315.65363443266193,319.3252258300781,126959700.0,0.022102922560623527,2.276720847029611,-0.019130043027926424,-0.031080990234368833
2020-11-05 05:00:00+00:00,324.62355579487365,327.36563424826636,324.27033583230514,325.5530700683594,82039700.0,0.01931538990408355,2.039576705745528,0.00022840454270012245,-0.010733192970273753
2020-11-06 05:00:00+00:00,325.26493074804625,326.733579220785,323.1456392881092,325.4787292480469,74973000.0,-0.0002283784623536385,-0.10397223452604597,0.0,-0.018251922388666464
2020-11-07 05:00:00+00:00,325.26493074804625,326.733579220785,323.1456392881092,325.4787292480469,74973000.0,0.0,-0.07893074472136558,0.0,-0.008634915394170162
2020-11-08 05:00:00+00:00,325.26493074804625,326.733579220785,323.1456392881092,325.4787292480469,74973000.0,0.0,-0.07893074472136558,-0.012409598324039872,-0.022172478998819578
2020-11-09 05:00:00+00:00,338.3152742409933,338.6963784554097,329.10378539457383,329.56854248046875,172304200.0,0.012487240395967316,1.3563738269256216,0.0014687302707181438,-0.009885556459653722
2020-11-10 05:00:00+00:00,328.57395526410835,330.1448364825855,325.8040211888103,329.085205078125,85552000.0,-0.0014676527413518218,-0.25443499594231694,-0.007373636359619629,-0.011337634802938479
2020-11-11 05:00:00+00:00,331.2787982108576,332.3570379013313,330.03325280113376,331.52978515625,58649000.0,0.007400955995757217,0.8341514684622463,0.009795799160508878,-0.016272980614899124
2020-11-12 05:00:00+00:00,330.5166342173397,331.5762939810746,326.5011545842146,328.3136901855469,67546200.0,-0.00974813136322772,-1.3166170923092209,-0.013655477497507396,-0.020548021282096984
2020-11-13 05:00:00+00:00,330.2284982463468,333.60263931693396,329.70797256583705,332.8590393066406,62892200.0,0.01374957110773185,1.644108509117867,0.0,0.005108420900338917
2020-11-14 05:00:00+00:00,330.2284982463468,333.60263931693396,329.70797256583705,332.8590393066406,62892200.0,0.0,-0.10059772366207016,0.0,0.0008947108822079386
2020-11-15 05:00:00+00:00,330.2284982463468,333.60263931693396,329.70797256583705,332.8590393066406,62892200.0,0.0,-0.10059772366207016,-0.012328770224412589,0.007795518997194328
2020-11-16 05:00:00+00:00,335.53608323091584,337.2091976293169,334.2440447341139,337.0140075683594,74541100.0,0.01240539999732304,1.4610496374547668,0.0054074698558250756,0.020375494005408612
2020-11-17 05:00:00+00:00,334.5972374413552,336.4098015306876,333.0821247126404,335.201416015625,66111000.0,-0.005392901983992139,-0.7841375195617993,0.012181512741333389,0.014887520332159454
2020-11-18 05:00:00+00:00,335.47095237920496,336.01936231897963,331.1301088549771,331.16729736328125,70591300.0,-0.012107915198454727,-1.6170121449374142,-0.004192294015760711,-0.003300810791845521
2020-11-19 05:00:00+00:00,330.53515935939345,332.9332928188194,329.18735281356163,332.5614929199219,59940900.0,0.004201106318116652,0.42817639384461875,0.006894639406081149,-0.014977485457927098
2020-11-20 05:00:00+00:00,332.3013602579922,332.50585453742735,330.20995309552933,330.2843017578125,70417300.0,-0.006870980065970558,-0.9561708045710737,0.0,-0.020211634712757
2020-11-21 05:00:00+00:00,332.3013602579922,332.50585453742735,330.20995309552933,330.2843017578125,70417300.0,0.0,-0.09545104933960337,0.0,-0.020211634712757
2020-11-22 05:00:00+00:00,332.3013602579922,332.50585453742735,330.20995309552933,330.2843017578125,70417300.0,0.0,-0.09545104933960337,-0.0059583226024989555,-0.02293275381457982
2020-11-23 05:00:00+00:00,332.09673238820744,333.52819176842985,329.8566004357761,332.2640380859375,63230600.0,0.005976144233228657,0.6496656777676345,-0.015858524648488248,-0.017076176580967606
2020-11-24 05:00:00+00:00,334.82031711721845,338.1665740612137,333.9651798999618,337.6181640625,62415900.0,0.01598561650089669,1.8811450289605787,0.001544267461547566,-0.0012372732609855497
2020-11-25 05:00:00+00:00,337.5344679872675,337.56235227629367,336.0007753577867,337.09759521484375,45330900.0,-0.001543076306701388,-0.2964925729252951,0.0,0.0016575479914959779
2020-11-26 05:00:00+00:00,337.5344679872675,337.56235227629367,336.0007753577867,337.09759521484375,45330900.0,0.0,-0.10475041750188435,-0.0027772519027872145,-0.009179830493362573
2020-11-27 05:00:00+00:00,338.1944089835005,338.5104403756147,337.02321213244505,338.0364074707031,28514100.0,0.0027811156221924202,0.23943654275526688,0.0,-0.008506322342811456
2020-11-28 05:00:00+00:00,338.1944089835005,338.5104403756147,337.02321213244505,338.0364074707031,28514100.0,0.0,-0.10611192899996519,0.0,-0.008235828486257368
2020-11-29 05:00:00+00:00,338.1944089835005,338.5104403756147,337.02321213244505,338.0364074707031,28514100.0,0.0,-0.10611192899996519,0.004447150752171725,-0.016709440711498713
2020-11-30 05:00:00+00:00,337.2554798188756,337.5250467636952,333.8534842709215,336.5397644042969,83872700.0,-0.0044372913971503095,-0.6547021646101411,-0.010819444735967298,-0.021062921476582952
2020-12-01 05:00:00+00:00,339.8024998061892,341.7637610766728,339.2075971251857,340.22076416015625,74231400.0,0.01087840055998982,1.2375148973988206,-0.002099391611456225,-0.010355517691996496
2020-12-02 05:00:00+00:00,339.10537931768437,341.09452496721,338.5290850488173,340.9365234375,45927000.0,0.0021015984232077858,0.15020772278675382,0.0002728145046706487,-0.0062314415735971185
2020-12-03 05:00:00+00:00,340.83423215842737,342.23780756286345,339.7374123001427,340.8435363769531,62882000.0,-0.0002727772975606031,-0.14351711970272532,-0.008543978970633748,-0.009401266084824167
2020-12-04 05:00:00+00:00,341.4291227207132,343.7807922363281,341.33616563830765,343.7807922363281,50749900.0,0.00858068800264754,0.9463101626366692,0.0,0.008177643175206528
2020-12-05 05:00:00+00:00,341.4291227207132,343.7807922363281,341.33616563830765,343.7807922363281,50749900.0,0.0,-0.11377035663641237,0.0,0.008507625663396468
2020-12-06 05:00:00+00:00,341.4291227207132,343.7807922363281,341.33616563830765,343.7807922363281,50749900.0,0.0,-0.11377035663641237,0.002059089682749038,0.00969150699989485
2020-12-07 05:00:00+00:00,343.00929853997224,343.5670126985919,341.80094150173,343.0743713378906,48944300.0,-0.0020569726631790054,-0.36679644557358115,-0.002917756638324276,0.007616733779204576
2020-12-08 05:00:00+00:00,341.80098680862193,344.6452981914329,341.75452244196146,344.07830810546875,42458900.0,0.0029220215883022206,0.24671590649761135,0.009050143485087814,0.010565317442633226
2020-12-09 05:00:00+00:00,344.7382200244361,344.8962215481374,340.1557219727567,340.9922790527344,74098300.0,-0.009009436355771531,-1.2188062537196744,0.0003273058973520815,0.006005800523259053
2020-12-10 05:00:00+00:00,339.61655289507456,341.931033863523,338.7428073956365,340.8807067871094,57735400.0,-0.00032725234446209285,-0.14955030660199678,0.0011738942833670052,-0.007738234991301884
2020-12-11 05:00:00+00:00,339.17970394397395,340.890006557245,337.65531550527345,340.48101806640625,57698600.0,-0.0011732058082180548,-0.2531161551566461,0.0,-0.010454858543305301
2020-12-12 05:00:00+00:00,339.17970394397395,340.890006557245,337.65531550527345,340.48101806640625,57698600.0,0.0,-0.10866987526307889,0.0,-0.015957497946030963
2020-12-13 05:00:00+00:00,339.17970394397395,340.890006557245,337.65531550527345,340.48101806640625,57698600.0,0.0,-0.10866987526307889,0.0044974628000233885,-0.01201253854980644
2020-12-14 05:00:00+00:00,342.65604936198173,343.73426062304117,338.7799635596942,338.9565734863281,69216200.0,-0.004487379435937238,-0.6584121022432857,-0.013339150112431364,-0.01643608068835567
2020-12-15 05:00:00+00:00,341.5034549865661,343.5390930175781,340.127792352415,343.5390930175781,63865300.0,0.013428915733739515,1.5318383671179725,-0.0015671289796197474,-0.0031387994935414554
2020-12-16 05:00:00+00:00,343.75297243927287,344.9985181509299,342.8699225405304,344.07830810546875,58420500.0,0.0015683582106493321,0.07885629790667331,-0.005560776534787815,0.0020084145629295502
2020-12-17 05:00:00+00:00,345.7235069456668,346.20684410811197,344.8962257081794,346.0023498535156,64119500.0,0.005576295209951376,0.5665403288423044,0.0040089319190892425,0.009312757289935192
2020-12-18 05:00:00+00:00,346.29171920031933,346.4597381046368,342.6044762600976,344.62078857421875,136542300.0,-0.004000917563719457,-0.6030316475498939,0.0,0.004380035448705133
2020-12-19 05:00:00+00:00,346.29171920031933,346.4597381046368,342.6044762600976,344.62078857421875,136542300.0,0.0,-0.11379325536056505,0.0,0.0004877279929023093
2020-12-20 05:00:00+00:00,346.29171920031933,346.4597381046368,342.6044762600976,344.62078857421875,136542300.0,0.0,-0.11379325536056505,0.003588200273387576,0.0004877279929023093
2020-12-21 05:00:00+00:00,340.6909091664854,353.28349765930517,337.9464860594787,343.3886413574219,96386700.0,-0.003581778041038826,-0.5497222835769277,0.001688389044860239,-0.0030893869414174713
2020-12-22 05:00:00+00:00,343.7153181678852,343.82733077167063,341.68034656595023,342.8098449707031,47949000.0,-0.001686965318387617,-0.3172816769235984,-0.0008978690219444418,-0.004769722838490087
2020-12-23 05:00:00+00:00,343.7806801753628,345.0315351063921,342.79119749130325,343.117919921875,46201400.0,0.0008982723477752587,-0.0018290400057213551,-0.0038753333583178007,-0.012359725161413038
2020-12-24 05:00:00+00:00,343.59397848988544,344.4807924589566,343.0059122912495,344.4527893066406,26457900.0,0.0038828619193870552,0.3608968942154506,0.0,-0.006622441368475895
2020-12-25 05:00:00+00:00,343.59397848988544,344.4807924589566,343.0059122912495,344.4527893066406,26457900.0,0.0,-0.11344699356935543,0.0,-0.008037799753165764
2020-12-26 05:00:00+00:00,343.59397848988544,344.4807924589566,343.0059122912495,344.4527893066406,26457900.0,0.0,-0.11344699356935543,0.0,-0.013052126925350072
2020-12-27 05:00:00+00:00,343.59397848988544,344.4807924589566,343.0059122912495,344.4527893066406,26457900.0,0.0,-0.11344699356935543,-0.008517399565758588,-0.013052126925350072
2020-12-28 05:00:00+00:00,347.01041831787796,347.8038787507137,346.3850052441525,347.4118347167969,39000400.0,0.008553879906230424,0.9258106822135601,0.0019112369661884454,-0.004573683247295901
2020-12-29 05:00:00+00:00,348.94279009754194,349.1201528820118,346.1610203351437,346.7491149902344,53680500.0,-0.0019094128766265841,-0.3492615853571851,-0.0014247939994130876,-0.006472549637351999
2020-12-30 05:00:00+00:00,347.57058839397877,348.2800395515808,346.85182184412906,347.2438659667969,49455300.0,0.0014258099835435152,0.056715493757991564,-0.00505495791163868,0.008676927462939465
2020-12-31 05:00:00+00:00,347.04778143541307,349.73619745667565,346.5343809189973,349.0080871582031,78520700.0,0.005067777431051349,0.4981062461856895,0.0,0.006867315308563882
2021-01-01 05:00:00+00:00,347.04778143541307,349.73619745667565,346.5343809189973,349.0080871582031,78520700.0,0.0,-0.11953402267237172,0.0,0.0008833204798373018
2021-01-02 05:00:00+00:00,347.04778143541307,349.73619745667565,346.5343809189973,349.0080871582031,78520700.0,0.0,-0.11953402267237172,0.0,-0.01376952747713689
2021-01-03 05:00:00+00:00,347.04778143541307,349.73619745667565,346.5343809189973,349.0080871582031,78520700.0,0.0,-0.11953402267237172,0.013801652145283727,-0.019356908286527585
2021-01-04 05:00:00+00:00,350.3430308698017,350.4737312418111,340.55087239704,344.25677490234375,110210800.0,-0.013707276710814554,-1.772303591713562,-0.006839934440870388,-0.032707147755821064
2021-01-05 05:00:00+00:00,343.6125758204039,347.719865174645,343.56588492053913,346.627685546875,66426200.0,0.006863434010762439,0.7150307499772671,-0.0059431811299710535,-0.026045361882717222
2021-01-06 05:00:00+00:00,345.11552753738533,351.9019187189158,344.5647799187049,348.7000732421875,107997700.0,0.00596091211816351,0.6025502466367941,-0.014639916219154836,-0.013573013718048532
2021-01-07 05:00:00+00:00,351.08043056721175,354.6276289954362,350.903067797057,353.880859375,68766800.0,0.014748137323291655,1.6489075158913242,-0.005665390560380623,0.0008711469785407377
2021-01-08 05:00:00+00:00,355.2717141545609,356.1118370621761,352.01389123519994,355.89715576171875,71677200.0,0.005681499757555993,0.5556074480096677,0.0,0.0038704234930049264
2021-01-09 05:00:00+00:00,355.2717141545609,356.1118370621761,352.01389123519994,355.89715576171875,71677200.0,0.0,-0.1271919617105528,0.0,0.007398332744779301
2021-01-10 05:00:00+00:00,355.2717141545609,356.1118370621761,352.01389123519994,355.89715576171875,71677200.0,0.0,-0.1271919617105528,0.006786593189268775,0.014799031810739383
2021-01-11 05:00:00+00:00,352.7139913129885,355.2623631319254,352.59263484781377,353.49810791015625,51034700.0,-0.006763667930199602,-0.9352102465166341,-0.0002113780789106956,0.007958428008153273
2021-01-12 05:00:00+00:00,353.68488655633377,354.5903313155894,351.32316391848667,353.5728454589844,52547700.0,0.00021140042240554188,-0.09849274885715557,-0.0026857018655728204,0.008171533370089357
2021-01-13 05:00:00+00:00,353.4981642054425,355.52379194885276,352.7140474834026,354.5249938964844,45303600.0,0.0026893148331807734,0.1975034905032504,0.003514307393875482,0.010886473056660018
2021-01-14 05:00:00+00:00,355.27175642559587,355.7758416251156,352.9474094575699,353.283447265625,49989100.0,-0.003508146645269854,-0.5440217881447714,0.007346348336507713,-0.0005017180237645302
2021-01-15 05:00:00+00:00,351.6591667497863,352.4619426341767,348.8400787887009,350.70703125,107160000.0,-0.007319495353612728,-0.9955757964795601,0.0,-0.021334240580252017
2021-01-16 05:00:00+00:00,351.6591667497863,352.4619426341767,348.8400787887009,350.70703125,107160000.0,0.0,-0.1196735481322685,0.0,-0.022225791938053963
2021-01-17 05:00:00+00:00,351.6591667497863,352.4619426341767,348.8400787887009,350.70703125,107160000.0,0.0,-0.1196735481322685,0.0,-0.018752702450700154
2021-01-18 05:00:00+00:00,351.6591667497863,352.4619426341767,348.8400787887009,350.70703125,107160000.0,0.0,-0.1196735481322685,-0.007790832193150132,-0.018752702450700154
2021-01-19 05:00:00+00:00,353.1714095466067,354.0022171031651,351.6871856917085,353.4607849121094,51233300.0,0.007821339279978468,0.8115210531709759,-0.01364975130902868,-0.01104794292697353
2021-01-20 05:00:00+00:00,355.7571121035388,359.1923262780923,355.36506804016375,358.3522033691406,61836100.0,0.013743765659709905,1.5059765507099905,-0.0009109865643307513,-0.0013007558655423468
2021-01-21 05:00:00+00:00,358.9123241730878,359.3417438187751,357.75482257805237,358.678955078125,47840100.0,0.0009114017647714278,-0.02115946890344673,0.00355203630727563,0.0011724591692201525
2021-01-22 05:00:00+00:00,356.82132917887884,358.5762692472842,356.4386004629022,357.409423828125,52860500.0,-0.0035457427252630312,-0.5494689459235984,0.0,0.022622379078680588
2021-01-23 05:00:00+00:00,356.82132917887884,358.5762692472842,356.4386004629022,357.409423828125,52860500.0,0.0,-0.12784818346949453,0.0,0.013902602224239669
2021-01-24 05:00:00+00:00,356.82132917887884,358.5762692472842,356.4386004629022,357.409423828125,52860500.0,0.0,-0.12784818346949453,-0.003928207869870692,0.034615233755922015
2021-01-25 05:00:00+00:00,358.14683518859727,359.1736362444542,353.28340355342897,358.8189392089844,70402000.0,0.003935943543272595,0.33824738962202877,0.0015631937092674963,0.03869544537885794
2021-01-26 05:00:00+00:00,359.77113832425107,360.1818702142021,358.0255420356784,358.2589111328125,42665300.0,-0.0015619731937505446,-0.31458762297022463,0.025052938181493678,0.03707429736117995
2021-01-27 05:00:00+00:00,354.92633274341165,355.01968606374936,347.2625008838294,349.5028381347656,123351100.0,-0.02474425826304608,-3.002938111639142,-0.00852687857496015,-0.004837602050228429
2021-01-28 05:00:00+00:00,351.3231034198512,356.5225729048654,350.8843969357279,352.5086364746094,94198100.0,0.008563440391214684,0.8789859649208924,0.02042862054623784,-0.010274006054369345
2021-01-29 05:00:00+00:00,350.64166338752005,351.6124865949005,343.77126386307543,345.4515380859375,126765100.0,-0.020222755251871397,-2.4367035972236235,0.0,-0.03085002705887374
2021-01-30 05:00:00+00:00,350.64166338752005,351.6124865949005,343.77126386307543,345.4515380859375,126765100.0,0.0,-0.10824789909409933,0.0,-0.041741278282045546
2021-01-31 05:00:00+00:00,350.64166338752005,351.6124865949005,343.77126386307543,345.4515380859375,126765100.0,0.0,-0.10824789909409933,-0.01637313490290082,-0.04549817047061833
2021-02-01 05:00:00+00:00,348.8587780208287,352.2379578048874,345.7409704717956,351.2018127441406,75817600.0,0.016508655982289153,1.7737956645718587,-0.013943128684909767,-0.02960984149700141
2021-02-02 05:00:00+00:00,354.3943082588558,357.72682583158235,351.2858443927636,356.16790771484375,64450700.0,0.014041247224310726,1.4786398463272146,-0.0007856962024340719,-0.015888244651849792
2021-02-03 05:00:00+00:00,356.9987151844739,358.17490455947774,355.1691094246982,356.4479675292969,52427100.0,0.0007860050234656746,-0.03172496563178771,-0.01123794203916606,-0.022176175918572016
2021-02-04 05:00:00+00:00,357.48409816801393,360.54589948348286,356.5599656893547,360.4992370605469,47142600.0,0.011301564818290925,1.158024276733266,-0.003920540563239094,-0.010403512566697914
2021-02-05 05:00:00+00:00,362.37557469425633,362.6276030840399,360.45261545754704,361.91815185546875,48669800.0,0.003928246028713449,0.31845441749277864,0.0,-0.0060754327188004
2021-02-06 05:00:00+00:00,362.37557469425633,362.6276030840399,360.45261545754704,361.91815185546875,48669800.0,0.0,-0.1277900279718644,0.0,-0.0076782903127394775
2021-02-07 05:00:00+00:00,362.37557469425633,362.6276030840399,360.45261545754704,361.91815185546875,48669800.0,0.0,-0.1277900279718644,-0.007170124422968938,-0.012556145288957987
2021-02-08 05:00:00+00:00,363.3743607210716,364.5785532958021,362.5155783559081,364.5318908691406,38365200.0,0.007195953303334603,0.6857949646230661,0.0006664138957224175,-0.005424918204499751
2021-02-09 05:00:00+00:00,363.69168503335237,364.88656203696013,363.2809816726569,364.28912353515625,35551100.0,-0.0006661919405861351,-0.20621426774306373,0.0004358930842516262,-0.006087275455271768
2021-02-10 05:00:00+00:00,366.0347011302047,366.1840607481003,361.7220454304173,364.1304016113281,59154400.0,-0.0004357981104590323,-0.1798651179420879,-0.0016126551719348736,-0.006520326374349628
2021-02-11 05:00:00+00:00,365.21330826144924,365.6333840486648,362.28220709351234,364.71856689453125,42913300.0,0.0016139568999672122,0.05202900439432972,-0.004915598367545404,-0.00405292384863265
2021-02-12 05:00:00+00:00,363.9158256964812,366.7629176771536,363.8411316221849,366.5202331542969,50593300.0,0.004927719659784853,0.42574800684697106,0.0,0.0006373680117075509
2021-02-13 05:00:00+00:00,363.9158256964812,366.7629176771536,363.8411316221849,366.5202331542969,50593300.0,0.0,-0.13331397215534788,0.0,0.004914234755534652
2021-02-14 05:00:00+00:00,363.9158256964812,366.7629176771536,363.8411316221849,366.5202331542969,50593300.0,0.0,-0.13331397215534788,0.0,0.006691869164385578
2021-02-15 05:00:00+00:00,363.9158256964812,366.7629176771536,363.8411316221849,366.5202331542969,50593300.0,0.0,-0.13331397215534788,0.0008669360282380634,0.006691869164385578
2021-02-16 05:00:00+00:00,367.75233294042647,367.94838348385304,365.48399225881036,366.2027587890625,50972400.0,-0.0008665604562483639,-0.23122075839772976,-0.00022936916813476316,0.005819887665849732
2021-02-17 05:00:00+00:00,364.44782425799957,366.538802023483,363.43031003691596,366.2867736816406,52290600.0,0.00022939547726546312,-0.1069953233029324,0.004274142542093129,0.013849098857865227
2021-02-18 05:00:00+00:00,363.67304193930454,365.47464442889515,361.9461050220427,364.7278747558594,59712800.0,-0.004265034338807885,-0.6145065443911671,0.001768941415466685,0.008309690051615082
2021-02-19 05:00:00+00:00,365.98813179028394,366.277507221227,363.6357528194678,364.0838317871094,83241000.0,-0.0017673786812530616,-0.33050614269993844,0.0,-0.00444134871200641
2021-02-20 05:00:00+00:00,365.98813179028394,366.277507221227,363.6357528194678,364.0838317871094,83241000.0,0.0,-0.13018577269469372,0.0,0.020139860833494172
2021-02-21 05:00:00+00:00,365.98813179028394,366.277507221227,363.6357528194678,364.0838317871094,83241000.0,0.0,-0.13018577269469372,0.0077515523039513035,0.025423593331149075
2021-02-22 05:00:00+00:00,361.3113283443458,363.7010253533057,361.01260909636693,361.2833251953125,67414200.0,-0.0077216633800656,-0.9999392062914572,-0.0012129511835449192,0.017536108961375918
2021-02-23 05:00:00+00:00,359.071007068001,363.0756284840309,354.90771062947573,361.7220764160156,107284100.0,0.0012136874042251637,0.010284622525394155,-0.010899383336551605,0.018771829457678857
2021-02-24 05:00:00+00:00,360.62995453782383,366.13748853769215,359.6404717519869,365.70806884765625,72433900.0,0.010959216777383311,1.1051422122601622,0.024690870310552615,0.005621601989572067
2021-02-25 05:00:00+00:00,364.43850086453193,365.8107122221224,355.44911916352476,356.89599609375,146670500.0,-0.024390977162054992,-2.8270298192996655,0.005179419705586108,-0.01089132173759777
2021-02-26 05:00:00+00:00,358.78159638258063,359.92975391891395,353.0687263861463,355.0570068359375,152701600.0,-0.005166052647213117,-0.6894553522818953,0.0,-0.0027793077427197277
2021-02-27 05:00:00+00:00,358.78159638258063,359.92975391891395,353.0687263861463,355.0570068359375,152701600.0,0.0,-0.11636626848791642,0.0,0.009715724581295326
2021-02-28 05:00:00+00:00,358.78159638258063,359.92975391891395,353.0687263861463,355.0570068359375,152701600.0,0.0,-0.11636626848791642,-0.023666617099672993,-0.008524155409651901
2021-03-01 05:00:00+00:00,359.9391348464769,364.9145796408334,355.2530939230072,363.6636962890625,105348800.0,0.023951170053999243,2.4983647400002207,0.007864817497159393,0.015509519550625628
2021-03-02 05:00:00+00:00,363.8876672273642,364.1210362569101,360.32178161891903,360.82586669921875,79595300.0,-0.007834051029843121,-0.9782324584867661,0.013423235273294587,0.007585047042767412
2021-03-03 05:00:00+00:00,360.12585700592814,361.096651920439,355.9438726099805,356.04656982421875,119940200.0,-0.013333941834419737,-1.5660942019902284,0.012529856651621873,-0.0007856214404339257
2021-03-04 05:00:00+00:00,355.8598669496521,358.4549301482067,347.14120097339406,351.64056396484375,183433000.0,-0.012452007614777763,-1.4585549802124225,-0.018064371532404144,-0.02704238586498342
2021-03-05 05:00:00+00:00,355.15045563009375,359.1644216094542,347.8506911653114,358.1095886230469,152039600.0,0.01822952423492196,1.845034074896883,0.0,-0.015272648116079424
2021-03-06 05:00:00+00:00,355.15045563009375,359.1644216094542,347.8506911653114,358.1095886230469,152039600.0,0.0,-0.11652855269081054,0.0,-0.025156770307366516
2021-03-07 05:00:00+00:00,355.15045563009375,359.1644216094542,347.8506911653114,358.1095886230469,152039600.0,0.0,-0.11652855269081054,0.00500406513917695,-0.02646768819017442
2021-03-08 05:00:00+00:00,359.07092965480655,361.89001729678296,356.0464761258364,356.3265075683594,123149200.0,-0.004991586417462309,-0.6509751489327513,-0.014076804030392798,-0.031315050775434505
2021-03-09 05:00:00+00:00,360.1818668416844,363.9717786646601,359.67778162011194,361.4140625,113633600.0,0.014176821967590783,1.3984085934352857,-0.0061860279483997305,-0.017484370806479244
2021-03-10 05:00:00+00:00,363.7663934988811,365.3626300474982,362.3475197320477,363.6636962890625,109899400.0,0.006205240693990096,0.5417381463736054,-0.010037420177653633,-0.011368669766994244
2021-03-11 05:00:00+00:00,366.1374442709955,369.3299174808508,365.68002148147286,367.3509521484375,86245000.0,0.010088134727116034,0.9513681750845412,-0.0013447473838652524,-0.0013447473838652524
2021-03-12 05:00:00+00:00,365.9880031387233,367.98562729811,365.1758834413944,367.8456115722656,64653600.0,0.0013456523680361503,0.016696757552911813,0.0,0.0
2021-03-13 05:00:00+00:00,365.9880031387233,367.98562729811,365.1758834413944,367.8456115722656,64653600.0,0.0,-0.12708566482515113,0.0,0.0
2021-03-14 05:00:00+00:00,365.9880031387233,367.98562729811,365.1758834413944,367.8456115722656,64653600.0,0.0,-0.12708566482515113,0.0,0.0
2021-03-15 05:00:00+00:00,365.9880031387233,367.98562729811,365.1758834413944,367.8456115722656,64653600.0,0.0,-0.12708566482515113,0.0,0.0
2021-03-16 05:00:00+00:00,365.9880031387233,367.98562729811,365.1758834413944,367.8456115722656,64653600.0,0.0,-0.12708566482515113,0.0,0.0
2021-03-17 05:00:00+00:00,365.9880031387233,367.98562729811,365.1758834413944,367.8456115722656,64653600.0,0.0,-0.12708566482515113,0.0,0.0
2021-03-18 05:00:00+00:00,365.9880031387233,367.98562729811,365.1758834413944,367.8456115722656,64653600.0,0.0,-0.12708566482515113,0.0,0.0
2021-03-19 05:00:00+00:00,365.9880031387233,367.98562729811,365.1758834413944,367.8456115722656,64653600.0,0.0,-0.12708566482515113,0.0,0.0
2021-03-20 05:00:00+00:00,365.9880031387233,367.98562729811,365.1758834413944,367.8456115722656,64653600.0,0.0,-0.12708566482515113,0.0,0.0
2021-03-21 05:00:00+00:00,365.9880031387233,367.98562729811,365.1758834413944,367.8456115722656,64653600.0,0.0,-0.12708566482515113,0.0,0.0
2021-03-22 05:00:00+00:00,365.9880031387233,367.98562729811,365.1758834413944,367.8456115722656,64653600.0,0.0,-0.12708566482515113,0.0,0.0
2021-03-23 05:00:00+00:00,365.9880031387233,367.98562729811,365.1758834413944,367.8456115722656,64653600.0,0.0,-0.12708566482515113,0.0,0.0
2021-03-24 05:00:00+00:00,365.9880031387233,367.98562729811,365.1758834413944,367.8456115722656,64653600.0,0.0,-0.12708566482515113,0.0,0.0
2021-03-25 05:00:00+00:00,365.9880031387233,367.98562729811,365.1758834413944,367.8456115722656,64653600.0,0.0,-0.12708566482515113,0.0,0.0
2021-03-26 05:00:00+00:00,365.9880031387233,367.98562729811,365.1758834413944,367.8456115722656,64653600.0,0.0,-0.12708566482515113,0.0,0.0
2021-03-27 05:00:00+00:00,365.9880031387233,367.98562729811,365.1758834413944,367.8456115722656,64653600.0,0.0,-0.12708566482515113,0.0,0.0
2021-03-28 05:00:00+00:00,365.9880031387233,367.98562729811,365.1758834413944,367.8456115722656,64653600.0,0.0,-0.12708566482515113,0.0,0.0
2021-03-29 05:00:00+00:00,365.9880031387233,367.98562729811,365.1758834413944,367.8456115722656,64653600.0,0.0,-0.12708566482515113,0.0,0.0
2021-03-30 05:00:00+00:00,365.9880031387233,367.98562729811,365.1758834413944,367.8456115722656,64653600.0,0.0,-0.12708566482515113,0.0,0.0
2021-03-31 05:00:00+00:00,365.9880031387233,367.98562729811,365.1758834413944,367.8456115722656,64653600.0,0.0,-0.12708566482515113,0.0,0.0
2021-04-01 05:00:00+00:00,365.9880031387233,367.98562729811,365.1758834413944,367.8456115722656,64653600.0,0.0,-0.12708566482515113,0.0,0.0
2021-04-02 05:00:00+00:00,365.9880031387233,367.98562729811,365.1758834413944,367.8456115722656,64653600.0,0.0,-0.12708566482515113,0.0,0.0
2021-04-03 05:00:00+00:00,365.9880031387233,367.98562729811,365.1758834413944,367.8456115722656,64653600.0,0.0,-0.12708566482515113,0.0,0.0
2021-04-04 05:00:00+00:00,365.9880031387233,367.98562729811,365.1758834413944,367.8456115722656,64653600.0,0.0,-0.12708566482515113,0.0,0.0
2021-04-05 05:00:00+00:00,365.9880031387233,367.98562729811,365.1758834413944,367.8456115722656,64653600.0,0.0,-0.12708566482515113,0.0,0.0
2021-04-06 05:00:00+00:00,365.9880031387233,367.98562729811,365.1758834413944,367.8456115722656,64653600.0,0.0,-0.12708566482515113,0.0,0.0
2021-04-07 05:00:00+00:00,365.9880031387233,367.98562729811,365.1758834413944,367.8456115722656,64653600.0,0.0,-0.12708566482515113,0.0,0.0
2021-04-08 05:00:00+00:00,365.9880031387233,367.98562729811,365.1758834413944,367.8456115722656,64653600.0,0.0,-0.12708566482515113,0.0,0.0
2021-04-09 05:00:00+00:00,365.9880031387233,367.98562729811,365.1758834413944,367.8456115722656,64653600.0,0.0,-0.12708566482515113,0.0,0.0
2021-04-10 05:00:00+00:00,365.9880031387233,367.98562729811,365.1758834413944,367.8456115722656,64653600.0,0.0,-0.12708566482515113,0.0,0.0
2021-04-11 05:00:00+00:00,365.9880031387233,367.98562729811,365.1758834413944,367.8456115722656,64653600.0,0.0,-0.12708566482515113,0.0,0.0
2021-04-12 05:00:00+00:00,365.9880031387233,367.98562729811,365.1758834413944,367.8456115722656,64653600.0,0.0,-0.12708566482515113,0.0,0.0
2021-04-13 05:00:00+00:00,365.9880031387233,367.98562729811,365.1758834413944,367.8456115722656,64653600.0,0.0,-0.12708566482515113,0.0,0.0
2021-04-14 05:00:00+00:00,365.9880031387233,367.98562729811,365.1758834413944,367.8456115722656,64653600.0,0.0,-0.12708566482515113,0.0,0.0
2021-04-15 05:00:00+00:00,365.9880031387233,367.98562729811,365.1758834413944,367.8456115722656,64653600.0,0.0,-0.12708566482515113,0.0,0.0
2021-04-16 05:00:00+00:00,365.9880031387233,367.98562729811,365.1758834413944,367.8456115722656,64653600.0,0.0,-0.12708566482515113,0.0,0.0
2021-04-17 05:00:00+00:00,365.9880031387233,367.98562729811,365.1758834413944,367.8456115722656,64653600.0,0.0,-0.12708566482515113,0.0,0.0
2021-04-18 05:00:00+00:00,365.9880031387233,367.98562729811,365.1758834413944,367.8456115722656,64653600.0,0.0,-0.12708566482515113,0.0,0.0
2021-04-19 05:00:00+00:00,365.9880031387233,367.98562729811,365.1758834413944,367.8456115722656,64653600.0,0.0,-0.12708566482515113,0.0,0.0
2021-04-20 05:00:00+00:00,365.9880031387233,367.98562729811,365.1758834413944,367.8456115722656,64653600.0,0.0,-0.12708566482515113,0.0,0.0
2021-04-21 05:00:00+00:00,365.9880031387233,367.98562729811,365.1758834413944,367.8456115722656,64653600.0,0.0,-0.12708566482515113,0.0,0.0
2021-04-22 05:00:00+00:00,365.9880031387233,367.98562729811,365.1758834413944,367.8456115722656,64653600.0,0.0,-0.12708566482515113,0.0,0.0
2021-04-23 05:00:00+00:00,365.9880031387233,367.98562729811,365.1758834413944,367.8456115722656,64653600.0,0.0,-0.12708566482515113,0.0,0.0
2021-04-24 05:00:00+00:00,365.9880031387233,367.98562729811,365.1758834413944,367.8456115722656,64653600.0,0.0,-0.12708566482515113,0.0,0.0
2021-04-25 05:00:00+00:00,365.9880031387233,367.98562729811,365.1758834413944,367.8456115722656,64653600.0,0.0,-0.12708566482515113,0.0,0.0
2021-04-26 05:00:00+00:00,365.9880031387233,367.98562729811,365.1758834413944,367.8456115722656,64653600.0,0.0,-0.12708566482515113,0.0,0.0
2021-04-27 05:00:00+00:00,365.9880031387233,367.98562729811,365.1758834413944,367.8456115722656,64653600.0,0.0,-0.12708566482515113,0.0,0.0
2021-04-28 05:00:00+00:00,365.9880031387233,367.98562729811,365.1758834413944,367.8456115722656,64653600.0,0.0,-0.12708566482515113,0.0,0.0
2021-04-29 05:00:00+00:00,365.9880031387233,367.98562729811,365.1758834413944,367.8456115722656,64653600.0,0.0,-0.12708566482515113,0.0,0.0
2021-04-30 05:00:00+00:00,365.9880031387233,367.98562729811,365.1758834413944,367.8456115722656,64653600.0,0.0,-0.12708566482515113,0.0,0.0
2021-05-01 05:00:00+00:00,365.9880031387233,367.98562729811,365.1758834413944,367.8456115722656,64653600.0,0.0,-0.12708566482515113,0.0,0.0
2021-05-02 05:00:00+00:00,365.9880031387233,367.98562729811,365.1758834413944,367.8456115722656,64653600.0,0.0,-0.12708566482515113,0.0,0.0
2021-05-03 05:00:00+00:00,365.9880031387233,367.98562729811,365.1758834413944,367.8456115722656,64653600.0,0.0,-0.12708566482515113,0.0,0.0
2021-05-04 05:00:00+00:00,365.9880031387233,367.98562729811,365.1758834413944,367.8456115722656,64653600.0,0.0,-0.12708566482515113,0.0,0.0
2021-05-05 05:00:00+00:00,365.9880031387233,367.98562729811,365.1758834413944,367.8456115722656,64653600.0,0.0,-0.12708566482515113,0.0,0.0
2021-05-06 05:00:00+00:00,365.9880031387233,367.98562729811,365.1758834413944,367.8456115722656,64653600.0,0.0,-0.12708566482515113,0.0,0.0
2021-05-07 05:00:00+00:00,365.9880031387233,367.98562729811,365.1758834413944,367.8456115722656,64653600.0,0.0,-0.12708566482515113,0.0,0.0
2021-05-08 05:00:00+00:00,365.9880031387233,367.98562729811,365.1758834413944,367.8456115722656,64653600.0,0.0,-0.12708566482515113,0.0,0.0
2021-05-09 05:00:00+00:00,365.9880031387233,367.98562729811,365.1758834413944,367.8456115722656,64653600.0,0.0,-0.12708566482515113,0.0,0.0
2021-05-10 05:00:00+00:00,365.9880031387233,367.98562729811,365.1758834413944,367.8456115722656,64653600.0,0.0,-0.12708566482515113,0.0,0.0
2021-05-11 05:00:00+00:00,365.9880031387233,367.98562729811,365.1758834413944,367.8456115722656,64653600.0,0.0,-0.12708566482515113,0.0,0.0
2021-05-12 05:00:00+00:00,365.9880031387233,367.98562729811,365.1758834413944,367.8456115722656,64653600.0,0.0,-0.12708566482515113,0.0,0.0
2021-05-13 05:00:00+00:00,365.9880031387233,367.98562729811,365.1758834413944,367.8456115722656,64653600.0,0.0,-0.12708566482515113,0.0,0.0
2021-05-14 05:00:00+00:00,365.9880031387233,367.98562729811,365.1758834413944,367.8456115722656,64653600.0,0.0,-0.12708566482515113,0.0,0.0
2021-05-15 05:00:00+00:00,365.9880031387233,367.98562729811,365.1758834413944,367.8456115722656,64653600.0,0.0,-0.12708566482515113,0.0,0.0
2021-05-16 05:00:00+00:00,365.9880031387233,367.98562729811,365.1758834413944,367.8456115722656,64653600.0,0.0,-0.12708566482515113,0.0,0.0
2021-05-17 05:00:00+00:00,365.9880031387233,367.98562729811,365.1758834413944,367.8456115722656,64653600.0,0.0,-0.12708566482515113,0.0,0.0
2021-05-18 05:00:00+00:00,365.9880031387233,367.98562729811,365.1758834413944,367.8456115722656,64653600.0,0.0,-0.12708566482515113,0.0,0.0
2021-05-19 05:00:00+00:00,365.9880031387233,367.98562729811,365.1758834413944,367.8456115722656,64653600.0,0.0,-0.12708566482515113,0.0,0.0
2021-05-20 05:00:00+00:00,365.9880031387233,367.98562729811,365.1758834413944,367.8456115722656,64653600.0,0.0,-0.12708566482515113,0.0,0.0
2021-05-21 05:00:00+00:00,365.9880031387233,367.98562729811,365.1758834413944,367.8456115722656,64653600.0,0.0,-0.12708566482515113,0.0,0.0
2021-05-22 05:00:00+00:00,365.9880031387233,367.98562729811,365.1758834413944,367.8456115722656,64653600.0,0.0,-0.12708566482515113,0.0,0.0
2021-05-23 05:00:00+00:00,365.9880031387233,367.98562729811,365.1758834413944,367.8456115722656,64653600.0,0.0,-0.12708566482515113,0.0,0.0
2021-05-24 05:00:00+00:00,365.9880031387233,367.98562729811,365.1758834413944,367.8456115722656,64653600.0,0.0,-0.12708566482515113,0.0,0.0
2021-05-25 05:00:00+00:00,365.9880031387233,367.98562729811,365.1758834413944,367.8456115722656,64653600.0,0.0,-0.12708566482515113,0.0,0.0
2021-05-26 05:00:00+00:00,365.9880031387233,367.98562729811,365.1758834413944,367.8456115722656,64653600.0,0.0,-0.12708566482515113,0.0,0.0
2021-05-27 05:00:00+00:00,365.9880031387233,367.98562729811,365.1758834413944,367.8456115722656,64653600.0,0.0,-0.12708566482515113,0.0,0.0
2021-05-28 05:00:00+00:00,365.9880031387233,367.98562729811,365.1758834413944,367.8456115722656,64653600.0,0.0,-0.12708566482515113,0.0,0.0
2021-05-29 05:00:00+00:00,365.9880031387233,367.98562729811,365.1758834413944,367.8456115722656,64653600.0,0.0,-0.12708566482515113,0.0,0.0
2021-05-30 05:00:00+00:00,365.9880031387233,367.98562729811,365.1758834413944,367.8456115722656,64653600.0,0.0,-0.12708566482515113,0.0,0.0
2021-05-31 05:00:00+00:00,365.9880031387233,367.98562729811,365.1758834413944,367.8456115722656,64653600.0,0.0,-0.12708566482515113,0.0,0.0
2021-06-01 05:00:00+00:00,365.9880031387233,367.98562729811,365.1758834413944,367.8456115722656,64653600.0,0.0,-0.12708566482515113,0.0,0.0
2021-06-02 05:00:00+00:00,365.9880031387233,367.98562729811,365.1758834413944,367.8456115722656,64653600.0,0.0,-0.12708566482515113,0.0,0.0
2021-06-03 05:00:00+00:00,365.9880031387233,367.98562729811,365.1758834413944,367.8456115722656,64653600.0,0.0,-0.12708566482515113,0.0,0.0
2021-06-04 05:00:00+00:00,365.9880031387233,367.98562729811,365.1758834413944,367.8456115722656,64653600.0,0.0,-0.12708566482515113,0.0,0.0
2021-06-05 05:00:00+00:00,365.9880031387233,367.98562729811,365.1758834413944,367.8456115722656,64653600.0,0.0,-0.12708566482515113,0.0,0.0
2021-06-06 05:00:00+00:00,365.9880031387233,367.98562729811,365.1758834413944,367.8456115722656,64653600.0,0.0,-0.12708566482515113,0.0,0.0
2021-06-07 05:00:00+00:00,365.9880031387233,367.98562729811,365.1758834413944,367.8456115722656,64653600.0,0.0,-0.12708566482515113,0.0,0.0
2021-06-08 05:00:00+00:00,365.9880031387233,367.98562729811,365.1758834413944,367.8456115722656,64653600.0,0.0,-0.12708566482515113,0.0,0.0
2021-06-09 05:00:00+00:00,365.9880031387233,367.98562729811,365.1758834413944,367.8456115722656,64653600.0,0.0,-0.12708566482515113,0.0,0.0
2021-06-10 05:00:00+00:00,365.9880031387233,367.98562729811,365.1758834413944,367.8456115722656,64653600.0,0.0,-0.12708566482515113,0.0,0.0
2021-06-11 05:00:00+00:00,365.9880031387233,367.98562729811,365.1758834413944,367.8456115722656,64653600.0,0.0,-0.12708566482515113,0.0,0.0
2021-06-12 05:00:00+00:00,365.9880031387233,367.98562729811,365.1758834413944,367.8456115722656,64653600.0,0.0,-0.12708566482515113,0.0,0.0
2021-06-13 05:00:00+00:00,365.9880031387233,367.98562729811,365.1758834413944,367.8456115722656,64653600.0,0.0,-0.12708566482515113,0.0,0.0
2021-06-14 05:00:00+00:00,365.9880031387233,367.98562729811,365.1758834413944,367.8456115722656,64653600.0,0.0,-0.12708566482515113,0.0,0.0
2021-06-15 05:00:00+00:00,365.9880031387233,367.98562729811,365.1758834413944,367.8456115722656,64653600.0,0.0,-0.12708566482515113,0.0,0.0
2021-06-16 05:00:00+00:00,365.9880031387233,367.98562729811,365.1758834413944,367.8456115722656,64653600.0,0.0,-0.12708566482515113,0.0,0.0
2021-06-17 05:00:00+00:00,365.9880031387233,367.98562729811,365.1758834413944,367.8456115722656,64653600.0,0.0,-0.12708566482515113,0.0,0.0
2021-06-18 05:00:00+00:00,365.9880031387233,367.98562729811,365.1758834413944,367.8456115722656,64653600.0,0.0,-0.12708566482515113,0.0,0.0
2021-06-19 05:00:00+00:00,365.9880031387233,367.98562729811,365.1758834413944,367.8456115722656,64653600.0,0.0,-0.12708566482515113,0.0,0.0
2021-06-20 05:00:00+00:00,365.9880031387233,367.98562729811,365.1758834413944,367.8456115722656,64653600.0,0.0,-0.12708566482515113,0.0,0.0
2021-06-21 05:00:00+00:00,365.9880031387233,367.98562729811,365.1758834413944,367.8456115722656,64653600.0,0.0,-0.12708566482515113,0.0,0.0
2021-06-22 05:00:00+00:00,365.9880031387233,367.98562729811,365.1758834413944,367.8456115722656,64653600.0,0.0,-0.12708566482515113,0.0,0.0
2021-06-23 05:00:00+00:00,365.9880031387233,367.98562729811,365.1758834413944,367.8456115722656,64653600.0,0.0,-0.12708566482515113,0.0,0.0
2021-06-24 05:00:00+00:00,365.9880031387233,367.98562729811,365.1758834413944,367.8456115722656,64653600.0,0.0,-0.12708566482515113,0.0,0.0
2021-06-25 05:00:00+00:00,365.9880031387233,367.98562729811,365.1758834413944,367.8456115722656,64653600.0,0.0,-0.12708566482515113,0.0,0.0
2021-06-26 05:00:00+00:00,365.9880031387233,367.98562729811,365.1758834413944,367.8456115722656,64653600.0,0.0,-0.12708566482515113,0.0,0.0
2021-06-27 05:00:00+00:00,365.9880031387233,367.98562729811,365.1758834413944,367.8456115722656,64653600.0,0.0,-0.12708566482515113,0.0,0.0
2021-06-28 05:00:00+00:00,365.9880031387233,367.98562729811,365.1758834413944,367.8456115722656,64653600.0,0.0,-0.12708566482515113,0.0,0.0
2021-06-29 05:00:00+00:00,365.9880031387233,367.98562729811,365.1758834413944,367.8456115722656,64653600.0,0.0,-0.12708566482515113,0.0,0.0
2021-06-30 05:00:00+00:00,365.9880031387233,367.98562729811,365.1758834413944,367.8456115722656,64653600.0,0.0,-0.12708566482515113,0.0,0.0
2021-07-01 05:00:00+00:00,365.9880031387233,367.98562729811,365.1758834413944,367.8456115722656,64653600.0,0.0,-0.12708566482515113,0.0,0.0
2021-07-02 05:00:00+00:00,365.9880031387233,367.98562729811,365.1758834413944,367.8456115722656,64653600.0,0.0,-0.12708566482515113,0.0,0.0
2021-07-03 05:00:00+00:00,365.9880031387233,367.98562729811,365.1758834413944,367.8456115722656,64653600.0,0.0,-0.12708566482515113,0.0,0.0
2021-07-04 05:00:00+00:00,365.9880031387233,367.98562729811,365.1758834413944,367.8456115722656,64653600.0,0.0,-0.12708566482515113,0.0,0.0
2021-07-05 05:00:00+00:00,365.9880031387233,367.98562729811,365.1758834413944,367.8456115722656,64653600.0,0.0,-0.12708566482515113,0.0,0.0
2021-07-06 05:00:00+00:00,365.9880031387233,367.98562729811,365.1758834413944,367.8456115722656,64653600.0,0.0,-0.12708566482515113,0.0,0.0
2021-07-07 05:00:00+00:00,365.9880031387233,367.98562729811,365.1758834413944,367.8456115722656,64653600.0,0.0,-0.12708566482515113,0.0,0.0
2021-07-08 05:00:00+00:00,365.9880031387233,367.98562729811,365.1758834413944,367.8456115722656,64653600.0,0.0,-0.12708566482515113,0.0,0.0
2021-07-09 05:00:00+00:00,365.9880031387233,367.98562729811,365.1758834413944,367.8456115722656,64653600.0,0.0,-0.12708566482515113,0.0,0.0
2021-07-10 05:00:00+00:00,365.9880031387233,367.98562729811,365.1758834413944,367.8456115722656,64653600.0,0.0,-0.12708566482515113,0.0,0.0
2021-07-11 05:00:00+00:00,365.9880031387233,367.98562729811,365.1758834413944,367.8456115722656,64653600.0,0.0,-0.12708566482515113,0.0,0.0
2021-07-12 05:00:00+00:00,365.9880031387233,367.98562729811,365.1758834413944,367.8456115722656,64653600.0,0.0,-0.12624799996639052,0.0,0.0
2021-07-13 05:00:00+00:00,365.9880031387233,367.98562729811,365.1758834413944,367.8456115722656,64653600.0,0.0,-0.11607818311038613,0.0,0.0
2021-07-14 05:00:00+00:00,365.9880031387233,367.98562729811,365.1758834413944,367.8456115722656,64653600.0,0.0,-0.10348248297757025,0.0,0.0
2021-07-15 05:00:00+00:00,365.9880031387233,367.98562729811,365.1758834413944,367.8456115722656,64653600.0,0.0,-0.09156636508548167,0.0,0.0
2021-07-16 05:00:00+00:00,365.9880031387233,367.98562729811,365.1758834413944,367.8456115722656,64653600.0,0.0,-0.0917393652815398,0.0,0.0
2021-07-17 05:00:00+00:00,365.9880031387233,367.98562729811,365.1758834413944,367.8456115722656,64653600.0,0.0,-0.0917393652815398,0.0,0.0
2021-07-18 05:00:00+00:00,365.9880031387233,367.98562729811,365.1758834413944,367.8456115722656,64653600.0,0.0,-0.0917393652815398,0.0,0.0
2021-07-19 05:00:00+00:00,365.9880031387233,367.98562729811,365.1758834413944,367.8456115722656,64653600.0,0.0,-0.0832367155150804,0.0,0.0
2021-07-20 05:00:00+00:00,365.9880031387233,367.98562729811,365.1758834413944,367.8456115722656,64653600.0,0.0,-0.08436959430904924,0.0,0.0
2021-07-21 05:00:00+00:00,365.9880031387233,367.98562729811,365.1758834413944,367.8456115722656,64653600.0,0.0,-0.07904037442520649,0.0,0.0
2021-07-22 05:00:00+00:00,365.9880031387233,367.98562729811,365.1758834413944,367.8456115722656,64653600.0,0.0,-0.08711452281761158,0.0,0.0
2021-07-23 05:00:00+00:00,365.9880031387233,367.98562729811,365.1758834413944,367.8456115722656,64653600.0,0.0,-0.07760862342703069,0.0,0.0
2021-07-24 05:00:00+00:00,365.9880031387233,367.98562729811,365.1758834413944,367.8456115722656,64653600.0,0.0,-0.07760862342703069,0.0,0.0
2021-07-25 05:00:00+00:00,365.9880031387233,367.98562729811,365.1758834413944,367.8456115722656,64653600.0,0.0,-0.07760862342703069,0.0,0.0
2021-07-26 05:00:00+00:00,365.9880031387233,367.98562729811,365.1758834413944,367.8456115722656,64653600.0,0.0,-0.06873833515019634,0.0,0.0
2021-07-27 05:00:00+00:00,365.9880031387233,367.98562729811,365.1758834413944,367.8456115722656,64653600.0,0.0,-0.0731612657333859,0.0,0.0
2021-07-28 05:00:00+00:00,365.9880031387233,367.98562729811,365.1758834413944,367.8456115722656,64653600.0,0.0,-0.08372443738214427,0.0,0.0
2021-07-29 05:00:00+00:00,365.9880031387233,367.98562729811,365.1758834413944,367.8456115722656,64653600.0,0.0,-0.08046783951109628,0.0,0.0
2021-07-30 05:00:00+00:00,365.9880031387233,367.98562729811,365.1758834413944,367.8456115722656,64653600.0,0.0,-0.0863193907095491,0.0,0.0
2021-07-31 05:00:00+00:00,365.9880031387233,367.98562729811,365.1758834413944,367.8456115722656,64653600.0,0.0,-0.0863193907095491,0.0,0.0
2021-08-01 05:00:00+00:00,365.9880031387233,367.98562729811,365.1758834413944,367.8456115722656,64653600.0,0.0,-0.0863193907095491,0.0,0.0
2021-08-02 05:00:00+00:00,365.9880031387233,367.98562729811,365.1758834413944,367.8456115722656,64653600.0,0.0,-0.08173449262848217,0.0,0.0
2021-08-03 05:00:00+00:00,365.9880031387233,367.98562729811,365.1758834413944,367.8456115722656,64653600.0,0.0,-0.07030424459687626,0.0,0.0
2021-08-04 05:00:00+00:00,365.9880031387233,367.98562729811,365.1758834413944,367.8456115722656,64653600.0,0.0,-0.0715903563212726,0.0,0.0
2021-08-05 05:00:00+00:00,365.9880031387233,367.98562729811,365.1758834413944,367.8456115722656,64653600.0,0.0,-0.0715903563212726,0.0,0.0
2021-08-06 05:00:00+00:00,365.9880031387233,367.98562729811,365.1758834413944,367.8456115722656,64653600.0,0.0,-0.0693439213247963,0.0,0.0
2021-08-07 05:00:00+00:00,365.9880031387233,367.98562729811,365.1758834413944,367.8456115722656,64653600.0,0.0,-0.0693439213247963,0.0,0.0
2021-08-08 05:00:00+00:00,365.9880031387233,367.98562729811,365.1758834413944,367.8456115722656,64653600.0,0.0,-0.0693439213247963,0.0,0.0
2021-08-09 05:00:00+00:00,365.9880031387233,367.98562729811,365.1758834413944,367.8456115722656,64653600.0,0.0,-0.07312670862055473,0.0,0.0
2021-08-10 05:00:00+00:00,365.9880031387233,367.98562729811,365.1758834413944,367.8456115722656,64653600.0,0.0,-0.0648018668131585,0.0,0.0
2021-08-11 05:00:00+00:00,365.9880031387233,367.98562729811,365.1758834413944,367.8456115722656,64653600.0,0.0,-0.06307462898638656,0.0,0.0
2021-08-12 05:00:00+00:00,365.9880031387233,367.98562729811,365.1758834413944,367.8456115722656,64653600.0,0.0,-0.06330243350651167,0.0,0.0
2021-08-13 05:00:00+00:00,365.9880031387233,367.98562729811,365.1758834413944,367.8456115722656,64653600.0,0.0,-0.05651761075897555,0.0,0.0
2021-08-14 05:00:00+00:00,365.9880031387233,367.98562729811,365.1758834413944,367.8456115722656,64653600.0,0.0,-0.05651761075897555,0.0,0.0
2021-08-15 05:00:00+00:00,365.9880031387233,367.98562729811,365.1758834413944,367.8456115722656,64653600.0,0.0,-0.05651761075897555,0.0,0.0
2021-08-16 05:00:00+00:00,365.9880031387233,367.98562729811,365.1758834413944,367.8456115722656,64653600.0,0.0,-0.058263393664112775,0.0,0.0
2021-08-17 05:00:00+00:00,365.9880031387233,367.98562729811,365.1758834413944,367.8456115722656,64653600.0,0.0,-0.055855725349865736,0.0,0.0
2021-08-18 05:00:00+00:00,365.9880031387233,367.98562729811,365.1758834413944,367.8456115722656,64653600.0,0.0,-0.06387912431654583,0.0,0.0
2021-08-19 05:00:00+00:00,365.9880031387233,367.98562729811,365.1758834413944,367.8456115722656,64653600.0,0.0,-0.06415665223706815,0.0,0.0
2021-08-20 05:00:00+00:00,365.9880031387233,367.98562729811,365.1758834413944,367.8456115722656,64653600.0,0.0,-0.06515757211379682,0.0,0.0
2021-08-21 05:00:00+00:00,365.9880031387233,367.98562729811,365.1758834413944,367.8456115722656,64653600.0,0.0,-0.06515757211379682,0.0,0.0
2021-08-22 05:00:00+00:00,365.9880031387233,367.98562729811,365.1758834413944,367.8456115722656,64653600.0,0.0,-0.06515757211379682,0.0,0.0
2021-08-23 05:00:00+00:00,365.9880031387233,367.98562729811,365.1758834413944,367.8456115722656,64653600.0,0.0,-0.06908262908343459,0.0,0.0
2021-08-24 05:00:00+00:00,365.9880031387233,367.98562729811,365.1758834413944,367.8456115722656,64653600.0,0.0,-0.058659786696940296,0.0,0.0
2021-08-25 05:00:00+00:00,365.9880031387233,367.98562729811,365.1758834413944,367.8456115722656,64653600.0,0.0,-0.057322666668289224,0.0,0.0
2021-08-26 05:00:00+00:00,365.9880031387233,367.98562729811,365.1758834413944,367.8456115722656,64653600.0,0.0,-0.05267597813680614,0.0,0.0
2021-08-27 05:00:00+00:00,365.9880031387233,367.98562729811,365.1758834413944,367.8456115722656,64653600.0,0.0,-0.05621357384812478,0.0,0.0
2021-08-28 05:00:00+00:00,365.9880031387233,367.98562729811,365.1758834413944,367.8456115722656,64653600.0,0.0,-0.05621357384812478,0.0,0.0
2021-08-29 05:00:00+00:00,365.9880031387233,367.98562729811,365.1758834413944,367.8456115722656,64653600.0,0.0,-0.05621357384812478,0.0,0.0
2021-08-30 05:00:00+00:00,365.9880031387233,367.98562729811,365.1758834413944,367.8456115722656,64653600.0,0.0,-0.059383081396087604,0.0,0.0
2021-08-31 05:00:00+00:00,365.9880031387233,367.98562729811,365.1758834413944,367.8456115722656,64653600.0,0.0,-0.06086081047097715,0.0,0.0
2021-09-01 05:00:00+00:00,365.9880031387233,367.98562729811,365.1758834413944,367.8456115722656,64653600.0,0.0,-0.060086959881821965,0.0,0.0
2021-09-02 05:00:00+00:00,365.9880031387233,367.98562729811,365.1758834413944,367.8456115722656,64653600.0,0.0,-0.056803936282286784,0.0,0.0
2021-09-03 05:00:00+00:00,365.9880031387233,367.98562729811,365.1758834413944,367.8456115722656,64653600.0,0.0,-0.056803936282286784,0.0,0.0
2021-09-04 05:00:00+00:00,365.9880031387233,367.98562729811,365.1758834413944,367.8456115722656,64653600.0,0.0,-0.056803936282286784,0.0,0.0
2021-09-05 05:00:00+00:00,365.9880031387233,367.98562729811,365.1758834413944,367.8456115722656,64653600.0,0.0,-0.056803936282286784,0.0,0.0
2021-09-06 05:00:00+00:00,365.9880031387233,367.98562729811,365.1758834413944,367.8456115722656,64653600.0,0.0,-0.049734503218793344,0.0,0.0
2021-09-07 05:00:00+00:00,365.9880031387233,367.98562729811,365.1758834413944,367.8456115722656,64653600.0,0.0,-0.05141839092495875,0.0,0.0
2021-09-08 05:00:00+00:00,365.9880031387233,367.98562729811,365.1758834413944,367.8456115722656,64653600.0,0.0,-0.05018370559692101,0.0,0.0
2021-09-09 05:00:00+00:00,365.9880031387233,367.98562729811,365.1758834413944,367.8456115722656,64653600.0,0.0,-0.04587454475221338,0.0,0.0
2021-09-10 05:00:00+00:00,365.9880031387233,367.98562729811,365.1758834413944,367.8456115722656,64653600.0,0.0,-0.04587454475221338,0.0,0.0
2021-09-11 05:00:00+00:00,365.9880031387233,367.98562729811,365.1758834413944,367.8456115722656,64653600.0,0.0,-0.04587454475221338,0.0,0.0
2021-09-12 05:00:00+00:00,365.9880031387233,367.98562729811,365.1758834413944,367.8456115722656,64653600.0,0.0,-0.04587454475221338,0.0,0.0
2021-09-13 05:00:00+00:00,365.9880031387233,367.98562729811,365.1758834413944,367.8456115722656,64653600.0,0.0,-0.05895072688334472,0.0,0.0
2021-09-14 05:00:00+00:00,365.9880031387233,367.98562729811,365.1758834413944,367.8456115722656,64653600.0,0.0,-0.05307841215296778,0.0,0.0
2021-09-15 05:00:00+00:00,365.9880031387233,367.98562729811,365.1758834413944,367.8456115722656,64653600.0,0.0,-0.047912207594955555,0.0,0.0
2021-09-16 05:00:00+00:00,365.9880031387233,367.98562729811,365.1758834413944,367.8456115722656,64653600.0,0.0,-0.03546541914088881,0.0,0.0
2021-09-17 05:00:00+00:00,365.9880031387233,367.98562729811,365.1758834413944,367.8456115722656,64653600.0,0.0,-0.030358229529750435,0.0,0.0
2021-09-18 05:00:00+00:00,365.9880031387233,367.98562729811,365.1758834413944,367.8456115722656,64653600.0,0.0,-0.030358229529750435,0.0,0.0
2021-09-19 05:00:00+00:00,365.9880031387233,367.98562729811,365.1758834413944,367.8456115722656,64653600.0,0.0,-0.030358229529750435,0.0,0.0
2021-09-20 05:00:00+00:00,365.9880031387233,367.98562729811,365.1758834413944,367.8456115722656,64653600.0,0.0,-0.036764373063652316,0.0,0.0
2021-09-21 05:00:00+00:00,365.9880031387233,367.98562729811,365.1758834413944,367.8456115722656,64653600.0,0.0,-0.03656893741397705,0.0,0.0
2021-09-22 05:00:00+00:00,365.9880031387233,367.98562729811,365.1758834413944,367.8456115722656,64653600.0,0.0,-0.03410747126369858,0.0,0.0
2021-09-23 05:00:00+00:00,365.9880031387233,367.98562729811,365.1758834413944,367.8456115722656,64653600.0,0.0,-0.037405681867253265,0.0,0.0
2021-09-24 05:00:00+00:00,365.9880031387233,367.98562729811,365.1758834413944,367.8456115722656,64653600.0,0.0,-0.044455468138617234,0.0,0.0
2021-09-25 05:00:00+00:00,365.9880031387233,367.98562729811,365.1758834413944,367.8456115722656,64653600.0,0.0,-0.044455468138617234,0.0,0.0
2021-09-26 05:00:00+00:00,365.9880031387233,367.98562729811,365.1758834413944,367.8456115722656,64653600.0,0.0,-0.044455468138617234,0.0,0.0
2021-09-27 05:00:00+00:00,365.9880031387233,367.98562729811,365.1758834413944,367.8456115722656,64653600.0,0.0,-0.044455468138617234,0.0,0.0
2021-09-28 05:00:00+00:00,365.9880031387233,367.98562729811,365.1758834413944,367.8456115722656,64653600.0,0.0,-0.03740890885108425,0.0,0.0
2021-09-29 05:00:00+00:00,365.9880031387233,367.98562729811,365.1758834413944,367.8456115722656,64653600.0,0.0,-0.02504186688254037,0.0,0.0
2021-09-30 05:00:00+00:00,365.9880031387233,367.98562729811,365.1758834413944,367.8456115722656,64653600.0,0.0,-0.024170795297326585,0.0,0.0
2021-10-01 05:00:00+00:00,365.9880031387233,367.98562729811,365.1758834413944,367.8456115722656,64653600.0,0.0,-0.027609678466912247,0.0,0.0
2021-10-02 05:00:00+00:00,365.9880031387233,367.98562729811,365.1758834413944,367.8456115722656,64653600.0,0.0,-0.027609678466912247,0.0,0.0
2021-10-03 05:00:00+00:00,365.9880031387233,367.98562729811,365.1758834413944,367.8456115722656,64653600.0,0.0,-0.027609678466912247,0.0,0.0
2021-10-04 05:00:00+00:00,365.9880031387233,367.98562729811,365.1758834413944,367.8456115722656,64653600.0,0.0,-0.023874727258992808,0.0,0.0
2021-10-05 05:00:00+00:00,365.9880031387233,367.98562729811,365.1758834413944,367.8456115722656,64653600.0,0.0,-0.025383853735343055,0.0,0.0
2021-10-06 05:00:00+00:00,365.9880031387233,367.98562729811,365.1758834413944,367.8456115722656,64653600.0,0.0,-0.05317247087455091,0.0,0.0
2021-10-07 05:00:00+00:00,365.9880031387233,367.98562729811,365.1758834413944,367.8456115722656,64653600.0,0.0,-0.044701421648484896,0.0,0.0
2021-10-08 05:00:00+00:00,365.9880031387233,367.98562729811,365.1758834413944,367.8456115722656,64653600.0,0.0,-0.07013375471369322,0.0,0.0
2021-10-09 05:00:00+00:00,365.9880031387233,367.98562729811,365.1758834413944,367.8456115722656,64653600.0,0.0,-0.07013375471369322,0.0,0.0
2021-10-10 05:00:00+00:00,365.9880031387233,367.98562729811,365.1758834413944,367.8456115722656,64653600.0,0.0,-0.07013375471369322,0.0,0.0
2021-10-11 05:00:00+00:00,365.9880031387233,367.98562729811,365.1758834413944,367.8456115722656,64653600.0,0.0,-0.054010526331244695,0.0,0.0
2021-10-12 05:00:00+00:00,365.9880031387233,367.98562729811,365.1758834413944,367.8456115722656,64653600.0,0.0,-0.03894626315559245,0.0,0.0
2021-10-13 05:00:00+00:00,365.9880031387233,367.98562729811,365.1758834413944,367.8456115722656,64653600.0,0.0,-0.03800031574004061,0.0,0.0
2021-10-14 05:00:00+00:00,365.9880031387233,367.98562729811,365.1758834413944,367.8456115722656,64653600.0,0.0,-0.02493928696527493,0.0,0.0
2021-10-15 05:00:00+00:00,365.9880031387233,367.98562729811,365.1758834413944,367.8456115722656,64653600.0,0.0,-0.02014098646759628,0.0,0.0
2021-10-16 05:00:00+00:00,365.9880031387233,367.98562729811,365.1758834413944,367.8456115722656,64653600.0,0.0,-0.02014098646759628,0.0,0.0
2021-10-17 05:00:00+00:00,365.9880031387233,367.98562729811,365.1758834413944,367.8456115722656,64653600.0,0.0,-0.02014098646759628,0.0,0.0
2021-10-18 05:00:00+00:00,365.9880031387233,367.98562729811,365.1758834413944,367.8456115722656,64653600.0,0.0,-0.011332455297928371,0.0,0.0
2021-10-19 05:00:00+00:00,365.9880031387233,367.98562729811,365.1758834413944,367.8456115722656,64653600.0,0.0,-0.012167922024354478,0.0,0.0
2021-10-20 05:00:00+00:00,365.9880031387233,367.98562729811,365.1758834413944,367.8456115722656,64653600.0,0.0,-0.012714293484946801,0.0,0.0
2021-10-21 05:00:00+00:00,365.9880031387233,367.98562729811,365.1758834413944,367.8456115722656,64653600.0,0.0,-0.010698116476790245,0.0,0.0
2021-10-22 05:00:00+00:00,365.9880031387233,367.98562729811,365.1758834413944,367.8456115722656,64653600.0,0.0,-0.004544943307095953,0.0,0.0
2021-10-23 05:00:00+00:00,365.9880031387233,367.98562729811,365.1758834413944,367.8456115722656,64653600.0,0.0,-0.004544943307095953,0.0,0.0
2021-10-24 05:00:00+00:00,365.9880031387233,367.98562729811,365.1758834413944,367.8456115722656,64653600.0,0.0,-0.004544943307095953,0.0,0.0
2021-10-25 05:00:00+00:00,365.9880031387233,367.98562729811,365.1758834413944,367.8456115722656,64653600.0,0.0,-0.004544943307095953,0.0,0.0
2021-10-26 05:00:00+00:00,365.9880031387233,367.98562729811,365.1758834413944,367.8456115722656,64653600.0,0.0,-0.005636936038836811,0.0,0.0
2021-10-27 05:00:00+00:00,365.9880031387233,367.98562729811,365.1758834413944,367.8456115722656,64653600.0,0.0,-0.005348100126470355,0.0,0.0
2021-10-28 05:00:00+00:00,365.9880031387233,367.98562729811,365.1758834413944,367.8456115722656,64653600.0,0.0,-0.010759024182550534,0.0,0.0
2021-10-29 05:00:00+00:00,365.9880031387233,367.98562729811,365.1758834413944,367.8456115722656,64653600.0,0.0,-0.01300157372792693,0.0,0.0
2021-10-30 05:00:00+00:00,365.9880031387233,367.98562729811,365.1758834413944,367.8456115722656,64653600.0,0.0,-0.01300157372792693,0.0,0.0
2021-10-31 05:00:00+00:00,365.9880031387233,367.98562729811,365.1758834413944,367.8456115722656,64653600.0,0.0,-0.01300157372792693,0.0,0.0
2021-11-01 05:00:00+00:00,365.9880031387233,367.98562729811,365.1758834413944,367.8456115722656,64653600.0,0.0,-0.023052256031024582,0.0,0.0
2021-11-02 05:00:00+00:00,365.9880031387233,367.98562729811,365.1758834413944,367.8456115722656,64653600.0,0.0,-0.02150380644627741,0.0,0.0
2021-11-03 05:00:00+00:00,365.9880031387233,367.98562729811,365.1758834413944,367.8456115722656,64653600.0,0.0,-0.00765712699074907,0.0,-0.1678022288709312
2021-11-04 05:00:00+00:00,365.9880031387233,367.98562729811,365.1758834413944,367.8456115722656,64653600.0,0.0,-0.04619683110449033,0.0,-0.16504244451477723
2021-11-05 05:00:00+00:00,365.9880031387233,367.98562729811,365.1758834413944,367.8456115722656,64653600.0,0.0,-0.05454834865432109,0.0,-0.15827071811861482
2021-11-06 05:00:00+00:00,365.9880031387233,367.98562729811,365.1758834413944,367.8456115722656,64653600.0,0.0,-0.05454834865432109,0.0,-0.15854295763906023
2021-11-07 05:00:00+00:00,365.9880031387233,367.98562729811,365.1758834413944,367.8456115722656,64653600.0,0.0,-0.05454834865432109,-0.1678022288709312,-0.16484580684668237
2021-11-08 05:00:00+00:00,442.7428857270056,443.24246669971006,441.3289740571507,442.0170593261719,50405200.0,0.1836851607244712,15.560151162097391,0.0033162602110909933,0.0035525473953597064
2021-11-09 05:00:00+00:00,442.3847223182138,442.6203742803155,439.1421490184052,440.5560607910156,51149100.0,-0.0033107735469880928,-0.34933053827757715,0.008110264230410058,0.00023550618447965022
2021-11-10 05:00:00+00:00,438.8592828332741,440.5559939626962,435.5224722676754,437.01177978515625,69429700.0,-0.008077552784093904,-0.7582767636089051,-0.0003234288343123559,-0.008151167714826268
2021-11-11 05:00:00+00:00,438.5105251295823,438.58594985547217,437.13432592618915,437.1531677246094,34848500.0,0.0003234811486980032,-0.04620046472127763,-0.007490399260237646,-0.011741568216026343
2021-11-12 05:00:00+00:00,438.4257305483091,441.0084666869661,437.4736874755457,440.45233154296875,53466700.0,0.007518593178144376,0.5748364523440859,0.0,-0.0018585555798992237
2021-11-13 05:00:00+00:00,438.4257305483091,441.0084666869661,437.4736874755457,440.45233154296875,53466700.0,0.0,-0.07049143983576,0.0,-0.0052370556337651974
2021-11-14 05:00:00+00:00,438.4257305483091,441.0084666869661,437.4736874755457,440.45233154296875,53466700.0,0.0,-0.07049143983576,-0.00034243714678372505,-0.0034550684706203816
2021-11-15 05:00:00+00:00,441.74378673704854,441.9040139734473,439.47209821179746,440.60321044921875,46980500.0,0.0003424957917720501,-0.04293270902235136,-0.003942165022045474,-0.0031136975695482683
2021-11-16 05:00:00+00:00,440.33925603652415,443.4875628369249,440.2638600648137,442.3470153808594,48857500.0,0.003949955836433755,0.27100896119543727,0.0024351269079345705,0.000831746333801453
2021-11-17 05:00:00+00:00,442.08308989588795,442.2621876920173,440.6503362929629,441.2724609375,47858300.0,-0.002432166790938759,-0.2755343935186297,-0.0033847908758350975,0.0012192903659442589
2021-11-18 05:00:00+00:00,442.309251323274,443.03507770094774,439.57569460199926,442.7711486816406,50625600.0,0.0033905322396765624,0.22842340637073644,0.0017913686604802415,0.003289224605026453
2021-11-19 05:00:00+00:00,442.6580506590797,443.91173518602335,441.611769772154,441.9794006347656,57315600.0,-0.0017897660732390302,-0.21709454863925307,0.0,-0.0011714671001264998
2021-11-20 05:00:00+00:00,442.6580506590797,443.91173518602335,441.611769772154,441.9794006347656,57315600.0,0.0,-0.0628068559771397,0.0,-0.0011714671001264998
2021-11-21 05:00:00+00:00,442.6580506590797,443.91173518602335,441.611769772154,441.9794006347656,57315600.0,0.0,-0.0628068559771397,0.002823291804248562,0.021613774916805273
2021-11-22 05:00:00+00:00,443.8645412849062,446.3624458670388,440.5277020654347,440.7350769042969,72762000.0,-0.0028193138015585517,-0.3048285279604045,-0.0013243751762912481,0.018737581452410668
2021-11-23 05:00:00+00:00,440.4052188410492,442.17732611315665,437.79420558269936,441.3195495605469,73206500.0,0.0013252529361695237,0.051939214093602706,-0.0026626634759027157,0.020088561420774864
2021-11-24 05:00:00+00:00,439.3117535073813,442.6203158234828,438.49168939015044,442.4977722167969,61858800.0,0.002666214669452084,0.16659731991390325,0.0,0.010417572572840372
2021-11-25 05:00:00+00:00,439.3117535073813,442.6203158234828,438.49168939015044,442.4977722167969,61858800.0,0.0,-0.06319370819129431,0.022811965483985563,0.030467871201101282
2021-11-26 05:00:00+00:00,435.80524549170127,437.2757112190327,431.49752135014876,432.628662109375,112669600.0,-0.02255566311889464,-1.9836852023437526,0.0,0.018801257168556518
2021-11-27 05:00:00+00:00,435.80524549170127,437.2757112190327,431.49752135014876,432.628662109375,112669600.0,0.0,-0.055041561158125994,0.0,0.003432290112780567
2021-11-28 05:00:00+00:00,435.80524549170127,437.2757112190327,431.49752135014876,432.628662109375,112669600.0,0.0,-0.055041561158125994,-0.012117958460996392,0.012240169602854012
2021-11-29 05:00:00+00:00,437.43596594042134,439.7830499281074,435.2302673557095,437.935546875,86268800.0,0.012191979516815218,0.9814184439611685,0.0198435767275964,0.024656919591233173
2021-11-30 05:00:00+00:00,435.48482555019865,437.39831833000216,429.1693414654298,429.4144287109375,148559600.0,-0.019649259386507818,-1.7190704979037992,0.01123202906611187,0.004719687384884486
2021-12-01 05:00:00+00:00,435.1454704103125,438.00157083991655,424.4468663284383,424.6448059082031,131939200.0,-0.011169418222632734,-0.993947613364033,-0.015085343630699133,-0.01806931681713786
2021-12-02 05:00:00+00:00,424.86165584108255,432.7230020293936,424.4657478783706,431.1488342285156,127637800.0,0.015200284843691687,1.2299089000506818,0.008777751699702296,-0.023233852357497642
2021-12-03 05:00:00+00:00,432.81724224030523,433.8823649056814,423.1555121550906,427.3972473144531,137331600.0,-0.008739451202240598,-0.7870122021616912,0.0,-0.03429029131294825
2021-12-04 05:00:00+00:00,432.81724224030523,433.8823649056814,423.1555121550906,427.3972473144531,137331600.0,0.0,-0.05020065855797889,0.0,-0.02772597428536583
2021-12-05 05:00:00+00:00,432.81724224030523,433.8823649056814,423.1555121550906,427.3972473144531,137331600.0,0.0,-0.05020065855797889,-0.011704687760438426,-0.03679304722494714
2021-12-06 05:00:00+00:00,429.9517051824305,434.3442610310532,427.52919620571214,432.45904541015625,98977500.0,0.011773726867787987,0.9368435698495491,-0.02026557359413461,-0.02538548868319157
2021-12-07 05:00:00+00:00,437.7564705046071,441.9699283158001,432.3270406361957,441.40435791015625,95484700.0,0.020473737506285825,1.6531073245293173,-0.002641040462786459,-0.005225819314974234
2021-12-08 05:00:00+00:00,441.80029512259415,443.02567377766377,440.03759434211855,442.5732116699219,72238800.0,0.002644534162840773,0.15991357878614565,0.006797401919576007,0.006322825706815305
2021-12-09 05:00:00+00:00,441.28185717622887,442.67692714355326,439.387234967476,439.5851745605469,61272600.0,-0.006774403742893193,-0.6256834192205809,-0.009325635263080168,0.006452778180509711
2021-12-10 05:00:00+00:00,442.29985686872703,443.87399574484607,439.73596256863544,443.7231750488281,77159800.0,0.009369391246973845,0.7205946671778061,0.0,0.0002972701505270514
2021-12-11 05:00:00+00:00,442.29985686872703,443.87399574484607,439.73596256863544,443.7231750488281,77159800.0,0.0,-0.06217415521595118,0.0,0.009196999656288174
2021-12-12 05:00:00+00:00,442.29985686872703,443.87399574484607,439.73596256863544,443.7231750488281,77159800.0,0.0,-0.06217415521595118,0.008937612066237666,0.02005341909873093
2021-12-13 05:00:00+00:00,443.2047157322275,443.5534759778387,439.50968089974606,439.79248046875,87724700.0,-0.008897908009123016,-0.8015770069669769,0.0069274156781296,0.011017338336439586
2021-12-14 05:00:00+00:00,436.51232138943914,439.0102267567972,433.8353182064863,436.7668151855469,97264100.0,-0.00690353137502859,-0.6323813764382018,-0.015384641844849889,0.004061784985321504
2021-12-15 05:00:00+00:00,436.8233903926551,443.8363671006616,434.29717921546614,443.59130859375,116899300.0,0.015504213409641318,1.2269727287397776,0.008897084668062716,0.030710209084071405
2021-12-16 05:00:00+00:00,445.4481988016898,445.73096965038803,438.1241173932083,439.679443359375,116568600.0,-0.00885773881365214,-0.7941101533224255,0.010757482876128543,0.003794480216406937
2021-12-17 05:00:00+00:00,436.5890765889238,439.60656170872556,433.28782720309647,434.99993896484375,135511600.0,-0.0107000328020919,-0.9418583941467557,0.0,-0.016720421150949516
2021-12-18 05:00:00+00:00,436.5890765889238,439.60656170872556,433.28782720309647,434.99993896484375,135511600.0,0.0,-0.05514253878541922,0.0,-0.022800756718550863
2021-12-19 05:00:00+00:00,436.5890765889238,439.60656170872556,433.28782720309647,434.99993896484375,135511600.0,0.0,-0.05514253878541922,0.010747661994046531,-0.022800756718550863
2021-12-20 05:00:00+00:00,429.9014604647388,430.77169014947333,426.7420931242701,430.3744201660156,107134800.0,-0.010690316396366287,-0.9358995564338206,-0.017449021295546596,-0.03319168569374842
2021-12-21 05:00:00+00:00,433.8080425274013,438.15927714312926,431.6324396531206,438.01739501953125,69806300.0,0.017603049862700077,1.393471433634265,-0.009899723829223217,-0.0160222367484274
2021-12-22 05:00:00+00:00,437.7620043411423,442.51050887196607,437.56334050223455,442.3970031738281,58890200.0,0.009949051921501246,0.7586272167923599,-0.006183730139822874,-0.020052055360686105
2021-12-23 05:00:00+00:00,443.3997320049562,446.65369714760357,443.29569472408735,445.1496887207031,56439700.0,0.006202928585300712,0.4480818341441025,0.0,-0.013148089301358135
2021-12-24 05:00:00+00:00,443.3997320049562,446.65369714760357,443.29569472408735,445.1496887207031,56439700.0,0.0,-0.06227847062429971,0.0,-0.014408999726147065
2021-12-25 05:00:00+00:00,443.3997320049562,446.65369714760357,443.29569472408735,445.1496887207031,56439700.0,0.0,-0.06227847062429971,0.0,-0.01167673803418412
2021-12-26 05:00:00+00:00,443.3997320049562,446.65369714760357,443.29569472408735,445.1496887207031,56439700.0,0.0,-0.06227847062429971,-0.01395461680539245,-0.009179648203488044
2021-12-27 05:00:00+00:00,446.5307010758358,451.49677783042705,446.48341665361187,451.4494934082031,56808600.0,0.014052897858000398,1.0868000351390277,0.0008179415651450306,0.0048425444541246865
2021-12-28 05:00:00+00:00,451.884573074086,452.91562165597793,450.31434355839286,451.0805358886719,47274600.0,-0.0008176072332399519,-0.13355113782419617,-0.0012777098682377197,0.004021313689366535
2021-12-29 05:00:00+00:00,451.1846635723899,452.6792035816923,450.181991278277,451.6576232910156,54503000.0,0.0012785268354637694,0.03808577466400372,0.0027722064134145796,-0.0004812574664637692
2021-12-30 05:00:00+00:00,452.083263571022,453.095404283241,449.9455053015741,450.40899658203125,55329000.0,-0.0027683709360701897,-0.29314079224001527,0.0025265921857684503,-0.0029106708338271226
2021-12-31 05:00:00+00:00,449.9171118694179,451.0711058110778,448.99956890774945,449.27386474609375,65237400.0,-0.0025234057178732832,-0.27217716004558673,0.0,0.01404849698150934
2022-01-01 05:00:00+00:00,449.9171118694179,451.0711058110778,448.99956890774945,449.27386474609375,65237400.0,0.0,-0.06511448232008361,0.0,0.01500191496058223
2022-01-02 05:00:00+00:00,449.9171118694179,451.0711058110778,448.99956890774945,449.27386474609375,65237400.0,0.0,-0.06511448232008361,-0.005756517354612911,0.019030623443564654
2022-01-03 05:00:00+00:00,450.54134190273305,452.0075341082872,448.2238569850489,451.8750915527344,72668200.0,0.005773149961949707,0.40660098683982054,0.00033488523171665285,0.024930654543720232
2022-01-04 05:00:00+00:00,453.303514080452,454.0224220905845,449.8603534710493,451.72381591796875,71178700.0,-0.0003348291701731924,-0.09432910449551261,0.019578240637802446,0.024587535309544162
2022-01-05 05:00:00+00:00,451.3548528464761,452.130513594056,442.9550849145519,443.0496826171875,104538900.0,-0.019389052215012536,-1.6421157955046821,0.0009402094494599389,0.006165128641858697
2022-01-06 05:00:00+00:00,442.58622998244016,445.35776682155085,440.25924753685416,442.6335144042969,86858900.0,-0.0009397677294068249,-0.13658914741469871,0.0039691634307299495,-0.003853143866775488
2022-01-07 05:00:00+00:00,442.6430005573575,443.8253998227985,439.5214491762915,440.8835754394531,85111600.0,-0.003961307083449291,-0.38170849804545615,0.0,-0.010466462278625244
2022-01-08 05:00:00+00:00,442.6430005573575,443.8253998227985,439.5214491762915,440.8835754394531,85111600.0,0.0,-0.05861966889859321,0.0,0.0033583317394192402
2022-01-09 05:00:00+00:00,442.6430005573575,443.8253998227985,439.5214491762915,440.8835754394531,85111600.0,0.0,-0.05861966889859321,0.0012459026664271011,0.002948125528527523
2022-01-10 05:00:00+00:00,437.6769296616079,440.55250393034436,431.9068153934691,440.3349609375,119362000.0,-0.0012451271737587844,-0.15976364404839868,-0.009026039129090502,0.0017001046971250044
2022-01-11 05:00:00+00:00,440.07009675611505,444.44023980411635,437.0620510983953,444.34564208984375,74303100.0,0.009067020606935473,0.6777167455707686,-0.0026960864895668735,0.010823840231673598
2022-01-12 05:00:00+00:00,446.0860559009308,447.6090009052354,443.57937566041676,445.546875,67605400.0,0.002699727476496158,0.15800989683334515,0.013971021184263632,0.013556476153443908
2022-01-13 05:00:00+00:00,446.6536433613465,447.3063299976346,438.37684936061635,439.40789794921875,91173100.0,-0.013874326046868128,-1.1846233274145177,-0.0004088332133352912,0.017612515886813673
2022-01-14 05:00:00+00:00,436.2485220098319,439.9376014872319,435.0282780363652,439.5876159667969,95890900.0,0.0004089168084184707,-0.02422292313251491,0.0,0.028710451757099742
2022-01-15 05:00:00+00:00,436.2485220098319,439.9376014872319,435.0282780363652,439.5876159667969,95890900.0,0.0,-0.05744813416658753,0.0,0.04022376166752317
2022-01-16 05:00:00+00:00,436.2485220098319,439.9376014872319,435.0282780363652,439.5876159667969,95890900.0,0.0,-0.05744813416658753,0.0,0.06105278743154985
2022-01-17 05:00:00+00:00,436.2485220098319,439.9376014872319,435.0282780363652,439.5876159667969,95890900.0,0.0,-0.05744813416658753,0.018028719839613405,0.06105278743154985
2022-01-18 05:00:00+00:00,434.8770031364011,435.08510657220825,430.6865868583265,431.8027648925781,109709100.0,-0.017868129753575206,-1.4967622101737417,0.010492564413280281,0.0422621353931103
2022-01-19 05:00:00+00:00,433.3540622278281,434.7540044741665,427.04476708624003,427.319091796875,109357600.0,-0.01043789951015163,-0.8909863749231091,0.01119198302180946,0.0270780272115978
2022-01-20 05:00:00+00:00,429.2109131132616,433.93104152080394,420.4611589616414,422.5894775390625,122379700.0,-0.011129816196481623,-0.9416283972942604,0.02002360120156932,0.02826436189432635
2022-01-21 05:00:00+00:00,421.4638801817185,423.8286788760082,414.2654468125429,414.2938232421875,202271200.0,-0.01982576546140135,-1.6276353848276623,0.0,0.010614309627679619
2022-01-22 05:00:00+00:00,421.4638801817185,423.8286788760082,414.2654468125429,414.2938232421875,202271200.0,0.0,-0.03783878597702242,0.0,0.015629629053292682
2022-01-23 05:00:00+00:00,421.4638801817185,423.8286788760082,414.2654468125429,414.2938232421875,202271200.0,0.0,-0.03783878597702242,-0.004228711447785249,-0.008982722434088486
2022-01-24 05:00:00+00:00,408.66556381495764,416.5639967057134,398.0050623972924,416.0531921386719,251783900.0,0.004237677734192567,0.30057192607691513,0.012359968402250843,-0.004774199699225434
2022-01-25 05:00:00+00:00,409.63982206019847,415.9396482515973,404.04943536512155,410.97357177734375,167997300.0,-0.012284207621249498,-1.0180343468118802,0.002515000746668772,-0.01692497593372655
2022-01-26 05:00:00+00:00,416.88561104852806,420.02607047448777,405.6669916326692,409.94256591796875,186391100.0,-0.0025118434249604945,-0.23534365365957322,0.004962644381574899,-0.03674061026324238
2022-01-27 05:00:00+00:00,414.55858457806625,417.70848301575546,406.2250381977337,407.918212890625,149878300.0,-0.004950371050648858,-0.4286961659363826,-0.024233589473283912,-0.04793053414882731
2022-01-28 05:00:00+00:00,409.28035145506107,418.09632616567893,404.6831975620581,418.0490417480469,164457400.0,0.024532054690596935,1.9072093053516737,0.0,-0.03367247294735576
2022-01-29 05:00:00+00:00,409.28035145506107,418.09632616567893,404.6831975620581,418.0490417480469,164457400.0,0.0,-0.040302925871324675,0.0,-0.010412154682402974
2022-01-30 05:00:00+00:00,409.28035145506107,418.09632616567893,404.6831975620581,418.0490417480469,164457400.0,0.0,-0.040302925871324675,-0.017692481061261978,-0.015043301801263231
2022-01-31 05:00:00+00:00,417.3774492101084,425.9285683081596,416.02479145329517,425.5785827636719,152251400.0,0.017850863908600616,1.3660672159397045,-0.006711734937539848,0.0026968940061264934
2022-02-01 05:00:00+00:00,426.30699838494866,429.0974724898934,422.76926865051064,428.4542541503906,123155400.0,0.0067343599225697,0.48452545567522376,-0.009620646091897389,0.009472203865284357
2022-02-02 05:00:00+00:00,430.8663455876293,433.3446501355986,428.5488311940209,432.6163024902344,117361000.0,0.009667223484657577,0.7126229677693158,0.024070843077292903,0.022559618536008408
2022-02-03 05:00:00+00:00,426.5623872138765,428.4731341093042,421.60574966980835,422.4476318359375,118024400.0,-0.023785706916972835,-1.9077729179756493,-0.004679874698111153,-0.009624258216098469
2022-02-04 05:00:00+00:00,422.21101369208725,428.2932668309943,419.8272789855481,424.4339294433594,118454400.0,0.004690859597072534,0.3231648437784426,0.0,-0.019321021313214337
2022-02-05 05:00:00+00:00,422.21101369208725,428.2932668309943,419.8272789855481,424.4339294433594,118454400.0,0.0,-0.04450671651128082,0.0,-0.0013800460987094532
2022-02-06 05:00:00+00:00,422.21101369208725,428.2932668309943,419.8272789855481,424.4339294433594,118454400.0,0.0,-0.04450671651128082,0.003219237201856906,0.018707412860505812
2022-02-07 05:00:00+00:00,425.20027930229384,426.6002216728821,421.7382105038977,423.07196044921875,84472900.0,-0.0032140665518366534,-0.2953765469283935,-0.008160597712645878,0.01543847554383837
2022-02-08 05:00:00+00:00,422.5705744611604,427.4798983462463,421.142226961754,426.5528869628906,81012000.0,0.008194077658817037,0.5956770111218266,-0.014425048225341963,0.02379324031900798
2022-02-09 05:00:00+00:00,430.60144995457046,433.1175991367621,430.40281495436784,432.7959899902344,92589900.0,0.014530100715500883,1.0847889918280327,0.018294442528511645,0.042184876852014774
2022-02-10 05:00:00+00:00,426.9312239359051,432.9567254068863,423.01513294817045,425.0204772949219,140103700.0,-0.018129112583134967,-1.454981794538922,0.020115218888567155,0.007218130788563704
2022-02-11 05:00:00+00:00,425.10566970321133,427.1866752033313,415.20189176224045,416.6396789550781,153214600.0,-0.01991558061138748,-1.579874529204796,0.0,-0.013748338120912806
2022-02-12 05:00:00+00:00,425.10566970321133,427.1866752033313,415.20189176224045,416.6396789550781,153214600.0,0.0,-0.038260904396734394,0.0,0.007779250749775146
2022-02-13 05:00:00+00:00,425.10566970321133,427.1866752033313,415.20189176224045,416.6396789550781,153214600.0,0.0,-0.038260904396734394,0.0032800269550989913,0.014347206346222663
2022-02-14 05:00:00+00:00,416.12890799397803,417.7180457832857,411.79658063441923,415.2775573730469,123006300.0,-0.003274659400632236,-0.29068965358778265,-0.01587074637469854,0.011030997422237121
2022-02-15 05:00:00+00:00,419.7327852321781,422.14486792244224,419.212512292105,421.974609375,88482700.0,0.01599803524597125,1.1925951323632293,-0.0011197185764345585,0.027335579851768488
2022-02-16 05:00:00+00:00,419.92201420472077,423.82866614912444,418.03964373808554,422.4476318359375,84863600.0,0.0011203459296294546,0.04407662112052952,0.02182768324027129,0.028487196070834164
2022-02-17 05:00:00+00:00,419.2504207563761,422.4192566946621,412.81818002832114,413.4235534667969,102259100.0,-0.021592870168692768,-1.6924138865344514,0.006517256226064472,0.017436025073856998
2022-02-18 05:00:00+00:00,413.6789397456878,414.937028777914,408.4669432136912,410.7466125488281,132642900.0,-0.00649611073570124,-0.531743878804976,0.0,0.029102933346056403
2022-02-19 05:00:00+00:00,413.6789397456878,414.937028777914,408.4669432136912,410.7466125488281,132642900.0,0.0,-0.03357022507282517,0.0,0.013845387833564482
2022-02-20 05:00:00+00:00,413.6789397456878,414.937028777914,408.4669432136912,410.7466125488281,132642900.0,0.0,-0.03357022507282517,0.0,-0.008041007487296414
2022-02-21 05:00:00+00:00,413.6789397456878,414.937028777914,408.4669432136912,410.7466125488281,132642900.0,0.0,-0.03357022507282517,0.010848069201250032,-0.008041007487296414
2022-02-22 05:00:00+00:00,408.5331630880986,411.9479184294001,402.8292411204385,406.338623046875,124391800.0,-0.010789651001932106,-0.8564660463810608,0.018058959304567912,-0.01868636570030957
2022-02-23 05:00:00+00:00,409.2615268824227,409.8290843455233,398.5631798415869,399.1307373046875,132578000.0,-0.017897833253347206,-1.3899412822000072,-0.014826063572555226,-0.033621024323368554
2022-02-24 05:00:00+00:00,388.7918405378163,405.5724728761173,388.4324153595636,405.1373291015625,213942900.0,0.01493706819385276,1.1074344747501164,-0.021587507901603242,-0.003907001787492148
2022-02-25 05:00:00+00:00,406.376404898472,414.1613316714428,404.72104600826754,414.0762023925781,121804500.0,0.021823926805976685,1.6163698358594563,0.0,-0.0003196837672554409
2022-02-26 05:00:00+00:00,406.376404898472,414.1613316714428,404.72104600826754,414.0762023925781,121804500.0,0.0,-0.035559944617108416,0.0,0.004682042502538009
2022-02-27 05:00:00+00:00,406.376404898472,414.1613316714428,404.72104600826754,414.0762023925781,121804500.0,0.0,-0.035559944617108416,0.0025650718419616414,0.01291158249357327
2022-02-28 05:00:00+00:00,408.665549734316,414.5018850268596,407.40748965693734,413.01678466796875,145615000.0,-0.0025617876600940153,-0.2286778343747119,0.015465862561564903,0.01032003901013856
2022-03-01 05:00:00+00:00,411.51275948322075,413.5275723046222,404.01159714649674,406.7264099121094,137785900.0,-0.015347485088783213,-1.1883959393489634,-0.018063864255449924,-0.005067451049950211
2022-03-02 05:00:00+00:00,408.98712512747574,415.9396377899964,408.230401230632,414.2086181640625,117726500.0,0.018229007625881036,1.3354397896989205,0.005003325751818721,0.044012189280758784
2022-03-03 05:00:00+00:00,416.6491002687027,417.2544736461627,410.3398054569245,412.1465148925781,105501700.0,-0.00499085071135341,-0.4091229986129116,0.008191188498339663,0.046750838394808314
2022-03-04 05:00:00+00:00,408.40067480868873,409.9330595198553,404.7399715837537,408.7979736328125,113978200.0,-0.008157822793187565,-0.6442400160515076,0.0,0.01113673938909665
2022-03-05 05:00:00+00:00,408.40067480868873,409.9330595198553,404.7399715837537,408.7979736328125,113978200.0,0.0,-0.03146422094230702,0.0,0.015723304537996974
2022-03-06 05:00:00+00:00,408.40067480868873,409.9330595198553,404.7399715837537,408.7979736328125,113978200.0,0.0,-0.03146422094230702,0.030374668005784144,0.028804626693577084
2022-03-07 05:00:00+00:00,408.2114548095824,408.92089427144623,396.6806964467157,396.7469177246094,137896600.0,-0.0299224914440295,-2.2471372042785114,0.00763964695184538,-0.0015237576785981366
2022-03-08 05:00:00+00:00,396.92663488599277,404.1061585985236,392.6699982200299,393.7388916015625,164772700.0,-0.007610612629955971,-0.5855397361204252,-0.026110977295888627,-0.00909393021420235
2022-03-09 05:00:00+00:00,402.1482138875015,406.28187731724785,399.9536738077774,404.2954406738281,116990800.0,0.02645792156006432,1.9236207634510947,0.004536048360453737,0.017473291807352576
2022-03-10 05:00:00+00:00,399.669875757918,403.36842427273797,397.70237600280313,402.4698181152344,93972700.0,-0.004525791498474664,-0.360010996367887,0.012878824476248552,0.012878824476248552
2022-03-11 05:00:00+00:00,404.96702642713234,405.581868290295,396.84158189370584,397.3523864746094,95636300.0,-0.012796597653648836,-0.9642848208399204,0.0,0.0
2022-03-12 05:00:00+00:00,404.96702642713234,405.581868290295,396.84158189370584,397.3523864746094,95636300.0,0.0,-0.022533795895715664,0.0,0.0
2022-03-13 05:00:00+00:00,404.96702642713234,405.581868290295,396.84158189370584,397.3523864746094,95636300.0,0.0,-0.022533795895715664,0.0,0.0
2022-03-14 05:00:00+00:00,404.96702642713234,405.581868290295,396.84158189370584,397.3523864746094,95636300.0,0.0,-0.022533795895715664,0.0,0.0
2022-03-15 05:00:00+00:00,404.96702642713234,405.581868290295,396.84158189370584,397.3523864746094,95636300.0,0.0,-0.022533795895715664,0.0,0.0
2022-03-16 05:00:00+00:00,404.96702642713234,405.581868290295,396.84158189370584,397.3523864746094,95636300.0,0.0,-0.022533795895715664,0.0,0.0
2022-03-17 05:00:00+00:00,404.96702642713234,405.581868290295,396.84158189370584,397.3523864746094,95636300.0,0.0,-0.022533795895715664,0.0,0.0
2022-03-18 05:00:00+00:00,404.96702642713234,405.581868290295,396.84158189370584,397.3523864746094,95636300.0,0.0,-0.022533795895715664,0.0,0.0
2022-03-19 05:00:00+00:00,404.96702642713234,405.581868290295,396.84158189370584,397.3523864746094,95636300.0,0.0,-0.022533795895715664,0.0,0.0
2022-03-20 05:00:00+00:00,404.96702642713234,405.581868290295,396.84158189370584,397.3523864746094,95636300.0,0.0,-0.022533795895715664,0.0,0.0
2022-03-21 05:00:00+00:00,404.96702642713234,405.581868290295,396.84158189370584,397.3523864746094,95636300.0,0.0,-0.022533795895715664,0.0,0.0
2022-03-22 05:00:00+00:00,404.96702642713234,405.581868290295,396.84158189370584,397.3523864746094,95636300.0,0.0,-0.022533795895715664,0.0,0.0
2022-03-23 05:00:00+00:00,404.96702642713234,405.581868290295,396.84158189370584,397.3523864746094,95636300.0,0.0,-0.022533795895715664,0.0,0.0
2022-03-24 05:00:00+00:00,404.96702642713234,405.581868290295,396.84158189370584,397.3523864746094,95636300.0,0.0,-0.022533795895715664,0.0,0.0
2022-03-25 05:00:00+00:00,404.96702642713234,405.581868290295,396.84158189370584,397.3523864746094,95636300.0,0.0,-0.022533795895715664,0.0,0.0
2022-03-26 05:00:00+00:00,404.96702642713234,405.581868290295,396.84158189370584,397.3523864746094,95636300.0,0.0,-0.022533795895715664,0.0,0.0
2022-03-27 05:00:00+00:00,404.96702642713234,405.581868290295,396.84158189370584,397.3523864746094,95636300.0,0.0,-0.022533795895715664,0.0,0.0
2022-03-28 05:00:00+00:00,404.96702642713234,405.581868290295,396.84158189370584,397.3523864746094,95636300.0,0.0,-0.022533795895715664,0.0,0.0
2022-03-29 05:00:00+00:00,404.96702642713234,405.581868290295,396.84158189370584,397.3523864746094,95636300.0,0.0,-0.022533795895715664,0.0,0.0
2022-03-30 05:00:00+00:00,404.96702642713234,405.581868290295,396.84158189370584,397.3523864746094,95636300.0,0.0,-0.022533795895715664,0.0,0.0
2022-03-31 05:00:00+00:00,404.96702642713234,405.581868290295,396.84158189370584,397.3523864746094,95636300.0,0.0,-0.022533795895715664,0.0,0.0
2022-04-01 05:00:00+00:00,404.96702642713234,405.581868290295,396.84158189370584,397.3523864746094,95636300.0,0.0,-0.022533795895715664,0.0,0.0
2022-04-02 05:00:00+00:00,404.96702642713234,405.581868290295,396.84158189370584,397.3523864746094,95636300.0,0.0,-0.022533795895715664,0.0,0.0
2022-04-03 05:00:00+00:00,404.96702642713234,405.581868290295,396.84158189370584,397.3523864746094,95636300.0,0.0,-0.022533795895715664,0.0,0.0
2022-04-04 05:00:00+00:00,404.96702642713234,405.581868290295,396.84158189370584,397.3523864746094,95636300.0,0.0,-0.022533795895715664,0.0,0.0
2022-04-05 05:00:00+00:00,404.96702642713234,405.581868290295,396.84158189370584,397.3523864746094,95636300.0,0.0,-0.022533795895715664,0.0,0.0
2022-04-06 05:00:00+00:00,404.96702642713234,405.581868290295,396.84158189370584,397.3523864746094,95636300.0,0.0,-0.022533795895715664,0.0,0.0
2022-04-07 05:00:00+00:00,404.96702642713234,405.581868290295,396.84158189370584,397.3523864746094,95636300.0,0.0,-0.022533795895715664,0.0,0.0
2022-04-08 05:00:00+00:00,404.96702642713234,405.581868290295,396.84158189370584,397.3523864746094,95636300.0,0.0,-0.022533795895715664,0.0,0.0
2022-04-09 05:00:00+00:00,404.96702642713234,405.581868290295,396.84158189370584,397.3523864746094,95636300.0,0.0,-0.022533795895715664,0.0,0.0
2022-04-10 05:00:00+00:00,404.96702642713234,405.581868290295,396.84158189370584,397.3523864746094,95636300.0,0.0,-0.022533795895715664,0.0,0.0
2022-04-11 05:00:00+00:00,404.96702642713234,405.581868290295,396.84158189370584,397.3523864746094,95636300.0,0.0,-0.022533795895715664,0.0,0.0
2022-04-12 05:00:00+00:00,404.96702642713234,405.581868290295,396.84158189370584,397.3523864746094,95636300.0,0.0,-0.022533795895715664,0.0,0.0
2022-04-13 05:00:00+00:00,404.96702642713234,405.581868290295,396.84158189370584,397.3523864746094,95636300.0,0.0,-0.022533795895715664,0.0,0.0
2022-04-14 05:00:00+00:00,404.96702642713234,405.581868290295,396.84158189370584,397.3523864746094,95636300.0,0.0,-0.022533795895715664,0.0,0.0
2022-04-15 05:00:00+00:00,404.96702642713234,405.581868290295,396.84158189370584,397.3523864746094,95636300.0,0.0,-0.022533795895715664,0.0,0.0
2022-04-16 05:00:00+00:00,404.96702642713234,405.581868290295,396.84158189370584,397.3523864746094,95636300.0,0.0,-0.022533795895715664,0.0,0.0
2022-04-17 05:00:00+00:00,404.96702642713234,405.581868290295,396.84158189370584,397.3523864746094,95636300.0,0.0,-0.022533795895715664,0.0,0.0
2022-04-18 05:00:00+00:00,404.96702642713234,405.581868290295,396.84158189370584,397.3523864746094,95636300.0,0.0,-0.022533795895715664,0.0,0.0
2022-04-19 05:00:00+00:00,404.96702642713234,405.581868290295,396.84158189370584,397.3523864746094,95636300.0,0.0,-0.022533795895715664,0.0,0.0
2022-04-20 05:00:00+00:00,404.96702642713234,405.581868290295,396.84158189370584,397.3523864746094,95636300.0,0.0,-0.022533795895715664,0.0,0.0
2022-04-21 05:00:00+00:00,404.96702642713234,405.581868290295,396.84158189370584,397.3523864746094,95636300.0,0.0,-0.022533795895715664,0.0,0.0
2022-04-22 05:00:00+00:00,404.96702642713234,405.581868290295,396.84158189370584,397.3523864746094,95636300.0,0.0,-0.022533795895715664,0.0,0.0
2022-04-23 05:00:00+00:00,404.96702642713234,405.581868290295,396.84158189370584,397.3523864746094,95636300.0,0.0,-0.022533795895715664,0.0,0.0
2022-04-24 05:00:00+00:00,404.96702642713234,405.581868290295,396.84158189370584,397.3523864746094,95636300.0,0.0,-0.022533795895715664,0.0,0.0
2022-04-25 05:00:00+00:00,404.96702642713234,405.581868290295,396.84158189370584,397.3523864746094,95636300.0,0.0,-0.022533795895715664,0.0,0.0
2022-04-26 05:00:00+00:00,404.96702642713234,405.581868290295,396.84158189370584,397.3523864746094,95636300.0,0.0,-0.022533795895715664,0.0,0.0
2022-04-27 05:00:00+00:00,404.96702642713234,405.581868290295,396.84158189370584,397.3523864746094,95636300.0,0.0,-0.022533795895715664,0.0,0.0
2022-04-28 05:00:00+00:00,404.96702642713234,405.581868290295,396.84158189370584,397.3523864746094,95636300.0,0.0,-0.022533795895715664,0.0,0.0
2022-04-29 05:00:00+00:00,404.96702642713234,405.581868290295,396.84158189370584,397.3523864746094,95636300.0,0.0,-0.022533795895715664,0.0,0.0
2022-04-30 05:00:00+00:00,404.96702642713234,405.581868290295,396.84158189370584,397.3523864746094,95636300.0,0.0,-0.022533795895715664,0.0,0.0
2022-05-01 05:00:00+00:00,404.96702642713234,405.581868290295,396.84158189370584,397.3523864746094,95636300.0,0.0,-0.022533795895715664,0.0,0.0
2022-05-02 05:00:00+00:00,404.96702642713234,405.581868290295,396.84158189370584,397.3523864746094,95636300.0,0.0,-0.022533795895715664,0.0,0.0
2022-05-03 05:00:00+00:00,404.96702642713234,405.581868290295,396.84158189370584,397.3523864746094,95636300.0,0.0,-0.022533795895715664,0.0,0.0
2022-05-04 05:00:00+00:00,404.96702642713234,405.581868290295,396.84158189370584,397.3523864746094,95636300.0,0.0,-0.022533795895715664,0.0,0.0
2022-05-05 05:00:00+00:00,404.96702642713234,405.581868290295,396.84158189370584,397.3523864746094,95636300.0,0.0,-0.022533795895715664,0.0,0.0
2022-05-06 05:00:00+00:00,404.96702642713234,405.581868290295,396.84158189370584,397.3523864746094,95636300.0,0.0,-0.022533795895715664,0.0,0.0
2022-05-07 05:00:00+00:00,404.96702642713234,405.581868290295,396.84158189370584,397.3523864746094,95636300.0,0.0,-0.022533795895715664,0.0,0.0
2022-05-08 05:00:00+00:00,404.96702642713234,405.581868290295,396.84158189370584,397.3523864746094,95636300.0,0.0,-0.022533795895715664,0.0,0.0
2022-05-09 05:00:00+00:00,404.96702642713234,405.581868290295,396.84158189370584,397.3523864746094,95636300.0,0.0,-0.022533795895715664,0.0,0.0
2022-05-10 05:00:00+00:00,404.96702642713234,405.581868290295,396.84158189370584,397.3523864746094,95636300.0,0.0,-0.022533795895715664,0.0,0.0
2022-05-11 05:00:00+00:00,404.96702642713234,405.581868290295,396.84158189370584,397.3523864746094,95636300.0,0.0,-0.022533795895715664,0.0,0.0
2022-05-12 05:00:00+00:00,404.96702642713234,405.581868290295,396.84158189370584,397.3523864746094,95636300.0,0.0,-0.022533795895715664,0.0,0.0
2022-05-13 05:00:00+00:00,404.96702642713234,405.581868290295,396.84158189370584,397.3523864746094,95636300.0,0.0,-0.022533795895715664,0.0,0.0
2022-05-14 05:00:00+00:00,404.96702642713234,405.581868290295,396.84158189370584,397.3523864746094,95636300.0,0.0,-0.022533795895715664,0.0,0.0
2022-05-15 05:00:00+00:00,404.96702642713234,405.581868290295,396.84158189370584,397.3523864746094,95636300.0,0.0,-0.022533795895715664,0.0,0.0
2022-05-16 05:00:00+00:00,404.96702642713234,405.581868290295,396.84158189370584,397.3523864746094,95636300.0,0.0,-0.022533795895715664,0.0,0.0
2022-05-17 05:00:00+00:00,404.96702642713234,405.581868290295,396.84158189370584,397.3523864746094,95636300.0,0.0,-0.022533795895715664,0.0,0.0
2022-05-18 05:00:00+00:00,404.96702642713234,405.581868290295,396.84158189370584,397.3523864746094,95636300.0,0.0,-0.022533795895715664,0.0,0.0
2022-05-19 05:00:00+00:00,404.96702642713234,405.581868290295,396.84158189370584,397.3523864746094,95636300.0,0.0,-0.022533795895715664,0.0,0.0
2022-05-20 05:00:00+00:00,404.96702642713234,405.581868290295,396.84158189370584,397.3523864746094,95636300.0,0.0,-0.022533795895715664,0.0,0.0
2022-05-21 05:00:00+00:00,404.96702642713234,405.581868290295,396.84158189370584,397.3523864746094,95636300.0,0.0,-0.022533795895715664,0.0,0.0
2022-05-22 05:00:00+00:00,404.96702642713234,405.581868290295,396.84158189370584,397.3523864746094,95636300.0,0.0,-0.022533795895715664,0.0,0.0
2022-05-23 05:00:00+00:00,404.96702642713234,405.581868290295,396.84158189370584,397.3523864746094,95636300.0,0.0,-0.022533795895715664,0.0,0.0
2022-05-24 05:00:00+00:00,404.96702642713234,405.581868290295,396.84158189370584,397.3523864746094,95636300.0,0.0,-0.022533795895715664,0.0,0.0
2022-05-25 05:00:00+00:00,404.96702642713234,405.581868290295,396.84158189370584,397.3523864746094,95636300.0,0.0,-0.022533795895715664,0.0,0.0
2022-05-26 05:00:00+00:00,404.96702642713234,405.581868290295,396.84158189370584,397.3523864746094,95636300.0,0.0,-0.022533795895715664,0.0,0.0
2022-05-27 05:00:00+00:00,404.96702642713234,405.581868290295,396.84158189370584,397.3523864746094,95636300.0,0.0,-0.022533795895715664,0.0,0.0
2022-05-28 05:00:00+00:00,404.96702642713234,405.581868290295,396.84158189370584,397.3523864746094,95636300.0,0.0,-0.022533795895715664,0.0,0.0
2022-05-29 05:00:00+00:00,404.96702642713234,405.581868290295,396.84158189370584,397.3523864746094,95636300.0,0.0,-0.022533795895715664,0.0,0.0
2022-05-30 05:00:00+00:00,404.96702642713234,405.581868290295,396.84158189370584,397.3523864746094,95636300.0,0.0,-0.022533795895715664,0.0,0.0
2022-05-31 05:00:00+00:00,404.96702642713234,405.581868290295,396.84158189370584,397.3523864746094,95636300.0,0.0,-0.022533795895715664,0.0,0.0
2022-06-01 05:00:00+00:00,404.96702642713234,405.581868290295,396.84158189370584,397.3523864746094,95636300.0,0.0,-0.022533795895715664,0.0,0.0
2022-06-02 05:00:00+00:00,404.96702642713234,405.581868290295,396.84158189370584,397.3523864746094,95636300.0,0.0,-0.022533795895715664,0.0,0.0
2022-06-03 05:00:00+00:00,404.96702642713234,405.581868290295,396.84158189370584,397.3523864746094,95636300.0,0.0,-0.022533795895715664,0.0,0.0
2022-06-04 05:00:00+00:00,404.96702642713234,405.581868290295,396.84158189370584,397.3523864746094,95636300.0,0.0,-0.022533795895715664,0.0,0.0
2022-06-05 05:00:00+00:00,404.96702642713234,405.581868290295,396.84158189370584,397.3523864746094,95636300.0,0.0,-0.022533795895715664,0.0,0.0
2022-06-06 05:00:00+00:00,404.96702642713234,405.581868290295,396.84158189370584,397.3523864746094,95636300.0,0.0,-0.022533795895715664,0.0,0.0
2022-06-07 05:00:00+00:00,404.96702642713234,405.581868290295,396.84158189370584,397.3523864746094,95636300.0,0.0,-0.022533795895715664,0.0,0.0
2022-06-08 05:00:00+00:00,404.96702642713234,405.581868290295,396.84158189370584,397.3523864746094,95636300.0,0.0,-0.022533795895715664,0.0,0.0
2022-06-09 05:00:00+00:00,404.96702642713234,405.581868290295,396.84158189370584,397.3523864746094,95636300.0,0.0,-0.022533795895715664,0.0,0.0
2022-06-10 05:00:00+00:00,404.96702642713234,405.581868290295,396.84158189370584,397.3523864746094,95636300.0,0.0,-0.022533795895715664,0.0,0.0
2022-06-11 05:00:00+00:00,404.96702642713234,405.581868290295,396.84158189370584,397.3523864746094,95636300.0,0.0,-0.022533795895715664,0.0,0.0
2022-06-12 05:00:00+00:00,404.96702642713234,405.581868290295,396.84158189370584,397.3523864746094,95636300.0,0.0,-0.022533795895715664,0.0,0.0
2022-06-13 05:00:00+00:00,404.96702642713234,405.581868290295,396.84158189370584,397.3523864746094,95636300.0,0.0,-0.022533795895715664,0.0,0.0
2022-06-14 05:00:00+00:00,404.96702642713234,405.581868290295,396.84158189370584,397.3523864746094,95636300.0,0.0,-0.022533795895715664,0.0,0.0
2022-06-15 05:00:00+00:00,404.96702642713234,405.581868290295,396.84158189370584,397.3523864746094,95636300.0,0.0,-0.022533795895715664,0.0,0.0
2022-06-16 05:00:00+00:00,404.96702642713234,405.581868290295,396.84158189370584,397.3523864746094,95636300.0,0.0,-0.022533795895715664,0.0,0.0
2022-06-17 05:00:00+00:00,404.96702642713234,405.581868290295,396.84158189370584,397.3523864746094,95636300.0,0.0,-0.022533795895715664,0.0,0.0
2022-06-18 05:00:00+00:00,404.96702642713234,405.581868290295,396.84158189370584,397.3523864746094,95636300.0,0.0,-0.022533795895715664,0.0,0.0
2022-06-19 05:00:00+00:00,404.96702642713234,405.581868290295,396.84158189370584,397.3523864746094,95636300.0,0.0,-0.022533795895715664,0.0,0.0
2022-06-20 05:00:00+00:00,404.96702642713234,405.581868290295,396.84158189370584,397.3523864746094,95636300.0,0.0,-0.022533795895715664,0.0,0.0
2022-06-21 05:00:00+00:00,404.96702642713234,405.581868290295,396.84158189370584,397.3523864746094,95636300.0,0.0,-0.022533795895715664,0.0,0.0
2022-06-22 05:00:00+00:00,404.96702642713234,405.581868290295,396.84158189370584,397.3523864746094,95636300.0,0.0,-0.022533795895715664,0.0,0.0
2022-06-23 05:00:00+00:00,404.96702642713234,405.581868290295,396.84158189370584,397.3523864746094,95636300.0,0.0,-0.022533795895715664,0.0,0.0
2022-06-24 05:00:00+00:00,404.96702642713234,405.581868290295,396.84158189370584,397.3523864746094,95636300.0,0.0,-0.022533795895715664,0.0,0.0
2022-06-25 05:00:00+00:00,404.96702642713234,405.581868290295,396.84158189370584,397.3523864746094,95636300.0,0.0,-0.022533795895715664,0.0,0.0
2022-06-26 05:00:00+00:00,404.96702642713234,405.581868290295,396.84158189370584,397.3523864746094,95636300.0,0.0,-0.022533795895715664,0.0,0.0
2022-06-27 05:00:00+00:00,404.96702642713234,405.581868290295,396.84158189370584,397.3523864746094,95636300.0,0.0,-0.022533795895715664,0.0,0.0
2022-06-28 05:00:00+00:00,404.96702642713234,405.581868290295,396.84158189370584,397.3523864746094,95636300.0,0.0,-0.022533795895715664,0.0,0.0
2022-06-29 05:00:00+00:00,404.96702642713234,405.581868290295,396.84158189370584,397.3523864746094,95636300.0,0.0,-0.022533795895715664,0.0,0.0
2022-06-30 05:00:00+00:00,404.96702642713234,405.581868290295,396.84158189370584,397.3523864746094,95636300.0,0.0,-0.022533795895715664,0.0,0.0
2022-07-01 05:00:00+00:00,404.96702642713234,405.581868290295,396.84158189370584,397.3523864746094,95636300.0,0.0,-0.022533795895715664,0.0,0.0
2022-07-02 05:00:00+00:00,404.96702642713234,405.581868290295,396.84158189370584,397.3523864746094,95636300.0,0.0,-0.022533795895715664,0.0,0.0
2022-07-03 05:00:00+00:00,404.96702642713234,405.581868290295,396.84158189370584,397.3523864746094,95636300.0,0.0,-0.022533795895715664,0.0,0.0
2022-07-04 05:00:00+00:00,404.96702642713234,405.581868290295,396.84158189370584,397.3523864746094,95636300.0,0.0,-0.022533795895715664,0.0,0.0
2022-07-05 05:00:00+00:00,404.96702642713234,405.581868290295,396.84158189370584,397.3523864746094,95636300.0,0.0,-0.022533795895715664,0.0,0.0
2022-07-06 05:00:00+00:00,404.96702642713234,405.581868290295,396.84158189370584,397.3523864746094,95636300.0,0.0,-0.022533795895715664,0.0,0.0
2022-07-07 05:00:00+00:00,404.96702642713234,405.581868290295,396.84158189370584,397.3523864746094,95636300.0,0.0,-0.022533795895715664,0.0,0.0
2022-07-08 05:00:00+00:00,404.96702642713234,405.581868290295,396.84158189370584,397.3523864746094,95636300.0,0.0,-0.022533795895715664,0.0,0.0
2022-07-09 05:00:00+00:00,404.96702642713234,405.581868290295,396.84158189370584,397.3523864746094,95636300.0,0.0,-0.022533795895715664,0.0,0.0
2022-07-10 05:00:00+00:00,404.96702642713234,405.581868290295,396.84158189370584,397.3523864746094,95636300.0,0.0,-0.022533795895715664,0.0,0.0
2022-07-11 05:00:00+00:00,404.96702642713234,405.581868290295,396.84158189370584,397.3523864746094,95636300.0,0.0,-0.022533795895715664,0.0,0.0
2022-07-12 05:00:00+00:00,404.96702642713234,405.581868290295,396.84158189370584,397.3523864746094,95636300.0,0.0,-0.022533795895715664,0.0,0.0
2022-07-13 05:00:00+00:00,404.96702642713234,405.581868290295,396.84158189370584,397.3523864746094,95636300.0,0.0,-0.022533795895715664,0.0,0.0
2022-07-14 05:00:00+00:00,404.96702642713234,405.581868290295,396.84158189370584,397.3523864746094,95636300.0,0.0,-0.022533795895715664,0.0,0.0
2022-07-15 05:00:00+00:00,404.96702642713234,405.581868290295,396.84158189370584,397.3523864746094,95636300.0,0.0,-0.022533795895715664,0.0,0.0
2022-07-16 05:00:00+00:00,404.96702642713234,405.581868290295,396.84158189370584,397.3523864746094,95636300.0,0.0,-0.022533795895715664,0.0,0.0
2022-07-17 05:00:00+00:00,404.96702642713234,405.581868290295,396.84158189370584,397.3523864746094,95636300.0,0.0,-0.022533795895715664,0.0,0.0
2022-07-18 05:00:00+00:00,404.96702642713234,405.581868290295,396.84158189370584,397.3523864746094,95636300.0,0.0,0.059705203230376536,0.0,0.0
2022-07-19 05:00:00+00:00,404.96702642713234,405.581868290295,396.84158189370584,397.3523864746094,95636300.0,0.0,0.05786845128518971,0.0,0.0
2022-07-20 05:00:00+00:00,404.96702642713234,405.581868290295,396.84158189370584,397.3523864746094,95636300.0,0.0,0.05346500802724283,0.0,0.0
2022-07-21 05:00:00+00:00,404.96702642713234,405.581868290295,396.84158189370584,397.3523864746094,95636300.0,0.0,0.0536475470421511,0.0,0.0
2022-07-22 05:00:00+00:00,404.96702642713234,405.581868290295,396.84158189370584,397.3523864746094,95636300.0,0.0,0.058017854538825034,0.0,0.0
2022-07-23 05:00:00+00:00,404.96702642713234,405.581868290295,396.84158189370584,397.3523864746094,95636300.0,0.0,0.058017854538825034,0.0,0.0
2022-07-24 05:00:00+00:00,404.96702642713234,405.581868290295,396.84158189370584,397.3523864746094,95636300.0,0.0,0.058017854538825034,0.0,0.0
2022-07-25 05:00:00+00:00,404.96702642713234,405.581868290295,396.84158189370584,397.3523864746094,95636300.0,0.0,0.05821174506255079,0.0,0.0
2022-07-26 05:00:00+00:00,404.96702642713234,405.581868290295,396.84158189370584,397.3523864746094,95636300.0,0.0,0.0604830994571256,0.0,0.0
2022-07-27 05:00:00+00:00,404.96702642713234,405.581868290295,396.84158189370584,397.3523864746094,95636300.0,0.0,0.05912095978144274,0.0,0.0
2022-07-28 05:00:00+00:00,404.96702642713234,405.581868290295,396.84158189370584,397.3523864746094,95636300.0,0.0,0.061068247840743696,0.0,0.0
2022-07-29 05:00:00+00:00,404.96702642713234,405.581868290295,396.84158189370584,397.3523864746094,95636300.0,0.0,0.060062437499163665,0.0,0.0
2022-07-30 05:00:00+00:00,404.96702642713234,405.581868290295,396.84158189370584,397.3523864746094,95636300.0,0.0,0.060062437499163665,0.0,0.0
2022-07-31 05:00:00+00:00,404.96702642713234,405.581868290295,396.84158189370584,397.3523864746094,95636300.0,0.0,0.060062437499163665,0.0,0.0
2022-08-01 05:00:00+00:00,404.96702642713234,405.581868290295,396.84158189370584,397.3523864746094,95636300.0,0.0,0.058484729293547214,0.0,0.0
2022-08-02 05:00:00+00:00,404.96702642713234,405.581868290295,396.84158189370584,397.3523864746094,95636300.0,0.0,0.05923953087943161,0.0,0.0
2022-08-03 05:00:00+00:00,404.96702642713234,405.581868290295,396.84158189370584,397.3523864746094,95636300.0,0.0,0.060767475120642386,0.0,0.0
2022-08-04 05:00:00+00:00,404.96702642713234,405.581868290295,396.84158189370584,397.3523864746094,95636300.0,0.0,0.060767475120642386,0.0,0.0
2022-08-05 05:00:00+00:00,404.96702642713234,405.581868290295,396.84158189370584,397.3523864746094,95636300.0,0.0,0.04901208154504473,0.0,0.0
2022-08-06 05:00:00+00:00,404.96702642713234,405.581868290295,396.84158189370584,397.3523864746094,95636300.0,0.0,0.04901208154504473,0.0,0.0
2022-08-07 05:00:00+00:00,404.96702642713234,405.581868290295,396.84158189370584,397.3523864746094,95636300.0,0.0,0.04901208154504473,0.0,0.0
2022-08-08 05:00:00+00:00,404.96702642713234,405.581868290295,396.84158189370584,397.3523864746094,95636300.0,0.0,0.05641184047949433,0.0,0.0
2022-08-09 05:00:00+00:00,404.96702642713234,405.581868290295,396.84158189370584,397.3523864746094,95636300.0,0.0,0.04574478678344674,0.0,0.0
2022-08-10 05:00:00+00:00,404.96702642713234,405.581868290295,396.84158189370584,397.3523864746094,95636300.0,0.0,0.03936577355349202,0.0,0.0
2022-08-11 05:00:00+00:00,404.96702642713234,405.581868290295,396.84158189370584,397.3523864746094,95636300.0,0.0,0.04889746515804882,0.0,0.0
2022-08-12 05:00:00+00:00,404.96702642713234,405.581868290295,396.84158189370584,397.3523864746094,95636300.0,0.0,0.04380384316760769,0.0,0.0
2022-08-13 05:00:00+00:00,404.96702642713234,405.581868290295,396.84158189370584,397.3523864746094,95636300.0,0.0,0.04380384316760769,0.0,0.0
2022-08-14 05:00:00+00:00,404.96702642713234,405.581868290295,396.84158189370584,397.3523864746094,95636300.0,0.0,0.04380384316760769,0.0,0.0
2022-08-15 05:00:00+00:00,404.96702642713234,405.581868290295,396.84158189370584,397.3523864746094,95636300.0,0.0,0.05122208477842724,0.0,0.0
2022-08-16 05:00:00+00:00,404.96702642713234,405.581868290295,396.84158189370584,397.3523864746094,95636300.0,0.0,0.064928759282122,0.0,0.0
2022-08-17 05:00:00+00:00,404.96702642713234,405.581868290295,396.84158189370584,397.3523864746094,95636300.0,0.0,0.06659156690417799,0.0,0.0
2022-08-18 05:00:00+00:00,404.96702642713234,405.581868290295,396.84158189370584,397.3523864746094,95636300.0,0.0,0.06252785079474116,0.0,0.0
2022-08-19 05:00:00+00:00,404.96702642713234,405.581868290295,396.84158189370584,397.3523864746094,95636300.0,0.0,0.06864689205563465,0.0,0.0
2022-08-20 05:00:00+00:00,404.96702642713234,405.581868290295,396.84158189370584,397.3523864746094,95636300.0,0.0,0.06864689205563465,0.0,0.0
2022-08-21 05:00:00+00:00,404.96702642713234,405.581868290295,396.84158189370584,397.3523864746094,95636300.0,0.0,0.06864689205563465,0.0,0.0
2022-08-22 05:00:00+00:00,404.96702642713234,405.581868290295,396.84158189370584,397.3523864746094,95636300.0,0.0,0.06333559316982383,0.0,0.0
2022-08-23 05:00:00+00:00,404.96702642713234,405.581868290295,396.84158189370584,397.3523864746094,95636300.0,0.0,0.05915033074568908,0.0,0.0
2022-08-24 05:00:00+00:00,404.96702642713234,405.581868290295,396.84158189370584,397.3523864746094,95636300.0,0.0,0.0697254126684672,0.0,0.0
2022-08-25 05:00:00+00:00,404.96702642713234,405.581868290295,396.84158189370584,397.3523864746094,95636300.0,0.0,0.06434726710198882,0.0,0.0
2022-08-26 05:00:00+00:00,404.96702642713234,405.581868290295,396.84158189370584,397.3523864746094,95636300.0,0.0,0.05786067025658647,0.0,0.0
2022-08-27 05:00:00+00:00,404.96702642713234,405.581868290295,396.84158189370584,397.3523864746094,95636300.0,0.0,0.05786067025658647,0.0,0.0
2022-08-28 05:00:00+00:00,404.96702642713234,405.581868290295,396.84158189370584,397.3523864746094,95636300.0,0.0,0.05786067025658647,0.0,0.0
2022-08-29 05:00:00+00:00,404.96702642713234,405.581868290295,396.84158189370584,397.3523864746094,95636300.0,0.0,0.0513122685563823,0.0,0.0
2022-08-30 05:00:00+00:00,404.96702642713234,405.581868290295,396.84158189370584,397.3523864746094,95636300.0,0.0,0.06370881077558521,0.0,0.0
2022-08-31 05:00:00+00:00,404.96702642713234,405.581868290295,396.84158189370584,397.3523864746094,95636300.0,0.0,0.07062424304402772,0.0,0.0
2022-09-01 05:00:00+00:00,404.96702642713234,405.581868290295,396.84158189370584,397.3523864746094,95636300.0,0.0,0.0748839329985119,0.0,0.0
2022-09-02 05:00:00+00:00,404.96702642713234,405.581868290295,396.84158189370584,397.3523864746094,95636300.0,0.0,0.0748839329985119,0.0,0.0
2022-09-03 05:00:00+00:00,404.96702642713234,405.581868290295,396.84158189370584,397.3523864746094,95636300.0,0.0,0.0748839329985119,0.0,0.0
2022-09-04 05:00:00+00:00,404.96702642713234,405.581868290295,396.84158189370584,397.3523864746094,95636300.0,0.0,0.0748839329985119,0.0,0.0
2022-09-05 05:00:00+00:00,404.96702642713234,405.581868290295,396.84158189370584,397.3523864746094,95636300.0,0.0,0.08514174080672705,0.0,0.0
2022-09-06 05:00:00+00:00,404.96702642713234,405.581868290295,396.84158189370584,397.3523864746094,95636300.0,0.0,0.08459561108639492,0.0,0.0
2022-09-07 05:00:00+00:00,404.96702642713234,405.581868290295,396.84158189370584,397.3523864746094,95636300.0,0.0,0.08546252552211273,0.0,0.0
2022-09-08 05:00:00+00:00,404.96702642713234,405.581868290295,396.84158189370584,397.3523864746094,95636300.0,0.0,0.08363858993397691,0.0,0.0
2022-09-09 05:00:00+00:00,404.96702642713234,405.581868290295,396.84158189370584,397.3523864746094,95636300.0,0.0,0.08197256969661058,0.0,0.0
2022-09-10 05:00:00+00:00,404.96702642713234,405.581868290295,396.84158189370584,397.3523864746094,95636300.0,0.0,0.08197256969661058,0.0,0.0
2022-09-11 05:00:00+00:00,404.96702642713234,405.581868290295,396.84158189370584,397.3523864746094,95636300.0,0.0,0.08197256969661058,0.0,0.0
2022-09-12 05:00:00+00:00,404.96702642713234,405.581868290295,396.84158189370584,397.3523864746094,95636300.0,0.0,0.08601573348291314,0.0,0.0
2022-09-13 05:00:00+00:00,404.96702642713234,405.581868290295,396.84158189370584,397.3523864746094,95636300.0,0.0,0.08579063510141138,0.0,0.0
2022-09-14 05:00:00+00:00,404.96702642713234,405.581868290295,396.84158189370584,397.3523864746094,95636300.0,0.0,0.07434124658078226,0.0,0.0
2022-09-15 05:00:00+00:00,404.96702642713234,405.581868290295,396.84158189370584,397.3523864746094,95636300.0,0.0,0.07369978831394612,0.0,0.0
2022-09-16 05:00:00+00:00,404.96702642713234,405.581868290295,396.84158189370584,397.3523864746094,95636300.0,0.0,0.07104636545108137,0.0,0.0
2022-09-17 05:00:00+00:00,404.96702642713234,405.581868290295,396.84158189370584,397.3523864746094,95636300.0,0.0,0.07104636545108137,0.0,0.0
2022-09-18 05:00:00+00:00,404.96702642713234,405.581868290295,396.84158189370584,397.3523864746094,95636300.0,0.0,0.07104636545108137,0.0,0.0
2022-09-19 05:00:00+00:00,404.96702642713234,405.581868290295,396.84158189370584,397.3523864746094,95636300.0,0.0,0.07019761735295728,0.0,0.0
2022-09-20 05:00:00+00:00,404.96702642713234,405.581868290295,396.84158189370584,397.3523864746094,95636300.0,0.0,0.07680357991807238,0.0,0.0
2022-09-21 05:00:00+00:00,404.96702642713234,405.581868290295,396.84158189370584,397.3523864746094,95636300.0,0.0,0.07870423043486731,0.0,0.0
2022-09-22 05:00:00+00:00,404.96702642713234,405.581868290295,396.84158189370584,397.3523864746094,95636300.0,0.0,0.06992507130107288,0.0,0.0
2022-09-23 05:00:00+00:00,404.96702642713234,405.581868290295,396.84158189370584,397.3523864746094,95636300.0,0.0,0.07021140951175113,0.0,0.0
2022-09-24 05:00:00+00:00,404.96702642713234,405.581868290295,396.84158189370584,397.3523864746094,95636300.0,0.0,0.07021140951175113,0.0,0.0
2022-09-25 05:00:00+00:00,404.96702642713234,405.581868290295,396.84158189370584,397.3523864746094,95636300.0,0.0,0.07021140951175113,0.0,0.0
2022-09-26 05:00:00+00:00,404.96702642713234,405.581868290295,396.84158189370584,397.3523864746094,95636300.0,0.0,0.07021140951175113,0.0,0.0
2022-09-27 05:00:00+00:00,404.96702642713234,405.581868290295,396.84158189370584,397.3523864746094,95636300.0,0.0,0.05890470063898055,0.0,0.0
2022-09-28 05:00:00+00:00,404.96702642713234,405.581868290295,396.84158189370584,397.3523864746094,95636300.0,0.0,0.05184844235153638,0.0,0.0
2022-09-29 05:00:00+00:00,404.96702642713234,405.581868290295,396.84158189370584,397.3523864746094,95636300.0,0.0,0.04424866539393033,0.0,0.0
2022-09-30 05:00:00+00:00,404.96702642713234,405.581868290295,396.84158189370584,397.3523864746094,95636300.0,0.0,0.030786288861182006,0.0,0.0
2022-10-01 05:00:00+00:00,404.96702642713234,405.581868290295,396.84158189370584,397.3523864746094,95636300.0,0.0,0.030786288861182006,0.0,0.0
2022-10-02 05:00:00+00:00,404.96702642713234,405.581868290295,396.84158189370584,397.3523864746094,95636300.0,0.0,0.030786288861182006,0.0,0.0
2022-10-03 05:00:00+00:00,404.96702642713234,405.581868290295,396.84158189370584,397.3523864746094,95636300.0,0.0,0.0339564087812126,0.0,0.0
2022-10-04 05:00:00+00:00,404.96702642713234,405.581868290295,396.84158189370584,397.3523864746094,95636300.0,0.0,0.02514259135196117,0.0,0.0
2022-10-05 05:00:00+00:00,404.96702642713234,405.581868290295,396.84158189370584,397.3523864746094,95636300.0,0.0,0.023278158391965714,0.0,0.0
2022-10-06 05:00:00+00:00,404.96702642713234,405.581868290295,396.84158189370584,397.3523864746094,95636300.0,0.0,0.019616282131481227,0.0,0.0
2022-10-07 05:00:00+00:00,404.96702642713234,405.581868290295,396.84158189370584,397.3523864746094,95636300.0,0.0,0.03970185372484517,0.0,0.0
2022-10-08 05:00:00+00:00,404.96702642713234,405.581868290295,396.84158189370584,397.3523864746094,95636300.0,0.0,0.03970185372484517,0.0,0.0
2022-10-09 05:00:00+00:00,404.96702642713234,405.581868290295,396.84158189370584,397.3523864746094,95636300.0,0.0,0.03970185372484517,0.0,0.0
2022-10-10 05:00:00+00:00,404.96702642713234,405.581868290295,396.84158189370584,397.3523864746094,95636300.0,0.0,0.055071038298713265,0.0,0.0
2022-10-11 05:00:00+00:00,404.96702642713234,405.581868290295,396.84158189370584,397.3523864746094,95636300.0,0.0,0.060719074200618096,0.0,0.0
2022-10-12 05:00:00+00:00,404.96702642713234,405.581868290295,396.84158189370584,397.3523864746094,95636300.0,0.0,0.06907547295438247,0.0,0.0
2022-10-13 05:00:00+00:00,404.96702642713234,405.581868290295,396.84158189370584,397.3523864746094,95636300.0,0.0,0.05221662662724769,0.0,0.0
2022-10-14 05:00:00+00:00,404.96702642713234,405.581868290295,396.84158189370584,397.3523864746094,95636300.0,0.0,0.056342606785824166,0.0,0.0
2022-10-15 05:00:00+00:00,404.96702642713234,405.581868290295,396.84158189370584,397.3523864746094,95636300.0,0.0,0.056342606785824166,0.0,0.0
2022-10-16 05:00:00+00:00,404.96702642713234,405.581868290295,396.84158189370584,397.3523864746094,95636300.0,0.0,0.056342606785824166,0.0,0.0
2022-10-17 05:00:00+00:00,404.96702642713234,405.581868290295,396.84158189370584,397.3523864746094,95636300.0,0.0,0.053639114605623685,0.0,0.0
2022-10-18 05:00:00+00:00,404.96702642713234,405.581868290295,396.84158189370584,397.3523864746094,95636300.0,0.0,0.06105212948597498,0.0,0.0
2022-10-19 05:00:00+00:00,404.96702642713234,405.581868290295,396.84158189370584,397.3523864746094,95636300.0,0.0,0.07512889658576978,0.0,0.0
2022-10-20 05:00:00+00:00,404.96702642713234,405.581868290295,396.84158189370584,397.3523864746094,95636300.0,0.0,0.06111758084358585,0.0,0.0
2022-10-21 05:00:00+00:00,404.96702642713234,405.581868290295,396.84158189370584,397.3523864746094,95636300.0,0.0,0.04488768939264292,0.0,0.0
2022-10-22 05:00:00+00:00,404.96702642713234,405.581868290295,396.84158189370584,397.3523864746094,95636300.0,0.0,0.04488768939264292,0.0,0.0
2022-10-23 05:00:00+00:00,404.96702642713234,405.581868290295,396.84158189370584,397.3523864746094,95636300.0,0.0,0.04488768939264292,0.0,0.0
2022-10-24 05:00:00+00:00,404.96702642713234,405.581868290295,396.84158189370584,397.3523864746094,95636300.0,0.0,0.04183175454356263,0.0,0.0
2022-10-25 05:00:00+00:00,404.96702642713234,405.581868290295,396.84158189370584,397.3523864746094,95636300.0,0.0,0.0587806112713371,0.0,0.0
2022-10-26 05:00:00+00:00,404.96702642713234,405.581868290295,396.84158189370584,397.3523864746094,95636300.0,0.0,0.059888966349325584,0.0,0.0
2022-10-27 05:00:00+00:00,404.96702642713234,405.581868290295,396.84158189370584,397.3523864746094,95636300.0,0.0,0.04111602324248682,0.0,0.0
2022-10-28 05:00:00+00:00,404.96702642713234,405.581868290295,396.84158189370584,397.3523864746094,95636300.0,0.0,0.03456972276865932,0.0,0.0
2022-10-29 05:00:00+00:00,404.96702642713234,405.581868290295,396.84158189370584,397.3523864746094,95636300.0,0.0,0.03456972276865932,0.0,0.0
2022-10-30 05:00:00+00:00,404.96702642713234,405.581868290295,396.84158189370584,397.3523864746094,95636300.0,0.0,0.03456972276865932,0.0,0.0
2022-10-31 05:00:00+00:00,404.96702642713234,405.581868290295,396.84158189370584,397.3523864746094,95636300.0,0.0,0.03456972276865932,0.0,0.0
2022-11-01 05:00:00+00:00,404.96702642713234,405.581868290295,396.84158189370584,397.3523864746094,95636300.0,0.0,0.023693606953731815,0.0,0.0
2022-11-02 05:00:00+00:00,404.96702642713234,405.581868290295,396.84158189370584,397.3523864746094,95636300.0,0.0,0.004960763564837781,0.0,0.09293868117511583
2022-11-03 05:00:00+00:00,404.96702642713234,405.581868290295,396.84158189370584,397.3523864746094,95636300.0,0.0,0.022352178559454705,0.0,0.08707363972015236
2022-11-04 05:00:00+00:00,404.96702642713234,405.581868290295,396.84158189370584,397.3523864746094,95636300.0,0.0,0.05187209527011686,0.0,0.1099403712922582
2022-11-05 05:00:00+00:00,404.96702642713234,405.581868290295,396.84158189370584,397.3523864746094,95636300.0,0.0,0.05187209527011686,0.0,0.05212206689539434
2022-11-06 05:00:00+00:00,404.96702642713234,405.581868290295,396.84158189370584,397.3523864746094,95636300.0,0.0,0.05187209527011686,0.09293868117511583,0.042036749192849054
2022-11-07 05:00:00+00:00,361.4198817033071,364.15654904195054,359.3339090978177,363.56329345703125,68286900.0,-0.08887010622552291,-13.773941148673334,-0.005366304218144657,-0.04657345636951704
2022-11-08 05:00:00+00:00,364.6731813774781,368.51024436399695,361.42940308424005,365.5248107910156,84641100.0,0.005380754548389038,0.9131203216473736,0.02103512654211026,-0.041429475319535114
2022-11-09 05:00:00+00:00,363.54419750437904,364.7020330938093,357.49676235791094,357.9943542480469,78495500.0,-0.020816942647637702,-3.1739957340233422,-0.05209136084450039,-0.05312298256809689
2022-11-10 05:00:00+00:00,371.31393196232233,378.0024828489434,369.0078976049732,377.6675720214844,141455800.0,0.05349715357005416,7.454261307384211,-0.009585691641564975,-0.009535990826086804
2022-11-11 05:00:00+00:00,378.5287377221533,382.1265833794771,376.6341219172314,381.32281494140625,93839900.0,0.009631930106046826,1.3697390800225584,0.0,0.007737973638870299
2022-11-12 05:00:00+00:00,378.5287377221533,382.1265833794771,376.6341219172314,381.32281494140625,93839900.0,0.0,0.03816825149605168,0.0,0.0108308979102687
2022-11-13 05:00:00+00:00,378.5287377221533,382.1265833794771,376.6341219172314,381.32281494140625,93839900.0,0.0,0.03816825149605168,0.008579619778811498,0.006262248413016369
2022-11-14 05:00:00+00:00,379.55263072845537,382.9208077010258,377.8015396320112,378.07904052734375,71903500.0,-0.008543024010579962,-1.1920516211695011,-0.008456881111210124,-0.0022976583309342047
2022-11-15 05:00:00+00:00,383.8489618853264,384.9589362297327,377.4761947639268,381.3036804199219,93194500.0,0.008492843426493849,1.2293988195813133,0.007687406027514054,0.006211754852555984
2022-11-16 05:00:00+00:00,379.6674320185533,380.62430341627146,377.76326728154146,378.3948059082031,68508500.0,-0.007658008486233555,-1.0838460174039766,0.003069175075570474,0.002179469646490295
2022-11-17 05:00:00+00:00,373.6200265181567,377.9163992813692,373.3138498403958,377.23699951171875,74496300.0,-0.0030644747726608686,-0.4116534153722598,-0.004519697119169219,-0.014153305504440716
2022-11-18 05:00:00+00:00,380.5859792858429,380.6529672847848,376.08870172305114,378.9497375488281,92922500.0,0.004529941830509827,0.6958394141802918,0.0,-0.01587901773235445
2022-11-19 05:00:00+00:00,380.5859792858429,380.6529672847848,376.08870172305114,378.9497375488281,92922500.0,0.0,0.02775241538702474,0.0,-0.01587901773235445
2022-11-20 05:00:00+00:00,380.5859792858429,380.6529672847848,376.08870172305114,378.9497375488281,92922500.0,0.0,0.02775241538702474,0.0036492073083400633,-0.015658789247052662
2022-11-21 05:00:00+00:00,377.6197605070804,378.7488618021571,375.72514453630845,377.5718994140625,51243200.0,-0.003642565105629027,-0.507070099386868,-0.013278099832304102,-0.019237793857451835
2022-11-22 05:00:00+00:00,379.52384308381914,382.8154824724376,378.1076631417507,382.6528015136719,60429000.0,0.013367041999265082,1.9768135613119084,-0.00626227285728409,-0.0060398923183268005
2022-11-23 05:00:00+00:00,382.31793318486797,385.55216299448375,382.088293407133,385.0641784667969,68261600.0,0.006281963134923545,0.9353314714445631,0.0,0.016443090452585185
2022-11-24 05:00:00+00:00,382.31793318486797,385.55216299448375,382.088293407133,385.0641784667969,68261600.0,0.0,0.018199199116663536,0.00022378192241601091,0.01819187864635441
2022-11-25 05:00:00+00:00,384.49959168124366,385.5330290650388,384.22212002199467,384.97802734375,30545400.0,-0.0002237568869764419,-0.014338454566378908,0.0,-0.013123272520203288
2022-11-26 05:00:00+00:00,384.49959168124366,385.5330290650388,384.22212002199467,384.97802734375,30545400.0,0.0,0.018328835793550442,0.0,-0.012396324771777878
2022-11-27 05:00:00+00:00,384.49959168124366,385.5330290650388,384.22212002199467,384.97802734375,30545400.0,0.0,0.018328835793550442,0.01621567975418059,-0.011255576156095959
2022-11-28 05:00:00+00:00,381.87780499288607,383.5236249752819,378.0694462937125,378.8349609375,67881600.0,-0.016085609850013727,-2.2961634510540736,0.001720497891318784,-0.027032899076032457
2022-11-29 05:00:00+00:00,378.9689080128027,380.16499726824185,376.3375116508364,378.1842956542969,52310000.0,-0.0017190195302569785,-0.21994607871486094,-0.030538748783415337,-0.028704011775618987
2022-11-30 05:00:00+00:00,378.43311520781475,390.0973815917969,376.50982327344576,390.0973815917969,144566700.0,0.031014772899521165,4.319345299534901,0.0007366145417997405,0.020245910124543354
2022-12-01 05:00:00+00:00,391.1402776448078,392.31723987694085,387.29366546388246,389.81024169921875,76398200.0,-0.0007363433744638319,-0.09174012150581339,0.0011550672038744825,0.03440570857302272
2022-12-02 05:00:00+00:00,384.9014803886444,390.26951436446797,384.7962385623238,389.3605041503906,85342700.0,-0.0011544006269963386,-0.14918086278835585,0.0,0.03497296031827535
2022-12-03 05:00:00+00:00,384.9014803886444,390.26951436446797,384.7962385623238,389.3605041503906,85342700.0,0.0,0.011201529923346411,0.0,0.026928101313504982
2022-12-04 05:00:00+00:00,384.9014803886444,390.26951436446797,384.7962385623238,389.3605041503906,85342700.0,0.0,0.011201529923346411,0.018318708786277504,0.03465721097703378
2022-12-05 05:00:00+00:00,386.52820609599246,387.46592136062503,380.99749068100294,382.3562316894531,77289800.0,-0.01815294259498699,-2.4700984836226,0.014625647196873759,0.016044586090566915
2022-12-06 05:00:00+00:00,382.1935716115177,382.7389660938728,374.74911359581864,376.8446350097656,77972200.0,-0.014519723967052789,-1.948653553351543,0.001704084822815588,0.0013984851433761492
2022-12-07 05:00:00+00:00,375.9930393761272,378.576603761954,375.0648729769194,376.20355224609375,65927900.0,-0.0017026345176688474,-0.20229185707164238,-0.0077730137049148995,-0.01451309147299118
2022-12-08 05:00:00+00:00,378.0981606729528,380.22238704457504,376.30878671257267,379.15069580078125,60737900.0,0.0078033810421194874,1.0853484211540256,0.007526437005319853,-0.014255047495667084
2022-12-09 05:00:00+00:00,377.9067693033474,380.4711774858571,376.1939614285939,376.318359375,81447700.0,-0.007498254698224251,-0.9873715417297537,0.0,-0.015322974176263715
2022-12-10 05:00:00+00:00,377.9067693033474,380.4711774858571,376.1939614285939,376.318359375,81447700.0,0.0,0.029262207127071106,0.0,0.009367872237758812
2022-12-11 05:00:00+00:00,377.9067693033474,380.4711774858571,376.1939614285939,376.318359375,81447700.0,0.0,0.029262207127071106,-0.01421234757552614,0.021427090497502466
2022-12-12 05:00:00+00:00,377.11255243392947,381.74383544921875,376.4427600120724,381.74383544921875,75405800.0,0.014314310226031343,1.94739677368107,-0.007513204877688029,0.03615326078124026
2022-12-13 05:00:00+00:00,392.5278574617476,392.7862022737009,381.8587452734712,384.6336669921875,123782500.0,0.007541571171957288,1.029902621301719,0.006434912914072166,0.043997024316627886
2022-12-14 05:00:00+00:00,384.28908544733156,388.01132898247715,379.2176790178847,382.1744079589844,108111300.0,-0.006414297254684945,-0.8392811261685075,0.025075071080659317,0.04619314775618566
2022-12-15 05:00:00+00:00,377.29434783488267,378.2033872647171,371.16082840278256,372.8257751464844,117705900.0,-0.024765849987139942,-3.2178272929826157,0.011947297503147825,0.01920680643909356
2022-12-16 05:00:00+00:00,370.260122836159,371.6058882495731,366.28050016109967,368.4241027832031,119858000.0,-0.011876491943130875,-1.5126860759241167,0.0,-0.007664132149234226
2022-12-17 05:00:00+00:00,370.260122836159,371.6058882495731,366.28050016109967,368.4241027832031,119858000.0,0.0,0.03919466664948527,0.0,0.006697770217307886
2022-12-18 05:00:00+00:00,370.260122836159,371.6058882495731,366.28050016109967,368.4241027832031,119858000.0,0.0,0.03919466664948527,0.008552021728713166,0.0009399574701787206
2022-12-19 05:00:00+00:00,368.6164260296432,368.95287477023777,363.62745650152823,365.300048828125,79878100.0,-0.008515660352668765,-1.0666840480541566,-0.0013665337063297756,-0.007547517722969799
2022-12-20 05:00:00+00:00,364.5406714883894,367.4244675561658,363.2141206035338,365.7999267578125,74427200.0,0.001367468265016079,0.2210609981865792,-0.014732247329205306,-0.006189442097890185
2022-12-21 05:00:00+00:00,368.4049801931655,372.403847947224,367.8666738931474,371.2695617675781,78167400.0,0.014841844626527859,1.9547810132206045,0.014472824002268236,0.008670541797554776
2022-12-22 05:00:00+00:00,368.21263547412264,371.2502371282494,360.25336052462114,365.972900390625,100120900.0,-0.014369092347085844,-1.8046781919991868,-0.005719504818100796,-0.0017830594123120491
2022-12-23 05:00:00+00:00,364.94439051791056,368.2223089378742,363.3871453178878,368.078125,59857300.0,0.005735923821426231,0.7752439642658658,0.0,0.016593201277410152
2022-12-24 05:00:00+00:00,364.94439051791056,368.2223089378742,363.3871453178878,368.078125,59857300.0,0.0,0.038980839813028675,0.0,-0.0013821964421233401
2022-12-25 05:00:00+00:00,364.94439051791056,368.2223089378742,363.3871453178878,368.078125,59857300.0,0.0,0.038980839813028675,0.0,0.0012551817755575012
2022-12-26 05:00:00+00:00,364.94439051791056,368.2223089378742,363.3871453178878,368.078125,59857300.0,0.0,0.038980839813028675,0.0039590894368983776,0.0012551817755575012
2022-12-27 05:00:00+00:00,367.9627904177246,368.30883188044186,364.9444029828394,366.6266174316406,51638200.0,-0.003951272866522133,-0.4659907762809504,0.012584289512830749,-0.0026932448640485385
2022-12-28 05:00:00+00:00,366.5593138365044,368.53954750465414,361.8395266438076,362.0702209472656,70911500.0,-0.012505765435120957,-1.549712149775184,-0.01768199678784632,-0.015087666809673217
2022-12-29 05:00:00+00:00,364.92516683940227,369.46234043156596,364.3964532994833,368.58758544921875,66970900.0,0.017840190858395808,2.2915979513399454,0.0026410286380680326,0.006879915393888769
2022-12-30 05:00:00+00:00,365.89605537101687,367.7608831535474,363.77163783487043,367.61669921875,84022200.0,-0.0026375472502172988,-0.2941805982407508,0.0,-0.0034659280805032777
2022-12-31 05:00:00+00:00,365.89605537101687,367.7608831535474,363.77163783487043,367.61669921875,84022200.0,0.0,0.038989554715451215,0.0,0.008039334580419055
2023-01-01 05:00:00+00:00,365.89605537101687,367.7608831535474,363.77163783487043,367.61669921875,84022200.0,0.0,0.038989554715451215,0.0,-0.014558862411354956
2023-01-02 05:00:00+00:00,365.89605537101687,367.7608831535474,363.77163783487043,367.61669921875,84022200.0,0.0,0.038989554715451215,0.004227721222997083,-0.014558862411354956
2023-01-03 05:00:00+00:00,369.4815413852033,371.4617455709304,363.19485806302197,366.0690612792969,74850700.0,-0.004218809518267039,-0.49157178651842937,-0.007661259633552686,-0.018707493566770816
2023-01-04 05:00:00+00:00,368.33771324492255,370.9331418713664,365.2808959456855,368.895263671875,85934100.0,0.007690757842011733,1.0062068890421307,0.011545277763319373,-0.010570429971106021
2023-01-05 05:00:00+00:00,366.9342330246392,367.04958018001776,364.08889562849737,364.68487548828125,76970500.0,-0.011479139612776901,-1.398006133173225,-0.02241797141892299,-0.028675228580469447
2023-01-06 05:00:00+00:00,367.7897288196835,374.1725449520528,364.71369723961243,373.0478515625,104189600.0,0.022673073936441978,2.8306372853230877,0.0,-0.018810707617513467
2023-01-07 05:00:00+00:00,367.7897288196835,374.1725449520528,364.71369723961243,373.0478515625,104189600.0,0.0,0.030927661961005992,0.0,-0.022369868724867015
2023-01-08 05:00:00+00:00,367.7897288196835,374.1725449520528,364.71369723961243,373.0478515625,104189600.0,0.0,0.030927661961005992,0.0005674014291443541,-0.02614806318772034
2023-01-09 05:00:00+00:00,375.24908873294936,378.4501182538117,372.65369031289714,372.8363037109375,73978100.0,-0.0005672405178181683,-0.038838164683876346,-0.006964198901727836,-0.026700314820077287
2023-01-10 05:00:00+00:00,372.2500184786919,375.51831490424064,371.3079678453285,375.4510192871094,65358100.0,0.006988562114294939,0.8893313385247167,-0.012489903384732992,-0.019874526070985388
2023-01-11 05:00:00+00:00,377.0371345019458,380.2765941727516,376.22005305330094,380.1996765136719,68881100.0,0.012568557838605658,1.563422674725515,-0.0036273949736155275,-0.007478022464340817
2023-01-12 05:00:00+00:00,381.30508599612347,383.05456639362137,377.2197088296472,381.5838317871094,90157700.0,0.003633989923919406,0.4653385489617071,-0.0038646460885216616,-0.0020364340925644875
2023-01-13 05:00:00+00:00,378.37325993055947,383.64100457532766,378.1041068077167,383.0642395019531,63903900.0,0.003872133129283416,0.4924190259612987,0.0,0.01790601618204901
2023-01-14 05:00:00+00:00,378.37325993055947,383.64100457532766,378.1041068077167,383.0642395019531,63903900.0,0.0,0.017811943807375767,0.0,0.025370556029483238
2023-01-15 05:00:00+00:00,378.37325993055947,383.64100457532766,378.1041068077167,383.0642395019531,63903900.0,0.0,0.017811943807375767,0.0,0.006618190846596317
2023-01-16 05:00:00+00:00,378.37325993055947,383.64100457532766,378.1041068077167,383.0642395019531,63903900.0,0.0,0.017811943807375767,0.0018353047994716931,0.006618190846596317
2023-01-17 05:00:00+00:00,383.0450072774721,384.7272215523522,381.6799976439543,382.36248779296875,62677300.0,-0.0018336226854317821,-0.20602584367672477,0.016041270761359527,0.004774124074297781
2023-01-18 05:00:00+00:00,383.55447849264397,384.6214688994839,376.12388712892096,376.32574462890625,99632300.0,-0.015913969159396368,-1.9098818366761217,0.007333230896337639,-0.022814107329376387
2023-01-19 05:00:00+00:00,374.27823396002685,375.93161140895137,372.25960034785896,373.5861511230469,86958900.0,-0.007306473491173102,-0.8578822644155149,-0.018288378842768127,-0.028885599220739522
2023-01-20 05:00:00+00:00,374.98960301780386,380.69952130177495,373.3362255124201,380.54571533203125,91806400.0,0.018457678564961073,2.24030505239928,0.0,-0.011165200866800062
2023-01-21 05:00:00+00:00,374.98960301780386,380.69952130177495,373.3362255124201,380.54571533203125,91806400.0,0.0,0.020623841415784983,0.0,-0.021914851044193884
2023-01-22 05:00:00+00:00,374.98960301780386,380.69952130177495,373.3362255124201,380.54571533203125,91806400.0,0.0,0.020623841415784983,-0.011856324351644076,-0.02415699605819499
2023-01-23 05:00:00+00:00,381.35317398077467,387.0534702139708,380.39190867323447,385.1117248535156,84178800.0,0.011927171110117292,1.4432196729853628,0.0010744263135444854,-0.012448262342497962
2023-01-24 05:00:00+00:00,383.4295175059516,385.61157923279035,382.23755789038205,384.6983947753906,59524900.0,-0.0010738495306963634,-0.113217013104605,-0.00037460783737641723,-0.013508175117248555
2023-01-25 05:00:00+00:00,380.6129984594492,385.1790085287634,378.31556036459153,384.8425598144531,84800300.0,0.0003746780204202773,0.06006998455852884,-0.010871027381739506,-0.0005991402337645058
2023-01-26 05:00:00+00:00,387.51492880424684,389.2356020993196,384.5350001709371,389.0721740722656,72287400.0,0.010930548765371167,1.3143992689586437,-0.002292382229088008,-0.004256065281588506
2023-01-27 05:00:00+00:00,388.02438001546454,392.35007414970727,387.8129004621486,389.96612548828125,68346200.0,0.002295013759648539,0.282722291491578,0.0,-0.012463519201859952
2023-01-28 05:00:00+00:00,388.02438001546454,392.35007414970727,387.8129004621486,389.96612548828125,68346200.0,0.0,0.008884331197313378,0.0,-0.02663275250558994
2023-01-29 05:00:00+00:00,388.02438001546454,392.35007414970727,387.8129004621486,389.96612548828125,68346200.0,0.0,0.008884331197313378,0.01270629028296777,-0.01617568391996982
2023-01-30 05:00:00+00:00,387.1976608576454,389.43742549092923,384.7752828014121,385.0732727050781,74202000.0,-0.012626242735022091,-1.4850896134220224,-0.01449036638885437,-0.028519595938193976
2023-01-31 05:00:00+00:00,385.5923927248843,390.78321999260135,385.24632192810753,390.73516845703125,86811800.0,0.014596377083365222,1.7313642765432105,-0.010516021875031867,-0.014235507265345615
2023-02-01 05:00:00+00:00,389.51434727901096,397.64667374216685,386.76514229657437,394.8878173828125,101459200.0,0.010571705960482286,1.2472910597707554,-0.014348060632938031,0.0023667743398063656
2023-02-02 05:00:00+00:00,398.7905270630348,402.106904238457,396.88724045408844,400.63616943359375,101654500.0,0.014451989369933327,1.6875896980421188,0.010743189287022004,0.0038294951721842274
2023-02-03 05:00:00+00:00,395.64723649991566,400.8188492290389,395.16660378286696,396.3778076171875,94736800.0,-0.010685891239535351,-1.2456168538538532,0.0,0.004139866233824119
2023-02-04 05:00:00+00:00,395.64723649991566,400.8188492290389,395.16660378286696,396.3778076171875,94736800.0,0.0,0.0011369561405586294,0.0,0.01292110169500127
2023-02-05 05:00:00+00:00,395.64723649991566,400.8188492290389,395.16660378286696,396.3778076171875,94736800.0,0.0,0.0011369561405586294,0.006148903438968789,0.010562721684109988
2023-02-06 05:00:00+00:00,393.91698432119745,395.3588825231079,392.2924433335388,393.9554138183594,60295300.0,-0.00613007607124435,-0.7105201122806706,-0.012909731208925135,0.0043868439651970625
2023-02-07 05:00:00+00:00,393.0325836517656,400.3574213852453,391.78295035245776,399.1077880859375,90990700.0,0.012993785988942663,1.5055801006680833,0.011055697973221257,0.017522789678907635
2023-02-08 05:00:00+00:00,397.12757052570265,398.47333618854617,394.05150958021073,394.7436218261719,76227500.0,-0.010995030482471137,-1.2685677156311397,0.00874503219766809,-0.0052806040407498145
2023-02-09 05:00:00+00:00,398.3579719958979,398.51177797014213,390.091084227083,391.3215026855469,78694900.0,-0.008707015878785442,-0.9979659360815518,-0.0023282958632659945,-0.013450055017671714
2023-02-10 05:00:00+00:00,390.13916034833926,392.6192415030363,389.3221082284389,392.2347412109375,70769700.0,0.0023310105586407696,0.2749429067466217,0.0,-0.014348477934945536
2023-02-11 05:00:00+00:00,390.13916034833926,392.6192415030363,389.3221082284389,392.2347412109375,70769700.0,0.0,0.005936413954800434,0.0,-0.0005878552830927974
2023-02-12 05:00:00+00:00,390.13916034833926,392.6192415030363,389.3221082284389,392.2347412109375,70769700.0,0.0,0.005936413954800434,-0.011602763721441978,0.0019153148638879625
2023-02-13 05:00:00+00:00,392.8883857479932,396.9737635969899,392.42696780662374,396.83917236328125,64913500.0,0.011670601028453005,1.3425527277011702,0.0004603912001883703,0.013676766879910707
2023-02-14 05:00:00+00:00,395.31076019339895,398.9731788953455,392.6865245158335,396.65655517578125,88389300.0,-0.0004602852526767615,-0.05212661141688872,-0.0032368470496210167,0.013210293776715565
2023-02-15 05:00:00+00:00,394.4552431906893,398.02152943385084,393.6093249869712,397.94464111328125,61555700.0,0.003242096970888048,0.3720131471838951,0.013960940904370167,0.016500550584814144
2023-02-16 05:00:00+00:00,392.9557088651088,396.9161177986782,392.33089219392804,392.4654541015625,76431500.0,-0.013864384608908919,-1.580173032982262,0.0025046425143149254,0.02302751138289727
2023-02-17 05:00:00+00:00,390.33139419613065,391.72524064683955,388.3992415120903,391.48492431640625,89257800.0,-0.0025015111248370323,-0.2793237301293719,0.0,0.021879858452325873
2023-02-18 05:00:00+00:00,390.33139419613065,391.72524064683955,388.3992415120903,391.48492431640625,89257800.0,0.0,0.006751147552499601,0.0,0.016472843800845682
2023-02-19 05:00:00+00:00,390.33139419613065,391.72524064683955,388.3992415120903,391.48492431640625,89257800.0,0.0,0.006751147552499601,0.0,0.027448381607038996
2023-02-20 05:00:00+00:00,390.33139419613065,391.72524064683955,388.3992415120903,391.48492431640625,89257800.0,0.0,0.006751147552499601,0.020471594841805718,0.027448381607038996
2023-02-21 05:00:00+00:00,387.4476027187317,388.5050004519839,383.37184709473024,383.6313781738281,82655900.0,-0.020264868330453174,-2.277557291557558,0.0013800125526655105,0.006836826032688315
2023-02-22 05:00:00+00:00,384.04471289617135,385.59236532715204,381.6415495785843,383.1026916503906,83742300.0,-0.0013790612104850062,-0.13965988901153742,-0.005291243003526236,0.00203663890643635
2023-02-23 05:00:00+00:00,386.0056968797559,386.6209207613312,380.901380412736,385.14056396484375,96242400.0,0.005305291206670953,0.6139217112098206,0.010797669483380457,0.011103864051753787
2023-02-24 05:00:00+00:00,380.1035606580243,381.86266335503956,378.39250949469886,381.0263671875,108194400.0,-0.010739790913276965,-1.1922108002556489,0.0,0.004154799831298739
2023-02-25 05:00:00+00:00,380.1035606580243,381.86266335503956,378.39250949469886,381.0263671875,108194400.0,0.0,0.018772618528050424,0.0,-0.0035946647045232982
2023-02-26 05:00:00+00:00,380.1035606580243,381.86266335503956,378.39250949469886,381.0263671875,108194400.0,0.0,0.018772618528050424,-0.003394158713677542,-0.019322581347003154
2023-02-27 05:00:00+00:00,384.3811280100192,385.7461375626413,381.3819851456519,382.32403564453125,80444700.0,0.0033999319375581775,0.40048819881498954,0.003709673633163879,-0.01598267035317269
2023-02-28 05:00:00+00:00,381.8434086975598,383.813990740724,380.8052257918585,380.9109802246094,96438600.0,-0.003702809763837726,-0.3983546299698699,0.0038507096616871017,-0.019619561815176656
2023-03-01 05:00:00+00:00,380.09388971599026,381.3243080421548,378.1425224642881,379.4498291015625,99706800.0,-0.003843314657168625,-0.4123288447345749,-0.007717400282430509,-0.02405634656711697
2023-03-02 05:00:00+00:00,377.46967446922514,383.2468886693395,377.1332257261761,382.4009704589844,85127800.0,0.007747333519959987,0.8884506008400229,-0.015784657192562945,-0.0011550413889831468
2023-03-03 05:00:00+00:00,384.22736466723944,388.7837823723887,383.5737112700418,388.5338439941406,90120000.0,0.015910561556306994,1.7879176611294811,0.0,0.013210880351846699
2023-03-04 05:00:00+00:00,384.22736466723944,388.7837823723887,383.5737112700418,388.5338439941406,90120000.0,0.0,0.009952280498907944,0.0,0.03225558245216664
2023-03-05 05:00:00+00:00,384.22736466723944,388.7837823723887,383.5737112700418,388.5338439941406,90120000.0,0.0,0.009952280498907944,-0.0006922915533287277,0.04736855527621664
2023-03-06 05:00:00+00:00,389.3605300454294,391.6675904235153,388.3608351727829,388.8030090332031,72795900.0,0.0006925312977812259,0.08703251846332685,0.015567311451848864,0.04809414199781492
2023-03-07 05:00:00+00:00,388.7549759968016,388.9952923529964,382.2279755486132,382.8431701660156,108310600.0,-0.015447383890699756,-1.6997780280207324,-0.0016291464008207912,0.032028237005251814
2023-03-08 05:00:00+00:00,382.9584261663965,384.2272738329057,381.228131344911,383.4678955078125,74746600.0,0.0016304749028974365,0.19680832757103012,0.018796385303034402,0.033712305687546795
2023-03-09 05:00:00+00:00,384.2562101022739,385.9288317963225,375.4029642473178,376.39306640625,111945300.0,-0.018621916122204905,-2.027927710344685,0.014640727626920036,0.014640727626920036
2023-03-10 05:00:00+00:00,375.8451291239822,377.9310878372953,369.43350567904514,370.9619140625,189253000.0,-0.014534586904943664,-1.5635633171821193,0.0,0.0
2023-03-11 05:00:00+00:00,375.8451291239822,377.9310878372953,369.43350567904514,370.9619140625,189253000.0,0.0,0.029898370532767334,0.0,0.0
2023-03-12 05:00:00+00:00,375.8451291239822,377.9310878372953,369.43350567904514,370.9619140625,189253000.0,0.0,0.029898370532767334,0.0,0.0
2023-03-13 05:00:00+00:00,375.8451291239822,377.9310878372953,369.43350567904514,370.9619140625,189253000.0,0.0,0.029898370532767334,0.0,0.0
2023-03-14 05:00:00+00:00,375.8451291239822,377.9310878372953,369.43350567904514,370.9619140625,189253000.0,0.0,0.029898370532767334,0.0,0.0
2023-03-15 05:00:00+00:00,375.8451291239822,377.9310878372953,369.43350567904514,370.9619140625,189253000.0,0.0,0.029898370532767334,0.0,0.0
2023-03-16 05:00:00+00:00,375.8451291239822,377.9310878372953,369.43350567904514,370.9619140625,189253000.0,0.0,0.029898370532767334,0.0,0.0
2023-03-17 05:00:00+00:00,375.8451291239822,377.9310878372953,369.43350567904514,370.9619140625,189253000.0,0.0,0.029898370532767334,0.0,0.0
2023-03-18 05:00:00+00:00,375.8451291239822,377.9310878372953,369.43350567904514,370.9619140625,189253000.0,0.0,0.029898370532767334,0.0,0.0
2023-03-19 05:00:00+00:00,375.8451291239822,377.9310878372953,369.43350567904514,370.9619140625,189253000.0,0.0,0.029898370532767334,0.0,0.0
2023-03-20 05:00:00+00:00,375.8451291239822,377.9310878372953,369.43350567904514,370.9619140625,189253000.0,0.0,0.029898370532767334,0.0,0.0
2023-03-21 05:00:00+00:00,375.8451291239822,377.9310878372953,369.43350567904514,370.9619140625,189253000.0,0.0,0.029898370532767334,0.0,0.0
2023-03-22 05:00:00+00:00,375.8451291239822,377.9310878372953,369.43350567904514,370.9619140625,189253000.0,0.0,0.029898370532767334,0.0,0.0
2023-03-23 05:00:00+00:00,375.8451291239822,377.9310878372953,369.43350567904514,370.9619140625,189253000.0,0.0,0.029898370532767334,0.0,0.0
2023-03-24 05:00:00+00:00,375.8451291239822,377.9310878372953,369.43350567904514,370.9619140625,189253000.0,0.0,0.029898370532767334,0.0,0.0
2023-03-25 05:00:00+00:00,375.8451291239822,377.9310878372953,369.43350567904514,370.9619140625,189253000.0,0.0,0.029898370532767334,0.0,0.0
2023-03-26 05:00:00+00:00,375.8451291239822,377.9310878372953,369.43350567904514,370.9619140625,189253000.0,0.0,0.029898370532767334,0.0,0.0
2023-03-27 05:00:00+00:00,375.8451291239822,377.9310878372953,369.43350567904514,370.9619140625,189253000.0,0.0,0.029898370532767334,0.0,0.0
2023-03-28 05:00:00+00:00,375.8451291239822,377.9310878372953,369.43350567904514,370.9619140625,189253000.0,0.0,0.029898370532767334,0.0,0.0
2023-03-29 05:00:00+00:00,375.8451291239822,377.9310878372953,369.43350567904514,370.9619140625,189253000.0,0.0,0.029898370532767334,0.0,0.0
2023-03-30 05:00:00+00:00,375.8451291239822,377.9310878372953,369.43350567904514,370.9619140625,189253000.0,0.0,0.029898370532767334,0.0,0.0
2023-03-31 05:00:00+00:00,375.8451291239822,377.9310878372953,369.43350567904514,370.9619140625,189253000.0,0.0,0.029898370532767334,0.0,0.0
2023-04-01 05:00:00+00:00,375.8451291239822,377.9310878372953,369.43350567904514,370.9619140625,189253000.0,0.0,0.029898370532767334,0.0,0.0
2023-04-02 05:00:00+00:00,375.8451291239822,377.9310878372953,369.43350567904514,370.9619140625,189253000.0,0.0,0.029898370532767334,0.0,0.0
2023-04-03 05:00:00+00:00,375.8451291239822,377.9310878372953,369.43350567904514,370.9619140625,189253000.0,0.0,0.029898370532767334,0.0,0.0
2023-04-04 05:00:00+00:00,375.8451291239822,377.9310878372953,369.43350567904514,370.9619140625,189253000.0,0.0,0.029898370532767334,0.0,0.0
2023-04-05 05:00:00+00:00,375.8451291239822,377.9310878372953,369.43350567904514,370.9619140625,189253000.0,0.0,0.029898370532767334,0.0,0.0
2023-04-06 05:00:00+00:00,375.8451291239822,377.9310878372953,369.43350567904514,370.9619140625,189253000.0,0.0,0.029898370532767334,0.0,0.0
2023-04-07 05:00:00+00:00,375.8451291239822,377.9310878372953,369.43350567904514,370.9619140625,189253000.0,0.0,0.029898370532767334,0.0,0.0
2023-04-08 05:00:00+00:00,375.8451291239822,377.9310878372953,369.43350567904514,370.9619140625,189253000.0,0.0,0.029898370532767334,0.0,0.0
2023-04-09 05:00:00+00:00,375.8451291239822,377.9310878372953,369.43350567904514,370.9619140625,189253000.0,0.0,0.029898370532767334,0.0,0.0
2023-04-10 05:00:00+00:00,375.8451291239822,377.9310878372953,369.43350567904514,370.9619140625,189253000.0,0.0,0.029898370532767334,0.0,0.0
2023-04-11 05:00:00+00:00,375.8451291239822,377.9310878372953,369.43350567904514,370.9619140625,189253000.0,0.0,0.029898370532767334,0.0,0.0
2023-04-12 05:00:00+00:00,375.8451291239822,377.9310878372953,369.43350567904514,370.9619140625,189253000.0,0.0,0.029898370532767334,0.0,0.0
2023-04-13 05:00:00+00:00,375.8451291239822,377.9310878372953,369.43350567904514,370.9619140625,189253000.0,0.0,0.029898370532767334,0.0,0.0
2023-04-14 05:00:00+00:00,375.8451291239822,377.9310878372953,369.43350567904514,370.9619140625,189253000.0,0.0,0.029898370532767334,0.0,0.0
2023-04-15 05:00:00+00:00,375.8451291239822,377.9310878372953,369.43350567904514,370.9619140625,189253000.0,0.0,0.029898370532767334,0.0,0.0
2023-04-16 05:00:00+00:00,375.8451291239822,377.9310878372953,369.43350567904514,370.9619140625,189253000.0,0.0,0.029898370532767334,0.0,0.0
2023-04-17 05:00:00+00:00,375.8451291239822,377.9310878372953,369.43350567904514,370.9619140625,189253000.0,0.0,0.029898370532767334,0.0,0.0
2023-04-18 05:00:00+00:00,375.8451291239822,377.9310878372953,369.43350567904514,370.9619140625,189253000.0,0.0,0.029898370532767334,0.0,0.0
2023-04-19 05:00:00+00:00,375.8451291239822,377.9310878372953,369.43350567904514,370.9619140625,189253000.0,0.0,0.029898370532767334,0.0,0.0
2023-04-20 05:00:00+00:00,375.8451291239822,377.9310878372953,369.43350567904514,370.9619140625,189253000.0,0.0,0.029898370532767334,0.0,0.0
2023-04-21 05:00:00+00:00,375.8451291239822,377.9310878372953,369.43350567904514,370.9619140625,189253000.0,0.0,0.029898370532767334,0.0,0.0
2023-04-22 05:00:00+00:00,375.8451291239822,377.9310878372953,369.43350567904514,370.9619140625,189253000.0,0.0,0.029898370532767334,0.0,0.0
2023-04-23 05:00:00+00:00,375.8451291239822,377.9310878372953,369.43350567904514,370.9619140625,189253000.0,0.0,0.029898370532767334,0.0,0.0
2023-04-24 05:00:00+00:00,375.8451291239822,377.9310878372953,369.43350567904514,370.9619140625,189253000.0,0.0,0.029898370532767334,0.0,0.0
2023-04-25 05:00:00+00:00,375.8451291239822,377.9310878372953,369.43350567904514,370.9619140625,189253000.0,0.0,0.029898370532767334,0.0,0.0
2023-04-26 05:00:00+00:00,375.8451291239822,377.9310878372953,369.43350567904514,370.9619140625,189253000.0,0.0,0.029898370532767334,0.0,0.0
2023-04-27 05:00:00+00:00,375.8451291239822,377.9310878372953,369.43350567904514,370.9619140625,189253000.0,0.0,0.029898370532767334,0.0,0.0
2023-04-28 05:00:00+00:00,375.8451291239822,377.9310878372953,369.43350567904514,370.9619140625,189253000.0,0.0,0.029898370532767334,0.0,0.0
2023-04-29 05:00:00+00:00,375.8451291239822,377.9310878372953,369.43350567904514,370.9619140625,189253000.0,0.0,0.029898370532767334,0.0,0.0
2023-04-30 05:00:00+00:00,375.8451291239822,377.9310878372953,369.43350567904514,370.9619140625,189253000.0,0.0,0.029898370532767334,0.0,0.0
2023-05-01 05:00:00+00:00,375.8451291239822,377.9310878372953,369.43350567904514,370.9619140625,189253000.0,0.0,0.029898370532767334,0.0,0.0
2023-05-02 05:00:00+00:00,375.8451291239822,377.9310878372953,369.43350567904514,370.9619140625,189253000.0,0.0,0.029898370532767334,0.0,0.0
2023-05-03 05:00:00+00:00,375.8451291239822,377.9310878372953,369.43350567904514,370.9619140625,189253000.0,0.0,0.029898370532767334,0.0,0.0
2023-05-04 05:00:00+00:00,375.8451291239822,377.9310878372953,369.43350567904514,370.9619140625,189253000.0,0.0,0.029898370532767334,0.0,0.0
2023-05-05 05:00:00+00:00,375.8451291239822,377.9310878372953,369.43350567904514,370.9619140625,189253000.0,0.0,0.029898370532767334,0.0,0.0
2023-05-06 05:00:00+00:00,375.8451291239822,377.9310878372953,369.43350567904514,370.9619140625,189253000.0,0.0,0.029898370532767334,0.0,0.0
2023-05-07 05:00:00+00:00,375.8451291239822,377.9310878372953,369.43350567904514,370.9619140625,189253000.0,0.0,0.029898370532767334,0.0,0.0
2023-05-08 05:00:00+00:00,375.8451291239822,377.9310878372953,369.43350567904514,370.9619140625,189253000.0,0.0,0.029898370532767334,0.0,0.0
2023-05-09 05:00:00+00:00,375.8451291239822,377.9310878372953,369.43350567904514,370.9619140625,189253000.0,0.0,0.029898370532767334,0.0,0.0
2023-05-10 05:00:00+00:00,375.8451291239822,377.9310878372953,369.43350567904514,370.9619140625,189253000.0,0.0,0.029898370532767334,0.0,0.0
2023-05-11 05:00:00+00:00,375.8451291239822,377.9310878372953,369.43350567904514,370.9619140625,189253000.0,0.0,0.029898370532767334,0.0,0.0
2023-05-12 05:00:00+00:00,375.8451291239822,377.9310878372953,369.43350567904514,370.9619140625,189253000.0,0.0,0.029898370532767334,0.0,0.0
2023-05-13 05:00:00+00:00,375.8451291239822,377.9310878372953,369.43350567904514,370.9619140625,189253000.0,0.0,0.029898370532767334,0.0,0.0
2023-05-14 05:00:00+00:00,375.8451291239822,377.9310878372953,369.43350567904514,370.9619140625,189253000.0,0.0,0.029898370532767334,0.0,0.0
2023-05-15 05:00:00+00:00,375.8451291239822,377.9310878372953,369.43350567904514,370.9619140625,189253000.0,0.0,0.029898370532767334,0.0,0.0
2023-05-16 05:00:00+00:00,375.8451291239822,377.9310878372953,369.43350567904514,370.9619140625,189253000.0,0.0,0.029898370532767334,0.0,0.0
2023-05-17 05:00:00+00:00,375.8451291239822,377.9310878372953,369.43350567904514,370.9619140625,189253000.0,0.0,0.029898370532767334,0.0,0.0
2023-05-18 05:00:00+00:00,375.8451291239822,377.9310878372953,369.43350567904514,370.9619140625,189253000.0,0.0,0.029898370532767334,0.0,0.0
2023-05-19 05:00:00+00:00,375.8451291239822,377.9310878372953,369.43350567904514,370.9619140625,189253000.0,0.0,0.029898370532767334,0.0,0.0
2023-05-20 05:00:00+00:00,375.8451291239822,377.9310878372953,369.43350567904514,370.9619140625,189253000.0,0.0,0.029898370532767334,0.0,0.0
2023-05-21 05:00:00+00:00,375.8451291239822,377.9310878372953,369.43350567904514,370.9619140625,189253000.0,0.0,0.029898370532767334,0.0,0.0
2023-05-22 05:00:00+00:00,375.8451291239822,377.9310878372953,369.43350567904514,370.9619140625,189253000.0,0.0,0.029898370532767334,0.0,0.0
2023-05-23 05:00:00+00:00,375.8451291239822,377.9310878372953,369.43350567904514,370.9619140625,189253000.0,0.0,0.029898370532767334,0.0,0.0
2023-05-24 05:00:00+00:00,375.8451291239822,377.9310878372953,369.43350567904514,370.9619140625,189253000.0,0.0,0.029898370532767334,0.0,0.0
2023-05-25 05:00:00+00:00,375.8451291239822,377.9310878372953,369.43350567904514,370.9619140625,189253000.0,0.0,0.029898370532767334,0.0,0.0
2023-05-26 05:00:00+00:00,375.8451291239822,377.9310878372953,369.43350567904514,370.9619140625,189253000.0,0.0,0.029898370532767334,0.0,0.0
2023-05-27 05:00:00+00:00,375.8451291239822,377.9310878372953,369.43350567904514,370.9619140625,189253000.0,0.0,0.029898370532767334,0.0,0.0
2023-05-28 05:00:00+00:00,375.8451291239822,377.9310878372953,369.43350567904514,370.9619140625,189253000.0,0.0,0.029898370532767334,0.0,0.0
2023-05-29 05:00:00+00:00,375.8451291239822,377.9310878372953,369.43350567904514,370.9619140625,189253000.0,0.0,0.029898370532767334,0.0,0.0
2023-05-30 05:00:00+00:00,375.8451291239822,377.9310878372953,369.43350567904514,370.9619140625,189253000.0,0.0,0.029898370532767334,0.0,0.0
2023-05-31 05:00:00+00:00,375.8451291239822,377.9310878372953,369.43350567904514,370.9619140625,189253000.0,0.0,0.029898370532767334,0.0,0.0
2023-06-01 05:00:00+00:00,375.8451291239822,377.9310878372953,369.43350567904514,370.9619140625,189253000.0,0.0,0.029898370532767334,0.0,0.0
2023-06-02 05:00:00+00:00,375.8451291239822,377.9310878372953,369.43350567904514,370.9619140625,189253000.0,0.0,0.029898370532767334,0.0,0.0
2023-06-03 05:00:00+00:00,375.8451291239822,377.9310878372953,369.43350567904514,370.9619140625,189253000.0,0.0,0.029898370532767334,0.0,0.0
2023-06-04 05:00:00+00:00,375.8451291239822,377.9310878372953,369.43350567904514,370.9619140625,189253000.0,0.0,0.029898370532767334,0.0,0.0
2023-06-05 05:00:00+00:00,375.8451291239822,377.9310878372953,369.43350567904514,370.9619140625,189253000.0,0.0,0.029898370532767334,0.0,0.0
2023-06-06 05:00:00+00:00,375.8451291239822,377.9310878372953,369.43350567904514,370.9619140625,189253000.0,0.0,0.029898370532767334,0.0,0.0
2023-06-07 05:00:00+00:00,375.8451291239822,377.9310878372953,369.43350567904514,370.9619140625,189253000.0,0.0,0.029898370532767334,0.0,0.0
2023-06-08 05:00:00+00:00,375.8451291239822,377.9310878372953,369.43350567904514,370.9619140625,189253000.0,0.0,0.029898370532767334,0.0,0.0
2023-06-09 05:00:00+00:00,375.8451291239822,377.9310878372953,369.43350567904514,370.9619140625,189253000.0,0.0,0.029898370532767334,0.0,0.0
2023-06-10 05:00:00+00:00,375.8451291239822,377.9310878372953,369.43350567904514,370.9619140625,189253000.0,0.0,0.029898370532767334,0.0,0.0
2023-06-11 05:00:00+00:00,375.8451291239822,377.9310878372953,369.43350567904514,370.9619140625,189253000.0,0.0,0.029898370532767334,0.0,0.0
2023-06-12 05:00:00+00:00,375.8451291239822,377.9310878372953,369.43350567904514,370.9619140625,189253000.0,0.0,0.029898370532767334,0.0,0.0
2023-06-13 05:00:00+00:00,375.8451291239822,377.9310878372953,369.43350567904514,370.9619140625,189253000.0,0.0,0.029898370532767334,0.0,0.0
2023-06-14 05:00:00+00:00,375.8451291239822,377.9310878372953,369.43350567904514,370.9619140625,189253000.0,0.0,0.029898370532767334,0.0,0.0
2023-06-15 05:00:00+00:00,375.8451291239822,377.9310878372953,369.43350567904514,370.9619140625,189253000.0,0.0,0.029898370532767334,0.0,0.0
2023-06-16 05:00:00+00:00,375.8451291239822,377.9310878372953,369.43350567904514,370.9619140625,189253000.0,0.0,0.029898370532767334,0.0,0.0
2023-06-17 05:00:00+00:00,375.8451291239822,377.9310878372953,369.43350567904514,370.9619140625,189253000.0,0.0,0.029898370532767334,0.0,0.0
2023-06-18 05:00:00+00:00,375.8451291239822,377.9310878372953,369.43350567904514,370.9619140625,189253000.0,0.0,0.029898370532767334,0.0,0.0
2023-06-19 05:00:00+00:00,375.8451291239822,377.9310878372953,369.43350567904514,370.9619140625,189253000.0,0.0,0.029898370532767334,0.0,0.0
2023-06-20 05:00:00+00:00,375.8451291239822,377.9310878372953,369.43350567904514,370.9619140625,189253000.0,0.0,0.029898370532767334,0.0,0.0
2023-06-21 05:00:00+00:00,375.8451291239822,377.9310878372953,369.43350567904514,370.9619140625,189253000.0,0.0,0.029898370532767334,0.0,0.0
2023-06-22 05:00:00+00:00,375.8451291239822,377.9310878372953,369.43350567904514,370.9619140625,189253000.0,0.0,0.029898370532767334,0.0,0.0
2023-06-23 05:00:00+00:00,375.8451291239822,377.9310878372953,369.43350567904514,370.9619140625,189253000.0,0.0,0.029898370532767334,0.0,0.0
2023-06-24 05:00:00+00:00,375.8451291239822,377.9310878372953,369.43350567904514,370.9619140625,189253000.0,0.0,0.029898370532767334,0.0,0.0
2023-06-25 05:00:00+00:00,375.8451291239822,377.9310878372953,369.43350567904514,370.9619140625,189253000.0,0.0,0.029898370532767334,0.0,0.0
2023-06-26 05:00:00+00:00,375.8451291239822,377.9310878372953,369.43350567904514,370.9619140625,189253000.0,0.0,0.029898370532767334,0.0,0.0
2023-06-27 05:00:00+00:00,375.8451291239822,377.9310878372953,369.43350567904514,370.9619140625,189253000.0,0.0,0.029898370532767334,0.0,0.0
2023-06-28 05:00:00+00:00,375.8451291239822,377.9310878372953,369.43350567904514,370.9619140625,189253000.0,0.0,0.029898370532767334,0.0,0.0
2023-06-29 05:00:00+00:00,375.8451291239822,377.9310878372953,369.43350567904514,370.9619140625,189253000.0,0.0,0.029898370532767334,0.0,0.0
2023-06-30 05:00:00+00:00,375.8451291239822,377.9310878372953,369.43350567904514,370.9619140625,189253000.0,0.0,0.029898370532767334,0.0,0.0
2023-07-01 05:00:00+00:00,375.8451291239822,377.9310878372953,369.43350567904514,370.9619140625,189253000.0,0.0,0.029898370532767334,0.0,0.0
2023-07-02 05:00:00+00:00,375.8451291239822,377.9310878372953,369.43350567904514,370.9619140625,189253000.0,0.0,0.029898370532767334,0.0,0.0
2023-07-03 05:00:00+00:00,375.8451291239822,377.9310878372953,369.43350567904514,370.9619140625,189253000.0,0.0,0.029898370532767334,0.0,0.0
2023-07-04 05:00:00+00:00,375.8451291239822,377.9310878372953,369.43350567904514,370.9619140625,189253000.0,0.0,0.029898370532767334,0.0,0.0
2023-07-05 05:00:00+00:00,375.8451291239822,377.9310878372953,369.43350567904514,370.9619140625,189253000.0,0.0,0.029898370532767334,0.0,0.0
2023-07-06 05:00:00+00:00,375.8451291239822,377.9310878372953,369.43350567904514,370.9619140625,189253000.0,0.0,0.029898370532767334,0.0,0.0
2023-07-07 05:00:00+00:00,375.8451291239822,377.9310878372953,369.43350567904514,370.9619140625,189253000.0,0.0,0.029898370532767334,0.0,0.0
2023-07-08 05:00:00+00:00,375.8451291239822,377.9310878372953,369.43350567904514,370.9619140625,189253000.0,0.0,0.029898370532767334,0.0,0.0
2023-07-09 05:00:00+00:00,375.8451291239822,377.9310878372953,369.43350567904514,370.9619140625,189253000.0,0.0,0.029898370532767334,0.0,0.0
2023-07-10 05:00:00+00:00,375.8451291239822,377.9310878372953,369.43350567904514,370.9619140625,189253000.0,0.0,0.029898370532767334,0.0,0.0
2023-07-11 05:00:00+00:00,375.8451291239822,377.9310878372953,369.43350567904514,370.9619140625,189253000.0,0.0,0.029898370532767334,0.0,0.0
2023-07-12 05:00:00+00:00,375.8451291239822,377.9310878372953,369.43350567904514,370.9619140625,189253000.0,0.0,0.029898370532767334,0.0,0.0
2023-07-13 05:00:00+00:00,375.8451291239822,377.9310878372953,369.43350567904514,370.9619140625,189253000.0,0.0,0.029898370532767334,0.0,0.0
2023-07-14 05:00:00+00:00,375.8451291239822,377.9310878372953,369.43350567904514,370.9619140625,189253000.0,0.0,0.029898370532767334,0.0,0.0
2023-07-15 05:00:00+00:00,375.8451291239822,377.9310878372953,369.43350567904514,370.9619140625,189253000.0,0.0,0.029898370532767334,0.0,0.0
2023-07-16 05:00:00+00:00,375.8451291239822,377.9310878372953,369.43350567904514,370.9619140625,189253000.0,0.0,0.029898370532767334,0.0,0.0
2023-07-17 05:00:00+00:00,375.8451291239822,377.9310878372953,369.43350567904514,370.9619140625,189253000.0,0.0,-0.011107431830526414,0.0,0.0
2023-07-18 05:00:00+00:00,375.8451291239822,377.9310878372953,369.43350567904514,370.9619140625,189253000.0,0.0,-0.00814961421131823,0.0,0.0
2023-07-19 05:00:00+00:00,375.8451291239822,377.9310878372953,369.43350567904514,370.9619140625,189253000.0,0.0,-0.019979189710241856,0.0,0.0
2023-07-20 05:00:00+00:00,375.8451291239822,377.9310878372953,369.43350567904514,370.9619140625,189253000.0,0.0,0.011448510681774863,0.0,0.0
2023-07-21 05:00:00+00:00,375.8451291239822,377.9310878372953,369.43350567904514,370.9619140625,189253000.0,0.0,0.01769035470273759,0.0,0.0
2023-07-22 05:00:00+00:00,375.8451291239822,377.9310878372953,369.43350567904514,370.9619140625,189253000.0,0.0,0.01769035470273759,0.0,0.0
2023-07-23 05:00:00+00:00,375.8451291239822,377.9310878372953,369.43350567904514,370.9619140625,189253000.0,0.0,0.01769035470273759,0.0,0.0
2023-07-24 05:00:00+00:00,375.8451291239822,377.9310878372953,369.43350567904514,370.9619140625,189253000.0,0.0,0.012249825560749295,0.0,0.0
2023-07-25 05:00:00+00:00,375.8451291239822,377.9310878372953,369.43350567904514,370.9619140625,189253000.0,0.0,0.017793338056707072,0.0,0.0
2023-07-26 05:00:00+00:00,375.8451291239822,377.9310878372953,369.43350567904514,370.9619140625,189253000.0,0.0,0.012876863062749877,0.0,0.0
2023-07-27 05:00:00+00:00,375.8451291239822,377.9310878372953,369.43350567904514,370.9619140625,189253000.0,0.0,0.010892975766246198,0.0,0.0
2023-07-28 05:00:00+00:00,375.8451291239822,377.9310878372953,369.43350567904514,370.9619140625,189253000.0,0.0,0.013850338855711119,0.0,0.0
2023-07-29 05:00:00+00:00,375.8451291239822,377.9310878372953,369.43350567904514,370.9619140625,189253000.0,0.0,0.013850338855711119,0.0,0.0
2023-07-30 05:00:00+00:00,375.8451291239822,377.9310878372953,369.43350567904514,370.9619140625,189253000.0,0.0,0.013850338855711119,0.0,0.0
2023-07-31 05:00:00+00:00,375.8451291239822,377.9310878372953,369.43350567904514,370.9619140625,189253000.0,0.0,0.011490030905198756,0.0,0.0
2023-08-01 05:00:00+00:00,375.8451291239822,377.9310878372953,369.43350567904514,370.9619140625,189253000.0,0.0,0.020384962861289657,0.0,0.0
2023-08-02 05:00:00+00:00,375.8451291239822,377.9310878372953,369.43350567904514,370.9619140625,189253000.0,0.0,0.024567319831982785,0.0,0.0
2023-08-03 05:00:00+00:00,375.8451291239822,377.9310878372953,369.43350567904514,370.9619140625,189253000.0,0.0,0.024567319831982785,0.0,0.0
2023-08-04 05:00:00+00:00,375.8451291239822,377.9310878372953,369.43350567904514,370.9619140625,189253000.0,0.0,0.02441996483020036,0.0,0.0
2023-08-05 05:00:00+00:00,375.8451291239822,377.9310878372953,369.43350567904514,370.9619140625,189253000.0,0.0,0.02441996483020036,0.0,0.0
2023-08-06 05:00:00+00:00,375.8451291239822,377.9310878372953,369.43350567904514,370.9619140625,189253000.0,0.0,0.02441996483020036,0.0,0.0
2023-08-07 05:00:00+00:00,375.8451291239822,377.9310878372953,369.43350567904514,370.9619140625,189253000.0,0.0,0.014025928039095121,0.0,0.0
2023-08-08 05:00:00+00:00,375.8451291239822,377.9310878372953,369.43350567904514,370.9619140625,189253000.0,0.0,0.012879808983161517,0.0,0.0
2023-08-09 05:00:00+00:00,375.8451291239822,377.9310878372953,369.43350567904514,370.9619140625,189253000.0,0.0,0.035603264848327265,0.0,0.0
2023-08-10 05:00:00+00:00,375.8451291239822,377.9310878372953,369.43350567904514,370.9619140625,189253000.0,0.0,0.035082593297536116,0.0,0.0
2023-08-11 05:00:00+00:00,375.8451291239822,377.9310878372953,369.43350567904514,370.9619140625,189253000.0,0.0,0.03426734558905319,0.0,0.0
2023-08-12 05:00:00+00:00,375.8451291239822,377.9310878372953,369.43350567904514,370.9619140625,189253000.0,0.0,0.03426734558905319,0.0,0.0
2023-08-13 05:00:00+00:00,375.8451291239822,377.9310878372953,369.43350567904514,370.9619140625,189253000.0,0.0,0.03426734558905319,0.0,0.0
2023-08-14 05:00:00+00:00,375.8451291239822,377.9310878372953,369.43350567904514,370.9619140625,189253000.0,0.0,0.021870404577225153,0.0,0.0
2023-08-15 05:00:00+00:00,375.8451291239822,377.9310878372953,369.43350567904514,370.9619140625,189253000.0,0.0,0.011533799564322976,0.0,0.0
2023-08-16 05:00:00+00:00,375.8451291239822,377.9310878372953,369.43350567904514,370.9619140625,189253000.0,0.0,0.010287539044809077,0.0,0.0
2023-08-17 05:00:00+00:00,375.8451291239822,377.9310878372953,369.43350567904514,370.9619140625,189253000.0,0.0,0.016076933312547795,0.0,0.0
2023-08-18 05:00:00+00:00,375.8451291239822,377.9310878372953,369.43350567904514,370.9619140625,189253000.0,0.0,0.01059601530196918,0.0,0.0
2023-08-19 05:00:00+00:00,375.8451291239822,377.9310878372953,369.43350567904514,370.9619140625,189253000.0,0.0,0.01059601530196918,0.0,0.0
2023-08-20 05:00:00+00:00,375.8451291239822,377.9310878372953,369.43350567904514,370.9619140625,189253000.0,0.0,0.01059601530196918,0.0,0.0
2023-08-21 05:00:00+00:00,375.8451291239822,377.9310878372953,369.43350567904514,370.9619140625,189253000.0,0.0,0.021486041006376414,0.0,0.0
2023-08-22 05:00:00+00:00,375.8451291239822,377.9310878372953,369.43350567904514,370.9619140625,189253000.0,0.0,0.02725604960335202,0.0,0.0
2023-08-23 05:00:00+00:00,375.8451291239822,377.9310878372953,369.43350567904514,370.9619140625,189253000.0,0.0,0.022489230055149568,0.0,0.0
2023-08-24 05:00:00+00:00,375.8451291239822,377.9310878372953,369.43350567904514,370.9619140625,189253000.0,0.0,0.003963568041018173,0.0,0.0
2023-08-25 05:00:00+00:00,375.8451291239822,377.9310878372953,369.43350567904514,370.9619140625,189253000.0,0.0,-0.005490542445938073,0.0,0.0
2023-08-26 05:00:00+00:00,375.8451291239822,377.9310878372953,369.43350567904514,370.9619140625,189253000.0,0.0,-0.005490542445938073,0.0,0.0
2023-08-27 05:00:00+00:00,375.8451291239822,377.9310878372953,369.43350567904514,370.9619140625,189253000.0,0.0,-0.005490542445938073,0.0,0.0
2023-08-28 05:00:00+00:00,375.8451291239822,377.9310878372953,369.43350567904514,370.9619140625,189253000.0,0.0,-0.012375183183267763,0.0,0.0
2023-08-29 05:00:00+00:00,375.8451291239822,377.9310878372953,369.43350567904514,370.9619140625,189253000.0,0.0,-0.011276483050836545,0.0,0.0
2023-08-30 05:00:00+00:00,375.8451291239822,377.9310878372953,369.43350567904514,370.9619140625,189253000.0,0.0,0.0006794294640695403,0.0,0.0
2023-08-31 05:00:00+00:00,375.8451291239822,377.9310878372953,369.43350567904514,370.9619140625,189253000.0,0.0,-0.011298132496946013,0.0,0.0
2023-09-01 05:00:00+00:00,375.8451291239822,377.9310878372953,369.43350567904514,370.9619140625,189253000.0,0.0,-0.006530638083855985,0.0,0.0
2023-09-02 05:00:00+00:00,375.8451291239822,377.9310878372953,369.43350567904514,370.9619140625,189253000.0,0.0,-0.006530638083855985,0.0,0.0
2023-09-03 05:00:00+00:00,375.8451291239822,377.9310878372953,369.43350567904514,370.9619140625,189253000.0,0.0,-0.006530638083855985,0.0,0.0
2023-09-04 05:00:00+00:00,375.8451291239822,377.9310878372953,369.43350567904514,370.9619140625,189253000.0,0.0,-0.006530638083855985,0.0,0.0
2023-09-05 05:00:00+00:00,375.8451291239822,377.9310878372953,369.43350567904514,370.9619140625,189253000.0,0.0,-0.009851012138513188,0.0,0.0
2023-09-06 05:00:00+00:00,375.8451291239822,377.9310878372953,369.43350567904514,370.9619140625,189253000.0,0.0,-0.02062262801395056,0.0,0.0
2023-09-07 05:00:00+00:00,375.8451291239822,377.9310878372953,369.43350567904514,370.9619140625,189253000.0,0.0,-0.005622912275532198,0.0,0.0
2023-09-08 05:00:00+00:00,375.8451291239822,377.9310878372953,369.43350567904514,370.9619140625,189253000.0,0.0,-0.007938100867815998,0.0,0.0
2023-09-09 05:00:00+00:00,375.8451291239822,377.9310878372953,369.43350567904514,370.9619140625,189253000.0,0.0,-0.007938100867815998,0.0,0.0
2023-09-10 05:00:00+00:00,375.8451291239822,377.9310878372953,369.43350567904514,370.9619140625,189253000.0,0.0,-0.007938100867815998,0.0,0.0
2023-09-11 05:00:00+00:00,375.8451291239822,377.9310878372953,369.43350567904514,370.9619140625,189253000.0,0.0,-0.007938100867815998,0.0,0.0
2023-09-12 05:00:00+00:00,375.8451291239822,377.9310878372953,369.43350567904514,370.9619140625,189253000.0,0.0,-0.011655667854715213,0.0,0.0
2023-09-13 05:00:00+00:00,375.8451291239822,377.9310878372953,369.43350567904514,370.9619140625,189253000.0,0.0,-0.004932518463290959,0.0,0.0
2023-09-14 05:00:00+00:00,375.8451291239822,377.9310878372953,369.43350567904514,370.9619140625,189253000.0,0.0,-0.01526890235097616,0.0,0.0
2023-09-15 05:00:00+00:00,375.8451291239822,377.9310878372953,369.43350567904514,370.9619140625,189253000.0,0.0,0.0052997916408478295,0.0,0.0
2023-09-16 05:00:00+00:00,375.8451291239822,377.9310878372953,369.43350567904514,370.9619140625,189253000.0,0.0,0.0052997916408478295,0.0,0.0
2023-09-17 05:00:00+00:00,375.8451291239822,377.9310878372953,369.43350567904514,370.9619140625,189253000.0,0.0,0.0052997916408478295,0.0,0.0
2023-09-18 05:00:00+00:00,375.8451291239822,377.9310878372953,369.43350567904514,370.9619140625,189253000.0,0.0,0.004763819316759796,0.0,0.0
2023-09-19 05:00:00+00:00,375.8451291239822,377.9310878372953,369.43350567904514,370.9619140625,189253000.0,0.0,0.011433243811289781,0.0,0.0
2023-09-20 05:00:00+00:00,375.8451291239822,377.9310878372953,369.43350567904514,370.9619140625,189253000.0,0.0,0.023818743548690763,0.0,0.0
2023-09-21 05:00:00+00:00,375.8451291239822,377.9310878372953,369.43350567904514,370.9619140625,189253000.0,0.0,0.02738313531263709,0.0,0.0
2023-09-22 05:00:00+00:00,375.8451291239822,377.9310878372953,369.43350567904514,370.9619140625,189253000.0,0.0,0.031198123908022065,0.0,0.0
2023-09-23 05:00:00+00:00,375.8451291239822,377.9310878372953,369.43350567904514,370.9619140625,189253000.0,0.0,0.031198123908022065,0.0,0.0
2023-09-24 05:00:00+00:00,375.8451291239822,377.9310878372953,369.43350567904514,370.9619140625,189253000.0,0.0,0.031198123908022065,0.0,0.0
2023-09-25 05:00:00+00:00,375.8451291239822,377.9310878372953,369.43350567904514,370.9619140625,189253000.0,0.0,0.031198123908022065,0.0,0.0
2023-09-26 05:00:00+00:00,375.8451291239822,377.9310878372953,369.43350567904514,370.9619140625,189253000.0,0.0,0.02942642782794325,0.0,0.0
2023-09-27 05:00:00+00:00,375.8451291239822,377.9310878372953,369.43350567904514,370.9619140625,189253000.0,0.0,0.014393381599196365,0.0,0.0
2023-09-28 05:00:00+00:00,375.8451291239822,377.9310878372953,369.43350567904514,370.9619140625,189253000.0,0.0,0.0071156410375619325,0.0,0.0
2023-09-29 05:00:00+00:00,375.8451291239822,377.9310878372953,369.43350567904514,370.9619140625,189253000.0,0.0,0.026967302642816868,0.0,0.0
2023-09-30 05:00:00+00:00,375.8451291239822,377.9310878372953,369.43350567904514,370.9619140625,189253000.0,0.0,0.026967302642816868,0.0,0.0
2023-10-01 05:00:00+00:00,375.8451291239822,377.9310878372953,369.43350567904514,370.9619140625,189253000.0,0.0,0.026967302642816868,0.0,0.0
2023-10-02 05:00:00+00:00,375.8451291239822,377.9310878372953,369.43350567904514,370.9619140625,189253000.0,0.0,0.04041607653318929,0.0,0.0
2023-10-03 05:00:00+00:00,375.8451291239822,377.9310878372953,369.43350567904514,370.9619140625,189253000.0,0.0,0.039261540306625785,0.0,0.0
2023-10-04 05:00:00+00:00,375.8451291239822,377.9310878372953,369.43350567904514,370.9619140625,189253000.0,0.0,0.03966757235976625,0.0,0.0
2023-10-05 05:00:00+00:00,375.8451291239822,377.9310878372953,369.43350567904514,370.9619140625,189253000.0,0.0,0.05243190091227982,0.0,0.0
2023-10-06 05:00:00+00:00,375.8451291239822,377.9310878372953,369.43350567904514,370.9619140625,189253000.0,0.0,0.05500826993243436,0.0,0.0
2023-10-07 05:00:00+00:00,375.8451291239822,377.9310878372953,369.43350567904514,370.9619140625,189253000.0,0.0,0.05500826993243436,0.0,0.0
2023-10-08 05:00:00+00:00,375.8451291239822,377.9310878372953,369.43350567904514,370.9619140625,189253000.0,0.0,0.05500826993243436,0.0,0.0
2023-10-09 05:00:00+00:00,375.8451291239822,377.9310878372953,369.43350567904514,370.9619140625,189253000.0,0.0,0.04212003503224575,0.0,0.0
2023-10-10 05:00:00+00:00,375.8451291239822,377.9310878372953,369.43350567904514,370.9619140625,189253000.0,0.0,0.060761347559541,0.0,0.0
2023-10-11 05:00:00+00:00,375.8451291239822,377.9310878372953,369.43350567904514,370.9619140625,189253000.0,0.0,0.07465327121191251,0.0,0.0
2023-10-12 05:00:00+00:00,375.8451291239822,377.9310878372953,369.43350567904514,370.9619140625,189253000.0,0.0,0.09573799207531185,0.0,0.0
2023-10-13 05:00:00+00:00,375.8451291239822,377.9310878372953,369.43350567904514,370.9619140625,189253000.0,0.0,0.08424643453773104,0.0,0.0
2023-10-14 05:00:00+00:00,375.8451291239822,377.9310878372953,369.43350567904514,370.9619140625,189253000.0,0.0,0.08424643453773104,0.0,0.0
2023-10-15 05:00:00+00:00,375.8451291239822,377.9310878372953,369.43350567904514,370.9619140625,189253000.0,0.0,0.08424643453773104,0.0,0.0
2023-10-16 05:00:00+00:00,375.8451291239822,377.9310878372953,369.43350567904514,370.9619140625,189253000.0,0.0,0.0769984100093296,0.0,0.0
2023-10-17 05:00:00+00:00,375.8451291239822,377.9310878372953,369.43350567904514,370.9619140625,189253000.0,0.0,0.09724552615540669,0.0,0.0
2023-10-18 05:00:00+00:00,375.8451291239822,377.9310878372953,369.43350567904514,370.9619140625,189253000.0,0.0,0.08483598428621203,0.0,0.0
2023-10-19 05:00:00+00:00,375.8451291239822,377.9310878372953,369.43350567904514,370.9619140625,189253000.0,0.0,0.07421597088587313,0.0,0.0
2023-10-20 05:00:00+00:00,375.8451291239822,377.9310878372953,369.43350567904514,370.9619140625,189253000.0,0.0,0.07757591516647594,0.0,0.0
2023-10-21 05:00:00+00:00,375.8451291239822,377.9310878372953,369.43350567904514,370.9619140625,189253000.0,0.0,0.07757591516647594,0.0,0.0
2023-10-22 05:00:00+00:00,375.8451291239822,377.9310878372953,369.43350567904514,370.9619140625,189253000.0,0.0,0.07757591516647594,0.0,0.0
2023-10-23 05:00:00+00:00,375.8451291239822,377.9310878372953,369.43350567904514,370.9619140625,189253000.0,0.0,0.09725217589775637,0.0,0.0
2023-10-24 05:00:00+00:00,375.8451291239822,377.9310878372953,369.43350567904514,370.9619140625,189253000.0,0.0,0.09658748288884017,0.0,0.0
2023-10-25 05:00:00+00:00,375.8451291239822,377.9310878372953,369.43350567904514,370.9619140625,189253000.0,0.0,0.10159198769418887,0.0,0.0
2023-10-26 05:00:00+00:00,375.8451291239822,377.9310878372953,369.43350567904514,370.9619140625,189253000.0,0.0,0.08585248987467016,0.0,0.0
2023-10-27 05:00:00+00:00,375.8451291239822,377.9310878372953,369.43350567904514,370.9619140625,189253000.0,0.0,0.08216591668020719,0.0,0.0
2023-10-28 05:00:00+00:00,375.8451291239822,377.9310878372953,369.43350567904514,370.9619140625,189253000.0,0.0,0.08216591668020719,0.0,0.0
2023-10-29 05:00:00+00:00,375.8451291239822,377.9310878372953,369.43350567904514,370.9619140625,189253000.0,0.0,0.08216591668020719,0.0,0.0
2023-10-30 05:00:00+00:00,375.8451291239822,377.9310878372953,369.43350567904514,370.9619140625,189253000.0,0.0,0.08216591668020719,0.0,0.0
2023-10-31 05:00:00+00:00,375.8451291239822,377.9310878372953,369.43350567904514,370.9619140625,189253000.0,0.0,0.05869481646862965,0.0,0.0
2023-11-01 05:00:00+00:00,375.8451291239822,377.9310878372953,369.43350567904514,370.9619140625,189253000.0,0.0,0.05631810187741131,0.0,-0.12397878612232294
2023-11-02 05:00:00+00:00,375.8451291239822,377.9310878372953,369.43350567904514,370.9619140625,189253000.0,0.0,0.06636075630187763,0.0,-0.1264648591189883
2023-11-03 05:00:00+00:00,375.8451291239822,377.9310878372953,369.43350567904514,370.9619140625,189253000.0,0.0,0.04962416818642369,0.0,-0.12710418597450157
2023-11-04 05:00:00+00:00,375.8451291239822,377.9310878372953,369.43350567904514,370.9619140625,189253000.0,0.0,0.04962416818642369,0.0,-0.12024318288125913
2023-11-05 05:00:00+00:00,375.8451291239822,377.9310878372953,369.43350567904514,370.9619140625,189253000.0,0.0,0.04962416818642369,-0.12397878612232294,-0.13376073964356838
2023-11-06 05:00:00+00:00,423.24842292635685,423.9093314316939,421.5086514345454,423.4622497558594,67831700.0,0.13236497158362742,15.320814837060274,-0.002837914147833076,-0.011166343196126527
2023-11-07 05:00:00+00:00,423.46222990258883,425.30889989202655,422.31535408043305,424.66741943359375,64256100.0,0.0028419486610642983,0.2799413589846338,-0.0007318845294173038,-0.008352131680955277
2023-11-08 05:00:00+00:00,425.2700231402192,425.7948761919887,422.6652452198862,424.97845458984375,61746000.0,0.0007321524876505765,0.03282316311472165,0.007860048109981976,-0.006678851274387165
2023-11-09 05:00:00+00:00,426.1253308443145,426.1642165380997,421.23650040437826,421.6641540527344,83174400.0,-0.007829318849118597,-0.954420039985061,-0.015365106014841756,-0.03318246778182432
2023-11-10 05:00:00+00:00,423.7441380058594,428.55519739226753,421.6544544903988,428.2441711425781,89462200.0,0.01548437252858774,1.7542636890220513,0.0,-0.020169788671184574
2023-11-11 05:00:00+00:00,423.7441380058594,428.55519739226753,421.6544544903988,428.2441711425781,89462200.0,0.0,-0.04486842888100705,0.0,-0.021366774797694554
2023-11-12 05:00:00+00:00,423.7441380058594,428.55519739226753,421.6544544903988,428.2441711425781,89462200.0,0.0,-0.04486842888100705,0.0009542540808129552,-0.022582557917536827
2023-11-13 05:00:00+00:00,426.90285804309843,428.9438970364139,426.11559336599885,427.8359069824219,52236100.0,-0.0009537990698285073,-0.15492439807693786,-0.019031492699900454,-0.023514373311659287
2023-11-14 05:00:00+00:00,433.7938644872594,437.4288904558255,433.5703088478159,436.13623046875,97176900.0,0.019214922582330412,2.166605905595554,-0.0021126178362592674,-0.004569851711240913
2023-11-15 05:00:00+00:00,437.47749509718125,438.71187109713105,436.20426306686005,437.0595703125,77327600.0,0.0021148525612882845,0.18490157478161937,-0.0012216260660983247,-0.010082368442116296
2023-11-16 05:00:00+00:00,436.6124832436495,437.9148721110953,435.54334919989805,437.5941467285156,66665800.0,0.0012223728594844096,0.07308617045496266,-0.00124232765507315,-0.006706888137598566
2023-11-17 05:00:00+00:00,437.60387636232514,438.7507818678595,436.6805561802118,438.1384582519531,83133200.0,0.001243099983797617,0.06861584064066344,0.0,-0.009296188602006206
2023-11-18 05:00:00+00:00,437.60387636232514,438.7507818678595,436.6805561802118,438.1384582519531,83133200.0,0.0,-0.07778013719921686,0.0,-0.009296188602006206
2023-11-19 05:00:00+00:00,437.60387636232514,438.7507818678595,436.6805561802118,438.1384582519531,83133200.0,0.0,-0.07778013719921686,-0.007638742295281942,-0.009905550524714313
2023-11-20 05:00:00+00:00,437.8857204098918,442.35662577021293,437.8759915717595,441.51104736328125,69936200.0,0.007668066918150674,0.8205831253057996,0.002184068127353278,-0.0022842570806073104
2023-11-21 05:00:00+00:00,440.4613880733794,441.384737961191,439.2756264779716,440.5488586425781,49244600.0,-0.002181686517662349,-0.33675205513100737,-0.0038458730476154113,-0.004458587349437715
2023-11-22 05:00:00+00:00,442.2108387941116,443.57154137515226,441.15143358240533,442.24969482421875,59394900.0,0.003853287433327042,0.370971721592501,0.0,0.0011880250720546215
2023-11-23 05:00:00+00:00,442.2108387941116,443.57154137515226,441.15143358240533,442.24969482421875,59394900.0,0.0,-0.08199608047655665,-0.0006150798207268382,0.00019780834428195782
2023-11-24 05:00:00+00:00,442.2983550934631,442.7162799185215,441.96790083682896,442.5218811035156,29737400.0,0.0006152690599220414,-0.009956132891356174,0.0,0.0015178974733709438
2023-11-25 05:00:00+00:00,442.2983550934631,442.7162799185215,441.96790083682896,442.5218811035156,29737400.0,0.0,-0.0822841828749196,0.0,-0.0024101532858314956
2023-11-26 05:00:00+00:00,442.2983550934631,442.7162799185215,441.96790083682896,442.5218811035156,29737400.0,0.0,-0.0822841828749196,0.0018042146287919891,-0.008277080296583472
2023-11-27 05:00:00+00:00,441.8901268475793,442.7065484758319,441.33611692305607,441.72491455078125,50506000.0,-0.0018025889886206805,-0.2933004219256129,-0.0009890417214102332,-0.010063138863027232
2023-11-28 05:00:00+00:00,441.3360810451993,443.4646203412509,440.7723719885752,442.1622314453125,62115000.0,0.0009895311459076866,0.03441450568606125,0.0007039364357555034,-0.009083080687375733
2023-11-29 05:00:00+00:00,444.3199186012006,445.4570951907533,441.45272918496346,441.8511962890625,63146000.0,-0.0007036887887143283,-0.16426796452067574,-0.003922097417442316,-0.004554677755878478
2023-11-30 05:00:00+00:00,442.69684007944744,443.9409153434161,440.61688552658904,443.59100341796875,79752700.0,0.003929809011872198,0.3783848620998671,-0.005881101366534858,-0.0004379052669523098
2023-12-01 05:00:00+00:00,442.978681217379,446.7497927155819,442.3858152693998,446.2152404785156,89183400.0,0.005898463147572056,0.6065149963098074,0.0,0.009543574079988959
2023-12-02 05:00:00+00:00,442.978681217379,446.7497927155819,442.3858152693998,446.2152404785156,89183400.0,0.0,-0.08605948914653355,0.0,0.0018987422870875292
2023-12-03 05:00:00+00:00,442.978681217379,446.7497927155819,442.3858152693998,446.2152404785156,89183400.0,0.0,-0.08605948914653355,0.0052770651723805795,-0.002390183871266882
2023-12-04 05:00:00+00:00,442.81348894283775,446.23468866913964,441.588841636113,443.8728942871094,72430900.0,-0.005263190255120166,-0.7009111050065646,0.0001972911763326035,-0.00762700086302337
2023-12-05 05:00:00+00:00,442.4829505652876,444.7475451072162,442.10388183818117,443.78533935546875,69793500.0,-0.00019727171698789037,-0.10657391040680013,0.0040460230286374355,-0.007822748680066827
2023-12-06 05:00:00+00:00,445.9333327307286,445.9624895836762,441.5596268220381,441.99700927734375,69124700.0,-0.004037859888889516,-0.5548664046167867,-0.007572562481880207,-0.015649648716655085
2023-12-07 05:00:00+00:00,444.0866376096692,446.02077795454375,443.4840429089197,445.3695983886719,66995400.0,0.007601379906494827,0.8050395738637824,-0.004280798026119692,-0.012648214016784731
2023-12-08 05:00:00+00:00,444.6212111977086,447.81888446185815,444.3782275382068,447.2843322753906,83194400.0,0.0042899868751039355,0.41521040057890696,0.0,-0.021891535671503815
2023-12-09 05:00:00+00:00,444.6212111977086,447.81888446185815,444.3782275382068,447.2843322753906,83194400.0,0.0,-0.0868964454815497,0.0,-0.02502071644542847
2023-12-10 05:00:00+00:00,444.6212111977086,447.81888446185815,444.3782275382068,447.2843322753906,83194400.0,0.0,-0.0868964454815497,-0.003874505126916117,-0.023412792330912757
2023-12-11 05:00:00+00:00,446.78864054401777,449.1990491481444,446.5748137350945,449.0240783691406,65002200.0,0.00388203046617133,0.3655673018423985,-0.004546499511326241,-0.01961428284343436
2023-12-12 05:00:00+00:00,448.67421029484495,451.17208953676845,447.6731187626275,451.07489013671875,68327600.0,0.004556866273817024,0.44224919009146724,-0.013602453177084528,-0.015136601885182288
2023-12-13 05:00:00+00:00,451.4538906419632,457.54793953708713,451.0942795875064,457.29522705078125,93278000.0,0.013695814135383679,1.498112447517428,-0.0031992165368622816,-0.007140210117494106
2023-12-14 05:00:00+00:00,459.23914744875873,460.43463781217446,456.08035966207416,458.7629089355469,119026000.0,0.003204344970988904,0.2749284871225806,0.0016491879793112396,-0.009973797082451608
2023-12-15 05:00:00+00:00,458.16371199031266,459.344542615275,456.1534111366882,458.007568359375,141553700.0,-0.001647829562134185,-0.2891983120081498,0.0,0.00228506156362962
2023-12-16 05:00:00+00:00,458.16371199031266,459.344542615275,456.1534111366882,458.007568359375,141553700.0,0.0,-0.09737254360393169,0.0,-0.007129249770901347
2023-12-17 05:00:00+00:00,458.16371199031266,459.344542615275,456.1534111366882,458.007568359375,141553700.0,0.0,-0.09737254360393169,-0.0055936052107771195,-0.009120545818526726
2023-12-18 05:00:00+00:00,459.61778575015273,461.5695364615582,458.5540851861991,460.5838928222656,70375300.0,0.005609308004600788,0.5526948705867727,-0.0060440509590667935,-0.003546779894247565
2023-12-19 05:00:00+00:00,461.1303435293572,463.4626997368389,461.0522866109777,463.3846130371094,55761800.0,0.006062390167812238,0.6021834323398702,0.014051966584781361,0.0025124564798155724
2023-12-20 05:00:00+00:00,462.5258502644597,464.41905073476056,456.5339913904281,456.96337890625,102921000.0,-0.013954152953218779,-1.7084795244733249,-0.009392848098368378,-0.011379604285793654
2023-12-21 05:00:00+00:00,459.9592904756651,461.5695085402511,457.5293705169891,461.2962646484375,86667500.0,0.009437239086616388,0.9888918883893593,-0.002005594431265023,-0.006202001842329774
2023-12-22 05:00:00+00:00,462.4282225788341,463.91157198973565,460.320358287861,462.2232971191406,67160400.0,0.002007608328934988,0.130905617122627,0.0,-0.006002064630955428
2023-12-23 05:00:00+00:00,462.4282225788341,463.91157198973565,460.320358287861,462.2232971191406,67160400.0,0.0,-0.10068420375066714,0.0,-0.006377470774627136
2023-12-24 05:00:00+00:00,462.4282225788341,463.91157198973565,460.320358287861,462.2232971191406,67160400.0,0.0,-0.10068420375066714,0.0,-0.0034926138963201625
2023-12-25 05:00:00+00:00,462.4282225788341,463.91157198973565,460.320358287861,462.2232971191406,67160400.0,0.0,-0.10068420375066714,-0.00420484061598847,
2023-12-26 05:00:00+00:00,462.6332094792943,465.0826362249441,462.5551227779302,464.1750793457031,55387000.0,0.0042137058181937505,0.38335854070113645,-0.001804812965829905,
2023-12-27 05:00:00+00:00,463.9701495554804,465.16071859872636,463.4334300593357,465.01434326171875,68000300.0,0.0018064436030427818,0.10491542221030647,-0.00037767296119417537,
2023-12-28 05:00:00+00:00,465.3754516619724,466.02927148294896,464.7704136970021,465.1900329589844,77158100.0,0.0003777442975888098,-0.06002217850655916,0.0029033730551137893,
2023-12-29 05:00:00+00:00,464.9948485504832,465.521829592495,461.88180371739503,463.84332275390625,122283100.0,-0.0028991664079089387,-0.43645149067891215,,
