datetime,open,high,low,close,volume
2020-01-02 00:00:00-05:00,71.34404690340438,72.39407791515757,71.09117632272992,72.33386993408203,135480400
2020-01-03 00:00:00-05:00,71.56320547713457,72.38925722098051,71.40666619485818,71.6306381225586,146322800
2020-01-06 00:00:00-05:00,70.75402846338375,72.23995764322866,70.5035611498287,72.20142364501953,118387200
2020-01-07 00:00:00-05:00,72.21104883104543,72.46633010238772,71.64268897397623,71.86184692382812,108872000
2020-01-08 00:00:00-05:00,71.56563615467269,73.31889277543256,71.56563615467269,73.01785278320312,132079200
2020-01-09 00:00:00-05:00,73.99320996049889,74.76146451044018,73.74275001069596,74.56880187988281,170108400
2020-01-10 00:00:00-05:00,74.80238740809561,75.30091119032697,74.23643098983341,74.73735809326172,140644800
2020-01-13 00:00:00-05:00,75.05286332420356,76.36057889021191,74.93485068528152,76.3340835571289,121532000
2020-01-14 00:00:00-05:00,76.27147857331117,76.48100118582082,75.18051017572739,75.30332946777344,161954400
2020-01-15 00:00:00-05:00,75.10343270524221,75.98246770801262,74.54951490172726,74.98060607910156,121923600
2020-01-16 00:00:00-05:00,75.52248200660513,76.03064118697364,75.16123412136378,75.91985321044922,108829200
2020-01-17 00:00:00-05:00,76.16792404225187,76.76277929851412,75.86207008807327,76.7603759765625,137816400
2020-01-21 00:00:00-05:00,76.38950326386008,76.83022259346987,76.10291259365572,76.24018859863281,110843200
2020-01-22 00:00:00-05:00,76.72426273775727,77.06383677251334,76.41840871407105,76.51233673095703,101832400
2020-01-23 00:00:00-05:00,76.56527863051073,76.96023911310208,76.01858552983758,76.88076782226562,104472000
2020-01-24 00:00:00-05:00,77.1264324079885,77.86819158420508,76.46895853504518,76.65921783447266,146537600
2020-01-27 00:00:00-05:00,74.67235687385795,75.08417746726008,73.42484908589569,74.40503692626953,161940000
2020-01-28 00:00:00-05:00,75.28406920782065,76.68089158109271,75.18532722614749,76.50990295410156,162234000
2020-01-29 00:00:00-05:00,78.13794553717628,78.95677286932231,77.39858953140283,78.1114501953125,216229200
2020-01-30 00:00:00-05:00,77.19627050016777,78.05122092954578,76.76517927864235,77.99823760986328,126743200
2020-01-31 00:00:00-05:00,77.29019066933044,77.71164655303768,74.24607885109228,74.5398941040039,199588400
2020-02-03 00:00:00-05:00,73.285136141255,75.49838164593486,72.78420907837199,74.33516693115234,173788400
2020-02-04 00:00:00-05:00,75.93670624597806,76.97951249486786,75.53211041551288,76.78925323486328,136616400
2020-02-05 00:00:00-05:00,77.91397539363686,78.2126121073986,76.81337860656464,77.41545867919922,118826800
2020-02-06 00:00:00-05:00,77.6851684350144,78.32337167005116,77.12884718583062,78.32096099853516,105425600
2020-02-07 00:00:00-05:00,77.82123854389138,78.06988383321008,76.76630651671353,77.25635528564453,117684000
2020-02-10 00:00:00-05:00,75.84416334192943,77.62330627441406,75.76450341427329,77.62330627441406,109348800
2020-02-11 00:00:00-05:00,78.11817322586252,78.19059132825674,76.93770658748598,77.15496826171875,94323200
2020-02-12 00:00:00-05:00,77.60400616945556,78.99207670101356,77.60400616945556,78.98725128173828,113730400
2020-02-13 00:00:00-05:00,78.26060628866534,78.7506551305069,78.05782821966719,78.42475891113281,94747600
2020-02-14 00:00:00-05:00,78.3933688702963,78.69271421468866,77.93712009409066,78.4440689086914,80113600
2020-02-18 00:00:00-05:00,76.12900107799734,77.1887659353896,75.94794846047884,77.0077133178711,152531200
2020-02-19 00:00:00-05:00,77.24910650127589,78.35232207158896,77.24910650127589,78.12298583984375,93984000
2020-02-20 00:00:00-05:00,77.88401513292217,78.37164756799683,76.81700838375629,77.32154083251953,100566000
2020-02-21 00:00:00-05:00,76.91596913601705,77.35774159273006,74.95577422235982,75.57135009765625,129554000
2020-02-24 00:00:00-05:00,71.75960997813098,73.43011814732492,69.8211400810818,71.98169708251953,222195200
2020-02-25 00:00:00-05:00,72.65037937541128,73.03179362770307,69.07277807692655,69.54351043701172,230673600
2020-02-26 00:00:00-05:00,69.16936277352076,71.9092946933909,69.16212096129591,70.6467514038086,198054800
2020-02-27 00:00:00-05:00,67.85851360418104,69.0413890764873,65.89348591735909,66.02867126464844,320605600
2020-02-28 00:00:00-05:00,62.103453983809466,67.20913548442363,61.88860137685158,65.99004364013672,426510000
2020-03-02 00:00:00-05:00,68.14338175177791,72.76867383608672,67.04258234775999,72.13378143310547,341397200
2020-03-03 00:00:00-05:00,73.3069988099028,73.38665871766685,68.99311238709194,69.84285736083984,319475600
2020-03-04 00:00:00-05:00,71.561635057031,73.24180090646557,70.76259027435336,73.08247375488281,219178400
2020-03-05 00:00:00-05:00,71.33956494467967,72.31242082695749,70.34740002247567,70.71192169189453,187572800
2020-03-06 00:00:00-05:00,68.07579869358199,70.20497969740977,67.88992061879122,69.77286529541016,226176800
2020-03-09 00:00:00-04:00,63.67016438238683,67.13188921300795,63.48911178224734,64.25436401367188,286744800
2020-03-10 00:00:00-04:00,66.90256079781972,69.14761010810192,65.02685113261988,68.88206481933594,285290000
2020-03-11 00:00:00-04:00,66.96292517997638,67.88749740945617,65.62795665733853,66.4897689819336,255598800
2020-03-12 00:00:00-04:00,61.78481820985721,65.17895115078981,59.86807364961435,59.9235954284668,418474000
2020-03-13 00:00:00-04:00,63.94537376560975,67.57366791219874,61.06301183278901,67.1029281616211,370732000
2020-03-16 00:00:00-04:00,58.40758489593045,62.54282496971143,57.9368487366503,58.47035217285156,322423600
2020-03-17 00:00:00-04:00,59.74977632698614,62.1879493594709,57.550590391518064,61.04128646850586,324056000
2020-03-18 00:00:00-04:00,57.88132191691277,60.350878847985236,57.24160039100893,59.54700469970703,300233600
2020-03-19 00:00:00-04:00,59.72081496454535,61.03646337436918,58.56690646649194,59.09075164794922,271857200
2020-03-20 00:00:00-04:00,59.67012006159394,60.79264863512061,55.04000233501268,55.3393440246582,401693200
2020-03-23 00:00:00-04:00,55.05932030955582,55.160709355187784,51.324807219579434,54.16371154785156,336752800
2020-03-24 00:00:00-04:00,57.05812866753022,59.79323063321941,56.56083807077307,59.597694396972656,287531200
2020-03-25 00:00:00-04:00,60.53192552123785,62.34245170831376,58.97487373705756,59.269386291503906,303602000
2020-03-26 00:00:00-04:00,59.51079529315195,62.44625922344338,59.472169846872056,62.38832473754883,252087200
2020-03-27 00:00:00-04:00,61.01474738694628,61.7679252857542,59.63874788584496,59.80531692504883,204216800
2020-03-30 00:00:00-04:00,60.529524878595154,61.68343350383442,60.20604133587408,61.51203536987305,167976400
2020-03-31 00:00:00-04:00,61.70274686140532,63.36601343634172,60.83369263605144,61.386505126953125,197002000
2020-04-01 00:00:00-04:00,59.50596168562525,60.041877740721404,57.726819101176545,58.156517028808594,176218400
2020-04-02 00:00:00-04:00,58.018915768998035,59.18006600388776,57.188487147319506,59.126956939697266,165934000
2020-04-03 00:00:00-04:00,58.61277240805976,59.31284110700112,57.68819653151743,58.2772216796875,129880000
2020-04-06 00:00:00-04:00,60.568146275466354,63.515681414819454,60.20121554945302,63.36118698120117,201820400
2020-04-07 00:00:00-04:00,65.37207245676143,65.58934152567265,62.52351377225885,62.627315521240234,202887200
2020-04-08 00:00:00-04:00,63.42635444288139,64.54405384793799,63.06184016051964,64.23023223876953,168895200
2020-04-09 00:00:00-04:00,64.86512738575412,65.19584902236409,63.89951332637289,64.6937255859375,161834800
2020-04-13 00:00:00-04:00,64.77098217772529,66.07215077341053,64.17229875609489,65.96351623535156,131022800
2020-04-14 00:00:00-04:00,67.59299170512948,69.58457092501276,67.12225185179103,69.29488372802734,194994800
2020-04-15 00:00:00-04:00,68.17235045630129,69.12106449233013,67.7450688913163,68.66239929199219,131154400
2020-04-16 00:00:00-04:00,69.37454631683273,69.57249897577765,68.16028687860133,69.20797729492188,157125200
2020-04-17 00:00:00-04:00,68.7251848238726,69.27075926454268,66.83499069320814,68.26892852783203,215250000
2020-04-20 00:00:00-04:00,67.09811161151838,67.99854202997274,66.83256626499734,66.85187530517578,130015200
2020-04-21 00:00:00-04:00,66.69494058852548,66.92910221467082,64.07571185080862,64.78543853759766,180991600
2020-04-22 00:00:00-04:00,66.05039726124157,67.08602016909022,65.71002486509416,66.65149688720703,116862400
2020-04-23 00:00:00-04:00,66.59598178954948,68.01543553598502,66.35457829164004,66.39320373535156,124814400
2020-04-24 00:00:00-04:00,66.91705617630512,68.31960998543786,66.86877252729914,68.30995178222656,126161200
2020-04-27 00:00:00-04:00,68.02750161594408,68.68895219864656,67.58091104598891,68.35823059082031,117087600
2020-04-28 00:00:00-04:00,68.81929803212363,69.0003506347447,67.15844834573424,67.25017547607422,112004800
2020-04-29 00:00:00-04:00,68.73481966758834,69.92735352024151,68.53204161617626,69.45903015136719,137280800
2020-04-30 00:00:00-04:00,69.99736587702316,71.10058178322025,69.60870972779222,70.92435455322266,183064000
2020-05-01 00:00:00-04:00,69.10174168301795,72.17963585405194,69.00518177066984,69.78250122070312,240616800
2020-05-04 00:00:00-04:00,69.80666911806027,70.89781053260225,69.11866751411011,70.76986694335938,133568000
2020-05-05 00:00:00-04:00,71.2285148811078,72.66245223551824,71.08367131021836,71.83202362060547,147751200
2020-05-06 00:00:00-04:00,72.53209353947886,73.20319497472518,72.14826285856589,72.57313537597656,142333600
2020-05-07 00:00:00-04:00,73.19837114485792,73.66911092684012,72.89661676334377,73.32389831542969,115215200
2020-05-08 00:00:00-04:00,73.98229650289032,75.1223827731926,73.65551811313698,75.06912994384766,133838400
2020-05-11 00:00:00-04:00,74.57775171164975,76.74415709638575,74.36957888241814,76.2503662109375,145946400
2020-05-12 00:00:00-04:00,76.93297679324957,77.3832066763356,75.25794640867731,75.37897491455078,162301200
2020-05-13 00:00:00-04:00,75.55810589582264,76.47792710847203,73.39411530032484,74.4688491821289,200622400
2020-05-14 00:00:00-04:00,73.70876906438306,74.98682954910396,72.98743664654351,74.92631530761719,158929200
2020-05-15 00:00:00-04:00,72.70183169409641,74.5293593473761,72.66794016355354,74.48336791992188,166348400
2020-05-18 00:00:00-04:00,75.80498172029709,76.611028150083,75.11511790410643,76.2382583618164,135178400
2020-05-19 00:00:00-04:00,76.25520568719914,77.09998213452099,75.76625327530091,75.79772186279297,101729600
2020-05-20 00:00:00-04:00,76.65459330065981,77.3420341535439,76.61586330214624,77.27184295654297,111504800
2020-05-21 00:00:00-04:00,77.1338852173559,77.67367499164858,76.45854411277335,76.69576263427734,102688800
2020-05-22 00:00:00-04:00,76.43433589476804,77.27185842972254,76.33267609193112,77.18955993652344,81803200
2020-05-26 00:00:00-04:00,78.30543299444078,78.48455279572174,76.61103413521022,76.66670989990234,125522000
2020-05-27 00:00:00-04:00,76.52390248864035,77.14598335609439,75.78562421645006,77.00074768066406,112945200
2020-05-28 00:00:00-04:00,76.67638285095582,78.29090607267398,76.4004417495467,77.03462982177734,133560800
2020-05-29 00:00:00-04:00,77.27669643163954,77.73660324937043,76.60377827424547,76.95960235595703,153532400
2020-06-01 00:00:00-04:00,76.91361639836452,78.0270801430567,76.78290354210658,77.90605163574219,80791200
2020-06-02 00:00:00-04:00,77.63977407114822,78.29090791932163,77.19922860751555,78.2667007446289,87642800
2020-06-03 00:00:00-04:00,78.58620379313693,78.95897353375568,78.01494559700772,78.69754791259766,104491200
2020-06-04 00:00:00-04:00,78.52085794063949,78.81858326292213,77.64702850562604,78.0197982788086,87560400
2020-06-05 00:00:00-04:00,78.26914190101967,80.30241946972693,78.24009623942295,80.24190521240234,137250400
2020-06-08 00:00:00-04:00,79.93931540745123,80.75020774515244,79.23009024878114,80.71631622314453,95654400
2020-06-09 00:00:00-04:00,80.39681304328083,83.6573136410901,80.36534445233356,83.26518249511719,147712400
2020-06-10 00:00:00-04:00,84.21161714524366,85.87454732273147,83.77349462695621,85.40737915039062,166651600
2020-06-11 00:00:00-04:00,84.55291522831224,84.97651490391192,81.20527075656385,81.30693054199219,201662400
2020-06-12 00:00:00-04:00,83.4418608157305,84.1873928706366,80.9002631844279,82.00888061523438,200146000
2020-06-15 00:00:00-04:00,80.6654845616587,83.6742509001126,80.50330314287096,83.02311706542969,138808800
2020-06-16 00:00:00-04:00,85.07333742619001,85.49452156139306,83.44187587324252,85.2234115600586,165428800
2020-06-17 00:00:00-04:00,85.96651946571197,86.02703369979835,84.9837688951085,85.10479736328125,114406400
2020-06-18 00:00:00-04:00,85.06124238777585,85.55504068464955,84.53113702208627,85.13870239257812,96820400
2020-06-19 00:00:00-04:00,85.84308414219812,86.30782937031772,83.54595856056092,84.65216064453125,264476000
2020-06-22 00:00:00-04:00,85.0443003318489,87.00980187063504,84.99830891368086,86.86698913574219,135445200
2020-06-23 00:00:00-04:00,88.10872660527849,90.13716495464834,87.68996543764521,88.72113037109375,212155600
2020-06-24 00:00:00-04:00,88.35080675031271,89.26820486684538,86.78227469992099,87.15504455566406,192623200
2020-06-25 00:00:00-04:00,87.3099530977363,88.35079512662277,86.55231359048508,88.31206512451172,137522400
2020-06-26 00:00:00-04:00,88.20798383985682,88.42825657527817,85.45095132716905,85.5986099243164,205256800
2020-06-29 00:00:00-04:00,85.50664216317482,87.66579402801841,85.02978953914176,87.5713882446289,130646000
2020-06-30 00:00:00-04:00,87.15987418081895,88.58801627360432,87.14051287267962,88.30238342285156,140223200
2020-07-01 00:00:00-04:00,88.37984827441205,88.9220535759505,88.08696138066959,88.13536834716797,110737200
2020-07-02 00:00:00-04:00,89.04066652590694,89.67485466688348,88.02160865174983,88.13536834716797,114041600
2020-07-06 00:00:00-04:00,89.56108299075036,90.9601720457748,89.52961440129422,90.49300384521484,118655600
2020-07-07 00:00:00-04:00,90.87059916943323,91.64759989931855,90.10085985246303,90.21220397949219,112424400
2020-07-08 00:00:00-04:00,91.18772214628044,92.34475442259624,91.10057777662374,92.31328582763672,117092000
2020-07-09 00:00:00-04:00,93.20405713951583,93.25730998199144,91.6645779630297,92.71026611328125,125642800
2020-07-10 00:00:00-04:00,92.30600881208682,92.93051996359854,91.69602787555728,92.87242126464844,90257200
2020-07-13 00:00:00-04:00,94.1746987408597,96.7792345052281,92.23098126624099,92.4439926147461,191649200
2020-07-14 00:00:00-04:00,91.82674866099546,94.1650203886337,90.89483503243176,93.97380065917969,170989200
2020-07-15 00:00:00-04:00,95.84487913129125,96.09419752364778,93.42430934647335,94.62007141113281,153198000
2020-07-16 00:00:00-04:00,93.49450240060445,94.31023318785083,92.85789140298706,93.45577239990234,110577600
2020-07-17 00:00:00-04:00,93.90602474618288,94.06093739920163,92.79497651338822,93.2669906616211,92186800
2020-07-20 00:00:00-04:00,93.35411815070974,95.37044953138843,93.01039399095433,95.23247528076172,90318000
2020-07-21 00:00:00-04:00,96.02158957813295,96.09662665534265,93.66879530005893,93.9181137084961,103433200
2020-07-22 00:00:00-04:00,93.62038702393836,94.86214066616996,93.53325004616464,94.18196105957031,89001600
2020-07-23 00:00:00-04:00,93.91568143989768,93.99314144318696,89.08664931990235,89.8951187133789,197004400
2020-07-24 00:00:00-04:00,88.09662345174227,90.01613315170617,86.31265765589474,89.67240905761719,185438800
2020-07-27 00:00:00-04:00,90.73264959796012,91.88968182119616,90.50996128337569,91.79769897460938,121214000
2020-07-28 00:00:00-04:00,91.36925259131361,91.54595685387366,90.28483461346657,90.28968048095703,103625600
2020-07-29 00:00:00-04:00,90.7713632677891,92.20434377285328,90.73505619988047,92.02037811279297,90329200
2020-07-30 00:00:00-04:00,91.19497870904048,93.2379404686909,90.78832470426487,93.13385772705078,158130000
2020-07-31 00:00:00-04:00,99.61614896320704,103.03399293401982,97.62159407755033,102.88391876220703,374336800
2020-08-03 00:00:00-04:00,104.7622549635953,108.09053834247213,104.4645296144692,105.47632598876953,308151200
2020-08-04 00:00:00-04:00,105.6651273181697,107.26996618839969,104.94379489849536,106.18070983886719,173071600
2020-08-05 00:00:00-04:00,105.90236369757778,106.88511455690511,105.43761099297775,106.56559753417969,121776800
2020-08-06 00:00:00-04:00,106.8972095786005,110.77738293578851,106.30901285016994,110.28358459472656,202428800
2020-08-07 00:00:00-04:00,109.80587577731004,110.26176460572711,106.98082882286342,107.77620697021484,198045600
2020-08-10 00:00:00-04:00,109.21903076531765,110.35875275642206,106.69710077257369,109.34270477294922,212403600
2020-08-11 00:00:00-04:00,108.60795666047292,109.10506522291367,105.83140397675015,106.09087371826172,187902400
2020-08-12 00:00:00-04:00,107.1796439994117,109.8737492325435,106.9856522603481,109.61670684814453,165598000
2020-08-13 00:00:00-04:00,110.99410742435849,112.55819321018032,110.5066931989482,111.55669403076172,210082000
2020-08-14 00:00:00-04:00,111.38206488530741,111.5469586132698,109.65065854076958,111.45723724365234,165565200
2020-08-17 00:00:00-04:00,112.57757328432733,112.60182410704658,110.54062998121614,111.166259765625,119561600
2020-08-18 00:00:00-04:00,110.91891544512356,112.51694618501556,110.58427334354063,112.09258270263672,105633600
2020-08-19 00:00:00-04:00,112.49996719549999,113.64453639963617,112.13865437861999,112.23322296142578,145538000
2020-08-20 00:00:00-04:00,112.27444791147464,114.83760501028006,112.25747159683876,114.7236328125,126907200
2020-08-21 00:00:00-04:00,115.68149624546582,121.11820259811186,115.66937453320799,120.6356430053711,338054800
2020-08-24 00:00:00-04:00,124.83318239328597,124.91806397068724,120.2161130032418,122.07846069335938,345937600
2020-08-25 00:00:00-04:00,120.95329109467639,121.42130160395935,119.35768029886763,121.07695770263672,211495600
2020-08-26 00:00:00-04:00,122.39128067814039,123.17938430241111,121.32673099966804,122.72349548339844,163022400
2020-08-27 00:00:00-04:00,123.32486945527224,123.65708422717836,120.11425182681509,121.25640106201172,155552400
2020-08-28 00:00:00-04:00,122.22880256231407,122.64589153107447,120.83689273182479,121.05998992919922,187630000
2020-08-31 00:00:00-04:00,123.74924435405829,127.06655257654671,122.21668415759454,125.16539764404297,225702700
2020-09-01 00:00:00-04:00,128.7737011544299,130.75245576113278,126.61066398001222,130.15106201171875,151948100
2020-09-02 00:00:00-04:00,133.45865195686625,133.8369410345014,123.1866360174791,127.45451354980469,200119000
2020-09-03 00:00:00-04:00,123.09935930505591,124.97140134269283,116.8818246649217,117.25041198730469,257599600
2020-09-04 00:00:00-04:00,116.46471189207791,119.9857128528748,107.56035532150342,117.32798767089844,332607200
2020-09-08 00:00:00-04:00,110.5284785969539,115.4171459794859,109.29661549435876,109.43241119384766,231366600
2020-09-09 00:00:00-04:00,113.73909857280785,115.56264615107492,111.79915150644727,113.79729461669922,176940500
2020-09-10 00:00:00-04:00,116.74603554472291,116.8818312711873,109.12204164322466,110.08231353759766,182274400
2020-09-11 00:00:00-04:00,111.12989436180371,111.77008060116817,106.69711453574045,108.6370620727539,180860300
2020-09-14 00:00:00-04:00,111.27538137934282,112.44904864015743,109.41303369608222,111.89616394042969,140150100
2020-09-15 00:00:00-04:00,114.7769823425134,115.26196916143692,110.1987055878256,112.07075500488281,184642000
2020-09-16 00:00:00-04:00,111.77007759799923,112.51695412354394,108.67585899150183,108.76315307617188,154679000
2020-09-17 00:00:00-04:00,106.42551466292394,108.83104527474275,105.4458391619844,107.02689361572266,178011000
2020-09-18 00:00:00-04:00,107.08508422800398,107.55066740012516,102.90449308489,103.63197326660156,287104900
2020-09-21 00:00:00-04:00,101.40103443810513,106.88138640178967,100.00427017683465,106.77468872070312,195713800
2020-09-22 00:00:00-04:00,109.29663858587081,109.47123415071694,105.88233436259476,108.4527587890625,183055400
2020-09-23 00:00:00-04:00,108.26845317272523,108.74373815268274,103.56407541081022,103.90357208251953,150718700
2020-09-24 00:00:00-04:00,102.01211308896369,106.93958033536623,101.84721936701546,104.97053527832031,167743300
2020-09-25 00:00:00-04:00,105.17424837255975,109.06384497371614,104.4370662899755,108.90864562988281,149981400
2020-09-28 00:00:00-04:00,111.55667272467461,111.85736219121794,109.39362820642745,111.50817108154297,137672400
2020-09-29 00:00:00-04:00,111.11050109828263,111.84767585373268,110.15992352372166,110.664306640625,99382200
2020-09-30 00:00:00-04:00,110.37330565840851,113.73911550361659,110.20841190929694,112.33264923095703,142675200
2020-10-01 00:00:00-04:00,114.1077098390407,114.18530951408272,112.35205974301084,113.28323364257812,116120400
2020-10-02 00:00:00-04:00,109.50031753591523,111.90585528542881,108.85043700934379,109.62641143798828,144712000
2020-10-05 00:00:00-04:00,110.4896945754234,113.14742012517607,110.1405034929378,113.00192260742188,106243800
2020-10-06 00:00:00-04:00,112.2259566607193,112.63335124814374,108.87955028037823,109.7622299194336,161498200
2020-10-07 00:00:00-04:00,111.17836295291494,112.08043858541826,110.70307061944358,111.62454986572266,96849000
2020-10-08 00:00:00-04:00,112.7594330889432,112.90493061170089,111.1492733309645,111.51786804199219,83477200
2020-10-09 00:00:00-04:00,111.81855926916633,113.48691510258755,111.46936816913343,113.45781707763672,100506900
2020-10-12 00:00:00-04:00,116.45503667336371,121.42130453731181,115.6984583933761,120.66472625732422,240226800
2020-10-13 00:00:00-04:00,121.50860234126793,121.62500184957032,116.05735487456657,117.46381378173828,262330500
2020-10-14 00:00:00-04:00,117.36681195189107,119.33585728240598,116.02825097556021,117.55110931396484,150712000
2020-10-15 00:00:00-04:00,115.15527990408137,117.56081055796655,114.60239518602361,117.08552551269531,112559200
2020-10-16 00:00:00-04:00,117.63840102761567,117.90029805270329,115.24256497002679,115.44625854492188,115393800
2020-10-19 00:00:00-04:00,116.35803418573154,116.80422116143153,112.18715207359088,112.49754333496094,120639300
2020-10-20 00:00:00-04:00,112.71092747344602,115.40746025257594,112.15804282671203,113.98159790039062,124423700
2020-10-21 00:00:00-04:00,113.16681779596242,115.14556482205545,112.95342242055368,113.3608169555664,89946000
2020-10-22 00:00:00-04:00,113.92339674553574,114.49568501963495,111.14927164811971,112.27444458007812,101988000
2020-10-23 00:00:00-04:00,112.89524032049677,113.05043966735408,110.84859518576691,111.58577728271484,82572600
2020-10-26 00:00:00-04:00,110.58670073335905,113.05043475532885,109.490625744662,111.59547424316406,111850700
2020-10-27 00:00:00-04:00,112.02225897491293,113.75851276167866,111.10078693291935,113.09893035888672,92276800
2020-10-28 00:00:00-04:00,111.59549694147971,111.96408434875251,107.76409570662547,107.86109161376953,143937800
2020-10-29 00:00:00-04:00,108.99594153712782,113.41901900582575,108.83104039265947,111.85736083984375,146129200
2020-10-30 00:00:00-04:00,107.72527053869118,108.6273463236584,104.48556211975591,105.5913314819336,190272600
2020-11-02 00:00:00-05:00,105.83382320217856,107.35668150297613,104.09756951905206,105.5040283203125,122866900
2020-11-03 00:00:00-05:00,106.3673306155269,108.14237704788208,105.46525468419668,107.12390899658203,107624400
2020-11-04 00:00:00-05:00,110.71280536595152,112.1192643704232,108.97655143196363,111.49848175048828,138235500
2020-11-05 00:00:00-05:00,114.40839736997158,116.0282591074031,113.3608313760952,115.45597076416016,126387100
2020-11-06 00:00:00-05:00,114.96527887670223,115.8203256136095,112.83736946099638,115.32479095458984,114457900
2020-11-09 00:00:00-05:00,117.08348880826458,118.53124107554257,112.75966168887598,113.02200317382812,154515300
2020-11-10 00:00:00-05:00,112.27381007713998,114.25596336763643,110.89406574913825,112.68190002441406,138023400
2020-11-11 00:00:00-05:00,113.86731293234887,116.23812654293447,113.13857769111563,116.10209655761719,112295000
2020-11-12 00:00:00-05:00,116.22841881317535,117.1126137436234,115.20818648034917,115.83003997802734,103162300
2020-11-13 00:00:00-05:00,116.05352836084144,116.27700303551688,114.52804275815001,115.87863159179688,81581900
2020-11-16 00:00:00-05:00,115.54825966136949,117.55956865833653,114.80009473182567,116.8891372680664,91183000
2020-11-17 00:00:00-05:00,116.16039565890526,117.24863549686008,115.58712010448728,116.00492858886719,74271000
2020-11-18 00:00:00-05:00,115.24705160870013,116.42274359265693,114.65434634387621,114.6834945678711,76322100
2020-11-19 00:00:00-05:00,114.25595946501045,115.6842816447608,113.49807604222319,115.27619171142578,74113000
2020-11-20 00:00:00-05:00,115.27622108410968,115.40253254906611,113.9644988709724,114.01307678222656,73604300
2020-11-23 00:00:00-05:00,113.85760341347095,114.2851304944073,110.5248536828197,110.62201690673828,127959300
2020-11-24 00:00:00-05:00,110.68033196208322,112.56532241854126,109.39775058959653,111.90460205078125,113874200
2020-11-25 00:00:00-05:00,112.27382503154757,113.43979858279869,111.90459439029078,112.7402114868164,76499200
2020-11-27 00:00:00-05:00,113.26489496698315,114.15880846315034,112.92481998616722,113.2843246459961,46691300
2020-11-30 00:00:00-05:00,113.6535707986605,117.5401594833683,113.49810369299398,115.67459869384766,169410200
2020-12-01 00:00:00-05:00,117.57902381222483,119.9692749139944,116.60737666127397,119.24053955078125,127728200
2020-12-02 00:00:00-05:00,118.56037345602128,119.87210294466338,117.4624149241799,119.59032440185547,89004200
2020-12-03 00:00:00-05:00,120.01784962535093,120.27047995352808,118.74499426371094,119.45429992675781,78967600
2020-12-04 00:00:00-05:00,119.12394191020984,119.37657225081612,118.07456118438024,118.78386688232422,78260400
2020-12-07 00:00:00-05:00,118.84216630124308,121.03809104227989,118.78386984160453,120.24134063720703,86712000
2020-12-08 00:00:00-05:00,120.84374345698704,121.43644873670094,119.60002903502645,120.85345458984375,82225500
2020-12-09 00:00:00-05:00,120.99921619827668,122.37895334699282,117.56930300737729,118.32718658447266,115089200
2020-12-10 00:00:00-05:00,117.0834850101648,120.35793867044406,116.74340998030307,119.74579620361328,81312200
2020-12-11 00:00:00-05:00,118.95876836655133,119.27941372539408,117.13207427816091,118.93933868408203,86939800
2020-12-14 00:00:00-05:00,119.12393693642923,119.85267228564851,118.09399334838469,118.32718658447266,79184500
2020-12-15 00:00:00-05:00,120.81458769248664,124.27365614702585,120.610542706532,124.25421905517578,157243700
2020-12-16 00:00:00-05:00,123.79755012617825,124.73032296084445,122.97164423038534,124.18620300292969,98208600
2020-12-17 00:00:00-05:00,125.24531371153455,125.90604149372504,124.40969655609783,125.05098724365234,94359800
2020-12-18 00:00:00-05:00,125.30361605465058,125.43964605507787,122.5441344465272,123.0688247680664,192541500
2020-12-21 00:00:00-05:00,121.47531311924551,124.67203286094654,119.94982751976666,124.59429931640625,121251600
2020-12-22 00:00:00-05:00,127.87850495293172,130.59912042639044,125.97406967366213,128.14085388183594,168904800
2020-12-23 00:00:00-05:00,128.41286824547294,128.67520225485305,127.07199067068275,127.24689483642578,88223700
2020-12-24 00:00:00-05:00,127.59669160383469,129.67601559807733,127.38292807699283,128.22825622558594,54930100
2020-12-28 00:00:00-05:00,130.19102370668213,133.446033182036,129.72462233987497,132.81446838378906,124486200
2020-12-29 00:00:00-05:00,134.13594363731207,134.8549533162403,130.53112480019288,131.0460968017578,121047300
2020-12-30 00:00:00-05:00,131.73588313851724,132.13426190963798,129.6176852728213,129.92861938476562,96452100
2020-12-31 00:00:00-05:00,130.27842990655225,130.9197204767935,127.98534242224186,128.92784118652344,99116600
2021-01-04 00:00:00-05:00,129.7343224533574,129.82176713240116,123.16598610776015,125.74085235595703,143301900
2021-01-05 00:00:00-05:00,125.23559175221487,128.00479186519019,124.78862757117713,127.29547882080078,97664900
2021-01-06 00:00:00-05:00,124.09876065496377,127.3343470647896,122.79674977159817,123.01051330566406,155088000
2021-01-07 00:00:00-05:00,124.72061661130184,127.89790663345559,124.23479308365204,127.2080307006836,109578200
2021-01-08 00:00:00-05:00,128.67518495872093,128.86952618923627,126.53756485844092,128.30596923828125,105158200
2021-01-11 00:00:00-05:00,125.5270809622862,126.47929089114106,124.85664214589357,125.32302856445312,100384500
2021-01-12 00:00:00-05:00,124.85664288048969,126.0129052139805,123.26314235039197,125.14813995361328,91951100
2021-01-13 00:00:00-05:00,125.1092658720847,127.72299874717103,124.84693184960055,127.17887878417969,88636800
2021-01-14 00:00:00-05:00,127.0914711114013,127.28579760816623,125.10930229637951,125.25505828857422,90221800
2021-01-15 00:00:00-05:00,125.12872573594878,126.52790008179282,123.39919489904703,123.53522491455078,111598500
2021-01-19 00:00:00-05:00,124.15706500945309,125.0607045202907,123.34088500532488,124.20565032958984,90757300
2021-01-20 00:00:00-05:00,125.01214395162096,128.7335548533042,124.90526215662156,128.28659057617188,104319500
2021-01-21 00:00:00-05:00,130.00634046330194,135.70990224444625,129.80228811860928,132.98928833007812,120150900
2021-01-22 00:00:00-05:00,132.41609459613093,135.88488261922302,131.19182431947797,135.1269989013672,114459400
2021-01-25 00:00:00-05:00,139.01352325855314,140.97623923925303,132.66865562808596,138.86776733398438,157611700
2021-01-26 00:00:00-05:00,139.52854031294,140.20869037046396,137.3617564370404,139.10101318359375,98390600
2021-01-27 00:00:00-05:00,139.36333253146313,140.20867556656404,136.4289690465183,138.0321807861328,140843800
2021-01-28 00:00:00-05:00,135.5642045936499,137.96417406452278,132.82415271471342,133.20309448242188,142621100
2021-01-29 00:00:00-05:00,131.9788681052856,132.86307079745845,126.51821446231364,128.21859741210938,177523800
2021-02-01 00:00:00-05:00,129.95774356816557,131.5415324023742,127.21769281152132,130.33668518066406,106239800
2021-02-02 00:00:00-05:00,131.8816527763116,132.4452098565485,130.79341280132044,131.1626434326172,83305400
2021-02-03 00:00:00-05:00,131.91078476116337,131.92051071941538,129.82174974648763,130.14239501953125,89880900
2021-02-04 00:00:00-05:00,132.43547630144383,133.50427900274144,130.77395356806818,133.49456787109375,84183100
2021-02-05 00:00:00-05:00,133.6551792335879,133.7232884555335,132.20525610000038,133.08103942871094,75693800
2021-02-08 00:00:00-05:00,132.3706427004726,133.2756324021585,131.29050232328603,133.2269744873047,71297200
2021-02-09 00:00:00-05:00,132.94477197557092,134.1708861386868,132.19549648512387,132.35118103027344,76774200
2021-02-10 00:00:00-05:00,132.80855342312873,133.3048434386966,130.78450562896475,131.7478790283203,73046600
2021-02-11 00:00:00-05:00,132.24416393424985,132.72098784651604,130.17147291387968,131.49488830566406,64280000
2021-02-12 00:00:00-05:00,130.73587365349886,131.88412349618312,130.09362466607496,131.72842407226562,60145100
2021-02-16 00:00:00-05:00,131.84518629017936,132.35118706954955,129.2178071626484,129.6070556640625,80576300
2021-02-17 00:00:00-05:00,127.7192714814344,128.66317890424816,125.98715607320858,127.32029724121094,97918500
2021-02-18 00:00:00-05:00,125.7244206319919,126.50290300476138,123.98257950080088,126.22071075439453,96856700
2021-02-19 00:00:00-05:00,126.73642239782728,127.19378012757379,125.33515742569439,126.3763656616211,87668800
2021-02-22 00:00:00-05:00,124.56639727156255,126.23040308983671,122.22123254914695,122.6104736328125,103916400
2021-02-23 00:00:00-05:00,120.43073670834654,123.30137584564321,115.20519230196524,122.4742431640625,158273000
2021-02-24 00:00:00-05:00,121.57898434363891,122.18230093698557,118.94188709836797,121.97795104980469,111039900
2021-02-25 00:00:00-05:00,121.32599812486836,123.05811336412599,117.29736837706596,117.73526000976562,148199500
2021-02-26 00:00:00-05:00,119.29221728289741,121.49142336780443,117.93961010314024,117.99800109863281,164560400
2021-03-01 00:00:00-05:00,120.42101925940007,124.48857398468387,119.48684497058966,124.35234069824219,116307900
2021-03-02 00:00:00-05:00,124.95565484356455,125.25731317881322,121.6471165286429,121.75415802001953,102260900
2021-03-03 00:00:00-05:00,121.45249652917722,122.32828720569532,118.56239100874602,118.77647399902344,112966300
2021-03-04 00:00:00-05:00,118.47481493176636,120.27504677444026,115.4290174341431,116.89839172363281,178155000
2021-03-05 00:00:00-05:00,117.72552038212189,118.65969453198089,114.40724922583529,118.15367889404297,153766600
2021-03-08 00:00:00-05:00,117.67686731260757,117.74498394850409,113.08383865170997,113.22980499267578,154376600
2021-03-09 00:00:00-05:00,115.8279835568737,118.77647261328785,115.59444185391254,117.83256530761719,129525800
2021-03-10 00:00:00-05:00,118.41643235397203,118.88351576641335,116.23668501538924,116.75243377685547,111943300
2021-03-11 00:00:00-05:00,119.24355264557505,119.89552719538874,117.99798711036199,118.67915344238281,103026500
2021-03-12 00:00:00-05:00,117.16112781873039,117.91041082516712,115.9544870681418,117.77417755126953,88105100
2021-03-15 00:00:00-04:00,118.14396621912681,120.66428934425417,117.18059275719496,120.65455627441406,92403800
2021-03-16 00:00:00-04:00,122.31855495993447,123.79766976227535,121.36492199120141,122.19205474853516,115227900
2021-03-17 00:00:00-04:00,120.71293967926185,122.47424657756945,119.04893377660937,121.40383911132812,111932600
2021-03-18 00:00:00-04:00,119.57439391707281,119.86632656590932,117.08326303051578,117.28761291503906,121229700
2021-03-19 00:00:00-04:00,116.67456302671786,118.16340319964601,116.46048007455593,116.76213836669922,185549500
2021-03-22 00:00:00-04:00,117.09302062360135,120.53779245026008,117.02490398115997,120.0707015991211,111912300
2021-03-23 00:00:00-04:00,120.0123099463268,120.89782623844285,118.8543196786337,119.24356079101562,95467100
2021-03-24 00:00:00-04:00,119.51603034411634,119.5938800533793,116.8400078374971,116.85946655273438,88530500
2021-03-25 00:00:00-04:00,116.32425877519718,118.38723138862223,115.79878440882977,117.34600830078125,98844700
2021-03-26 00:00:00-04:00,117.1124598512715,118.2120664416162,115.72092802368101,117.94932556152344,94071200
2021-03-29 00:00:00-04:00,118.37749665321657,119.28247903408416,117.48224734126221,118.1244888305664,80819200
2021-03-30 00:00:00-04:00,116.878940997672,117.1611406456859,115.66256704459003,116.67459106445312,85671900
2021-03-31 00:00:00-04:00,118.37750228821312,120.19719278132602,117.89095275757859,118.86405181884766,118323800
2021-04-01 00:00:00-04:00,120.33343394406754,120.8394421912494,119.19490239563412,119.6911849975586,75089100
2021-04-05 00:00:00-04:00,120.53777100210417,122.76616851425374,119.75928886344587,122.5131607055664,88651200
2021-04-06 00:00:00-04:00,123.09704186712644,123.71009165590245,122.26990907854241,122.8148422241211,80171300
2021-04-07 00:00:00-04:00,122.44503616328456,124.47880929727646,121.77359554768178,124.4593505859375,83466700
2021-04-08 00:00:00-04:00,125.48112948683244,126.88239460577601,125.06270398931379,126.85320281982422,88844600
2021-04-09 00:00:00-04:00,126.3082511367721,129.4610823431084,125.987126690143,129.4221649169922,106686700
2021-04-12 00:00:00-04:00,128.955130190773,129.27625475849754,127.11597301076343,127.70956420898438,91420000
2021-04-13 00:00:00-04:00,128.8772026312571,131.0374830743866,128.38091275888675,130.81365966796875,91266500
2021-04-14 00:00:00-04:00,131.3099933958929,131.36837696548068,128.1182295730411,128.478271484375,87222800
2021-04-15 00:00:00-04:00,130.22012045971883,131.36837019796266,130.04495491166549,130.88182067871094,89347100
2021-04-16 00:00:00-04:00,130.6871976204425,131.04723949609195,129.69463249088383,130.55096435546875,84922400
2021-04-19 00:00:00-04:00,129.91843832937323,131.82571884662076,129.75301328602865,131.21266174316406,94264200
2021-04-20 00:00:00-04:00,131.38781245275527,131.8840875267871,128.2641585737153,129.52919006347656,94812300
2021-04-21 00:00:00-04:00,128.79937448295544,130.15198139662152,127.76789199677557,129.90870666503906,68847100
2021-04-22 00:00:00-04:00,129.46108603950333,130.54122653689166,127.8749447465964,128.39068603515625,84566500
2021-04-23 00:00:00-04:00,128.60476763173878,131.4851323617936,128.60476763173878,130.7066650390625,78657500
2021-04-26 00:00:00-04:00,131.20294297565732,131.426751593288,129.9671030596472,131.0959014892578,66905100
2021-04-27 00:00:00-04:00,131.3780816016613,131.7673300838562,130.5022985012677,130.77476501464844,66015800
2021-04-28 00:00:00-04:00,130.69691506905932,131.38782184344353,129.50000754125335,129.98655700683594,107760100
2021-04-29 00:00:00-04:00,132.79882309453924,133.38268843991688,128.886960916459,129.88925170898438,151101000
2021-04-30 00:00:00-04:00,128.23498319758693,129.96709820494203,127.54409123252586,127.92359924316406,109839500
2021-05-03 00:00:00-04:00,128.48799878924353,130.46340362512916,128.28365629304724,128.97454833984375,75135100
2021-05-04 00:00:00-04:00,127.66086791309522,127.95280060042849,123.29164779323206,124.41071319580078,137564700
2021-05-05 00:00:00-04:00,125.72438402846821,126.9407577416854,124.5274764521898,124.65398406982422,84000900
2021-05-06 00:00:00-04:00,124.44965376287253,126.25961883490083,123.71009630596178,126.24989318847656,78128300
2021-05-07 00:00:00-04:00,127.54630313860244,127.9459401484153,126.21088280565189,126.9224624633789,78973300
2021-05-10 00:00:00-04:00,126.14265555263232,126.26936319427197,123.60829449035425,123.64728546142578,88071200
2021-05-11 00:00:00-04:00,120.38186236478138,123.08192191649415,119.67029018955704,122.73101806640625,126142800
2021-05-12 00:00:00-04:00,120.28437887697672,121.49306907963458,119.1634127705143,119.67028045654297,112172300
2021-05-13 00:00:00-04:00,121.43459040557941,122.96495055227784,121.12267010296466,121.81474304199219,105861300
2021-05-14 00:00:00-04:00,123.06243260302256,124.66102519199373,122.67253033910511,124.23213195800781,81918000
2021-05-17 00:00:00-04:00,123.6180179933794,123.72524128199667,122.00967610088587,123.08190155029297,74244600
2021-05-18 00:00:00-04:00,123.36458623209384,123.78372980629568,121.62952920667057,121.69776153564453,63342900
2021-05-19 00:00:00-04:00,120.05045503106065,121.76601312715728,119.75802646818856,121.54182434082031,92612000
2021-05-20 00:00:00-04:00,122.06817161997536,124.49530152830624,121.94144912599474,124.09564971923828,76857100
2021-05-21 00:00:00-04:00,124.59278661639331,124.76824225453443,122.04868358173061,122.26313018798828,79295400
2021-05-24 00:00:00-04:00,122.82849985689472,124.70977148763245,122.76026751533502,123.89097595214844,63092900
2021-05-25 00:00:00-04:00,124.59279202902988,125.08017543327662,123.1306641265909,123.6960220336914,72009500
2021-05-26 00:00:00-04:00,123.75450877268065,124.17365241574042,123.228141818366,123.64728546142578,56575900
2021-05-27 00:00:00-04:00,123.2476516785167,124.41735116472775,121.92198829453461,122.11693572998047,94625600
2021-05-28 00:00:00-04:00,122.39960530367183,122.62380153028337,121.405361560534,121.4638442993164,71311100
2021-06-01 00:00:00-04:00,121.92198599710954,122.18516577367905,120.81076927511776,121.14218139648438,67637100
2021-06-02 00:00:00-04:00,121.14217571934485,122.07793673418138,120.91798692698966,121.90248107910156,59278900
2021-06-03 00:00:00-04:00,121.5320769508381,121.69778300232346,120.02120840977952,120.42086029052734,76229200
2021-06-04 00:00:00-04:00,120.93747667465416,122.97471215998662,120.72303005127523,122.7115249633789,75169300
2021-06-07 00:00:00-04:00,122.98442450804504,123.1306387555149,121.67826075398287,122.72124481201172,71057600
2021-06-08 00:00:00-04:00,123.40358202860334,125.21662849111421,123.0234294041827,123.54004669189453,74403800
2021-06-09 00:00:00-04:00,123.99819373222839,124.52456067367201,123.32561251203367,123.92021179199219,56877900
2021-06-10 00:00:00-04:00,123.81297704481983,124.95344236430199,122.7602506959565,122.92595672607422,71186400
2021-06-11 00:00:00-04:00,123.33535493510138,124.22238272093318,122.91621132668672,124.13465118408203,53522400
2021-06-14 00:00:00-04:00,124.59278699385679,127.24410590291394,123.8617230721818,127.18562316894531,96906500
2021-06-15 00:00:00-04:00,126.65928803562127,127.30262798000346,126.12317141530278,126.36685943603516,62746300
2021-06-16 00:00:00-04:00,127.0783763157019,127.58525137205336,125.21661184407183,126.86392974853516,91815000
2021-06-17 00:00:00-04:00,126.52282306860805,129.20339129093645,126.37660133235921,128.4625701904297,96721700
2021-06-18 00:00:00-04:00,127.40983331102534,128.1896229684165,126.95169870686416,127.16614532470703,108953300
2021-06-21 00:00:00-04:00,127.01021243070467,129.0669401319559,125.94773612079095,128.959716796875,79663300
2021-06-22 00:00:00-04:00,128.79399242175575,130.69475593415476,128.2968593599112,130.59727478027344,74783600
2021-06-23 00:00:00-04:00,130.39251953322466,130.92863586258943,129.8661453649289,130.32427978515625,60214200
2021-06-24 00:00:00-04:00,131.05542269642876,131.24062798342803,129.57379527397197,130.04168701171875,68711000
2021-06-25 00:00:00-04:00,130.09036030729925,130.50949637284592,129.4567628177243,129.7491912841797,70783700
2021-06-28 00:00:00-04:00,130.04165459260284,131.83519451956099,129.98317185834844,131.37705993652344,62111300
2021-06-29 00:00:00-04:00,131.39653993588485,133.043872786454,130.95790461954863,132.88790893554688,64556100
2021-06-30 00:00:00-04:00,132.73195190270366,133.94064949902392,132.43952338561445,133.50201416015625,63261400
2021-07-01 00:00:00-04:00,133.15111722207564,133.86268195374564,132.3323143115352,133.80419921875,52485800
2021-07-02 00:00:00-04:00,134.41828334809892,136.46526832234767,134.27207651002422,136.42628479003906,78852600
2021-07-06 00:00:00-04:00,136.53353205806397,139.5357553993497,136.53353205806397,138.43429565429688,108181800
2021-07-07 00:00:00-04:00,139.91586805219615,141.231788943126,139.05809657469072,140.9198760986328,104911600
2021-07-08 00:00:00-04:00,138.00536723887996,140.42274763655988,137.11833949517367,139.6234588623047,105575500
2021-07-09 00:00:00-04:00,139.1458282969305,141.97260274724476,139.04834716131978,141.4462432861328,99890800
2021-07-12 00:00:00-04:00,142.51848639937432,142.62570970674338,140.364278087154,140.85165405273438,76299700
2021-07-13 00:00:00-04:00,140.39352411006757,143.7369310790402,140.00362927408963,141.96287536621094,100827100
2021-07-14 00:00:00-04:00,144.3607540301203,145.79364043052715,143.95134516697595,145.3842315673828,127050800
2021-07-15 00:00:00-04:00,145.47199168239987,146.21279783696795,143.3762659892824,144.73117065429688,106820300
2021-07-16 00:00:00-04:00,144.71169838540143,145.9788641734468,142.196836268165,142.69395446777344,93251400
2021-07-19 00:00:00-04:00,140.1205738932986,140.43250161447835,138.09308832622733,138.8533935546875,121434600
2021-07-20 00:00:00-04:00,139.83793618290784,143.38603306380864,139.35056015600642,142.4600067138672,96350000
2021-07-21 00:00:00-04:00,141.85565012536404,142.4405072449087,140.97837931958148,141.7289276123047,74993500
2021-07-22 00:00:00-04:00,142.25529492286392,144.4582288663732,142.12857241610413,143.0935821533203,77338200
2021-07-23 00:00:00-04:00,143.82464898024415,144.9651069434816,143.2105505102186,144.80914306640625,71447400
2021-07-26 00:00:00-04:00,144.52644902049065,146.04705940106285,143.97083337261068,145.228271484375,72434100
2021-07-27 00:00:00-04:00,145.35500444699645,145.4427434254304,141.87514775749966,143.06434631347656,104818600
2021-07-28 00:00:00-04:00,141.15382825419624,143.25929604709813,138.94113715127986,141.3195343017578,118931200
2021-07-29 00:00:00-04:00,141.03686397561236,142.84990322262558,140.92964066468824,141.96287536621094,56699500
2021-07-30 00:00:00-04:00,140.73469364228038,142.63545700170118,140.47150644681145,142.1773223876953,70440600
2021-08-02 00:00:00-04:00,142.6646895204393,143.2397895751834,141.582714310116,141.8459014892578,62880000
2021-08-03 00:00:00-04:00,142.12859665195967,144.30228959895823,141.51449808960257,143.63946533203125,64786600
2021-08-04 00:00:00-04:00,143.55170433223327,144.05856456840556,142.5866946784069,143.23977661132812,56368300
2021-08-05 00:00:00-04:00,143.26906394319104,144.10735137016883,142.47951709743447,143.3470458984375,46397700
2021-08-06 00:00:00-04:00,142.86869219057516,143.61060825982952,142.16581806356817,142.66368103027344,54126800
2021-08-09 00:00:00-04:00,142.72223685529076,143.21034301067533,142.05841963396023,142.61485290527344,48908700
2021-08-10 00:00:00-04:00,142.9565198163916,144.19631350606738,141.84363848192044,142.13650512695312,69023100
2021-08-11 00:00:00-04:00,142.57581781429272,143.2298783064216,142.06818321748432,142.3903350830078,48493500
2021-08-12 00:00:00-04:00,142.71246608285676,145.5044336133679,142.37078584930737,145.34823608398438,72282600
2021-08-13 00:00:00-04:00,145.42635605950554,145.88517705910473,144.7430103885552,145.5532684326172,59375000
2021-08-16 00:00:00-04:00,145.0065478391044,147.59351900321374,142.9857964116818,147.52517700195312,103296000
2021-08-17 00:00:00-04:00,146.6563820290242,148.07188700426227,145.5435005089824,146.61734008789062,92229700
2021-08-18 00:00:00-04:00,146.23663716721276,147.13475089008148,142.67345256358962,142.8784637451172,86326000
2021-08-19 00:00:00-04:00,141.5800998127829,144.47945217305653,141.06270837166667,143.2103729248047,86960300
2021-08-20 00:00:00-04:00,143.9327425154178,144.9675251601663,143.28843882859866,144.66490173339844,60549600
2021-08-23 00:00:00-04:00,144.78202147056598,146.61730507779947,144.3720141553827,146.1487274169922,60131800
2021-08-24 00:00:00-04:00,145.89497398579473,147.2714373635395,145.60210721881165,146.06092834472656,48606400
2021-08-25 00:00:00-04:00,146.24637657624294,146.74425443123712,144.28419502392072,144.83087158203125,58991300
2021-08-26 00:00:00-04:00,144.82110951404735,145.57278230599707,144.00107981111,144.03036499023438,48597200
2021-08-27 00:00:00-04:00,143.97180225819312,145.2115961914639,143.33727014912955,145.06517028808594,55802400
2021-08-30 00:00:00-04:00,145.45564049048158,149.83883931473636,145.07491826892314,149.47763061523438,90956700
2021-08-31 00:00:00-04:00,149.0285807911714,149.16524992421503,147.6911597437249,148.21832275390625,86453100
2021-09-01 00:00:00-04:00,149.19453621732464,151.29338682527435,148.71618680019012,148.88214111328125,80313700
2021-09-02 00:00:00-04:00,150.20979354918074,151.0395800272227,148.77476016459727,149.99502563476562,71115500
2021-09-03 00:00:00-04:00,150.10242979976638,150.95174481050074,149.4483692072004,150.6295928955078,57808700
2021-09-07 00:00:00-04:00,151.2836513561049,153.5191714127496,150.7174463222015,152.96273803710938,82278300
2021-09-08 00:00:00-04:00,153.24578484904103,153.30435519689405,150.31714828986404,151.42027282714844,74420200
2021-09-09 00:00:00-04:00,151.79126431107525,152.39651120399355,150.28788894400816,150.40504455566406,57305700
2021-09-10 00:00:00-04:00,151.31293648668662,151.78151431271888,145.1627947987088,145.42637634277344,140893200
2021-09-13 00:00:00-04:00,147.04691089853316,147.8181123098774,145.2116264164885,145.9925994873047,102404300
2021-09-14 00:00:00-04:00,146.77353720711707,147.4764113119793,143.41536423851278,144.59657287597656,109296300
2021-09-15 00:00:00-04:00,145.02608811276684,145.88515965134906,142.88818092204215,145.4849090576172,83281300
2021-09-16 00:00:00-04:00,144.90900590201122,145.42639740682142,143.7180252958157,145.25067138671875,68034100
2021-09-17 00:00:00-04:00,145.27994241453277,145.27994241453277,142.29271983680104,142.58558654785156,129868800
2021-09-20 00:00:00-04:00,140.37936883525987,141.3946233415319,137.90955225490944,139.53982543945312,123478900
2021-09-21 00:00:00-04:00,140.50621829477157,141.1602935933769,139.38358019514303,140.0181121826172,75834000
2021-09-22 00:00:00-04:00,141.0138481925674,142.94674416241062,140.28168904837355,142.38055419921875,76404300
2021-09-23 00:00:00-04:00,143.16153904107028,143.581318108749,142.1755699033987,143.33726501464844,64838200
2021-09-24 00:00:00-04:00,142.1950877231893,143.96202960944674,142.09746053449825,143.42510986328125,53477900
2021-09-27 00:00:00-04:00,142.0095839613355,142.48793328173883,140.39883985731234,141.91195678710938,74150700
2021-09-28 00:00:00-04:00,139.84245357149845,141.3067724570639,138.31956431384194,138.53433227539062,108972300
2021-09-29 00:00:00-04:00,139.08096654322168,141.0138627120859,138.6514307510702,139.43240356445312,74602000
2021-09-30 00:00:00-04:00,140.2426397437822,140.94551367693097,137.91925008166186,138.13401794433594,89056700
2021-10-01 00:00:00-04:00,138.52450892126643,139.5202495626883,135.80088336468526,139.2566680908203,94639600
2021-10-04 00:00:00-04:00,138.3878720570302,138.82717957779718,134.98090012736012,135.8302001953125,98322000
2021-10-05 00:00:00-04:00,136.17188224652747,138.85646652806082,136.04496985928344,137.7533416748047,80861100
2021-10-06 00:00:00-04:00,136.15233067899587,138.76857249312508,135.07849119061893,138.6221466064453,83221100
2021-10-07 00:00:00-04:00,139.65691457441454,140.78932429837576,139.32500600229986,139.88143920898438,61732700
2021-10-08 00:00:00-04:00,140.60382633425183,140.75025218963773,139.16879336821262,139.50070190429688,58773200
2021-10-11 00:00:00-04:00,138.88573944232053,141.36531233280488,138.43667519346084,139.4128875732422,64452200
2021-10-12 00:00:00-04:00,139.82291608395988,139.8424445053315,137.68500826630617,138.14382934570312,73035900
2021-10-13 00:00:00-04:00,137.8802114942071,138.03639411972742,135.88873033671427,137.5580596923828,78762700
2021-10-14 00:00:00-04:00,138.72954178771872,140.45744186952987,138.1438084019397,140.3402862548828,69907100
2021-10-15 00:00:00-04:00,140.35006796929892,141.45317790755652,140.09624319922384,141.3946075439453,67940300
2021-10-18 00:00:00-04:00,140.03766984054468,143.347029376178,139.75457479053856,143.06393432617188,85589200
2021-10-19 00:00:00-04:00,143.51298745891924,145.62160993395176,143.06393807186709,145.2213592529297,76378900
2021-10-20 00:00:00-04:00,145.16273523241006,146.18776090909918,144.5965304310407,145.70941162109375,58418800
2021-10-21 00:00:00-04:00,145.27017952577518,146.0804376870695,144.35253739380764,145.9242401123047,61421000
2021-10-22 00:00:00-04:00,146.129212114762,146.60754657748723,145.10418628692474,145.1529998779297,58883400
2021-10-25 00:00:00-04:00,145.14324421012236,145.8168331110648,144.10846150842693,145.1042022705078,50720600
2021-10-26 00:00:00-04:00,145.77779264971988,147.2518679421637,145.46539754636262,145.76803588867188,60893400
2021-10-27 00:00:00-04:00,145.80706700277705,146.16826078037482,144.95776708428832,145.3092041015625,56094900
2021-10-28 00:00:00-04:00,146.25616571377768,149.5264686918417,146.1585385042387,148.9407501220703,100077900
2021-10-29 00:00:00-04:00,143.718003300801,146.37330245291255,142.92727357091124,146.23663330078125,124953200
2021-11-01 00:00:00-04:00,145.44585011354084,146.13895238181297,144.28415529948526,145.41656494140625,74588300
2021-11-02 00:00:00-04:00,145.12372094423125,147.96450225059075,145.11394928812004,146.4513702392578,69122000
2021-11-03 00:00:00-04:00,146.81257403590004,148.35499132920407,146.25614074482093,147.88641357421875,54511500
2021-11-04 00:00:00-04:00,147.97426542713765,148.80403696262286,147.0566234619275,147.3690185546875,60394600
2021-11-05 00:00:00-04:00,148.49328605752575,148.79635114627666,146.7042085245969,147.8969268798828,65463900
2021-11-08 00:00:00-05:00,148.02402320404659,148.18044870579655,146.80197694204415,147.07571411132812,55020900
2021-11-09 00:00:00-05:00,146.84107977637362,148.0435691533501,146.70421118808,147.43743896484375,56787900
2021-11-10 00:00:00-05:00,146.6650887001066,146.77262935345158,144.54361846371455,144.61204528808594,65187100
2021-11-11 00:00:00-05:00,145.62883774477925,146.0883134852804,144.37744845730748,144.56320190429688,41000000
2021-11-12 00:00:00-05:00,145.11067671997742,147.03662312152338,144.18192440007093,146.63580322265625,63804000
2021-11-15 00:00:00-05:00,147.00728981052836,148.483531417499,146.08830852560698,146.64556884765625,59222800
2021-11-16 00:00:00-05:00,146.58690654221206,148.102247003654,146.00031832566742,147.62319946289062,59256200
2021-11-17 00:00:00-05:00,147.62318884522813,151.53373689410836,147.61341784542643,150.05751037597656,88807000
2021-11-18 00:00:00-05:00,150.2726099643279,155.12168178008048,149.627365877677,154.33956909179688,137827700
2021-11-19 00:00:00-05:00,154.12449892543512,157.41914644005507,153.02955003283444,156.95965576171875,117305600
2021-11-22 00:00:00-05:00,158.06434223873075,161.9944471367291,157.39955624235793,157.4191131591797,117467900
2021-11-23 00:00:00-05:00,157.5168614506406,158.18166233731603,155.50293170970644,157.80038452148438,96041900
2021-11-24 00:00:00-05:00,157.1551823252834,158.5140974575523,156.07000441983408,158.31857299804688,69463600
2021-11-26 00:00:00-05:00,156.0015407986573,156.8618512011978,152.86331951425362,153.30325317382812,76959800
2021-11-29 00:00:00-05:00,155.8060008585356,157.58530732404222,155.23896961955737,156.65655517578125,88748200
2021-11-30 00:00:00-05:00,156.41218795497596,161.81852071802552,156.34374618750323,161.6034393310547,174048100
2021-12-01 00:00:00-05:00,163.73463874085127,166.49158221025922,160.85061260681175,161.0852508544922,152052500
2021-12-02 00:00:00-05:00,155.19009727061072,160.52798674829987,154.27111613625055,160.0978240966797,136739200
2021-12-03 00:00:00-05:00,160.35203598315746,161.27101721338744,156.14819360952984,158.2207794189453,118023100
2021-12-06 00:00:00-05:00,160.61597549233863,164.12570364495514,160.60620449270007,161.62295532226562,107497000
2021-12-07 00:00:00-05:00,165.2988844701773,167.7429772469704,164.57542763792551,167.35191345214844,120405400
2021-12-08 00:00:00-05:00,168.2806769394803,172.02502878126478,166.88264814477856,171.16470336914062,116998900
2021-12-09 00:00:00-05:00,170.9985205283445,172.7973693361273,170.03065436230736,170.65634155273438,108923700
2021-12-10 00:00:00-05:00,171.29177949219212,175.61293309472177,170.78340409261324,175.43695068359375,115402700
2021-12-13 00:00:00-05:00,177.06962931153166,178.05705234389498,171.60464142456377,171.80995178222656,153237000
2021-12-14 00:00:00-05:00,171.33089709564845,173.76521877848376,168.35888695654498,170.4314727783203,139380400
2021-12-15 00:00:00-05:00,171.1940123824784,175.48583813344078,168.45662585148168,175.29031372070312,131063300
2021-12-16 00:00:00-05:00,175.27077720416733,177.08918279763162,166.93153397693786,168.4077606201172,150185800
2021-12-17 00:00:00-05:00,166.12988807604526,169.59073223954843,165.8952646870351,167.31283569335938,195432700
2021-12-20 00:00:00-05:00,164.51677542044033,166.76534380811088,163.71512072913166,165.9539031982422,107499100
2021-12-21 00:00:00-05:00,167.72341591348743,169.3267401361631,165.3379790393109,169.12144470214844,91185900
2021-12-22 00:00:00-05:00,169.17029609354066,171.92723953166936,168.30019977990446,171.712158203125,92135300
2021-12-23 00:00:00-05:00,171.9174833311616,172.89512039322665,171.35045204505695,172.33786010742188,68356600
2021-12-27 00:00:00-05:00,173.12975263201184,176.3852860059842,173.1102106304085,176.29730224609375,74919600
2021-12-28 00:00:00-05:00,176.1310871789595,177.27492068975482,174.5375340801528,175.28053283691406,79144300
2021-12-29 00:00:00-05:00,175.31966069433915,176.59059189162147,174.15627017338588,175.36854553222656,62348900
2021-12-30 00:00:00-05:00,175.4565079119385,176.53191454419968,174.10736412193012,174.21490478515625,59773000
2021-12-31 00:00:00-05:00,174.1074360102098,175.22194201765737,173.2959952012913,173.5990753173828,64062300
2022-01-03 00:00:00-05:00,173.8532266687499,178.79029755777358,173.73591497728762,177.9397430419922,104487900
2022-01-04 00:00:00-05:00,178.5458966574974,178.84896181974315,175.11438034514651,175.68141174316406,99310400
2022-01-05 00:00:00-05:00,175.5933747274367,176.1408490374331,170.7345178498846,171.0082550048828,94537600
2022-01-06 00:00:00-05:00,168.83792269234627,171.3797850968752,167.80162976232634,168.15357971191406,96904000
2022-01-07 00:00:00-05:00,169.02369367342152,170.24574016447164,167.20528789803654,168.31979370117188,86709100
2022-01-10 00:00:00-05:00,165.2988731483881,168.64239004792708,164.40921985835627,168.33932495117188,106765600
2022-01-11 00:00:00-05:00,168.46643037323963,171.26245812752686,166.99997473942338,171.16470336914062,76138300
2022-01-12 00:00:00-05:00,172.18144710369126,173.21774007794218,170.91053076473975,171.60464477539062,74805200
2022-01-13 00:00:00-05:00,171.8490383580425,172.6702498945838,167.94826118313497,168.33932495117188,84505800
2022-01-14 00:00:00-05:00,167.50832321300913,169.89375992557677,167.26391395832079,169.19964599609375,80440800
2022-01-18 00:00:00-05:00,167.67449730684277,168.68146210817613,165.62146879237642,166.00274658203125,90956700
2022-01-19 00:00:00-05:00,166.19826843077354,167.2541180438521,162.2290651127062,162.5125732421875,94815000
2022-01-20 00:00:00-05:00,163.24583471657064,165.8854518373375,160.50844792121475,160.83106994628906,91420500
2022-01-21 00:00:00-05:00,160.74307541554964,162.61036568511253,158.67048972769118,158.7780303955078,122848900
2022-01-24 00:00:00-05:00,156.44148123567246,158.67049246380245,151.2404450916643,158.0056915283203,162294600
2022-01-25 00:00:00-05:00,155.42475069595457,159.1202179477596,153.50859022634555,156.2068634033203,115798400
2022-01-26 00:00:00-05:00,159.84369205931444,160.71378862428045,154.2907195812304,156.118896484375,108275300
2022-01-27 00:00:00-05:00,158.81715723147198,160.17607231774176,154.74041197266266,155.65939331054688,121954600
2022-01-28 00:00:00-05:00,162.00427111169125,166.54050723879885,159.15934320684596,166.5209503173828,179935700
2022-01-31 00:00:00-05:00,166.35473547583268,171.0864955438015,165.71926239899202,170.8714141845703,115541600
2022-02-01 00:00:00-05:00,170.1186120178827,170.93005253238587,168.4566320719076,170.7052001953125,86213900
2022-02-02 00:00:00-05:00,170.8421090824681,171.94684394629172,169.45386598046034,171.90773010253906,84914300
2022-02-03 00:00:00-05:00,170.57813105955574,172.29878204430065,168.27090671710556,169.03346252441406,89418100
2022-02-04 00:00:00-05:00,168.05455952783922,170.42346859121156,167.0756769166009,168.74957275390625,82465400
2022-02-07 00:00:00-05:00,169.20964451994723,170.27662295458384,167.3399751947351,168.0349884033203,77251200
2022-02-08 00:00:00-05:00,168.1035042386361,171.64706939744136,167.80983647215697,171.13804626464844,74829200
2022-02-09 00:00:00-05:00,172.33228001362485,172.9196005956565,171.20655609241282,172.5574188232422,71285000
2022-02-10 00:00:00-05:00,170.46259150846328,171.77429042410176,167.92728951408122,168.48524475097656,90865900
2022-02-11 00:00:00-05:00,168.690860750742,169.4250227899619,164.4914455219278,165.0787811279297,98670700
2022-02-14 00:00:00-05:00,163.83558309476697,165.99892030677,163.04269054419584,165.31370544433594,86185500
2022-02-15 00:00:00-05:00,167.35955476472148,169.29773807776493,166.654758116967,169.14111328125,62527400
2022-02-16 00:00:00-05:00,168.22097415914394,169.67949961629867,166.4589825612284,168.90618896484375,61177400
2022-02-17 00:00:00-05:00,167.4182971510757,168.27971865617212,164.91235997613748,165.31370544433594,69589300
2022-02-18 00:00:00-05:00,166.23387859788448,166.93866044821442,162.68052937533312,163.76708984375,82772700
2022-02-22 00:00:00-05:00,161.49607262837773,163.16996871038384,158.7258326412145,160.8500213623047,91162800
2022-02-23 00:00:00-05:00,162.04423283731927,162.6413518716535,156.37650867254357,156.68975830078125,90009200
2022-02-24 00:00:00-05:00,149.35790916683425,159.4110376690062,148.79015546543386,159.30335998535156,141147500
2022-02-25 00:00:00-05:00,160.38013909716133,161.6331077669388,157.47285626304333,161.3688201904297,91974200
2022-02-28 00:00:00-05:00,159.6165763607333,161.92673963359974,158.9998756125995,161.63307189941406,95056600
2022-03-01 00:00:00-05:00,161.22195543903135,163.08184127413253,158.54961021930214,159.75363159179688,83474400
2022-03-02 00:00:00-05:00,160.91849038376492,163.82577254598857,159.50889722189146,163.04266357421875,79724800
2022-03-03 00:00:00-05:00,164.91235266773373,165.3430634011942,162.05401727070716,162.7196502685547,76678400
2022-03-04 00:00:00-05:00,161.01639051416453,162.05400359179123,158.67686189722227,159.72425842285156,83737200
2022-03-07 00:00:00-05:00,159.91029698865853,161.53524604361925,155.68151606537282,155.93603515625,96418800
2022-03-08 00:00:00-05:00,155.46614292973925,159.44040392728598,152.50991327214726,154.1152801513672,131148300
2022-03-09 00:00:00-05:00,158.06996768709067,159.95921898709753,156.04368834876885,159.50892639160156,91454900
2022-03-10 00:00:00-05:00,156.81700107101284,157.0029911685478,152.6861150001443,155.1724853515625,105342000
2022-03-11 00:00:00-05:00,155.57381332247203,155.91642822664025,151.23737032666907,151.46250915527344,96970100
2022-03-14 00:00:00-04:00,148.25179027503273,150.86540543880508,146.93030751756515,147.43931579589844,108732100
2022-03-15 00:00:00-04:00,147.71340492610565,152.28480063427574,147.204396636905,151.81492614746094,92964300
2022-03-16 00:00:00-04:00,153.73352378158447,156.6212246232631,151.19822129277074,156.21987915039062,102300200
2022-03-17 00:00:00-04:00,155.26058530967927,157.60011436017203,154.30128444798586,157.22813415527344,75615400
2022-03-18 00:00:00-04:00,157.1204572234023,161.00662274780382,156.38629519642316,160.51718139648438,123511700
2022-03-21 00:00:00-04:00,160.05709828830467,162.83713639325782,159.56765695852218,161.8876190185547,95811400
2022-03-22 00:00:00-04:00,162.01484532225444,165.8422796739602,161.42752475473955,165.2549591064453,81532000
2022-03-23 00:00:00-04:00,164.4424952526729,168.9942934206818,164.1096638130363,166.61561584472656,98062700
2022-03-24 00:00:00-04:00,167.44764277770662,170.46260275503545,166.6156015912022,170.3940887451172,90131400
2022-03-25 00:00:00-04:00,170.20813758146855,171.57856745870845,169.10199529276142,171.0303955078125,80546200
2022-03-28 00:00:00-04:00,168.53420969754978,172.019029244763,168.36780145361686,171.89178466796875,90371900
2022-03-29 00:00:00-04:00,172.95874922006587,175.2297488255487,172.6161343745908,175.18081665039062,100589400
2022-03-30 00:00:00-04:00,174.77947258625517,175.8170856417981,172.96853399467147,174.0159454345703,92633200
2022-03-31 00:00:00-04:00,174.08448573079536,174.27047582290578,170.7171270473916,170.92269897460938,103049300
2022-04-01 00:00:00-04:00,170.35495761395958,171.18701389593227,168.30909632537671,170.62904357910156,78751300
2022-04-04 00:00:00-04:00,170.88357292891146,174.720791608407,170.75631338866327,174.67184448242188,76468400
2022-04-05 00:00:00-04:00,173.7516656886956,174.53477477488693,170.73670541562527,171.36318969726562,73401800
2022-04-06 00:00:00-04:00,168.72020734548278,169.963392443072,166.5373033062765,168.20140075683594,89058800
2022-04-07 00:00:00-04:00,167.5455970328042,169.69913637772763,166.26326285209578,168.50489807128906,77594700
2022-04-08 00:00:00-04:00,168.15246782773184,168.15246782773184,165.62694868711696,166.49815368652344,76575500
2022-04-11 00:00:00-04:00,165.14730089465874,165.4605355802755,162.00508096962494,162.2498016357422,72246700
2022-04-12 00:00:00-04:00,164.4718441031093,166.28276779117587,163.12098145475815,164.11944580078125,79265200
2022-04-13 00:00:00-04:00,163.85517369033073,167.42808955183875,163.24827119923606,166.80160522460938,70618900
2022-04-14 00:00:00-04:00,167.01696134936807,167.6532440657547,161.55479409572018,161.7995147705078,75329400
2022-04-18 00:00:00-04:00,160.45845861462905,163.08187215208477,160.1158586140106,161.5841827392578,69023900
2022-04-19 00:00:00-04:00,161.53522902332887,164.27610359926777,160.44866861751814,163.86495971679688,67723800
2022-04-20 00:00:00-04:00,165.19622127922986,165.31369734743882,162.59240492951264,163.6985321044922,67929800
2022-04-21 00:00:00-04:00,165.34307817395856,167.90774603308134,162.4064301142371,162.90565490722656,87227800
2022-04-22 00:00:00-04:00,162.94480808191494,164.32502122927878,158.08954369720692,158.3734130859375,84882400
2022-04-25 00:00:00-04:00,157.71754117840766,159.72425325965065,155.11372512050855,159.4403839111328,96046400
2022-04-26 00:00:00-04:00,158.82372320771267,158.91181906878418,153.4105028966986,153.4888153076172,95623200
2022-04-27 00:00:00-04:00,152.61757531774515,156.4156292897006,152.09876878373368,153.26364135742188,88063200
2022-04-28 00:00:00-04:00,155.88706244158715,161.04577820352466,155.57381282317428,160.18435668945312,130216800
2022-04-29 00:00:00-04:00,158.42235165998022,162.69028026576657,153.9292842451666,154.32083129882812,131747600
2022-05-02 00:00:00-04:00,153.40069487713816,154.88858563658798,150.0333364297974,154.62429809570312,123055300
2022-05-03 00:00:00-04:00,154.81029731534235,157.31624964341847,153.01895506893698,156.11221313476562,88966500
2022-05-04 00:00:00-04:00,156.29817374379095,162.9643614673084,155.89682831665468,162.5140838623047,108256500
2022-05-05 00:00:00-04:00,160.38991736716943,160.61505617925764,151.6778534074066,153.4594268798828,130525300
2022-05-06 00:00:00-04:00,152.93984857664353,156.30235682996496,151.1458596477854,154.1848602294922,116124600
2022-05-09 00:00:00-04:00,151.8810971374127,152.7633948486293,148.50880608897836,149.0675811767578,131577900
2022-05-10 00:00:00-04:00,152.45954000160515,153.65553292727364,149.92049701176046,151.4694061279297,115366700
2022-05-11 00:00:00-04:00,150.47925033829725,152.39087300235883,142.9405806152843,143.61700439453125,142689800
2022-05-12 00:00:00-04:00,139.96043637411066,143.32293029647687,136.0685607235715,139.7545623779297,182602000
2022-05-13 00:00:00-04:00,141.744613679471,145.1855500570958,140.2937427481442,144.21502685546875,113990900
2022-05-16 00:00:00-04:00,142.68571610317943,144.616949555646,141.34266624082053,142.6759033203125,86643800
2022-05-17 00:00:00-04:00,145.93052818700482,146.82262354182976,143.79342145558388,146.3030548095703,78336300
2022-05-18 00:00:00-04:00,143.960147405131,144.46010573899827,137.1469043666091,138.04881286621094,109742900
2022-05-19 00:00:00-04:00,137.127274568989,138.87224434894858,133.91182362893935,134.64706420898438,136095600
2022-05-20 00:00:00-04:00,136.3528515735585,137.93116906609265,130.00037534307543,134.8823699951172,137426100
2022-05-23 00:00:00-04:00,135.07838767461445,140.4407432989188,134.94114336987113,140.293701171875,117726300
2022-05-24 00:00:00-04:00,138.0389654521871,139.1761411372566,134.62745335548652,137.5978240966797,104132700
2022-05-25 00:00:00-04:00,135.7058176181396,138.99969650386015,135.61759232548434,137.75469970703125,92482700
2022-05-26 00:00:00-04:00,134.68628135538745,141.49950829001511,134.44120114221013,140.95053100585938,90601500
2022-05-27 00:00:00-04:00,142.5288570634857,146.73442720207444,142.40141055796454,146.69522094726562,90978500
2022-05-31 00:00:00-04:00,146.13644955191023,147.69515625482543,143.95032308788612,145.9109649658203,103718400
2022-06-01 00:00:00-04:00,146.95007745203338,148.753879037452,144.77376414576858,145.78350830078125,74286600
2022-06-02 00:00:00-04:00,144.92080997395743,148.2931155543275,143.96989770419586,148.2342987060547,72348100
2022-06-03 00:00:00-04:00,144.00911981753086,145.05807025566116,141.61714962601158,142.51904296875,88570300
2022-06-06 00:00:00-04:00,144.13658414441952,145.64628674294468,142.04849579123675,143.26409912109375,71598400
2022-06-07 00:00:00-04:00,141.5093091448792,146.06779474236185,141.26422895235845,145.78350830078125,67808200
2022-06-08 00:00:00-04:00,145.65608826850138,146.92069570984725,144.5581335933167,145.0482940673828,53950200
2022-06-09 00:00:00-04:00,144.18560463111925,145.0384790561678,139.72514139394366,139.83297729492188,69473000
2022-06-10 00:00:00-04:00,137.5194322486073,137.98998215242344,134.36279735008839,134.43142700195312,91437900
2022-06-13 00:00:00-04:00,130.2552525242583,132.53940235521404,128.85340060932865,129.2847442626953,122207100
2022-06-14 00:00:00-04:00,130.51011351307002,131.25515193955982,128.8925752102517,130.1473846435547,84784300
2022-06-15 00:00:00-04:00,131.64729675078482,134.63727870714717,129.55922325217023,132.76486206054688,91533000
2022-06-16 00:00:00-04:00,129.48080196283757,129.78469908531477,126.50061768881059,127.50054931640625,108123900
2022-06-17 00:00:00-04:00,127.5103548974603,130.4611156124141,127.25546187351353,128.9710235595703,134520300
2022-06-21 00:00:00-04:00,130.7943992837295,134.36276639582726,130.6963761788774,133.19618225097656,81000500
2022-06-22 00:00:00-04:00,132.1374244527046,135.04897821391006,131.2747523831488,132.68641662597656,73409200
2022-06-23 00:00:00-04:00,134.1275334387869,135.86269092971577,132.96094899420544,135.5489959716797,72433800
2022-06-24 00:00:00-04:00,137.14692437830942,139.1173794844748,137.01949279922658,138.87229919433594,89116800
2022-06-27 00:00:00-04:00,139.89182661956758,140.66628871317417,138.19587520019041,138.87229919433594,70207900
2022-06-28 00:00:00-04:00,139.33302894232776,140.59763645444562,134.61768731128618,134.73532104492188,67083400
2022-06-29 00:00:00-04:00,134.7548943447595,137.90171551636791,133.98043259004706,136.49005126953125,66242400
2022-06-30 00:00:00-04:00,134.5490335635321,135.64698810352084,131.1375212724895,134.0294647216797,98964500
2022-07-01 00:00:00-04:00,133.36282702594735,136.3037892489926,132.99031531614665,136.19595336914062,71051600
2022-07-05 00:00:00-04:00,135.05879144662464,138.82321946775843,134.23531066321448,138.77420043945312,73353800
2022-07-06 00:00:00-04:00,138.5683715462856,141.28384979355582,138.30368070277723,140.1074676513672,74064300
2022-07-07 00:00:00-04:00,140.4701612232241,143.66601661315485,140.46036340026106,143.46995544433594,66253700
2022-07-08 00:00:00-04:00,142.4014377182976,144.646381415915,142.14655961715215,144.1464080810547,64547800
2022-07-11 00:00:00-04:00,142.80334848304327,143.7542609845207,140.95054251842944,142.0190887451172,63141600
2022-07-12 00:00:00-04:00,142.89157069008422,145.52863633565593,142.19555121961218,142.98960876464844,77588800
2022-07-13 00:00:00-04:00,140.17608985764943,143.56799177024092,139.3232005090592,142.62689208984375,71185600
2022-07-14 00:00:00-04:00,141.24462523992875,146.0187828364424,140.43095716603992,145.54823303222656,78140700
2022-07-15 00:00:00-04:00,146.8324886136038,147.89123716383364,145.28357952855526,147.21481323242188,76259900
2022-07-18 00:00:00-04:00,147.77357228115997,148.58724039251226,143.81306761767442,144.17579650878906,81420900
2022-07-19 00:00:00-04:00,145.0090524915063,148.25391198084102,144.01893385798232,148.0284423828125,82982400
2022-07-20 00:00:00-04:00,148.14610577429508,150.69494637561027,147.41086501912858,150.0283203125,64823400
2022-07-21 00:00:00-04:00,151.45958316742,152.50853373902038,148.94996398855773,152.29286193847656,65086600
2022-07-22 00:00:00-04:00,152.3320525114364,153.2045374479934,150.3910214648786,151.05763244628906,66675400
2022-07-25 00:00:00-04:00,150.97923186102722,151.98896129458768,149.28328071900498,149.94009399414062,53623900
2022-07-26 00:00:00-04:00,149.2636538636445,150.07732200029463,147.83239373585778,148.6166534423828,55138700
2022-07-27 00:00:00-04:00,149.57735592146827,154.23387992265205,149.16562296270044,153.70449829101562,78620700
2022-07-28 00:00:00-04:00,153.8907653704556,154.53778073211737,151.37134852302864,154.2534942626953,81378700
2022-07-29 00:00:00-04:00,158.06695385906744,160.40992030893383,156.36119003723385,159.31195068359375,101786900
2022-08-01 00:00:00-04:00,157.84145882480365,160.3706884793457,157.72382510643268,158.3316192626953,67829400
2022-08-02 00:00:00-04:00,156.94938527079637,159.21392420256825,156.48863324172908,156.86114501953125,59907000
2022-08-03 00:00:00-04:00,157.67479700322565,163.3116417148104,157.58657171952117,162.86070251464844,82507500
2022-08-04 00:00:00-04:00,162.74307352499065,163.89986001020398,161.19416464799912,162.54701232910156,55474100
2022-08-05 00:00:00-04:00,160.22042780912037,162.81206933981917,160.01426786699392,162.32122802734375,56697000
2022-08-08 00:00:00-04:00,163.32254540690658,164.7361708864107,161.19229575323052,161.8500213623047,60276900
2022-08-09 00:00:00-04:00,161.0155852740051,162.78261696114208,160.25968547297944,161.8990936279297,63135500
2022-08-10 00:00:00-04:00,164.60851631297595,166.23811287684435,163.8428051524665,166.13995361328125,70170500
2022-08-11 00:00:00-04:00,166.94496643142614,167.8579391801427,165.10922447830612,165.4037322998047,57149200
2022-08-12 00:00:00-04:00,166.70936592550703,169.01631131920942,166.2970460032489,168.94760131835938,68039400
2022-08-15 00:00:00-04:00,168.37818541775778,170.21392688656005,168.21130119143814,170.01759338378906,54091700
2022-08-16 00:00:00-04:00,169.61514449782814,170.52811724537264,168.51566461022102,169.86056518554688,56377100
2022-08-17 00:00:00-04:00,169.6052979143018,172.92337473871223,169.40896440067246,171.35269165039062,79542000
2022-08-18 00:00:00-04:00,170.5673396933382,171.69626861182405,169.94887490568271,170.9600067138672,62290100
2022-08-19 00:00:00-04:00,169.86055507755876,170.55755638009072,168.17205964818893,168.3782196044922,70346300
2022-08-22 00:00:00-04:00,166.58172694573366,166.74861119438174,164.07843325743647,164.5005645751953,69026800
2022-08-23 00:00:00-04:00,164.01951691966545,165.61966421752064,163.59738564765863,164.16676330566406,54147100
2022-08-24 00:00:00-04:00,164.2551282502834,165.03065085876125,163.20472075222654,164.46127319335938,53841500
2022-08-25 00:00:00-04:00,165.688378388784,167.02346724627097,165.2662620854037,166.9154815673828,51218200
2022-08-26 00:00:00-04:00,167.44558409670634,167.91678748247466,160.56398047750997,160.6228790283203,78961000
2022-08-29 00:00:00-04:00,158.19816763869952,159.9161124345619,156.89254277561915,158.42396545410156,73314000
2022-08-30 00:00:00-04:00,159.1602105704912,159.58232691391927,154.83098655063566,155.9991912841797,77906200
2022-08-31 00:00:00-04:00,157.37354474862363,157.6386032608909,154.2616125155062,154.34014892578125,87991100
2022-09-01 00:00:00-04:00,153.77077627080038,155.51817026416148,151.836860169279,155.0666046142578,74229900
2022-09-02 00:00:00-04:00,156.82379496598037,157.42262194968552,152.13135334781393,152.95596313476562,76957800
2022-09-06 00:00:00-04:00,153.60388383195894,154.21252227519972,150.87480729194033,151.6994171142578,73714800
2022-09-07 00:00:00-04:00,151.9841081371773,153.80021196934476,150.79626559392008,153.1032257080078,87449600
2022-09-08 00:00:00-04:00,151.8074024718103,153.49589780674214,149.88329791132227,151.63070678710938,84923800
2022-09-09 00:00:00-04:00,152.62222024249937,154.92918072545984,151.91540745534934,154.48741149902344,68028800
2022-09-12 00:00:00-04:00,156.6667581794377,161.2512151668514,156.38207675156147,160.43641662597656,104956000
2022-09-13 00:00:00-04:00,156.97105902298662,157.59933535695706,150.56067213786505,151.02206420898438,122656600
2022-09-14 00:00:00-04:00,151.9546696901294,154.2223694761001,150.79629120920487,152.46514892578125,87965400
2022-09-15 00:00:00-04:00,151.81721471946022,152.3964188629796,148.60712326254628,149.5789794921875,90481100
2022-09-16 00:00:00-04:00,148.44025825358446,148.577693242223,145.65226780231728,147.93959045410156,162278800
2022-09-19 00:00:00-04:00,146.5750321533895,151.72886599832884,146.36888718799335,151.65032958984375,81474200
2022-09-20 00:00:00-04:00,150.59008188296497,155.1843635395565,150.2759512881002,154.02597045898438,107689800
2022-09-21 00:00:00-04:00,154.45792171393398,155.83228620825895,150.78643873263653,150.90423583984375,101696800
2022-09-22 00:00:00-04:00,149.588778163199,151.64049091114813,148.1457037475465,149.9421844482422,86652500
2022-09-23 00:00:00-04:00,148.4206031759059,148.69547312127722,145.83877299693037,147.6745147705078,96029900
2022-09-26 00:00:00-04:00,146.91861726875362,150.95333323742267,146.8989794231201,148.00828552246094,93339400
2022-09-27 00:00:00-04:00,149.94217734892632,151.8859043349913,147.20327502469917,148.98011779785156,84442700
2022-09-28 00:00:00-04:00,144.93563790031018,147.88068609523327,142.18692325585735,147.0953369140625,146691400
2022-09-29 00:00:00-04:00,143.4238179924611,144.03245634378814,138.103085707034,139.8701171875,128138200
2022-09-30 00:00:00-04:00,138.69214875072967,140.4788186878684,135.4722302730186,135.66856384277344,124925300
2022-10-03 00:00:00-04:00,135.67835835777296,140.44933637961338,135.1678792129988,139.84068298339844,114311700
2022-10-04 00:00:00-04:00,142.37343574191996,143.5416405102459,141.61753589548164,143.42384338378906,87830100
2022-10-05 00:00:00-04:00,141.43104557154376,144.68041318278895,140.39044924017614,143.71835327148438,79471000
2022-10-06 00:00:00-04:00,143.13917281341946,144.83747993609245,142.5599835315962,142.76612854003906,68402200
2022-10-07 00:00:00-04:00,139.9290609248713,140.47881588020488,136.89566464180587,137.52394104003906,85925600
2022-10-10 00:00:00-04:00,137.84786987304688,139.29094450363405,136.03176603772727,137.84786987304688,74899000
2022-10-11 00:00:00-04:00,137.33739611427865,138.76084793369003,135.68817645989057,136.4342498779297,77033700
2022-10-12 00:00:00-04:00,136.58150689181417,137.78897231294513,135.62927355780315,135.80596923828125,70433700
2022-10-13 00:00:00-04:00,132.5173428390662,140.9598044199806,131.90868942611982,140.3708038330078,113224000
2022-10-14 00:00:00-04:00,141.66663200393148,141.8727919675868,135.65873850521228,135.8452606201172,88598000
2022-10-17 00:00:00-04:00,138.48598615048115,140.282452315822,137.7006369919499,139.8014373779297,85250900
2022-10-18 00:00:00-04:00,142.8250309880353,144.01285874624452,138.03441429758362,141.1168975830078,99136600
2022-10-19 00:00:00-04:00,139.09460416043055,142.2948839097448,138.9080820775627,141.224853515625,61758300
2022-10-20 00:00:00-04:00,140.4002709458009,143.21769564184982,140.03703814278057,140.76348876953125,64522000
2022-10-21 00:00:00-04:00,140.25299045906925,145.1417806685085,140.03701908535325,144.57240295410156,86548600
2022-10-24 00:00:00-04:00,144.49386606815804,147.47817461798252,143.3256613631015,146.71246337890625,75981900
2022-10-25 00:00:00-04:00,147.3407290522299,149.69677613929844,146.62410499116672,149.5495147705078,74732300
2022-10-26 00:00:00-04:00,148.19482861119383,149.2059606049606,145.32830191392304,146.61431884765625,88194300
2022-10-27 00:00:00-04:00,145.35773474859954,146.3197794029668,141.48990330767347,142.1476287841797,109180200
2022-10-28 00:00:00-04:00,145.4853576495381,154.61500878306214,145.11232844918345,152.8872528076172,164762400
2022-10-31 00:00:00-04:00,150.3545390298714,151.41475823578028,149.13724698324478,150.53123474121094,97943200
2022-11-01 00:00:00-04:00,152.2393339638939,152.60255171953904,146.3983256985316,147.89047241210938,80379300
2022-11-02 00:00:00-04:00,146.22162239502856,149.3826416112209,142.34397906464244,142.37342834472656,93604600
2022-11-03 00:00:00-04:00,139.45781809061094,140.18426855678922,136.20845130657773,136.33607482910156,97918500
2022-11-04 00:00:00-04:00,139.71867839937045,140.28900066971147,132.13735779737468,136.0706024169922,140814800
2022-11-07 00:00:00-05:00,134.82178704829124,136.8277351131925,133.40581664759068,136.60157775878906,83374600
2022-11-08 00:00:00-05:00,138.06673762400212,139.0697043062685,135.19547054516553,137.1719207763672,89908500
2022-11-09 00:00:00-05:00,136.18857977969958,136.23774833279379,132.3438299914245,132.61915588378906,74917800
2022-11-10 00:00:00-05:00,138.88288280173376,144.41891479492188,137.17191586897493,144.41891479492188,118854000
2022-11-11 00:00:00-05:00,143.38645323831483,147.5065147597333,141.96063992686575,147.20169067382812,93979700
2022-11-14 00:00:00-05:00,146.48384590068005,147.77198095425382,144.96953850636208,145.80535888671875,73374100
2022-11-15 00:00:00-05:00,149.67963703147598,151.02676861885655,146.08071431905194,147.5360107421875,89868300
2022-11-16 00:00:00-05:00,146.64119143040293,147.36883205309908,144.83188757505272,146.30685424804688,64218300
2022-11-17 00:00:00-05:00,143.98623783804743,148.95196191687904,143.71091192910288,148.20465087890625,80389400
2022-11-18 00:00:00-05:00,149.76811828911318,150.15160903599656,147.46717380781297,148.76513671875,74829600
2022-11-21 00:00:00-05:00,147.65399909356225,147.8604860232478,145.2547175972566,145.5398712158203,58724100
2022-11-22 00:00:00-05:00,145.65789948864827,147.9096756373434,144.47791399161687,147.67367553710938,51804100
2022-11-23 00:00:00-05:00,146.95583870512687,149.29612388958984,146.84767388557262,148.54881286621094,58301400
2022-11-25 00:00:00-05:00,145.8348580598712,146.3953525551104,144.66471552066162,145.63819885253906,35195900
2022-11-28 00:00:00-05:00,142.7177546502144,144.19272111621666,140.9871327315936,141.8131103515625,69246000
2022-11-29 00:00:00-05:00,141.88192051073784,142.39324637035057,138.00768824052855,138.81399536132812,83763800
2022-11-30 00:00:00-05:00,139.04016787618127,146.23801151936658,138.20436253781247,145.5595245361328,111380900
2022-12-01 00:00:00-05:00,145.73656252403373,146.64120704597443,144.16325857031342,145.8348846435547,71250400
2022-12-02 00:00:00-05:00,143.52406921601985,145.5300169012177,143.21923022579475,145.3431854248047,65447400
2022-12-05 00:00:00-05:00,145.30389650239576,148.40132070138284,143.33727415278167,144.18292236328125,68826400
2022-12-06 00:00:00-05:00,144.61560310834815,144.8417605109046,139.55154080527421,140.5250244140625,64727200
2022-12-07 00:00:00-05:00,139.817029693259,140.97732977170875,137.663575645007,138.587890625,69721100
2022-12-08 00:00:00-05:00,139.9841640195035,141.12480845757423,138.7451974772698,140.26931762695312,62128300
2022-12-09 00:00:00-05:00,139.9645101732408,143.14061609699272,138.5485396692002,139.7875213623047,76097000
2022-12-12 00:00:00-05:00,140.31847817047847,142.0884409898644,138.7058487137347,142.07861328125,70462700
2022-12-13 00:00:00-05:00,147.00500937638787,147.4671667934874,141.83279839446703,143.04226684570312,93886200
2022-12-14 00:00:00-05:00,142.92430823519706,144.21244368060232,138.80423134978378,140.8200225830078,82291200
2022-12-15 00:00:00-05:00,138.7550029778536,139.43348990576752,133.7597817593244,134.22193908691406,98931900
2022-12-16 00:00:00-05:00,134.40879318099954,135.35276341025192,131.49818579850947,132.26516723632812,160156900
2022-12-19 00:00:00-05:00,132.8551509782634,132.94364536804903,129.12840885731634,130.16087341308594,79592600
2022-12-20 00:00:00-05:00,129.19723960857664,131.0261987808424,127.72227301817315,130.09205627441406,77432800
2022-12-21 00:00:00-05:00,130.76070405901197,134.52678732015247,130.5345467103143,133.18948364257812,85928000
2022-12-22 00:00:00-05:00,132.10782262615243,132.314309508476,128.12541056444581,130.023193359375,77852100
2022-12-23 00:00:00-05:00,128.7350936895975,130.21006041152802,127.47645662054781,129.65940856933594,63814900
2022-12-27 00:00:00-05:00,129.18740783707491,129.2169059676245,126.57179689801647,127.85993194580078,69007800
2022-12-28 00:00:00-05:00,127.50595548300566,128.8432592520272,123.76937760067855,123.93653869628906,85438400
2022-12-29 00:00:00-05:00,125.8539861302219,128.30242867918332,125.5983306446105,127.44695281982422,75703700
2022-12-30 00:00:00-05:00,126.26698977683235,127.78128236285382,125.30334153820444,127.76161193847656,77034200
2023-01-03 00:00:00-05:00,128.10576937065363,128.7154174535332,122.09773792777466,122.98271942138672,112117500
2023-01-04 00:00:00-05:00,124.77234386397704,126.51280869797894,122.99255318811515,124.25119018554688,89113600
2023-01-05 00:00:00-05:00,125.00834271164995,125.63766124201173,122.67790010774006,122.93355560302734,80962700
2023-01-06 00:00:00-05:00,123.907033324828,128.115596113896,122.80572219640975,127.45677947998047,87754700
2023-01-09 00:00:00-05:00,128.29258725392592,131.18352399196448,127.72226507394718,127.97792053222656,70790800
2023-01-10 00:00:00-05:00,128.08610610497774,129.06941726347972,125.98182082594903,128.5482635498047,63896200
2023-01-11 00:00:00-05:00,129.0595847172529,131.28186245070447,128.28277553296553,131.26220703125,69458900
2023-01-12 00:00:00-05:00,131.64572074057682,132.0193688291939,129.24643878440378,131.18356323242188,71379600
2023-01-13 00:00:00-05:00,129.8265215721902,132.66828913693126,129.46270138354166,132.51095581054688,57809700
2023-01-17 00:00:00-05:00,132.5798193932039,134.99875596810472,131.8915047175872,133.67129516601562,63646600
2023-01-18 00:00:00-05:00,134.53663801277594,136.2967583598761,132.77650266153844,132.95350646972656,69672800
2023-01-19 00:00:00-05:00,131.84235433638028,133.9761376268957,131.53753029546903,133.0124969482422,58280400
2023-01-20 00:00:00-05:00,133.02231973826562,135.71659745917918,131.98001240951498,135.569091796875,80223600
2023-01-23 00:00:00-05:00,135.81491475833332,140.92814412125819,135.59858513124948,138.75502014160156,81760300
2023-01-24 00:00:00-05:00,137.9683396585056,140.77078151554045,137.9585119517288,140.1512908935547,66435100
2023-01-25 00:00:00-05:00,138.53871015801215,140.05300275817604,136.49342112366645,139.49252319335938,65799300
2023-01-26 00:00:00-05:00,140.78067082207204,141.842648779811,139.53186132489677,141.5574951171875,54105100
2023-01-27 00:00:00-05:00,140.77079221891566,144.77285978471076,140.69212554632242,143.4945526123047,70555800
2023-01-30 00:00:00-05:00,142.54079133466578,143.12094131391822,140.46600420175812,140.61349487304688,64015300
2023-01-31 00:00:00-05:00,140.31851198443744,141.93114182979278,139.90552306108117,141.88197326660156,65874500
2023-02-01 00:00:00-05:00,141.56731895311415,144.16325999959267,138.96155019582764,143.00294494628906,77663600
2023-02-02 00:00:00-05:00,146.4149930473278,148.65694079146772,145.69718026187857,148.30296325683594,118339000
2023-02-03 00:00:00-05:00,145.5595309829737,154.75349514117664,145.36287177724367,151.9215545654297,154357300
2023-02-06 00:00:00-05:00,150.0238078121574,150.54496158543438,148.26367223482333,149.19781494140625,69858300
2023-02-07 00:00:00-05:00,148.12600388600742,152.63939885505883,148.12600388600742,152.06907653808594,83322600
2023-02-08 00:00:00-05:00,151.31189384284664,152.00020850727236,148.64711456554969,149.3845977783203,64120100
2023-02-09 00:00:00-05:00,151.21355015828513,151.75437415824857,147.90962490884843,148.35211181640625,56007100
2023-02-10 00:00:00-05:00,147.19009004770194,149.04152741969745,146.95372962642622,148.71653747558594,57450700
2023-02-13 00:00:00-05:00,148.65744714640496,151.91717418893083,148.62790397291747,151.51341247558594,62199000
2023-02-14 00:00:00-05:00,149.8096612758476,151.43461079325414,148.56880303013764,150.87326049804688,61707600
2023-02-15 00:00:00-05:00,150.78461690781828,153.1383177826238,150.55811427879883,152.9709014892578,65573800
2023-02-16 00:00:00-05:00,151.17854429955682,153.95572244720177,151.02098573800205,151.37551879882812,68167900
2023-02-17 00:00:00-05:00,150.03617955770974,150.67630162569367,148.55896091432058,150.23313903808594,59144100
2023-02-21 00:00:00-05:00,147.91880821074704,149.0021077790729,146.15600076088242,146.2249298095703,58867200
2023-02-22 00:00:00-05:00,146.60902132895072,147.67262055430007,144.9250004924314,146.64842224121094,51011300
2023-02-23 00:00:00-05:00,147.8105044744373,148.05670759936388,145.00379786650186,147.1309814453125,48394200
2023-02-24 00:00:00-05:00,144.87576101262292,144.9545478123535,143.50687229977612,144.48184204101562,55469600
2023-02-27 00:00:00-05:00,145.46662923177482,146.90444675275575,145.2105684203629,145.67343139648438,44998500
2023-02-28 00:00:00-05:00,144.81668575965537,146.81585399639758,144.60002580056587,145.1712188720703,50547000
2023-03-01 00:00:00-05:00,144.59999202590106,144.99391093566584,142.80762642427203,143.1030731201172,55479000
2023-03-02 00:00:00-05:00,142.1872231725768,144.481837933212,141.71450238763347,143.69398498535156,52238100
2023-03-03 00:00:00-05:00,145.79164167073546,148.81502337863614,145.09243318314816,148.73623657226562,70732300
2023-03-06 00:00:00-05:00,151.4542972077173,153.92618602775224,151.1293223291666,151.4936981201172,87558000
2023-03-07 00:00:00-05:00,151.3656586110283,151.69064849711955,148.83469862838186,149.2975616455078,56182000
2023-03-08 00:00:00-05:00,150.48919246419973,151.13917230662574,149.52408044265695,150.54827880859375,47204800
2023-03-09 00:00:00-05:00,151.22778082054958,152.19289270805663,147.9483539187185,148.30288696289062,53833600
2023-03-10 00:00:00-05:00,147.92864914378464,148.6475578517863,145.36813137887097,146.24461364746094,68572400
2023-03-13 00:00:00-04:00,145.56514829028342,150.8142012619364,145.45681830298673,148.18475341796875,84457100
2023-03-14 00:00:00-04:00,148.98240499263105,151.07020228030825,147.82033368029548,150.2725067138672,73695900
2023-03-15 00:00:00-04:00,148.8937927615987,150.92250395033966,147.64307677577528,150.6664581298828,77167900
2023-03-16 00:00:00-04:00,149.84907174243986,154.08376844517147,149.33696504123728,153.4830322265625,76161100
2023-03-17 00:00:00-04:00,153.70954970993674,154.35952962100535,151.9368840556802,152.6459503173828,98944600
2023-03-20 00:00:00-04:00,152.71487589238697,155.42311016638172,151.80883520237765,155.0094757080078,73641400
2023-03-21 00:00:00-04:00,154.93072241220443,156.97911935630492,154.16255477435743,156.86094665527344,73938300
2023-03-22 00:00:00-04:00,156.880643804934,159.6775078686916,155.41326768087632,155.43296813964844,75701800
2023-03-23 00:00:00-04:00,156.41777837205046,159.09646969740976,155.28523492873595,156.51625061035156,67622100
2023-03-24 00:00:00-04:00,156.44733419696482,157.90485267428312,155.452678855526,157.81622314453125,59196500
2023-03-27 00:00:00-04:00,157.51092158923748,158.3283178086609,155.4723523985585,155.87612915039062,52390300
2023-03-28 00:00:00-04:00,155.57080817581272,156.08291480553032,153.61102618902072,155.2556610107422,45992200
2023-03-29 00:00:00-04:00,156.94956160428092,158.60405440029712,156.92987617396892,158.32830810546875,51305700
2023-03-30 00:00:00-04:00,159.07675364456477,160.00247975071784,158.82070781762587,159.89414978027344,49501700
2023-03-31 00:00:00-04:00,159.97293860815142,162.49405610459849,159.45098920585787,162.39556884765625,68749800
2023-04-03 00:00:00-04:00,161.7751332479675,163.76444342844442,161.725889623748,163.64627075195312,56976200
2023-04-04 00:00:00-04:00,164.06975594835677,164.30610131295074,162.60238002597387,163.11448669433594,46278300
2023-04-05 00:00:00-04:00,162.23798454444034,162.54327395468036,159.3426339632527,161.27285766601562,51511700
2023-04-06 00:00:00-04:00,159.96308282888376,162.45467221127325,159.53962067833683,162.1592254638672,45390100
2023-04-10 00:00:00-04:00,158.96844706639095,159.56918334960938,157.64880179736934,159.56918334960938,47716900
2023-04-11 00:00:00-04:00,159.88429605818737,159.8941387722609,158.0722298566841,158.3578338623047,47644200
2023-04-12 00:00:00-04:00,158.77148810772155,159.5987270827998,157.35335556356011,157.6685028076172,50133100
2023-04-13 00:00:00-04:00,159.1752417539843,163.28190788405584,158.96842452673738,163.04554748535156,68445600
2023-04-14 00:00:00-04:00,162.09027277975596,163.794009087704,161.33197803499354,162.70086669921875,49386500
2023-04-17 00:00:00-04:00,162.58269264644778,162.87813940299813,161.53879379674336,162.72056579589844,41516200
2023-04-18 00:00:00-04:00,163.5773508935462,164.8674527745674,163.13417327770642,163.9417266845703,49923000
2023-04-19 00:00:00-04:00,163.2819281451353,165.60608642613127,163.02586725800396,165.08413696289062,47720200
2023-04-20 00:00:00-04:00,163.56748026442403,165.3204450523275,163.04553091898333,164.1189727783203,52456400
2023-04-21 00:00:00-04:00,162.54327607753027,163.92200731179602,161.99178358382397,162.51373291015625,58337300
2023-04-24 00:00:00-04:00,162.49405610505224,163.0849495926161,161.40091367199096,162.8190460205078,41949600
2023-04-25 00:00:00-04:00,162.68116189989732,163.78414697340926,161.24332919160244,161.28273010253906,48714100
2023-04-26 00:00:00-04:00,160.58349205788602,162.76977657727082,160.32744626830737,161.27285766601562,45498800
2023-04-27 00:00:00-04:00,162.6811372537476,165.9999497127407,162.6811372537476,165.85223388671875,64902300
2023-04-28 00:00:00-04:00,165.93106728858945,167.27041291997128,165.33033104891717,167.1029815673828,55275900
2023-05-01 00:00:00-04:00,166.70905380019818,167.86128258741087,166.07877442017465,167.01434326171875,52472900
2023-05-02 00:00:00-04:00,167.50673256610264,167.76279339985444,164.99545801480568,165.9802703857422,48425700
2023-05-03 00:00:00-04:00,166.9256982160475,168.32412999077732,164.62124085601573,164.90682983398438,65136000
2023-05-04 00:00:00-04:00,162.38576928672418,164.5031106302544,161.81457610416518,163.2720947265625,81235400
2023-05-05 00:00:00-04:00,168.38322333782398,171.65280778469676,168.1665634032941,170.93389892578125,113453200
2023-05-08 00:00:00-04:00,169.86043164324718,171.20963479482143,169.49605587870553,170.8649444580078,55962800
2023-05-09 00:00:00-04:00,170.4218291094066,170.90437768216194,168.99385379727335,169.16127014160156,45326900
2023-05-10 00:00:00-04:00,170.3922648627901,171.38692008917508,169.28926463206565,170.92405700683594,53724500
2023-05-11 00:00:00-04:00,171.20964753246403,171.93839911576495,169.5551548305296,171.1111602783203,49514700
2023-05-12 00:00:00-04:00,171.21962961924467,171.653548851867,168.6358569767775,170.1841583251953,45533100
2023-05-15 00:00:00-04:00,170.766027969497,170.8153397179057,169.0993901889802,169.69110107421875,37266700
2023-05-16 00:00:00-04:00,169.61220528633143,170.74630026056693,169.4248296710781,169.69110107421875,42110300
2023-05-17 00:00:00-04:00,169.3360585337975,170.53917778241149,168.06388478776768,170.30250549316406,57951600
2023-05-18 00:00:00-04:00,170.60823676479856,172.8172736869499,170.19404516336385,172.62989807128906,65496700
2023-05-19 00:00:00-04:00,173.9513327998332,173.9513327998332,172.5213826746833,172.73834228515625,55809500
2023-05-22 00:00:00-04:00,171.57466634347682,172.2945846931845,171.0519949677244,171.7916259765625,43570900
2023-05-23 00:00:00-04:00,170.7364424785807,170.9829861706954,168.91201313779877,169.18814086914062,50747300
2023-05-24 00:00:00-04:00,168.72461766792532,170.03623176135926,168.16250594092847,169.46424865722656,45143500
2023-05-25 00:00:00-04:00,170.02637505144457,171.49576564962197,169.31632809947834,170.59835815429688,56058300
2023-05-26 00:00:00-04:00,170.92376397994929,173.33988838819255,170.7166607230928,173.00457763671875,54835000
2023-05-30 00:00:00-04:00,174.51347436884586,176.51540772383512,174.1288668535482,174.84877014160156,55964400
2023-05-31 00:00:00-04:00,174.87834951174753,176.87042648421155,174.3162227478627,174.79945373535156,99625300
2023-06-01 00:00:00-04:00,175.24323239604442,177.62977324467488,174.4838737017158,177.60018920898438,68901800
2023-06-02 00:00:00-04:00,178.52719900186148,179.26683000310032,176.7816656255451,178.44830322265625,61996900
2023-06-05 00:00:00-04:00,180.10507993454968,182.3929972823034,175.57852688511534,177.0972442626953,121946500
2023-06-06 00:00:00-04:00,177.4818328127375,177.62975297431,174.97694105936182,176.7323455810547,64848400
2023-06-07 00:00:00-04:00,175.97299569419778,178.70470351330488,174.8684849721747,175.361572265625,61944600
2023-06-08 00:00:00-04:00,175.44046308150416,178.33981894141047,175.0065588784877,178.0735626220703,50214900
2023-06-09 00:00:00-04:00,178.99067275354267,179.7105759291869,178.13270574903748,178.45814514160156,48900000
2023-06-12 00:00:00-04:00,178.76390437463206,181.34767745099242,178.468048934722,181.24905395507812,54274900
2023-06-13 00:00:00-04:00,180.27273686584886,181.60406367252176,179.91771337450308,180.7756805419922,54929100
2023-06-14 00:00:00-04:00,180.8348467124019,181.84074910193183,179.50351991974284,181.40682983398438,57462900
2023-06-15 00:00:00-04:00,181.4166932611595,183.94129793003785,181.23917400121888,183.43833923339844,65433200
2023-06-16 00:00:00-04:00,184.14837692000424,184.40479194393566,181.72239585614398,182.3634033203125,101256200
2023-06-20 00:00:00-04:00,181.86046794433722,183.52710548415504,181.86046794433722,182.45216369628906,49799100
2023-06-21 00:00:00-04:00,182.34369383727915,182.84665255889604,180.06563271508736,181.4167022705078,49515700
2023-06-22 00:00:00-04:00,181.19971869233248,184.46395407144706,181.1306792503188,184.41464233398438,51245300
2023-06-23 00:00:00-04:00,182.98469303577104,184.96689848868263,182.45215034536935,184.09906005859375,53117000
2023-06-26 00:00:00-04:00,184.24698696904443,185.45012108460458,182.66910172140945,182.70855712890625,48088700
2023-06-27 00:00:00-04:00,183.31997931240525,185.78541559077308,183.10301971608257,185.45997619628906,50730800
2023-06-28 00:00:00-04:00,185.33177206150037,187.27453708797546,185.0063477089331,186.63352966308594,51216800
2023-06-29 00:00:00-04:00,186.4658979165552,187.4422162021352,186.32783407243755,186.96884155273438,46347300
2023-06-30 00:00:00-04:00,188.98065447297634,191.79124321876165,188.61575961709715,191.28829956054688,85213200
2023-07-03 00:00:00-04:00,191.10092178559267,191.19954526937022,189.10884478636748,189.79917907714844,31458200
2023-07-05 00:00:00-04:00,188.9215170854268,190.31201214229293,187.98463897016808,188.68482971191406,46920300
2023-07-06 00:00:00-04:00,187.21540718494302,189.36527592182694,186.58425595947688,189.15817260742188,45094300
2023-07-07 00:00:00-04:00,188.76369580404943,190.0062704618662,187.60987325439862,188.0437774658203,46815000
2023-07-10 00:00:00-04:00,186.6434031135775,187.36332142042107,184.4540942539423,186.0023956298828,59922200
2023-07-11 00:00:00-04:00,186.54480679233018,186.68287064614393,184.02020200954667,185.479736328125,46638100
2023-07-12 00:00:00-04:00,187.0575799007695,189.04965668897157,185.864317131752,187.14634704589844,60750200
2023-07-13 00:00:00-04:00,187.8662603208446,188.54672319895087,187.15621340871894,187.90570068359375,41342300
2023-07-14 00:00:00-04:00,187.59998771190843,188.53685056119244,187.00829198764853,188.0536346435547,41616200
2023-07-17 00:00:00-04:00,189.2469126832782,191.6334686208352,189.1581605746784,191.3080291748047,50520200
2023-07-18 00:00:00-04:00,190.67688432979497,191.6433313227349,189.75973403360663,191.05162048339844,48288200
2023-07-19 00:00:00-04:00,190.4303301514657,195.48939585264796,189.9865395225249,192.40267944335938,80507300
2023-07-20 00:00:00-04:00,192.39280905028917,193.7537348839622,189.8386203157028,190.4599151611328,59581200
2023-07-21 00:00:00-04:00,191.4164870851642,192.2744541324422,188.58615588066942,189.28634643554688,71951700
2023-07-24 00:00:00-04:00,190.73600754480273,192.21526924740334,189.59204154997948,190.0851287841797,45377800
2023-07-25 00:00:00-04:00,190.65714646634552,191.75180092732498,190.25281124926505,190.94313049316406,37283200
2023-07-26 00:00:00-04:00,190.9924473358141,192.93521264770516,190.64729522856234,191.81097412109375,47471900
2023-07-27 00:00:00-04:00,193.3099676892758,194.4736466049838,189.88794029801272,190.54867553710938,47460200
2023-07-28 00:00:00-04:00,191.97860770429688,193.91151654263126,191.4559363697747,193.12257385253906,48291400
2023-07-31 00:00:00-04:00,193.34938604539337,193.77344894031904,192.56044337061044,193.73399353027344,38824100
2023-08-01 00:00:00-04:00,193.52691923606866,194.01013518521242,192.5801849485631,192.90562438964844,35175100
2023-08-02 00:00:00-04:00,192.34347668203839,192.48154051645844,189.19759252290805,189.91749572753906,50389300
2023-08-03 00:00:00-04:00,188.92147165885288,189.7103992851957,188.05363321247987,188.52699279785156,61235200
2023-08-04 00:00:00-04:00,182.95513345446872,184.7894189873242,179.40489853673822,179.47393798828125,115956800
2023-08-07 00:00:00-04:00,179.61200164257014,180.59817633552169,174.8980878140883,176.37734985351562,97576100
2023-08-08 00:00:00-04:00,177.20572916857282,177.77771228390873,175.12490000933562,177.314208984375,67823000
2023-08-09 00:00:00-04:00,178.36941190145535,178.42857997538025,174.5627769846933,175.72647094726562,60378500
2023-08-10 00:00:00-04:00,176.99860916334498,178.25105509162734,175.14461118800062,175.50949096679688,54686900
2023-08-11 00:00:00-04:00,175.10462674008653,176.3883728930982,174.34424265962002,175.56874084472656,52036700
2023-08-14 00:00:00-04:00,175.74650562753334,177.44501774834183,175.09474782272636,177.2178955078125,43675600
2023-08-15 00:00:00-04:00,176.6451282666605,177.23762299403361,174.8379899652799,175.2329864501953,43622600
2023-08-16 00:00:00-04:00,174.91699954220002,176.30937200366554,174.29486573787133,174.36399841308594,46964900
2023-08-17 00:00:00-04:00,174.92688028330798,175.29225282363015,171.31260330101006,171.82611083984375,66062900
2023-08-18 00:00:00-04:00,170.14734105941557,172.91236175457905,169.81159252872837,172.3099822998047,61172200
2023-08-21 00:00:00-04:00,172.88274314562352,173.92949746098708,171.56935789788312,173.6431121826172,46311900
2023-08-22 00:00:00-04:00,174.8478727981476,175.46012191641384,174.04799506153495,175.0157470703125,42038900
2023-08-23 00:00:00-04:00,176.28963972003098,179.2817827873095,176.10201110060572,178.85714721679688,52722800
2023-08-24 00:00:00-04:00,178.41277199096436,178.8374075605793,173.8109887437673,174.17637634277344,54945800
2023-08-25 00:00:00-04:00,175.16388093182096,176.91175631972774,173.62337343895007,176.37850952148438,51449600
2023-08-28 00:00:00-04:00,177.83999456976295,178.33374768816518,176.31924159506977,177.93875122070312,43820700
2023-08-29 00:00:00-04:00,177.45488030453177,182.58991008586239,177.2573820568172,181.8196563720703,53003900
2023-08-30 00:00:00-04:00,182.62943856671393,185.5030858470339,182.43194029759772,185.30557250976562,60813900
2023-08-31 00:00:00-04:00,185.49320316115478,186.75721017905872,185.13770024560978,185.5228271484375,60794500
2023-09-01 00:00:00-04:00,187.1225652663115,187.54718572230075,185.92767607044595,187.0929412841797,45766500
2023-09-05 00:00:00-04:00,185.92769881238064,187.60645663383806,185.26607135025952,187.3299560546875,45280000
2023-09-06 00:00:00-04:00,186.04615504969036,186.4905448774819,179.2027445739978,180.624755859375,81755800
2023-09-07 00:00:00-04:00,172.99135904079122,175.98351721110967,171.3718491931888,175.3416290283203,112488800
2023-09-08 00:00:00-04:00,176.121746745329,177.9881329660241,175.56873058484743,175.953857421875,65551300
2023-09-11 00:00:00-04:00,177.82026144859472,178.0473836718388,175.1243584797436,177.11912536621094,58953100
2023-09-12 00:00:00-04:00,177.2475294233725,177.8795329175836,172.63587633671216,174.09738159179688,90370200
2023-09-13 00:00:00-04:00,174.30474566083996,175.0848841389881,171.80635572558617,172.0334930419922,84267900
2023-09-14 00:00:00-04:00,171.82610607332606,173.89987544974738,171.41135521167203,173.54437255859375,60895800
2023-09-15 00:00:00-04:00,174.27512191376346,174.29487626046748,171.64836639188815,172.823486328125,109259500
2023-09-18 00:00:00-04:00,174.27511585610648,177.13889330258442,173.96899129951683,175.7465057373047,67257600
2023-09-19 00:00:00-04:00,175.30212586469654,177.38576479928514,174.91699900323943,176.832763671875,51826900
2023-09-20 00:00:00-04:00,177.0203732393163,177.45487842056565,173.20859833310675,173.2974853515625,58436200
2023-09-21 00:00:00-04:00,172.36923745366522,174.09737357666756,171.68785565712008,171.75697326660156,63149100
2023-09-22 00:00:00-04:00,172.48772049861157,174.86761425499944,171.87547142547365,172.60621643066406,56725400
2023-09-25 00:00:00-04:00,172.02357992644104,174.75897636563758,171.97420160197885,173.88009643554688,46172700
2023-09-26 00:00:00-04:00,172.63583748924898,173.01107959102313,169.51531434646242,169.8115692138672,64588900
2023-09-27 00:00:00-04:00,170.46333088230946,170.87808171574733,166.93794126401278,168.30068969726562,66921800
2023-09-28 00:00:00-04:00,167.22430983558627,169.88070413963854,165.52579782856736,168.5574493408203,56294400
2023-09-29 00:00:00-04:00,169.870831028669,170.90771561508154,168.21181267677895,169.07095336914062,51861100
2023-10-02 00:00:00-04:00,169.0808338409062,172.12235512412923,168.79444856905252,171.5792236328125,52164500
2023-10-03 00:00:00-04:00,170.1078282132375,171.46072207785286,168.6858318118607,170.24607849121094,49594600
2023-10-04 00:00:00-04:00,168.9524578917983,172.03348795172127,168.8339619515459,171.4903564453125,53020300
2023-10-05 00:00:00-04:00,171.6187292983148,173.25799352598938,170.52259660006877,172.72474670410156,48527900
2023-10-06 00:00:00-04:00,171.6285909459562,175.76624458491796,171.016326818613,175.27249145507812,57266700
2023-10-09 00:00:00-04:00,174.60098214625398,176.81300162773064,173.60360623261292,176.75375366210938,42390800
2023-10-10 00:00:00-04:00,175.87485420705488,177.47460937430563,175.7267192412531,176.16122436523438,43698000
2023-10-11 00:00:00-04:00,175.9736034231689,177.60299770884345,175.38110873868183,177.55361938476562,47551100
2023-10-12 00:00:00-04:00,177.82026707710477,180.06189553412176,176.80312172309905,178.4522705078125,56743100
2023-10-13 00:00:00-04:00,179.1533924067404,179.6570151987734,175.91437292525092,176.61550903320312,51427100
2023-10-16 00:00:00-04:00,174.5417330268598,176.84262444155877,174.3047260977915,176.48712158203125,52517000
2023-10-17 00:00:00-04:00,174.44299912050275,176.19088966345473,172.61612132571108,174.93675231933594,57549400
2023-10-18 00:00:00-04:00,173.3863659573123,175.36137864838344,172.9222367694585,173.6431121826172,54764400
2023-10-19 00:00:00-04:00,173.84060845589931,175.61812287122567,173.00123711265553,173.2678680419922,59302900
2023-10-20 00:00:00-04:00,173.11972583296543,173.22835212793277,170.4830858385587,170.7200927734375,64244000
2023-10-23 00:00:00-04:00,168.77470794688867,171.8359684831129,167.80694090892598,170.83859252929688,55980100
2023-10-24 00:00:00-04:00,170.8879597127696,171.50020876645127,169.3079436842464,171.27308654785156,43816600
2023-10-25 00:00:00-04:00,169.73259505065448,170.89784530264086,168.51795139973865,168.96234130859375,57157000
2023-10-26 00:00:00-04:00,168.2414494672427,169.2388405091802,163.600172706508,164.804931640625,70625300
2023-10-27 00:00:00-04:00,164.82468576422622,166.8490767618186,164.7456834493569,166.11831665039062,58499100
2023-10-30 00:00:00-04:00,166.90832288755587,169.03145545417337,166.7601878982554,168.16244506835938,51131000
2023-10-31 00:00:00-04:00,167.23423244098677,168.76485546731004,165.80233595599515,168.63648986816406,44846000
2023-11-01 00:00:00-04:00,168.86358325166134,172.05322449399938,167.99457285522465,171.79647827148438,56934900
2023-11-02 00:00:00-04:00,173.32712561259646,175.55888462715336,173.26787764016203,175.3515167236328,77334800
2023-11-03 00:00:00-04:00,172.06308417750907,174.61085195895754,171.18420427007575,174.44296264648438,79829200
2023-11-06 00:00:00-05:00,174.17635419198152,177.18823614800198,174.00847994055556,176.99073791503906,63841300
2023-11-07 00:00:00-05:00,176.94138484513783,180.1606652677133,176.7340169447808,179.5484161376953,70530000
2023-11-08 00:00:00-05:00,180.07179468790036,181.15804266662394,179.3212801943679,180.60504150390625,49340300
2023-11-09 00:00:00-05:00,180.67415869856794,181.81965455110011,179.53851741631973,180.1310272216797,53763500
2023-11-10 00:00:00-05:00,181.9108804268445,184.48178544542026,181.475802800193,184.3136749267578,66133400
2023-11-13 00:00:00-05:00,183.74020094629049,183.94784205398747,182.14822040593083,182.7316131591797,43627500
2023-11-14 00:00:00-05:00,185.59914075952597,186.0045554032819,184.21481647353394,185.34205627441406,60108400
2023-11-15 00:00:00-05:00,185.7474572062222,187.3789832148446,185.67823345303117,185.90565490722656,53790500
2023-11-16 00:00:00-05:00,187.44819173837502,188.8226331691939,186.53847581950137,187.5866241455078,54412900
2023-11-17 00:00:00-05:00,188.1206090057824,188.24915879673333,186.45941980581802,187.56687927246094,50922700
2023-11-20 00:00:00-05:00,187.76462241033667,189.7620174322178,187.75473976876387,189.30715942382812,46505100
2023-11-21 00:00:00-05:00,189.26762676216626,189.37639617894334,187.61632022600733,188.50624084472656,38134500
2023-11-22 00:00:00-05:00,189.34672485819107,190.77059476808083,188.69410838615653,189.16873168945312,39617700
2023-11-24 00:00:00-05:00,188.7336553269539,188.76331834061182,187.13179223741543,187.84373474121094,24048300
2023-11-27 00:00:00-05:00,187.79427548166112,188.53588093642713,186.78568783853885,187.6657257080078,40552600
2023-11-28 00:00:00-05:00,187.65584993609482,188.9413024556769,187.2800983304318,188.26890563964844,38415400
2023-11-29 00:00:00-05:00,188.7633011569372,189.9399842182602,186.85491037465812,187.25042724609375,43014200
2023-11-30 00:00:00-05:00,187.7151899349547,188.18982834207452,186.08366378848976,187.82395935058594,48794400
2023-12-01 00:00:00-05:00,188.1996843513192,189.4159130354433,187.11199034893104,189.09950256347656,45704800
2023-12-04 00:00:00-05:00,187.85360043262926,187.92282418358675,185.35191925319242,187.30975341796875,43389500
2023-12-05 00:00:00-05:00,188.081033613139,192.2241233156588,188.05135551468544,191.25509643554688,66628400
2023-12-06 00:00:00-05:00,192.27355320919483,192.58008102103562,189.95974802820277,190.1674041748047,41089700
2023-12-07 00:00:00-05:00,191.4627754603769,192.817436726138,191.42321471638212,192.09561157226562,47477700
2023-12-08 00:00:00-05:00,192.0263616366492,193.79633503305183,191.50229501018384,193.51947021484375,53406400
2023-12-11 00:00:00-05:00,190.9485830810774,191.3243346926335,189.27749628821252,191.01779174804688,60943700
2023-12-12 00:00:00-05:00,190.91889435682484,192.54053754746204,189.5741159727842,192.53065490722656,52696900
2023-12-13 00:00:00-05:00,192.90642113434447,195.78385412672148,192.66911702808835,195.7443084716797,70404200
2023-12-14 00:00:00-05:00,195.80365011321348,197.38573293709894,193.96446770304377,195.89263916015625,66831600
2023-12-15 00:00:00-05:00,195.3191276085836,196.17938523204796,194.7950608853233,195.3586883544922,128538400
2023-12-18 00:00:00-05:00,193.8952224343076,194.4291868327445,192.21425301938103,193.6974639892578,55751900
2023-12-19 00:00:00-05:00,193.964464462268,194.74561567460933,193.6974822378966,194.73573303222656,40714100
2023-12-20 00:00:00-05:00,194.69616113684165,195.46742966263125,192.6493377685547,192.6493377685547,52242800
2023-12-21 00:00:00-05:00,193.90514216040955,194.87416921268178,191.3342368191114,192.5010223388672,46482500
2023-12-22 00:00:00-05:00,192.99542315884526,193.22285972664613,190.8101672306993,191.43312072753906,37149600
2023-12-26 00:00:00-05:00,191.44298138124012,191.719846217368,190.6717128965979,190.88925170898438,28919300
2023-12-27 00:00:00-05:00,190.33551208827305,191.3342019743918,188.9511728919884,190.9881134033203,48087700
2023-12-28 00:00:00-05:00,191.96704448132198,192.48122849088116,191.00790021395272,191.41331481933594,34049900
2023-12-29 00:00:00-05:00,191.72972215657148,192.2241257878035,189.58401220758475,190.37506103515625,42672100
