datetime,open,high,low,close,volume
2020-01-02 00:00:00-05:00,66.86783552352698,67.8730239868164,66.77262179859589,67.8730239868164,27278000
2020-01-03 00:00:00-05:00,66.84750602902096,68.12445054033702,66.81378055903824,67.51795959472656,23408000
2020-01-06 00:00:00-05:00,67.02751808217074,69.34288486446046,66.9962821053439,69.31759643554688,46768000
2020-01-07 00:00:00-05:00,69.44900962487809,69.59976407326137,69.00765768436452,69.18370056152344,34330000
2020-01-08 00:00:00-05:00,69.16931937572167,70.01384094895226,69.06071987013958,69.67613220214844,35314000
2020-01-09 00:00:00-05:00,70.51370271406968,70.84843766453115,69.93250773983897,70.40758514404297,33200000
2020-01-10 00:00:00-05:00,70.88760830833094,71.15886487459247,70.39815395293984,70.86231231689453,26258000
2020-01-13 00:00:00-05:00,71.17423856104631,71.48318564833806,70.68429232295442,71.41128540039062,30730000
2020-01-14 00:00:00-05:00,71.4097937019993,71.54021599791382,70.80330278532237,70.94315338134766,26076000
2020-01-15 00:00:00-05:00,71.06365964443332,71.44847959482189,70.99621627063644,71.37012481689453,21550000
2020-01-16 00:00:00-05:00,71.6800692002155,71.94042198348346,71.40980383677255,71.91364288330078,26080000
2020-01-17 00:00:00-05:00,72.52755882003636,73.42067465653932,72.23051437982828,73.36959838867188,52424000
2020-01-21 00:00:00-05:00,73.34380799940449,73.88335497384024,72.90791179429193,73.5049819946289,48930000
2020-01-22 00:00:00-05:00,73.8759245867756,74.41397338110437,73.52532192544703,73.58531951904297,28458000
2020-01-23 00:00:00-05:00,73.7678173234847,74.06287927041319,73.40927702930324,73.62598419189453,26650000
2020-01-24 00:00:00-05:00,74.02914675123824,74.097581382054,72.559292859008,72.70757293701172,29786000
2020-01-27 00:00:00-05:00,70.99026646132236,71.24019965615449,70.3931962623692,70.99968719482422,34132000
2020-01-28 00:00:00-05:00,71.49608309873746,72.14373017574707,70.93174708981847,71.93049621582031,29724000
2020-01-29 00:00:00-05:00,72.32523692514812,72.60691311591184,71.6770979293156,72.23796081542969,21566000
2020-01-30 00:00:00-05:00,71.3155792213507,72.1660483074748,71.16185099783613,72.11646270751953,27110000
2020-01-31 00:00:00-05:00,72.79137767304688,72.88113570169328,70.76809913606537,71.0517578125,43822000
2020-02-03 00:00:00-05:00,72.48342482845398,73.70582753071683,72.23349161238843,73.5223388671875,71636000
2020-02-04 00:00:00-05:00,72.12836616478646,72.76559372087249,70.51866911081403,71.67808532714844,95880000
2020-02-05 00:00:00-05:00,72.58061715621994,72.62871964997271,70.89802869966074,71.7098159790039,36376000
2020-02-06 00:00:00-05:00,72.00388927199774,73.4707694622342,71.92950709001718,73.19355773925781,37822000
2020-02-07 00:00:00-05:00,72.76807866240974,73.65375637066822,72.6698911484849,73.34927368164062,28360000
2020-02-10 00:00:00-05:00,73.25604592514885,74.82557052333453,73.15537648833067,74.81465911865234,38302000
2020-02-11 00:00:00-05:00,75.04327818320576,75.8669758353758,74.65548439162731,74.88409423828125,34852000
2020-02-12 00:00:00-05:00,75.17169810906991,75.39187842015023,74.81514795929655,75.30906677246094,31042000
2020-02-13 00:00:00-05:00,74.88111203769492,75.67207538277923,74.58356816841906,75.04922485351562,22914000
2020-02-14 00:00:00-05:00,75.10575582931537,75.379494369369,74.66043128930994,75.31403350830078,23198000
2020-02-18 00:00:00-05:00,75.09633617170891,75.90068528400265,74.93119712969819,75.3492431640625,25642000
2020-02-19 00:00:00-05:00,75.73406088600595,75.90961191518042,75.42561318763357,75.61851501464844,22746000
2020-02-20 00:00:00-05:00,75.32791507548832,75.72761146175247,74.59645752229817,75.22774505615234,25962000
2020-02-21 00:00:00-05:00,74.6123229813126,74.92821644497522,73.31851954400152,73.56497955322266,42520000
2020-02-24 00:00:00-05:00,70.56924154888083,71.23028195609393,69.76290996883232,70.41104888916016,49560000
2020-02-25 00:00:00-05:00,70.96349127440813,71.25358934741597,68.45522273304678,68.747802734375,51580000
2020-02-26 00:00:00-05:00,69.17724388929183,70.10408510430565,68.26329659306435,68.9535903930664,49776000
2020-02-27 00:00:00-05:00,67.39992507255097,67.90872025332241,65.1733256747481,65.20853424072266,62290000
2020-02-28 00:00:00-05:00,63.193219011315065,66.57228926922296,62.890718817164235,66.41360473632812,80198000
2020-03-02 00:00:00-05:00,67.01562107182778,68.80482655090657,65.71685370908082,68.747802734375,55430000
2020-03-03 00:00:00-05:00,69.31114065170213,69.83233041381229,65.91718724409012,66.33771514892578,56602000
2020-03-04 00:00:00-05:00,67.39102349986874,68.57226266519108,66.30202430729123,68.51374816894531,47598000
2020-03-05 00:00:00-05:00,66.72600490557134,67.1267001116849,64.54850635828724,65.19912719726562,54380000
2020-03-06 00:00:00-05:00,62.976989720868964,64.60354166751632,62.34521040783532,64.25592041015625,64640000
2020-03-09 00:00:00-04:00,59.75413363170908,62.12305473019572,59.410969211683664,60.291194915771484,69252000
2020-03-10 00:00:00-04:00,62.20536686569366,63.26956915621997,60.227709142091726,63.23584747314453,54872000
2020-03-11 00:00:00-04:00,61.901885489595976,62.33133476819371,59.06879829263046,60.04869842529297,54732000
2020-03-12 00:00:00-04:00,55.670873971130256,58.950268854567426,54.96917315599001,55.121910095214844,94326000
2020-03-13 00:00:00-04:00,58.2679115330629,60.22225964263293,55.15860802791231,60.21581268310547,79400000
2020-03-16 00:00:00-04:00,54.03390642715951,56.80401064985068,52.91664149959942,53.2102165222168,96520000
2020-03-17 00:00:00-04:00,54.08498798539528,55.83849297321683,52.02501404698684,55.44474792480469,83194000
2020-03-18 00:00:00-04:00,52.56257466439651,54.79660911099285,51.42497370415476,54.112266540527344,93044000
2020-03-19 00:00:00-04:00,53.96497557597738,57.15808582583962,52.3448667261516,55.127864837646484,74064000
2020-03-20 00:00:00-04:00,56.08148339433845,56.45737823212612,52.66968337475193,52.972679138183594,82878000
2020-03-23 00:00:00-04:00,52.385533632275504,52.90821410094761,50.030002120502026,52.274452209472656,83672000
2020-03-24 00:00:00-04:00,54.7465237525493,56.20199314271335,53.87621437902263,56.037353515625,72468000
2020-03-25 00:00:00-04:00,55.76807440928379,56.838723734721434,53.70661363639943,54.629486083984375,90324000
2020-03-26 00:00:00-04:00,55.27912035694048,58.09385791556648,54.15392148412994,57.66936492919922,76562000
2020-03-27 00:00:00-04:00,55.911387956901635,57.08072413814863,54.747507477226314,55.05794143676758,62794000
2020-03-30 00:00:00-04:00,56.16776944914525,57.07824358467989,54.4742659158485,56.845664978027344,58736000
2020-03-31 00:00:00-04:00,56.96567688694709,58.18906316864204,56.370097362055304,57.62125778198242,65228000
2020-04-01 00:00:00-04:00,55.73931501110959,56.008093464132045,54.22631868304361,54.653289794921875,51970000
2020-04-02 00:00:00-04:00,54.54914768908642,55.67831525812242,54.20846522221107,55.39366912841797,56410000
2020-04-03 00:00:00-04:00,55.278626230732584,55.480952582798494,53.31337022040269,54.1871452331543,51374000
2020-04-06 00:00:00-04:00,56.18562539316482,59.04945270981069,55.7889027932641,58.67455291748047,63320000
2020-04-07 00:00:00-04:00,60.3516945343309,60.538652600864694,58.37999159575854,58.643314361572266,61620000
2020-04-08 00:00:00-04:00,59.661892044147216,60.247055806495155,58.71224047565648,59.85529327392578,40334000
2020-04-09 00:00:00-04:00,60.40971598898934,60.59865278435294,59.132272009251324,59.8339729309082,54028000
2020-04-13 00:00:00-04:00,59.58255503814354,60.228219641111785,58.63191212805063,60.0244026184082,38702000
2020-04-14 00:00:00-04:00,61.49028400054519,63.26461680088407,60.923466061815894,62.7429313659668,63358000
2020-04-15 00:00:00-04:00,61.814595523606755,63.23287359230346,61.194223248707814,62.349674224853516,42236000
2020-04-16 00:00:00-04:00,62.837641603060725,63.14609305744218,61.402504500274134,62.35612106323242,57896000
2020-04-17 00:00:00-04:00,63.55968441345793,63.97128350215332,62.78111933147425,63.4257926940918,51050000
2020-04-20 00:00:00-04:00,62.97402173117988,63.31768179285646,62.307033746712925,62.54060363769531,35292000
2020-04-21 00:00:00-04:00,61.62616202853529,61.98767228700058,59.756116084668555,60.111183166503906,49648000
2020-04-22 00:00:00-04:00,61.546816874331455,63.469426000735105,61.35292000771885,62.404727935791016,46296000
2020-04-23 00:00:00-04:00,62.76822057097703,63.87953802477549,62.50985788688982,63.03749465942383,34202000
2020-04-24 00:00:00-04:00,62.23562530613796,63.36181922472336,61.69013452627562,63.3067741394043,37402000
2020-04-27 00:00:00-04:00,64.07045614945028,64.1745987676371,62.73449772386327,63.02212142944336,44186000
2020-04-28 00:00:00-04:00,63.63406078207744,63.71141672653307,61.01470738613911,61.12430191040039,80700000
2020-04-29 00:00:00-04:00,66.69874197813101,67.45003233788705,65.79273212855323,66.55889892578125,108358000
2020-04-30 00:00:00-04:00,66.02233182914512,66.9466912833189,65.53336921837345,66.78304290771484,55842000
2020-05-01 00:00:00-04:00,65.66181420599857,67.01761314548959,64.94623179479512,65.32608795166016,48872000
2020-05-04 00:00:00-04:00,64.8703571166815,65.68066140503612,64.2693217841076,65.60279846191406,30806000
2020-05-05 00:00:00-04:00,66.32680414700387,67.98856850629761,66.20431948237466,66.89807891845703,39666000
2020-05-06 00:00:00-04:00,67.34340449678658,67.87352315827798,66.70517819138973,66.72005462646484,31732000
2020-05-07 00:00:00-04:00,67.50755427769955,68.23603812169104,67.0726492790664,67.90278625488281,30652000
2020-05-08 00:00:00-04:00,68.52465344306268,69.25957668434151,68.03817275749519,68.64962005615234,33326000
2020-05-11 00:00:00-04:00,68.27520548318408,70.19632388908829,68.2112352957633,69.60421752929688,32718000
2020-05-12 00:00:00-04:00,69.83384004876797,70.13683209444191,68.16215510010458,68.19538116455078,33918000
2020-05-13 00:00:00-04:00,68.24396464855478,68.69870991776949,65.8561982347185,66.8638687133789,40368000
2020-05-14 00:00:00-04:00,66.1294392946917,67.3121612901518,65.62262654118136,67.28687286376953,36660000
2020-05-15 00:00:00-04:00,66.86039208838235,68.16559864736914,66.40118245045998,68.09022521972656,41544000
2020-05-18 00:00:00-04:00,67.52095637893991,69.06717532396667,67.15497781616902,68.6912841796875,47094000
2020-05-19 00:00:00-04:00,68.70615212677366,69.05377345364818,68.12495711426654,68.15669250488281,31586000
2020-05-20 00:00:00-04:00,68.88862194596341,70.02274943717721,68.80233712145389,69.88042449951172,38262000
2020-05-21 00:00:00-04:00,69.97118547184348,70.24244206277815,69.14798739865162,69.76092529296875,30894000
2020-05-22 00:00:00-04:00,69.61959655312397,70.26922616998684,69.22535585205502,70.08277130126953,28544000
2020-05-26 00:00:00-04:00,71.5069951861751,71.6632053320512,70.38824330390248,70.48593139648438,44590000
2020-05-27 00:00:00-04:00,70.4179995868047,70.68330865481425,69.15841334614704,70.431884765625,31684000
2020-05-28 00:00:00-04:00,69.426192345688,71.63096943029363,69.38057178014799,70.33071899414062,35170000
2020-05-29 00:00:00-04:00,70.4393174660561,71.24763911516013,70.2186452926417,71.08845520019531,37044000
2020-06-01 00:00:00-04:00,70.70065785212817,71.48814791077972,70.53105438742989,71.1553955078125,25162000
2020-06-02 00:00:00-04:00,71.16184772780194,71.55857034348811,70.49783354301282,71.52435302734375,23442000
2020-06-03 00:00:00-04:00,71.54369094375163,71.85660306579962,70.99423139231902,71.37260437011719,27732000
2020-06-04 00:00:00-04:00,71.25010932295427,71.4752534941647,69.72422296477501,70.13532257080078,26982000
2020-06-05 00:00:00-04:00,70.20178017806124,71.72221852046398,69.80406630546283,71.4107894897461,42642000
2020-06-08 00:00:00-04:00,70.72942336173372,71.85610527816216,70.64015718062795,71.80850219726562,33878000
2020-06-09 00:00:00-04:00,71.66965824623362,72.78841022144854,71.52683385423786,72.00885009765625,33624000
2020-06-10 00:00:00-04:00,72.47648141459497,73.0348622998667,72.1219137520516,72.63467407226562,31762000
2020-06-11 00:00:00-04:00,71.46088343383067,71.98505464439063,69.34735477136469,69.52042388916016,47144000
2020-06-12 00:00:00-04:00,70.70859413359544,71.1375515555571,68.7220148203328,70.06690216064453,36676000
2020-06-15 00:00:00-04:00,68.90501227244624,70.66595575731058,68.79144890467562,70.45470428466797,30468000
2020-06-16 00:00:00-04:00,71.85610266711461,72.26125473639239,70.86380812050945,71.73064422607422,30648000
2020-06-17 00:00:00-04:00,72.0514946495563,72.51069676200414,71.16829143028149,72.03165435791016,30610000
2020-06-18 00:00:00-04:00,71.89826945258076,72.05298894392186,70.72744235742255,71.11821746826172,34862000
2020-06-19 00:00:00-04:00,71.40980414439169,71.63295826897189,70.36840814054392,70.64810180664062,52784000
2020-06-22 00:00:00-04:00,70.66645003115394,71.95281537744636,70.37783504857579,71.93843078613281,29442000
2020-06-23 00:00:00-04:00,72.00487961496944,73.15537446068053,71.65775015871338,72.59896850585938,37752000
2020-06-24 00:00:00-04:00,72.56424844008514,73.18461692389582,70.91388742535021,71.04778289794922,31592000
2020-06-25 00:00:00-04:00,70.97438643224383,71.52483720537171,70.39517404816455,71.46434020996094,23958000
2020-06-26 00:00:00-04:00,71.04430840536872,71.26200677642353,67.19462635933624,67.56853485107422,97640000
2020-06-29 00:00:00-04:00,67.45945384242283,69.32702184746623,67.02851386270075,69.28585815429688,45074000
2020-06-30 00:00:00-04:00,69.27147126590755,70.61635097847407,68.77804426486243,70.3212890625,40286000
2020-07-01 00:00:00-04:00,70.37682709896178,71.8303136595721,70.129368299301,71.50896453857422,42182000
2020-07-02 00:00:00-04:00,71.99694685942596,73.81591270905315,71.9587569455247,72.89402770996094,57218000
2020-07-06 00:00:00-04:00,73.79756767696199,74.88111101976311,73.24364363672055,74.36785125732422,44712000
2020-07-07 00:00:00-04:00,74.19330132589292,75.44247559216144,73.87443405399931,73.88534545898438,42364000
2020-07-08 00:00:00-04:00,74.42487655792402,74.9391275363047,74.00335737778137,74.56372833251953,31766000
2020-07-09 00:00:00-04:00,74.87763207288506,75.83026118715777,74.16651424532147,75.31055450439453,41836000
2020-07-10 00:00:00-04:00,75.04226597577468,76.4352556332494,74.42090622047326,76.31970977783203,35918000
2020-07-13 00:00:00-04:00,76.86174923666793,78.17191999043621,74.71053006647314,74.99170684814453,42954000
2020-07-14 00:00:00-04:00,74.0276638809234,75.51585983280482,73.68747324161508,75.4196548461914,38108000
2020-07-15 00:00:00-04:00,75.53718469026553,76.18681428524529,74.2775985185989,75.2222900390625,31026000
2020-07-16 00:00:00-04:00,74.45957915498776,75.17417766907114,73.80350268613957,75.12508392333984,26484000
2020-07-17 00:00:00-04:00,75.22378371077092,75.54711545019822,74.2909947214327,75.22080993652344,34264000
2020-07-20 00:00:00-04:00,75.12905704307107,77.8074208084694,74.51910048084655,77.55104064941406,30166000
2020-07-21 00:00:00-04:00,78.60186132798782,78.70203135101997,76.99463868090396,77.15828704833984,27486000
2020-07-22 00:00:00-04:00,77.14787303751817,77.70675334704666,76.52898757148118,77.60112762451172,24482000
2020-07-23 00:00:00-04:00,77.65468582028785,77.87387489576915,74.81118295355448,75.2158432006836,33910000
2020-07-24 00:00:00-04:00,74.34503607352454,75.15037633795211,73.7697887035883,74.7923355102539,29902000
2020-07-27 00:00:00-04:00,75.0427754818971,76.24781222334954,74.9966555026243,75.84464263916016,27124000
2020-07-28 00:00:00-04:00,75.62495452502512,75.67503953138889,74.41098901045284,74.56620788574219,30910000
2020-07-29 00:00:00-04:00,74.63315872892666,76.03804366539825,74.53447181046977,75.55107116699219,22676000
2020-07-30 00:00:00-04:00,74.28454085408097,76.41295336384728,74.14568906688521,76.2879867553711,36042000
2020-07-31 00:00:00-04:00,74.23892317136475,74.63415515123877,72.10406361825939,73.78765106201172,91468000
2020-08-03 00:00:00-04:00,73.93889104491423,74.27262713004906,72.98278880477989,73.53026580810547,45482000
2020-08-04 00:00:00-04:00,73.72615502792115,74.04353160138255,72.60144805958299,73.06114959716797,37212000
2020-08-05 00:00:00-04:00,73.2357173222867,73.88931200767865,72.95800616932094,73.34828186035156,29134000
2020-08-06 00:00:00-04:00,73.20248543087422,74.6961371287166,72.99172582956919,74.63067626953125,33306000
2020-08-07 00:00:00-04:00,74.83350211063035,75.3814709934715,73.70433072116582,74.30437469482422,27718000
2020-08-10 00:00:00-04:00,73.92898105188225,74.73977711058357,73.26893187451145,74.2275161743164,20546000
2020-08-11 00:00:00-04:00,74.08766106264545,74.9029290830015,73.30364415071575,73.42018127441406,31098000
2020-08-12 00:00:00-04:00,73.74649701775965,74.96393594922627,73.64136312889204,74.74424743652344,22512000
2020-08-13 00:00:00-04:00,74.79234620944766,76.21856217706964,74.79234620944766,75.21088409423828,22388000
2020-08-14 00:00:00-04:00,75.06012408061498,75.36659681987358,74.33561289996881,74.61480712890625,21942000
2020-08-17 00:00:00-04:00,75.17715073524698,75.56445256290893,74.63314693921502,75.19053649902344,19990000
2020-08-18 00:00:00-04:00,75.68049166642054,77.23018328447318,75.45981951477373,77.15133666992188,28378000
2020-08-19 00:00:00-04:00,76.98818722838891,77.79998205796244,76.36880993674055,76.59741973876953,30472000
2020-08-20 00:00:00-04:00,76.36731743172305,78.36084298271476,76.09407832961335,78.16645050048828,26382000
2020-08-21 00:00:00-04:00,77.9457743659373,78.94154971294752,77.47516898620518,78.13273620605469,34838000
2020-08-24 00:00:00-04:00,78.97081580396583,79.7796370070869,78.10646144704455,78.60781860351562,25638000
2020-08-25 00:00:00-04:00,78.35738608042723,79.78459343230226,78.24729589702297,79.63433837890625,25150000
2020-08-26 00:00:00-04:00,79.65663374936909,81.96208008160359,79.39281538968537,81.53262329101562,52188000
2020-08-27 00:00:00-04:00,81.65561048941696,81.72404511830622,80.27700533270146,80.75852966308594,31350000
2020-08-28 00:00:00-04:00,80.80564922534911,81.3947742823975,80.61423049630892,81.299560546875,22418000
2020-08-31 00:00:00-04:00,81.50486573387329,81.55098571536558,80.60034658249602,80.80862426757812,26422000
2020-09-01 00:00:00-04:00,80.93903580626339,82.280941701102,80.80861351008971,82.07563781738281,22652000
2020-09-02 00:00:00-04:00,82.71684835469105,85.59754248382305,82.32905460313435,85.16561126708984,49522000
2020-09-03 00:00:00-04:00,84.27942619556264,84.30323151911709,79.7265559132381,80.80762481689453,63726000
2020-09-04 00:00:00-04:00,79.79052798096303,81.07937516659749,76.26814209838817,78.41242218017578,55850000
2020-09-08 00:00:00-04:00,75.62496788954304,77.13994312238728,75.20344864833461,75.5555419921875,54032000
2020-09-09 00:00:00-04:00,76.8101523414228,77.29712475631062,75.6333780073109,76.72734069824219,39242000
2020-09-10 00:00:00-04:00,76.87363185390018,78.03800413322116,75.37699903840779,75.67701721191406,33024000
2020-09-11 00:00:00-04:00,75.78117674902929,76.30434911532208,74.03907481748664,75.16675567626953,30706000
2020-09-14 00:00:00-04:00,75.95473545699213,77.21184733619498,74.63861724293893,74.82308959960938,42660000
2020-09-15 00:00:00-04:00,75.76827546976736,76.91380642864527,75.48115117831345,76.1268081665039,23042000
2020-09-16 00:00:00-04:00,76.49179380537119,77.08141822427109,74.95995225886935,74.98474884033203,22128000
2020-09-17 00:00:00-04:00,73.68151914994446,74.31875423371972,72.52359367520403,73.74251556396484,40008000
2020-09-18 00:00:00-04:00,73.80500039329375,74.14717354274497,70.99423184511045,71.95974731445312,63056000
2020-09-21 00:00:00-04:00,70.99423595541519,71.41277382224862,69.55909872730024,70.92084503173828,56908000
2020-09-22 00:00:00-04:00,71.92156489906783,72.59847297958909,70.88909790425686,72.39266967773438,33950000
2020-09-23 00:00:00-04:00,72.00933109660266,72.05842484061942,69.55908563863417,69.89183044433594,37726000
2020-09-24 00:00:00-04:00,69.5590904717612,71.31011340811294,69.53280322167417,70.559814453125,34552000
2020-09-25 00:00:00-04:00,70.66843135233466,71.70436404875389,69.8070508636011,71.36318969726562,30326000
2020-09-28 00:00:00-04:00,72.99619210723424,73.04577770670436,71.72123004229934,72.33515167236328,30784000
2020-09-29 00:00:00-04:00,72.59549981591418,72.99667929784022,72.10405532889749,72.70013427734375,31816000
2020-09-30 00:00:00-04:00,72.44821428907602,73.7008616762661,72.19134227406526,72.67930603027344,40924000
2020-10-01 00:00:00-04:00,73.57490368942042,74.14073037908443,73.23471303836575,73.78516387939453,32884000
2020-10-02 00:00:00-04:00,72.38325120895068,73.34530108822473,71.77428589367447,72.18340301513672,31222000
2020-10-05 00:00:00-04:00,72.53302071478075,73.6264842512072,72.40607158601448,73.53375244140625,21602000
2020-10-06 00:00:00-04:00,73.17025692104377,73.61755643574848,71.65825547079119,71.95629119873047,26096000
2020-10-07 00:00:00-04:00,72.3673848593541,72.8464272920144,71.07407320039421,72.35895538330078,36108000
2020-10-08 00:00:00-04:00,72.67186671262658,73.79160984769521,72.67186671262658,73.5634994506836,26076000
2020-10-09 00:00:00-04:00,74.03113521720735,74.97285301834012,73.74053771907792,74.90342712402344,32966000
2020-10-12 00:00:00-04:00,76.26962637160483,78.76995701320932,75.83818706732326,77.58822631835938,55344000
2020-10-13 00:00:00-04:00,78.2041397278234,78.60830053326004,77.29267433018113,77.71121215820312,39072000
2020-10-14 00:00:00-04:00,78.08462872761372,78.54333141599089,76.66138672902949,77.53119659423828,33174000
2020-10-15 00:00:00-04:00,76.59196719094011,77.92594312364784,76.42485320690311,77.13597106933594,31210000
2020-10-16 00:00:00-04:00,77.45136526093125,78.23885538819876,77.24457825784714,77.74246215820312,34194000
2020-10-19 00:00:00-04:00,78.150595991625,78.54731865297327,75.5218250273045,75.87043762207031,29734000
2020-10-20 00:00:00-04:00,75.53124667758806,78.04695371912739,75.40181561453903,76.91828155517578,41670000
2020-10-21 00:00:00-04:00,77.8490682736484,80.09500878079854,77.71468095433627,78.64945220947266,60322000
2020-10-22 00:00:00-04:00,78.6003693037984,80.00971867518831,78.22745200812956,79.67449188232422,30512000
2020-10-23 00:00:00-04:00,80.09056254283196,81.03624541577501,79.93484422792365,80.9797134399414,30548000
2020-10-26 00:00:00-04:00,80.08807542144447,80.81109596389342,77.7464289699495,78.5651626586914,35826000
2020-10-27 00:00:00-04:00,78.79526157270044,79.44340050716269,78.20315519687098,79.28868103027344,25902000
2020-10-28 00:00:00-04:00,76.86520815058896,77.05364551687353,74.80572991828615,74.9207763671875,45174000
2020-10-29 00:00:00-04:00,75.22922035595008,78.78582318752815,75.20591444663212,77.20588684082031,55406000
2020-10-30 00:00:00-04:00,82.68858716235039,83.37689856838614,79.42208175772936,80.14311981201172,99878000
2020-11-02 00:00:00-05:00,80.51158068776404,82.23235921213355,80.050388434645,80.55026245117188,44228000
2020-11-03 00:00:00-05:00,80.86960946086896,82.27002983001302,79.9447507315101,81.6084976196289,31432000
2020-11-04 00:00:00-05:00,84.57995112111725,87.77603930665698,84.45201073795255,86.57695007324219,71342000
2020-11-05 00:00:00-05:00,87.79685143429904,88.85659689104831,86.33790903274921,87.4026107788086,39758000
2020-11-06 00:00:00-05:00,86.84918769044951,87.70015609543829,86.12219462200115,87.26525115966797,28622000
2020-11-09 00:00:00-05:00,89.06289964750782,90.09982356156625,87.15714949334874,87.34906005859375,53440000
2020-11-10 00:00:00-05:00,85.77954163133082,87.24790499621608,85.10263347510187,86.17378234863281,43022000
2020-11-11 00:00:00-05:00,86.70339318512825,87.42244865386503,86.43858355014122,86.64537811279297,31838000
2020-11-12 00:00:00-05:00,86.38600961715265,87.52559292434917,86.18616144298254,86.42667388916016,26474000
2020-11-13 00:00:00-05:00,86.6835728514782,88.12813095536457,86.08750138135393,87.88662719726562,29744000
2020-11-16 00:00:00-05:00,87.48395005570929,88.98157439814365,87.34459885703573,87.97439575195312,25468000
2020-11-17 00:00:00-05:00,87.66841068929054,88.12861160522714,87.25334605642084,87.36095428466797,21314000
2020-11-18 00:00:00-05:00,87.11201820971709,87.52659102492422,86.21592105216274,86.31857299804688,20108000
2020-11-19 00:00:00-05:00,85.95111313440208,87.4517111808944,85.79192921661566,87.20772552490234,20106000
2020-11-20 00:00:00-05:00,87.37782025271105,87.69321431232694,86.03888806138033,86.1073226928711,27694000
2020-11-23 00:00:00-05:00,86.29775148895854,86.58388452691703,84.80806483367506,85.66993713378906,22530000
2020-11-24 00:00:00-05:00,85.66696514111936,87.59998627783115,85.33123893145898,87.4720458984375,27984000
2020-11-25 00:00:00-05:00,87.6659416054076,87.79338256520208,86.70140982396333,87.48344421386719,19600000
2020-11-27 00:00:00-05:00,87.50378154731892,89.11397796643531,87.50378154731892,88.61856842041016,14790000
2020-11-30 00:00:00-05:00,88.05472111529265,88.28729593403301,86.67561660708266,87.00093078613281,32418000
2020-12-01 00:00:00-05:00,87.60891569180329,90.33934712767135,87.42890021723332,89.03215026855469,37350000
2020-12-02 00:00:00-05:00,89.03214790983743,90.88583053694929,88.52682579597574,90.5005111694336,29424000
2020-12-03 00:00:00-05:00,90.28082916707561,91.4357808641382,90.10527814356266,90.34529876708984,24728000
2020-12-04 00:00:00-05:00,90.26497019974981,90.72516363204076,89.93618277474572,90.44052124023438,20544000
2020-12-07 00:00:00-05:00,90.03337488446918,90.71474746268916,89.41300629000888,90.10677337646484,22288000
2020-12-08 00:00:00-05:00,89.68476067965364,90.05420479386552,88.82982716744417,89.82410430908203,19936000
2020-12-09 00:00:00-05:00,89.77600140990651,90.66912483380474,87.3778230247118,88.16432189941406,31728000
2020-12-10 00:00:00-05:00,87.40757975682408,88.02200081653986,85.9659955088699,87.65801239013672,28688000
2020-12-11 00:00:00-05:00,87.27864889730141,88.13705563756427,86.91862549969234,88.01258087158203,18628000
2020-12-14 00:00:00-05:00,87.81025159464944,88.75642621466821,86.7395946512999,86.89481353759766,33050000
2020-12-15 00:00:00-05:00,87.27169452904377,87.47699842212751,86.36965738505812,87.33219909667969,21352000
2020-12-16 00:00:00-05:00,87.7304049543823,87.7304049543823,86.73612785383081,87.13928985595703,24676000
2020-12-17 00:00:00-05:00,87.4735323654879,87.61139288477847,85.84796774736196,86.31212615966797,34880000
2020-12-18 00:00:00-05:00,86.59281350662172,86.7014130032397,85.04708672490963,85.60348510742188,85256000
2020-12-21 00:00:00-05:00,84.75599010453729,86.13806852719698,84.00569107154372,86.0170669555664,33974000
2020-12-22 00:00:00-05:00,85.75772559430041,85.92038272426797,84.58987978727575,85.30596160888672,20370000
2020-12-23 00:00:00-05:00,85.48992157545021,86.49064556694626,85.3545354259629,85.70315551757812,22974000
2020-12-24 00:00:00-05:00,85.74134982606715,86.40635530459163,85.51075748898015,85.99723815917969,9312000
2020-12-28 00:00:00-05:00,86.5303238857838,88.61757255277705,86.3770950854727,87.97091674804688,27650000
2020-12-29 00:00:00-05:00,88.62899665277278,88.6904849203258,87.0361584425288,87.16757202148438,19726000
2020-12-30 00:00:00-05:00,87.52658454559963,87.66345379664646,85.69175114215045,86.10086822509766,21026000
2020-12-31 00:00:00-05:00,86.15145649430762,87.15466244553635,86.09293444461045,86.91365814208984,21070000
2021-01-04 00:00:00-05:00,87.2786364939041,87.40211241746897,84.65730423081347,85.5990219116211,37324000
2021-01-05 00:00:00-05:00,85.547452346587,86.62553994719731,85.14130899599806,86.28932189941406,20360000
2021-01-06 00:00:00-05:00,84.31614040020875,86.4837267272263,84.10984521545748,85.4378662109375,46588000
2021-01-07 00:00:00-05:00,85.63027223492269,88.16234631256152,85.63027223492269,87.98977661132812,41936000
2021-01-08 00:00:00-05:00,88.12960383731487,89.23050541250267,87.3391324437346,89.15463256835938,35484000
2021-01-11 00:00:00-05:00,88.1226681566943,88.4876553992653,86.8888697766191,87.09466552734375,34796000
2021-01-12 00:00:00-05:00,86.55263508531978,87.67039562957231,85.11551546654566,86.15938568115234,29528000
2021-01-13 00:00:00-05:00,85.65803281300867,87.09962451285838,85.65803281300867,86.64636993408203,23432000
2021-01-14 00:00:00-05:00,86.72670521887984,87.65305472805,85.59605062771794,85.83656311035156,29212000
2021-01-15 00:00:00-05:00,85.74233848952319,86.6647153768153,84.88393935871447,85.67291259765625,31444000
2021-01-19 00:00:00-05:00,86.43561418775866,89.45267807678509,85.93128331929772,88.49211883544922,41660000
2021-01-20 00:00:00-05:00,90.56993747642771,94.20737744445935,90.2297543947526,93.2329330444336,64152000
2021-01-21 00:00:00-05:00,93.90636933143983,95.81211195428514,93.2002001837018,93.43525695800781,58634000
2021-01-22 00:00:00-05:00,93.79776072604933,94.43896084883245,93.05589117003073,93.85231018066406,32744000
2021-01-25 00:00:00-05:00,94.8530526111603,95.30333347739115,92.19601186082777,93.93761444091797,50586000
2021-01-26 00:00:00-05:00,93.52649487258525,95.00229620820357,93.03753991216796,94.61549377441406,31462000
2021-01-27 00:00:00-05:00,92.97705264284299,93.25277371377656,89.1273696425718,90.20149230957031,82512000
2021-01-28 00:00:00-05:00,90.79954240185926,93.62567923928557,90.79954240185926,91.90044403076172,55278000
2021-01-29 00:00:00-05:00,90.94930432506192,91.61976549487935,89.33961486968028,90.61903381347656,44530000
2021-02-01 00:00:00-05:00,91.47347570612914,94.99189672698161,91.47347570612914,93.87760925292969,40252000
2021-02-02 00:00:00-05:00,94.87238913054661,96.66953234686342,94.53715474973095,95.16943359375,66332000
2021-02-03 00:00:00-05:00,102.43388711910048,104.4675776467,99.85222011919001,102.10014343261719,97882000
2021-02-04 00:00:00-05:00,102.18642801251289,102.61686853209841,100.92088672711886,101.83979797363281,48596000
2021-02-05 00:00:00-05:00,102.13384594939998,103.93793513779798,101.65976744998085,103.5853500366211,29866000
2021-02-08 00:00:00-05:00,104.13928516789632,104.88313720480986,102.32181002045341,103.37162780761719,28828000
2021-02-09 00:00:00-05:00,102.88962324878285,104.06540659089865,102.6515926888036,102.91888427734375,21892000
2021-02-10 00:00:00-05:00,103.30321065276814,104.08376206466987,101.77087701356295,103.46884155273438,25102000
2021-02-11 00:00:00-05:00,103.69299411977336,103.84175849827325,102.59506609194028,103.58141326904297,20480000
2021-02-12 00:00:00-05:00,103.13609147784828,104.11450097821873,102.82862745386913,103.89283752441406,18990000
2021-02-16 00:00:00-05:00,103.73016383309847,106.37778331502909,103.73016383309847,104.6698989868164,31004000
2021-02-17 00:00:00-05:00,103.84074940988165,105.25208878200296,103.56156275847486,105.06265258789062,20294000
2021-02-18 00:00:00-05:00,104.38724907315866,105.2297881295189,103.80852842248879,104.42741394042969,22546000
2021-02-19 00:00:00-05:00,104.52559167005224,105.0606666112544,103.31757370923654,103.58436584472656,37938000
2021-02-22 00:00:00-05:00,101.83831369636844,103.16386022134958,101.5606101179122,101.87104034423828,29466000
2021-02-23 00:00:00-05:00,99.87404002469421,102.77555788180933,98.69577487059935,102.16162872314453,34658000
2021-02-24 00:00:00-05:00,100.66997198801663,103.56008695140686,100.54550478593254,103.33643341064453,22608000
2021-02-25 00:00:00-05:00,101.95384362185172,103.29624888975523,99.50210731725423,99.97122955322266,41548000
2021-02-26 00:00:00-05:00,100.66549742752122,101.98310623375514,99.23036023728218,100.26679229736328,40042000
2021-03-01 00:00:00-05:00,101.56059734973552,102.96052588335621,100.88716247321571,102.63471984863281,26060000
2021-03-02 00:00:00-05:00,102.39570360453789,103.87845154552576,101.99055905326092,102.37785339355469,25564000
2021-03-03 00:00:00-05:00,101.75647818822056,102.94862088260737,98.88272328965242,99.74609375,33892000
2021-03-04 00:00:00-05:00,99.91767835282445,102.87920137299997,99.44954734195224,100.86286926269531,49216000
2021-03-05 00:00:00-05:00,102.21271269276662,104.44674319929116,100.55788705118852,103.99398803710938,53100000
2021-03-08 00:00:00-05:00,103.34883204318703,104.82066100973701,99.43765332889343,99.55220794677734,36868000
2021-03-09 00:00:00-05:00,101.6473888421462,102.35007722648686,100.94568414890182,101.18173217773438,33920000
2021-03-10 00:00:00-05:00,102.2251105144304,102.2251105144304,100.13885303854282,100.97494506835938,27100000
2021-03-11 00:00:00-05:00,102.06741705146506,104.69817024362116,101.97964153853603,104.16606903076172,27702000
2021-03-12 00:00:00-05:00,102.96946888396107,103.02897463234642,100.78799753105496,101.6597900390625,33818000
2021-03-15 00:00:00-04:00,101.41084443797796,101.90723768058707,100.5583928421277,101.87996673583984,26168000
2021-03-16 00:00:00-04:00,102.45272538765994,104.81767759960309,102.12047238189682,103.34039306640625,31900000
2021-03-17 00:00:00-04:00,102.57572675734066,104.0897107890711,101.36820794354253,103.2575912475586,26382000
2021-03-18 00:00:00-04:00,101.56954309208149,102.58961579778418,100.131431867157,100.2385482788086,31700000
2021-03-19 00:00:00-04:00,100.65459585242806,101.0170935919781,99.32557619974676,100.51722717285156,46072000
2021-03-22 00:00:00-04:00,100.55046375333875,101.57747521012381,99.8745468228633,100.70220947265625,33536000
2021-03-23 00:00:00-04:00,101.1614008768052,102.35949880770968,100.56880265494154,101.2298355102539,28510000
2021-03-24 00:00:00-04:00,101.74706227764077,102.53256990725708,100.61839021612809,100.79344940185547,25218000
2021-03-25 00:00:00-04:00,100.62086633670765,101.44356501016514,98.9863728269257,100.78997039794922,35616000
2021-03-26 00:00:00-04:00,100.75674230960178,101.1336246171234,99.37119076934293,100.4066390991211,27978000
2021-03-29 00:00:00-04:00,100.27919338600256,101.6206075032876,99.45053959162658,101.45100402832031,26492000
2021-03-30 00:00:00-04:00,101.80755056417289,102.28807603433674,100.97294931413096,101.4847183227539,27312000
2021-03-31 00:00:00-04:00,101.87798472633357,103.45792888550099,101.51101496662734,102.28065490722656,42570000
2021-04-01 00:00:00-04:00,103.7549829720786,105.91214972011062,103.71431869033437,105.61609649658203,39880000
2021-04-05 00:00:00-04:00,106.47746082606572,110.53592048261828,106.38125583923181,110.03852844238281,48510000
2021-04-06 00:00:00-04:00,109.63983019014792,110.48683365729421,109.1870749956329,109.55751037597656,35240000
2021-04-07 00:00:00-04:00,109.74792488664195,111.30505479925695,109.74792488664195,111.03379821777344,24134000
2021-04-08 00:00:00-04:00,112.27207187647824,112.658382510487,111.23117534122576,111.59913635253906,28664000
2021-04-09 00:00:00-04:00,111.35167993918043,112.76648496837154,110.94602844319752,112.60283660888672,26146000
2021-04-12 00:00:00-04:00,111.78211703998792,111.91947814319695,110.4778940603642,111.3110122680664,25024000
2021-04-13 00:00:00-04:00,111.6269058095295,112.24579128521644,111.23315696050524,111.79749298095703,25682000
2021-04-14 00:00:00-04:00,112.44216945631923,112.44216945631923,110.88454751475824,111.17662811279297,21002000
2021-04-15 00:00:00-04:00,112.1704155210859,113.8589591031954,111.63583238423234,113.32585906982422,29174000
2021-04-16 00:00:00-04:00,113.52373007572085,113.77168077567667,112.61523834787371,113.20188903808594,26282000
2021-04-19 00:00:00-04:00,112.57855111316749,114.26014846814734,112.57855111316749,113.54952239990234,30290000
2021-04-20 00:00:00-04:00,113.93284788352207,114.00772947962533,111.93090021599527,113.01642608642578,22288000
2021-04-21 00:00:00-04:00,112.67127568827584,113.06551638343237,111.32093263815867,112.98369598388672,23204000
2021-04-22 00:00:00-04:00,112.837393589657,113.50587220316932,111.09777377545008,111.70277404785156,24146000
2021-04-23 00:00:00-04:00,112.4208378072845,114.36080521624167,112.13569603609702,114.05384063720703,29066000
2021-04-26 00:00:00-04:00,114.28146844023216,115.27377066190553,113.92441882355446,114.54975128173828,32038000
2021-04-27 00:00:00-04:00,114.93158969348886,114.97225396912138,113.37098650498807,113.61001586914062,44386000
2021-04-28 00:00:00-04:00,118.6444052488308,120.57247005777245,116.69650771409113,116.98512268066406,81106000
2021-04-29 00:00:00-04:00,118.48224361950828,119.22262247919515,117.71954253961522,118.65729522705078,41234000
2021-04-30 00:00:00-04:00,117.43044257709242,118.1162720240264,116.36624012534263,116.71039581298828,44856000
2021-05-03 00:00:00-04:00,117.2762089404866,118.10138954221922,115.81776586416933,116.19365692138672,28242000
2021-05-04 00:00:00-04:00,114.72926326113381,115.29657305551342,111.9090738290094,114.3960189819336,44818000
2021-05-05 00:00:00-04:00,115.47709984321007,115.79298579038195,114.46793860068328,114.78977966308594,26636000
2021-05-06 00:00:00-04:00,114.37122673822532,115.90951538085938,113.71217637295206,115.90951538085938,25190000
2021-05-07 00:00:00-04:00,117.22563540770174,117.59061507127338,116.34639717350244,116.63253021240234,28898000
2021-05-10 00:00:00-04:00,115.45278230823058,115.59461543086714,113.29065197517465,113.64820098876953,30914000
2021-05-11 00:00:00-04:00,111.23414573224053,113.07939117570699,110.78039176678136,112.57257843017578,34186000
2021-05-12 00:00:00-04:00,110.39707540750636,111.47764498191353,108.78192267103177,109.11070251464844,46376000
2021-05-13 00:00:00-04:00,110.39359947423983,111.05414048585153,109.43154957142508,110.53840637207031,33204000
2021-05-14 00:00:00-04:00,112.00130340485505,113.2995712389846,111.5778017225358,112.98516845703125,31996000
2021-05-17 00:00:00-04:00,112.25074645700623,113.55050506879931,111.85105006420112,113.50785827636719,21598000
2021-05-18 00:00:00-04:00,114.17384773504614,114.43816551572112,112.18230470309192,112.1961898803711,22204000
2021-05-19 00:00:00-04:00,110.50815409240448,112.81706629241613,110.35988157512777,112.64399719238281,23684000
2021-05-20 00:00:00-04:00,113.61099904442229,114.65238730936072,113.24006430047643,114.40196228027344,32352000
2021-05-21 00:00:00-04:00,114.92067224724799,114.99407073122583,113.52669126628258,113.7662124633789,40632000
2021-05-24 00:00:00-04:00,114.79570218885485,117.30793548139798,114.6504034623796,117.08428955078125,31832000
2021-05-25 00:00:00-04:00,117.62781165530731,118.22289182744397,116.7847807808758,117.17505645751953,22440000
2021-05-26 00:00:00-04:00,117.35604726795344,118.47034224534134,117.35307349417839,118.03990173339844,21572000
2021-05-27 00:00:00-04:00,118.47330744370343,118.47330744370343,116.84725108794768,117.16561889648438,35224000
2021-05-28 00:00:00-04:00,117.74781887099097,117.82963927117555,116.67816071964592,116.87651824951172,21482000
2021-06-01 00:00:00-04:00,117.74880281061728,118.30768309931028,116.74906245910415,118.08303833007812,23354000
2021-06-02 00:00:00-04:00,118.478278661861,118.70094093106418,116.65385700275765,117.55789184570312,21158000
2021-06-03 00:00:00-04:00,116.3250761646754,116.88494774617168,115.52121891925472,116.41681671142578,18696000
2021-06-04 00:00:00-04:00,117.49242726754059,118.96822874582733,117.15223662042179,118.69746398925781,24458000
2021-06-07 00:00:00-04:00,118.49267459500096,119.23999994667244,118.0741366825069,119.13040161132812,24120000
2021-06-08 00:00:00-04:00,119.61191557625074,119.98433347180782,118.75747389251524,118.93897247314453,24240000
2021-06-09 00:00:00-04:00,119.58314141281689,119.65504166013505,118.86259530140607,119.41007232666016,17942000
2021-06-10 00:00:00-04:00,119.35949314078805,120.801576684723,119.20378241102719,120.75843048095703,25904000
2021-06-11 00:00:00-04:00,120.999943051101,121.08523664008776,119.95656455587336,120.51396179199219,21958000
2021-06-14 00:00:00-04:00,120.61611526440987,121.44228719469659,119.90896239653654,121.4417953491211,22098000
2021-06-15 00:00:00-04:00,121.44624178709292,121.76907406138305,120.06367156009478,120.4241943359375,21562000
2021-06-16 00:00:00-04:00,120.5754393849675,120.88686840654948,118.49067266185558,119.7824935913086,26472000
2021-06-17 00:00:00-04:00,119.7081134975645,121.51815047385836,119.51223033742086,120.74553680419922,25842000
2021-06-18 00:00:00-04:00,120.37211233184087,120.6061778242269,119.03119771508092,119.12641143798828,46116000
2021-06-21 00:00:00-04:00,119.51273832350716,120.99994312989033,118.91566806650118,120.81398010253906,27414000
2021-06-22 00:00:00-04:00,120.75198899495656,121.39666231815684,120.07161525109758,121.32772827148438,22390000
2021-06-23 00:00:00-04:00,121.09266658134959,122.08645184131146,120.83579457394919,121.12589263916016,19148000
2021-06-24 00:00:00-04:00,121.69419951157322,122.04678467759501,121.29748444838773,121.49584197998047,21362000
2021-06-25 00:00:00-04:00,120.99993398696205,121.62774832820787,120.5685022175003,121.50426483154297,34594000
2021-06-28 00:00:00-04:00,121.6728660523082,121.77849933650862,120.41030616677962,121.53153991699219,28526000
2021-06-29 00:00:00-04:00,121.66495804851782,122.01258695892923,120.69348729987999,121.27021789550781,23108000
2021-06-30 00:00:00-04:00,120.99447687115277,121.2548296268427,120.35972373185534,121.08869934082031,24474000
2021-07-01 00:00:00-04:00,120.72718855138434,121.58212203987887,120.53527798763021,121.4407958984375,18110000
2021-07-02 00:00:00-04:00,122.14051324667714,124.37603452212761,122.05075521661516,124.2307357788086,25982000
2021-07-06 00:00:00-04:00,124.61853639495152,125.39164954584159,123.56127270190933,125.15560150146484,26404000
2021-07-07 00:00:00-04:00,126.11963498147594,126.24062899525266,125.11890325477182,125.43727111816406,24060000
2021-07-08 00:00:00-04:00,123.0093289727932,124.56595957690325,123.005363941043,124.01898193359375,23790000
2021-07-09 00:00:00-04:00,124.00014669515204,124.70382636334314,123.53052498165191,124.4896011352539,18632000
2021-07-12 00:00:00-04:00,125.1436985053042,126.02789308648856,124.58134497059366,125.93466186523438,17668000
2021-07-13 00:00:00-04:00,125.99712795199184,127.00777214039663,125.63611333534345,126.29764556884766,19240000
2021-07-14 00:00:00-04:00,126.90908636567568,128.266375645742,126.86594016488215,127.18579864501953,23742000
2021-07-15 00:00:00-04:00,127.59443383506836,127.64501069030976,125.49280054236102,125.96390533447266,24218000
2021-07-16 00:00:00-04:00,126.61650398488521,126.76378522590034,125.11937927369718,125.92918395996094,20424000
2021-07-19 00:00:00-04:00,125.05590815567551,125.17046276091699,122.49259090531656,123.55680084228516,27968000
2021-07-20 00:00:00-04:00,124.49850294432187,126.00158275916938,123.33115686036929,125.17491912841797,26312000
2021-07-21 00:00:00-04:00,125.09955486427575,126.55006794062126,124.99045595333612,126.50345611572266,20746000
2021-07-22 00:00:00-04:00,126.79602416530378,127.4297860202273,126.4538510284207,127.36878204345703,14302000
2021-07-23 00:00:00-04:00,129.36133455179797,132.30550704776215,128.73650906326645,131.92465209960938,41506000
2021-07-26 00:00:00-04:00,132.23557346986715,133.13661932706722,131.2169841004671,132.936279296875,30572000
2021-07-27 00:00:00-04:00,133.15002872677817,133.29730999351878,129.03751867433039,130.81878662109375,54710000
2021-07-28 00:00:00-04:00,135.19460884795575,137.16333785236336,134.1685888131194,134.9783935546875,95130000
2021-07-29 00:00:00-04:00,135.03393383670254,135.54074659888502,134.43191491467985,134.66448974609375,31716000
2021-07-30 00:00:00-04:00,133.92808941978942,134.1953809902093,133.15448447715994,133.6221160888672,25576000
2021-08-02 00:00:00-04:00,134.00942969336194,134.22712811804664,132.69727646334016,133.74908447265625,21634000
2021-08-03 00:00:00-04:00,134.02726631580427,134.61937271017896,132.22665752851483,134.51821899414062,20762000
2021-08-04 00:00:00-04:00,134.24001564188015,134.53755950866824,133.38458270000555,134.01785278320312,19676000
2021-08-05 00:00:00-04:00,134.56827929751879,135.2323009960872,133.74061681615711,135.1345977783203,17870000
2021-08-06 00:00:00-04:00,134.92684860507694,135.35381597219683,134.1016679203012,134.62582397460938,20488000
2021-08-09 00:00:00-04:00,134.8281458060164,136.05946972764093,134.23007678129167,135.79067993164062,17760000
2021-08-10 00:00:00-04:00,136.21618040832792,136.64316290986423,135.2466997947702,135.68557739257812,19414000
2021-08-11 00:00:00-04:00,136.05697875437372,136.55386377128605,135.15443470909557,135.16188049316406,15352000
2021-08-12 00:00:00-04:00,134.86087941942685,136.17453085667606,134.3153999728154,136.06939697265625,16506000
2021-08-13 00:00:00-04:00,136.12493157350525,136.72646625528014,135.90971509193332,136.5985107421875,15948000
2021-08-16 00:00:00-04:00,136.39766610111587,137.22830997813796,134.18991525462013,137.1757354736328,22384000
2021-08-17 00:00:00-04:00,136.62082272063034,137.1320999211298,134.96649653381414,135.54124450683594,21716000
2021-08-18 00:00:00-04:00,135.38106359666662,135.98061569212976,134.21222682101478,134.33868408203125,19258000
2021-08-19 00:00:00-04:00,133.33350458588953,135.234782779033,133.1495240793781,134.5677947998047,21782000
2021-08-20 00:00:00-04:00,134.88519193745017,136.42645446339975,134.1413397760304,136.302978515625,31194000
2021-08-23 00:00:00-04:00,136.8385481592107,139.7197343782352,136.47951599303877,138.89356994628906,28454000
2021-08-24 00:00:00-04:00,139.45886528917006,140.9153334065435,139.1881081082897,140.10354614257812,19268000
2021-08-25 00:00:00-04:00,140.4640639174662,141.02393547801682,140.21711205572637,140.91433715820312,15848000
2021-08-26 00:00:00-04:00,140.58805446280763,141.2500786299819,140.19827061437374,140.28109741210938,20610000
2021-08-27 00:00:00-04:00,140.49133697664018,143.3278934785733,140.3371093469741,142.8235626220703,28780000
2021-08-30 00:00:00-04:00,143.21632905744937,144.77396624741414,142.98127226041726,143.4052734375,24434000
2021-08-31 00:00:00-04:00,143.9572070200469,143.98149662462504,143.09830844171228,143.51138305664062,22448000
2021-09-01 00:00:00-04:00,143.8113978553602,145.05511631686906,143.69585198821633,144.02513122558594,21936000
2021-09-02 00:00:00-04:00,144.02564581736442,144.32665531830855,142.0112884210009,142.11245727539062,32342000
2021-09-03 00:00:00-04:00,141.90762370846002,142.97330911300233,141.23319004017313,142.56121826171875,19850000
2021-09-07 00:00:00-04:00,142.65546562838,143.37997686078998,142.44173224208836,143.09780883789062,20124000
2021-09-08 00:00:00-04:00,142.91878162510545,143.216310341674,141.8277925519912,142.51312255859375,18344000
2021-09-09 00:00:00-04:00,142.66142436593762,143.12757293783594,142.00386461498047,142.3643798828125,15314000
2021-09-10 00:00:00-04:00,143.030343356749,143.53220739667623,139.58433740573318,139.72120666503906,36840000
2021-09-13 00:00:00-04:00,140.78588503191912,141.77818710345173,140.09212560958235,141.16575622558594,22094000
2021-09-14 00:00:00-04:00,141.82332937621524,142.18782475783476,140.5880403778888,141.3760223388672,19674000
2021-09-15 00:00:00-04:00,141.60117640739975,143.2664141950181,140.18885318248124,143.24559020996094,27408000
2021-09-16 00:00:00-04:00,142.77052431927007,143.1171619764454,141.23422561732042,142.4328155517578,26190000
2021-09-17 00:00:00-04:00,141.8580280226532,142.27408389785296,139.31851630513904,139.64581298828125,53384000
2021-09-20 00:00:00-04:00,137.02895758765368,137.86058517975945,135.20454353336754,137.58238220214844,46518000
2021-09-21 00:00:00-04:00,138.60392895402697,138.86378985932566,137.14449465996216,137.893310546875,25332000
2021-09-22 00:00:00-04:00,138.1620970935906,139.73211352931875,137.41576307062647,139.13356018066406,25056000
2021-09-23 00:00:00-04:00,139.83181383714714,140.53500172725538,139.25061879288333,140.05844116210938,20952000
2021-09-24 00:00:00-04:00,139.38648419130865,141.16380230179908,139.09142223509036,141.0492401123047,22984000
2021-09-27 00:00:00-04:00,139.65029458618613,140.77500156753678,138.91933644415815,139.9156036376953,21882000
2021-09-28 00:00:00-04:00,137.5184232831249,137.95630206318702,134.25043470064762,134.71658325195312,45772000
2021-09-29 00:00:00-04:00,135.85710087033613,136.02670430215508,132.7676457989303,133.25213623046875,30848000
2021-09-30 00:00:00-04:00,133.1609261171282,134.43141608042833,132.46120397036233,132.58021545410156,37996000
2021-10-01 00:00:00-04:00,133.3454089668454,135.78823199119176,132.9739823084811,135.42373657226562,35360000
2021-10-04 00:00:00-04:00,134.84597552340657,134.84597552340657,129.97573673510337,132.5638427734375,51202000
2021-10-05 00:00:00-04:00,132.9422266108893,136.09963269834668,132.9422266108893,134.90797424316406,32404000
2021-10-06 00:00:00-04:00,133.64542025587158,136.62082849904496,133.44706273306846,136.43734741210938,24364000
2021-10-07 00:00:00-04:00,137.75347740127893,138.89405973958108,137.51445558203253,138.08375549316406,25110000
2021-10-08 00:00:00-04:00,138.43287677970883,139.1806940276926,138.07632652345558,138.63967895507812,26526000
2021-10-11 00:00:00-04:00,138.15017587187458,139.55853375524543,137.72071154187276,137.7752685546875,17954000
2021-10-12 00:00:00-04:00,138.33665033617203,138.3634370023765,134.64714270868552,135.33050537109375,36332000
2021-10-13 00:00:00-04:00,136.27617541967604,136.86878120226152,135.39991852664056,136.45420837402344,19654000
2021-10-14 00:00:00-04:00,138.33070229242213,140.17892171906655,137.68702021920703,139.99395751953125,31894000
2021-10-15 00:00:00-04:00,140.4536525487432,140.55630449662968,139.60120099035484,140.20916748046875,30274000
2021-10-18 00:00:00-04:00,139.92007540027947,141.62547801674657,139.91312902751054,141.6076202392578,20396000
2021-10-19 00:00:00-04:00,142.2121299993637,142.48488486692986,141.43109432493534,142.0628662109375,20164000
2021-10-20 00:00:00-04:00,142.1630420742844,142.36934482672316,140.2176186204073,140.60690307617188,23288000
2021-10-21 00:00:00-04:00,140.60690087056568,140.99073718424137,139.34830579006115,140.7229461669922,26292000
2021-10-22 00:00:00-04:00,138.00935869132704,139.43061082473707,134.94072652552163,136.4388427734375,50588000
2021-10-25 00:00:00-04:00,136.42248030097556,136.8687885412158,134.313900493147,136.32032775878906,34412000
2021-10-26 00:00:00-04:00,138.1219203768164,138.9346913152146,137.17078194335667,138.1665496826172,49236000
2021-10-27 00:00:00-04:00,138.26226450047915,147.4314763034353,138.26226450047915,145.0189208984375,85782000
2021-10-28 00:00:00-04:00,145.92841199689116,145.9517179093353,143.44145926717053,144.6534423828125,36206000
2021-10-29 00:00:00-04:00,143.8887552596137,147.02682046055673,143.46377046547764,146.83242797851562,43320000
2021-11-01 00:00:00-04:00,146.8324466906108,146.8324466906108,142.05145038269242,142.3207244873047,46924000
2021-11-02 00:00:00-04:00,143.3943518013393,145.4072108702752,143.15234864828975,144.2403564453125,33482000
2021-11-03 00:00:00-04:00,144.7045091916116,145.46671841466951,143.40574947129778,145.39630126953125,27494000
2021-11-04 00:00:00-04:00,145.91847295050908,148.5060949140484,145.10866822451723,147.05210876464844,38412000
2021-11-05 00:00:00-04:00,147.94672303683166,149.0952354055238,146.9822063116092,147.6318359375,38354000
2021-11-08 00:00:00-05:00,148.5968545496057,149.3803872526516,147.2137847900475,147.8093719482422,23052000
2021-11-09 00:00:00-05:00,148.00970530712945,148.60627612949312,146.03799485146035,147.69778442382812,19530000
2021-11-10 00:00:00-05:00,146.2908928159798,146.8562275981602,143.35268347985377,144.6975555419922,29970000
2021-11-11 00:00:00-05:00,145.28869002419106,146.32612090055292,144.40696987833476,144.5716094970703,16518000
2021-11-12 00:00:00-05:00,145.4136656401591,147.62986135268545,144.219040793597,147.45925903320312,22360000
2021-11-15 00:00:00-05:00,147.67991725355816,148.32359927216987,146.36528227383033,147.23509216308594,23508000
2021-11-16 00:00:00-05:00,146.93509022325514,147.5430567260628,146.10494573454355,146.66383361816406,18904000
2021-11-17 00:00:00-05:00,146.81407891963306,147.34171568581732,146.0330433290407,146.8334197998047,19594000
2021-11-18 00:00:00-05:00,147.026320462845,149.3461514524102,146.67225222682112,148.6102294921875,35608000
2021-11-19 00:00:00-05:00,148.7461161421964,149.7290051929881,147.67844804906963,147.70571899414062,33682000
2021-11-22 00:00:00-05:00,148.10838258410493,148.6013025990791,144.94949337082977,145.10272216796875,30594000
2021-11-23 00:00:00-05:00,144.95495136652673,145.45779912839131,142.93366287312807,144.5869903564453,27218000
2021-11-24 00:00:00-05:00,144.2810105888424,145.0506504792178,143.18953724894834,144.92221069335938,18040000
2021-11-26 00:00:00-05:00,143.16523224151518,143.3725186493825,140.67977786294543,141.01748657226562,30470000
2021-11-29 00:00:00-05:00,142.81959849591408,145.0982659592094,142.7139652055701,144.33755493164062,32596000
2021-11-30 00:00:00-05:00,143.81983548713401,144.80320881089577,140.44076564760365,140.73434448242188,42068000
2021-12-01 00:00:00-05:00,142.81961122468087,144.75412317905503,139.7569265486594,139.89527893066406,34020000
2021-12-02 00:00:00-05:00,140.09213056944827,142.68520065080236,139.06511173639353,141.7940673828125,29194000
2021-12-03 00:00:00-05:00,142.5032312136305,143.21633168228553,139.15093259281727,140.83749389648438,41230000
2021-12-06 00:00:00-05:00,141.86797350092726,142.67331391025607,139.00116443543868,141.98153686523438,30618000
2021-12-07 00:00:00-05:00,144.40301145252772,146.32166315012472,144.0370329543183,146.0623016357422,32240000
2021-12-08 00:00:00-05:00,146.3865960515908,147.17657557723103,145.205864201199,146.9717559814453,24270000
2021-12-09 00:00:00-05:00,146.38115719853195,147.87779015183264,145.90906116663706,146.4282684326172,23270000
2021-12-10 00:00:00-05:00,147.481060069157,147.75628168931388,145.501419679147,146.7882843017578,24458000
2021-12-13 00:00:00-05:00,146.5700951293805,146.75705697342113,144.32466128723686,144.63113403320312,27070000
2021-12-14 00:00:00-05:00,142.78786052539195,143.2956569953205,140.05742162389038,142.72735595703125,38446000
2021-12-15 00:00:00-05:00,142.23342665334246,145.51827360710053,140.51661343560883,145.24057006835938,36370000
2021-12-16 00:00:00-05:00,145.96409309585127,146.4664413784915,142.42979734266572,143.2609405517578,33650000
2021-12-17 00:00:00-05:00,141.33190408361676,142.65546811563613,140.1417437075494,140.56326293945312,50416000
2021-12-20 00:00:00-05:00,138.85239100741393,140.61235063263806,138.17895606354023,140.4462127685547,27192000
2021-12-21 00:00:00-05:00,140.88907311794625,142.68969724759867,139.35079187738978,142.29644775390625,28756000
2021-12-22 00:00:00-05:00,141.89474965551238,145.2991078691126,141.89474965551238,145.2147979736328,26322000
2021-12-23 00:00:00-05:00,145.29911422761188,147.0283222152052,145.2515035755231,145.7122039794922,26384000
2021-12-27 00:00:00-05:00,146.0488961608223,147.12797496363228,145.96310316847794,146.69406127929688,15976000
2021-12-28 00:00:00-05:00,147.02087190142421,147.08335898865232,144.85726596471994,145.4845733642578,18200000
2021-12-29 00:00:00-05:00,145.44242309096177,146.208597395199,144.45360165448406,145.4528350830078,17788000
2021-12-30 00:00:00-05:00,145.49152966687038,146.09256498744182,144.7977701008214,145.0020751953125,15688000
2021-12-31 00:00:00-05:00,144.85282030166462,145.49600304604013,143.66464233398438,143.66464233398438,18136000
2022-01-03 00:00:00-05:00,143.86594988262885,144.65543012836076,142.53495522830957,143.802978515625,28646000
2022-01-04 00:00:00-05:00,144.20414226489285,145.28421989053714,142.5384203965496,143.2158203125,28400000
2022-01-05 00:00:00-05:00,143.23614798069272,143.3149946024937,136.55933735130031,136.64561462402344,54618000
2022-01-06 00:00:00-05:00,135.8754939287169,138.7928795446468,135.43909829641714,136.61834716796875,37348000
2022-01-07 00:00:00-05:00,137.01305762199098,137.31358276659608,134.65356143428943,135.89381408691406,29760000
2022-01-10 00:00:00-05:00,133.9707545272893,137.68158591115076,132.0729417434719,137.53280639648438,44408000
2022-01-11 00:00:00-05:00,136.87572990846158,139.06662188460535,135.57200624477076,138.59054565429688,28730000
2022-01-12 00:00:00-05:00,139.9929457226333,141.4390018146242,139.54118939726052,140.27114868164062,26108000
2022-01-13 00:00:00-05:00,140.3797859761397,141.6790605815753,137.27445414017416,137.4510040283203,31436000
2022-01-14 00:00:00-05:00,135.95533915327124,139.5883225969847,135.8755088296192,138.337158203125,29662000
2022-01-18 00:00:00-05:00,135.0587297181779,136.00738617411443,134.32827105727515,134.8831787109375,34872000
2022-01-19 00:00:00-05:00,135.40437523941512,136.82860852545411,133.90874111772067,134.0089111328125,28648000
2022-01-20 00:00:00-05:00,135.1331212999803,136.49784887181025,131.8745463034307,132.21473693847656,29908000
2022-01-21 00:00:00-05:00,131.506600309101,133.75996411235568,129.02014712662628,129.28297424316406,55652000
2022-01-24 00:00:00-05:00,124.94532175448224,130.12749709636913,123.47944046052136,129.7317657470703,76622000
2022-01-25 00:00:00-05:00,127.68468965184117,128.3382842647663,125.46354548795776,125.89447784423828,46960000
2022-01-26 00:00:00-05:00,130.04420204001252,131.90977994463373,126.09979711495389,128.1736602783203,49130000
2022-01-27 00:00:00-05:00,130.22767566573776,131.5651172616213,127.87560963585803,127.94752502441406,31950000
2022-01-28 00:00:00-05:00,128.59613680815025,132.2633368035548,127.43176448871137,132.25787353515625,34362000
2022-01-31 00:00:00-05:00,133.06222894230496,134.3624868099739,131.12573488414426,134.19436645507812,39986000
2022-02-01 00:00:00-05:00,136.46660753981268,136.6634819687619,133.26705377749363,136.5157012939453,68644000
2022-02-02 00:00:00-05:00,150.01014748135128,150.30421054385434,144.32960458845056,146.7867889404297,123200000
2022-02-03 00:00:00-05:00,144.51112229924576,148.4480810526987,141.49603343553346,141.91705322265625,71518000
2022-02-04 00:00:00-05:00,142.26867081780298,143.6874410729593,139.36317994593287,142.118408203125,57998000
2022-02-07 00:00:00-05:00,143.06757616212872,143.06757616212872,137.76142430297742,138.05996704101562,54974000
2022-02-08 00:00:00-05:00,137.8868730262489,138.8523885484705,135.8908729676065,138.25631713867188,54284000
2022-02-09 00:00:00-05:00,139.80799308806806,141.35620183871598,139.03785374463664,140.43133544921875,40144000
2022-02-10 00:00:00-05:00,138.55833324032872,140.3247247602678,136.82614390542432,137.48370361328125,39330000
2022-02-11 00:00:00-05:00,137.46387619119915,138.01580259283259,132.30648944702975,133.1817626953125,39958000
2022-02-14 00:00:00-05:00,132.1641873631635,135.18274236475278,132.1641873631635,134.4150848388672,34302000
2022-02-15 00:00:00-05:00,136.4427979327925,136.9763973849014,134.7081419187358,135.4886932373047,26680000
2022-02-16 00:00:00-05:00,135.52635776433524,136.95405656109108,133.81797410147496,136.60891723632812,25022000
2022-02-17 00:00:00-05:00,135.12617731893766,135.98954027468156,131.39254001045595,131.45254516601562,38950000
2022-02-18 00:00:00-05:00,132.37292423632954,132.97099324127743,129.1292409403073,129.33404541015625,45620000
2022-02-22 00:00:00-05:00,128.77367925061782,131.09697591573786,127.17241181915688,128.7493896484375,44990000
2022-02-23 00:00:00-05:00,130.56933788926054,130.96853484878528,126.4821167334988,126.54212188720703,32786000
2022-02-24 00:00:00-05:00,123.92924660861584,131.90979005724103,123.92924660861584,131.6033172607422,54456000
2022-02-25 00:00:00-05:00,132.45726794511472,134.1626707970964,130.67152021704777,133.35733032226562,36406000
2022-02-28 00:00:00-05:00,131.95936863524972,134.63871633436403,131.50561460625966,133.94992065429688,38864000
2022-03-01 00:00:00-05:00,133.77285909543676,135.13857036774974,132.12647806196426,132.96255493164062,26496000
2022-03-02 00:00:00-05:00,133.52440864701174,134.15369844831133,131.98066460485006,133.46836853027344,23520000
2022-03-03 00:00:00-05:00,134.8950837847723,135.32106741558047,131.93505144439177,132.80189514160156,24604000
2022-03-04 00:00:00-05:00,131.83788309122372,132.75430495921202,129.26910212432648,130.8252410888672,30430000
2022-03-07 00:00:00-05:00,130.41017325885227,130.65514261832865,125.25973295853518,125.3425521850586,45112000
2022-03-08 00:00:00-05:00,125.21510386863837,130.1741178832379,124.64432087127925,126.0625991821289,40428000
2022-03-09 00:00:00-05:00,130.17409924594682,132.63922887603567,128.83565901257037,132.32630920410156,37026000
2022-03-10 00:00:00-05:00,130.18998790766506,132.17954098140794,129.8393852677274,131.3439483642578,27102000
2022-03-11 00:00:00-05:00,132.39424653455924,132.69873673623212,128.56886893727994,128.805908203125,31526000
2022-03-14 00:00:00-04:00,129.18231231398767,129.34000556632407,124.2480949884942,124.91854858398438,38812000
2022-03-15 00:00:00-04:00,125.93513042039176,128.79004377353704,124.68992141435149,128.138916015625,30920000
2022-03-16 00:00:00-04:00,129.66135482928354,132.240032982956,127.67923236827228,132.18797302246094,35576000
2022-03-17 00:00:00-04:00,132.05753605900716,132.9814035170428,131.1014338034284,132.74188232421875,28264000
2022-03-18 00:00:00-04:00,132.33076547882177,135.12715666182308,131.1743232843676,135.00962829589844,44566000
2022-03-21 00:00:00-04:00,135.04732810159504,135.92656630102422,132.99330550843302,134.98583984375,26832000
2022-03-22 00:00:00-04:00,134.98586098558138,139.89379910609253,134.98586098558138,138.7214813232422,35496000
2022-03-23 00:00:00-04:00,137.56553055143635,138.4442694271566,136.70514886604158,137.14202880859375,25154000
2022-03-24 00:00:00-04:00,138.05894880404426,140.45812610885343,136.62133716164368,140.41151428222656,26396000
2022-03-25 00:00:00-04:00,140.7526925700073,140.8707203771551,138.59205274099185,140.51168823242188,24126000
2022-03-28 00:00:00-04:00,139.74551627484473,140.83848798996723,138.66543848117558,140.2959747314453,35050000
2022-03-29 00:00:00-04:00,141.47820601311636,142.6148082235357,140.87418935059165,141.3373565673828,34318000
2022-03-30 00:00:00-04:00,141.29223395375402,141.55059664678325,140.43928293794912,140.77500915527344,19884000
2022-03-31 00:00:00-04:00,140.88856773781393,140.9431247655112,137.88490447229108,137.92755126953125,37524000
2022-04-01 00:00:00-04:00,138.3565131825562,139.319546957571,137.17378330772388,139.00167846679688,25942000
2022-04-04 00:00:00-04:00,139.20795791982718,142.53396895874045,139.16034726925992,141.79953002929688,25942000
2022-04-05 00:00:00-04:00,141.69787954637118,141.8183741448747,139.23176584389168,139.4385528564453,21418000
2022-04-06 00:00:00-04:00,137.6126258686909,138.21812553888182,134.40612601563646,135.42868041992188,32468000
2022-04-07 00:00:00-04:00,134.895107035721,136.04015389622998,133.12721715505515,134.7746124267578,26234000
2022-04-08 00:00:00-04:00,134.47206944780507,134.55786243440133,131.87553388786895,132.1949005126953,25142000
2022-04-11 00:00:00-04:00,130.7429022435412,131.0096943800276,127.6137659968596,127.76749420166016,36884000
2022-04-12 00:00:00-04:00,130.52123446757045,130.52123446757045,125.74966732968804,126.6675796508789,32710000
2022-04-13 00:00:00-04:00,126.95075200878496,129.26561926423614,126.6938724329844,128.8292236328125,27928000
2022-04-14 00:00:00-04:00,129.40992261092688,129.40992261092688,125.56320654919092,125.69115447998047,31598000
2022-04-18 00:00:00-04:00,125.95896028482899,127.16151517107208,125.14766477730133,126.62991333007812,20808000
2022-04-19 00:00:00-04:00,126.64477542409657,129.26461711503015,125.95844660693362,128.9432830810547,26490000
2022-04-20 00:00:00-04:00,129.81904388797793,130.3218916355038,126.45485065417712,126.99041748046875,31696000
2022-04-21 00:00:00-04:00,128.1905088826277,129.0320490590413,123.50572537982224,123.79136657714844,36446000
2022-04-22 00:00:00-04:00,123.97534345046293,124.37404857874347,117.95014478551222,118.65481567382812,56884000
2022-04-25 00:00:00-04:00,118.12469276013913,122.26695521347695,117.53953279206783,122.06512451171875,46128000
2022-04-26 00:00:00-04:00,121.29203242122978,121.50576580824183,117.53954577935023,117.67740631103516,73054000
2022-04-27 00:00:00-04:00,113.53117356778168,116.28094605000119,111.81238510772637,113.35761260986328,91820000
2022-04-28 00:00:00-04:00,115.46071897101857,118.66870208583143,113.17956960106591,117.55094146728516,48884000
2022-04-29 00:00:00-04:00,115.77760037683389,116.9533836790152,112.88153803374084,113.17411804199219,42676000
2022-05-02 00:00:00-04:00,112.47538421530977,115.78850102043891,111.67698273748518,115.62733459472656,35534000
2022-05-03 00:00:00-04:00,115.47608756923125,117.47110390717961,115.08333755024837,116.37218475341797,24968000
2022-05-04 00:00:00-04:00,116.07216443085974,121.84742986414153,114.1723618582886,121.25879669189453,49916000
2022-05-05 00:00:00-04:00,119.21866011890872,120.04681450711568,114.06277194925556,115.55047607421875,45840000
2022-05-06 00:00:00-04:00,114.24031691379543,116.60775134383856,113.08090065435618,114.7977066040039,39710000
2022-05-09 00:00:00-04:00,112.3216628968711,114.13368999515002,111.08240885566522,111.5887222290039,40802000
2022-05-10 00:00:00-04:00,114.56065900721823,115.29707287210782,111.97502692676184,113.457275390625,39900000
2022-05-11 00:00:00-04:00,112.30827513659509,115.41063248936665,112.30827513659509,112.67127227783203,37534000
2022-05-12 00:00:00-04:00,110.46452055455832,113.35810103264562,108.92424938909092,111.91899871826172,53836000
2022-05-13 00:00:00-04:00,113.594142514748,116.90875017939355,112.67375572924637,115.09920501708984,35038000
2022-05-16 00:00:00-04:00,114.01318748987721,115.2177324454328,112.95593136795685,113.50687408447266,25990000
2022-05-17 00:00:00-04:00,115.88273735100042,115.94175125327278,113.92839273794735,115.51824951171875,23054000
2022-05-18 00:00:00-04:00,114.05730975978481,114.45403235058096,110.64104162864625,110.98222351074219,35126000
2022-05-19 00:00:00-04:00,110.51807817312684,112.08363775970766,109.09830918068056,109.47916412353516,34144000
2022-05-20 00:00:00-04:00,111.03330620451212,111.26390609492667,104.92926089526213,108.01525115966797,48962000
2022-05-23 00:00:00-04:00,108.6891932186079,111.2282060203502,107.84962795327247,110.57411193847656,37184000
2022-05-24 00:00:00-04:00,104.90496623527923,105.58583938493665,101.04932840845038,105.1013412475586,76780000
2022-05-25 00:00:00-04:00,104.12490462445021,105.62699334651613,103.0051614939558,104.93769073486328,40258000
2022-05-26 00:00:00-04:00,104.8107448453719,107.75887468895839,104.3624465360755,106.90890502929688,37948000
2022-05-27 00:00:00-04:00,108.58555116701476,111.39731128813119,108.24386982480868,111.39582061767578,37914000
2022-05-31 00:00:00-04:00,111.82229671590991,114.78630197702584,111.1597731470303,112.82947540283203,50012000
2022-06-01 00:00:00-04:00,113.91350798260179,116.14159098002285,112.3216612422036,112.9583969116211,36606000
2022-06-02 00:00:00-04:00,113.06551449385536,116.93304735382672,112.02065295107872,116.65831756591797,37992000
2022-06-03 00:00:00-04:00,115.11111657901444,115.36799617690578,112.58797143708928,113.60208892822266,26136000
2022-06-06 00:00:00-04:00,115.74784575456003,118.36868641474054,115.21177950019366,115.86289978027344,33542000
2022-06-07 00:00:00-04:00,114.53388373543117,116.72626645111426,114.10889889465038,116.18920135498047,31590000
2022-06-08 00:00:00-04:00,115.80437236671298,117.59854920159584,115.64419719383626,116.23332977294922,26108000
2022-06-09 00:00:00-04:00,115.37393150433296,117.32927476403499,113.83515114216875,113.8941650390625,25798000
2022-06-10 00:00:00-04:00,111.52326180460535,112.3504249488664,109.46130149167207,110.25028228759766,41452000
2022-06-13 00:00:00-04:00,105.91113796225396,107.89969964994525,105.24911389802193,105.52037048339844,47252000
2022-06-14 00:00:00-04:00,105.66171211229965,107.03981794977923,104.93273646839161,105.84072875976562,33706000
2022-06-15 00:00:00-04:00,107.65522972129614,110.5101358678124,106.78691045306238,108.86473846435547,39698000
2022-06-16 00:00:00-04:00,106.34208771365974,107.75788407901256,104.27616231851945,105.16432189941406,51684000
2022-06-17 00:00:00-04:00,105.16431896946578,107.80846549966309,104.18491071395393,106.26522064208984,51376000
2022-06-21 00:00:00-04:00,108.03658348672354,111.567406717593,107.70978614823225,110.62965393066406,47416000
2022-06-22 00:00:00-04:00,109.65025544274988,112.41737874520486,109.47767817468379,110.57362365722656,30774000
2022-06-23 00:00:00-04:00,111.31151031036939,111.81832309519362,109.5947045131696,111.3219223022461,28362000
2022-06-24 00:00:00-04:00,112.06875352459626,117.1110783002862,112.02659857865726,117.00792694091797,41164000
2022-06-27 00:00:00-04:00,117.30348914348141,117.60747238809732,114.23534152789627,114.88398742675781,36420000
2022-06-28 00:00:00-04:00,114.8532454023872,116.34789602426181,110.93116279588207,111.08935546875,35792000
2022-06-29 00:00:00-04:00,110.63758563635704,112.23289804690751,109.96365128893204,110.78585815429688,24716000
2022-06-30 00:00:00-04:00,109.09829563062534,109.97901690144941,105.87493689608415,108.06979370117188,43170000
2022-07-01 00:00:00-04:00,107.0482435979797,108.35444913580423,105.85560141078064,107.84615325927734,35476000
2022-07-05 00:00:00-04:00,106.22257357959492,112.4476205204141,104.8647923311928,112.33455657958984,39342000
2022-07-06 00:00:00-04:00,112.37324909089169,114.64199660987896,110.56221308112814,113.6328353881836,37432000
2022-07-07 00:00:00-04:00,114.13666975081995,118.2124805128393,113.89219223353552,117.80931091308594,40936000
2022-07-08 00:00:00-04:00,116.2888797500777,118.70391717679874,115.94323338269083,118.37513732910156,38238000
2022-07-11 00:00:00-04:00,117.03074427714583,117.03074427714583,114.38510706026808,114.728271484375,31196000
2022-07-12 00:00:00-04:00,115.26236105063236,116.01514205426072,112.75806498456316,113.08585357666016,29960000
2022-07-13 00:00:00-04:00,110.78535185551783,113.25990236152596,110.28994990879096,110.44070434570312,43722000
2022-07-14 00:00:00-04:00,109.3070730912963,110.18233866352448,107.48463413301555,109.46278381347656,37004000
2022-07-15 00:00:00-04:00,111.08241574521796,112.2130703596854,109.99093473931617,110.86123657226562,46770000
2022-07-18 00:00:00-04:00,111.71665403211723,112.74812973437768,107.48165988903675,108.13624572753906,43164600
2022-07-19 00:00:00-04:00,109.94133235969358,113.08534523356836,108.66190591539453,112.87706756591797,36530900
2022-07-20 00:00:00-04:00,112.24231974638516,114.45404329391755,111.55798096785527,112.96633911132812,35600400
2022-07-21 00:00:00-04:00,113.34321947485182,113.61101046049744,110.1992065063923,113.40272521972656,32676200
2022-07-22 00:00:00-04:00,110.09011304726145,111.41912519430015,105.62700035615626,107.0155258178711,48901200
2022-07-25 00:00:00-04:00,107.52134719462656,108.96937840173452,105.42864264206895,106.62872314453125,34690900
2022-07-26 00:00:00-04:00,105.72616877091382,106.32124889141323,103.2169090921242,104.15911865234375,47991000
2022-07-27 00:00:00-04:00,108.36437093577844,112.97625525163264,107.12461749425067,112.13321685791016,59858500
2022-07-28 00:00:00-04:00,111.44887316623573,113.4027181473664,110.5463290686979,113.28370666503906,32816600
2022-07-29 00:00:00-04:00,112.15306933310434,115.75331099431166,112.13322903844622,115.36650848388672,37223400
2022-08-01 00:00:00-04:00,114.35486029276694,115.76321838407448,113.4027229923445,113.91846466064453,26034300
2022-08-02 00:00:00-04:00,113.06552194158387,115.39625706472798,112.78781836154697,114.1862564086914,20236000
2022-08-03 00:00:00-04:00,114.76149298206536,117.6476425585004,114.53338259160023,117.11206817626953,28499000
2022-08-04 00:00:00-04:00,116.51700464627605,117.80634383881447,115.93183701746165,117.22118377685547,21602900
2022-08-05 00:00:00-04:00,115.27723913427396,117.1418256153438,115.04912116805919,116.50707244873047,19159500
2022-08-08 00:00:00-04:00,117.4195241692398,119.16509908636492,115.92189993370644,116.33846282958984,19138300
2022-08-09 00:00:00-04:00,116.17977170860331,116.35829650347921,114.76149349565979,115.6739501953125,19086500
2022-08-10 00:00:00-04:00,117.80632384689984,119.92878102588605,117.43936168959127,118.71878051757812,30930400
2022-08-11 00:00:00-04:00,120.28583826796728,120.49411594083621,117.58813353334271,117.86583709716797,24293700
2022-08-12 00:00:00-04:00,119.2741980957184,120.68255615234375,118.48075288719056,120.68255615234375,19096300
2022-08-15 00:00:00-04:00,120.13705992096004,121.29747484616601,119.62132583953287,121.07927703857422,19494800
2022-08-16 00:00:00-04:00,120.5238677790755,121.42641192061868,119.65108407641937,120.702392578125,19041200
2022-08-17 00:00:00-04:00,119.13534218584766,120.29574952040444,118.40140274502447,118.57001495361328,22847000
2022-08-18 00:00:00-04:00,118.45098943080264,119.82959449310987,117.74681046541829,119.18492126464844,17987700
2022-08-19 00:00:00-04:00,118.08403247971835,118.17329866159419,115.8028907047583,116.24919891357422,21809500
2022-08-22 00:00:00-04:00,114.25568050831775,114.6821560186315,112.91674823026226,113.30355072021484,21456600
2022-08-23 00:00:00-04:00,112.54978392368335,114.06724098148526,112.50019075744802,112.92666625976562,15870400
2022-08-24 00:00:00-04:00,112.5696116974473,113.83911800192885,111.94477869138811,112.758056640625,17734600
2022-08-25 00:00:00-04:00,113.3035459506188,115.76322014148404,113.17461431501371,115.69379425048828,16956800
2022-08-26 00:00:00-04:00,113.77960949375512,114.17633209597903,109.28674437319086,109.43550872802734,37245700
2022-08-29 00:00:00-04:00,109.08838330000286,110.040513040239,107.90814316272662,108.52305603027344,21191200
2022-08-30 00:00:00-04:00,109.26691024996742,109.59420698279374,106.91634250859858,108.0469970703125,27513300
2022-08-31 00:00:00-04:00,109.7429899257436,109.94134747453214,107.24364243661744,107.3329086303711,28627000
2022-09-01 00:00:00-04:00,107.39240764031874,109.5446179336816,106.47995086620014,108.84043884277344,28360900
2022-09-02 00:00:00-04:00,109.6834567691589,109.83222868726963,106.38075953474187,106.9659194946289,24160700
2022-09-06 00:00:00-04:00,106.42043703294185,107.14444879573196,104.91289263064388,105.9344482421875,25068300
2022-09-07 00:00:00-04:00,106.18240264265648,109.07847249571734,106.02371813346193,108.55281066894531,23167000
2022-09-08 00:00:00-04:00,107.154383063264,108.70159312023178,106.28159926107675,107.49159240722656,24238300
2022-09-09 00:00:00-04:00,108.17593072235994,110.08019027578453,108.12633755578807,109.74298095703125,23197700
2022-09-12 00:00:00-04:00,110.0801874345021,110.70502802301867,109.02887891863624,109.95125579833984,22966800
2022-09-13 00:00:00-04:00,106.91633578916247,107.41223714705868,103.23674105474096,103.46485900878906,38172900
2022-09-14 00:00:00-04:00,103.7128143662537,104.41699341820953,102.8102777889331,104.13928985595703,26395100
2022-09-15 00:00:00-04:00,103.17724342441045,104.40707676995653,101.51101442821535,102.0664291381836,34188300
2022-09-16 00:00:00-04:00,101.23330943767259,102.28461796293107,100.11257502049808,101.95732879638672,42797200
2022-09-19 00:00:00-04:00,100.91593353936474,102.48298375828159,100.71757600878111,102.22511291503906,23036800
2022-09-20 00:00:00-04:00,101.24322534010722,101.53084904223219,99.6960079229227,100.31092834472656,26517100
2022-09-21 00:00:00-04:00,100.83657912239514,102.03665948648352,98.45625111888704,98.46617126464844,31487300
2022-09-22 00:00:00-04:00,98.00994304598551,100.41010377703378,97.98019017551985,99.31912231445312,34298600
2022-09-23 00:00:00-04:00,98.81330688401681,98.84306732316416,96.67101684353818,97.93060302734375,31625400
2022-09-26 00:00:00-04:00,97.29585425726316,99.06126205035565,96.99831795404086,97.36528015136719,27072700
2022-09-27 00:00:00-04:00,98.61494711523052,99.18027437650241,96.07593451258548,96.70076751708984,30072800
2022-09-28 00:00:00-04:00,96.84954541208984,99.8745394269292,96.31397098941996,99.22987365722656,32466300
2022-09-29 00:00:00-04:00,97.8314301011561,97.8314301011561,95.17339822616405,96.62142944335938,31047200
2022-09-30 00:00:00-04:00,96.25446940903004,98.08930316415186,94.77667771762164,94.8659439086914,32941500
2022-10-03 00:00:00-04:00,95.96684196996166,98.47610186740503,95.72880384753613,97.83142852783203,27982000
2022-10-04 00:00:00-04:00,99.61667862054995,101.0051965284241,99.557165305316,100.80683898925781,28850800
2022-10-05 00:00:00-04:00,99.0116735801322,101.09445790974014,97.99011792498692,100.59855651855469,22176900
2022-10-06 00:00:00-04:00,99.85470635132027,102.08626265455283,99.76544016442644,100.58863830566406,22324000
2022-10-07 00:00:00-04:00,99.03150112865876,99.70592728808386,97.49421143647145,97.87109375,27502800
2022-10-10 00:00:00-04:00,98.18847005614693,98.28764881556005,96.21478474646479,97.05781555175781,18225100
2022-10-11 00:00:00-04:00,96.6313430235072,98.43642374055914,95.52052121037734,96.38339233398438,26507100
2022-10-12 00:00:00-04:00,96.50242112883399,97.94053224647043,95.9470063827848,96.76028442382812,21876400
2022-10-13 00:00:00-04:00,94.37002605589976,98.96206971787448,93.60633375857984,98.24797058105469,34574500
2022-10-14 00:00:00-04:00,99.17034658633813,99.86461299357255,95.58002577343595,95.76846313476562,25410700
2022-10-17 00:00:00-04:00,98.04962623156622,100.10265774202443,98.0198733580147,99.15052795410156,28419200
2022-10-18 00:00:00-04:00,102.28461724659432,102.62183412414964,99.15052441894925,99.94396209716797,24060700
2022-10-19 00:00:00-04:00,99.19020627528849,100.191921717045,98.10913722172899,98.81331634521484,23811100
2022-10-20 00:00:00-04:00,99.18028082765306,101.48126304018042,98.57528050925599,99.15052795410156,25323200
2022-10-21 00:00:00-04:00,97.04789829825931,100.47953493084219,96.9189666638649,100.30101013183594,32458700
2022-10-24 00:00:00-04:00,100.96551960605208,101.90772916035505,99.1604389639881,101.67961120605469,27176400
2022-10-25 00:00:00-04:00,102.05650783204726,103.96076735839142,101.87798302852408,103.6235580444336,40611400
2022-10-26 00:00:00-04:00,95.63952891169801,97.50411515149013,93.9137944362067,94.15182495117188,88114100
2022-10-27 00:00:00-04:00,93.74519988449306,94.64774408921001,91.04750255104241,91.46405792236328,60710900
2022-10-28 00:00:00-04:00,91.51363539732378,95.75855747636481,91.37478361921333,95.50068664550781,43697300
2022-10-31 00:00:00-04:00,94.63780408767431,95.24280429060454,93.20961346179371,93.73526763916016,31675000
2022-11-01 00:00:00-04:00,94.66757492682962,95.24282237108928,89.62922241672638,89.72840118408203,47161400
2022-11-02 00:00:00-04:00,90.19454589639709,90.43257644134617,86.16782152387951,86.25708770751953,57038300
2022-11-03 00:00:00-04:00,85.61241063994241,85.81076815755338,82.6568351996716,82.74610137939453,61288000
2022-11-04 00:00:00-04:00,84.69995747119829,85.92979077856455,83.02380838038178,85.87028503417969,51124900
2022-11-07 00:00:00-05:00,86.56453757303696,88.1712606549143,86.13806211366017,87.76461791992188,34078900
2022-11-08 00:00:00-05:00,88.1712646484375,89.57962271598969,86.87199792022133,88.1712646484375,30429000
2022-11-09 00:00:00-05:00,87.72494420662868,88.70683431006073,86.56453688459513,86.60420989990234,31769100
2022-11-10 00:00:00-05:00,91.49380333022981,93.61626060159357,90.85905017805679,93.16995239257812,51620100
2022-11-11 00:00:00-05:00,93.91380328731896,96.1354392923686,93.15011094483498,95.61970520019531,33090500
2022-11-14 00:00:00-05:00,94.31051185350877,95.99658092538591,93.73527205818615,94.91551208496094,30179500
2022-11-15 00:00:00-05:00,97.45454708936437,99.31913366455173,95.9172496935556,97.63307189941406,41640800
2022-11-16 00:00:00-05:00,97.09750131019068,98.82323616436666,96.83963044839486,98.03971099853516,29105200
2022-11-17 00:00:00-05:00,96.17511335721086,98.46617527590662,95.99658856050377,97.55371856689453,26052600
2022-11-18 00:00:00-05:00,97.96035204939338,98.0892912467336,95.58003155727448,96.63134002685547,28342300
2022-11-21 00:00:00-05:00,96.49248658714596,97.59338820085925,94.5783070537111,94.81633758544922,21647400
2022-11-22 00:00:00-05:00,95.16347408012261,96.42306785300386,93.27905484436155,96.25446319580078,23438500
2022-11-23 00:00:00-05:00,96.29412064149612,97.95043690355139,96.29412064149612,97.65289306640625,18868100
2022-11-25 00:00:00-05:00,97.43470728675223,97.83142992962435,96.60159654689032,96.66110229492188,9701400
2022-11-28 00:00:00-05:00,96.24453976932135,96.78011416235111,94.82626153412802,95.26265716552734,26237500
2022-11-29 00:00:00-05:00,94.94527283562661,95.33207527119987,93.33854978773114,94.40969848632812,20061700
2022-11-30 00:00:00-05:00,94.04274131301841,100.21175594756679,93.64601867914251,100.16216278076172,43647500
2022-12-01 00:00:00-05:00,100.19191565410281,101.4118364290716,99.42823082654697,100.16216278076172,28687100
2022-12-02 00:00:00-05:00,98.23806351073277,99.94395785152076,98.08929158774455,99.61666870117188,21480700
2022-12-05 00:00:00-05:00,98.58519711399899,100.5489623663918,98.1884744915712,98.66454315185547,24405100
2022-12-06 00:00:00-05:00,98.48602563501785,98.96208676366123,95.62962859573672,96.18504333496094,24910700
2022-12-07 00:00:00-05:00,95.61970972120518,96.08585067198514,93.94356060039664,94.16175842285156,31045400
2022-12-08 00:00:00-05:00,94.59815001476763,94.79651511839255,92.68397027420339,92.94184112548828,32213300
2022-12-09 00:00:00-05:00,93.0013431152763,93.48733192437892,91.98970761165849,92.06905364990234,28225400
2022-12-12 00:00:00-05:00,91.95004005081348,92.79307094834755,90.85905844418969,92.54512023925781,29420000
2022-12-13 00:00:00-05:00,96.95863687909693,98.7141243795283,94.2510121002556,94.8460922241211,40593700
2022-12-14 00:00:00-05:00,94.41961155521665,96.0759277719066,92.83272878989905,94.29067993164062,28733600
2022-12-15 00:00:00-05:00,92.36658508509045,92.87240659372344,89.27216542487523,90.11519622802734,40107000
2022-12-16 00:00:00-05:00,90.01602009048204,90.58134735770545,88.786179227131,89.5201187133789,58011800
2022-12-19 00:00:00-05:00,89.5201151224369,89.81765139665094,87.4869165311304,87.71503448486328,29493000
2022-12-20 00:00:00-05:00,87.38774657684024,88.44897528550977,86.72324050727767,88.290283203125,23453800
2022-12-21 00:00:00-05:00,88.34979410199328,89.48044867408069,87.59602186498341,88.84569549560547,24745600
2022-12-22 00:00:00-05:00,87.43734154375588,87.8142238968935,85.61242039304902,87.04061889648438,27658300
2022-12-23 00:00:00-05:00,86.39594104938888,88.81594226177606,86.35626803003854,88.49856567382812,23003000
2022-12-27 00:00:00-05:00,88.07209058240402,88.21094236734609,86.29676268423916,86.67364501953125,20097300
2022-12-28 00:00:00-05:00,86.2670023652313,87.31831080815121,85.23552664693922,85.31486511230469,19523200
2022-12-29 00:00:00-05:00,85.90995189306291,88.12166765847456,85.90003174742517,87.72494506835938,23333500
2022-12-30 00:00:00-05:00,86.26700621056507,87.57618553312793,85.86036345245435,87.50675964355469,23986300
2023-01-03 00:00:00-05:00,88.85560627643153,90.30364497529531,87.79437761826055,88.38946533203125,28131200
2023-01-04 00:00:00-05:00,89.60936749638965,89.90691131674406,86.55461353258538,87.35797882080078,34854800
2023-01-05 00:00:00-05:00,86.75298665837843,86.85216541875592,85.19585666320351,85.49339294433594,27194400
2023-01-06 00:00:00-05:00,86.0785669486724,86.97119099271035,84.16438721912351,86.62405395507812,41381500
2023-01-09 00:00:00-05:00,87.63568639320383,89.31183536259933,87.13978504764104,87.29846954345703,29003900
2023-01-10 00:00:00-05:00,85.2752044746708,87.94314874861813,85.12643254757823,87.69519805908203,30467800
2023-01-11 00:00:00-05:00,88.44896825112974,90.8491290549015,88.28036360214634,90.76978302001953,26862000
2023-01-12 00:00:00-05:00,90.73012501545803,91.1169275086837,89.0143028128799,90.38298797607422,30258100
2023-01-13 00:00:00-05:00,90.1052744877532,91.4342940509324,89.3911753274604,91.3648681640625,26329200
2023-01-17 00:00:00-05:00,91.30534882869009,91.49379375212015,89.31183096580291,90.54166412353516,32602400
2023-01-18 00:00:00-05:00,91.38471295870488,92.03930646438202,89.89700870055337,90.37307739257812,29116700
2023-01-19 00:00:00-05:00,89.9763594126032,92.84266916002713,89.88709321771738,92.28726196289062,37000400
2023-01-20 00:00:00-05:00,94.32044460307483,97.49421809768434,94.24109856316726,97.21650695800781,63191100
2023-01-23 00:00:00-05:00,97.1470790758333,99.21995081656387,96.70077085248677,98.97200012207031,40005100
2023-01-24 00:00:00-05:00,97.29583909209552,98.79346322217292,96.40321518784893,96.89911651611328,33078500
2023-01-25 00:00:00-05:00,94.78659020973076,95.37175777745863,92.99142962152443,94.43946075439453,42330000
2023-01-26 00:00:00-05:00,95.70898353413564,96.7702123753114,94.59816151930863,96.72061920166016,30114000
2023-01-27 00:00:00-05:00,96.51233145386189,99.49766010597479,96.51233145386189,98.55545043945312,33879800
2023-01-30 00:00:00-05:00,96.68093725731849,97.48429507886306,95.60978845068932,96.1453628540039,27226200
2023-01-31 00:00:00-05:00,96.07592504101974,98.06944291132294,96.02633188197882,98.02976989746094,29870700
2023-02-01 00:00:00-05:00,97.90084104880061,100.36051500989419,96.78010675117609,99.60674285888672,35531100
2023-02-02 00:00:00-05:00,104.93272708957909,106.96591805351979,104.74428215805406,106.85681915283203,69883800
2023-02-03 00:00:00-05:00,102.08625562934304,106.92625024321528,101.73912618609937,103.92108917236328,65309300
2023-02-06 00:00:00-05:00,101.56061711133805,103.50454986124522,101.04487537281553,102.0565185546875,31999600
2023-02-07 00:00:00-05:00,102.37387111123238,107.29321136487101,102.27469235924704,106.75763702392578,49010200
2023-02-08 00:00:00-05:00,101.21348233996603,102.29454379804132,97.23635085283868,98.55545043945312,94743500
2023-02-09 00:00:00-05:00,99.18026369390365,99.21001656231525,92.8624781725347,94.23117065429688,119455000
2023-02-10 00:00:00-05:00,94.66756053010047,95.95690701020914,93.47740036911846,93.7947769165039,54980700
2023-02-13 00:00:00-05:00,93.96338138911219,94.41960970225928,93.07075748649667,93.8344497680664,50076100
2023-02-14 00:00:00-05:00,93.65594180887688,94.07249718262943,91.50373147763352,93.90389251708984,54726100
2023-02-15 00:00:00-05:00,93.7154415296958,96.32388765510876,93.37823222030585,96.1453628540039,50169000
2023-02-16 00:00:00-05:00,94.58823713954602,96.8792992195654,93.96339652364621,94.72708892822266,42462600
2023-02-17 00:00:00-05:00,94.07247754582102,94.77665650213203,92.44592184482165,93.57657623291016,34284100
2023-02-21 00:00:00-05:00,92.23763972019513,92.33681846458815,90.9681336315169,91.03755950927734,33629300
2023-02-22 00:00:00-05:00,90.94830538293209,91.35494812568693,89.86724406227897,90.89871978759766,30884000
2023-02-23 00:00:00-05:00,91.16651419896813,91.18635449298117,89.0242240237194,90.14495849609375,41206400
2023-02-24 00:00:00-05:00,88.70683225593044,89.15314042580724,87.8538813637116,88.39936828613281,36585100
2023-02-27 00:00:00-05:00,89.1333236694336,89.42094740013515,88.6076618097586,89.1333236694336,27502300
2023-02-28 00:00:00-05:00,88.59775024323443,90.48217716813194,88.58783009603324,89.32176208496094,30142000
2023-03-01 00:00:00-05:00,89.24241850559551,90.28380689652273,88.93495449477956,89.61930084228516,31111200
2023-03-02 00:00:00-05:00,88.92503489270483,91.52355315835904,88.85560143860462,91.245849609375,32204400
2023-03-03 00:00:00-05:00,91.7219244117424,92.96167788657921,91.69216397218837,92.88233184814453,35160100
2023-03-06 00:00:00-05:00,93.24928005363755,95.18329972454052,93.22944733042964,94.35018157958984,32639300
2023-03-07 00:00:00-05:00,94.20143621358584,94.8857750214838,92.76331756858707,93.09061431884766,27835500
2023-03-08 00:00:00-05:00,93.3484777291188,95.1733911604508,93.229458674828,93.47740936279297,34103300
2023-03-09 00:00:00-05:00,93.27904678973223,94.74691054558716,91.14666947529359,91.56322479248047,28813500
2023-03-10 00:00:00-05:00,91.41446217961779,92.02938263914514,89.65897455457669,89.8870849609375,35941000
2023-03-13 00:00:00-04:00,89.35150848107031,91.81118269560834,88.687002437022,90.36315155029297,37335600
2023-03-14 00:00:00-04:00,91.80126901552406,93.58651716528313,91.68225751677693,93.19971466064453,36050200
2023-03-15 00:00:00-04:00,92.45584959444147,96.13543673086967,91.88060220810499,95.32215881347656,50622100
2023-03-16 00:00:00-04:00,95.41142746724535,100.36052894620208,94.71716852573586,99.4976577758789,65492000
2023-03-17 00:00:00-04:00,99.43815015945079,101.9969956149556,99.27945808045726,100.78700256347656,61028500
2023-03-20 00:00:00-04:00,99.29930764568316,100.91594362539297,99.05135692424484,100.39028930664062,32960400
2023-03-21 00:00:00-04:00,100.4200298260466,104.23846895297474,100.39027695383191,104.05994415283203,42110300
2023-03-22 00:00:00-04:00,103.41527577821408,105.71625799716358,102.48298628129344,102.52265930175781,43427400
2023-03-23 00:00:00-04:00,104.19879298533533,105.42863382566868,103.60371285731998,104.73436737060547,40797800
2023-03-24 00:00:00-04:00,104.12937541633211,104.62527682377592,102.98880066584036,104.57569122314453,30393300
2023-03-27 00:00:00-04:00,103.7624149352095,103.90126672624382,101.0944628976051,101.6201171875,31120900
2023-03-28 00:00:00-04:00,101.60028121184264,101.61019379170308,98.92240911282488,100.20183563232422,32057900
2023-03-29 00:00:00-04:00,101.44158753942646,101.64986521604924,99.82495172553267,100.55888366699219,28779600
2023-03-30 00:00:00-04:00,100.08282857556007,100.33077928644965,98.96208651955186,100.06298828125,33086200
2023-03-31 00:00:00-04:00,100.46961878932184,103.0383842078249,100.2117479628211,102.87969970703125,36863400
2023-04-03 00:00:00-04:00,101.55067181728566,103.67312886389983,101.09444351040028,103.50452423095703,25035400
2023-04-04 00:00:00-04:00,103.47478504857116,104.71453851392779,103.18716133658586,103.86158752441406,24420100
2023-04-05 00:00:00-04:00,104.91289907946413,105.2302756731111,102.8102819841236,103.61363983154297,28290500
2023-04-06 00:00:00-04:00,104.39717212699348,108.27511741066256,103.4747951559961,107.53126525878906,48711500
2023-04-10 00:00:00-04:00,106.10306402969181,106.7080567599706,104.25831026578564,105.56748962402344,27067400
2023-04-11 00:00:00-04:00,105.67658753468932,105.85511233488984,103.82191364187591,104.48641967773438,26311800
2023-04-12 00:00:00-04:00,105.70633385627954,105.87493849967197,103.48469035438097,103.78223419189453,24370300
2023-04-13 00:00:00-04:00,104.97239950361016,106.6088755556612,104.97239950361016,106.54936981201172,24843600
2023-04-14 00:00:00-04:00,106.01379677904549,108.04699547084493,105.96420361413152,107.97756958007812,26578000
2023-04-17 00:00:00-04:00,103.80208203407157,105.2897861961485,103.66322268410477,105.1013412475586,37571200
2023-04-18 00:00:00-04:00,105.61706440974724,105.66665757008278,103.21690375984336,103.64337921142578,26596400
2023-04-19 00:00:00-04:00,102.7309239306776,104.11944920307992,102.225102442597,103.32600402832031,20905700
2023-04-20 00:00:00-04:00,103.05823288579296,105.37904781258688,103.01855986565269,104.42691802978516,27820800
2023-04-21 00:00:00-04:00,104.60544233096776,105.13109660328743,103.92109597885471,104.54593658447266,25800100
2023-04-24 00:00:00-04:00,104.62527258627793,105.75592714410803,103.84174748622819,105.1013412475586,23542800
2023-04-25 00:00:00-04:00,104.96249111597527,105.81544212100182,102.98879811509617,102.99871826171875,46664100
2023-04-26 00:00:00-04:00,104.05995143064801,105.4782297846258,101.78872203487352,102.85987091064453,53347600
2023-04-27 00:00:00-04:00,103.59379357823073,107.48166608530138,102.6912570160058,106.70805358886719,50089200
2023-04-28 00:00:00-04:00,106.16255438841672,106.47001078222277,104.22853472043866,106.46009063720703,36139800
2023-05-01 00:00:00-04:00,105.96420892683281,107.10478367534759,105.94437619998563,106.32125854492188,26681700
2023-05-02 00:00:00-04:00,106.26175349764249,106.32125924543107,102.85986952338662,104.45667266845703,30997200
2023-05-03 00:00:00-04:00,104.66494807746287,106.60888065380296,104.09962078519486,104.54593658447266,21795400
2023-05-04 00:00:00-04:00,104.62527054996112,104.73436945840507,103.117733691147,103.83183288574219,23419500
2023-05-05 00:00:00-04:00,103.96076069275621,105.01206915340022,103.25658167035746,104.7046127319336,26639300
2023-05-08 00:00:00-04:00,104.31780842718317,107.07501872614742,104.29797570257264,106.8865737915039,26511400
2023-05-09 00:00:00-04:00,107.50149988087897,109.2470748463162,106.31133960304034,106.47002410888672,36360100
2023-05-10 00:00:00-04:00,107.08494078998831,112.01420151452291,107.04526777320253,110.83395385742188,63153400
2023-05-11 00:00:00-04:00,114.45402601736026,116.9533653374252,113.47214352378336,115.61443328857422,78900000
2023-05-12 00:00:00-04:00,115.72354718741605,117.06247940985591,115.15821991274791,116.54674530029297,41102300
2023-05-15 00:00:00-04:00,115.15821666094425,117.50879187706043,115.05903790038903,115.55493927001953,36266800
2023-05-16 00:00:00-04:00,115.5350937281414,119.76017532413435,115.47558798788296,118.53034210205078,45035600
2023-05-17 00:00:00-04:00,118.62952082286563,120.67263195090871,117.91542167256014,119.84943389892578,33323600
2023-05-18 00:00:00-04:00,119.95853382336384,122.2991888062752,119.83952234186759,121.82312774658203,35234200
2023-05-19 00:00:00-04:00,122.5372406458961,124.93740163874087,121.14871519349788,121.75371551513672,41353400
2023-05-22 00:00:00-04:00,121.93223602252743,125.39362560112353,121.73387092669454,124.02494049072266,35253000
2023-05-23 00:00:00-04:00,123.14223409458985,123.60837503480265,121.20821417591823,121.55534362792969,34046300
2023-05-24 00:00:00-04:00,120.12714861556921,120.91067367529489,118.87747506501967,119.90895080566406,34182600
2023-05-25 00:00:00-04:00,123.49926443779586,124.29270959603248,120.96025203840478,122.4677963256836,42317000
2023-05-26 00:00:00-04:00,122.16034830832359,124.2332200823341,121.44624908602053,123.58854675292969,35635900
2023-05-30 00:00:00-04:00,124.61009496844295,124.62993526057318,120.99993361988649,122.65624237060547,35076700
2023-05-31 00:00:00-04:00,121.74379679384124,123.04305607346541,121.49584608754014,121.8628158569336,37325800
2023-06-01 00:00:00-04:00,121.81320947582672,123.40009231065325,121.61485195904373,122.7058334350586,30772700
2023-06-02 00:00:00-04:00,122.97361463292732,125.1159120966453,122.74550424940523,123.64804077148438,26980100
2023-06-05 00:00:00-04:00,122.99346054966021,126.38542412216299,122.82484833216863,124.97706604003906,32305500
2023-06-06 00:00:00-04:00,124.97706418870804,127.2383656366913,124.3323909005138,126.26640319824219,26638300
2023-06-07 00:00:00-04:00,125.92920166945693,127.9822255786917,121.11895964321234,121.49584197998047,52539000
2023-06-08 00:00:00-04:00,121.22806776750527,122.21987063454354,120.2461774810015,121.13880157470703,29389200
2023-06-09 00:00:00-04:00,121.2478905876319,122.74551491320051,120.9106812724846,121.22805786132812,23778300
2023-06-12 00:00:00-04:00,121.78345693305364,123.0331304793446,120.66272258318774,122.6264877319336,28306400
2023-06-13 00:00:00-04:00,123.95551612909149,124.13404093411759,122.17026807883049,122.81494140625,22278300
2023-06-14 00:00:00-04:00,122.09091511456377,123.03313225253616,120.45443908912067,122.65624237060547,30592300
2023-06-15 00:00:00-04:00,122.13059332494937,124.43157546435972,121.39666138886585,124.06460571289062,35246300
2023-06-16 00:00:00-04:00,124.8977309595371,125.07625577200433,122.26945194087992,122.51740264892578,45535600
2023-06-20 00:00:00-04:00,121.92231483974503,123.54887077747642,121.1387897432877,122.0909194946289,26097500
2023-06-21 00:00:00-04:00,121.39666999640949,121.6545408553707,119.11552042137501,119.56183624267578,30306300
2023-06-22 00:00:00-04:00,119.01632293916366,122.22976153980194,117.85591560655178,122.1405029296875,26952200
2023-06-23 00:00:00-04:00,120.3850207964695,121.78346637257002,120.06764420404919,121.33715057373047,34913600
2023-06-26 00:00:00-04:00,119.77009470813596,120.9999279223986,117.30050056715868,117.36992645263672,33969900
2023-06-27 00:00:00-04:00,116.12027758580295,118.10388325320572,115.14830747935935,117.36003112792969,39535900
2023-06-28 00:00:00-04:00,116.13017287240949,119.40312476297248,115.89214234648705,119.1948471069336,27091400
2023-06-29 00:00:00-04:00,118.2625700557701,119.0758480924374,117.33028051954751,118.12371826171875,24090900
2023-06-30 00:00:00-04:00,119.18492899866601,120.08747309044965,118.70886793868348,118.71878051757812,29532200
2023-07-03 00:00:00-04:00,118.26256653867198,119.20478376097655,117.84601116890617,118.91716003417969,14467900
2023-07-05 00:00:00-04:00,118.26255664547801,121.60493460466255,118.25264406620929,120.75198364257812,27584800
2023-07-06 00:00:00-04:00,118.81796320957261,119.31386454589494,117.4294379544993,119.12541961669922,24745200
2023-07-07 00:00:00-04:00,119.11551561978513,120.0577328266466,118.4212566815545,118.50060272216797,21709500
2023-07-10 00:00:00-04:00,117.33026342725442,117.34017600620315,115.18796594507899,115.49542236328125,35315200
2023-07-11 00:00:00-04:00,115.33674061449469,116.74509867791642,114.40444362500358,116.17977142333984,23078800
2023-07-12 00:00:00-04:00,117.82616938013048,119.34362637246984,117.4393669141167,117.9551010131836,30404400
2023-07-13 00:00:00-04:00,119.93869580119052,123.80672768290836,119.46262719567059,123.51910400390625,44297900
2023-07-14 00:00:00-04:00,123.77698624657505,125.74075145445121,122.47771949840582,124.39189910888672,33283100
2023-07-17 00:00:00-04:00,124.90765382325283,126.05814119884347,123.18191140958396,123.62822723388672,25716200
2023-07-18 00:00:00-04:00,123.57861693621366,123.65796296956178,121.95206108684837,122.7455062866211,26193600
2023-07-19 00:00:00-04:00,123.57862647852336,124.15387391443447,120.80158319859368,121.02969360351562,37224000
2023-07-20 00:00:00-04:00,120.42469622569655,123.07280793107658,117.25093023799634,118.22289276123047,37906800
2023-07-21 00:00:00-04:00,119.63125870411923,119.99822090421563,117.7567519823055,119.03617095947266,72937900
2023-07-24 00:00:00-04:00,120.66272215495184,121.99173416334048,119.98829600487059,120.53378295898438,29686100
2023-07-25 00:00:00-04:00,120.36518297759501,122.14051081744289,120.02796610605938,121.20821380615234,52509600
2023-07-26 00:00:00-04:00,129.00378761340536,129.90631659089652,127.26813284588675,128.21034240722656,61682100
2023-07-27 00:00:00-04:00,130.59067581926217,132.14781351472905,127.73427884774642,128.3392791748047,44952100
2023-07-28 00:00:00-04:00,129.7079618698937,132.64370465595107,129.49969176817697,131.4932098388672,36591200
2023-07-31 00:00:00-04:00,131.64197739889866,132.43542264148525,130.6997677943249,131.63206481933594,28055500
2023-08-01 00:00:00-04:00,129.70795684787504,131.54279790983335,129.60877052366334,130.47164916992188,23166800
2023-08-02 00:00:00-04:00,128.3888500556574,129.02360314650636,126.51434365192316,127.32762908935547,26273300
2023-08-03 00:00:00-04:00,126.92099551059741,128.32935355941024,126.37550098690372,127.39705657958984,20089500
2023-08-04 00:00:00-04:00,128.2202600170075,130.43197594152576,126.86149507419762,127.05985260009766,26147200
2023-08-07 00:00:00-04:00,128.10124510100812,130.53115877911966,127.962393323222,130.45181274414062,22746300
2023-08-08 00:00:00-04:00,129.54928620643435,130.431990156543,128.4781372893849,130.32289123535156,23535200
2023-08-09 00:00:00-04:00,130.58074278541653,130.95761750800182,127.94254405878128,128.59713745117188,24912900
2023-08-10 00:00:00-04:00,130.2435353022777,130.96754702179814,128.38885399832523,128.62689208984375,20857800
2023-08-11 00:00:00-04:00,127.60535409901688,128.86493278064867,127.11936527043054,128.4979705810547,19591100
2023-08-14 00:00:00-04:00,128.32937892208105,130.2931444617831,127.90291093163088,130.25347900390625,24695600
2023-08-15 00:00:00-04:00,130.0253428626258,130.3427118640274,128.22025464503122,128.71615600585938,19770700
2023-08-16 00:00:00-04:00,127.64501953125,129.2120697982791,126.82182894388471,127.64501953125,25216100
2023-08-17 00:00:00-04:00,128.73599949955613,130.90804993539842,128.23017041335734,128.85501098632812,33446300
2023-08-18 00:00:00-04:00,127.45655703673252,128.1904964685169,125.344020051106,126.41516876220703,30504800
2023-08-21 00:00:00-04:00,126.13747833867052,127.67476811335399,125.5225578886843,127.31771850585938,25248700
2023-08-22 00:00:00-04:00,127.45656155015928,129.21205659443743,127.2681317464859,128.0218963623047,22054900
2023-08-23 00:00:00-04:00,129.11287688798097,132.31641072027463,128.80542045173755,131.28492736816406,27819700
2023-08-24 00:00:00-04:00,132.85197153912117,133.14951538235977,128.50788590918833,128.71615600585938,28500700
2023-08-25 00:00:00-04:00,128.47811371877063,129.68811421046675,126.20689221900474,128.81533813476562,26762900
2023-08-28 00:00:00-04:00,130.23364009664536,131.45355346104287,129.07323248655334,129.93609619140625,20543300
2023-08-29 00:00:00-04:00,131.15600145683445,135.45050919179718,131.15600145683445,133.46690368652344,43075600
2023-08-30 00:00:00-04:00,133.67518514236738,135.16288939766932,132.97101360306888,134.76617431640625,28315800
2023-08-31 00:00:00-04:00,134.8950799084139,136.8687727314443,134.67688210350767,135.05377197265625,30053800
2023-09-01 00:00:00-04:00,136.33323718936794,136.33323718936794,133.74463094103461,134.54798889160156,21543700
2023-09-05 00:00:00-04:00,134.3297620041587,135.30172442643027,133.4768110647792,134.6570587158203,19403100
2023-09-06 00:00:00-04:00,134.9050132008134,135.41082715108524,132.57427070368973,133.35780334472656,18684500
2023-09-07 00:00:00-04:00,132.49493620985484,134.46862928644677,131.86018300504648,134.1512451171875,18844300
2023-09-08 00:00:00-04:00,133.8041334805993,135.5397885635056,133.74462772772205,135.2620849609375,23558300
2023-09-11 00:00:00-04:00,135.4207328151726,136.35302976641478,134.6768807966762,135.79762268066406,20763400
2023-09-12 00:00:00-04:00,135.14303224154853,135.74803250189984,134.08181120803886,134.23057556152344,18405500
2023-09-13 00:00:00-04:00,133.9826247837674,135.7777852717878,133.05032781273377,135.58935546875,20749500
2023-09-14 00:00:00-04:00,136.47207040513118,137.563044397484,135.1232180009584,136.9679718017578,24751000
2023-09-15 00:00:00-04:00,136.84894433199983,137.3845263119322,135.36124015129133,136.27369689941406,38919600
2023-09-18 00:00:00-04:00,135.49018160432044,138.019281780227,135.49018160432044,137.0770721435547,21861300
2023-09-19 00:00:00-04:00,136.29353439301667,137.2754245802509,135.5000891528616,136.908447265625,20353700
2023-09-20 00:00:00-04:00,136.94814339852564,136.94814339852564,132.52469589773267,132.6437225341797,29927500
2023-09-21 00:00:00-04:00,130.36256084439935,131.14607838789655,129.00379586795694,129.37075805664062,31503900
2023-09-22 00:00:00-04:00,129.68811066252235,130.94770428096794,128.53763107597587,129.1822967529297,26397300
2023-09-25 00:00:00-04:00,128.76574160428865,130.0947535411447,127.90287812992364,130.03524780273438,20094600
2023-09-26 00:00:00-04:00,128.7062429989617,129.2914029707038,126.17714304040305,127.51608276367188,25718700
2023-09-27 00:00:00-04:00,127.51608742320651,129.82697452376246,127.51608742320651,129.4699249267578,22746500
2023-09-28 00:00:00-04:00,128.77566411264445,132.20730825142687,128.72607094890918,131.2254180908203,22513100
2023-09-29 00:00:00-04:00,132.18745302372233,132.95114528457344,129.29139116656413,129.78729248046875,30859800
2023-10-02 00:00:00-04:00,130.1344474612235,133.31812586216128,130.09476687574428,133.07017517089844,22288000
2023-10-03 00:00:00-04:00,132.8420685488848,133.15943757319482,130.75927662958244,131.3444366455078,22989400
2023-10-04 00:00:00-04:00,131.7014648766572,134.45869011730207,131.44360164040873,134.1313934326172,26752300
2023-10-05 00:00:00-04:00,133.96282958984375,134.3793850061725,132.35609854547656,133.96282958984375,19832600
2023-10-06 00:00:00-04:00,132.9114964978089,137.02748746801123,132.9114964978089,136.45223999023438,27597600
2023-10-09 00:00:00-04:00,135.81744528333422,137.80105040765056,134.4983460596191,137.28530883789062,19278100
2023-10-10 00:00:00-04:00,137.36467931785276,138.57467986983306,136.20427192955205,136.92828369140625,27786600
2023-10-11 00:00:00-04:00,137.44405047915077,139.9533106562274,137.44405047915077,139.3979034423828,25884300
2023-10-12 00:00:00-04:00,139.89379277540957,140.06239744116,137.12665439341535,137.83084106445312,24765500
2023-10-13 00:00:00-04:00,138.23748528968676,138.85239821040267,135.50009975367846,136.23403930664062,23420500
2023-10-16 00:00:00-04:00,137.03737818636395,138.4854167971643,136.8588609633149,137.9597625732422,28501900
2023-10-17 00:00:00-04:00,137.49363032645,138.75320901659043,136.05550412475992,138.57469177246094,23515800
2023-10-18 00:00:00-04:00,138.30689326315832,139.56648701861894,136.25386939858822,136.82911682128906,23375000
2023-10-19 00:00:00-04:00,137.36468644323884,138.51518131196565,136.25387216099756,136.62083435058594,26066000
2023-10-20 00:00:00-04:00,136.20426349098727,136.73983027790308,133.97270746704044,134.4884490966797,26335700
2023-10-23 00:00:00-04:00,133.93304944521964,136.53158318839846,132.85198797694417,135.38108825683594,26317900
2023-10-24 00:00:00-04:00,136.70017196237376,138.21762892713875,136.2935292113691,137.67213439941406,44814300
2023-10-25 00:00:00-04:00,127.10943743152842,127.25820178277296,124.04476315937147,124.58033752441406,84366200
2023-10-26 00:00:00-04:00,122.25953160944253,123.31084775543283,120.27592594806735,121.27764892578125,57061100
2023-10-27 00:00:00-04:00,121.87272767746805,122.2992031923221,119.22461596672207,121.16854858398438,44566500
2023-10-30 00:00:00-04:00,122.20001252709248,124.37206291068779,121.74378418278033,123.43976593017578,28940100
2023-10-31 00:00:00-04:00,124.03484388332474,124.34230786737872,121.6842763149313,123.06288146972656,26292300
2023-11-01 00:00:00-04:00,123.0529643757322,125.45312516564948,122.7058349336953,125.4134521484375,30082400
2023-11-02 00:00:00-04:00,127.3673155795192,127.92272273406017,125.889531505127,126.44493865966797,27124600
2023-11-03 00:00:00-04:00,126.9705840713952,128.46820067879287,126.81189200957998,128.04173278808594,26393100
2023-11-06 00:00:00-05:00,127.9921365850185,129.2715553604388,127.61524673059205,129.1822967529297,19052700
2023-11-07 00:00:00-05:00,129.63854481279463,130.8287050924927,128.8153467097953,129.8964080810547,29757300
2023-11-08 00:00:00-05:00,129.89642890979786,131.12626997179123,129.70798393466782,130.75929260253906,26425800
2023-11-09 00:00:00-05:00,130.8783111759331,131.46347122727005,129.00380438860708,129.1724090576172,23747800
2023-11-10 00:00:00-05:00,129.0335338225466,131.71139801314916,128.34918755672095,131.50311279296875,26913300
2023-11-13 00:00:00-05:00,130.69976098599605,131.50311876629735,130.1741067560777,131.00721740722656,18324800
2023-11-14 00:00:00-05:00,133.0900082716238,134.58762491778677,132.22714475544407,132.52467346191406,32395200
2023-11-15 00:00:00-05:00,133.76444546334056,133.92313755134404,132.47511386601616,133.51649475097656,23861500
2023-11-16 00:00:00-05:00,134.0818138246226,136.09517216084916,133.21895029015656,135.8075408935547,28013200
2023-11-17 00:00:00-05:00,134.88518254388185,134.94468829125762,132.55443988026462,134.20083618164062,37240600
2023-11-20 00:00:00-05:00,132.59412016100978,135.53977571897755,132.524686700092,135.1331329345703,27815500
2023-11-21 00:00:00-05:00,135.17279523893023,136.05549911438757,134.84551363674532,135.84722900390625,22635300
2023-11-22 00:00:00-05:00,136.34312381394363,138.2771361292862,136.34312381394363,137.35476684570312,17813900
2023-11-24 00:00:00-05:00,136.8985310833705,136.99771741092056,134.87526015124462,135.56951904296875,12514300
2023-11-27 00:00:00-05:00,134.914934431914,137.28534253189412,134.88518155844346,135.2918243408203,23436500
2023-11-28 00:00:00-05:00,134.964518417708,136.1249258052487,134.309924978467,136.07533264160156,18730000
2023-11-29 00:00:00-05:00,136.44230617886066,137.15639020757226,133.7346738823066,133.88345336914062,23967200
2023-11-30 00:00:00-05:00,133.94296597089948,134.43886735166274,130.2038653225059,131.44361877441406,38988300
2023-12-01 00:00:00-05:00,130.77911376953125,131.02706446186437,129.5988660526321,130.77911376953125,31442300
2023-12-04 00:00:00-05:00,128.81534267439568,128.96410702955671,126.85156995087304,128.21034240722656,36669900
2023-12-05 00:00:00-05:00,127.89295847123121,131.05681158807658,127.19869958988002,129.91624450683594,27384800
2023-12-06 00:00:00-05:00,130.36255115310777,130.75926618523522,128.81534134061891,128.95419311523438,23576200
2023-12-07 00:00:00-05:00,133.9330343345262,137.42418419027493,133.59582503757497,135.8075408935547,56767100
2023-12-08 00:00:00-05:00,133.09992075278979,135.281883689647,132.93131610801126,133.88345336914062,32260100
2023-12-11 00:00:00-05:00,131.29484350017327,132.2469655972193,130.2832005300675,132.19737243652344,31138000
2023-12-12 00:00:00-05:00,130.7295139721899,131.90976162921305,130.18401944998905,131.43370056152344,29032800
2023-12-13 00:00:00-05:00,132.28666474618618,132.40567624159368,130.49150406647652,131.48330688476562,30104800
2023-12-14 00:00:00-05:00,132.28665787823815,132.6238671868591,128.62690324736187,130.85845947265625,38722400
2023-12-15 00:00:00-05:00,130.54108385219968,132.41559059857232,130.10468818490273,131.5130615234375,50847100
2023-12-18 00:00:00-05:00,131.54280052592037,136.02573795572846,131.34442787355178,134.6868133544922,32258000
2023-12-19 00:00:00-05:00,135.71829114427823,136.34313174933595,134.96452646649996,135.52984619140625,25476800
2023-12-20 00:00:00-05:00,137.83083424971508,140.5384516154751,136.93821779664987,137.20599365234375,49107200
2023-12-21 00:00:00-05:00,138.34655173387108,139.5367118409951,138.03908021197546,139.2689208984375,27488300
2023-12-22 00:00:00-05:00,139.61610088426949,140.82610165388616,139.5565951306345,140.3302001953125,26532200
2023-12-26 00:00:00-05:00,140.42934263685476,141.5104039629761,140.03262760475596,140.35992431640625,16780300
2023-12-27 00:00:00-05:00,140.42934564037535,140.9153344287429,138.74328401733115,139.21934509277344,19628600
2023-12-28 00:00:00-05:00,139.62601526809934,139.98306492823093,138.6044594609446,139.0805206298828,16045700
2023-12-29 00:00:00-05:00,138.4854161342685,139.20942786934887,137.6423777840169,138.544921875,18733000
