datetime,open,high,low,close,volume
2020-01-02 00:00:00-05:00,150.09027767478486,151.93355507544456,149.66490818597188,151.82957458496094,22622100
2020-01-03 00:00:00-05:00,149.6554253847614,151.19620847768044,149.4096455068012,149.93899536132812,21116200
2020-01-06 00:00:00-05:00,148.48329153461876,150.3927445508696,147.94447970171677,150.32656860351562,20813700
2020-01-07 00:00:00-05:00,150.60067989425875,150.931516303683,148.71013667343422,148.95590209960938,21634100
2020-01-08 00:00:00-05:00,150.23201839712107,151.99968621410528,149.30565620651117,151.3285369873047,27746500
2020-01-09 00:00:00-05:00,152.98278300469048,153.34199090041147,152.21711516271918,153.21910095214844,21385000
2020-01-10 00:00:00-05:00,153.90915972860566,154.28726267501992,152.35890014667973,152.51014709472656,20725900
2020-01-13 00:00:00-05:00,152.90714658550698,154.3723206204449,152.43451073060453,154.34396362304688,21626500
2020-01-14 00:00:00-05:00,154.44791867975053,154.64643205258074,152.8693169149173,153.2568817138672,23477400
2020-01-15 00:00:00-05:00,153.72010076525626,154.96786650736908,153.67284871260028,154.24945068359375,21417900
2020-01-16 00:00:00-05:00,155.35544875508083,157.14201214066856,155.05295481159047,157.07583618164062,23865400
2020-01-17 00:00:00-05:00,158.25738972858082,158.30465619935018,156.37629381209493,157.9549102783203,34371700
2020-01-21 00:00:00-05:00,157.55789835006,158.98526801417273,157.32158039758605,157.38775634765625,29517200
2020-01-22 00:00:00-05:00,158.2384898999051,158.3235753219564,156.61262128751815,156.63153076171875,24138800
2020-01-23 00:00:00-05:00,157.09475589555782,157.6713723921675,156.22510738691315,157.5957489013672,19680800
2020-01-24 00:00:00-05:00,158.34249802467247,158.36140750217533,155.44996818605821,156.00767517089844,24918100
2020-01-27 00:00:00-05:00,152.3305200644923,154.43848622125867,151.4325148850545,153.398681640625,32078100
2020-01-28 00:00:00-05:00,154.81659911684454,156.68823305925625,154.1454642817214,156.4046630859375,24899900
2020-01-29 00:00:00-05:00,158.6544238565207,159.51462470178666,156.6220951483202,158.84347534179688,34754500
2020-01-30 00:00:00-05:00,164.52455005778435,164.52455005778435,161.44295493874296,163.3240509033203,51597500
2020-01-31 00:00:00-05:00,162.78523773584587,162.96482723403622,160.29916867247016,160.91358947753906,36142700
2020-02-03 00:00:00-05:00,161.1026967304352,164.94996061485972,161.07433972491364,164.83653259277344,30107000
2020-02-04 00:00:00-05:00,167.44543856138947,170.75388971293165,166.6608612717509,170.26234436035156,36433300
2020-02-05 00:00:00-05:00,173.95835927347207,174.1190537403817,168.64593664566272,170.05438232421875,39186300
2020-02-06 00:00:00-05:00,171.06583483899962,173.75986517610264,170.20563405922817,173.58026123046875,27751400
2020-02-07 00:00:00-05:00,172.8429430262262,175.47079730341426,172.49318267512277,173.82601928710938,33529100
2020-02-10 00:00:00-05:00,173.53297073949096,178.50509441167975,173.2210293650427,178.3727569580078,35844300
2020-02-11 00:00:00-05:00,180.2160459982191,180.2633124685266,173.45735903159144,174.34591674804688,53159900
2020-02-12 00:00:00-05:00,175.42353231595447,175.67875972595644,171.89767274276622,174.6011505126953,47062900
2020-02-13 00:00:00-05:00,173.0603579564026,176.03795827229686,172.86184453761513,173.6558837890625,35295800
2020-02-14 00:00:00-05:00,173.2210544650253,175.26284498070825,172.65388562499024,175.2061309814453,23149500
2020-02-18 00:00:00-05:00,175.45187980244407,177.42749418236605,175.34789933909548,176.98321533203125,27792200
2020-02-19 00:00:00-05:00,178.25337813017842,178.36711595467847,176.7462941031497,177.51405334472656,29997500
2020-02-20 00:00:00-05:00,177.20124557370298,177.4856045751215,171.65631012999017,174.8031768798828,36862400
2020-02-21 00:00:00-05:00,173.61834725384844,173.93114068656777,168.00705551331956,169.2771759033203,48572600
2020-02-24 00:00:00-05:00,159.0214151505909,165.44786191190894,154.7181513655058,161.9787139892578,68311100
2020-02-25 00:00:00-05:00,165.11615139518335,165.72277733069018,158.90770527302703,159.30581665039062,68073300
2020-02-26 00:00:00-05:00,160.86022960459255,164.2250980795155,159.43844930371904,161.29623413085938,56206100
2020-02-27 00:00:00-05:00,154.80343832364952,158.31996665846233,149.74188971489195,149.93145751953125,93174900
2020-02-28 00:00:00-05:00,144.4623810412788,155.17313038454182,144.0737575661736,153.561767578125,97012700
2020-03-02 00:00:00-05:00,156.6897348186127,163.9029039869373,153.8461729566677,163.77967834472656,71030800
2020-03-03 00:00:00-05:00,164.7369648639986,165.8743863348176,153.79872580292735,155.931396484375,71677000
2020-03-04 00:00:00-05:00,159.70387209335476,161.79862063132381,156.98352219099715,161.6564483642578,49814400
2020-03-05 00:00:00-05:00,157.3910652042187,161.959711223559,157.04983739033096,157.59959411621094,47817300
2020-03-06 00:00:00-05:00,154.13047574382352,154.60440254772644,147.86516281770332,153.14471435546875,72821100
2020-03-09 00:00:00-04:00,143.12589028178613,149.5239019334554,142.17803670376105,142.7657012939453,70419300
2020-03-10 00:00:00-04:00,149.91253931749316,152.63287471129829,144.6235141245197,152.5286102294922,65354400
2020-03-11 00:00:00-04:00,148.9362624974482,149.4765316073589,143.268086730117,145.6187744140625,56371600
2020-03-12 00:00:00-04:00,137.72311310044867,145.4670742719519,131.35353657797347,131.80850219726562,93226400
2020-03-13 00:00:00-04:00,139.80842308587606,153.46699860222324,133.39144937999532,150.547607421875,92727400
2020-03-16 00:00:00-04:00,132.6995403320719,141.56197970377613,127.96027103449792,128.35836791992188,87905900
2020-03-17 00:00:00-04:00,132.69953439718364,139.8084380256042,127.96026531156994,138.92694091796875,81059800
2020-03-18 00:00:00-04:00,130.80381587118453,138.38664577676045,127.97921578102556,133.0786590576172,81593200
2020-03-19 00:00:00-04:00,135.3250573763045,142.32020684342646,131.75164539050618,135.2681884765625,85922700
2020-03-20 00:00:00-04:00,138.38662625800293,139.42927100819978,128.77539128682722,130.1876983642578,84866200
2020-03-23 00:00:00-04:00,129.86541769841315,133.23978869379377,125.60956425248216,128.88912963867188,78975200
2020-03-24 00:00:00-04:00,136.25392489001308,141.7988730099055,133.90325253114239,140.6045684814453,82516700
2020-03-25 00:00:00-04:00,141.14487017328082,146.2822344811286,136.90796381068236,139.25863647460938,75638200
2020-03-26 00:00:00-04:00,140.66149300884524,148.49077436791936,140.63305855292953,147.96945190429688,64568100
2020-03-27 00:00:00-04:00,143.83676400422027,146.8130233200836,141.4197347642484,141.89366149902344,57042300
2020-03-30 00:00:00-04:00,144.4908579100288,152.22534958415713,142.18756529935595,151.8746337890625,63420300
2020-03-31 00:00:00-04:00,151.0878682333424,156.1873255730772,148.3959672991363,149.4860076904297,77927200
2020-04-01 00:00:00-04:00,145.021628839362,149.52393430986507,142.95531453413534,144.17803955078125,57969900
2020-04-02 00:00:00-04:00,143.94106059364518,147.37228629111345,142.5192800719628,147.16375732421875,49630700
2020-04-03 00:00:00-04:00,147.01209719751583,149.1732022198361,144.25383978691568,145.80831909179688,41243300
2020-04-06 00:00:00-04:00,151.95989162657898,157.8176197600713,149.3627676322206,156.65176391601562,67111700
2020-04-07 00:00:00-04:00,160.74652989617405,161.1351534432699,154.74661332944947,154.96463012695312,62769000
2020-04-08 00:00:00-04:00,157.03089277059914,157.97874630175247,154.97405234356808,156.51905822753906,48318200
2020-04-09 00:00:00-04:00,157.68491641818002,158.64224329248236,154.81292133217562,156.52853393554688,51385100
2020-04-13 00:00:00-04:00,155.7797882301745,156.9361711005346,153.83668491764462,156.87928771972656,41905300
2020-04-14 00:00:00-04:00,160.18730168295573,164.68960749948852,159.23944782684356,164.6422119140625,52874300
2020-04-15 00:00:00-04:00,162.27252056372882,164.51894325255736,160.41473575433392,162.9170684814453,40940800
2020-04-16 00:00:00-04:00,165.21090401533556,168.0355040124014,163.883900147735,167.80801391601562,50479600
2020-04-17 00:00:00-04:00,170.13968335877888,170.6136100533716,166.69897092784552,169.28662109375,52765600
2020-04-20 00:00:00-04:00,167.41942713278866,169.42887263033774,165.86494742536163,165.93128967285156,36669600
2020-04-21 00:00:00-04:00,164.452603513722,164.61373689398496,157.4479658215462,159.0688018798828,56203700
2020-04-22 00:00:00-04:00,162.4526097876211,164.92650798593397,161.91234081675324,164.47154235839844,34620200
2020-04-23 00:00:00-04:00,165.03083885859098,165.93129714778695,161.99770934930336,162.48110961914062,32790800
2020-04-24 00:00:00-04:00,163.08774500001135,165.45737982673035,161.808150871445,165.44790649414062,34277600
2020-04-27 00:00:00-04:00,167.3814800022421,167.67531233267164,164.26304771926806,164.97393798828125,33194400
2020-04-28 00:00:00-04:00,166.43357817043363,166.50940817943365,160.55688987233697,160.95498657226562,34392700
2020-04-29 00:00:00-04:00,164.18721740272696,168.41463676243595,162.9170969287767,168.17767333984375,51286600
2020-04-30 00:00:00-04:00,170.61365089823016,170.9927865594313,167.04023871586077,169.86485290527344,53875900
2020-05-01 00:00:00-04:00,166.63266802790082,169.32456881719065,164.93600196160241,165.46681213378906,39370500
2020-05-04 00:00:00-04:00,165.39096038355166,169.66577440915705,164.7369391625159,169.5141143798828,30372900
2020-05-05 00:00:00-04:00,171.20134645843928,174.0733422773213,170.51889057443753,171.33404541015625,36839200
2020-05-06 00:00:00-04:00,172.5852051098927,174.59465034524186,172.15867383336482,173.02120971679688,32139300
2020-05-07 00:00:00-04:00,174.56620901356314,174.92639803706723,173.05912514642642,174.02593994140625,28316000
2020-05-08 00:00:00-04:00,175.33395002920838,175.35291115035147,173.79843186786684,175.04959106445312,30877800
2020-05-11 00:00:00-04:00,173.59936171125372,177.73200352529332,173.31501723341563,177.00216674804688,30892700
2020-05-12 00:00:00-04:00,177.05903642458475,177.28651200785853,172.79369568104167,172.99273681640625,32038200
2020-05-13 00:00:00-04:00,173.0307023368351,174.45248294032083,167.3340921291514,170.376708984375,44711500
2020-05-14 00:00:00-04:00,168.2819700657037,171.26771844026905,166.5189612853163,171.11605834960938,41873900
2020-05-15 00:00:00-04:00,169.72271060790504,177.3055415214313,167.77013396176838,173.60891723632812,46610400
2020-05-18 00:00:00-04:00,176.06383283345417,176.49036412535662,174.36718099656215,175.26763916015625,35264500
2020-05-19 00:00:00-04:00,175.38137174005942,176.8695090149878,173.92168338263468,174.05438232421875,26799100
2020-05-20 00:00:00-04:00,175.66068745873378,176.64920874209136,174.83376282051205,176.46861267089844,31261300
2020-05-21 00:00:00-04:00,176.22150304446987,177.42863394594616,174.21596102062003,174.34902954101562,29119500
2020-05-22 00:00:00-04:00,174.12089846406892,175.3280292137114,173.50306901585824,174.425048828125,20826900
2020-05-26 00:00:00-04:00,177.11499069871292,177.2670731699118,172.13441304570176,172.58114624023438,36073600
2020-05-27 00:00:00-04:00,171.27890913531226,172.98030045667377,167.85714157024967,172.8092041015625,39517100
2020-05-28 00:00:00-04:00,171.79221042249597,175.03338242380826,171.45003216242014,172.41952514648438,33810200
2020-05-29 00:00:00-04:00,173.68370249251345,175.14747085132717,171.47856474228936,174.17796325683594,42130400
2020-06-01 00:00:00-04:00,173.50308105663945,173.94031445807596,172.47656081625482,173.7787322998047,22622400
2020-06-02 00:00:00-04:00,175.12843859127653,175.84130876193302,172.37201306609043,175.75576782226562,30794600
2020-06-03 00:00:00-04:00,175.6702420116775,176.73479025045705,174.49162467347008,176.18350219726562,27311000
2020-06-04 00:00:00-04:00,175.1759587709763,176.63971241141127,173.2749717295189,173.86427307128906,28761800
2020-06-05 00:00:00-04:00,173.57911125390655,178.43613342107156,172.99930966240385,177.932373046875,39893600
2020-06-08 00:00:00-04:00,176.73476533500545,179.2155539729429,175.3090250719007,179.0349578857422,33211600
2020-06-09 00:00:00-04:00,178.69273470215978,181.25906362965384,177.989364461372,180.40362548828125,29783900
2020-06-10 00:00:00-04:00,181.66782874345716,188.69197518428444,181.55375966025008,187.0951385498047,43872300
2020-06-11 00:00:00-04:00,183.56883332118247,186.0686216229626,176.85835083624784,177.04844665527344,52854700
2020-06-12 00:00:00-04:00,181.1070492631869,182.2286392845335,176.01240284356672,178.4456787109375,43373600
2020-06-15 00:00:00-04:00,175.44207556438678,181.3731596709733,174.90028735842841,179.5862274169922,32770200
2020-06-16 00:00:00-04:00,183.34073253618902,185.89756295607665,181.9815334821753,183.98707580566406,42556700
2020-06-17 00:00:00-04:00,185.3747390455772,186.60088373551318,184.10108128516464,184.6238555908203,25687800
2020-06-18 00:00:00-04:00,184.39573922892131,186.76247326807626,184.39573922892131,186.60089111328125,23061600
2020-06-19 00:00:00-04:00,188.7584999974735,189.423842544377,184.74741628179572,185.48880004882812,44441100
2020-06-22 00:00:00-04:00,186.09716009716612,190.8211150722328,185.56488593153324,190.64053344726562,32818900
2020-06-23 00:00:00-04:00,192.085235928232,193.85315449194295,191.45790671131317,191.91415405273438,30917400
2020-06-24 00:00:00-04:00,191.61950404139304,193.1878125857555,186.82900846349898,188.04563903808594,36740600
2020-06-25 00:00:00-04:00,188.00764282127645,190.67852759970847,185.79299092407084,190.42189025878906,27803900
2020-06-26 00:00:00-04:00,189.8420540312599,189.99413646513128,185.23216946864412,186.61038208007812,54675800
2020-06-29 00:00:00-04:00,186.0876350915484,188.70149248092682,183.96803843310832,188.61595153808594,26701600
2020-06-30 00:00:00-04:00,188.08365287961007,194.2808598745895,187.95058437366583,193.43492126464844,34310300
2020-07-01 00:00:00-04:00,193.083257178087,196.1343478236479,191.78108566908128,194.56602478027344,32061200
2020-07-02 00:00:00-04:00,195.49750959900197,197.72167556493906,194.85118093605638,196.04879760742188,29315800
2020-07-06 00:00:00-04:00,198.49156369076422,200.6777016892989,197.78819326414938,200.26898193359375,31897600
2020-07-07 00:00:00-04:00,200.03132911943715,204.04241234730003,197.69312352420133,197.94024658203125,33600700
2020-07-08 00:00:00-04:00,199.67019154758614,202.70225385814945,198.35850577769656,202.29354858398438,33600000
2020-07-09 00:00:00-04:00,205.62024918097012,205.66777675400772,201.00085044726796,203.7097625732422,33121700
2020-07-10 00:00:00-04:00,203.04442188603093,203.48165528840798,200.63017471738777,203.09194946289062,26177600
2020-07-13 00:00:00-04:00,203.86187245686293,205.11653102704423,196.27693724789137,196.8187255859375,38135600
2020-07-14 00:00:00-04:00,195.9251971998892,198.5105402500345,192.02816869688823,198.03529357910156,37591800
2020-07-15 00:00:00-04:00,199.18538506340965,200.8677623619465,194.87965132747212,197.74063110351562,32179400
2020-07-16 00:00:00-04:00,195.2313109329364,195.5164618132625,192.29429022334287,193.8245849609375,29940700
2020-07-17 00:00:00-04:00,194.34740174799845,194.88917548630673,191.4198801082913,192.83612060546875,31635300
2020-07-20 00:00:00-04:00,194.85118714961936,201.78979330001377,192.959699672657,201.12445068359375,36884800
2020-07-21 00:00:00-04:00,203.08239165563248,203.34852860586014,197.73111000704372,198.41546630859375,37990400
2020-07-22 00:00:00-04:00,198.8432520443965,201.78978791424657,198.07335457284609,201.2670135498047,49605700
2020-07-23 00:00:00-04:00,196.93272714528928,200.47806341735327,192.14223235359336,192.51292419433594,67457000
2020-07-24 00:00:00-04:00,190.497911638035,192.81711817294266,187.73197198353216,191.3343505859375,39827000
2020-07-27 00:00:00-04:00,191.4959082044936,193.8721417261621,190.91610664507132,193.75808715820312,30160900
2020-07-28 00:00:00-04:00,193.52994237286373,194.56597659429815,191.75252453394629,192.01866149902344,23251400
2020-07-29 00:00:00-04:00,192.4749048026826,194.51845971898967,192.00915783651203,193.95767211914062,19632600
2020-07-30 00:00:00-04:00,191.0491779037162,194.33789152672946,189.6899792712966,193.80560302734375,25079600
2020-07-31 00:00:00-04:00,194.2808703677026,194.94622743673912,189.15771085707848,194.8606719970703,51044000
2020-08-03 00:00:00-04:00,201.04837293552396,206.86538804440696,200.02183829806603,205.81983947753906,78983000
2020-08-04 00:00:00-04:00,203.56721293636207,204.13751489873653,199.8983070536526,202.73077392578125,49280100
2020-08-05 00:00:00-04:00,204.26103027141724,204.35608541482208,201.095899944012,202.3980712890625,28806400
2020-08-06 00:00:00-04:00,201.82776391473723,205.65825113444276,201.07688051454105,205.63925170898438,32656800
2020-08-07 00:00:00-04:00,204.2134944476352,205.02140506303672,200.48754789134983,201.9608154296875,27820400
2020-08-10 00:00:00-04:00,201.19093220446166,201.39054219594667,196.1343149595848,197.94024658203125,36716500
2020-08-11 00:00:00-04:00,196.90421954309804,197.3699520347846,193.08323194975972,193.3113555908203,36446500
2020-08-12 00:00:00-04:00,195.12686673021838,199.86983603554913,194.61360645731463,198.83380126953125,28013100
2020-08-13 00:00:00-04:00,199.07133602134232,200.8867818597186,197.84519143805818,198.3679656982422,22588900
2020-08-14 00:00:00-04:00,198.42502169750838,199.21393305825572,197.23690479940333,198.55809020996094,17958900
2020-08-17 00:00:00-04:00,199.22345284512505,200.73473410095306,198.577109692729,199.86978149414062,20184800
2020-08-18 00:00:00-04:00,200.10740203040297,201.84680693348818,198.85275811055578,201.01988220214844,21336200
2020-08-19 00:00:00-04:00,201.50584336522607,202.08704665734177,199.37158555483816,199.8003387451172,27627600
2020-08-20 00:00:00-04:00,199.64786015943778,204.8501064694833,199.04761159406166,204.44993591308594,26981500
2020-08-21 00:00:00-04:00,203.76391835685175,206.0410886510413,202.8016045176839,202.9635772705078,36249300
2020-08-24 00:00:00-04:00,204.65002085311673,205.34556891515348,202.40143298022446,203.60195922851562,25460100
2020-08-25 00:00:00-04:00,203.0398003733022,206.38409208408316,203.0398003733022,206.25070190429688,23043700
2020-08-26 00:00:00-04:00,207.59414589811615,211.60538860405137,207.0986904162652,210.7097625732422,39600800
2020-08-27 00:00:00-04:00,212.36760613351487,220.2376553277193,209.04235998516526,215.88340759277344,57602200
2020-08-28 00:00:00-04:00,217.40786085994776,219.75173330507883,215.88340386059215,218.10340881347656,26292900
2020-08-31 00:00:00-04:00,216.28356909931804,217.90331098224215,213.72055883978842,214.88296508789062,28774200
2020-09-01 00:00:00-04:00,214.86391091647602,216.71232793524112,213.83489480690253,216.54083251953125,25725500
2020-09-02 00:00:00-04:00,217.2078160912499,221.86696458633978,216.61709018577795,220.71408081054688,34080800
2020-09-03 00:00:00-04:00,218.4464303584892,218.4845356074586,204.81199137013098,207.04151916503906,58400300
2020-09-04 00:00:00-04:00,204.94537631657883,208.0514701428707,195.50321280100798,204.135498046875,59664100
2020-09-08 00:00:00-04:00,196.75136576926477,200.11471725105895,192.6543610562122,193.0926513671875,52924300
2020-09-09 00:00:00-04:00,197.79947425284936,204.69767377044025,196.94195338337948,201.3152618408203,45679000
2020-09-10 00:00:00-04:00,203.32557731304234,204.60232820007954,194.47415602830932,195.67466735839844,35461500
2020-09-11 00:00:00-04:00,197.41832597706613,198.7808248995314,191.73969878966778,194.39797973632812,33620100
2020-09-14 00:00:00-04:00,194.59809605561162,199.32393265789574,194.39800349010872,195.71286010742188,30375800
2020-09-15 00:00:00-04:00,198.58073117424792,199.87652772915487,197.16106711664477,198.92373657226562,21823900
2020-09-16 00:00:00-04:00,200.6768663903581,200.70544896164475,194.97917941167134,195.3698272705078,26328100
2020-09-17 00:00:00-04:00,190.60588808814126,194.68383338131366,190.52014036683838,193.33087158203125,34011300
2020-09-18 00:00:00-04:00,193.22603963005503,194.0359033488756,186.98525496432242,190.9298095703125,55225300
2020-09-21 00:00:00-04:00,187.88087836630214,193.1402892819436,187.109119905432,192.97830200195312,39839700
2020-09-22 00:00:00-04:00,195.37932700805936,198.27581989149397,192.54001379892355,197.62791442871094,33517100
2020-09-23 00:00:00-04:00,198.08526187258073,198.27583172140538,190.58680064366783,191.120361328125,30803800
2020-09-24 00:00:00-04:00,190.4153069509795,195.8652732003476,189.79598401356498,193.59762573242188,31202500
2020-09-25 00:00:00-04:00,193.94064144048286,199.17145554804117,192.9783130746284,198.00906372070312,29437300
2020-09-28 00:00:00-04:00,200.92460337616922,202.53482275392867,198.23772534118714,199.55258178710938,32004900
2020-09-29 00:00:00-04:00,199.46680817135086,200.15281887680132,197.0467108108903,197.4754638671875,24221900
2020-09-30 00:00:00-04:00,197.92331080881587,201.97267338638392,196.78948696094645,200.40057373046875,33829100
2020-10-01 00:00:00-04:00,203.41141229150605,203.88780792375502,201.3438569921584,202.43003845214844,27158400
2020-10-02 00:00:00-04:00,198.18057395365662,201.02942493807893,195.83670115325253,196.45602416992188,33154800
2020-10-05 00:00:00-04:00,197.43734298460205,200.4767484591481,197.20866792141857,200.4481658935547,21331600
2020-10-06 00:00:00-04:00,198.96186538347163,200.2576474587062,195.15070058306898,196.18923950195312,28554300
2020-10-07 00:00:00-04:00,197.28497349925317,200.19099000815612,196.9610279312947,199.92420959472656,25681100
2020-10-08 00:00:00-04:00,200.57204581462975,201.21995131159426,198.48544555341942,200.6387481689453,19925800
2020-10-09 00:00:00-04:00,201.25808639297776,205.66951441718192,201.25808639297776,205.6218719482422,26458000
2020-10-12 00:00:00-04:00,208.4611517383171,213.2918094400436,206.57462949111385,210.94793701171875,40461400
2020-10-13 00:00:00-04:00,212.20567535390106,214.57813087839702,210.02377517799457,212.3390655517578,28950800
2020-10-14 00:00:00-04:00,212.47241351746592,213.634819812789,208.78511664370075,210.43344116210938,23421700
2020-10-15 00:00:00-04:00,206.85097224701303,209.9570662787995,205.81241880530467,209.2901153564453,22733100
2020-10-16 00:00:00-04:00,209.75697373287338,211.79594628889316,208.96616984250753,209.2901153564453,26057900
2020-10-19 00:00:00-04:00,210.01420477058122,211.8054566248075,203.6305075437447,204.10690307617188,27625800
2020-10-20 00:00:00-04:00,205.61235071965658,207.10822539351736,203.03028008469627,204.51663208007812,22753500
2020-10-21 00:00:00-04:00,203.05883403594683,206.67944311393921,203.05883403594683,204.65953063964844,22724900
2020-10-22 00:00:00-04:00,203.83061434447285,205.86006425184692,201.70589404020626,204.74530029296875,22351500
2020-10-23 00:00:00-04:00,204.87868717803974,206.0696761583048,203.09697231586392,206.02203369140625,18879600
2020-10-26 00:00:00-04:00,203.75442658606894,206.12686763320366,198.275876577037,200.1623992919922,37111600
2020-10-27 00:00:00-04:00,201.60110225314483,204.5357011227944,200.4005904812868,203.1827392578125,36700300
2020-10-28 00:00:00-04:00,197.8661428219542,198.9809067591582,192.5591035035503,193.11170959472656,51195600
2020-10-29 00:00:00-04:00,194.43608102293118,197.57075725259926,193.76911564184445,195.05538940429688,31432600
2020-10-30 00:00:00-04:00,193.8929947937588,194.64569338891974,190.19616056013263,192.91162109375,36953700
2020-11-02 00:00:00-05:00,194.64570661719011,195.58897513304893,190.67256908298938,192.7782440185547,30842200
2020-11-03 00:00:00-05:00,194.2645939137079,198.29489655104663,193.53094063130447,196.68467712402344,27512000
2020-11-04 00:00:00-05:00,203.91637379335975,208.01337880275392,202.39190207967457,206.1744842529297,42311800
2020-11-05 00:00:00-05:00,211.5577293870567,213.53953661910697,210.70974588983486,212.74871826171875,36080100
2020-11-06 00:00:00-05:00,211.76735056508159,213.76821774632472,207.73704817031117,213.15843200683594,25231900
2020-11-09 00:00:00-05:00,213.84448371072838,217.35074874927537,207.59417505005482,208.08009338378906,44395000
2020-11-10 00:00:00-05:00,204.37370837033654,206.27929073276394,199.81936768721027,201.0484619140625,44045100
2020-11-11 00:00:00-05:00,202.36331998035507,207.74658438097188,202.18228732835718,206.32693481445312,29440800
2020-11-12 00:00:00-05:00,206.95574656645329,208.76604371283022,204.33557122707558,205.26930236816406,21593900
2020-11-13 00:00:00-05:00,206.14593599057665,207.1558924901496,204.04979793921586,206.28884887695312,18621100
2020-11-16 00:00:00-05:00,204.72623524216695,207.4607558021883,204.3927670537816,206.97482299804688,24953300
2020-11-17 00:00:00-05:00,205.8981941277248,207.40359150295538,203.97355173955768,204.3356170654297,24154100
2020-11-18 00:00:00-05:00,204.0967541671124,205.54879230047052,201.49837627647196,201.6416778564453,28372800
2020-11-19 00:00:00-05:00,201.92829274858192,203.5045082981434,200.54311684420654,202.92178344726562,24792700
2020-11-20 00:00:00-05:00,202.7115778304131,203.75283551495997,200.6099526701213,200.98251342773438,22843100
2020-11-23 00:00:00-05:00,201.51749377618378,202.79757297783098,198.8522533741571,200.71505737304688,25683500
2020-11-24 00:00:00-05:00,200.21829000165692,204.66992405352661,199.52093564872897,204.29736328125,33979700
2020-11-25 00:00:00-05:00,205.49147460908594,205.6634190108347,202.95997374000245,204.30691528320312,21012900
2020-11-27 00:00:00-05:00,205.2431262455821,206.59963010957043,204.46933263042834,205.6061248779297,14512200
2020-11-30 00:00:00-05:00,204.52664324038548,205.1571206288047,201.4124030008416,204.49798583984375,33064800
2020-12-01 00:00:00-05:00,204.91831538871995,207.6026802551805,203.8101951352775,206.5423126220703,30904500
2020-12-02 00:00:00-05:00,205.27178751909085,205.83540256077225,203.28479159484732,205.7398681640625,23724500
2020-12-03 00:00:00-05:00,205.01380555688092,206.704664839846,204.09672513560358,204.6603546142578,25120900
2020-12-04 00:00:00-05:00,204.64130026023815,205.74943515132207,203.64779498667923,204.77503967285156,24666000
2020-12-07 00:00:00-05:00,204.7845697389054,205.90225214353387,203.46628552079312,204.70814514160156,24620000
2020-12-08 00:00:00-05:00,204.40248092390664,207.24922820799597,203.37077062615214,206.35125732421875,23284100
2020-12-09 00:00:00-05:00,205.53924307323217,205.60610548215897,201.76586805434036,202.32948303222656,32440600
2020-12-10 00:00:00-05:00,202.30081157011335,203.55223322526626,200.9538555357046,201.10670471191406,26733300
2020-12-11 00:00:00-05:00,200.65776889930476,203.7815572928785,199.75979798803561,203.72422790527344,30979400
2020-12-14 00:00:00-05:00,203.57140204757587,206.54234135534176,203.36123801346994,204.62220764160156,28798400
2020-12-15 00:00:00-05:00,205.54880373486253,205.78762513826916,202.74982388365729,204.55531311035156,27000600
2020-12-16 00:00:00-05:00,205.14760872687503,210.26794077804252,205.11895132134546,209.4750518798828,35023300
2020-12-17 00:00:00-05:00,210.03865554331327,211.01305100787835,208.17585140260252,209.60877990722656,32515800
2020-12-18 00:00:00-05:00,208.8158721923828,209.86669216480047,206.36079582264512,208.8158721923828,63354900
2020-12-21 00:00:00-05:00,207.82237587263162,213.98396480092967,207.56444469078173,212.6370086669922,37181900
2020-12-22 00:00:00-05:00,212.7325592225708,215.5411013062933,211.93012279193636,213.92666625976562,22612200
2020-12-23 00:00:00-05:00,213.13378105049873,213.56365667587485,210.9270735405994,211.13723754882812,18699600
2020-12-24 00:00:00-05:00,211.51932442817505,213.6114021119119,211.3091604413567,212.78985595703125,10550600
2020-12-28 00:00:00-05:00,214.41384178664234,215.92319472597202,213.04779042772108,214.9010467529297,17933500
2020-12-29 00:00:00-05:00,216.19067866518566,217.02177246063968,213.58275309646694,214.12725830078125,17403200
2020-12-30 00:00:00-05:00,215.15895141354764,215.54107436358564,211.56708314219108,211.76768493652344,20272300
2020-12-31 00:00:00-05:00,211.78683303460437,213.02870733797383,209.85715187326116,212.47463989257812,20942100
2021-01-04 00:00:00-05:00,212.5797411251387,213.02872660293335,205.2049338183249,207.95616149902344,37130100
2021-01-05 00:00:00-05:00,207.54534083146888,208.7490099968448,206.055097651957,208.15672302246094,23823000
2021-01-06 00:00:00-05:00,202.68291379311708,206.80975396673605,202.4632022192853,202.75933837890625,35930700
2021-01-07 00:00:00-05:00,204.4693179251259,209.53233438460273,204.15408651290377,208.52928161621094,27694500
2021-01-08 00:00:00-05:00,208.90187953213362,210.7169311919046,207.32566388490167,209.7998504638672,22956200
2021-01-11 00:00:00-05:00,208.70128216910732,209.12161023779376,207.03907969107567,207.76510620117188,23031300
2021-01-12 00:00:00-05:00,206.81933974373354,207.3925169546865,203.78153842458812,205.3195343017578,23249300
2021-01-13 00:00:00-05:00,204.45023357688456,207.0677068608454,204.3642467924793,206.66648864746094,20087100
2021-01-14 00:00:00-05:00,206.2557551649048,207.73645103135723,203.22750100753655,203.49497985839844,29480800
2021-01-15 00:00:00-05:00,203.9726032075833,204.9183267052181,202.5492222917303,203.14149475097656,31746500
2021-01-19 00:00:00-05:00,204.19225804343466,207.27782586133804,203.12234304003755,206.76197814941406,30480900
2021-01-20 00:00:00-05:00,207.9656807925922,215.69393811736836,207.5740101820579,214.30877685546875,37777300
2021-01-21 00:00:00-05:00,214.6526523255992,216.18111498034452,212.47460251731223,214.91058349609375,30709400
2021-01-22 00:00:00-05:00,216.92626393198466,219.7825732306377,215.70349948425073,215.84678649902344,30172700
2021-01-25 00:00:00-05:00,218.87503776935245,219.50552978031035,214.19414403672963,219.26670837402344,33152100
2021-01-26 00:00:00-05:00,221.49252764749383,223.70878273824454,219.79212038536122,221.94151306152344,49169600
2021-01-27 00:00:00-05:00,227.35795442856718,229.68885343646144,219.84940963622762,222.48599243164062,69870600
2021-01-28 00:00:00-05:00,225.07485807019364,231.7905151873999,224.5781054386549,228.24639892578125,49111200
2021-01-29 00:00:00-05:00,225.437858347954,227.377086987308,221.00533366135892,221.5880584716797,42503100
2021-02-01 00:00:00-05:00,224.54941645846407,231.65674320065412,222.03701082648814,228.93417358398438,33314200
2021-02-02 00:00:00-05:00,230.51039954635098,231.4752326767527,228.01710374900568,228.80043029785156,25916300
2021-02-03 00:00:00-05:00,228.85774673552945,234.13091202772802,228.56159599596987,232.13436889648438,27158100
2021-02-04 00:00:00-05:00,231.80960404543467,232.36367143508832,229.6219918883106,231.18865966796875,25296100
2021-02-05 00:00:00-05:00,231.39883562562832,232.40188845915685,229.66977095597062,231.37017822265625,18054800
2021-02-08 00:00:00-05:00,232.27768473686635,232.78398493204895,230.04231996079577,231.6280975341797,22211900
2021-02-09 00:00:00-05:00,231.05492843301977,233.81570329400722,230.58684780779984,232.86997985839844,23565000
2021-02-10 00:00:00-05:00,234.0449636571625,234.9238246286542,230.1187393980578,231.9624481201172,22186700
2021-02-11 00:00:00-05:00,233.83479617171466,234.1882471613524,231.32239050634175,233.55776977539062,15751100
2021-02-12 00:00:00-05:00,233.02281589974586,234.33156712020875,231.87647606312657,234.03543090820312,16561100
2021-02-16 00:00:00-05:00,234.07364754036084,235.12446761239,232.05799418510682,232.80311584472656,26728500
2021-02-17 00:00:00-05:00,231.06048965921218,233.92336296711304,230.69664036520157,233.8180389404297,21653500
2021-02-18 00:00:00-05:00,231.52010365919267,233.55953878046253,230.62006453624988,233.4254913330078,16925600
2021-02-19 00:00:00-05:00,233.38718187638082,233.49250590696394,229.96895029206306,230.72537231445312,25262600
2021-02-22 00:00:00-05:00,227.32624961880384,227.81456205861232,222.51966738845243,224.5399627685547,36446900
2021-02-23 00:00:00-05:00,220.5376964424216,224.84638235438035,219.00571338525143,223.3527069091797,30228700
2021-02-24 00:00:00-05:00,220.2312992194705,225.20065276027566,219.26424384032524,224.5782928466797,26339700
2021-02-25 00:00:00-05:00,222.21332760741032,224.6166119371233,218.19188978232248,219.25469970703125,39542200
2021-02-26 00:00:00-05:00,221.6866957656996,225.36343789150433,219.78129368104075,222.5005645751953,37819200
2021-03-01 00:00:00-05:00,225.87090575494236,227.37416554950934,223.2378196722922,226.86669921875,25324000
2021-03-02 00:00:00-05:00,226.9337206213468,227.2113997050835,223.5250732642781,223.92721557617188,22812500
2021-03-03 00:00:00-05:00,222.28987694349104,223.64950484345542,217.5981883883298,217.88543701171875,34029500
2021-03-04 00:00:00-05:00,217.10032822667858,222.60587139092198,214.7257530035434,217.0907440185547,44727800
2021-03-05 00:00:00-05:00,219.76213575150246,223.3527073519188,216.83223166317447,221.7537078857422,41872800
2021-03-08 00:00:00-05:00,221.53347600830642,223.44844753169778,217.47374572916362,217.72268676757812,35267400
2021-03-09 00:00:00-05:00,222.97928734112668,225.37300172907223,221.82072314892886,223.8410186767578,33080500
2021-03-10 00:00:00-05:00,226.92413561375264,226.92413561375264,222.17499959610404,222.53884887695312,29746800
2021-03-11 00:00:00-05:00,224.97088716934874,229.0018945134101,224.34851258579613,227.0486297607422,29907600
2021-03-12 00:00:00-05:00,224.0612490943871,225.79431068260828,223.31441133153996,225.72727966308594,22653700
2021-03-15 00:00:00-04:00,224.97085635878273,225.19107398861252,221.9547675055726,224.8272247314453,26034900
2021-03-16 00:00:00-04:00,226.23476099250502,229.85405642506078,225.90921930197513,227.60397338867188,28092200
2021-03-17 00:00:00-04:00,226.11027106399007,228.40824580326876,223.31441421643075,226.96243286132812,29562100
2021-03-18 00:00:00-04:00,222.67291862130548,224.23362531391453,220.5377291546,220.91114807128906,34833000
2021-03-19 00:00:00-04:00,221.19838326764514,222.58673481626653,219.59938366501783,220.55686950683594,46430700
2021-03-22 00:00:00-04:00,220.48025713428592,226.82837799232317,220.35577930626062,225.9570770263672,30127000
2021-03-23 00:00:00-04:00,227.39330671357888,230.8019538061581,226.99116443288878,227.47947692871094,31638400
2021-03-24 00:00:00-04:00,227.73800598232168,227.881623009937,225.31556804938333,225.44961547851562,25620100
2021-03-25 00:00:00-04:00,225.29638327764653,226.86665920740955,221.72496578441863,222.46221923828125,34061900
2021-03-26 00:00:00-04:00,221.70581112778194,226.64644072075401,221.70581112778194,226.42620849609375,25479900
2021-03-29 00:00:00-04:00,226.53156497693166,226.73264342608155,222.02181497962823,225.2389678955078,25227500
2021-03-30 00:00:00-04:00,223.6016722632375,223.9080747520219,221.27498863058946,221.99310302734375,24792000
2021-03-31 00:00:00-04:00,223.0079893443559,228.9348279377608,222.51009270862264,225.74639892578125,43623500
2021-04-01 00:00:00-04:00,228.3316572910526,232.51586588061755,227.92951497762283,232.0467071533203,30338000
2021-04-05 00:00:00-04:00,232.4392400726803,239.333149299018,232.38179326413973,238.48098754882812,36910600
2021-04-06 00:00:00-04:00,237.08310774935444,238.79700125155858,236.384147063994,237.32247924804688,22931900
2021-04-07 00:00:00-04:00,237.27453885214405,240.26188968522158,236.68090236866658,239.2756805419922,22719800
2021-04-08 00:00:00-04:00,242.02370250858237,243.33545344847238,241.28643431291647,242.48329162597656,23625200
2021-04-09 00:00:00-04:00,242.11942959914686,245.10679523034713,241.70771771793406,244.97274780273438,24326800
2021-04-12 00:00:00-04:00,243.88118671909228,246.7153507921409,243.79500190327002,245.03016662597656,27148700
2021-04-13 00:00:00-04:00,246.32275392200202,248.17069411053285,245.9110129081728,247.5004425048828,23837500
2021-04-14 00:00:00-04:00,246.53341679515776,247.8259990523835,244.31204306428663,244.7237548828125,23070900
2021-04-15 00:00:00-04:00,246.96431529406738,248.87928697093244,246.7728356584702,248.4675750732422,25627500
2021-04-16 00:00:00-04:00,248.438834520983,249.9037865838757,246.6483408019082,249.6548309326172,24878600
2021-04-19 00:00:00-04:00,249.1281882383105,250.36335288181252,246.8589519719727,247.7398223876953,23209300
2021-04-20 00:00:00-04:00,246.8590078451978,249.13782883405526,245.92066119680084,247.28030395507812,19722900
2021-04-21 00:00:00-04:00,247.93140152495766,249.59741764213118,246.31324801477044,249.5016632080078,24030400
2021-04-22 00:00:00-04:00,249.14738450102254,250.6506442962717,244.77168176983514,246.2366485595703,25606200
2021-04-23 00:00:00-04:00,246.91647116846514,250.3921496973052,246.33238956883352,250.0474395751953,21462600
2021-04-26 00:00:00-04:00,250.53578909343992,251.28262700113714,249.1091443105685,250.43045043945312,19763300
2021-04-27 00:00:00-04:00,250.4591165703072,252.00068386501204,249.06119551820086,250.83255004882812,31014200
2021-04-28 00:00:00-04:00,245.19294722116507,245.63341172122958,242.19602664584554,243.73757934570312,46903100
2021-04-29 00:00:00-04:00,244.59934473684103,245.21213510412278,238.41397963984036,241.77474975585938,40589000
2021-04-30 00:00:00-04:00,239.12253269918796,242.32053208236758,238.98848525827847,241.4587860107422,30945100
2021-05-03 00:00:00-04:00,242.62689597172758,243.53651917014565,240.4438295156719,241.15237426757812,19626600
2021-05-04 00:00:00-04:00,240.30021407384137,240.53001592707363,235.31170659255298,237.25540161132812,32756100
2021-05-05 00:00:00-04:00,238.47140072187236,238.89269679330795,235.36915621416165,235.99151611328125,21901300
2021-05-06 00:00:00-04:00,235.972362911324,239.23739286323433,234.28719323134123,239.1129150390625,26491100
2021-05-07 00:00:00-04:00,241.43008053016612,243.4886841235152,240.4917483741237,241.72691345214844,27032900
2021-05-10 00:00:00-04:00,240.20443502693968,241.02787332068948,236.6138636199037,236.6713104248047,29299900
2021-05-11 00:00:00-04:00,234.15311934831823,236.1159678588581,232.25730184631848,235.76168823242188,33641600
2021-05-12 00:00:00-04:00,231.8743241677581,233.99037412051345,227.94864132759164,228.83909606933594,36684400
2021-05-13 00:00:00-04:00,231.5200657402829,235.1585146453804,231.15621646675106,232.69776916503906,29624300
2021-05-14 00:00:00-04:00,235.13932142211095,238.5862609043297,235.05315122232147,237.6000518798828,23901100
2021-05-17 00:00:00-04:00,236.06814374823256,236.1064367545311,233.16696273612823,234.75637817382812,24970200
2021-05-18 00:00:00-04:00,235.8000487598773,235.9340961969697,232.57331145045896,232.74566650390625,20168000
2021-05-19 00:00:00-04:00,229.66501482689426,233.42702413188286,228.98363837074533,233.3214569091797,25739800
2021-05-20 00:00:00-04:00,234.1275804486821,237.95676037112628,234.03160493465583,236.54600524902344,21800700
2021-05-21 00:00:00-04:00,237.59212984793598,238.3214941013183,234.87618630622384,235.28884887695312,21863100
2021-05-24 00:00:00-04:00,237.80323117996468,241.0374189124444,237.53451728413617,240.6727294921875,21411500
2021-05-25 00:00:00-04:00,241.62284738392032,242.56334606960098,240.7111384283455,241.57485961914062,17704300
2021-05-26 00:00:00-04:00,241.29654712947791,242.74569859585426,240.64396036767923,241.35414123535156,17771600
2021-05-27 00:00:00-04:00,241.04704531418864,241.3445489814195,239.2044292015683,239.2620086669922,24426200
2021-05-28 00:00:00-04:00,240.88387210484515,241.92034629984425,239.501906511513,239.6170654296875,18270200
2021-06-01 00:00:00-04:00,241.1045951554449,241.1621746137941,237.0067008356278,237.428955078125,23213300
2021-06-02 00:00:00-04:00,238.1295884875907,239.2236423311043,235.93187445984603,237.33303833007812,19406700
2021-06-03 00:00:00-04:00,235.33684170241455,236.41169739236216,233.20631371426092,235.80709838867188,25307700
2021-06-04 00:00:00-04:00,237.77444746130055,241.50766701250188,237.53452328797448,240.6823272705078,25281100
2021-06-07 00:00:00-04:00,239.90497213832194,243.84932608170533,239.74182545986196,243.5806121826172,23079200
2021-06-08 00:00:00-04:00,244.87622075345962,245.69196883019157,242.3330156367018,242.39060974121094,22455000
2021-06-09 00:00:00-04:00,243.58059548635435,245.2312748354978,243.0047863036955,243.3694610595703,17937600
2021-06-10 00:00:00-04:00,244.0413032536825,247.0835404823835,243.44629589828452,246.87240600585938,24563600
2021-06-11 00:00:00-04:00,247.59219259730162,248.07204104485643,246.26780619603028,247.49624633789062,18999700
2021-06-14 00:00:00-04:00,247.50580232220523,249.47319836227948,246.45012996992423,249.41561889648438,19150500
2021-06-15 00:00:00-04:00,249.3003956801018,249.51153012091862,247.29463313615113,247.9472198486328,18038900
2021-06-16 00:00:00-04:00,248.9452904420931,250.07772539314837,244.16600550777144,247.0067138671875,27220000
2021-06-17 00:00:00-04:00,245.74955009057246,251.2006205192293,245.6919706294516,250.38487243652344,27565500
2021-06-18 00:00:00-04:00,249.16605688845348,251.7284306556283,248.32151911327628,248.97410583496094,37202200
2021-06-21 00:00:00-04:00,249.34843554518008,252.8992962171979,247.52501743926578,252.04518127441406,26696100
2021-06-22 00:00:00-04:00,252.13148982146245,255.07776538792695,251.82437988299503,254.80905151367188,24694100
2021-06-23 00:00:00-04:00,255.26973345347702,256.0758752225199,253.77260884130868,254.57875061035156,19518700
2021-06-24 00:00:00-04:00,255.43285975794427,257.0547494132898,254.77066673711718,255.94149780273438,21446900
2021-06-25 00:00:00-04:00,255.50006023392783,256.47894031384675,254.08930492861072,254.33880615234375,25611100
2021-06-28 00:00:00-04:00,255.46173834937989,258.06250893308584,255.19302436974561,257.8897705078125,19590000
2021-06-29 00:00:00-04:00,258.03366875564717,260.7016246346419,257.17955385033815,260.4617004394531,19937800
2021-06-30 00:00:00-04:00,259.7802529375048,260.42323320384054,258.7341872468465,259.9817810058594,21656500
2021-07-01 00:00:00-04:00,258.7438091696623,260.88394332062984,258.7342321183935,260.65362548828125,16725300
2021-07-02 00:00:00-04:00,261.8244857323976,266.7957080842182,261.517375730034,266.4598083496094,26458000
2021-07-06 00:00:00-04:00,266.8244739642971,268.11046403566195,263.244794707822,266.4693908691406,31565600
2021-07-07 00:00:00-04:00,268.13928056771834,269.37729764258523,265.9799627636496,268.6479187011719,23260000
2021-07-08 00:00:00-04:00,265.74007459350395,267.49633638000387,263.79189099319393,266.2391357421875,24618600
2021-07-09 00:00:00-04:00,264.6076611604066,266.8437423104602,264.22378821336406,266.7381896972656,23916700
2021-07-12 00:00:00-04:00,267.9089353442858,268.49433627554,265.43290144744316,266.1430969238281,18931700
2021-07-13 00:00:00-04:00,266.33506735947253,271.4502681264369,266.210331366787,269.6556396484375,26120100
2021-07-14 00:00:00-04:00,270.9704073941302,272.2276079057793,269.2429355174447,271.12396240234375,23113700
2021-07-15 00:00:00-04:00,270.634489804362,271.12394453030225,268.5519349217963,269.7035827636719,22604200
2021-07-16 00:00:00-04:00,270.7016516270204,272.6498347308158,268.19682804350134,269.4348449707031,26186800
2021-07-19 00:00:00-04:00,267.6881515110027,269.0701168852298,263.38872971350867,265.8455505371094,32935600
2021-07-20 00:00:00-04:00,266.82454376019746,269.6460551565443,265.1258906899996,268.06256103515625,26259700
2021-07-21 00:00:00-04:00,267.6594129528652,270.173813707087,266.11431527092736,270.05865478515625,24364300
2021-07-22 00:00:00-04:00,272.40028518129105,274.8763188626381,271.9972290018453,274.60760498046875,23384100
2021-07-23 00:00:00-04:00,275.78807157831795,278.30247257073574,274.9531400276046,277.9953918457031,22768100
2021-07-26 00:00:00-04:00,277.3523869804331,278.0145801435692,275.0875164942922,277.4003601074219,23176100
2021-07-27 00:00:00-04:00,277.76499367762403,277.90894231723627,271.54617814543514,274.9914855957031,33604100
2021-07-28 00:00:00-04:00,277.3427364892114,278.4559881617901,272.3906980646863,274.68438720703125,33566900
2021-07-29 00:00:00-04:00,274.70353348763825,276.9876159825094,274.5499785237899,274.95306396484375,18168300
2021-07-30 00:00:00-04:00,273.67668502240946,275.10662354630284,272.4674579665658,273.4271545410156,20944800
2021-08-02 00:00:00-04:00,274.8187628216139,275.212242025892,272.30436188036447,273.3408508300781,16267400
2021-08-03 00:00:00-04:00,273.91662898110934,275.6536775635122,272.55384686025644,275.548095703125,17879000
2021-08-04 00:00:00-04:00,274.6844787394723,275.999258954116,273.1777474082204,274.9627990722656,16191300
2021-08-05 00:00:00-04:00,275.317795323746,277.95696126160766,274.56923306560276,277.85137939453125,13900200
2021-08-06 00:00:00-04:00,276.8821288688246,277.83221931412936,276.0279846719422,277.7938232421875,16589300
2021-08-09 00:00:00-04:00,278.0721635231256,279.79960614575214,276.2103492828426,276.7093811035156,16117600
2021-08-10 00:00:00-04:00,277.16043936211105,277.5923146609027,273.7055541222731,274.89556884765625,18616600
2021-08-11 00:00:00-04:00,275.6344193835293,277.0259910024665,274.33882327065885,275.3849182128906,13955900
2021-08-12 00:00:00-04:00,275.0779315798822,278.2833157631849,274.79961127384786,278.1297607421875,14561300
2021-08-13 00:00:00-04:00,277.81303719840986,281.09518381779094,277.64026951768847,281.0472106933594,18249000
2021-08-16 00:00:00-04:00,281.3735085609403,282.93781903888737,278.3312568029692,282.7266845703125,22507600
2021-08-17 00:00:00-04:00,280.60574999790174,281.60381354222284,279.3485202964206,281.2679138183594,20075300
2021-08-18 00:00:00-04:00,280.80635995342857,283.4794229415405,279.104426221495,279.5467529296875,21813000
2021-08-19 00:00:00-04:00,277.5852791245708,286.0275472712108,277.5372141574895,285.3544616699219,29850500
2021-08-20 00:00:00-04:00,288.1909033414219,294.07548533155943,286.59475375852804,292.65240478515625,40817600
2021-08-23 00:00:00-04:00,291.5851936801916,293.6524859694501,290.23905191116444,292.93133544921875,22830200
2021-08-24 00:00:00-04:00,293.2871377761874,293.892908989617,290.38331518803676,290.9794616699219,18175800
2021-08-25 00:00:00-04:00,292.59474421285233,292.8735972507259,288.86401745475416,290.3928527832031,20006100
2021-08-26 00:00:00-04:00,289.41214454966746,290.79675602594824,287.4506360780136,287.5852355957031,17666100
2021-08-27 00:00:00-04:00,287.48901815902764,289.2967066286994,285.4121013647465,288.1909484863281,22605700
2021-08-30 00:00:00-04:00,289.5370889044811,292.51784992119383,289.4793992168539,291.9120788574219,16348100
2021-08-31 00:00:00-04:00,292.71018783230056,292.78709763966935,289.9024956924805,290.26788330078125,26285300
2021-09-01 00:00:00-04:00,291.2198217734967,293.45058787896966,289.8929000496603,290.2198181152344,18983800
2021-09-02 00:00:00-04:00,290.5755767585639,291.69093033858195,288.6332593639689,289.5659484863281,16285600
2021-09-03 00:00:00-04:00,289.4121733950397,290.96025873676706,288.71027219948047,289.5564270019531,14747900
2021-09-07 00:00:00-04:00,289.4313293174563,289.5082391184174,286.7294213995241,288.63323974609375,17180400
2021-09-08 00:00:00-04:00,288.248626330133,289.04668654196234,286.0274854074498,288.6620788574219,15046800
2021-09-09 00:00:00-04:00,289.24866239641324,290.5178943078141,285.5755955060056,285.81597900390625,19927000
2021-09-10 00:00:00-04:00,286.9409832920089,288.38328426235665,284.01791177587137,284.335205078125,19633400
2021-09-13 00:00:00-04:00,286.1044051321014,287.0563436631931,282.76788126792405,285.5659484863281,23652900
2021-09-14 00:00:00-04:00,288.0371678804035,289.796791808923,286.6333362364003,288.2583312988281,21853400
2021-09-15 00:00:00-04:00,291.594827334741,293.57558514343583,290.2102159460255,293.0948181152344,28356300
2021-09-16 00:00:00-04:00,292.0754781345562,293.56584359142914,289.1908771132442,293.47930908203125,19550800
2021-09-17 00:00:00-04:00,292.4697880609758,292.7870813462865,288.0082565459675,288.3351745605469,41372500
2021-09-20 00:00:00-04:00,284.9313439067863,287.2294241436648,278.3833000222743,282.97943115234375,38278700
2021-09-21 00:00:00-04:00,284.3159844038209,286.09482813249366,282.7583040538949,283.460205078125,22364100
2021-09-22 00:00:00-04:00,285.31588231854806,288.6716252705129,283.181276503222,287.0946960449219,26626300
2021-09-23 00:00:00-04:00,287.354337147053,289.3254693919158,286.085105686677,288.0370178222656,18604600
2021-09-24 00:00:00-04:00,286.7583221103223,288.26790832981595,285.5083101876047,287.8352355957031,14999000
2021-09-27 00:00:00-04:00,284.7486847699523,285.0659780697312,281.67176431973326,282.8544616699219,23571700
2021-09-28 00:00:00-04:00,278.65259987175267,279.59491395300205,271.8737954883022,272.6141662597656,43186200
2021-09-29 00:00:00-04:00,274.1333769693656,275.7391224791571,272.1237742275419,273.07568359375,26353700
2021-09-30 00:00:00-04:00,274.71981454324316,276.7582615099041,270.7871448115844,271.07562255859375,32343600
2021-10-01 00:00:00-04:00,271.2679443559621,278.8256162130786,270.46988411493584,277.9794616699219,30086300
2021-10-04 00:00:00-04:00,276.3448992444517,276.68144205400307,269.4699361794418,272.21990966796875,31350700
2021-10-05 00:00:00-04:00,273.1236812465694,279.2294271274474,273.1236812465694,277.65252685546875,24993000
2021-10-06 00:00:00-04:00,274.7871740588591,282.3352215175468,274.5275704532508,281.835205078125,28002600
2021-10-07 00:00:00-04:00,283.82550242924776,285.2293627186613,282.61398995550053,283.5082092285156,20430500
2021-10-08 00:00:00-04:00,284.82550566495956,285.2293627186613,282.46014104664647,283.5082092285156,17685700
2021-10-11 00:00:00-04:00,281.6525631685585,286.50829832033395,281.489089470964,282.91217041015625,19298600
2021-10-12 00:00:00-04:00,283.9793785165672,284.07553776176377,281.1044019503828,281.614013671875,17974100
2021-10-13 00:00:00-04:00,283.5659981485587,285.84482905516467,282.20060694439593,284.9121398925781,23416300
2021-10-14 00:00:00-04:00,287.700592428169,291.6044182903468,286.3736707555064,291.10443115234375,27262900
2021-10-15 00:00:00-04:00,290.7102062536316,292.73905839342854,288.9602072094581,292.5082702636719,25384800
2021-10-18 00:00:00-04:00,291.89294028229466,296.35444365266295,291.0467855024762,295.4698486328125,22729300
2021-10-19 00:00:00-04:00,296.48894503169953,297.40238451063647,295.40240717227346,296.3735656738281,17682100
2021-10-20 00:00:00-04:00,297.3159240470741,297.787095667317,294.3351627369978,295.5851745605469,16537100
2021-10-21 00:00:00-04:00,295.3544015118529,299.0562838093166,294.57553200250277,298.8063049316406,16918100
2021-10-22 00:00:00-04:00,298.46005362454946,299.1235142228504,295.9600601440785,297.26776123046875,17449300
2021-10-25 00:00:00-04:00,297.46010317986077,297.4985727507945,294.6716608327069,296.2774353027344,17554500
2021-10-26 00:00:00-04:00,299.03705370094167,300.3831953408259,296.7293781263278,298.1812744140625,28107300
2021-10-27 00:00:00-04:00,303.8447410132644,313.55624018654,303.8447410132644,310.73895263671875,52588700
2021-10-28 00:00:00-04:00,311.854316213441,312.37355280117015,308.9985589964651,311.8735656738281,26297900
2021-10-29 00:00:00-04:00,311.6620413582326,319.2293097590361,311.4408779594298,318.8639221191406,34766000
2021-11-01 00:00:00-04:00,318.61388266615893,318.73888677742633,313.81583753903345,316.700439453125,27073200
2021-11-02 00:00:00-04:00,317.60429349098206,320.62352433879016,317.30622029819705,320.3158264160156,26487100
2021-11-03 00:00:00-04:00,321.05615397648955,322.0176878484429,317.9311688926411,321.1523132324219,21500100
2021-11-04 00:00:00-04:00,320.0851310321345,323.59472496169866,316.83514077049546,323.4985656738281,23992200
2021-11-05 00:00:00-04:00,325.4889184823601,325.75814685735793,321.55624752371233,323.1331481933594,22570100
2021-11-08 00:00:00-05:00,324.3254169521455,324.661959731768,321.5754437081741,324.02734375,20897000
2021-11-09 00:00:00-05:00,324.1426973147689,325.69078224022303,321.6619526233949,323.02734375,21307400
2021-11-10 00:00:00-05:00,321.7004414585655,321.75813115179415,317.22931417120816,318.075439453125,25500900
2021-11-11 00:00:00-05:00,318.50821889815046,320.93127463366,317.7966929462929,319.642822265625,16849800
2021-11-12 00:00:00-05:00,321.07541697774906,324.258091880674,320.9504128741325,323.7677001953125,23831000
2021-11-15 00:00:00-05:00,324.5562481350454,324.88316622775125,321.1812538481177,323.1427917480469,16723000
2021-11-16 00:00:00-05:00,322.76774755560007,327.5658224885891,322.6043031971898,326.450439453125,20886800
2021-11-17 00:00:00-05:00,326.49864184480543,329.6293451502645,325.59314376774387,326.6720275878906,19053400
2021-11-18 00:00:00-05:00,325.76640921041985,329.879689002484,324.74532101503996,328.74298095703125,22463500
2021-11-19 00:00:00-05:00,330.06272241316236,332.43241492443923,329.638871148073,330.51544189453125,21963400
2021-11-22 00:00:00-05:00,331.9700164889101,336.83466359463443,327.086114106962,327.3558349609375,31031100
2021-11-23 00:00:00-05:00,324.67797163532214,326.9898989068096,321.31608766747587,325.28485107421875,30427600
2021-11-24 00:00:00-05:00,323.93623607205905,325.74723199137054,321.6532358919778,325.50640869140625,21661300
2021-11-26 00:00:00-05:00,322.07695953492663,325.5255348880678,316.07563469653405,317.578369140625,24217200
2021-11-29 00:00:00-05:00,322.6453783318279,326.58524340078264,322.4527079617969,324.2733459472656,28563500
2021-11-30 00:00:00-05:00,323.0114652960252,325.38115820776426,316.9138032094252,318.455078125,42885600
2021-12-01 00:00:00-05:00,322.82839247617034,326.8260526046821,317.2990999831267,317.9637451171875,33337600
2021-12-02 00:00:00-05:00,318.17565068248877,321.2485575549812,315.76741829949276,317.3953857421875,30766000
2021-12-03 00:00:00-05:00,319.80361098974385,320.4875701373592,306.3560498943982,311.15325927734375,41779300
2021-12-06 00:00:00-05:00,312.05875546742715,315.4302807120009,307.51201167599294,314.2165222167969,30032600
2021-12-07 00:00:00-05:00,319.46658948224007,323.47386355690173,317.98310963695894,322.6261901855469,31021900
2021-12-08 00:00:00-05:00,323.0017714613644,323.1847994820111,318.6573106513333,322.67425537109375,24761000
2021-12-09 00:00:00-05:00,322.1348363640117,324.1384729979598,319.92888702095325,320.8729248046875,22214200
2021-12-10 00:00:00-05:00,322.68390724843727,330.40950670555475,322.50087922237924,329.9664001464844,38095700
2021-12-13 00:00:00-05:00,328.17466430025087,331.17052092748463,326.63338956387594,326.941650390625,28899400
2021-12-14 00:00:00-05:00,320.9885338086704,322.3564229704473,312.2129182210804,316.28765869140625,44438700
2021-12-15 00:00:00-05:00,316.54769934976275,322.886183766917,312.58857922136355,322.3659973144531,35381100
2021-12-16 00:00:00-05:00,323.3871030361662,324.39857838163,311.1629118249928,312.9739074707031,35034800
2021-12-17 00:00:00-05:00,309.1015373797269,312.9932502732076,305.6047782395522,311.9143371582031,47750300
2021-12-20 00:00:00-05:00,308.30192948085835,310.95098537340476,305.9129815266249,308.1670837402344,28326500
2021-12-21 00:00:00-05:00,311.42301196127266,315.7000353671043,308.061099295699,315.27618408203125,24740600
2021-12-22 00:00:00-05:00,316.249169285567,321.36425420562085,313.7927832021071,320.9693298339844,24831500
2021-12-23 00:00:00-05:00,320.5357805584728,324.04218156998655,320.5165252794348,322.4045715332031,19617800
2021-12-27 00:00:00-05:00,323.146261644818,329.90859732114507,323.1173640307042,329.87969970703125,19947000
2021-12-28 00:00:00-05:00,330.55406718206604,331.18984424383433,327.827960266222,328.72381591796875,15661500
2021-12-29 00:00:00-05:00,328.771937746174,331.6618171734092,327.2114075590468,329.3981018066406,15042000
2021-12-30 00:00:00-05:00,329.3595803926416,330.53479926844375,326.38300794269304,326.8646545410156,15994500
2021-12-31 00:00:00-05:00,326.0843148981623,326.90309041033254,323.52195205286245,323.9747009277344,18000800
2022-01-03 00:00:00-05:00,323.04032300520043,325.5930436513956,317.6747737807834,322.46234130859375,28865100
2022-01-04 00:00:00-05:00,322.5394184991603,322.89586164300437,314.1491437576021,316.9330749511719,32674300
2022-01-05 00:00:00-05:00,313.8986934112964,314.1010061399775,304.3813817326678,304.7666931152344,40054300
2022-01-06 00:00:00-05:00,301.6552144415301,307.0015085378214,300.05614444176234,302.3584289550781,39646100
2022-01-07 00:00:00-05:00,302.61852137240913,304.88226603603744,298.7075537396608,302.5125732421875,32720000
2022-01-10 00:00:00-05:00,298.1295907297212,303.1676245403952,293.505795319919,302.734130859375,44289500
2022-01-11 00:00:00-05:00,301.8768158812795,304.9882339809429,298.5149321522782,303.4180908203125,29386800
2022-01-12 00:00:00-05:00,307.9359141133859,311.53862085227667,305.4409591479046,306.5872802734375,34372200
2022-01-13 00:00:00-05:00,308.7065406516053,309.1014943499301,292.84110213316677,293.6117248535156,45366000
2022-01-14 00:00:00-05:00,293.0819018422109,299.41074404993253,292.6002553313774,298.8135070800781,39846400
2022-01-18 00:00:00-05:00,292.90853854423693,298.42818916600646,290.66404916965183,291.5406494140625,42333200
2022-01-19 00:00:00-05:00,295.04710904109396,302.38739918282636,291.5888896692159,292.19573974609375,45933900
2022-01-20 00:00:00-05:00,297.725037240553,300.21032076889657,290.0861291978272,290.52923583984375,35380700
2022-01-21 00:00:00-05:00,291.5791079701554,292.9469673210977,284.7589782968283,285.16357421875,57984400
2022-01-24 00:00:00-05:00,281.47429461593225,286.2040385232011,265.9170853754429,285.4912109375,85731500
2022-01-25 00:00:00-05:00,280.81919810306823,284.1618263856482,274.70231034504417,277.9004211425781,72848600
2022-01-26 00:00:00-05:00,296.68460867157836,297.1758975203426,282.2737532824066,285.81866455078125,90428900
2022-01-27 00:00:00-05:00,291.55029488282537,296.019959606394,286.9939079100606,288.83380126953125,53481300
2022-01-28 00:00:00-05:00,289.20946072810676,297.1566277790234,283.6416285034805,296.9447021484375,49743700
2022-01-31 00:00:00-05:00,297.60939667442534,300.9134847485598,295.1240841669652,299.56488037109375,46444500
2022-02-01 00:00:00-05:00,299.0157886812132,299.2277143206684,293.929602731659,297.4263610839844,40950400
2022-02-02 00:00:00-05:00,298.2643973656909,303.55286619292593,297.54192766153886,301.95379638671875,36636000
2022-02-03 00:00:00-05:00,298.12963558096607,299.8057859220167,288.94945155948216,290.1921081542969,43730000
2022-02-04 00:00:00-05:00,289.1902496798736,297.4649349215722,288.95906871396625,294.7099304199219,35096500
2022-02-07 00:00:00-05:00,294.93143638637616,296.54011926462067,288.8915703465275,289.9030456542969,28533300
2022-02-08 00:00:00-05:00,290.1920562811641,294.34384733210226,288.9397869673649,293.38055419921875,32421200
2022-02-09 00:00:00-05:00,298.49571991804794,300.4801019620381,296.1067711102672,299.7865295410156,31284700
2022-02-10 00:00:00-05:00,292.879679406839,297.77319603906335,289.6622835734979,291.2806091308594,45386200
2022-02-11 00:00:00-05:00,292.06082398149493,293.12045222250043,283.4200840938403,284.2099914550781,39175600
2022-02-14 00:00:00-05:00,282.9866171180097,285.8668836168061,280.65546416556623,284.1714782714844,36359500
2022-02-15 00:00:00-05:00,288.9975672412042,289.7585476106749,286.11730093278925,289.440673828125,27058300
2022-02-16 00:00:00-05:00,288.0120675250117,290.42527991431285,283.48487872602993,289.10284423828125,29982100
2022-02-17 00:00:00-05:00,286.0718280004565,286.49655572673316,279.93262997944396,280.6372985839844,32461600
2022-02-18 00:00:00-05:00,282.87676387601726,283.65864238707985,276.3707522552186,277.93450927734375,34264000
2022-02-22 00:00:00-05:00,275.10620482012695,281.4191765053362,274.6235623555302,277.7317810058594,41736100
2022-02-23 00:00:00-05:00,280.1064459602223,281.5736982844178,270.37638432486085,270.54046630859375,37811200
2022-02-24 00:00:00-05:00,263.0498313930732,284.9135313013762,262.0941791874867,284.3633117675781,56989700
2022-02-25 00:00:00-05:00,284.8942395707059,287.29778988293907,281.5253747646306,286.9888916015625,32546700
2022-02-28 00:00:00-05:00,284.0930236175549,288.7553666251348,282.8285026347826,288.4175109863281,34627500
2022-03-01 00:00:00-05:00,286.1104609698699,289.55653540384833,282.0079998222269,284.7108154296875,31217800
2022-03-02 00:00:00-05:00,285.10654759375143,291.0044539337732,283.50420050610404,289.7688903808594,31873000
2022-03-03 00:00:00-05:00,292.37519352194875,292.6068524998791,283.8420480314748,285.64715576171875,27314500
2022-03-04 00:00:00-05:00,284.0736891436429,285.39612468595874,277.20086566715224,279.7974548339844,32356500
2022-03-07 00:00:00-05:00,278.5136987489001,279.63343295977313,268.86084809464484,269.2276611328125,43157200
2022-03-08 00:00:00-05:00,268.1561220285429,274.1022802945537,260.6269119121218,266.2738342285156,48159500
2022-03-09 00:00:00-05:00,273.6003111924272,279.54646877210064,271.0326502290579,278.4846496582031,35204500
2022-03-10 00:00:00-05:00,273.19487038356175,276.65060617183343,270.8395733141263,275.6756591796875,30628000
2022-03-11 00:00:00-05:00,277.9634336750457,279.4596429563479,269.7295545935928,270.34735107421875,27209300
2022-03-14 00:00:00-04:00,270.6079583933382,275.4922975054639,266.2448813621328,266.8433532714844,30660700
2022-03-15 00:00:00-04:00,270.6175938370436,277.8282723185702,269.05383720748546,277.1815185546875,34245100
2022-03-16 00:00:00-04:00,279.0735246270153,284.34400179367987,273.3687163552092,284.1702575683594,37826300
2022-03-17 00:00:00-04:00,283.1084122705425,285.3478508163391,279.32448255840876,284.9714050292969,30816600
2022-03-18 00:00:00-04:00,285.11614983812484,290.55070765473886,282.56781343474125,290.00048828125,43390600
2022-03-21 00:00:00-04:00,288.5140113733799,289.7206174710808,284.662504677972,288.7746276855469,28351200
2022-03-22 00:00:00-04:00,289.3923936093338,294.4118867402999,288.39815136686497,293.5045166015625,27599700
2022-03-23 00:00:00-04:00,290.0777796338965,292.7033557846491,287.3846264690427,289.0931701660156,25715400
2022-03-24 00:00:00-04:00,288.75537689115174,293.6397167673037,287.9638360996713,293.5431823730469,24484500
2022-03-25 00:00:00-04:00,294.63390450047564,294.89452080427003,288.90011015175327,293.1376953125,22566500
2022-03-28 00:00:00-04:00,293.7651423882981,300.0105369064653,293.7651423882981,299.9140319824219,29578200
2022-03-29 00:00:00-04:00,303.01258292097964,304.8562805932184,298.3212830440557,304.46051025390625,30393400
2022-03-30 00:00:00-04:00,302.86785052906407,304.9818271718414,300.763506705358,302.96435546875,28163600
2022-03-31 00:00:00-04:00,303.0029338565664,304.19990720218783,297.20159145457893,297.60699462890625,33422100
2022-04-01 00:00:00-04:00,298.63027641490277,299.36390259057845,294.9332470752999,298.6785583496094,27110500
2022-04-04 00:00:00-04:00,299.3251718788428,304.17089116064096,298.9583589270999,304.0357666015625,24289600
2022-04-05 00:00:00-04:00,302.3947841023135,303.93924580373067,299.11282139815006,300.0877685546875,23156700
2022-04-06 00:00:00-04:00,294.59531799298344,296.3424814061848,286.4096909635366,289.10284423828125,40110400
2022-04-07 00:00:00-04:00,286.3614444787001,293.10877703347046,286.06220849283096,290.9079284667969,31411200
2022-04-08 00:00:00-04:00,290.01021503016705,290.6666017314044,285.99462607140345,286.6606750488281,24361900
2022-04-11 00:00:00-04:00,281.66048690117145,282.4519981244576,275.1061942358303,275.357177734375,34569300
2022-04-12 00:00:00-04:00,279.1989878449197,280.6469151575573,270.75274518786716,272.26824951171875,30966700
2022-04-13 00:00:00-04:00,272.91505579561334,278.56194983374326,271.5346757707154,277.6352844238281,21907200
2022-04-14 00:00:00-04:00,278.088924351685,278.3012882088098,269.6233863517897,270.11566162109375,28221600
2022-04-18 00:00:00-04:00,269.22764356722877,272.65439354264834,268.67742404587597,270.78173828125,20778000
2022-04-19 00:00:00-04:00,269.6813419887161,276.2356357266572,268.74501431186735,275.39581298828125,22297700
2022-04-20 00:00:00-04:00,279.35345023812204,279.6430533893089,275.4633531849248,276.4189758300781,22906700
2022-04-21 00:00:00-04:00,278.5618984401678,283.1180442640561,270.33768184591173,271.0616455078125,29454600
2022-04-22 00:00:00-04:00,271.90145264874303,273.36870459899797,263.8895994942571,264.51702880859375,29405800
2022-04-25 00:00:00-04:00,263.8027620781208,271.3512688528921,261.3702248757031,270.9748229980469,35678900
2022-04-26 00:00:00-04:00,267.86656753140664,268.6966984296061,260.6269305710984,260.83929443359375,46518400
2022-04-27 00:00:00-04:00,272.30691647120665,280.8689900877158,269.4689760886624,273.3880310058594,63477700
2022-04-28 00:00:00-04:00,275.28963271284965,280.8786411356231,271.689109042136,279.57550048828125,33646600
2022-04-29 00:00:00-04:00,278.59090237715037,279.81683323611406,266.9013146355611,267.8858947753906,37073900
2022-05-02 00:00:00-04:00,268.0692987483365,275.04832015441815,266.63103347319105,274.5946350097656,35151100
2022-05-03 00:00:00-04:00,274.10229991297473,274.26641131232816,270.42456669386183,271.99798583984375,25978600
2022-05-04 00:00:00-04:00,272.77980094120676,280.78201938485194,267.12324671624293,279.91326904296875,33599300
2022-05-05 00:00:00-04:00,275.62755113491846,276.4094298097779,264.8163448418446,267.72186279296875,43260400
2022-05-06 00:00:00-04:00,265.26998938550594,269.5558574797056,261.85287196809537,265.1927795410156,37780300
2022-05-09 00:00:00-04:00,260.68480600302837,262.90494921949755,254.17879599564424,255.39503479003906,47726000
2022-05-10 00:00:00-04:00,262.25826345033016,264.24674803781596,255.86808196451094,260.144287109375,39336400
2022-05-11 00:00:00-04:00,256.4569529598001,261.93976557129577,250.29842895640837,251.50503540039062,48975900
2022-05-12 00:00:00-04:00,248.74426727264887,250.8582435521003,241.3405338858611,246.48550415039062,51033800
2022-05-13 00:00:00-04:00,248.41613768743915,253.90861251317386,246.48556739953702,252.0552520751953,34925100
2022-05-16 00:00:00-04:00,250.9354501012321,256.5920348375694,246.9005663575993,252.4219970703125,32550900
2022-05-17 00:00:00-04:00,256.87193855498094,259.0148721108303,253.34865472681068,257.55731201171875,28828800
2022-05-18 00:00:00-04:00,254.4612355715473,255.04176140596195,244.56337491481253,245.83084106445312,31356000
2022-05-19 00:00:00-04:00,245.65667612599017,249.30429522500646,243.70226967132928,244.92135620117188,32692300
2022-05-20 00:00:00-04:00,248.88824756705642,250.14605852725083,238.43890011882908,244.36019897460938,39199300
2022-05-23 00:00:00-04:00,247.19508522720383,253.00995497705824,245.20195425137902,252.1875457763672,33175400
2022-05-24 00:00:00-04:00,249.51716536945642,252.84545260288888,245.26968020605537,251.19097900390625,29043900
2022-05-25 00:00:00-04:00,249.75898018466552,255.98986547497486,248.78176241630595,253.9967498779297,28547900
2022-05-26 00:00:00-04:00,253.75499956144046,258.4378581424685,252.94227496738887,257.26715087890625,25002100
2022-05-27 00:00:00-04:00,259.763306260141,264.46550311516876,258.87316278571984,264.3687438964844,26910800
2022-05-31 00:00:00-04:00,263.6818188562503,265.8490837513658,260.1986934699792,263.0432434082031,37827700
2022-06-01 00:00:00-04:00,266.26511923779674,268.674267192914,261.27264493032675,263.57537841796875,25292200
2022-06-02 00:00:00-04:00,255.86416618600398,265.73298709587516,253.10669066458044,265.6652526855469,44008200
2022-06-03 00:00:00-04:00,261.53385823484007,264.571926206195,259.6955513321792,261.2532653808594,28059000
2022-06-06 00:00:00-04:00,263.2270376292287,265.27820295854366,258.5441812387559,260.0245056152344,22400300
2022-06-07 00:00:00-04:00,257.9830710374571,264.26235216439045,257.30578597515415,263.6528015136719,22860700
2022-06-08 00:00:00-04:00,262.88842705123176,264.13655309709793,260.85660150666956,261.6306457519531,17372300
2022-06-09 00:00:00-04:00,259.08602995149107,263.8559613723618,256.0383063846379,256.193115234375,26439700
2022-06-10 00:00:00-04:00,252.11977283149906,252.11977283149906,244.33114285896366,244.77621459960938,31422800
2022-06-13 00:00:00-04:00,237.1520524259518,240.9351106086177,233.68828195632932,234.3945770263672,46135800
2022-06-14 00:00:00-04:00,235.94263445006774,237.76160149558388,233.6689256431726,236.55218505859375,28651500
2022-06-15 00:00:00-04:00,240.24816456305055,247.01122689050288,238.4195274205562,243.58615112304688,33111700
2022-06-16 00:00:00-04:00,237.99378942655406,239.3870394621926,235.1298996985269,237.01658630371094,33169200
2022-06-17 00:00:00-04:00,236.75535358790026,242.3670486857971,236.10710816342058,239.6095733642578,43084800
2022-06-21 00:00:00-04:00,242.13480555323576,246.47903407910408,241.40915579637874,245.5018310546875,29928300
2022-06-22 00:00:00-04:00,243.71195083753238,248.82054000260254,242.24129615723362,244.9116973876953,25939900
2022-06-23 00:00:00-04:00,247.27243437521878,250.94904823926845,245.39541785280727,250.45559692382812,25861400
2022-06-24 00:00:00-04:00,253.30985203926372,259.2795445759663,253.22277759883846,259.0086364746094,33923200
2022-06-27 00:00:00-04:00,259.5021051953525,259.589179651512,254.73217298282648,256.2899169921875,24615100
2022-06-28 00:00:00-04:00,255.40940681520112,258.2442718055391,247.99809948086303,248.1529083251953,27295500
2022-06-29 00:00:00-04:00,249.22683912522928,253.46463868195008,247.4562518414402,251.81016540527344,20069800
2022-06-30 00:00:00-04:00,248.70440512266876,251.1038981642681,244.6891481209095,248.49154663085938,31730900
2022-07-01 00:00:00-04:00,248.06584848912598,251.33608586530872,246.3436258304713,251.15225219726562,22837700
2022-07-05 00:00:00-04:00,247.84327202741883,254.4418545786392,246.46937685474163,254.31607055664062,22941000
2022-07-06 00:00:00-04:00,255.18692332453952,259.28925531633575,253.88074738510633,257.5670471191406,23824400
2022-07-07 00:00:00-04:00,256.5123449826114,260.3244273758523,256.4155857769769,259.68585205078125,20859900
2022-07-08 00:00:00-04:00,256.19312462228805,259.3956571562315,254.74182482043682,258.9699401855469,19658800
2022-07-11 00:00:00-04:00,257.0251984883415,257.8766324611341,253.66785697508126,255.92222595214844,19455200
2022-07-12 00:00:00-04:00,257.2477138444937,257.3057634702687,243.8570440782721,245.4341278076172,35868500
2022-07-13 00:00:00-04:00,242.06714149558593,245.31805374321544,240.05467060292142,244.51499938964844,29497400
2022-07-14 00:00:00-04:00,242.4348047942675,246.85642391031848,237.95512128406688,245.83084106445312,25102800
2022-07-15 00:00:00-04:00,247.41758340717305,251.91660674220472,246.49842984837338,248.38511657714844,29774100
2022-07-18 00:00:00-04:00,251.3167325510271,252.37134012804827,245.07614676470823,245.99530029296875,20975000
2022-07-19 00:00:00-04:00,249.2172106364665,251.28774603986494,245.44383672914083,251.10391235351562,25012600
2022-07-20 00:00:00-04:00,251.46190980901676,256.2705517022864,250.5040612485148,253.7549591064453,22788300
2022-07-21 00:00:00-04:00,251.35548474975212,256.2899104944366,248.6850833881356,256.24151611328125,22404700
2022-07-22 00:00:00-04:00,256.62848796970013,256.71556241158675,250.65882485957425,251.90692138671875,21881300
2022-07-25 00:00:00-04:00,252.52614987417672,253.00991644481692,248.47218365007052,250.4265899658203,21056000
2022-07-26 00:00:00-04:00,251.4231277966496,251.44249735505653,241.46723382900603,243.72157287597656,39348000
2022-07-27 00:00:00-04:00,252.68094375810006,261.2822975208546,250.44594469622396,260.01483154296875,45994000
2022-07-28 00:00:00-04:00,260.99201791065275,268.8193560723427,259.1730512079758,267.435791015625,33459300
2022-07-29 00:00:00-04:00,268.6839646557535,272.8443453449876,267.64869711004144,271.625244140625,32152800
2022-08-01 00:00:00-04:00,268.80002257079224,272.1476784512212,266.88429661951363,268.9838562011719,21539600
2022-08-02 00:00:00-04:00,267.0391429404589,268.8677947225736,263.53667774646465,265.8974609375,22754200
2022-08-03 00:00:00-04:00,267.77446660635644,274.29563016416313,267.6293130218933,273.299072265625,23518900
2022-08-04 00:00:00-04:00,272.65082319177765,274.58588944445677,271.0737689983291,274.4407653808594,18098700
2022-08-05 00:00:00-04:00,270.08685858100347,274.4407575248996,269.63211684357026,273.72479248046875,16774600
2022-08-08 00:00:00-04:00,274.8278133024093,276.6371253182812,270.2513998362798,271.21893310546875,18739200
2022-08-09 00:00:00-04:00,270.5610006852255,273.8892877589125,268.5968799256363,273.1346130371094,23405200
2022-08-10 00:00:00-04:00,278.8140935874834,280.4008328998237,277.6240169581476,279.7719421386719,24687800
2022-08-11 00:00:00-04:00,281.40696164231605,281.755259328041,277.20787222386883,277.7012939453125,20065900
2022-08-12 00:00:00-04:00,279.1139854304459,282.4326171875,277.62397604955174,282.4326171875,22619700
2022-08-15 00:00:00-04:00,281.55214749764076,284.62889583747915,280.6910288186994,283.94195556640625,18085700
2022-08-16 00:00:00-04:00,282.51000943686375,284.49347021164397,280.9910047541906,283.2066345214844,18102900
2022-08-17 00:00:00-04:00,280.9281190261752,284.4283433719824,280.6663411966556,282.4600830078125,18253400
2022-08-18 00:00:00-04:00,281.36438230357066,283.0320727028022,280.2881256209133,281.3450012207031,17186200
2022-08-19 00:00:00-04:00,280.1136910305551,280.45305241376826,276.87527385505905,277.44732666015625,20570000
2022-08-22 00:00:00-04:00,273.50106320350113,273.869510964488,268.7888850126345,269.3027648925781,25061100
2022-08-23 00:00:00-04:00,268.0325927734375,270.3789763942887,267.0242141584032,268.0325927734375,17527400
2022-08-24 00:00:00-04:00,267.0338655673313,268.7985203899036,266.7429718156846,267.4023132324219,18137000
2022-08-25 00:00:00-04:00,268.89556299786517,270.5341674761129,266.17102576018783,270.3693542480469,16583400
2022-08-26 00:00:00-04:00,270.59236827950923,271.8140575547719,259.82997460687733,259.9366149902344,27549300
2022-08-29 00:00:00-04:00,257.76465225492166,259.2674999332414,255.82547868834627,257.16351318359375,20338500
2022-08-30 00:00:00-04:00,258.559742764077,258.92816091829354,252.73251622654692,254.97225952148438,22767100
2022-08-31 00:00:00-04:00,257.31867689878567,258.9863379304906,253.3821269343252,253.51788330078125,24791800
2022-09-01 00:00:00-04:00,250.9969713685728,252.95555596320528,247.64220877512267,252.48043823242188,23263400
2022-09-02 00:00:00-04:00,253.7408837951921,256.68840643713196,246.7307604021961,248.27239990234375,22855400
2022-09-06 00:00:00-04:00,248.408159830305,249.98856152174304,244.27771043015858,245.54786682128906,21328200
2022-09-07 00:00:00-04:00,246.95377791469627,250.95816170983366,245.51879346007277,250.2406768798828,24126700
2022-09-08 00:00:00-04:00,249.67829973457307,252.50947654562356,247.04100773001082,250.65756225585938,20319900
2022-09-09 00:00:00-04:00,252.57740555573184,257.1635625736853,252.37380057718096,256.4169616699219,22084700
2022-09-12 00:00:00-04:00,257.69677794091064,259.31600091262334,257.09563886057305,258.5403137207031,18747700
2022-09-13 00:00:00-04:00,250.96784794774865,252.48040101382477,243.93834353048703,244.32618713378906,33353300
2022-09-14 00:00:00-04:00,245.8193507310912,246.49805856116708,242.26096879830945,244.5491943359375,23913000
2022-09-15 00:00:00-04:00,242.1736911292833,243.75410750034436,236.59856721458627,237.91720581054688,31530900
2022-09-16 00:00:00-04:00,236.8312490948442,237.83962757802746,234.69816125002947,237.29666137695312,39791800
2022-09-19 00:00:00-04:00,235.09573320886867,237.68452841666505,233.52500718935042,237.08338928222656,26826900
2022-09-20 00:00:00-04:00,234.70789152713547,236.10408413767027,232.35178783208616,235.07632446289062,26660300
2022-09-21 00:00:00-04:00,236.84097880590735,240.12787756364517,231.634287475008,231.68276977539062,28625600
2022-09-22 00:00:00-04:00,230.6356459674454,236.44347719720534,230.34478171455967,233.65106201171875,31061200
2022-09-23 00:00:00-04:00,232.2548385862269,233.79649299504186,228.0468350078117,230.68411254882812,34176000
2022-09-26 00:00:00-04:00,229.84054950120728,234.1067254216907,229.69510260715796,230.22837829589844,27694200
2022-09-27 00:00:00-04:00,232.68144911431068,234.44610429031408,227.36811729613822,229.22003173828125,27018700
2022-09-28 00:00:00-04:00,229.60784728045007,234.95997054824008,227.59110496512747,233.73829650878906,29029700
2022-09-29 00:00:00-04:00,231.6246265174576,232.65238632006964,227.28088111228263,230.2769012451172,27484200
2022-09-30 00:00:00-04:00,231.0428450141116,233.224415436406,225.65194447106404,225.8167724609375,35694800
2022-10-03 00:00:00-04:00,228.25043546623195,234.26187075492425,227.52324535563076,233.4183349609375,28880400
2022-10-04 00:00:00-04:00,237.6360484007584,242.74577547683293,237.52939325058418,241.310791015625,34888400
2022-10-05 00:00:00-04:00,238.50866730601555,242.95906726147314,236.67614880702004,241.62103271484375,20347100
2022-10-06 00:00:00-04:00,240.38967602221575,242.72638403117548,238.59594911161383,239.2843475341797,20239900
2022-10-07 00:00:00-04:00,233.57346497384196,233.98070446797666,226.07856280672056,227.11602783203125,37769600
2022-10-10 00:00:00-04:00,225.962219258619,227.4262900818972,219.83442324055144,222.2777862548828,29743600
2022-10-11 00:00:00-04:00,220.69735939369207,222.0935668585732,217.29411479408543,218.55458068847656,30474000
2022-10-12 00:00:00-04:00,218.54488548684702,220.93007581576018,217.1486927519345,218.88424682617188,21903900
2022-10-13 00:00:00-04:00,213.163673728378,228.91945995498912,212.46557001660585,227.11602783203125,42551800
2022-10-14 00:00:00-04:00,228.37649233923707,230.02480190806705,221.3954696052538,221.60877990722656,30198600
2022-10-17 00:00:00-04:00,228.64801426493338,231.69251686410908,227.9886874093026,230.30599975585938,28142300
2022-10-18 00:00:00-04:00,235.84232244327512,236.51132497546385,228.2116634940623,231.24647521972656,26329600
2022-10-19 00:00:00-04:00,229.83083853160068,232.32268360031256,227.16447494797129,229.28787231445312,19985700
2022-10-20 00:00:00-04:00,228.59949308712024,233.97099766347205,227.72685605551754,228.96792602539062,21811000
2022-10-21 00:00:00-04:00,227.60085162423684,235.60963470412872,227.36814542435465,234.7563934326172,26299700
2022-10-24 00:00:00-04:00,236.34648327507583,240.30239936572295,233.96130792884753,239.7303466796875,24911200
2022-10-25 00:00:00-04:00,239.74004733273168,243.40508456640856,238.3535451916917,243.03665161132812,34775500
2022-10-26 00:00:00-04:00,224.13940416091688,231.05256356203466,223.06316209926047,224.28485107421875,82543200
2022-10-27 00:00:00-04:00,224.01332637862237,226.58274025958372,218.9133051682239,219.8538055419922,40424600
2022-10-28 00:00:00-04:00,219.35931586973052,229.40423538492817,219.17509201652825,228.69642639160156,40647700
2022-10-31 00:00:00-04:00,226.65060686599685,227.77533111378162,224.11998470584146,225.0701904296875,28357300
2022-11-01 00:00:00-04:00,227.46505654968945,228.57038484843883,220.41615676312193,221.23060607910156,30592300
2022-11-02 00:00:00-04:00,222.48140020209192,224.2654364159978,213.34787925724922,213.40606689453125,38407000
2022-11-03 00:00:00-04:00,213.3963774811355,213.70665239090863,207.4722009244926,207.73399353027344,36633900
2022-11-04 00:00:00-04:00,210.93363491466297,214.8507595155396,206.93892679101333,214.65684509277344,36789100
2022-11-07 00:00:00-05:00,215.23861235404937,221.46335879760886,214.55019910987951,220.9397735595703,33498000
2022-11-08 00:00:00-05:00,221.74450429023085,224.6047824698309,218.97148537429405,221.90933227539062,28192500
2022-11-09 00:00:00-05:00,220.45494942509427,221.6766382807976,217.5074120167321,217.6819305419922,27852900
2022-11-10 00:00:00-05:00,228.2698558137152,235.92960183972272,227.85294051339187,235.59024047851562,46268000
2022-11-11 00:00:00-05:00,235.59991144789905,240.44784564522814,234.5721369704996,239.5946044921875,34620200
2022-11-14 00:00:00-05:00,234.63032541196574,236.491930374749,231.9348751725974,234.20370483398438,31123300
2022-11-15 00:00:00-05:00,238.18870924194545,239.4879520708681,232.72993053937964,234.61093139648438,31390100
2022-11-16 00:00:00-05:00,236.06938283193108,237.05143476413045,233.76499097023776,235.03872680664062,24093300
2022-11-17 00:00:00-05:00,231.19808812700944,236.51667602662837,231.05224616268976,234.99012756347656,23123500
2022-11-18 00:00:00-05:00,236.76948200355858,236.99312613856966,232.41349542511938,234.54287719726562,27613500
2022-11-21 00:00:00-05:00,234.74705121223045,237.8973712159803,234.51370406585946,235.3498992919922,26394700
2022-11-22 00:00:00-05:00,236.8472334482416,238.51962368090963,234.04696420457608,238.24737548828125,19665700
2022-11-23 00:00:00-05:00,238.32516175031657,241.40741186039304,237.50841717604806,240.72679138183594,19508500
2022-11-25 00:00:00-05:00,240.46427230471662,241.81579547416155,239.900325357093,240.63929748535156,9200800
2022-11-28 00:00:00-05:00,239.26834351489458,239.8225578203936,234.13449861777707,235.0679168701172,24778200
2022-11-29 00:00:00-05:00,234.71786413074798,236.06938731272962,231.61617814466862,233.677490234375,17956300
2022-11-30 00:00:00-05:00,233.9108463177998,248.26227293636023,233.22049313047097,248.07752990722656,47594200
2022-12-01 00:00:00-05:00,246.84269045988094,249.03040883628205,243.97435155588244,247.63999938964844,26041500
2022-12-02 00:00:00-05:00,242.90483392955983,248.97209734788092,242.77842766287273,247.9608917236328,21528500
2022-12-05 00:00:00-05:00,245.03420296466012,246.7941135147601,241.19354435975268,243.27430725097656,23435300
2022-12-06 00:00:00-05:00,243.8771473447241,244.88835294425144,237.03201078829815,238.3349151611328,22463700
2022-12-07 00:00:00-05:00,238.05292524127822,239.34611163220632,235.50545353805643,237.60565185546875,20481500
2022-12-08 00:00:00-05:00,238.06265330165112,241.85470746474556,236.33192613856002,240.55178833007812,22611800
2022-12-09 00:00:00-05:00,237.92656151403307,241.43663524920433,237.40151554994418,238.6266326904297,20609700
2022-12-12 00:00:00-05:00,240.6004067044122,245.5495083577721,240.32815848858516,245.5203399658203,30665100
2022-12-13 00:00:00-05:00,254.44625651294808,256.61453937496145,246.06486835036688,249.8083038330078,42196900
2022-12-14 00:00:00-05:00,250.01245515480875,255.32130998655228,247.27050773018283,250.09996032714844,35410900
2022-12-15 00:00:00-05:00,246.69686389132764,247.16357301987648,240.49346176051932,242.1172332763672,35560400
2022-12-16 00:00:00-05:00,241.6699621291789,242.92424748334844,236.7694646066407,237.91680908203125,86102000
2022-12-19 00:00:00-05:00,238.08209035651285,238.42240802601717,232.1023329485857,233.79415893554688,29696400
2022-12-20 00:00:00-05:00,232.77323628356203,236.18608654823132,231.82036751639754,235.1068115234375,25150800
2022-12-21 00:00:00-05:00,234.9998409670087,238.82104848275608,233.4635747777796,237.6639862060547,23690600
2022-12-22 00:00:00-05:00,234.5817687693653,235.2915726004728,227.39632912956154,231.5967559814453,28651700
2022-12-23 00:00:00-05:00,229.57432368977197,232.25791977065128,227.46439246807083,232.12179565429688,21207000
2022-12-27 00:00:00-05:00,232.09258269485227,232.31621194954764,229.30203142721194,230.4007568359375,16688600
2022-12-28 00:00:00-05:00,230.33272967385747,233.0843952081068,227.68801986130742,228.03805541992188,17457100
2022-12-29 00:00:00-05:00,229.12703678909463,235.2234829457409,229.12703678909463,234.3386688232422,19770700
2022-12-30 00:00:00-05:00,231.61620583114026,233.31776474462188,230.10910782620186,233.181640625,21938500
2023-01-03 00:00:00-05:00,236.35137496373926,238.9474656895386,230.82859367762717,232.94825744628906,25740000
2023-01-04 00:00:00-05:00,225.8503455985308,226.42401047503648,219.7052947992431,222.7583770751953,50623400
2023-01-05 00:00:00-05:00,220.910952034835,221.2512697398711,215.62153242856337,216.15631103515625,39585600
2023-01-06 00:00:00-05:00,216.82719680304174,219.51079264209568,213.27823740876858,218.70376586914062,43613600
2023-01-09 00:00:00-05:00,220.18172344662707,224.8391416447206,220.14283719895346,220.8331756591797,27369800
2023-01-10 00:00:00-05:00,221.4554347527597,224.90717117777552,221.03734458217542,222.51527404785156,27033900
2023-01-11 00:00:00-05:00,224.88772743214392,229.41873899259986,224.71271707723938,229.2437286376953,28669300
2023-01-12 00:00:00-05:00,228.74784480479596,233.25940599267489,227.09490487805533,231.9078826904297,27269500
2023-01-13 00:00:00-05:00,230.4396879177981,232.74408004932297,228.41726187215806,232.6079559326172,21333300
2023-01-17 00:00:00-05:00,231.38282055332843,234.24144161412062,230.52717483814848,233.6969451904297,29831300
2023-01-18 00:00:00-05:00,234.88319223600368,235.67076853478866,229.0006572078567,229.28262329101562,30028700
2023-01-19 00:00:00-05:00,227.3087910377556,229.00063185867876,224.2945954552454,225.50999450683594,28623000
2023-01-20 00:00:00-05:00,228.35890938614477,234.07615156759218,228.0185916995672,233.57054138183594,35389800
2023-01-23 00:00:00-05:00,234.4261906970003,238.38352255893335,233.0163158336519,235.86521911621094,31934000
2023-01-24 00:00:00-05:00,235.78742231675506,237.19728228703622,233.78444699997308,235.34014892578125,40234400
2023-01-25 00:00:00-05:00,227.98943061234027,236.5652941592754,224.50852565701223,233.9497528076172,66526600
2023-01-26 00:00:00-05:00,236.90561285916706,241.43662476621853,235.30129180415983,241.1352081298828,33454500
2023-01-27 00:00:00-05:00,242.0977983186481,242.91454300523202,239.9975849790759,241.290771484375,26498900
2023-01-30 00:00:00-05:00,237.74178578895192,238.80162509755758,235.4957305884033,235.9916229248047,25867400
2023-01-31 00:00:00-05:00,236.7111567610399,241.08659409428063,236.22499705734649,240.95046997070312,26541100
2023-02-01 00:00:00-05:00,241.13517614830616,248.11642130402413,238.6752096108031,245.75369262695312,31259900
2023-02-02 00:00:00-05:00,251.65563166439156,257.36313992217566,250.12908358575305,257.275634765625,39940400
2023-02-03 00:00:00-05:00,252.35574697610576,256.88675825123045,249.9832856273653,251.1986846923828,29077300
2023-02-06 00:00:00-05:00,250.31389683270552,251.15007723406973,247.72752379068612,249.6624298095703,22518000
2023-02-07 00:00:00-05:00,253.31837383415902,261.3302762498554,252.88081823202182,260.1537780761719,50841400
2023-02-08 00:00:00-05:00,265.63767911484825,269.09913389839613,258.8411461479816,259.3467712402344,54686000
2023-02-09 00:00:00-05:00,266.2210185187912,266.3960585481187,255.525505975814,256.32281494140625,42375100
2023-02-10 00:00:00-05:00,254.29068170390744,256.7798168982394,253.4447686061317,255.81723022460938,25818500
2023-02-13 00:00:00-05:00,260.23153420322126,266.99886776795535,259.75507760072225,263.8096618652344,44630900
2023-02-14 00:00:00-05:00,265.1223596801926,267.35868256455376,261.82618247447147,264.6361999511719,37047900
2023-02-15 00:00:00-05:00,261.54618038787015,263.89534271397224,259.4601911138888,262.52093505859375,28922400
2023-02-16 00:00:00-05:00,257.354723160625,260.00605711365523,255.2882479724247,255.5319366455078,29603600
2023-02-17 00:00:00-05:00,252.84162161049076,253.52393201360653,249.53718908576167,251.54518127441406,30000100
2023-02-21 00:00:00-05:00,248.05557870006874,249.04009049318063,245.2385381346892,246.29127502441406,28397400
2023-02-22 00:00:00-05:00,247.67539109703995,247.91907974541917,244.02006137135174,245.1605224609375,22491100
2023-02-23 00:00:00-05:00,249.1083064975943,250.35599131241563,244.15655088158258,248.3382568359375,29219100
2023-02-24 00:00:00-05:00,243.649683795455,244.66342210762315,241.8366395147742,242.92835998535156,24990900
2023-02-27 00:00:00-05:00,246.08655835575647,246.43747061453573,243.09405452761465,243.84461975097656,21190000
2023-02-28 00:00:00-05:00,242.78216630386783,245.1410709516809,242.4507383937105,243.12332153320312,22491000
2023-03-01 00:00:00-05:00,244.4294802167035,244.59518672884,239.58494822729267,240.05284118652344,27565300
2023-03-02 00:00:00-05:00,240.32578121944115,245.0533327272031,239.4095093951341,244.77066040039062,24808200
2023-03-03 00:00:00-05:00,245.8233624681365,249.1667635730139,245.04355582130654,248.8450927734375,30760100
2023-03-06 00:00:00-05:00,249.9563289608396,253.55317601638902,249.51769234094775,250.38522338867188,24109800
2023-03-07 00:00:00-05:00,249.82960325303648,251.18452648625785,246.99307854410944,247.73388671875,21473200
2023-03-08 00:00:00-05:00,247.62668586676327,248.11406323334165,244.47823224326854,247.29527282714844,17340200
2023-03-09 00:00:00-05:00,249.36176055143883,253.0073336989174,245.22879516854297,245.9501190185547,26653400
2023-03-10 00:00:00-05:00,244.74141460422547,246.40823683070676,241.3492723748031,242.31427001953125,28333900
2023-03-13 00:00:00-04:00,241.1543148292338,251.39899658512076,239.52647621107045,247.5097198486328,33339700
2023-03-14 00:00:00-04:00,250.26825127577843,254.47919841708625,249.40072024994075,254.20626831054688,33620300
2023-03-15 00:00:00-04:00,253.41673923474747,259.7526448252449,252.66615907277222,258.7388916015625,46028000
2023-03-16 00:00:00-04:00,258.51466054625075,269.57813126600007,256.6333912973098,269.22723388671875,54768800
2023-03-17 00:00:00-04:00,271.2351947706092,276.1771774428226,269.34416867421294,272.3756408691406,69527400
2023-03-20 00:00:00-04:00,269.98756773899805,270.47494508940247,263.0375619626868,265.35748291015625,43466600
2023-03-21 00:00:00-04:00,267.9405526736913,268.05751846766043,262.7158524815854,266.8683166503906,34558700
2023-03-22 00:00:00-04:00,266.49788734137707,273.94502636302843,265.3086856035219,265.4159240722656,34873300
2023-03-23 00:00:00-04:00,270.9232901997897,273.9645197282161,268.2524721711086,270.6503601074219,36610900
2023-03-24 00:00:00-04:00,270.24098860593506,273.54542137989336,268.3304776871036,273.4869384765625,28172000
2023-03-27 00:00:00-04:00,273.41869458351096,274.35445077052975,268.56440544663616,269.4027099609375,26840200
2023-03-28 00:00:00-04:00,268.8275373568239,269.16870736281646,265.18193549577165,268.28167724609375,21878600
2023-03-29 00:00:00-04:00,271.9175487241211,274.0425364680911,271.3814455656998,273.4284362792969,25087000
2023-03-30 00:00:00-04:00,277.054537290587,277.27871183195333,274.3739618829966,276.8790588378906,25053400
2023-03-31 00:00:00-04:00,276.56709273827806,281.9672110110336,275.85551127583807,281.0216979980469,32766000
2023-04-03 00:00:00-04:00,279.28666261801845,280.9924830784479,276.7815660353918,279.978759765625,24883300
2023-04-04 00:00:00-04:00,279.9788092952923,283.1175206876223,278.4581943099055,279.9300537109375,25824300
2023-04-05 00:00:00-04:00,278.6336322553814,279.90080144519544,275.77760817176124,277.1617431640625,22064800
2023-04-06 00:00:00-04:00,276.0602584923825,284.7063275533511,274.91005513471964,284.23846435546875,29770300
2023-04-10 00:00:00-04:00,281.90875009189506,282.28891863830444,277.5223546944505,282.084228515625,23103000
2023-04-11 00:00:00-04:00,278.5361465748028,278.7603508575734,274.5299191651681,275.6898498535156,27276600
2023-04-12 00:00:00-04:00,277.60035917532724,279.76431548610367,274.84178711506826,276.3331604003906,27403400
2023-04-13 00:00:00-04:00,276.4306416753899,282.58134055975376,276.021261419223,282.5228576660156,24222700
2023-04-14 00:00:00-04:00,279.7545649448243,281.19721243469814,276.52812965920475,278.9162902832031,20987900
2023-04-17 00:00:00-04:00,282.6106635193612,284.2385171903197,278.93584848287077,281.5091857910156,23836200
2023-04-18 00:00:00-04:00,284.2092231464568,284.39442891149264,279.76434427989847,281.0899963378906,20161800
2023-04-19 00:00:00-04:00,278.7700510801762,281.75279769664104,277.3566747962618,281.16796875,17150300
2023-04-20 00:00:00-04:00,278.048779675469,281.7333512714664,277.88305828682746,278.8870544433594,23244400
2023-04-21 00:00:00-04:00,277.81486288712955,279.0430336532182,275.9140792116014,278.5459289550781,21676400
2023-04-24 00:00:00-04:00,274.9685142964532,277.75632784748706,271.6835961405842,274.6565856933594,26611000
2023-04-25 00:00:00-04:00,272.45369257019934,274.49092630001803,268.41819388016194,268.4669494628906,45772200
2023-04-26 00:00:00-04:00,289.20974000859206,292.0072813214267,285.3399625443694,287.9132995605469,64599200
2023-04-27 00:00:00-04:00,288.4981481341887,297.4951446738083,287.79632356423065,297.13446044921875,46462600
2023-04-28 00:00:00-04:00,296.33519048615636,301.13096702652024,295.6528502866571,299.5031433105469,36469600
2023-05-01 00:00:00-04:00,299.2204464922504,300.80930138647517,297.44638582832135,297.8460388183594,21294100
2023-05-02 00:00:00-04:00,299.9905085390908,301.3746435203023,296.237697087883,297.6998291015625,26404400
2023-05-03 00:00:00-04:00,298.8792272280922,300.81897921071857,296.41309947358855,296.71527099609375,22360800
2023-05-04 00:00:00-04:00,298.5088623937183,299.9905085390908,295.74056268414336,297.6998291015625,22519900
2023-05-05 00:00:00-04:00,298.001932290005,304.09414761571395,296.5885264355825,302.8074645996094,28197100
2023-05-08 00:00:00-04:00,302.3007412194647,302.36898120163,298.3627231030805,300.85809326171875,21318600
2023-05-09 00:00:00-04:00,300.2243882965187,302.21289582093056,298.5770507991459,299.2496337890625,21340800
2023-05-10 00:00:00-04:00,300.82884186341124,305.09827293430556,299.90284258938135,304.4256896972656,30078000
2023-05-11 00:00:00-04:00,302.2714311285641,303.2656701896078,298.5283767405059,302.2811584472656,31680200
2023-05-12 00:00:00-04:00,302.7099903393147,302.8074717362525,298.85972801100974,301.1698913574219,19774700
2023-05-15 00:00:00-04:00,301.2966551101867,302.07644689728147,299.82476613385916,301.6475524902344,16336500
2023-05-16 00:00:00-04:00,302.0082405576207,305.790293615096,302.0082405576207,303.8700256347656,26730300
2023-05-17 00:00:00-04:00,305.0715994717328,307.1621190650021,303.5574089684494,306.7420654296875,24315000
2023-05-18 00:00:00-04:00,307.2598287418547,311.665592368816,306.4685537852504,311.1575927734375,27276000
2023-05-19 00:00:00-04:00,309.41878833362847,311.382338265414,309.0573453697489,310.9818115234375,27546700
2023-05-22 00:00:00-04:00,311.2357518358931,315.1335157612651,310.65939292099665,313.756103515625,24115700
2023-05-23 00:00:00-04:00,312.63266399021563,315.26048835857114,307.9631525133489,307.9729309082031,30797200
2023-05-24 00:00:00-04:00,307.45521463229585,309.1842914063532,305.38419212471825,306.5955505371094,23384900
2023-05-25 00:00:00-04:00,315.7684295776219,319.3438337465016,312.60333039724634,318.3865051269531,43301700
2023-05-26 00:00:00-04:00,316.5304646832212,325.69365647680604,316.39371620012895,325.1954650878906,36630600
2023-05-30 00:00:00-04:00,327.4813593124993,327.9795506793169,322.88020682779495,323.55426025390625,29503100
2023-05-31 00:00:00-04:00,324.60928590262876,328.1749119576372,319.7639124360726,320.7994384765625,45950600
2023-06-01 00:00:00-04:00,318.396295279445,325.8206313081567,317.21427212946173,324.892578125,26773900
2023-06-02 00:00:00-04:00,326.5240179212979,329.6988961808169,324.86330044529166,327.6474304199219,25873800
2023-06-05 00:00:00-04:00,327.47159843712996,330.734392827561,326.924544875392,328.1749572753906,21307100
2023-06-06 00:00:00-04:00,327.5790489490728,327.61813272213266,324.49211655757586,325.9671936035156,20396200
2023-06-07 00:00:00-04:00,323.9841067025186,326.75845825838536,315.045609330463,315.9052734375,40717100
2023-06-08 00:00:00-04:00,316.45232513607897,319.0899281933469,315.8759662068324,317.7418212890625,23277700
2023-06-09 00:00:00-04:00,317.47800789711727,322.3624353785323,316.9114274266321,319.2364196777344,22529000
2023-06-12 00:00:00-04:00,320.98500885005564,324.4236647224886,317.6440772974819,324.179443359375,24260300
2023-06-13 00:00:00-04:00,326.738912078587,329.1909043563213,322.75323214002157,326.5630798339844,22951300
2023-06-14 00:00:00-04:00,326.61197582683593,331.20335074507136,325.11734183212303,329.5426330566406,26003800
2023-06-15 00:00:00-04:00,329.6793438273172,341.75363483053593,329.40581706772855,340.0538635253906,38899100
2023-06-16 00:00:00-04:00,343.19942687785715,343.3459537429244,334.04601435643656,334.4172058105469,46552000
2023-06-20 00:00:00-04:00,331.4670303403785,334.17299255500126,328.09676330100183,330.23614501953125,26375400
2023-06-21 00:00:00-04:00,328.59502188215436,329.92360187076076,324.39442550484875,325.8499755859375,25117800
2023-06-22 00:00:00-04:00,326.3970013361719,332.2583147464339,325.6350317853251,331.8577880859375,23556800
2023-06-23 00:00:00-04:00,326.6314360457984,330.1482299651682,325.74249643584824,327.27618408203125,23146900
2023-06-26 00:00:00-04:00,326.00625756335666,328.340998601614,320.8971352379601,321.0046081542969,21520600
2023-06-27 00:00:00-04:00,324.18919728458985,328.38004429209786,321.68837287006505,326.8365783691406,24354100
2023-06-28 00:00:00-04:00,326.9244790599475,330.1677458174573,326.0941204884159,328.08697509765625,20259500
2023-06-29 00:00:00-04:00,326.97337394490575,328.3410078355039,324.93168659890875,327.3055114746094,16997000
2023-06-30 00:00:00-04:00,329.94312088694005,334.8080220472076,329.4058457163647,332.66864013671875,26832800
2023-07-03 00:00:00-04:00,331.3498259032752,333.02029191600536,328.7903904255227,330.17755126953125,12508700
2023-07-05 00:00:00-04:00,327.3445342470537,333.75290026498266,326.99286980308096,330.33380126953125,18172400
2023-07-06 00:00:00-04:00,329.50350728576706,335.0619888415349,327.7451250968569,333.3817443847656,28161200
2023-07-07 00:00:00-04:00,331.47685037654594,333.8897591570252,329.210468483103,329.4253845214844,21214800
2023-07-10 00:00:00-04:00,326.8659348779879,327.48137758941004,320.0179571321777,324.1599426269531,32791400
2023-07-11 00:00:00-04:00,323.4077439781263,325.1661261312258,319.441590831674,324.78515625,26698200
2023-07-12 00:00:00-04:00,328.8196854554752,333.75294560855826,327.91118903960694,329.40582275390625,29995300
2023-07-13 00:00:00-04:00,331.711242452727,335.79461674267833,331.1837159282275,334.7395935058594,20567200
2023-07-14 00:00:00-04:00,339.55563567406386,343.3068725083686,336.35145234816736,337.25994873046875,28352700
2023-07-17 00:00:00-04:00,337.689815809939,338.9695335941496,334.29027291358,337.7386779785156,20363900
2023-07-18 00:00:00-04:00,337.8363124834503,358.30207642907544,334.26093764915,351.1805725097656,64738600
2023-07-19 00:00:00-04:00,353.38839928042864,354.08197977472815,344.293595867751,346.87255859375,39732900
2023-07-20 00:00:00-04:00,345.3974402048797,349.6957307761419,337.3869665581141,338.852294921875,33778400
2023-07-21 00:00:00-04:00,341.07959326630163,342.20300571747845,331.97501253322577,335.8239440917969,69405400
2023-07-24 00:00:00-04:00,337.85585009967554,338.9011247209187,334.3976671440658,337.1329345703125,26678100
2023-07-25 00:00:00-04:00,339.0867071747874,343.75624842360725,337.0938822455354,342.8672790527344,41637700
2023-07-26 00:00:00-04:00,333.5477989926325,336.70314999869004,325.41032580255074,329.9626159667969,58383700
2023-07-27 00:00:00-04:00,332.61000460063315,333.4403334728924,321.4441800463063,323.0755920410156,39635300
2023-07-28 00:00:00-04:00,325.9573926830905,332.1508430764587,325.4689499409115,330.5487365722656,28484900
2023-07-31 00:00:00-04:00,329.13228102338303,329.89425053304086,325.6545411607463,328.1553955078125,25446000
2023-08-01 00:00:00-04:00,327.4422614370604,330.7148339075202,325.9867115450311,328.565673828125,18311900
2023-08-02 00:00:00-04:00,325.9183675778276,325.9183675778276,318.81638974847687,319.9300537109375,27761300
2023-08-03 00:00:00-04:00,318.46468799733185,322.25500868577666,318.415855644904,319.10943603515625,18253700
2023-08-04 00:00:00-04:00,324.20875816253636,327.3934143700841,319.67599522143337,320.2035217285156,23741500
2023-08-07 00:00:00-04:00,320.7798736154958,323.45653023504116,319.94951501235715,322.4796447753906,17741500
2023-08-08 00:00:00-04:00,319.4025193112215,321.1511529476865,315.53406053871555,318.5135498046875,22327600
2023-08-09 00:00:00-04:00,318.9238148724649,319.5490060989431,313.62908227048086,314.7818298339844,22373300
2023-08-10 00:00:00-04:00,318.4842099187915,320.6724537793776,313.75608752866935,315.46563720703125,20113700
2023-08-11 00:00:00-04:00,312.8573931698293,314.9576912566164,311.8316453980151,313.5900573730469,24355500
2023-08-14 00:00:00-04:00,313.9612471638397,316.5695147707091,312.68149972344554,316.54998779296875,18836100
2023-08-15 00:00:00-04:00,315.5339822625221,317.5756691585243,313.48251697268347,314.4203186035156,16966300
2023-08-16 00:00:00-04:00,314.0484359824023,317.5922746110622,313.06948196765,313.6568603515625,20698900
2023-08-17 00:00:00-04:00,313.7938817302348,315.09587723168505,309.5549947446499,310.2109069824219,21257200
2023-08-18 00:00:00-04:00,307.8711973932979,311.679342341884,304.99307058455463,309.8193359375,24755000
2023-08-21 00:00:00-04:00,311.23880256380994,315.9769357985516,310.3675491383052,315.1056823730469,24040000
2023-08-22 00:00:00-04:00,318.6494284839002,319.2172084832267,314.6944471815671,315.67340087890625,16084600
2023-08-23 00:00:00-04:00,317.00482352144604,322.2715996929162,316.6523846218089,320.1178894042969,21166400
2023-08-24 00:00:00-04:00,325.84483270814246,325.97210150343915,313.2261017791745,313.23590087890625,23281400
2023-08-25 00:00:00-04:00,314.70429575926823,318.5124107055097,312.0904758312742,316.1825256347656,21684100
2023-08-28 00:00:00-04:00,318.8061314202153,319.2858092722639,314.949050654982,316.88739013671875,14808500
2023-08-29 00:00:00-04:00,315.1056925945481,322.056271402599,315.1056925945481,321.4982604980469,19284600
2023-08-30 00:00:00-04:00,321.7528000842896,322.86879202505213,319.57952117301215,321.8702697753906,15222100
2023-08-31 00:00:00-04:00,322.27160382501023,323.9456064626788,319.9025224771531,320.8619079589844,26411000
2023-09-01 00:00:00-04:00,324.33720272503615,325.00288418337306,319.9025429102048,321.74298095703125,14942000
2023-09-05 00:00:00-04:00,322.07577133856296,327.80265653043256,321.74293066142496,326.5299987792969,18553900
2023-09-06 00:00:00-04:00,326.3636224074877,327.42087936565457,323.23095829944674,325.8741455078125,17535800
2023-09-07 00:00:00-04:00,324.31766657043397,326.0699726529211,322.10522105530004,322.9667053222656,18381000
2023-09-08 00:00:00-04:00,323.14287386196446,329.0851309217736,322.5261281543159,327.2348937988281,19530100
2023-09-11 00:00:00-04:00,330.1423875895978,331.29757584054045,328.37048350695864,330.8276672363281,16583300
2023-09-12 00:00:00-04:00,328.7522562072044,329.70184254177326,324.5036005080368,324.7874755859375,17565500
2023-09-13 00:00:00-04:00,324.33721264984047,329.76062559468676,324.2001746396606,328.98724365234375,16544400
2023-09-14 00:00:00-04:00,332.01219710477335,333.68619984765456,329.48650927999284,331.5716857910156,20267000
2023-09-15 00:00:00-04:00,329.82917548465673,330.29905425690873,322.7121612017879,323.2701721191406,37679800
2023-09-18 00:00:00-04:00,320.901090989623,323.44637721984947,319.49139491981464,322.13458251953125,16834200
2023-09-19 00:00:00-04:00,319.30542861366945,322.4576615829364,317.68036144314755,321.73321533203125,16505900
2023-09-20 00:00:00-04:00,322.5750579775089,322.65336113195434,313.7644742751729,314.01898193359375,21436500
2023-09-21 00:00:00-04:00,312.54080796824985,318.50263318201627,308.37045511046944,312.80511474609375,35560400
2023-09-22 00:00:00-04:00,314.5575157936644,314.6847845974936,309.49631031819246,310.3382263183594,21447900
2023-09-25 00:00:00-04:00,309.9269765789233,310.9842634015669,308.3704436389246,310.85699462890625,17836000
2023-09-26 00:00:00-04:00,308.4977104446982,309.2319257820145,303.49524107796117,305.5706481933594,26297600
2023-09-27 00:00:00-04:00,305.7272625333357,307.6851701509051,303.1722074325514,306.20697021484375,19410100
2023-09-28 00:00:00-04:00,304.4448414726015,308.84036447643473,302.9372740873856,307.0390930175781,19683600
2023-09-29 00:00:00-04:00,311.06255226407086,312.74635389934775,308.3508611473558,309.1046447753906,24147300
2023-10-02 00:00:00-04:00,309.6234991428816,315.1154453625428,308.5466440139972,315.0273132324219,20570000
2023-10-03 00:00:00-04:00,314.0777619824239,314.6260036436558,304.6602303826851,306.79437255859375,21033500
2023-10-04 00:00:00-04:00,307.4208356407086,313.3043570607618,307.3914682241067,312.2470703125,20720100
2023-10-05 00:00:00-04:00,312.3743346117822,313.24561775068076,308.2725161916583,312.6386413574219,16965600
2023-10-06 00:00:00-04:00,309.8878196065806,322.2618102249638,309.6430811517103,320.3724365234375,25673600
2023-10-09 00:00:00-04:00,317.9152372482106,323.34841872912307,316.37827265710837,322.8785400390625,19891200
2023-10-10 00:00:00-04:00,323.994495382077,324.13156323480194,320.77375934657937,321.4786071777344,20557100
2023-10-11 00:00:00-04:00,324.23927254305164,325.81540366125716,322.21286092721374,325.423828125,20063200
2023-10-12 00:00:00-04:00,323.6127285250308,326.60832442688536,321.8016582231825,324.1903076171875,19313100
2023-10-13 00:00:00-04:00,325.38471034218486,326.80417560812504,319.49138859402285,320.83258056640625,21072400
2023-10-16 00:00:00-04:00,324.0826582883067,329.06555964733286,323.6421469834392,325.63922119140625,22158000
2023-10-17 00:00:00-04:00,322.6534242330698,326.4419711859503,320.51931182231954,325.0714416503906,18338500
2023-10-18 00:00:00-04:00,325.4923600401383,328.5271229876209,321.3905409680336,323.1624450683594,23153600
2023-10-19 00:00:00-04:00,325.1595033838665,329.78996567974724,323.9456102144574,324.34698486328125,25052100
2023-10-20 00:00:00-04:00,324.7385967213242,324.93439945615916,318.60056637565555,319.7948913574219,25027700
2023-10-23 00:00:00-04:00,318.620090545015,325.7273046053134,317.5628335992071,322.3890686035156,24374700
2023-10-24 00:00:00-04:00,324.32742268148115,324.8560661648909,320.7053110922139,323.5736389160156,31153600
2023-10-25 00:00:00-04:00,337.7586697804962,338.91385810810175,330.5144167677778,333.500244140625,55053800
2023-10-26 00:00:00-04:00,333.3729254857893,334.4399815109655,320.05914822735156,320.9891662597656,37828500
2023-10-27 00:00:00-04:00,323.4757210351802,329.63334926048014,321.4884458683103,322.8687744140625,29856500
2023-10-30 00:00:00-04:00,326.39299310170355,332.3058824741977,324.84622935304117,330.2109069824219,22828100
2023-10-31 00:00:00-04:00,331.71852577091533,331.865362876774,327.64607407506094,330.99407958984375,20265300
2023-11-01 00:00:00-04:00,332.63879111171514,340.1082149810744,332.50172321029675,338.78662109375,28158800
2023-11-02 00:00:00-04:00,339.93194035995595,341.48847346531505,337.5139230484177,340.9892272949219,24348100
2023-11-03 00:00:00-04:00,342.2716414539088,346.93147136857294,340.02002965992455,345.3749084472656,23637700
2023-11-06 00:00:00-05:00,346.0112331411466,350.01515060483416,345.9133317859224,349.0263977050781,23828300
2023-11-07 00:00:00-05:00,351.83600759444016,354.83160398439014,350.1032700356418,352.9422302246094,25833900
2023-11-08 00:00:00-05:00,354.0680317747925,356.2119431597548,352.9618091115113,355.5560607910156,26767800
2023-11-09 00:00:00-05:00,354.67500901172906,357.11262469595323,352.7758359325908,353.0989074707031,24847300
2023-11-10 00:00:00-05:00,353.88202716517856,362.31083557483976,353.47088326732273,361.889892578125,28042100
2023-11-13 00:00:00-05:00,360.4704270478989,360.7151655370174,358.1992466988061,358.96282958984375,19986500
2023-11-14 00:00:00-05:00,363.20168005612413,364.1218990717547,359.61870535436486,362.47723388671875,27683900
2023-11-15 00:00:00-05:00,364.20368992773217,366.0184363495822,360.1131537221127,362.6243896484375,26860100
2023-11-16 00:00:00-05:00,363.88976551430744,369.17705042836303,363.12463294088235,369.00048828125,27182300
2023-11-17 00:00:00-05:00,366.4892814424939,367.23480603716206,360.0052770614011,362.80096435546875,40157000
2023-11-20 00:00:00-05:00,364.1448542442713,371.64904556813445,363.9290460653395,370.2463073730469,52465100
2023-11-21 00:00:00-05:00,368.51001608638865,369.0495215118682,364.04671781694736,365.9595642089844,28423100
2023-11-22 00:00:00-05:00,370.7956031427492,372.5514954656195,367.8233538705503,370.6484680175781,23345300
2023-11-24 00:00:00-05:00,370.1383806452385,370.766197129462,367.99014782412655,370.2364807128906,10176600
2023-11-27 00:00:00-05:00,369.5988734413345,373.38532049617334,369.02994094912424,371.39398193359375,22179200
2023-11-28 00:00:00-05:00,371.1389079636444,375.7002760855908,370.9525268417298,375.406005859375,20453100
2023-11-29 00:00:00-05:00,376.4458170169272,376.9755034472532,370.24626453575155,371.62939453125,28963400
2023-11-30 00:00:00-05:00,371.2763156204023,372.84582706432604,368.3138848477526,371.6883239746094,30554400
2023-12-01 00:00:00-05:00,369.57924804408185,370.95255911244834,364.23310896058763,367.37213134765625,33040500
2023-12-04 00:00:00-05:00,362.0652461744231,362.47722453595185,355.9834013927852,362.1044921875,32063300
2023-12-05 00:00:00-05:00,359.46578625799856,365.9693989437116,358.65158858882313,365.4200744628906,23065000
2023-12-06 00:00:00-05:00,366.4206145498899,367.04840106048385,361.0156214613024,361.77093505859375,21182100
2023-12-07 00:00:00-05:00,361.21181439248187,364.3704447283438,359.3382140130918,363.8799743652344,23118900
2023-12-08 00:00:00-05:00,362.16337240300305,367.3231008977417,361.2118585847211,367.0975036621094,20154400
2023-12-11 00:00:00-05:00,361.4570971757964,364.51762785490314,359.1224531501872,364.22332763671875,27708800
2023-12-12 00:00:00-05:00,363.781939239626,367.28390544194406,363.39935791886194,367.2446594238281,24838300
2023-12-13 00:00:00-05:00,368.8533485777596,370.4424978188213,363.70340938140794,367.23480224609375,30955500
2023-12-14 00:00:00-05:00,366.19500581642444,366.63644114858533,357.18997650221536,358.9556579589844,43277500
2023-12-15 00:00:00-05:00,359.858129570657,365.30233890168853,359.29898614385536,363.6641845703125,78502300
2023-12-18 00:00:00-05:00,362.4086448703857,365.89097325811696,361.65330118213683,365.5476379394531,21802900
2023-12-19 00:00:00-05:00,364.40968123442,366.1459655761719,362.79113493260104,366.1459655761719,20603700
2023-12-20 00:00:00-05:00,367.8527381502504,368.8631058069324,363.46793231406207,363.55621337890625,26316700
2023-12-21 00:00:00-05:00,365.45926060979707,367.2740068711911,362.98730085105643,366.42059326171875,17708000
2023-12-22 00:00:00-05:00,366.557985599773,368.0293969388241,365.60647173641576,367.4408264160156,17107500
2023-12-26 00:00:00-05:00,367.8527728468658,369.7558002532684,366.38136175547834,367.5192565917969,12673100
2023-12-27 00:00:00-05:00,366.56772847108294,367.9116124252774,365.7044958750045,366.94049072265625,14905400
2023-12-28 00:00:00-05:00,368.2157530058411,369.2849749136942,367.02882298863733,368.1274719238281,14327000
2023-12-29 00:00:00-05:00,368.8337398258849,369.9716347431921,366.361779793351,368.87298583984375,18730800
