datetime,open,high,low,close,volume
2020-01-02 00:00:00-05:00,295.672721478946,296.90644827655234,294.74970630853255,296.8881530761719,59151200
2020-01-03 00:00:00-05:00,293.49771070903796,295.76411231173057,293.442880886225,294.6400451660156,77709700
2020-01-06 00:00:00-05:00,292.8854243272233,295.8463743777095,292.76661707449347,295.7641296386719,55653900
2020-01-07 00:00:00-05:00,295.19752718117184,295.67275622250656,294.4847115081981,294.9325256347656,40496400
2020-01-08 00:00:00-05:00,295.12444534201336,297.7198263343244,294.87771109631456,296.50439453125,68296000
2020-01-09 00:00:00-05:00,298.06713678048754,298.5880481404525,297.48224797862525,298.5149230957031,48473300
2020-01-10 00:00:00-05:00,299.09974925042434,299.2550911321721,297.1897692196359,297.65582275390625,53029300
2020-01-13 00:00:00-05:00,298.2772800531271,299.7120310890485,297.8477611357546,299.7029113769531,47086800
2020-01-14 00:00:00-05:00,299.2641779536659,300.3151199538499,298.6884369921767,299.24591064453125,62832800
2020-01-15 00:00:00-05:00,299.15450437501033,300.68064734274424,299.07225965420616,299.9221496582031,72056600
2020-01-16 00:00:00-05:00,301.3020729180111,302.4169921875,301.0736060831897,302.4169921875,54050300
2020-01-17 00:00:00-05:00,303.12999249847564,303.5686312399201,302.3531992084545,303.35845947265625,95846000
2020-01-21 00:00:00-05:00,302.398801777143,303.56855126120206,302.3257046358388,302.76434326171875,77742400
2020-01-22 00:00:00-05:00,303.62340922666306,304.2722754026212,302.64559193983825,302.8009338378906,48914900
2020-01-23 00:00:00-05:00,302.1520504997015,303.55941441938006,301.0371309067921,303.1481628417969,51963000
2020-01-24 00:00:00-05:00,303.80614634423307,303.88839108132504,299.1636833310754,300.4522399902344,87578400
2020-01-27 00:00:00-05:00,295.2065895983411,297.11656914672125,294.86846311743926,295.6361083984375,84062500
2020-01-28 00:00:00-05:00,297.0617682289767,299.6114663707145,295.72752948381543,298.7341613769531,63834000
2020-01-29 00:00:00-05:00,300.0959653632685,300.3244323534179,298.28649676123206,298.487548828125,53888900
2020-01-30 00:00:00-05:00,296.4220989348696,299.66634584075405,295.67274865407313,299.4561462402344,75491800
2020-01-31 00:00:00-05:00,298.83471866925794,298.99008843943227,293.104778599044,294.0186462402344,113845600
2020-02-03 00:00:00-05:00,295.49912122993766,298.0670871911225,295.3803139687608,296.2027893066406,69083000
2020-02-04 00:00:00-05:00,299.81259553758144,301.5855011806518,299.4927362514343,300.7173156738281,62573200
2020-02-05 00:00:00-05:00,303.6507933581962,304.4001715229161,302.18862743263116,304.1899719238281,65951100
2020-02-06 00:00:00-05:00,305.14955406449695,305.40543589404376,304.1351464583818,305.2135314941406,50359700
2020-02-07 00:00:00-05:00,304.1534770985751,305.22268676878366,303.0385573065691,303.5868835449219,64139400
2020-02-10 00:00:00-05:00,302.700414075177,305.91721840038207,302.6638515575527,305.8532409667969,42070000
2020-02-11 00:00:00-05:00,307.2057455520756,307.99165832638704,305.8532114209266,306.3832702636719,54864500
2020-02-12 00:00:00-05:00,307.81800184241695,308.5673799444257,307.4524603916157,308.3572082519531,43992700
2020-02-13 00:00:00-05:00,306.93160682994335,308.9969568539677,306.6574576626084,308.02825927734375,54501900
2020-02-14 00:00:00-05:00,308.4394837726626,308.6405357740244,307.24231936560784,308.521728515625,64582200
2020-02-18 00:00:00-05:00,307.52563255819723,308.58572245034776,306.33758779968736,307.7266845703125,57226200
2020-02-19 00:00:00-05:00,308.6953514933789,309.8742206443196,308.41205476200304,309.1979675292969,48814700
2020-02-20 00:00:00-05:00,308.64960860364215,309.4721116863874,304.9393086876562,307.92767333984375,74163400
2020-02-21 00:00:00-05:00,306.5751180835918,306.8858296734732,303.93402773606726,304.75653076171875,113788200
2020-02-24 00:00:00-05:00,295.307216805096,304.82970245486194,293.5708458942109,294.64923095703125,161088400
2020-02-25 00:00:00-05:00,296.0383395057608,296.65061531833436,284.8434588747355,285.72076416015625,218913200
2020-02-26 00:00:00-05:00,287.1188663037413,290.7103586583062,283.9386254537844,284.6697082519531,194773800
2020-02-27 00:00:00-05:00,279.1500278323521,284.7246265399028,271.8847961425781,271.8847961425781,284353500
2020-02-28 00:00:00-05:00,263.833594623337,272.23204033235453,260.9457695802284,270.742431640625,384975800
2020-03-02 00:00:00-05:00,272.5244028949452,282.53126257074877,269.0973999770701,282.46728515625,238703600
2020-03-03 00:00:00-05:00,282.84206278668677,286.8082453931347,271.9396274475978,274.379638671875,300139100
2020-03-04 00:00:00-05:00,279.7531390923097,286.1319448399597,277.20344073550206,285.91259765625,176613400
2020-03-05 00:00:00-05:00,278.71135042930734,281.9007394258582,274.1694273459628,276.40838623046875,186366800
2020-03-06 00:00:00-05:00,267.9003132173233,273.0453928793516,265.231835125878,271.8390808105469,228667200
2020-03-09 00:00:00-04:00,251.58774146183126,259.71203788804456,249.8971086973447,250.60992431640625,309417300
2020-03-10 00:00:00-04:00,260.12327944250404,263.6690622000133,249.94278128953638,263.57769775390625,276444100
2020-03-11 00:00:00-04:00,256.5226906304821,257.6558777250476,247.54850256040214,250.72874450683594,255316300
2020-03-12 00:00:00-04:00,233.95011542645673,243.69194779831977,226.3467299817304,226.7397003173828,392220700
2020-03-13 00:00:00-04:00,240.4294279591931,248.09679065094042,227.1143840334552,246.12283325195312,329566100
2020-03-16 00:00:00-04:00,220.4065784730682,234.7725780910604,216.91561153342053,219.19114685058594,297240000
2020-03-17 00:00:00-04:00,223.93411978479276,234.10548499816915,216.65060754197967,231.02574157714844,262070500
2020-03-18 00:00:00-04:00,215.90122818946838,226.977299433706,208.380101478062,219.32823181152344,327597100
2020-03-19 00:00:00-04:00,218.64276736807867,226.07251351768835,212.21828089911446,219.7942352294922,289322000
2020-03-20 00:00:00-04:00,222.94361386702494,224.72694441324552,210.04665824854578,210.3224334716797,347158800
2020-03-23 00:00:00-04:00,209.76171566084122,211.13137648969655,200.6336404665036,204.94488525390625,326025200
2020-03-24 00:00:00-04:00,215.48853185396266,224.38679443586042,214.91860676820664,223.5135040283203,235494500
2020-03-25 00:00:00-04:00,225.09463160277366,235.64753271475618,220.3881202388159,226.8595733642578,299430300
2020-03-26 00:00:00-04:00,229.369162336313,241.57667533640435,228.9371176727837,240.1059112548828,257632800
2020-03-27 00:00:00-04:00,232.8162819931154,239.7473562360883,230.77556488684385,232.95416259765625,224341200
2020-03-30 00:00:00-04:00,235.05001734341474,241.23650788451303,233.0552652380832,240.51950073242188,171369500
2020-03-31 00:00:00-04:00,239.51752951061562,242.06381801054945,235.52802532472109,236.93446350097656,194881100
2020-04-01 00:00:00-04:00,227.95348423990177,236.85174851191033,224.20297754937033,226.27127075195312,189554600
2020-04-02 00:00:00-04:00,225.38879163266066,232.27390045217555,224.83724120524906,231.4925537109375,177660400
2020-04-03 00:00:00-04:00,230.50898872250409,232.8622586960982,225.4163970895069,228.14654541015625,135561200
2020-04-06 00:00:00-04:00,237.0171664651333,245.43741989221715,228.12810503836027,243.47023010253906,188061200
2020-04-07 00:00:00-04:00,252.06517485811415,252.81895953411126,243.49786638414741,243.71847534179688,201427200
2020-04-08 00:00:00-04:00,246.31991721822396,253.7106259149399,243.82878088383262,251.89971923828125,153774500
2020-04-09 00:00:00-04:00,255.16303317810022,258.49071084159345,253.22344715493466,255.7329864501953,189999200
2020-04-13 00:00:00-04:00,254.7586352756574,255.09875018556286,249.49137070961035,253.3981475830078,114839100
2020-04-14 00:00:00-04:00,258.2884851590157,261.89189610685975,253.26023306323893,260.8715515136719,134143400
2020-04-15 00:00:00-04:00,255.15381785852156,261.0093805310118,253.21420410146158,255.32847595214844,121775000
2020-04-16 00:00:00-04:00,256.60628411021946,257.4152211975013,253.49006970924398,256.5603332519531,131798300
2020-04-17 00:00:00-04:00,262.33311040568213,264.09803815159717,259.5937609848719,263.4913635253906,146684800
2020-04-20 00:00:00-04:00,259.78676762850023,263.629217542873,258.628542678586,258.8491516113281,100109300
2020-04-21 00:00:00-04:00,254.3817654661284,255.58596984758907,250.05211686560943,250.98976135253906,126385700
2020-04-22 00:00:00-04:00,255.87090205979615,258.3068866614787,254.5471919266126,256.5603332519531,92951600
2020-04-23 00:00:00-04:00,257.8380038199027,261.0093977789953,256.23853280732754,256.5418701171875,104709700
2020-04-24 00:00:00-04:00,258.0586148072076,260.7887625327662,256.0086966523413,260.1177062988281,85063200
2020-04-27 00:00:00-04:00,262.09412629154366,264.98973134296574,261.6345055515394,263.8682556152344,77896600
2020-04-28 00:00:00-04:00,267.51764391278255,267.86696016171067,262.35151131258954,262.6548767089844,105270000
2020-04-29 00:00:00-04:00,267.9863822215948,271.06584580976937,266.9568365802622,269.53070068359375,118745600
2020-04-30 00:00:00-04:00,268.1519197995434,269.63191314520935,265.2838909183048,267.0212707519531,122901700
2020-05-01 00:00:00-04:00,262.26881020124006,267.1867582133852,258.78487679464763,259.95233154296875,125180000
2020-05-04 00:00:00-04:00,258.06784244223917,260.9726488665371,256.58787713450204,260.6693115234375,80873200
2020-05-05 00:00:00-04:00,263.4914287350549,265.89063587333334,260.7980294956221,263.0777587890625,79569900
2020-05-06 00:00:00-04:00,264.7783672298479,265.1644330051455,260.8623889050886,261.29443359375,73632600
2020-05-07 00:00:00-04:00,264.5117718579719,266.37783119413643,263.9418465513149,264.4474182128906,75250400
2020-05-08 00:00:00-04:00,267.5819556045888,269.29175906737254,266.45127866866704,268.82293701171875,76452400
2020-05-11 00:00:00-04:00,266.892578270506,270.2570055839343,266.4697350281808,268.8781433105469,79514200
2020-05-12 00:00:00-04:00,270.0639145922281,270.4775563533977,263.38101225836226,263.5189208984375,95870800
2020-05-13 00:00:00-04:00,262.95817645676516,263.9969236633219,256.43155730782263,258.8583679199219,144721100
2020-05-14 00:00:00-04:00,256.42244422191715,262.08494754129237,250.94374432958452,261.9562683105469,121977900
2020-05-15 00:00:00-04:00,259.5662538142252,263.2064428035135,258.61943606022,263.1604919433594,111146300
2020-05-18 00:00:00-04:00,269.383676574657,272.78488091937567,269.0619645324173,271.17620849609375,119703800
2020-05-19 00:00:00-04:00,270.57879087156795,272.28856691039573,268.3726164766487,268.3909912109375,95189300
2020-05-20 00:00:00-04:00,271.9300337939139,273.81446769296434,271.7002234133943,272.95037841796875,85861700
2020-05-21 00:00:00-04:00,272.82167247031106,273.63060941899073,269.97201842037936,271.06591796875,78293900
2020-05-22 00:00:00-04:00,270.78095292638466,271.75534659131654,269.5399713937195,271.5806884765625,63958200
2020-05-26 00:00:00-04:00,277.5466019109484,277.7856136973342,271.59910780063615,274.9267578125,88951400
2020-05-27 00:00:00-04:00,277.7212306525081,279.0541420158943,272.8952128963509,279.0173645019531,104817400
2020-05-28 00:00:00-04:00,280.0469129571108,282.0600540546706,277.8315376106127,278.5025939941406,90405200
2020-05-29 00:00:00-04:00,278.03375713092686,280.3318607230198,275.28523421175083,279.7435607910156,119090800
2020-06-01 00:00:00-04:00,279.100077323199,281.48090925059915,278.58530436878937,280.87420654296875,55758300
2020-06-02 00:00:00-04:00,281.7934214913829,283.24583851794176,280.4605383804992,283.1998596191406,74267200
2020-06-03 00:00:00-04:00,285.18548024177693,287.92483007098406,284.9097190069347,286.96881103515625,92567600
2020-06-04 00:00:00-04:00,285.9852774610932,287.7226577738084,284.1192178954162,286.215087890625,75794400
2020-06-05 00:00:00-04:00,291.6109815909454,295.324696931107,291.5466279553278,293.5505676269531,150524700
2020-06-08 00:00:00-04:00,294.3595270647997,297.2919098216804,293.81717792255563,297.098876953125,73641200
2020-06-09 00:00:00-04:00,294.4329755410005,297.1723246989423,293.56888647953616,294.8834228515625,77479200
2020-06-10 00:00:00-04:00,295.46261387215606,296.3542792450485,292.52102986489626,293.238037109375,95000800
2020-06-11 00:00:00-04:00,286.3069990386874,286.9412780271555,275.7816988829913,276.3332214355469,209243600
2020-06-12 00:00:00-04:00,283.34693642916073,284.11909577413104,274.4854646628665,279.64239501953125,194678900
2020-06-15 00:00:00-04:00,273.9523329194972,283.38375938311225,272.7757049594633,282.2530822753906,135782700
2020-06-16 00:00:00-04:00,290.0023281440216,290.149410155266,282.82305403498947,287.6858215332031,137627500
2020-06-17 00:00:00-04:00,288.7061588750805,289.0003228615567,285.75537372521586,286.49078369140625,83398900
2020-06-18 00:00:00-04:00,284.9740877759043,287.0791307706854,284.5144669914152,286.60113525390625,80828700
2020-06-19 00:00:00-04:00,290.0690318089014,290.2629141511341,283.0151069995311,284.9632568359375,135549600
2020-06-22 00:00:00-04:00,284.36307218217655,287.18832733403883,283.21820564851276,286.79132080078125,74649400
2020-06-23 00:00:00-04:00,289.4411072237713,290.3736357062622,287.70532390749855,288.111572265625,68471200
2020-06-24 00:00:00-04:00,286.07110475847367,286.68971915216207,278.9248757908203,280.76220703125,132813500
2020-06-25 00:00:00-04:00,280.18970867662165,284.0398251388573,278.16770932383406,283.7720642089844,89468000
2020-06-26 00:00:00-04:00,282.67346196626374,282.8858280526824,276.4505185694108,277.03216552734375,127961000
2020-06-29 00:00:00-04:00,278.2878684607212,281.2423692160098,275.9981071297797,281.1038818359375,79773300
2020-06-30 00:00:00-04:00,280.66989282570773,286.4035230684894,280.5129498778858,284.70465087890625,113394800
2020-07-01 00:00:00-04:00,285.8218691543317,287.96390105074033,285.360225806475,286.698974609375,72396500
2020-07-02 00:00:00-04:00,290.13361923832963,291.4816381800891,287.61306444434035,288.27783203125,69344200
2020-07-06 00:00:00-04:00,292.1001687186121,293.30967187564966,291.35230884827496,292.7279968261719,61713800
2020-07-07 00:00:00-04:00,291.1861878161966,293.1620068643434,289.3303723806456,289.70892333984375,82910000
2020-07-08 00:00:00-04:00,290.4752376937071,292.03559459185783,288.7117847552177,291.9248046875,54638600
2020-07-09 00:00:00-04:00,292.5341865760372,292.77425016071106,286.8467365020925,290.2629089355469,83354200
2020-07-10 00:00:00-04:00,290.1982140439162,293.49435402565143,288.767131059591,293.2265930175781,57550400
2020-07-13 00:00:00-04:00,295.5717862583092,297.9538536311134,290.0320658619064,290.6875915527344,102997500
2020-07-14 00:00:00-04:00,289.2656652398442,295.23011664805574,288.0654039937912,294.4545593261719,93657000
2020-07-15 00:00:00-04:00,297.6767976966858,298.2584726879043,294.77766462187236,297.1597595214844,87196500
2020-07-16 00:00:00-04:00,295.2578352089557,296.6335232521369,294.61152330631586,296.1811218261719,54622500
2020-07-17 00:00:00-04:00,297.18755470615184,297.8246248415815,295.21170746259276,297.0398254394531,62774900
2020-07-20 00:00:00-04:00,296.771995900972,300.1881674859498,296.0241360322097,299.4403076171875,56308800
2020-07-21 00:00:00-04:00,301.40698886705917,301.850148500667,299.0895299692351,300.07745361328125,57292200
2020-07-22 00:00:00-04:00,299.71736895948897,302.09946478128,299.6065790471225,301.7855224609375,57792900
2020-07-23 00:00:00-04:00,301.42537631818345,302.1270831480681,296.8181852176336,298.18463134765625,75738000
2020-07-24 00:00:00-04:00,296.32879697000857,297.2889945895657,294.7591987366895,296.26416015625,73766600
2020-07-27 00:00:00-04:00,296.95669073754914,298.60013985296814,296.16264956413676,298.4247131347656,48293000
2020-07-28 00:00:00-04:00,297.69530442770673,298.81250154862204,296.2365239348657,296.531982421875,57495000
2020-07-29 00:00:00-04:00,297.4090950917843,300.74217459378013,297.37215573588736,300.178955078125,48454200
2020-07-30 00:00:00-04:00,297.2059723944225,299.5234309444589,295.1193636875488,299.1079406738281,61861700
2020-07-31 00:00:00-04:00,300.8990939222795,301.5731032762325,296.6796674453573,301.4715270996094,84986800
2020-08-03 00:00:00-04:00,303.13349796893095,304.33375941571626,302.5887621937607,303.56744384765625,53077900
2020-08-04 00:00:00-04:00,302.7087786426871,304.7400207519531,302.7087786426871,304.7400207519531,41917900
2020-08-05 00:00:00-04:00,306.0418625918955,306.89129880632356,305.77410154284553,306.63275146484375,42697700
2020-08-06 00:00:00-04:00,306.0510592360944,308.8024353334043,305.7279032834886,308.6824035644531,43679400
2020-08-07 00:00:00-04:00,307.71297454516787,309.1902388250722,306.8081434818142,308.9040222167969,57308300
2020-08-10 00:00:00-04:00,309.3563548854789,310.0118803738786,307.41744771018335,309.8272399902344,44282100
2020-08-11 00:00:00-04:00,311.0091648796552,311.64623502713425,306.54046013928667,307.26983642578125,69601100
2020-08-12 00:00:00-04:00,309.70729014184826,312.3294209653016,309.67959266815404,311.5538635253906,53774400
2020-08-13 00:00:00-04:00,310.7874764150394,312.30167990291056,310.06731402303166,310.9906005859375,41816100
2020-08-14 00:00:00-04:00,310.6028714247222,311.5353999760587,309.87346706744495,310.9998779296875,47260400
2020-08-17 00:00:00-04:00,312.01552096127307,312.3848300193641,311.00914180297326,311.9878234863281,35481000
2020-08-18 00:00:00-04:00,312.38480129876183,313.0865081681524,310.7875052531915,312.66180419921875,38733900
2020-08-19 00:00:00-04:00,313.04037642109654,313.5574147719256,310.79679627269803,311.3600158691406,68054200
2020-08-20 00:00:00-04:00,309.63345783177203,312.80956678157935,309.50421232732066,312.3294677734375,42207800
2020-08-21 00:00:00-04:00,311.9970225596553,313.658927181265,311.6553828469121,313.4373474121094,55106600
2020-08-24 00:00:00-04:00,315.8748181437234,316.68731488840734,313.4096586142327,316.61346435546875,48588700
2020-08-25 00:00:00-04:00,317.176669274047,317.804497448592,316.01331905096947,317.7214050292969,38463400
2020-08-26 00:00:00-04:00,318.3123051250386,321.1744711148294,317.76756939870836,320.90673828125,50790200
2020-08-27 00:00:00-04:00,321.77464196751936,323.0579957694621,319.94652424244754,321.6084289550781,58034100
2020-08-28 00:00:00-04:00,322.63331982174736,323.8151257187456,321.4422720409016,323.68585205078125,48588900
2020-08-31 00:00:00-04:00,323.473470596124,324.3505759728523,322.28242297558756,322.51324462890625,66099200
2020-09-01 00:00:00-04:00,323.34417391191676,325.6523902806764,322.4485848337792,325.55084228515625,54908700
2020-09-02 00:00:00-04:00,327.4619953755422,331.2289914380152,326.3171010953146,330.2595520019531,69540000
2020-09-03 00:00:00-04:00,328.5700392045548,329.0409244463154,316.3087927397801,318.8940124511719,148011100
2020-09-04 00:00:00-04:00,319.5771810982591,321.14675134230083,309.18096542994215,316.290283203125,139156300
2020-09-08 00:00:00-04:00,310.8798493187982,316.3549607309717,307.3436737413122,307.6483459472656,114465300
2020-09-09 00:00:00-04:00,311.65542088332745,316.18876205705584,310.78752911291656,313.7236022949219,91462300
2020-09-10 00:00:00-04:00,315.5978402401596,316.25336585308577,307.3159581046872,308.27618408203125,90569500
2020-09-11 00:00:00-04:00,310.05816018485217,311.11993430191217,305.6079113300187,308.43316650390625,84680200
2020-09-14 00:00:00-04:00,311.6000466817608,314.26835900337574,308.58090905163016,312.4956359863281,65605700
2020-09-15 00:00:00-04:00,314.9515377853473,315.78249013570075,312.504833796234,314.0744323730469,52920900
2020-09-16 00:00:00-04:00,315.3116463788061,316.7427294770832,312.5510000169259,312.8280029296875,82096000
2020-09-17 00:00:00-04:00,307.9715369017324,311.79395770580686,307.4452566733784,310.0766296386719,91523300
2020-09-18 00:00:00-04:00,310.88219558209073,310.993428984105,304.02252899495534,306.5068359375,105877900
2020-09-21 00:00:00-04:00,301.9182318320632,303.2438101066205,298.2381099284634,303.0954895019531,99450800
2020-09-22 00:00:00-04:00,304.5786503731086,306.7385071760695,302.066507400489,306.18231201171875,63612100
2020-09-23 00:00:00-04:00,306.7385530033538,307.0166647717101,298.58111700501155,299.0816955566406,93112200
2020-09-24 00:00:00-04:00,297.7653565033435,302.9379070439711,296.44902874373327,299.8788757324219,76681300
2020-09-25 00:00:00-04:00,299.02605426843746,305.5149328939257,298.15471659342495,304.7270202636719,71069400
2020-09-28 00:00:00-04:00,308.8891253586317,310.5020659374077,307.8972472441894,309.7882995605469,64584600
2020-09-29 00:00:00-04:00,309.5843740782885,310.3259488282698,307.40595935248126,308.1011962890625,51304000
2020-09-30 00:00:00-04:00,308.7686699942234,313.5889914411936,308.57401154453265,310.437255859375,104081100
2020-10-01 00:00:00-04:00,313.03270872151455,314.0060289873834,310.5484025217798,312.43017578125,88698700
2020-10-02 00:00:00-04:00,307.4801391377748,312.4024144710618,307.0073689601297,309.4638671875,89431100
2020-10-05 00:00:00-04:00,311.52169201210114,315.1369175857961,311.4753542094507,314.9515380859375,45713100
2020-10-06 00:00:00-04:00,315.0906262164625,317.18561572731545,309.9644141027496,310.4742431640625,90128900
2020-10-07 00:00:00-04:00,313.4313231405762,316.6850408176242,313.40351479672364,315.8785705566406,56999600
2020-10-08 00:00:00-04:00,317.81595262377294,318.7429351145588,316.8982207211978,318.67803955078125,45242500
2020-10-09 00:00:00-04:00,320.3280798824177,321.9873865273389,319.7070174310904,321.5238952636719,59528600
2020-10-12 00:00:00-04:00,324.06378442537806,328.17030980233085,323.5724848688719,326.6964111328125,80388500
2020-10-13 00:00:00-04:00,326.55736813172996,326.73349705593574,323.60029192754826,324.5643615722656,73255500
2020-10-14 00:00:00-04:00,325.13912193436175,326.23295452878085,321.7927285846741,322.5250244140625,57727900
2020-10-15 00:00:00-04:00,318.61313237555913,322.60842450210197,318.07549499777156,322.12640380859375,60357700
2020-10-16 00:00:00-04:00,323.4797769752981,325.13908342610574,321.75560325500436,321.9317321777344,89501900
2020-10-19 00:00:00-04:00,323.1924104328647,323.8227516799886,316.1380878968359,317.0372619628906,68425600
2020-10-20 00:00:00-04:00,318.38145817763655,321.55175133899183,317.6213538922318,318.30731201171875,60051900
2020-10-21 00:00:00-04:00,318.2609093352829,320.43007341653833,317.39882234537475,317.7047424316406,63575000
2020-10-22 00:00:00-04:00,317.9179331532719,320.0314522737697,315.7766056873438,319.44744873046875,55399300
2020-10-23 00:00:00-04:00,320.6710851896819,320.7267018827422,318.0755452159894,320.53204345703125,49143900
2020-10-26 00:00:00-04:00,317.1485658849641,317.9365067637999,311.1139000222835,314.608642578125,91473000
2020-10-27 00:00:00-04:00,314.9515782824497,315.2852783983385,313.3108011782151,313.5240173339844,65994100
2020-10-28 00:00:00-04:00,307.8508925089764,313.5518292002192,302.3168058775529,302.80810546875,127094300
2020-10-29 00:00:00-04:00,303.0398986890324,309.05600697903935,301.3527834922928,305.8857421875,90597700
2020-10-30 00:00:00-04:00,304.30977868935224,305.61682725753553,299.04452548918334,302.69683837890625,120287300
2020-11-02 00:00:00-05:00,306.08966064453125,308.0919181320214,303.34577182679664,306.08966064453125,86068300
2020-11-03 00:00:00-05:00,309.32476105094173,313.5517985554668,306.1730265311478,311.493896484375,93294200
2020-11-04 00:00:00-05:00,315.97126216053266,322.5343145343358,314.7940044922087,318.4555969238281,126959700
2020-11-05 00:00:00-05:00,323.7393992214774,326.4740092498404,323.38714130170024,324.6663818359375,82039700
2020-11-06 00:00:00-05:00,324.3790079432216,325.8436562639265,322.26548878904805,324.59222412109375,74973000
2020-11-09 00:00:00-05:00,337.3938067723991,337.77387297534375,328.20740720794697,328.6708984375,172304200
2020-11-10 00:00:00-05:00,327.6791073823705,329.24571041717456,324.9167170262264,328.18896484375,85552000
2020-11-11 00:00:00-05:00,330.3765581914952,331.4518612889709,329.1344050330131,330.6268615722656,58649000
2020-11-12 00:00:00-05:00,329.61650016441143,330.67327403455096,325.611956349888,327.4195556640625,67546200
2020-11-13 00:00:00-05:00,329.3290771800801,332.6940283304285,328.80996922022456,331.95245361328125,62892200
2020-11-16 00:00:00-05:00,334.62207932756723,336.29063614433306,333.3335603575416,336.0959777832031,74541100
2020-11-17 00:00:00-05:00,333.68588866910596,335.49351584362677,332.17490268135197,334.2884216308594,66111000
2020-11-18 00:00:00-05:00,334.5573150999779,335.1042314744775,330.2282936319934,330.265380859375,70591300
2020-11-19 00:00:00-05:00,329.63500754078495,332.02661012404343,328.29087149861675,331.65582275390625,59940900
2020-11-20 00:00:00-05:00,331.3962385127505,331.60017579109797,329.3105279207122,329.3846740722656,70417300
2020-11-23 00:00:00-05:00,331.1923113139346,332.6198723058136,328.9582800615384,331.3591613769531,63230600
2020-11-24 00:00:00-05:00,333.9083515604822,337.2454941499389,333.05554351994675,336.6985778808594,62415900
2020-11-25 00:00:00-05:00,336.61515677967736,336.6429651228615,335.085641326032,336.1794738769531,45330900
2020-11-27 00:00:00-05:00,337.27323276830356,337.58840335197755,336.10522603114066,337.11566162109375,28514100
2020-11-30 00:00:00-05:00,336.33708795881,336.6059208367198,332.9443565005629,335.6233215332031,83872700
2020-12-01 00:00:00-05:00,338.8770337417267,340.8329534365879,338.28375130260855,339.2941589355469,74231400
2020-12-02 00:00:00-05:00,338.18177783063066,340.16550576049775,337.6070531807557,340.0079345703125,45927000
2020-12-03 00:00:00-05:00,339.90594329021474,341.30569594652076,338.81211070717654,339.91522216796875,62882000
2020-12-04 00:00:00-05:00,340.499217834335,342.844482421875,340.40651392671566,342.844482421875,50749900
2020-12-07 00:00:00-05:00,342.07505805149833,342.63125318672655,340.8699921662204,342.13995361328125,48944300
2020-12-08 00:00:00-05:00,340.86996459902065,343.7065284410971,340.8236267953573,343.1410827636719,42458900
2020-12-09 00:00:00-05:00,343.7992759610222,343.95684714487703,339.22925900105616,340.06353759765625,74098300
2020-12-10 00:00:00-05:00,338.6915597157027,340.9997368715385,337.8201939843313,339.9522705078125,57735400
2020-12-11 00:00:00-05:00,338.2559409711253,339.961585539684,336.7357042360189,339.5537109375,57698600
2020-12-14 00:00:00-05:00,341.7228478589244,342.7981226816186,337.8573183246596,338.033447265625,69216200
2020-12-15 00:00:00-05:00,340.5733606765333,342.60345458984375,339.2014446984404,342.60345458984375,63865300
2020-12-16 00:00:00-05:00,342.8166332702564,344.05878627456207,341.9359886865939,343.1410827636719,58420500
2020-12-17 00:00:00-05:00,344.7818226124563,345.26384325744056,343.9567947299327,345.0599060058594,64119500
2020-12-18 00:00:00-05:00,345.3485696719916,345.5161309651634,341.67136919379556,343.68218994140625,136542300
2020-12-21 00:00:00-05:00,339.76292408601836,352.3212124729903,337.0259763287473,342.45330810546875,96386700
2020-12-22 00:00:00-05:00,342.7791666961401,342.8908742196503,340.7497375927771,341.87615966796875,47949000
2020-12-23 00:00:00-05:00,342.844396393639,344.091844631818,341.8576085573205,342.1834411621094,46201400
2020-12-24 00:00:00-05:00,342.6581766510882,343.5425753213041,342.0717120912017,343.5146484375,26457900
2020-12-28 00:00:00-05:00,346.06537505500916,346.85667458893,345.4416652223988,346.4656982421875,39000400
2020-12-29 00:00:00-05:00,347.9924184877755,348.1692982115266,345.2182250819667,345.8047180175781,53680500
2020-12-30 00:00:00-05:00,346.62395879952305,347.33147772383484,345.90714985399984,346.2981262207031,49455300
2020-12-31 00:00:00-05:00,346.1026197103733,348.78371400805713,345.59061740637577,348.0575866699219,78520700
2021-01-04 00:00:00-05:00,349.38886325350404,349.51920765992713,339.6233739583343,343.3191833496094,110210800
2021-01-05 00:00:00-05:00,342.6768776337987,346.7729823473396,342.63031387884485,345.68377685546875,66426200
2021-01-06 00:00:00-05:00,344.17558324644114,350.9434912559952,343.62633562425066,347.7503662109375,107997700
2021-01-07 00:00:00-05:00,350.12428175085216,353.6618195734626,349.94740201873657,352.9170837402344,68766800
2021-01-08 00:00:00-05:00,354.3042096437855,355.14204466111744,351.0552586898645,354.9279479980469,71677200
2021-01-11 00:00:00-05:00,351.7533583363595,354.294789546003,351.6323323911676,352.53533935546875,51034700
2021-01-12 00:00:00-05:00,352.7216297535115,353.62460854416884,350.36633924065404,352.6098937988281,52547700
2021-01-13 00:00:00-05:00,352.53532382507234,354.5554342663169,351.7533428404121,353.5593566894531,45303600
2021-01-14 00:00:00-05:00,354.3041831146207,354.80689545132014,351.9861664446019,352.3212890625,49989100
2021-01-15 00:00:00-05:00,350.70140387922305,351.50199335982205,347.88999385755534,349.7518615722656,107160000
2021-01-19 00:00:00-05:00,352.20952068020125,353.0380654699637,350.72933922047633,352.49810791015625,51233300
2021-01-20 00:00:00-05:00,354.7882578373456,358.21411669110563,354.3972814506253,357.37628173828125,61836100
2021-01-21 00:00:00-05:00,357.93475983810305,358.36300987967786,356.7804109135132,357.7020263671875,47840100
2021-01-22 00:00:00-05:00,355.8494507545385,357.5996108721701,355.46776448123836,356.4359436035156,52860500
2021-01-25 00:00:00-05:00,357.1714317593944,358.1954363497445,352.3212455515999,357.8417053222656,70402000
2021-01-26 00:00:00-05:00,358.79128116207573,359.2008944003585,357.0504391042999,357.2831726074219,42665300
2021-01-27 00:00:00-05:00,353.95971902424606,354.05281810421934,346.3167590029396,348.5509948730469,123351100
2021-01-28 00:00:00-05:00,350.36627971281166,355.55158851320573,349.9287680398475,351.548583984375,94198100
2021-01-29 00:00:00-05:00,349.686639876068,350.6548189054019,342.83495288285974,344.5106506347656,126765100
2021-02-01 00:00:00-05:00,347.9086469202224,351.27862337041176,344.7993308471236,350.24530029296875,75817600
2021-02-02 00:00:00-05:00,353.4290462295083,356.7524870405597,350.32904887111556,355.19781494140625,64450700
2021-02-03 00:00:00-05:00,356.026389967423,357.19937586145977,354.2017673399159,355.4771423339844,52427100
2021-02-04 00:00:00-05:00,356.5104983071963,359.56396087599126,355.5888826824537,359.5174255371094,47142600
2021-02-05 00:00:00-05:00,361.3885805309923,361.6399224767463,359.47085881489795,360.9324035644531,48669800
2021-02-08 00:00:00-05:00,362.38465454642807,363.5855673167599,361.52821120762786,363.5390319824219,38365200
2021-02-09 00:00:00-05:00,362.7011552001997,363.89277790526904,362.29157040764335,363.2969665527344,35551100
2021-02-10 00:00:00-05:00,365.0378462808228,365.18679913439,360.7369356197839,363.13873291015625,59154400
2021-02-11 00:00:00-05:00,364.21861361632875,364.6375452854998,361.2954955929545,363.7252197265625,42913300
2021-02-12 00:00:00-05:00,362.9245980037026,365.7639351240039,362.8501073798465,365.52191162109375,50593300
2021-02-16 00:00:00-05:00,366.7507370926893,366.94625368053585,364.4885743748941,365.20538330078125,50972400
2021-02-17 00:00:00-05:00,363.45527392535223,365.54055704666837,362.440530839151,365.2892150878906,52290600
2021-02-18 00:00:00-05:00,362.6825372104316,364.47923283154506,360.9603038015021,363.7344970703125,59712800
2021-02-19 00:00:00-05:00,364.9913376306186,365.27992492742703,362.6453655277191,363.09222412109375,83241000
2021-02-22 00:00:00-05:00,360.3273043244353,362.7104930424211,360.0293986322245,360.29937744140625,67414200
2021-02-23 00:00:00-05:00,358.0930286391464,362.08674292738397,353.9410715012877,360.73687744140625,107284100
2021-02-24 00:00:00-05:00,359.64766215783163,365.1401946066292,358.6608745485557,364.7119445800781,72433900
2021-02-25 00:00:00-05:00,363.44588095381306,364.8143548239755,354.4809836013045,355.9239196777344,146670500
2021-02-26 00:00:00-05:00,357.804410993549,358.94944138294915,352.1071006945636,354.0899658203125,152701600
2021-03-01 00:00:00-05:00,358.95880058810565,363.92069420530373,354.28552261817083,362.6732177734375,105348800
2021-03-02 00:00:00-05:00,362.8966935413863,363.12942703807903,359.34051889355743,359.8432312011719,79595300
2021-03-03 00:00:00-05:00,359.1449583838965,360.11310908007255,354.9743647355209,355.0767822265625,119940200
2021-03-04 00:00:00-05:00,354.8906420427798,357.47863729094,346.19572234702065,350.6828308105469,183433000
2021-03-05 00:00:00-05:00,354.18320354797186,358.18623749306477,346.9033199879318,357.13427734375,152039600
2021-03-08 00:00:00-05:00,358.0930884659382,360.90449901744677,355.07687129081967,355.35614013671875,123149200
2021-03-09 00:00:00-05:00,359.2008783576128,362.9804680067196,358.69816605856334,360.4297180175781,113633600
2021-03-10 00:00:00-05:00,362.7756352759854,364.3675242968636,361.36062596963234,362.6732177734375,109899400
2021-03-11 00:00:00-05:00,365.14023058798864,368.3240087626398,364.6840536373491,366.3504333496094,86245000
2021-03-12 00:00:00-05:00,364.99129202536955,366.98347596763745,364.18138400908146,366.8438415527344,64653600
2021-03-15 00:00:00-04:00,367.0950750911458,369.29209340626124,364.9539389353393,369.03143310546875,73427200
2021-03-16 00:00:00-04:00,369.64598797533466,370.3534785306605,367.79340990754196,368.56610107421875,73722500
2021-03-17 00:00:00-04:00,367.28141575002945,370.6234656362169,366.13635662184026,369.8228759765625,97959300
2021-03-18 00:00:00-04:00,367.23487982898274,369.32016304138693,363.7624855423874,364.44207763671875,115349100
2021-03-19 00:00:00-04:00,364.1412876855865,365.7197211971754,361.59150389696646,363.7677001953125,113624500
2021-03-22 00:00:00-04:00,364.28136920712717,368.05466830965446,364.2253325103038,366.67236328125,73778600
2021-03-23 00:00:00-04:00,366.0372486874983,367.4849108087404,363.00180420504506,363.7863464355469,90686600
2021-03-24 00:00:00-04:00,365.1873437728255,366.8218139815274,361.8903850062456,361.93707275390625,97588600
2021-03-25 00:00:00-04:00,360.4987874842971,364.7670683556702,358.5560867809132,363.97320556640625,116128600
2021-03-26 00:00:00-04:00,365.12199148337254,370.2402289227248,364.5242571453707,369.838623046875,114409100
2021-03-29 00:00:00-04:00,368.362862908593,370.55772850073316,366.87783346614003,369.6517639160156,108107600
2021-03-30 00:00:00-04:00,368.381579616897,369.34358094645273,367.07398064220894,368.6711120605469,76262200
2021-03-31 00:00:00-04:00,369.2408322683644,371.7252304449524,369.2128139187483,370.16546630859375,112734200
2021-04-01 00:00:00-04:00,372.0988084552015,374.2189680327331,371.89333106228867,374.16290283203125,99682900
2021-04-05 00:00:00-04:00,376.8248104457492,380.07508186806007,376.7501043396407,379.5333557128906,91684800
2021-04-06 00:00:00-04:00,378.97289240238507,380.35516878606614,378.6366437530473,379.3091125488281,62021000
2021-04-07 00:00:00-04:00,379.1410247193097,380.0936770263506,378.68338221439245,379.74810791015625,55836300
2021-04-08 00:00:00-04:00,380.9995822514453,381.60666534774356,380.06559948701965,381.5506286621094,57863100
2021-04-09 00:00:00-04:00,381.4293215703808,384.4927845941178,381.3078992229351,384.32464599609375,61104600
2021-04-12 00:00:00-04:00,383.7269281507639,384.73561726762654,383.11984489042715,384.46478271484375,56704900
2021-04-13 00:00:00-04:00,384.36194139109745,386.22990699521483,383.9790050219062,385.6041259765625,56551000
2021-04-14 00:00:00-04:00,385.5761649966313,386.6315702804382,383.7455664130594,384.28729248046875,61659900
2021-04-15 00:00:00-04:00,386.42610852089956,388.68635987083064,386.3794207731198,388.4154968261719,60229800
2021-04-16 00:00:00-04:00,389.7044266833597,390.3208589152381,388.2847827117887,389.7137756347656,82037300
2021-04-19 00:00:00-04:00,388.77971032486425,389.2280038510843,386.472771544875,387.79901123046875,78498500
2021-04-20 00:00:00-04:00,386.5849297445035,387.68702290879025,383.4840991609738,384.9598083496094,81851800
2021-04-21 00:00:00-04:00,384.343304744254,388.80774177837327,384.20318450969165,388.6022644042969,66793000
2021-04-22 00:00:00-04:00,388.43414245658613,389.2653723743387,383.9883749549103,385.0531005859375,97582800
2021-04-23 00:00:00-04:00,385.61357852432894,390.6384119098377,385.5388724213667,389.22808837890625,73209200
2021-04-26 00:00:00-04:00,389.88182724622914,390.61033277407387,389.29341345395136,390.04058837890625,52182400
2021-04-27 00:00:00-04:00,390.3394793906885,390.53563632822335,388.81708265316865,389.95654296875,51303100
2021-04-28 00:00:00-04:00,390.2273883088753,391.3481791760754,389.3774604601128,389.8444519042969,51238900
2021-04-29 00:00:00-04:00,392.57164102555447,392.9452284294535,388.9477833516609,392.32879638671875,78544300
2021-04-30 00:00:00-04:00,390.05929844599274,390.90922633880604,388.8544524767412,389.7510681152344,85527000
2021-05-03 00:00:00-04:00,391.7404555728437,392.12339199652814,390.0966649892705,390.5916748046875,68128300
2021-05-04 00:00:00-04:00,388.602249482538,389.0972592506833,384.4927306617044,388.18194580078125,101591200
2021-05-05 00:00:00-04:00,389.82583314555814,390.05932889798106,387.74304077290196,388.3034362792969,60162200
2021-05-06 00:00:00-04:00,388.3781117451592,391.5349786293804,386.3700541332892,391.40423583984375,74321400
2021-05-07 00:00:00-04:00,392.17013532299035,394.90669867070073,391.48831747234374,394.2528991699219,67733800
2021-05-10 00:00:00-04:00,394.60780651677413,394.8319533096077,390.22742408846256,390.3488464355469,81852400
2021-05-11 00:00:00-04:00,385.8284047975115,387.8551320603856,382.9890883362958,386.8651123046875,116888000
2021-05-12 00:00:00-04:00,384.0818760668067,385.35207938683834,377.3291680702474,378.6460876464844,134811000
2021-05-13 00:00:00-04:00,380.1964417898234,385.1278705672436,380.14972554113865,383.19451904296875,106394000
2021-05-14 00:00:00-04:00,385.93112550205916,389.9285717889335,385.90310715086446,389.0786437988281,82201600
2021-05-17 00:00:00-04:00,387.96716817788194,388.9011510722619,386.0711555395105,388.08856201171875,65129200
2021-05-18 00:00:00-04:00,388.3500945443385,388.59293922934893,384.5861444411635,384.74493408203125,59810200
2021-05-19 00:00:00-04:00,380.0563698240923,383.9136956201269,378.57131179137997,383.7362365722656,106467100
2021-05-20 00:00:00-04:00,384.61413970744456,389.1252929926565,384.49274587512184,387.8644104003906,78022200
2021-05-21 00:00:00-04:00,389.3494858539395,390.59169919664373,387.0892629717918,387.5469055175781,76578700
2021-05-24 00:00:00-04:00,389.7885061356059,392.57178605322997,389.5456614070562,391.4977111816406,51376700
2021-05-25 00:00:00-04:00,392.5810799776849,392.9359980945385,390.0499939116139,390.6290588378906,57451400
2021-05-26 00:00:00-04:00,391.21742785148024,391.90856610321015,390.1807204738854,391.40423583984375,43088600
2021-05-27 00:00:00-04:00,392.4316202322079,392.9452994425397,391.3294987126263,391.6097106933594,56707700
2021-05-28 00:00:00-04:00,393.1787473249645,393.4402613734174,392.0766544424052,392.3101501464844,58520200
2021-06-01 00:00:00-04:00,394.67323638964024,394.81332815085875,391.52571797502355,391.9646911621094,54216600
2021-06-02 00:00:00-04:00,392.61842198763014,393.42166217448545,391.60973290730567,392.5810546875,49097100
2021-06-03 00:00:00-04:00,390.26468374729853,392.2633919388863,388.79832404186067,391.1239318847656,58138800
2021-06-04 00:00:00-04:00,392.973358609629,395.0001143194918,391.18944760771376,394.70123291015625,55938800
2021-06-07 00:00:00-04:00,394.691794212381,394.86925322739137,393.38422397248354,394.3182067871094,51555000
2021-06-08 00:00:00-04:00,395.17750652833854,395.2709105225555,392.5717146579376,394.4023132324219,47134300
2021-06-09 00:00:00-04:00,395.2429578336774,395.317692442625,393.58981802271103,393.81396484375,48436300
2021-06-10 00:00:00-04:00,395.0374784616624,396.5972427580908,393.720558888761,395.6445617675781,51020100
2021-06-11 00:00:00-04:00,396.1955848814836,396.410382721431,394.90668383020704,396.2983093261719,45570800
2021-06-14 00:00:00-04:00,396.41041653956006,397.28836288118606,395.16823163226826,397.1856384277344,42358500
2021-06-15 00:00:00-04:00,397.33503853707737,397.3723773329353,395.5791460332352,396.45709228515625,51508500
2021-06-16 00:00:00-04:00,396.5972469543856,396.82139377668875,392.19819454927307,394.24359130859375,80386100
2021-06-17 00:00:00-04:00,393.8325789844645,395.0934330875437,391.63771348560346,394.1127624511719,90949700
2021-06-18 00:00:00-04:00,390.8294393593685,391.5228387958726,388.5899319002041,388.79608154296875,118676300
2021-06-21 00:00:00-04:00,390.5576558078238,394.5494491775668,389.74243684552914,394.3620300292969,72822000
2021-06-22 00:00:00-04:00,394.352679752593,397.3043454678535,393.6311417670724,396.4703674316406,57700300
2021-06-23 00:00:00-04:00,396.5453725429614,397.3512120232172,395.9081931498081,395.9925231933594,49445400
2021-06-24 00:00:00-04:00,398.1383434268328,398.75676373658587,397.88532470396706,398.3351135253906,45110300
2021-06-25 00:00:00-04:00,399.08471063989845,400.1997887962621,398.75674142988316,399.75,58129500
2021-06-28 00:00:00-04:00,400.274777553691,400.72453776466034,399.07536933086004,400.5558776855469,53159600
2021-06-29 00:00:00-04:00,400.9401444867387,401.57732397296485,400.23736542500757,400.771484375,35970500
2021-06-30 00:00:00-04:00,400.3122456149289,401.78340305544015,400.2841356012442,401.1087341308594,64827900
2021-07-01 00:00:00-04:00,401.8677204331776,403.48880742764095,401.8021208712644,403.3294982910156,53441000
2021-07-02 00:00:00-04:00,404.49143596219454,406.7684327334074,403.41381877275404,406.412353515625,57697700
2021-07-06 00:00:00-04:00,406.4685159469993,406.6840450735782,402.9358914741421,405.6720275878906,68710400
2021-07-07 00:00:00-04:00,406.3562154221525,407.3869637350962,404.34158789003436,407.1058349609375,63549500
2021-07-08 00:00:00-04:00,401.78335917623605,404.54763413664995,400.60268153812575,403.78863525390625,97595200
2021-07-09 00:00:00-04:00,405.2972630468599,408.3988582078336,403.591846106271,408.0989990234375,76238600
2021-07-12 00:00:00-04:00,408.01468314938586,409.8138097220538,407.58365342944904,409.560791015625,52889600
2021-07-13 00:00:00-04:00,408.77374227084334,410.27300986948524,407.9023031665115,408.1646728515625,52911300
2021-07-14 00:00:00-04:00,409.8606497735151,410.3479281135863,407.52743297051677,408.773681640625,64130400
2021-07-15 00:00:00-04:00,407.4337224657248,408.10839135369446,405.4753153622365,407.37750244140625,55126400
2021-07-16 00:00:00-04:00,408.5582340881167,408.60507458251783,403.7887107543716,404.1822509765625,75874700
2021-07-19 00:00:00-04:00,399.35644496226297,404.24778712950507,395.40214130525,398.2132568359375,147987000
2021-07-20 00:00:00-04:00,398.8785584072042,405.1942176052661,398.0820699298473,403.9198303222656,99608200
2021-07-21 00:00:00-04:00,405.11921642523396,407.33064212666307,403.87296781863677,407.1900634765625,64724400
2021-07-22 00:00:00-04:00,407.36808629960854,408.2863942745382,406.38420736629706,408.0427551269531,47878500
2021-07-23 00:00:00-04:00,409.973137588627,412.57810387739073,409.2891176794418,412.24078369140625,63766600
2021-07-26 00:00:00-04:00,411.65044900738826,413.26215663692216,411.6036085131249,413.2527770996094,43719200
2021-07-27 00:00:00-04:00,412.2126221686252,412.24073218061153,408.53941855758904,411.3692932128906,67397100
2021-07-28 00:00:00-04:00,411.9970499079121,412.57800915894387,409.77627340490346,411.2005615234375,52472400
2021-07-29 00:00:00-04:00,412.1283678734607,413.9836861978173,412.1189883356927,412.9060974121094,47435300
2021-07-30 00:00:00-04:00,410.3385280234811,412.35315505498323,410.2073289089117,410.9007568359375,68951200
2021-08-02 00:00:00-04:00,412.61558301486065,413.16843236981356,409.68264755521176,410.0387268066406,58783300
2021-08-03 00:00:00-04:00,410.83517582420905,413.49636182074306,408.6425090931806,413.3745422363281,58053900
2021-08-04 00:00:00-04:00,412.0907753400313,413.34640345264876,411.1068963894126,411.3411560058594,46732200
2021-08-05 00:00:00-04:00,412.5031500015922,414.0305275555735,412.1845602964902,413.9461975097656,38969700
2021-08-06 00:00:00-04:00,414.2647578157139,415.0518667835452,413.983629086822,414.63018798828125,46930000
2021-08-09 00:00:00-04:00,414.6021178906313,414.92070760379596,413.5245291498375,414.29290771484375,41222600
2021-08-10 00:00:00-04:00,414.7426584888019,415.5204165734043,414.05863858352615,414.8082580566406,43339300
2021-08-11 00:00:00-04:00,415.87641776811984,415.9326377882429,414.7519601733688,415.83892822265625,44034300
2021-08-12 00:00:00-04:00,415.68902682349017,417.2257837341095,414.7894778443805,417.085205078125,38909400
2021-08-13 00:00:00-04:00,417.53503004424323,417.86299927638066,417.0477802625369,417.8442687988281,39470300
2021-08-16 00:00:00-04:00,416.5418093350096,418.9593565822655,414.98632167204744,418.82818603515625,73740000
2021-08-17 00:00:00-04:00,416.26994057605424,416.94460938558365,413.0933951867882,416.0825500488281,92673900
2021-08-18 00:00:00-04:00,415.07059964436183,416.6354666486862,411.2849843863083,411.5285949707031,89351900
2021-08-19 00:00:00-04:00,408.8018064511608,413.36520830572493,408.66125638495504,412.165771484375,92812200
2021-08-20 00:00:00-04:00,412.51243676360053,415.77331218605866,412.0251584803231,415.4453430175781,72008700
2021-08-23 00:00:00-04:00,417.1320972978909,420.0088125987634,415.5203897980154,419.0998840332031,54973000
2021-08-24 00:00:00-04:00,419.76513671875,420.2992555252089,419.2497769837676,419.76513671875,38744700
2021-08-25 00:00:00-04:00,419.952566221922,421.1613253238744,419.57772793688787,420.6459655761719,40529700
2021-08-26 00:00:00-04:00,420.3648595615522,420.5991192042751,418.0691322205563,418.162841796875,57829600
2021-08-27 00:00:00-04:00,418.96867606210947,422.27642103261843,418.9124560362428,421.901611328125,77235100
2021-08-30 00:00:00-04:00,422.57631070476276,424.544097540426,422.33267151100796,423.7569885253906,48357400
2021-08-31 00:00:00-04:00,423.66333037101026,424.0006505914793,422.52952150178527,423.12921142578125,59300200
2021-09-01 00:00:00-04:00,424.06613178350335,424.5814915085135,423.1197137689136,423.3539733886719,48721400
2021-09-02 00:00:00-04:00,424.77834425136786,425.4623641266029,423.45711639620544,424.6565246582031,42501000
2021-09-03 00:00:00-04:00,423.52271669627993,425.068824666954,423.11976836523195,424.5534362792969,47170500
2021-09-07 00:00:00-04:00,424.20669853552585,424.30040810634716,422.3607315153163,423.035400390625,51671500
2021-09-08 00:00:00-04:00,422.5013500889307,423.23223905655976,420.5991342695839,422.52008056640625,56181900
2021-09-09 00:00:00-04:00,422.3232551840981,424.0755125696742,420.467908695529,420.7115478515625,57970400
2021-09-10 00:00:00-04:00,422.64189201792766,423.06354222411983,417.27265062322766,417.39447021484375,89948200
2021-09-13 00:00:00-04:00,420.3929414709391,420.65531109155603,416.1481298650124,418.4626159667969,83738600
2021-09-14 00:00:00-04:00,419.9057224766755,420.11187210742554,415.3142391694053,416.2044372558594,78197100
2021-09-15 00:00:00-04:00,416.62615281267944,420.17753758290735,415.5204539816399,419.680908203125,78792200
2021-09-16 00:00:00-04:00,419.15611403582216,420.1306135920383,416.0638694935535,419.01556396484375,77786700
2021-09-17 00:00:00-04:00,418.24282930799984,418.6658303177403,414.5766484303606,414.9338684082031,118425000
2021-09-20 00:00:00-04:00,408.8048589294982,410.3841202455259,403.145796182089,408.0152282714844,166445500
2021-09-21 00:00:00-04:00,410.3559031370975,411.6531636956014,407.10337084294684,407.6297912597656,92526100
2021-09-22 00:00:00-04:00,409.9046994331068,413.64607141513255,407.7426174898221,411.6061706542969,102350100
2021-09-23 00:00:00-04:00,413.4768249344985,418.21463714747955,413.2418148065021,416.6071472167969,76396000
2021-09-24 00:00:00-04:00,414.97149473457984,418.0078359804858,414.7552750846295,417.29339599609375,62094800
2021-09-27 00:00:00-04:00,416.2593086333386,417.4249496091947,415.4038683828205,416.0995178222656,61371100
2021-09-28 00:00:00-04:00,413.3263982451864,413.65541814858807,406.9811250466519,407.71435546875,130436300
2021-09-29 00:00:00-04:00,409.0963167424617,410.83539778442844,407.83666564017506,408.40069580078125,82329200
2021-09-30 00:00:00-04:00,409.8764201598323,410.58145048611453,403.0705365902038,403.4089660644531,140506000
2021-10-01 00:00:00-04:00,405.1386431605833,409.8858359543711,401.61349147576334,408.2031555175781,129240100
2021-10-04 00:00:00-04:00,407.03752756364304,407.9399583912579,400.79564501055677,402.93896484375,128570000
2021-10-05 00:00:00-04:00,404.44296980055765,409.3781818674235,403.6439584161272,407.1315002441406,90682500
2021-10-06 00:00:00-04:00,403.53117578451554,409.0304184562949,401.90492407695274,408.8236083984375,113032200
2021-10-07 00:00:00-04:00,412.1044146962141,415.19712763222657,411.92580468619974,412.35821533203125,72437500
2021-10-08 00:00:00-04:00,413.1290605510576,413.51448064643256,410.976359506261,411.6061706542969,74557400
2021-10-11 00:00:00-04:00,410.9481833441066,413.8623151629453,408.560472006221,408.62628173828125,65233300
2021-10-12 00:00:00-04:00,409.5474922480039,409.951702812476,406.8307612007708,407.6203918457031,71181200
2021-10-13 00:00:00-04:00,408.645002322282,409.90465316392994,405.6650899688843,409.0868225097656,72974000
2021-10-14 00:00:00-04:00,412.7529445741557,416.11830542103553,412.28292435324295,415.9678955078125,70236800
2021-10-15 00:00:00-04:00,418.0830234599393,419.50249383265776,417.4625932709582,419.1358642578125,66260200
2021-10-18 00:00:00-04:00,417.34971686363633,420.7150487063343,416.69167714112734,420.37664794921875,62213200
2021-10-19 00:00:00-04:00,422.00303260856737,423.6856846027925,421.39198327728565,423.6199035644531,46996800
2021-10-20 00:00:00-04:00,424.08047124300566,425.58454176597354,423.9676709741409,425.2837219238281,49571600
2021-10-21 00:00:00-04:00,424.682063831623,426.6185448638883,424.24965325713134,426.3929443359375,41305400
2021-10-22 00:00:00-04:00,425.96055094238534,427.40822132656245,424.0052506620859,425.9511413574219,58845100
2021-10-25 00:00:00-04:00,427.0416019944035,428.56446303148596,425.26494034706053,428.2354431152344,45214500
2021-10-26 00:00:00-04:00,429.78648871271434,430.9991201914676,428.24480866378605,428.6208190917969,56075100
2021-10-27 00:00:00-04:00,429.0815570599391,429.74897787469854,426.64682658288626,426.7220458984375,72438000
2021-10-28 00:00:00-04:00,428.1508854588699,430.9146071296096,428.14150456050857,430.83941650390625,51437900
2021-10-29 00:00:00-04:00,428.5362813944523,432.0050333226642,428.2448711186631,431.713623046875,70162400
2021-11-01 00:00:00-04:00,432.70065934906575,433.07669852419264,430.7265971184563,432.4562683105469,48433600
2021-11-02 00:00:00-04:00,432.62545072020157,434.51494135185385,432.4938312768331,434.2047119140625,48908400
2021-11-03 00:00:00-04:00,433.6407005054024,437.25986241274643,433.19888029300824,436.85565185546875,52509800
2021-11-04 00:00:00-04:00,437.4572570913363,438.9989373652711,437.10944667746986,438.9143371582031,52847100
2021-11-05 00:00:00-04:00,441.1422252320449,442.43007618696566,438.92374331887703,440.43719482421875,66390600
2021-11-08 00:00:00-05:00,441.53705147758245,442.0352718144265,440.1269906728055,440.8132019042969,50405200
2021-11-09 00:00:00-05:00,441.1797903851195,441.4148004973564,437.9460489457193,439.3561096191406,51149100
2021-11-10 00:00:00-05:00,437.6640656796384,439.35615587855733,434.3363427951768,435.82159423828125,69429700
2021-11-11 00:00:00-05:00,437.31627671722447,437.3914960298939,435.94382548251065,435.9626159667969,34848500
2021-11-12 00:00:00-05:00,437.23166509516153,439.8073670755041,436.2822149398842,439.25274658203125,53466700
2021-11-15 00:00:00-05:00,440.5405763047511,440.7003671182999,438.2750753466251,439.4031066894531,46980500
2021-11-16 00:00:00-05:00,439.1398906471806,442.2796223088453,439.0647000337654,441.1421813964844,48857500
2021-11-17 00:00:00-05:00,440.87903881691875,441.0576488248933,439.4501874408848,440.07061767578125,47858300
2021-11-18 00:00:00-05:00,441.10466818812347,441.82851785332514,438.37855602360526,441.5653076171875,50625600
2021-11-19 00:00:00-05:00,441.4524364328998,442.70270645083684,440.4090051747564,440.775634765625,57315600
2021-11-22 00:00:00-05:00,442.6557009805207,445.1468026589416,439.3279494564215,439.5347595214844,72762000
2021-11-23 00:00:00-05:00,439.20577420842636,440.9730551422776,436.60187205072765,440.11761474609375,73206500
2021-11-24 00:00:00-05:00,438.1153520395163,441.41490396884836,437.2975212472666,441.2926940917969,61858800
2021-11-26 00:00:00-05:00,434.61837171536075,436.08483277035555,430.32237924723853,431.450439453125,112669600
2021-11-29 00:00:00-05:00,436.24460804442816,438.5852997432788,434.0449166850697,436.7428283691406,86268800
2021-11-30 00:00:00-05:00,434.29873651759567,436.207017697208,428.0004533224309,428.244873046875,148559600
2021-12-01 00:00:00-05:00,433.9603158081163,436.8086374124799,423.290850257439,423.4882507324219,131939200
2021-12-02 00:00:00-05:00,423.7044938415965,431.54442870471775,423.3096641820062,429.97454833984375,127637800
2021-12-03 00:00:00-05:00,431.6383868949673,432.70060850783227,422.0029722635854,426.233154296875,137331600
2021-12-06 00:00:00-05:00,428.78067779267633,433.1612699645703,426.36476682296546,431.28118896484375,98977500
2021-12-07 00:00:00-05:00,436.5641964227451,440.76617845486504,431.14955415645403,440.2021484375,95484700
2021-12-08 00:00:00-05:00,440.5969864571496,441.8190276116101,438.83908665382853,441.3677978515625,72238800
2021-12-09 00:00:00-05:00,440.07997042228766,441.4712407407317,438.19050845590453,438.3879089355469,61272600
2021-12-10 00:00:00-05:00,441.0952372334483,442.66508888548304,438.53832579208637,442.5146789550781,77159800
2021-12-13 00:00:00-05:00,441.9976995198621,442.3455099577305,438.3127276826282,438.5947570800781,87724700
2021-12-14 00:00:00-05:00,435.3233478323497,437.8144493976514,432.6536362786152,435.5771484375,97264100
2021-12-15 00:00:00-05:00,435.6335428118317,442.6274171238725,433.11421269074907,442.3830261230469,116899300
2021-12-16 00:00:00-05:00,444.23494635106454,444.5169470262026,436.93081329963405,438.4819030761719,116568600
2021-12-17 00:00:00-05:00,435.400025670144,438.40929266529145,432.1077672413191,433.8152160644531,135511600
2021-12-20 00:00:00-05:00,428.730659907755,429.5985195949592,425.5798968391535,429.20233154296875,107134800
2021-12-21 00:00:00-05:00,432.62657449075914,436.9659586009306,430.4568968299471,436.824462890625,69806300
2021-12-22 00:00:00-05:00,436.56976321936594,441.30533523820264,436.37164043974565,441.192138671875,58890200
2021-12-23 00:00:00-05:00,442.19206541682075,445.4371678906433,442.08831149730497,443.937255859375,56439700
2021-12-27 00:00:00-05:00,445.3144841465648,450.2670347839004,445.267328513055,450.2198791503906,56808600
2021-12-28 00:00:00-05:00,450.65386765775884,451.6821081838997,449.0879146544429,449.8520202636719,47274600
2021-12-29 00:00:00-05:00,449.9558186671151,451.44628815269533,448.955877247608,450.427490234375,54503000
2021-12-30 00:00:00-05:00,450.85198851964896,451.8613726077948,448.72005255913206,449.1822814941406,55329000
2021-12-31 00:00:00-05:00,448.6917882451769,449.842639350075,447.7767441594959,448.05029296875,65237400
2022-01-03 00:00:00-05:00,449.31429199851436,450.77649102777576,447.0031187538817,450.6444091796875,72668200
2022-01-04 00:00:00-05:00,452.0688648240115,452.7858147658463,448.63508224842974,450.49346923828125,71178700
2022-01-05 00:00:00-05:00,450.12559940549204,450.89914766079016,441.74870802750024,441.8430480957031,104538900
2022-01-06 00:00:00-05:00,441.3808839040391,444.1448726975174,439.06023879788046,441.42803955078125,86858900
2022-01-07 00:00:00-05:00,441.43746414128117,442.6166431471201,438.32441429273644,439.6828308105469,85111600
2022-01-10 00:00:00-05:00,436.4849498574717,439.3526927185617,430.73055005634967,439.1357421875,119362000
2022-01-11 00:00:00-05:00,438.8715364116939,443.2297770827889,435.8716833675285,443.13543701171875,74303100
2022-01-12 00:00:00-05:00,444.87117806328797,446.38997545502053,442.3713245554861,444.3334655761719,67605400
2022-01-13 00:00:00-05:00,445.43722446899045,446.0881335750446,437.1829715327748,438.2112121582031,91173100
2022-01-14 00:00:00-05:00,435.0604113490844,438.739443721602,433.8434906759854,438.3904113769531,95890900
2022-01-18 00:00:00-05:00,433.6925435130348,433.9000801446297,429.51354052849086,430.6266784667969,109709100
2022-01-19 00:00:00-05:00,432.17374552013666,433.56987477528105,425.8816348637501,426.15521240234375,109357600
2022-01-20 00:00:00-05:00,428.04200140937587,432.7492750334753,419.3160763117743,421.4385986328125,122379700
2022-01-21 00:00:00-05:00,420.3159330270776,422.6742906855869,413.1371061330772,413.1654052734375,202271200
2022-01-24 00:00:00-05:00,407.5525363125253,415.4294573025682,396.9210694706066,414.9200439453125,251783900
2022-01-25 00:00:00-05:00,408.52419175491247,414.80686073493035,402.9490301538802,409.85430908203125,167997300
2022-01-26 00:00:00-05:00,415.7501849161173,418.8820910132849,404.56212043743244,408.8260498046875,186391100
2022-01-27 00:00:00-05:00,413.42959969479165,416.57091988117384,405.1187484129023,406.80731201171875,149878300
2022-01-28 00:00:00-05:00,408.16568303658295,416.95764758264465,403.5810494178644,416.9104919433594,164457400
2022-01-31 00:00:00-05:00,416.2407272712182,424.7685575099905,414.8917534598383,424.4195251464844,152251400
2022-02-01 00:00:00-05:00,425.14585473478627,427.9287283515847,421.6177608084225,427.2872619628906,123155400
2022-02-02 00:00:00-05:00,429.6927977248774,432.1643521308704,427.38159553014776,431.43798828125,117361000
2022-02-03 00:00:00-05:00,425.4005449511961,427.30608748130015,420.4574079668399,421.2969970703125,118024400
2022-02-04 00:00:00-05:00,421.0612140470099,427.12690349554987,418.68397092224063,423.278076171875,118454400
2022-02-07 00:00:00-05:00,424.04213853628335,425.4382678088837,420.58949956003295,421.91961669921875,84472900
2022-02-08 00:00:00-05:00,421.4197680694424,426.3157221610608,419.99531045620233,425.3912353515625,81012000
2022-02-09 00:00:00-05:00,429.4286854386847,431.9379817631401,429.2305914308077,431.61724853515625,92589900
2022-02-10 00:00:00-05:00,425.76845767621467,431.7775484247765,421.86303233721947,423.8629150390625,140103700
2022-02-11 00:00:00-05:00,423.94781485036305,426.0231523425291,414.0710117021737,415.5048828125,153214600
2022-02-14 00:00:00-05:00,414.9955162101405,416.5803257355876,410.67498861776903,414.146484375,123006300
2022-02-15 00:00:00-05:00,418.58969014890727,420.99520380296383,418.0708341137334,420.8254089355469,88482700
2022-02-16 00:00:00-05:00,418.77825854843894,422.67426981407993,416.90101515729776,421.2969970703125,84863600
2022-02-17 00:00:00-05:00,418.10854352626,421.2687487717077,411.693821753136,412.29754638671875,102259100
2022-02-18 00:00:00-05:00,412.55220911710694,413.80687151261105,407.3544084156553,409.62786865234375,132642900
2022-02-22 00:00:00-05:00,407.42043529880675,410.82588982072514,401.7320491873631,405.23187255859375,124391800
2022-02-23 00:00:00-05:00,408.14680557704895,408.71281716213616,397.47759803405336,398.0436096191406,132578000
2022-02-24 00:00:00-05:00,387.7329054308326,404.4678331044579,387.3744592030102,404.03387451171875,213942900
2022-02-25 00:00:00-05:00,405.26959895160047,413.0333227139032,403.61874859349035,412.94842529296875,121804500
2022-02-28 00:00:00-05:00,407.552492478369,413.37293170296726,406.297858901948,411.8918762207031,145615000
2022-03-01 00:00:00-05:00,410.39202759579075,412.4013531876371,402.9112942533806,405.61871337890625,137785900
2022-03-02 00:00:00-05:00,407.8732332677147,414.806810499793,407.11857033694304,413.08050537109375,117726500
2022-03-03 00:00:00-05:00,415.5143088873288,416.11803346129733,409.22219816012046,411.02398681640625,105501700
2022-03-04 00:00:00-05:00,407.2882925967424,408.81650347177276,403.6375602200498,407.68450927734375,113978200
2022-03-07 00:00:00-05:00,407.09966398019566,407.807171236879,395.600310398485,395.6663513183594,137896600
2022-03-08 00:00:00-05:00,395.84559581407734,403.0055659240811,391.6005521986846,392.6665344238281,164772700
2022-03-09 00:00:00-05:00,401.052866089248,405.175270488169,398.86430336951577,403.1942443847656,116990800
2022-03-10 00:00:00-05:00,398.5813104458791,402.2697853678107,396.61916949340304,401.3736267089844,93972700
2022-03-11 00:00:00-05:00,403.8640109133582,404.47717812137785,395.76069779012516,396.2701110839844,95636300
2022-03-14 00:00:00-04:00,397.0437338622443,400.4963446455009,392.23267777731564,393.3741149902344,95729200
2022-03-15 00:00:00-04:00,395.9871173439881,402.65655987964084,394.7136272071247,402.0245361328125,106219100
2022-03-16 00:00:00-04:00,405.5337196502568,410.99565467110665,400.7320786409721,410.9390563964844,144954800
2022-03-17 00:00:00-04:00,409.02413595065417,416.0803527832031,408.6468044640496,416.0803527832031,102676900
2022-03-18 00:00:00-04:00,414.4678791360529,420.9593028336933,413.7297868077792,420.6375732421875,106345500
2022-03-21 00:00:00-04:00,420.46728690424806,422.47338269242965,417.00392141262006,420.5146179199219,88349800
2022-03-22 00:00:00-04:00,421.90556943878335,426.37198236705336,421.90556943878335,425.4351806640625,74650400
2022-03-23 00:00:00-04:00,422.8991638853642,424.39426355842147,419.87107662912183,419.95623779296875,79426100
2022-03-24 00:00:00-04:00,421.9813008840571,426.29630669485863,420.8647048360825,426.2868347167969,64736900
2022-03-25 00:00:00-04:00,426.9208242937579,428.6430492710812,424.33748682777303,428.3686218261719,77101300
2022-03-28 00:00:00-04:00,427.77255038464375,431.41571044921875,425.88000270205794,431.41571044921875,68529800
2022-03-29 00:00:00-04:00,435.3047964568444,437.2446747767382,432.61738274150923,436.7525939941406,86581500
2022-03-30 00:00:00-04:00,435.60762945908306,436.4214398536475,431.9455548784965,434.0557556152344,79666900
2022-03-31 00:00:00-04:00,433.2893025074121,434.11255605182595,426.9208697553412,427.3750915527344,121699900
2022-04-01 00:00:00-04:00,428.9553048993876,429.09724017093697,425.0093599604166,428.5862731933594,89048800
2022-04-04 00:00:00-04:00,428.7849739372156,432.36188709811455,427.96172050083106,432.2577819824219,59601000
2022-04-05 00:00:00-04:00,430.7627409154782,433.2325015603828,425.6528684021026,426.7978515625,74214500
2022-04-06 00:00:00-04:00,422.8802663750546,424.8106439250677,419.64399762453365,422.5301208496094,106898000
2022-04-07 00:00:00-04:00,421.65006696641547,426.4760682966739,419.7007455820255,424.6592102050781,78097200
2022-04-08 00:00:00-04:00,423.9022463943376,426.4193379958125,421.98131186663085,423.52374267578125,79272700
2022-04-11 00:00:00-04:00,420.24968157048187,421.09187919029637,415.78329655227503,416.2848205566406,89770500
2022-04-12 00:00:00-04:00,419.2749398176844,421.80150331220403,413.19040683522564,414.7423095703125,84363600
2022-04-13 00:00:00-04:00,414.4962904899716,420.2496221966037,414.3164961668285,419.49261474609375,74070400
2022-04-14 00:00:00-04:00,419.7196509137634,420.836275728142,414.16502940715344,414.2691345214844,97869500
2022-04-18 00:00:00-04:00,413.34180271144544,416.123849633217,412.2062627473825,414.4394836425781,66002500
2022-04-19 00:00:00-04:00,414.33540185587515,421.8488175877449,414.1650795150678,421.1296691894531,77821000
2022-04-20 00:00:00-04:00,422.9086685500845,423.5237406996165,419.65348460531936,420.8173828125,65224400
2022-04-21 00:00:00-04:00,424.44161705872466,425.8326405645599,413.61624352930863,414.524658203125,85417300
2022-04-22 00:00:00-04:00,413.43650465990896,414.5436288750389,402.58274261879126,403.1505126953125,132471800
2022-04-25 00:00:00-04:00,400.90780109531795,405.65808479066646,396.33728283967,405.4877624511719,119647700
2022-04-26 00:00:00-04:00,402.95173179386785,403.1504700703284,393.71611977901205,393.7445068359375,103996300
2022-04-27 00:00:00-04:00,394.8232059633786,400.19806220831515,392.71303421926314,394.8515930175781,122030000
2022-04-28 00:00:00-04:00,399.6019576141651,406.55707558525125,395.1639313315665,404.82537841796875,105449100
2022-04-29 00:00:00-04:00,400.83211704855785,402.9896201658994,389.1172427381389,389.86480712890625,145491100
2022-05-02 00:00:00-04:00,389.93099434604335,393.5741537158079,383.25974771045304,392.2115173339844,158312500
2022-05-03 00:00:00-04:00,392.71303964199615,396.4224162058567,391.1516650055243,394.0094299316406,100028200
2022-05-04 00:00:00-04:00,394.67183940897127,406.5759792490273,391.48290152050896,406.0082092285156,144247900
2022-05-05 00:00:00-04:00,401.7405474910754,402.1663822705562,387.4423636204895,391.57757568359375,172929100
2022-05-06 00:00:00-04:00,389.01316841951103,392.5143641838962,383.9316826887412,389.2402648925781,151770800
2022-05-09 00:00:00-04:00,383.33553324176137,384.5751496453727,375.1975725508125,376.7778625488281,155586100
2022-05-10 00:00:00-04:00,382.7583106519952,384.2628826486502,373.6078584477752,377.6484375,132497200
2022-05-11 00:00:00-04:00,376.6832006420824,382.3324561154293,370.9014529815829,371.6490173339844,142361000
2022-05-12 00:00:00-04:00,368.45055253884505,374.5350849474075,364.4572767318207,371.260986328125,125090800
2022-05-13 00:00:00-04:00,375.39624432033366,381.5186365245012,374.35533743902573,380.1370849609375,104174400
2022-05-16 00:00:00-04:00,378.4905892750784,382.26621234005705,376.2384531036934,378.59466552734375,78622400
2022-05-17 00:00:00-04:00,384.6886084460492,386.6190146909032,380.9508161457749,386.3824462890625,83029700
2022-05-18 00:00:00-04:00,381.82146421765935,382.1053347959958,369.56720740842707,370.80682373046875,117674500
2022-05-19 00:00:00-04:00,367.7408392133795,372.9642879303813,366.31195684652164,368.53570556640625,98510700
2022-05-20 00:00:00-04:00,372.1221925167826,375.6991065243165,360.09505993665994,368.6966857910156,131432200
2022-05-23 00:00:00-04:00,371.72462544104593,376.36138893220135,369.40627257344516,375.59490966796875,76414900
2022-05-24 00:00:00-04:00,371.4691925228241,373.92003788214953,366.1700541533183,372.7277526855469,91448800
2022-05-25 00:00:00-04:00,371.2326397707966,377.9890479746067,370.83522098115014,376.0207824707031,91472900
2022-05-26 00:00:00-04:00,377.2509375219795,385.1712435361306,377.0427561590206,383.5341796875,82168300
2022-05-27 00:00:00-04:00,385.99455814727753,393.06322475181946,385.79584873051925,392.9496765136719,84768700
2022-05-31 00:00:00-04:00,391.3314665518741,394.0851264101224,388.0005936135915,390.7447814941406,95937000
2022-06-01 00:00:00-04:00,392.8644826922193,393.87697365023195,385.06716741079504,387.5842590332031,86585800
2022-06-02 00:00:00-04:00,387.4233771677342,395.01248157548275,385.17124122143497,394.9651794433594,79609600
2022-06-03 00:00:00-04:00,390.2433012195324,391.79520408065434,387.5085850110212,388.4832458496094,71874300
2022-06-06 00:00:00-04:00,392.49536446108146,394.22703245074865,388.4926167185688,389.666015625,57508900
2022-06-07 00:00:00-04:00,386.1742927298047,393.8580303540427,385.7105989918035,393.40380859375,59272400
2022-06-08 00:00:00-04:00,391.69110286881636,393.4795741929143,388.33184246632624,389.126708984375,64350000
2022-06-09 00:00:00-04:00,387.34765697732666,389.61870798841755,379.8721008300781,379.8721008300781,86289800
2022-06-10 00:00:00-04:00,373.6646313892331,374.5162720988765,368.8102418028828,368.8575439453125,132893900
2022-06-13 00:00:00-04:00,359.4421255713329,361.29681422052283,353.2440145637145,354.8526916503906,170004900
2022-06-14 00:00:00-04:00,356.60332335317423,357.63475843407963,350.67963952541805,353.7834167480469,104011800
2022-06-15 00:00:00-04:00,357.0858572117837,363.2744957746672,352.12739188091416,358.8270263671875,125666800
2022-06-16 00:00:00-04:00,350.60386426743156,351.01075501197846,344.51930266450194,346.95123291015625,134473300
2022-06-17 00:00:00-04:00,347.3665544750161,351.0444479219139,344.19235133733406,347.69915771484375,111113900
2022-06-21 00:00:00-04:00,353.42985407891445,357.8395151338056,353.3538089384876,356.4519958496094,76811900
2022-06-22 00:00:00-04:00,352.2229356289405,359.9208687301767,351.80477429485757,355.8058166503906,90059400
2022-06-23 00:00:00-04:00,357.94408234086904,360.02534683784137,354.3802275814878,359.2935791015625,79292100
2022-06-24 00:00:00-04:00,362.4677899153683,370.72643183907684,362.43928023680013,370.7169189453125,98050300
2022-06-27 00:00:00-04:00,371.6388761883178,371.93348595150206,368.2080848803246,369.3009948730469,66009600
2022-06-28 00:00:00-04:00,370.859513206885,373.6440649503389,361.6409966809316,361.7550354003906,86548900
2022-06-29 00:00:00-04:00,362.3062236029839,363.2945784041764,359.63571085622056,361.46038818359375,65676000
2022-06-30 00:00:00-04:00,357.563929508268,361.76453925396646,354.06660685286846,358.5238037109375,112508300
2022-07-01 00:00:00-04:00,357.86805091376164,362.7529219458162,355.2450444294537,362.31573486328125,74839700
2022-07-05 00:00:00-04:00,357.22181596212545,363.01902578805715,354.3897288005455,363.0,81438000
2022-07-06 00:00:00-04:00,363.14249596615014,366.7158632778939,360.7571091301574,364.2259216308594,70426200
2022-07-07 00:00:00-04:00,366.0031669220348,370.47936086311995,364.2449925833958,369.6810607910156,64525900
2022-07-08 00:00:00-04:00,368.04645446042775,371.2491967887842,366.516386504775,369.3769836425781,72397800
2022-07-11 00:00:00-04:00,366.69702130412406,367.66637967437134,364.4636657914265,365.1574401855469,58366900
2022-07-12 00:00:00-04:00,364.60617377885575,366.9915903599883,360.1774858287248,361.9261474609375,62219200
2022-07-13 00:00:00-04:00,356.48059143871535,362.9620635927919,356.0624300737601,360.0254211425781,84224600
2022-07-14 00:00:00-04:00,355.064490796516,360.234458871572,352.6220841639683,359.15106201171875,89704800
2022-07-15 00:00:00-04:00,363.56074662755304,366.12673404152474,361.650539910931,366.0126953125,79060400
2022-07-18 00:00:00-04:00,369.10138727564373,369.77613578928634,361.76459566817937,362.9905700683594,63203600
2022-07-19 00:00:00-04:00,366.9154489534266,373.36840979135206,366.2597263907414,372.7981872558594,78506000
2022-07-20 00:00:00-04:00,372.98831383414614,376.5901914099878,371.619791193265,375.17413330078125,71843800
2022-07-21 00:00:00-04:00,374.5945113326409,379.0421964177249,372.1900977757156,378.99468994140625,64903900
2022-07-22 00:00:00-04:00,379.1181717855212,380.31560739398503,373.2544293512537,375.478271484375,72197300
2022-07-25 00:00:00-04:00,376.1055368569356,376.7897982483448,373.69161069797406,375.9344787597656,53631500
2022-07-26 00:00:00-04:00,374.2903346496475,374.4994153201888,370.59344384206173,371.4867858886719,52946400
2022-07-27 00:00:00-04:00,374.78452854217437,382.88162668042236,374.48991881207405,381.1329650878906,82342100
2022-07-28 00:00:00-04:00,381.94070485844315,386.6069531734175,378.3863339855172,385.9132080078125,73966600
2022-07-29 00:00:00-04:00,387.34833097700186,392.5278128008071,386.57854047512916,391.5394287109375,87003700
2022-08-01 00:00:00-04:00,388.8403630121632,392.8889118778882,388.1275919584921,390.37994384765625,69997500
2022-08-02 00:00:00-04:00,388.81179345563703,392.49919977922883,386.62597416207234,387.8044128417969,63435400
2022-08-03 00:00:00-04:00,389.9332658563709,395.04621476373677,389.6481690410905,393.8772888183594,67820600
2022-08-04 00:00:00-04:00,393.80123040665455,394.48549174301655,391.96703995040895,393.6111755371094,45656600
2022-08-05 00:00:00-04:00,389.32507853281464,393.59219220020464,389.2680591655284,392.9459533691406,56814900
2022-08-08 00:00:00-04:00,394.637510773779,396.88986230561017,391.3872625234864,392.48968505859375,53886100
2022-08-09 00:00:00-04:00,391.75799267097744,392.26168307241494,389.85726979721653,390.9311828613281,44931800
2022-08-10 00:00:00-04:00,397.9923437821938,399.28485036063125,396.03460162898654,399.14227294921875,68665700
2022-08-11 00:00:00-04:00,401.993357133819,403.85608634972215,398.40099222133176,399.14227294921875,59489700
2022-08-12 00:00:00-04:00,401.0810138483799,406.0038788583054,400.130652464098,405.89935302734375,61694500
2022-08-15 00:00:00-04:00,403.68498595264106,408.09467660080554,403.6279665910464,407.57196044921875,54048300
2022-08-16 00:00:00-04:00,406.4980871972697,410.29953275176706,405.69027421639345,408.37030029296875,59289000
2022-08-17 00:00:00-04:00,404.76845200711864,408.18024616058966,403.4664614502562,405.4717102050781,63563400
2022-08-18 00:00:00-04:00,405.67127686044,407.3344094071018,404.3787992026303,406.6501770019531,49023200
2022-08-19 00:00:00-04:00,403.884538856435,404.1506388492187,400.31117123671885,401.1855163574219,68016900
2022-08-22 00:00:00-04:00,396.3481983345936,396.51928542351556,391.92902375820364,392.8318786621094,77695600
2022-08-23 00:00:00-04:00,392.4041873745743,394.7991164880296,391.3302744311885,391.8815002441406,49105200
2022-08-24 00:00:00-04:00,391.65345676755487,394.5045412160434,390.96922434253923,393.13604736328125,49177800
2022-08-25 00:00:00-04:00,394.6280346959815,398.73360265745475,393.5351249523274,398.68609619140625,50942300
2022-08-26 00:00:00-04:00,398.5720522592657,399.1137361754967,385.13392912672487,385.1909484863281,103087000
2022-08-29 00:00:00-04:00,382.2353335276929,385.69463364222986,381.28497221012304,382.64398193359375,65370800
2022-08-30 00:00:00-04:00,383.8034109464827,384.0410012678557,376.34306905482566,378.443359375,85652400
2022-08-31 00:00:00-04:00,380.07802891985665,381.3230000374987,375.43077674086555,375.5638122558594,76029700
2022-09-01 00:00:00-04:00,373.3874742240931,377.08436469022797,370.678938652205,376.74224853515625,78740100
2022-09-02 00:00:00-04:00,380.4106274783638,381.62708880615634,370.95452075647603,372.76971435546875,99632100
2022-09-06 00:00:00-04:00,373.61557203339373,374.5564205138696,369.1393780774377,371.36322021484375,76637400
2022-09-07 00:00:00-04:00,371.04956742201074,378.80451936163286,370.8310028776724,378.03472900390625,70964200
2022-09-08 00:00:00-04:00,375.7634126219765,380.9618617031352,374.5564350669581,380.5057067871094,80821700
2022-09-09 00:00:00-04:00,382.74858171145684,387.2818246339176,382.4824816512308,386.4169921875,76706900
2022-09-12 00:00:00-04:00,388.4886529261107,391.29223008704685,388.1845303793044,390.5699462890625,69256300
2022-09-13 00:00:00-04:00,381.88367179340526,383.0906492168183,372.46561674955393,373.5870361328125,122947100
2022-09-14 00:00:00-04:00,374.88902163325827,376.53315711649486,371.7053054907733,375.0125732421875,85023700
2022-09-15 00:00:00-04:00,373.4539049662511,376.3049883825302,369.4814023668884,370.7548828125,87633800
2022-09-16 00:00:00-04:00,366.57147330224217,368.58495903524056,364.6342868550473,367.926513671875,103084800
2022-09-19 00:00:00-04:00,364.77747715242447,370.77978515625,364.70111961719556,370.77978515625,73278500
2022-09-20 00:00:00-04:00,367.44935055441204,368.4608693228223,363.7659009113071,366.5237121582031,77274900
2022-09-21 00:00:00-04:00,368.45138449539013,371.5050452988248,360.1206665332533,360.1302185058594,106746600
2022-09-22 00:00:00-04:00,359.357154295279,360.99849150409443,356.36077689331256,357.1051025390625,89472600
2022-09-23 00:00:00-04:00,353.63161092219536,353.66978968711527,346.67503807204696,351.1219177246094,122346900
2022-09-26 00:00:00-04:00,349.6523393463072,353.27853570562985,346.42691809015844,347.64837646484375,92581200
2022-09-27 00:00:00-04:00,351.18873199675016,353.4598882434016,344.3657404059386,346.7609558105469,108294100
2022-09-28 00:00:00-04:00,347.71519752115427,355.27296245080464,346.01660643811806,353.58392333984375,110802200
2022-09-29 00:00:00-04:00,350.0340115514208,350.32027945929735,343.249200037984,346.1978759765625,112952300
2022-09-30 00:00:00-04:00,345.25315265968237,349.17519794486384,340.7108699138818,340.8444519042969,153711200
2022-10-03 00:00:00-04:00,344.5660844856892,351.6944470852205,342.78161312339256,349.8431701660156,89756500
2022-10-04 00:00:00-04:00,355.3683901017397,360.7122815791371,349.8050362444443,360.68365478515625,103602800
2022-10-05 00:00:00-04:00,356.3131686288688,362.10553742457495,353.984758743087,359.84393310546875,88065700
2022-10-06 00:00:00-04:00,358.44114174816866,361.3993701215644,355.6355993235401,356.1318359375,82333500
2022-10-07 00:00:00-04:00,352.09522785371945,356.21766045831674,344.43247955302377,346.1978759765625,107789500
2022-10-10 00:00:00-04:00,347.3144345542121,347.55300090951783,341.31212602246524,343.55462646484375,76042800
2022-10-11 00:00:00-04:00,341.8560084056642,346.42694756944854,339.4417182439327,341.3788757324219,92482800
2022-10-12 00:00:00-04:00,341.7892204341487,343.36375237835983,340.0047198340521,340.2528381347656,76991800
2022-10-13 00:00:00-04:00,333.23895758959026,350.7020290219594,332.18925999717504,349.2324523925781,147254500
2022-10-14 00:00:00-04:00,351.6944243183575,353.3262387618921,340.6344942548241,341.27386474609375,123737000
2022-10-17 00:00:00-04:00,347.36209613161253,351.1505302643893,340.9398806417008,350.0435791015625,93168200
2022-10-18 00:00:00-04:00,357.97349374132114,358.2788655814361,350.711520738244,354.15643310546875,97162900
2022-10-19 00:00:00-04:00,352.11430914770796,354.84352278104876,348.83163450834223,351.646728515625,79746900
2022-10-20 00:00:00-04:00,351.19826004641624,355.62606505287266,347.9346598802896,348.6980895996094,88283100
2022-10-21 00:00:00-04:00,348.4213409562037,357.65862205185954,346.91361459894165,357.1719665527344,131038400
2022-10-24 00:00:00-04:00,358.6987583066402,362.67802786353946,356.0458731062238,361.5424499511719,85436900
2022-10-25 00:00:00-04:00,361.46614520779,367.63069061993605,361.351638036336,367.3157958984375,78846300
2022-10-26 00:00:00-04:00,364.1666701170704,369.8540823855379,363.9090290046154,364.5483703613281,104087300
2022-10-27 00:00:00-04:00,365.55036040862007,367.3920851710098,361.9813889212359,362.6016845703125,81971800
2022-10-28 00:00:00-04:00,362.49669033266815,371.7053430142965,362.31537762818976,371.22821044921875,100302000
2022-10-31 00:00:00-04:00,368.7663054799875,370.6366574184391,367.6402793522776,368.54681396484375,96631300
2022-11-01 00:00:00-04:00,372.2970465066368,372.53561281137877,365.7603239323339,366.9340515136719,85407600
2022-11-02 00:00:00-04:00,366.34241671143474,370.85610174230845,357.62044763501416,357.72540283203125,126990400
2022-11-03 00:00:00-04:00,354.4809460886305,357.08610094389695,351.9235219733596,354.0419921875,87100100
2022-11-04 00:00:00-04:00,359.75802297669105,361.5424944523819,353.07816578614245,359.13775634765625,103505200
2022-11-07 00:00:00-05:00,360.43554599672575,363.1647599563083,358.3552545876023,362.5731201171875,68286900
2022-11-08 00:00:00-05:00,363.68001733717375,367.5066303285375,360.4450732662479,364.5293273925781,84641100
2022-11-09 00:00:00-05:00,362.5539832992573,363.7086651999319,356.52302003221314,357.0192565917969,78495500
2022-11-10 00:00:00-05:00,370.30258141366954,376.9729146439448,368.0028280194402,376.638916015625,141455800
2022-11-11 00:00:00-05:00,377.4978037709963,381.085850591747,375.60834800694585,380.2842712402344,93839900
2022-11-14 00:00:00-05:00,378.5188319106351,381.877834879153,376.77251031322436,377.04925537109375,71903500
2022-11-15 00:00:00-05:00,382.80348568869397,383.9104368342091,376.4480758536066,380.26513671875,93194500
2022-11-16 00:00:00-05:00,378.6333567193718,379.5876219491824,376.7343782310451,377.36419677734375,68508500
2022-11-17 00:00:00-05:00,372.60244233222005,376.88711357872995,372.29709955126145,376.2095642089844,74496300
2022-11-18 00:00:00-05:00,379.54947963736595,379.6162851991159,375.06445009963727,377.9176940917969,92922500
2022-11-21 00:00:00-05:00,376.5912182801427,377.71724418435815,374.7017627716494,376.5434875488281,51243200
2022-11-22 00:00:00-05:00,378.49018967584743,381.7728641092099,377.07786677530646,381.6106262207031,60429000
2022-11-23 00:00:00-05:00,381.2767367133459,384.5021584907623,381.0477223316636,384.0155029296875,68261600
2022-11-25 00:00:00-05:00,383.45240227506304,384.4830250793276,383.175686313319,383.9295349121094,30545400
2022-11-28 00:00:00-05:00,380.83768738823574,382.47902466355777,377.0397014860041,377.8031311035156,67881600
2022-11-29 00:00:00-05:00,377.9367417321205,379.1295732981502,375.312512286855,377.1542663574219,52310000
2022-11-30 00:00:00-05:00,377.4023553187591,389.03485107421875,375.48430196447526,389.03485107421875,144566700
2022-12-01 00:00:00-05:00,390.0750097932602,391.24876657686235,386.2388738341099,388.74859619140625,76398200
2022-12-02 00:00:00-05:00,383.8531997520255,389.20661386702676,383.7482445522166,388.3000793457031,85342700
2022-12-05 00:00:00-05:00,385.47549236036787,386.41065374736974,379.9598399084257,381.31488037109375,77289800
2022-12-06 00:00:00-05:00,381.15263615766594,381.6965452135378,373.72845373229296,375.8182678222656,77972200
2022-12-07 00:00:00-05:00,374.9689850432598,377.54551283524984,374.0433465972937,375.1789245605469,65927900
2022-12-08 00:00:00-05:00,377.06837354618364,379.1868143806111,375.2838731198775,378.1180419921875,60737900
2022-12-09 00:00:00-05:00,376.877540928146,379.43496494979524,375.1693978824169,375.29345703125,81447700
2022-12-12 00:00:00-05:00,376.08549280299235,380.70416259765625,375.41752454941917,380.70416259765625,75405800
2022-12-13 00:00:00-05:00,391.45874902933895,391.71639020048895,380.8186957666648,383.5860595703125,123782500
2022-12-14 00:00:00-05:00,383.2424323385713,386.9545379387217,378.1848384359595,381.1335144042969,108111300
2022-12-15 00:00:00-05:00,376.2668278226688,377.1733915827472,370.15001236187896,371.8104248046875,117705900
2022-12-16 00:00:00-05:00,369.2517657317392,370.59386612148,365.2829810609633,367.4207458496094,119858000
2022-12-19 00:00:00-05:00,367.6124594366193,367.9479918227815,362.63707790509415,364.30511474609375,79878100
2022-12-20 00:00:00-05:00,363.54773304852836,366.4236742123328,362.2247954322845,364.8035583496094,74427200
2022-12-21 00:00:00-05:00,367.40158229485894,371.3895586231339,366.864742140629,370.25836181640625,78167400
2022-12-22 00:00:00-05:00,367.2097701866978,370.23909861779407,359.2721731477049,364.97613525390625,100120900
2022-12-23 00:00:00-05:00,363.95045341487634,367.2194443247234,362.39744941933026,367.0756530761719,59857300
2022-12-27 00:00:00-05:00,366.960616093891,367.30571508666856,363.95044946411275,365.6280822753906,51638200
2022-12-28 00:00:00-05:00,365.5610348804236,367.5358756270886,360.8541014444145,361.08416748046875,70911500
2022-12-29 00:00:00-05:00,363.9312961910967,368.4561128288235,363.4040225980941,367.583740234375,66970900
2022-12-30 00:00:00-05:00,364.8994905444754,366.7592392294088,362.78085913190785,366.6154479980469,84022200
2023-01-03 00:00:00-05:00,368.4752380300906,370.45004902050835,362.20567683665195,365.0720520019531,74850700
2023-01-04 00:00:00-05:00,367.3344711039099,369.92283055639075,364.28597966385496,367.8905029296875,85934100
2023-01-05 00:00:00-05:00,365.93482035409846,366.0498533403474,363.09723275612134,363.69158935546875,76970500
2023-01-06 00:00:00-05:00,366.78805804101853,373.1534906525759,363.7204039949203,372.0318603515625,104189600
2023-01-09 00:00:00-05:00,374.2271369047477,377.4194487549502,371.6388067821009,371.8209228515625,73978100
2023-01-10 00:00:00-05:00,371.2361537559992,374.4955486092587,370.29666890331214,374.4284362792969,65358100
2023-01-11 00:00:00-05:00,376.010165101327,379.2408011692247,375.195309209713,379.1640930175781,68881100
2023-01-12 00:00:00-05:00,380.26656906102124,382.0112845993889,376.192318767827,380.5445556640625,90157700
2023-01-13 00:00:00-05:00,377.3427317250366,382.5961292686462,377.07431166109114,382.02093505859375,63903900
2023-01-17 00:00:00-05:00,382.00179714035386,383.67942996148565,380.64050506445955,381.3211364746094,62677300
2023-01-18 00:00:00-05:00,382.50979578083036,383.5738800387548,375.0994430292772,375.3007507324219,99632300
2023-01-19 00:00:00-05:00,373.2588930285292,374.9077675297641,371.2457571335137,372.5686950683594,86958900
2023-01-20 00:00:00-05:00,373.9683274907241,379.6626949440639,372.31945292080763,379.5093078613281,91806400
2023-01-23 00:00:00-05:00,380.31458203818664,385.99935386476415,379.3559346776604,384.0628967285156,84178800
2023-01-24 00:00:00-05:00,382.385274229188,384.56139326464876,381.1965608316531,383.65069580078125,59524900
2023-01-25 00:00:00-05:00,379.57636134944494,384.12993543916394,377.2851805542504,383.7944030761719,84800300
2023-01-26 00:00:00-05:00,386.45950819175505,388.1754951278568,383.4876955763573,388.01251220703125,72287400
2023-01-27 00:00:00-05:00,386.96753487416305,391.28144730327597,386.7566313185161,388.90399169921875,68346200
2023-01-30 00:00:00-05:00,386.14313857209555,388.3768032673917,383.7273577965346,384.0245361328125,74202000
2023-01-31 00:00:00-05:00,384.5421906397612,389.7188801347345,384.19706240377985,389.67095947265625,86811800
2023-02-01 00:00:00-05:00,388.45348175657574,396.5636593442866,385.7117643976384,393.81231689453125,101459200
2023-02-02 00:00:00-05:00,397.70436739497256,401.01171197085296,395.80626464324223,399.54498291015625,101654500
2023-02-03 00:00:00-05:00,394.56960600643197,399.72713273402843,394.09028239614366,395.2981872558594,94736800
2023-02-06 00:00:00-05:00,392.8440909429574,394.2820619137646,391.22397464206705,392.8824157714844,60295300
2023-02-07 00:00:00-05:00,391.9621243970152,399.2670122823971,390.7158945853212,398.0207824707031,90990700
2023-02-08 00:00:00-05:00,396.0459125600925,397.3880127555721,392.97822989420473,393.66845703125,76227500
2023-02-09 00:00:00-05:00,397.27298063541855,397.42636769460404,389.0286090516376,390.25567626953125,78694900
2023-02-10 00:00:00-05:00,389.0765999287314,391.54992647804596,388.26177308465975,391.1664733886719,70769700
2023-02-13 00:00:00-05:00,391.8183051444725,395.8925559564968,391.358143932513,395.7583312988281,64913500
2023-02-14 00:00:00-05:00,394.2340728818384,397.8865164448738,391.61698469819703,395.5762023925781,88389300
2023-02-15 00:00:00-05:00,393.3809452879777,396.9375187591641,392.5373309404456,396.86083984375,61555700
2023-02-16 00:00:00-05:00,391.8854343728946,395.83505653186137,391.2623194847148,391.3965148925781,76431500
2023-02-17 00:00:00-05:00,389.26834315965215,390.6583935285287,387.341452611694,390.4187316894531,89257800
2023-02-21 00:00:00-05:00,386.3924096279732,387.4469275943241,382.3277541092348,382.5865783691406,82655900
2023-02-22 00:00:00-05:00,382.9987512663258,384.54218860202,380.6021330632425,382.0592956542969,83742300
2023-02-23 00:00:00-05:00,384.95442103644666,385.56796937278995,379.8640060342025,384.0916442871094,96242400
2023-02-24 00:00:00-05:00,379.0683237378521,380.8226354035622,377.36193273433554,379.9886169433594,108194400
2023-02-27 00:00:00-05:00,383.33429643374495,384.69558849089844,380.34332149757034,381.2828063964844,80444700
2023-02-28 00:00:00-05:00,380.80348526155615,382.7687005643169,379.76812977335084,379.87359619140625,96438600
2023-03-01 00:00:00-05:00,379.0586577553307,380.2857248874596,377.1126052897922,378.4163513183594,99706800
2023-03-02 00:00:00-05:00,376.44166164525603,382.20314199789544,376.10612919733177,381.3595275878906,85127800
2023-03-03 00:00:00-05:00,383.1809267997028,387.724935164796,382.5290536184137,387.4756774902344,90120000
2023-03-06 00:00:00-05:00,388.3000515971973,390.6008283701899,387.3030795348652,387.7440490722656,72795900
2023-03-07 00:00:00-05:00,387.6961807819027,387.93584262349646,381.1869569726485,381.80047607421875,108310600
2023-03-08 00:00:00-05:00,381.9155020986243,383.18089426793244,380.18991944950625,382.423583984375,74746600
2023-03-09 00:00:00-05:00,383.20967866619384,384.87774493306273,374.38054484861016,375.3679504394531,111945300
2023-03-10 00:00:00-05:00,374.82145290553643,376.9017301661393,368.42729257488133,369.9515380859375,189253000
2023-03-13 00:00:00-04:00,366.02116036617707,374.2463714168759,364.9091258748091,369.4243469238281,157790000
2023-03-14 00:00:00-04:00,374.35173718346283,377.17975816787913,371.0443925918974,375.5308837890625,149752400
2023-03-15 00:00:00-04:00,369.93236081528505,373.3834671327069,367.84248780500195,373.1821594238281,172996900
2023-03-16 00:00:00-04:00,370.8239247170232,380.074864540284,370.3158428605711,379.729736328125,143254200
2023-03-17 00:00:00-04:00,378.3979622867853,379.5334763060183,373.9039803951704,375.2897033691406,140553400
2023-03-20 00:00:00-04:00,376.06910344638334,379.31209873462535,375.36663899144173,378.8982849121094,93055800
2023-03-21 00:00:00-04:00,382.2664102459138,384.35462710121084,380.66897882785537,383.87347412109375,91524200
2023-03-22 00:00:00-04:00,383.7002319906284,387.3184821097673,377.2912713410689,377.3297424316406,111746600
2023-03-23 00:00:00-04:00,380.1974645439356,384.2391613901428,375.636143615093,378.349853515625,119351300
2023-03-24 00:00:00-04:00,377.0699003372701,380.9191235289947,374.7218718409387,380.83251953125,107682400
2023-03-27 00:00:00-04:00,383.1132717788515,383.8831342228275,380.64977069262744,381.5447082519531,74010400
2023-03-28 00:00:00-04:00,380.8518079845922,381.54466943004763,378.8502245684134,380.688232421875,62871700
2023-03-29 00:00:00-04:00,384.8549788100607,386.4620425314962,383.65209647484517,386.2214660644531,77497900
2023-03-30 00:00:00-04:00,388.85813309852045,389.1083419949658,386.6159735874044,388.48284912109375,69840000
2023-03-31 00:00:00-04:00,389.40671748046964,394.2567475446969,389.30084855820127,393.95843505859375,112062600
2023-04-03 00:00:00-04:00,393.4387769608017,395.86377728046097,393.04422801384897,395.4596252441406,67391100
2023-04-04 00:00:00-04:00,396.10437947935486,396.3930888912914,391.88947462341105,393.2655944824219,66601500
2023-04-05 00:00:00-04:00,392.53424390704595,393.2944738697264,390.5807639021192,392.2359313964844,65200200
2023-04-06 00:00:00-04:00,391.43719778873736,394.0450681714436,390.38828778154027,393.7659912109375,63743300
2023-04-10 00:00:00-04:00,391.2832478731585,394.24716694508413,390.66738727373564,394.170166015625,63681000
2023-04-11 00:00:00-04:00,394.7956544202573,395.6809594619992,393.5061679518089,394.2760009765625,59297900
2023-04-12 00:00:00-04:00,396.34496122221753,396.6336706379783,392.08195275810823,392.6689453125,86420400
2023-04-13 00:00:00-04:00,393.75634279356007,398.2406920585318,392.6111963601302,397.8846435546875,85814800
2023-04-14 00:00:00-04:00,397.2495632394048,399.443619886818,394.6032215680084,396.9127502441406,78161500
2023-04-17 00:00:00-04:00,396.82611712486937,398.356180127704,395.59436663010166,398.3369445800781,66436400
2023-04-18 00:00:00-04:00,399.9150645614992,400.04980148093387,397.220619845255,398.5967102050781,63560000
2023-04-19 00:00:00-04:00,396.68177851295354,399.43395956292494,396.6240425026219,398.5294189453125,55227300
2023-04-20 00:00:00-04:00,395.709795357126,398.1059569841909,394.805225474454,396.35455322265625,75840400
2023-04-21 00:00:00-04:00,396.6529651974505,397.12448580258757,394.70911739135744,396.66259765625,73457400
2023-04-24 00:00:00-04:00,396.46043453439125,397.4997414469219,395.12284448225694,397.0763244628906,64332100
2023-04-25 00:00:00-04:00,395.1035702020275,395.6617241074058,390.7154573508528,390.773193359375,97766700
2023-04-26 00:00:00-04:00,391.3890687387205,392.46684668077467,388.55988695720504,389.1180114746094,80447000
2023-04-27 00:00:00-04:00,391.65851488224934,397.1340379925136,391.4083059420538,396.8645935058594,92968400
2023-04-28 00:00:00-04:00,395.9793118624164,400.26158558313546,395.9215758481045,400.251953125,89433100
2023-05-01 00:00:00-04:00,399.8092778572073,401.8782298985706,399.6168049089298,399.8477783203125,62122300
2023-05-02 00:00:00-04:00,399.13564578414,399.1837787040956,392.4476367591756,395.3537902832031,103998500
2023-05-03 00:00:00-04:00,395.8541741351487,398.26957154429016,392.3994991884123,392.64007568359375,91531800
2023-05-04 00:00:00-04:00,391.59114772802405,391.91832822239473,388.5213894409254,389.8590087890625,94901900
2023-05-05 00:00:00-04:00,393.4965450134205,398.125234465571,393.2367329689119,397.0763244628906,87891800
2023-05-08 00:00:00-04:00,397.4035003706773,397.6633124121759,395.7772009206819,397.1821594238281,50046800
2023-05-09 00:00:00-04:00,395.63287211761855,396.55667765861574,395.2094551264847,395.4403991699219,49220100
2023-05-10 00:00:00-04:00,398.2792294687583,398.91435498071894,393.4580667995226,397.2880554199219,96142900
2023-05-11 00:00:00-04:00,396.4219457866343,396.8838338451928,394.5165694433399,396.59515380859375,70157100
2023-05-12 00:00:00-04:00,397.8365981203093,398.0483066355821,393.650560739882,396.0755615234375,70481500
2023-05-15 00:00:00-04:00,396.6817866269805,397.8461686821511,394.76680705489645,397.4420166015625,54289400
2023-05-16 00:00:00-04:00,396.3353092048242,397.2591440489676,394.7763782852964,394.7860107421875,57705500
2023-05-17 00:00:00-04:00,396.80689259108277,400.1845667461961,395.1613575223225,399.5783386230469,87287000
2023-05-18 00:00:00-04:00,399.2607196795313,403.8509377054382,399.0394081133319,403.4275207519531,97177200
2023-05-19 00:00:00-04:00,404.3321376214222,404.86139419112027,401.6184275681808,402.8405456542969,103793300
2023-05-22 00:00:00-04:00,402.85977985297563,404.54381527738377,401.6183969458684,403.0041198730469,60745400
2023-05-23 00:00:00-04:00,401.35857830108944,402.9367742560176,398.08674373587735,398.4812927246094,86383500
2023-05-24 00:00:00-04:00,396.8742743622671,397.25919090910776,394.4300087705914,395.5943908691406,89213700
2023-05-25 00:00:00-04:00,399.1067150856023,400.4732023013642,396.86455539773374,399.0201110839844,90961600
2023-05-26 00:00:00-04:00,399.67452677861917,404.90947362025605,399.59755522238083,404.187744140625,93830000
2023-05-30 00:00:00-04:00,406.12200784767117,406.65126441099187,402.95601282370507,404.34173583984375,72216000
2023-05-31 00:00:00-04:00,402.5133634004825,403.41793341434715,400.53101533620446,402.0995788574219,110811800
2023-06-01 00:00:00-04:00,402.3304796935779,406.9784337458306,401.0794937409788,405.9198913574219,88865000
2023-06-02 00:00:00-04:00,408.4989090066005,412.5790771690053,407.96965243794403,411.7900085449219,91426200
2023-06-05 00:00:00-04:00,412.1363990044285,413.4258854781173,410.29839108056865,411.0008850097656,65460200
2023-06-06 00:00:00-04:00,410.5870909976928,412.4250695118066,409.9327006351518,411.89581298828125,64022200
2023-06-07 00:00:00-04:00,412.2903604628489,413.4258744271593,410.0481711705742,410.4715881347656,85373300
2023-06-08 00:00:00-04:00,410.53897877639116,413.40666121291997,409.7691457275,412.9543762207031,61952800
2023-06-09 00:00:00-04:00,413.7530790281272,415.7065590310339,412.70416901348756,413.6953430175781,85742800
2023-06-12 00:00:00-04:00,414.6768867959098,417.5253041431819,413.9551573440261,417.44830322265625,76104300
2023-06-13 00:00:00-04:00,418.91104452208407,420.84525956412307,418.2470510492617,420.2005310058594,95899700
2023-06-14 00:00:00-04:00,420.5372911495027,422.5100064056292,417.246192203358,420.70086669921875,100612100
2023-06-15 00:00:00-04:00,419.88297886631347,427.1676425913594,419.78677175671936,425.9166564941406,110303100
2023-06-16 00:00:00-04:00,427.9043831698667,428.4742491472454,423.99257880127806,424.4658508300781,114165800
2023-06-20 00:00:00-04:00,422.52441742791524,423.4130109410261,420.1869737539229,422.26361083984375,76160400
2023-06-21 00:00:00-04:00,421.2784425280354,422.0801103736596,419.51086470582334,420.1000671386719,76982300
2023-06-22 00:00:00-04:00,419.14386433493524,421.7227488220665,418.80580025695025,421.61651611328125,70637200
2023-06-23 00:00:00-04:00,418.158692787078,420.2160232388723,417.71439595201736,418.42913818359375,92074500
2023-06-26 00:00:00-04:00,417.8592143297431,419.78130707914215,416.47801229853,416.719482421875,72823600
2023-06-27 00:00:00-04:00,417.59844581995696,421.9062646558956,417.1444807996532,421.2881164550781,72813700
2023-06-28 00:00:00-04:00,420.2063045276252,422.5147730975973,419.58815632826764,421.5006103515625,75636000
2023-06-29 00:00:00-04:00,421.08519781673584,423.32604734926826,420.6795445681143,423.1618347167969,67882300
2023-06-30 00:00:00-04:00,426.3782705598957,429.1406745135059,426.05951350289007,428.1554870605469,104964000
2023-07-03 00:00:00-04:00,427.8077905144009,428.9281859198321,427.52767692487674,428.6481018066406,32793400
2023-07-05 00:00:00-04:00,426.8322751907773,428.7447292814146,426.8226069528998,428.0106506347656,58418400
2023-07-06 00:00:00-04:00,424.42725571135543,425.0840474287703,422.1477622241082,424.6590576171875,80658300
2023-07-07 00:00:00-04:00,423.6641399688983,427.5373299461191,423.34538291856603,423.58685302734375,86134200
2023-07-10 00:00:00-04:00,423.2295437531058,424.83290904656155,422.659677750378,424.6590576171875,62443500
2023-07-11 00:00:00-04:00,425.4220950342892,427.8561033801802,424.4465462578362,427.3634948730469,64463800
2023-07-12 00:00:00-04:00,431.15943303446664,432.2122392972248,429.729919208418,430.8020324707031,91924500
2023-07-13 00:00:00-04:00,432.61791761555475,435.0133121303779,432.1832890285731,434.2212829589844,72425200
2023-07-14 00:00:00-04:00,435.109843497716,435.9597935487755,433.1877213239847,433.9507751464844,69815800
2023-07-17 00:00:00-04:00,433.80590268905246,436.51035622999115,433.75759097947645,435.4575500488281,52680200
2023-07-18 00:00:00-04:00,435.1291664096603,439.3403912522435,434.69450839296843,438.6932678222656,80668200
2023-07-19 00:00:00-04:00,439.48533409064345,440.8568680135883,438.61601798371265,439.6688537597656,65891700
2023-07-20 00:00:00-04:00,438.6739839174844,439.5722457578469,436.0371193951603,436.7518615722656,70591600
2023-07-21 00:00:00-04:00,438.47112777830426,438.6739839174844,436.74222281063936,436.7518615722656,71275600
2023-07-24 00:00:00-04:00,437.90121409817567,439.51424741630717,436.86771494424903,438.7029113769531,54023400
2023-07-25 00:00:00-04:00,438.43256779019913,441.15632888437943,438.3842560707753,439.90069580078125,55191200
2023-07-26 00:00:00-04:00,438.9637681345287,441.3977766942308,437.91096179208995,439.9682922363281,71052900
2023-07-27 00:00:00-04:00,443.3584372254405,443.764119987392,436.1433090250335,437.0512390136719,92194400
2023-07-28 00:00:00-04:00,440.3256456163928,442.1608128318353,437.0512962860115,441.3301696777344,80011800
2023-07-31 00:00:00-04:00,441.80343186125066,442.52784228350436,440.48981896786944,442.17047119140625,62040400
2023-08-01 00:00:00-04:00,440.7023562416477,441.64892989588066,439.9489705091238,440.90521240234375,55291500
2023-08-02 00:00:00-04:00,437.7853626915781,438.0461398306252,434.0184344125547,434.7718200683594,93933400
2023-08-03 00:00:00-04:00,432.75315569310766,435.4093273640729,432.1060027164115,433.5258483886719,64276100
2023-08-04 00:00:00-04:00,435.34169055011716,437.44730311288595,431.0435102343316,431.5650939941406,100128900
2023-08-07 00:00:00-04:00,433.4002700753938,435.48657568112884,432.7048348734821,435.33203125,58357500
2023-08-08 00:00:00-04:00,432.7917508600607,435.32238270202885,430.07762882885913,433.43890380859375,71361300
2023-08-09 00:00:00-04:00,433.7093775665813,433.87359024306414,429.7782363330844,430.5412902832031,78789600
2023-08-10 00:00:00-04:00,432.89797658868093,436.2882265207825,429.52706313111736,430.6957702636719,93005500
2023-08-11 00:00:00-04:00,428.8219081343014,431.45877215026195,428.22306702239,430.444580078125,68690900
2023-08-14 00:00:00-04:00,429.52711285274876,432.82073974609375,429.21802398769285,432.82073974609375,47867400
2023-08-15 00:00:00-04:00,431.0434905199487,431.40089107368914,427.2089436634091,427.7788391113281,75707500
2023-08-16 00:00:00-04:00,427.36350074460506,429.0248164729432,424.53347780183003,424.6397399902344,80107200
2023-08-17 00:00:00-04:00,426.10788651233355,426.3686636613096,420.8824689600864,421.404052734375,95711300
2023-08-18 00:00:00-04:00,418.58363133261804,422.6403412596287,418.2359284981317,421.6068420410156,98852000
2023-08-21 00:00:00-04:00,422.6211018600403,425.09375417213187,420.4672066957799,424.35003662109375,68719000
2023-08-22 00:00:00-04:00,426.12717844156236,426.12717844156236,422.64036376815267,423.2005615234375,64994200
2023-08-23 00:00:00-04:00,424.2630351692306,428.5322402058597,424.1181589807745,427.9140625,68441000
2023-08-24 00:00:00-04:00,429.51746935310535,430.02938491944155,421.9546073437118,421.9836120605469,88517300
2023-08-25 00:00:00-04:00,423.712501844876,426.2431043443279,420.15806824986475,424.95849609375,102325100
2023-08-28 00:00:00-04:00,427.15101303461915,428.27143803085545,424.95847475635645,427.6532897949219,61595400
2023-08-29 00:00:00-04:00,427.5470082557006,434.1150135078099,427.3634885979469,433.83489990234375,83081900
2023-08-30 00:00:00-04:00,434.1729139992429,436.25921922905536,433.4678106860802,435.6217346191406,69053900
2023-08-31 00:00:00-04:00,436.2399775018421,437.3797095627112,434.8008248059368,434.9843444824219,66084600
2023-09-01 00:00:00-04:00,437.7080777747482,438.1910180232257,434.3371347964679,435.7956237792969,58944100
2023-09-05 00:00:00-04:00,435.35132185994263,435.670049450585,433.8445506606034,433.9121398925781,55166200
2023-09-06 00:00:00-04:00,433.1008212089274,433.20708339429626,428.6674331394679,430.9952087402344,70758500
2023-09-07 00:00:00-04:00,427.99131435968866,430.34806524877047,427.6436115119561,429.6719665527344,70355400
2023-09-08 00:00:00-04:00,429.72025057240546,431.85483833340237,429.3628794853081,430.319091796875,61659700
2023-09-11 00:00:00-04:00,432.9462527649071,433.45816823533755,431.2366549432054,433.14910888671875,60180100
2023-09-12 00:00:00-04:00,431.7003378706483,433.2264162204621,430.1935665209915,430.7730712890625,67565400
2023-09-13 00:00:00-04:00,430.9952464774697,432.4343991522864,429.89412843469466,431.2753601074219,60199300
2023-09-14 00:00:00-04:00,433.747962382289,435.6893621396805,432.4440178145085,434.9939270019531,83430800
2023-09-15 00:00:00-04:00,433.4073158311929,433.7368700991406,429.3169205591273,429.7530822753906,111848900
2023-09-18 00:00:00-04:00,429.4428320631367,431.3038771522312,428.96789063501143,430.0050354003906,55752200
2023-09-19 00:00:00-04:00,429.08420380682946,429.6754845917088,426.42836539622306,429.11328125,66514600
2023-09-20 00:00:00-04:00,430.3733429544115,430.7901294710478,424.96470225740006,425.16827392578125,82562600
2023-09-21 00:00:00-04:00,422.31858757052555,422.5802845540439,417.98587113932,418.1409606933594,104095800
2023-09-22 00:00:00-04:00,419.16842775985725,420.7677463582612,416.78395900410345,417.2007751464844,100829700
2023-09-25 00:00:00-04:00,415.98915213200996,418.9939198820318,415.5529609010411,418.9551696777344,70874500
2023-09-26 00:00:00-04:00,415.9116370288523,416.6192276670961,411.9666291671396,412.80023193359375,96168400
2023-09-27 00:00:00-04:00,413.97300260416256,414.5352059296986,409.32043434886083,412.9649353027344,104705800
2023-09-28 00:00:00-04:00,412.4124571151363,417.035947852058,411.8211763569914,415.35906982421875,92258300
2023-09-29 00:00:00-04:00,418.4123916323294,418.5868563011905,412.82928558629357,414.35107421875,115111300
2023-10-02 00:00:00-04:00,413.51743802249865,415.436637965525,411.4237734247356,414.1862487792969,83798600
2023-10-03 00:00:00-04:00,412.00533549021924,414.2443872113326,407.27520783651096,408.64190673828125,103760600
2023-10-04 00:00:00-04:00,409.107224446792,412.3640165843667,407.64359070503724,411.61767578125,87453000
2023-10-05 00:00:00-04:00,411.32680997189277,412.3057997665852,408.2348102060782,411.4625244140625,70142700
2023-10-06 00:00:00-04:00,409.01029452111743,417.8889725902115,407.6823752264937,416.3478088378906,113273300
2023-10-09 00:00:00-04:00,414.44791001251434,419.5851511856649,413.89543865350254,419.0132751464844,80374400
2023-10-10 00:00:00-04:00,419.6433174894524,423.79186665669647,419.2459060791411,421.1941833496094,78607300
2023-10-11 00:00:00-04:00,422.26038628190105,423.1714892437585,419.8759179284279,422.91949462890625,62451700
2023-10-12 00:00:00-04:00,423.5301811699864,423.9081879098467,417.9858555363506,420.3412170410156,81154200
2023-10-13 00:00:00-04:00,421.8436069564154,423.0455435777595,416.67731756779995,418.24755859375,95143100
2023-10-16 00:00:00-04:00,420.49634324027045,423.7143850912576,420.25402134631616,422.6481628417969,75433200
2023-10-17 00:00:00-04:00,419.51737915223515,424.6836988143986,419.16844980200625,422.6287841796875,75324700
2023-10-18 00:00:00-04:00,420.85496751569167,421.81455273319096,415.91159504982164,416.9971923828125,93559800
2023-10-19 00:00:00-04:00,417.71448112410957,419.52704410810907,412.6547989345063,413.3332824707031,121323000
2023-10-20 00:00:00-04:00,412.8971069121286,413.4399055549237,408.14757441721036,408.25421142578125,123919900
2023-10-23 00:00:00-04:00,406.72273053416484,411.4141082592817,404.9683224528733,407.546630859375,92035100
2023-10-24 00:00:00-04:00,409.6693198625217,411.7726865675268,407.81797735100866,410.6192321777344,78564200
2023-10-25 00:00:00-04:00,408.93271643497314,408.9617938766799,404.21226147565824,404.7259826660156,94223200
2023-10-26 00:00:00-04:00,403.6598536533469,404.5128019378402,398.9588026350324,399.8796081542969,115156800
2023-10-27 00:00:00-04:00,401.46913314080297,401.866544507184,396.6420714494825,398.0669250488281,107367700
2023-10-30 00:00:00-04:00,400.8585195147872,403.882691656562,399.55967786827136,402.826171875,86562700
2023-10-31 00:00:00-04:00,403.39809925222016,405.67593098866274,401.48860153022065,405.3560791015625,79665200
2023-11-01 00:00:00-04:00,406.32535052662286,410.4932751362608,405.7922246289102,409.6790771484375,98068100
2023-11-02 00:00:00-04:00,413.4786596174057,417.68539350879695,413.4592845158063,417.5303039550781,94938900
2023-11-03 00:00:00-04:00,419.8372157670484,422.8904655764815,419.71120365505175,421.339599609375,100167800
2023-11-06 00:00:00-05:00,422.0956239774314,422.75473237061436,420.3605910898025,422.3088684082031,67831700
2023-11-07 00:00:00-05:00,422.3088656922616,424.1505059932791,421.1651135619809,423.5107727050781,64256100
2023-11-08 00:00:00-05:00,424.11172778289733,424.635151307966,421.51404441898217,423.8209533691406,61746000
2023-11-09 00:00:00-05:00,424.9647429571584,425.0035227425126,420.08922765476564,420.5157165527344,83174400
2023-11-10 00:00:00-05:00,422.58998243152627,427.38793789386506,420.5059906051338,427.0777587890625,89462200
2023-11-13 00:00:00-05:00,425.74020750909324,427.7756878254619,424.95508691156584,426.67071533203125,52236100
2023-11-14 00:00:00-05:00,432.61240832792026,436.23753414765645,432.3894615518305,434.9483947753906,97176900
2023-11-15 00:00:00-05:00,436.28598819138983,437.51700226405256,435.01622391603615,435.86920166015625,77327600
2023-11-16 00:00:00-05:00,435.42338430911985,436.7222261657172,434.3571620148054,436.4023742675781,66665800
2023-11-17 00:00:00-05:00,436.41200351038174,437.55578526494025,435.4911981146269,436.94512939453125,83133200
2023-11-20 00:00:00-05:00,436.69311009341754,441.1518386514175,436.6834077524104,440.3085632324219,69936200
2023-11-21 00:00:00-05:00,439.2617056622207,440.1825406267048,438.0791737195552,439.34893798828125,49244600
2023-11-22 00:00:00-05:00,441.00647684513626,442.3634735504526,439.9499569252717,441.04522705078125,59394900
2023-11-24 00:00:00-05:00,441.0937026627971,441.51048921964684,440.7641484378246,441.3166198730469,29737400
2023-11-27 00:00:00-05:00,440.6865213302844,441.50071921666876,440.1340203994256,440.5217590332031,50506000
2023-11-28 00:00:00-05:00,440.13404650216097,442.2567884526749,439.5718727783306,440.95794677734375,62115000
2023-11-29 00:00:00-05:00,443.10979527762873,444.2438747206066,440.2504147680835,440.6477966308594,63146000
2023-11-30 00:00:00-05:00,441.491084558086,442.7317713844543,439.4167950935211,442.3828125,79752700
2023-12-01 00:00:00-05:00,441.77219472169025,445.53303530779465,441.18094348970146,444.99993896484375,89183400
2023-12-04 00:00:00-05:00,441.60739008872554,445.019271433423,440.3860783753154,442.6639099121094,72430900
2023-12-05 00:00:00-05:00,441.2778185094744,443.5362452759612,440.89978220152403,442.57666015625,69793500
2023-12-06 00:00:00-05:00,444.7187848215884,444.74786226267736,440.35699117640615,440.7931823730469,69124700
2023-12-07 00:00:00-05:00,442.87718005735604,444.80605282503006,442.27622650644105,444.1566467285156,66995400
2023-12-08 00:00:00-05:00,443.4102636541943,446.5992278993257,443.16794177253433,446.0661315917969,83194400
2023-12-11 00:00:00-05:00,445.57182828523526,447.97567223110514,445.3585838256798,447.8011779785156,65002200
2023-12-12 00:00:00-05:00,447.45220263628306,449.94327866221204,446.4538376737931,449.8463439941406,68327600
2023-12-13 00:00:00-05:00,450.2243768877482,456.3018289230582,449.8657452173365,456.0498046875,93278000
2023-12-14 00:00:00-05:00,457.98843026855417,459.1806647676896,454.838245298453,457.51348876953125,119026000
2023-12-15 00:00:00-05:00,456.91591124762226,458.0935259013231,454.9110854127139,456.76019287109375,141553700
2023-12-18 00:00:00-05:00,458.3659919459903,460.3124269591709,457.30518842783584,459.3294677734375,70375300
2023-12-19 00:00:00-05:00,459.8743983485583,462.2004020971749,459.7965540277921,462.1225280761719,55761800
2023-12-20 00:00:00-05:00,461.2661635495232,463.1542078983234,455.29062347154826,455.7188415527344,102921000
2023-12-21 00:00:00-05:00,458.7065840896728,460.3124166999498,456.2832820563495,460.0399169921875,86667500
2023-12-22 00:00:00-05:00,461.1687533111456,462.64806267235934,459.0666299982645,460.9643859863281,67160400
2023-12-26 00:00:00-05:00,461.37315728833744,463.8159126462135,461.29528326802847,462.91082763671875,55387000
2023-12-27 00:00:00-05:00,462.7064835048319,463.8938099220547,462.1712258143802,463.7478332519531,68000300
2023-12-28 00:00:00-05:00,464.1079178321579,464.75995685713684,463.5045277970175,463.9230041503906,77158100
2023-12-29 00:00:00-05:00,463.7283148554509,464.2538605283432,460.6237492048473,462.5799255371094,122283100
